"experiment","n","mean","sd","se","lower","upper","covered"
1,6,-16.7894444444444,10.5475965491179,4.30603825967991,-27.8584681783326,-5.72042071055627,TRUE
2,6,-17.8211111111111,9.02472619878094,3.68432904255675,-27.2919804244148,-8.35024179780739,TRUE
3,6,-18.1161111111111,9.91873836436574,4.04930798081065,-28.5251886534801,-7.70703356874211,TRUE
4,6,-14.1638888888889,5.37164465469341,2.19296474725793,-19.8010842343809,-8.52669354339686,TRUE
5,6,-17.5711111111111,9.19982600479588,3.75581323902291,-27.2257364013858,-7.91648582083644,TRUE
6,6,-7.08888888888889,5.32299776302651,2.17310473689854,-12.6750324524955,-1.50274532528228,FALSE
7,6,-12.2627777777778,12.0548594934743,4.92137577999295,-24.9135769641682,0.388021408612587,TRUE
8,6,-16.335,17.0733180723607,6.97015291558705,-34.2523484764156,1.58234847641556,TRUE
9,6,-13.4094444444444,5.6538566647188,2.30817731789917,-19.3428031312638,-7.4760857576251,TRUE
10,6,-8.33111111111111,11.3660859415029,4.6401851548839,-20.259086784245,3.59686456202273,TRUE
11,6,-11.3983333333333,17.397944801997,7.10268122299991,-29.656356669492,6.85969000282536,TRUE
12,6,-11.6944444444444,15.4940263279708,6.32540976079616,-27.9544278785037,4.56553898961481,TRUE
13,6,-12.7016666666667,6.23180828046279,2.54412507699748,-19.2415483771832,-6.1617849561501,TRUE
14,6,-14.0288888888889,11.8396487685642,4.8335163694589,-26.4538382704707,-1.60393950730705,TRUE
15,6,-18.2361111111111,6.73187555726623,2.7482766878694,-25.3007812442509,-11.1714409779713,TRUE
16,6,-6.9211111111111,8.95691357224914,3.65664465370329,-16.3208154372974,2.4785932150752,TRUE
17,6,-9.48666666666667,3.08210389903463,1.25826364781289,-12.721136344176,-6.25219698915736,FALSE
18,6,-12.0333333333333,7.58039107756908,3.0946816984651,-19.9884658944838,-4.07820077218281,TRUE
19,6,-14.5933333333333,12.0861058888112,4.93413206747238,-27.2769236006085,-1.90974306605818,TRUE
20,6,-17.0227777777778,11.0515031489771,4.51175726762592,-28.6206190567371,-5.42493649881847,TRUE
21,6,-14.1416666666667,6.24441252463174,2.54927073813204,-20.6947757202281,-7.58855761310526,TRUE
22,6,-12.6355555555556,11.3270067962795,4.62423116065368,-24.5225201809153,-0.748590930195773,TRUE
23,6,-13.8927777777778,11.3957439261169,4.65229297640116,-25.851877596973,-1.93367795858254,TRUE
24,6,-16.9255555555555,8.52734494739434,3.4812739969694,-25.8744552570381,-7.97665585407298,TRUE
25,6,-19.6122222222222,10.6860439965544,4.36255919341496,-30.8265376417029,-8.39790680274152,TRUE
26,6,-18.4172222222222,13.8199317278691,5.64196350222986,-32.9203511183773,-3.91409332606711,TRUE
27,6,-17.5744444444444,10.8891131496181,4.44546182799915,-29.0018678705137,-6.14702101837522,TRUE
28,6,-14.7155555555556,7.32994335787321,2.99243684504869,-22.4078593537266,-7.02325175738457,TRUE
29,6,-13.6605555555556,5.52594825112163,2.25595892671218,-19.4596825945035,-7.86142851660763,TRUE
30,6,-13.7855555555556,10.7136767558868,4.37384022017322,-25.0288697775084,-2.54224133360274,TRUE
31,6,-13.3477777777778,12.5763171904208,5.13425999332059,-26.5458132560419,-0.149742299513644,TRUE
32,6,-15.1983333333333,10.9562464679591,4.47286889044505,-26.6962088562941,-3.70045781037254,TRUE
33,6,-14.8655555555556,14.6273277982863,5.97158156770491,-30.2159946635184,0.484883552407322,TRUE
34,6,-7.5238888888889,9.12660443530443,3.72592065845294,-17.1016728545301,2.05389507675234,TRUE
35,6,-20.1672222222222,5.0006672517738,2.04151385671528,-25.4151006594943,-14.9193437849501,FALSE
36,6,-16.1094444444444,8.65489775706133,3.53334721345981,-25.1922026103604,-7.02668627852847,TRUE
37,6,-11.2316666666667,8.49236120810278,3.46699194520959,-20.1438531853198,-2.31948014801349,TRUE
38,6,-12.2544444444444,11.1706885626161,4.56041450899226,-23.9773631442323,-0.531525744656639,TRUE
39,6,-13.3872222222222,7.46963524817248,3.04946582045503,-21.2261236686777,-5.54832077576673,TRUE
40,6,-15.8127777777778,10.5778003209377,4.31836889789092,-26.913498426273,-4.71205712928257,TRUE
41,6,-10.0644444444444,14.3181678943869,5.84536756545802,-25.0904401308285,4.96155124193961,TRUE
42,6,-17.7122222222222,8.48989560639043,3.46598536752555,-26.6218212505647,-8.80262319387978,TRUE
43,6,-12.4827777777778,8.98048190161226,3.66626638387487,-21.9072155487705,-3.05834000678501,TRUE
44,6,-10.5105555555556,9.19362905414316,3.75328334451285,-20.1586775449566,-0.862433566154522,TRUE
45,6,-11.1694444444444,9.8413322080717,4.01770704983223,-21.4972892076511,-0.841599681237756,TRUE
46,6,-15.7066666666667,16.1606076618424,6.59754045080437,-32.6661843093802,1.25285097604688,TRUE
47,6,-13.5705555555556,8.97012979385017,3.6620401535783,-22.9841294557147,-4.15698165539637,TRUE
48,6,-10.9222222222222,9.19897739888435,3.75546679711025,-20.5759569552091,-1.26848748923532,TRUE
49,6,-13.6372222222222,8.31906656533764,3.39624470355417,-22.3675471665546,-4.90689727788984,TRUE
50,6,-18.6805555555556,8.69984506034872,3.55169687318785,-27.8104830234585,-9.55062808765257,TRUE
51,6,-11.98,6.61424086515015,2.70025252591377,-18.921220094745,-5.03877990525498,TRUE
52,6,-16.2872222222222,13.9288286843696,5.68642049855793,-30.9046314656052,-1.66981297883923,TRUE
53,6,-15.0455555555556,10.4264242654403,4.25656988201695,-25.987416776385,-4.10369433472618,TRUE
54,6,-24.5655555555556,13.937884849362,5.6901176624342,-39.1924686612423,-9.93864244986884,TRUE
55,6,-13.0716666666667,10.6834987506694,4.36152010113361,-24.2833110144034,-1.86002231892994,TRUE
56,6,-10.2611111111111,7.91986157754082,3.23326994974148,-18.5724961136253,-1.94972610859694,TRUE
57,6,-11.8316666666667,6.31652743909887,2.5787115286802,-18.4604556816379,-5.2028776516954,TRUE
58,6,-20.9961111111111,15.6830585759378,6.40258185287124,-37.4544717232766,-4.53775049894562,TRUE
59,6,-12.2094444444444,8.30582992486246,3.3908408677087,-20.9258783865097,-3.49301050237919,TRUE
60,6,-9.36555555555555,7.71311802253989,3.14886724684792,-17.459976503133,-1.27113460797815,TRUE
61,6,-14.4766666666667,8.32481431224344,3.39859121140249,-23.2130235014511,-5.74030983188222,TRUE
62,6,-14.02,7.89188978917245,3.22185051495887,-22.3020304108888,-5.73796958911123,TRUE
63,6,-9.88111111111112,7.00321820202578,2.85905185872243,-17.2305378862852,-2.53168433593699,TRUE
64,6,-11.7222222222222,9.94646283675574,4.06062644926787,-22.1603948140146,-1.28404963042984,TRUE
65,6,-16.8333333333333,8.7035065730237,3.55319167947792,-25.9671033231334,-7.6995633435333,TRUE
66,6,-9.19,13.1466232250804,5.36708645701158,-22.9865349566836,4.60653495668362,TRUE
67,6,-20.9877777777778,8.1698466371208,3.33532592295651,-29.5615060112567,-12.4140495442989,TRUE
68,6,-15.9227777777778,6.12668386528839,2.50120821421652,-22.3523381803871,-9.49321737516846,TRUE
69,6,-14.0888888888889,7.60033176663775,3.10282245068805,-22.0649479198322,-6.11282985794563,TRUE
70,6,-14.4805555555556,14.5285254152216,5.93124566372501,-29.7273079214237,0.766196810312616,TRUE
71,6,-20.8711111111111,11.1855121904615,4.56646622971861,-32.6095862542724,-9.1326359679498,TRUE
72,6,-14.4911111111111,14.021588856976,5.72428968044761,-29.2058661855901,0.223643963367909,TRUE
73,6,-9.27222222222222,5.15959717060962,2.10639672438356,-14.6868873805664,-3.857557063878,TRUE
74,6,-17.1355555555556,9.24201340898464,3.77303617466208,-26.8344538113406,-7.4366572997705,TRUE
75,6,-4.16388888888889,6.1847987182434,2.52493350358596,-10.6544370893965,2.32665931161873,FALSE
76,6,-6.43111111111111,9.07698081636955,3.70566190085615,-15.9568182824615,3.09459606023924,TRUE
77,6,-19.6588888888889,5.99307180247573,2.4466613179879,-25.9482320308626,-13.3695457469152,TRUE
78,6,-14.4961111111111,10.5761207794134,4.31768322793488,-25.5950691888721,-3.39715303335016,TRUE
79,6,-8.93555555555556,5.85971128096737,2.39221711306674,-15.0849454133033,-2.78616569780784,TRUE
80,6,-4.37722222222222,10.8404871593417,4.4256103505967,-15.7536158010702,6.99917135662572,TRUE
81,6,-20.7205555555556,9.16372059728936,3.74107326813187,-30.3372905443999,-11.1038205667112,TRUE
82,6,-18.6683333333333,7.89576306916846,3.22343177489573,-26.9544285022932,-10.3822381643735,TRUE
83,6,-14.5122222222222,8.16492380495622,3.33331618514108,-23.0807842601784,-5.94366018426603,TRUE
84,6,-16.0372222222222,12.6507325069722,5.16463991908702,-29.3133517858295,-2.76109265861494,TRUE
85,6,-16.7644444444444,6.23458335653872,2.54525799706139,-23.3072384186985,-10.2216504701904,TRUE
86,6,-9.99111111111112,5.31270120316154,2.16890118393601,-15.5664490978271,-4.41577312439512,TRUE
87,6,-14.0033333333333,9.0657256864645,3.70106701331346,-23.5172289702297,-4.48943769643701,TRUE
88,6,-16.8294444444444,8.09980779378723,3.30673268489951,-25.329671419552,-8.32921746933686,TRUE
89,6,-18.07,9.64052257689154,3.93572686119425,-28.1871079794119,-7.95289202058815,TRUE
90,6,-15.4522222222222,12.6134879600576,5.14943489648004,-28.6892660309056,-2.21517841353887,TRUE
91,6,-19.7383333333333,10.6668330716187,4.35471636615172,-30.9324881235111,-8.54417854315554,TRUE
92,6,-8.55055555555555,8.6089835292796,3.51460280845995,-17.5851296944591,0.484018583347964,TRUE
93,6,-9.53277777777778,10.0522182000164,4.10380089552642,-20.081933816886,1.01637826133047,TRUE
94,6,-9.40166666666667,11.8563750784125,4.84034485686024,-21.8441692339272,3.0408359005939,TRUE
95,6,-7.72666666666667,8.54629354359733,3.48900972897596,-16.6954517003306,1.24211836699731,TRUE
96,6,-22.3377777777778,7.71514114990536,3.14969318513626,-30.4343218673166,-14.241233688239,FALSE
97,6,-18.8005555555556,8.19704212686685,3.34642843515366,-27.4028237052184,-10.1982874058927,TRUE
98,6,-14.28,9.82016519435617,4.00906565266864,-24.5856313446234,-3.97436865537656,TRUE
99,6,-14.0211111111111,10.627849508964,4.33880139334174,-25.1743551612689,-2.8678670609533,TRUE
100,6,-14.0172222222222,10.2820241017822,4.19761876206082,-24.8075447649019,-3.2268996795425,TRUE
101,6,-15.8588888888889,14.7511653274756,6.02213802729173,-31.3392875135397,-0.378490264238073,TRUE
102,6,-8.73555555555556,7.8485740153275,3.20416692433655,-16.9721288496018,-0.498982261509351,TRUE
103,6,-15.6955555555556,6.34833124762954,2.59169537914308,-22.3577206206833,-9.03339049042778,TRUE
104,6,-18.8372222222222,15.4578501332087,6.31064089112905,-35.0592410681823,-2.61520337626212,TRUE
105,6,-14.7338888888889,9.44552084715682,3.85611773839255,-24.6463551032758,-4.82142267450201,TRUE
106,6,-16.3294444444444,10.8836504122604,4.44323167481163,-27.7511350792391,-4.90775380964974,TRUE
107,6,-7.94944444444444,11.9979035977433,4.89812363292892,-20.5404720839525,4.64158319506359,TRUE
108,6,-22.9205555555556,14.7070650318768,6.00413415700454,-38.354673758275,-7.48643735283613,TRUE
109,6,-20.505,6.99543017500234,2.85587241000403,-27.8462537420513,-13.1637462579488,TRUE
110,6,-25.8255555555556,6.71517342099771,2.74145806929069,-32.8726978716328,-18.7784132394783,FALSE
111,6,-18.1333333333333,9.56215503371959,3.90373344566645,-28.1681996199294,-8.0984670467372,TRUE
112,6,-10.7038888888889,8.62851948589783,3.52257832935192,-19.758964756927,-1.64881302085073,TRUE
113,6,-19.0244444444444,13.2997568343129,5.42960299119331,-32.9816832683226,-5.06720562056633,TRUE
114,6,-16.5905555555556,13.8280835687808,5.64529147734619,-31.1022392840942,-2.07887182701696,TRUE
115,6,-11.3194444444444,9.03167842569614,3.6871672773098,-20.7976096724496,-1.84127921643926,TRUE
116,6,-14.5161111111111,8.49608338959565,3.46851151944085,-23.4322038196811,-5.60001840254116,TRUE
117,6,-15.5955555555556,13.4020002929358,5.47134370838724,-29.6600923088588,-1.53101880225228,TRUE
118,6,-6.7088888888889,8.1112998455972,3.31142429540485,-15.2211760327414,1.8033982549636,TRUE
119,6,-15.195,8.44876631362368,3.44919440406554,-24.0614364826693,-6.3285635173307,TRUE
120,6,-14.4405555555556,14.8455795765259,6.06068248306194,-30.0200358580738,1.13892474696265,TRUE
121,6,-8.50444444444444,17.0195079791354,6.94818503701809,-26.3653226912432,9.35643380235427,TRUE
122,6,-10.2627777777778,10.225309865811,4.17446527218062,-20.9935823799399,0.468026824384316,TRUE
123,6,-7.91944444444444,7.16348841670707,2.92448189987835,-15.4370644949189,-0.401824393969984,TRUE
124,6,-15.5311111111111,10.8569704525437,4.43233962686765,-26.9248028453081,-4.1374193769141,TRUE
125,6,-13.2,14.0557007809801,5.73821581510671,-27.9505533432743,1.55055334327433,TRUE
126,6,-11.6161111111111,7.8080145197573,3.18760857960794,-19.8101198249697,-3.42210239725248,TRUE
127,6,-11.3227777777778,9.40211522694446,3.83839746814433,-21.189692587342,-1.45586296821355,TRUE
128,6,-10.9933333333333,11.0372250940976,4.5059282761302,-22.5761907126337,0.589524045966989,TRUE
129,6,-6.14333333333333,7.50714000875907,3.06477707484876,-14.0215936122142,1.73492694554749,TRUE
130,6,-20.2838888888889,15.0692791859858,6.15200746620138,-36.0981275342052,-4.46965024357264,TRUE
131,6,-19.1211111111111,11.0862604990074,4.52594689635683,-30.7554279919405,-7.48679423028169,TRUE
132,6,-17.0777777777778,10.3228894892567,4.21430198663644,-27.9109859145114,-6.2445696410441,TRUE
133,6,-15.6455555555556,4.63086776925192,1.8905438501613,-20.5053532362541,-10.785757874857,TRUE
134,6,-14.6522222222222,13.1555947822238,5.37074907987819,-28.4581722507175,-0.846272193726911,TRUE
135,6,-17.5138888888889,10.8261238403875,4.41974655018829,-28.8752090889192,-6.15256868885862,TRUE
136,6,-18.6711111111111,21.1196729421927,8.62207037380606,-40.834848599595,3.49262637737277,TRUE
137,6,-12.58,8.33451191665647,3.4025502418257,-21.3265338464771,-3.83346615352292,TRUE
138,6,-14.3972222222222,10.8366797737369,4.42405599193242,-25.7696201949217,-3.02482424952276,TRUE
139,6,-10.5138888888889,7.51317225993171,3.06723973107764,-18.3984796271391,-2.6292981506387,TRUE
140,6,-14.7027777777778,12.9889398107547,5.30271247267861,-28.3338341396475,-1.07172141590803,TRUE
141,6,-10.7655555555556,11.1462415522337,4.55043405879667,-22.4628186913591,0.931707580248002,TRUE
142,6,-18.3155555555556,7.98316886863764,3.25911504310565,-26.693377485612,-9.93773362549911,TRUE
143,6,-19.7816666666667,11.1878940029937,4.56743860061308,-31.5226413687868,-8.04069196454654,TRUE
144,6,-23.19,13.1535190052785,5.36990164748887,-36.9937716341884,-9.38622836581158,TRUE
145,6,-21.9994444444444,8.5104694782803,3.47438461555282,-30.9306344271988,-13.0682544616901,TRUE
146,6,-14.5605555555555,16.7531073624058,6.83942744065974,-32.141863500668,3.02075238955693,TRUE
147,6,-13.8383333333333,12.5053954133584,5.10530629907819,-26.9619409711034,-0.71472569556329,TRUE
148,6,-10.1388888888889,5.95165436073279,2.42975271820096,-16.3847670913842,-3.89301068639356,TRUE
149,6,-14.4194444444444,9.65459992074398,3.94147391275628,-24.5513256902101,-4.28756319867877,TRUE
150,6,-15.3105555555555,5.97834589411065,2.44064949107233,-21.5844448044611,-9.03666630665001,TRUE
151,6,-10.8405555555556,13.6332184863405,5.56573814056884,-25.14774092161,3.46662981049895,TRUE
152,6,-17.5527777777778,7.03152881011004,2.87060961607482,-24.9319147140626,-10.1736408414929,TRUE
153,6,-15.0327777777778,10.2709868435677,4.19311282026334,-25.8115174283205,-4.25403812723508,TRUE
154,6,-13.5222222222222,9.07368543687775,3.70431656781219,-23.0444711048869,-3.99997333955755,TRUE
155,6,-8.90222222222222,9.85072037222923,4.02153975180013,-19.239919259489,1.43547481504457,TRUE
156,6,-17.2744444444444,11.2643874749222,4.59866692975956,-29.0956941222258,-5.4531947666631,TRUE
157,6,-15.8027777777778,10.181802812789,4.15670359216127,-26.4879245279118,-5.11763102764381,TRUE
158,6,-13.2783333333333,13.7156469851853,5.59938943430773,-27.6720221038187,1.11535543715201,TRUE
159,6,-14.1394444444445,9.34885172192384,3.81665273327555,-23.9504626335343,-4.32842625535464,TRUE
160,6,-10.3005555555556,13.7835343663964,5.62710434163122,-24.765487763383,4.16437665227189,TRUE
161,6,-19.5966666666667,6.82224629022176,2.78517038510646,-26.7561750677735,-12.4371582655598,TRUE
162,6,-12.2894444444444,7.35810616234206,3.00393426182776,-20.0113032933445,-4.56758559554443,TRUE
163,6,-13.0533333333333,6.72363129400905,2.74491098148853,-20.1093516427864,-5.99731502388028,TRUE
164,6,-13.2516666666667,7.81434258271289,3.19019200049151,-21.4523162753224,-5.05101705801093,TRUE
165,6,-17.1933333333333,4.64489062184341,1.8962686557592,-22.0678470953144,-12.3188195713522,TRUE
166,6,-13.4105555555556,12.8849478792835,5.26025794443346,-26.9324790782778,0.111367967166705,TRUE
167,6,-16.5022222222222,12.0146188114807,4.90494759036195,-29.1107914027548,-3.89365304168967,TRUE
168,6,-13.6588888888889,11.3259830413016,4.62381321443409,-25.5447791492883,-1.77299862848946,TRUE
169,6,-14.4683333333333,8.80104431934706,3.59301129767013,-23.7044629103602,-5.23220375630644,TRUE
170,6,-12.6894444444444,9.13398888563824,3.72893534767774,-22.274977915447,-3.10391097344187,TRUE
171,6,-12.0761111111111,5.13865413277604,2.09784676499088,-17.4687978991451,-6.68342432307714,TRUE
172,6,-18.2527777777778,11.8348384801759,4.83155257744775,-30.6726790712868,-5.83287648426877,TRUE
173,6,-19.6938888888889,13.7930065075936,5.63097132708201,-34.1687614992748,-5.21901627850295,TRUE
174,6,-12.5844444444444,11.4136107183323,4.65958706377918,-24.5622943121611,-0.606594576727748,TRUE
175,6,-12.8716666666667,8.9627839796944,3.65904123750714,-22.2775316076467,-3.46580172568659,TRUE
176,6,-11.1411111111111,14.0537799844687,5.73743165321459,-25.8896487020694,3.60742647984713,TRUE
177,6,-9.32444444444444,19.3678626901676,7.90689683319975,-29.649769820118,11.0008809312291,TRUE
178,6,-10.2211111111111,13.9103356723883,5.67887075803101,-24.8191131286319,4.37689090640963,TRUE
179,6,-16.0938888888889,10.5212735639469,4.29529194598395,-27.1352883439902,-5.0524894337876,TRUE
180,6,-13.2166666666667,6.96824256498326,2.84477311469194,-20.5293887618003,-5.90394457153303,TRUE
181,6,-11.8077777777778,16.7180460935238,6.82511373757714,-29.3522911777454,5.73673562218988,TRUE
182,6,-7.32555555555556,7.16940712461767,2.9268982022646,-14.8493869090535,0.198275797942412,TRUE
183,6,-19.7805555555556,9.78873965707915,3.99623623079838,-30.0532078213576,-9.5079032897535,TRUE
184,6,-17.4516666666667,14.2809577565528,5.83017659029931,-32.4386127082421,-2.46472062509121,TRUE
185,6,-17.9522222222222,4.0666369762122,1.66019759347576,-22.2198959995781,-13.6845484448663,TRUE
186,6,-22.1922222222222,10.6625876923145,4.35298319730841,-33.3819217600533,-11.0025226843911,TRUE
187,6,-17.5927777777778,8.88512800299634,3.62733831777585,-26.91714776916,-8.26840778639558,TRUE
188,6,-16.5066666666667,8.87551738710983,3.62341480026988,-25.8209509352162,-7.19238239811712,TRUE
189,6,-9.90388888888889,6.41784713528235,2.62007512143742,-16.6390064040585,-3.16877137371925,TRUE
190,6,-13.7833333333333,10.4436187853317,4.26358951536795,-24.7432390961476,-2.82342757051904,TRUE
191,6,-19.5611111111111,8.13679616629616,3.32183312474332,-28.1001550025913,-11.0220672196309,TRUE
192,6,-15.0244444444444,4.80847569594757,1.96305198260763,-20.0706302133455,-9.97825867554342,TRUE
193,6,-16.4483333333333,2.8155581645169,1.1494468073656,-19.4030804173775,-13.4935862492892,TRUE
194,6,-12.8983333333333,12.9487833405305,5.28631866235852,-26.4872480641774,0.69058139751073,TRUE
195,6,-14.925,11.4631856634862,4.6798259503881,-26.9548755820071,-2.89512441799289,TRUE
196,6,-9.68666666666667,15.2976834847633,6.24525313071189,-25.7406009234255,6.36726759009215,TRUE
197,6,-11.2194444444444,11.6269981635974,4.7467021235151,-23.4212307023287,0.982341813439778,TRUE
198,6,-6.41666666666667,12.9828834325131,5.30023996661507,-20.041367249361,7.20803391602765,TRUE
199,6,-13.8244444444445,10.1338931131935,4.13714453920474,-24.4593130483261,-3.18957584056277,TRUE
200,6,-9.01333333333333,6.8491024553911,2.79613436862527,-16.2010255513198,-1.82564111534681,TRUE
201,6,-16.3177777777778,8.79636583208383,3.59110131324296,-25.5489975835298,-7.08655797202571,TRUE
202,6,-14.3055555555556,7.44676474619585,3.04012897712102,-22.1204558821344,-6.49065522897666,TRUE
203,6,-15.1916666666667,4.56157319353752,1.86225445808748,-19.9787441499591,-10.4045891833743,TRUE
204,6,-12.2261111111111,10.0808508055106,4.11549010777094,-22.805315226888,-1.64690699533419,TRUE
205,6,-18.7094444444444,10.6720820454673,4.35685925075211,-29.9091076948518,-7.50978119403705,TRUE
206,6,-15.8938888888889,10.9817038582193,4.48326182649846,-27.4184803044875,-4.36929747329027,TRUE
207,6,-7.75722222222223,5.85104147107985,2.38867767800152,-13.8975136724828,-1.6169307719616,FALSE
208,6,-10.69,8.85542947073213,3.6152139427497,-19.9832032931715,-1.39679670682847,TRUE
209,6,-8.37055555555556,12.1687874711706,4.96788668212347,-21.1409148221217,4.39980371101058,TRUE
210,6,-7.96388888888889,11.8600281837152,4.84183623085496,-20.4102251550504,4.48244737727266,TRUE
211,6,-15.8183333333333,10.4330646930271,4.25928082522721,-26.7671632555364,-4.86950341113022,TRUE
212,6,-8.40666666666667,9.74894159497441,3.97998873998035,-18.6375534276972,1.82422009436388,TRUE
213,6,-14.68,9.31505877598204,3.80285682086507,-24.4555546672414,-4.90444533275859,TRUE
214,6,-10.4005555555556,8.19225038046911,3.34447221287845,-18.9977950757713,-1.80331603533983,TRUE
215,6,-18.15,7.8050411060203,3.18639468853297,-26.3408883075109,-9.95911169248912,TRUE
216,6,-13.4205555555556,5.32292334746265,2.17307435687181,-19.0066210248173,-7.83449008629383,TRUE
217,6,-12.5655555555555,9.90723566483197,4.04461202339026,-22.9625617550788,-2.1685493560323,TRUE
218,6,-11.8372222222222,6.11832381427268,2.49779523768117,-18.2580092893443,-5.41643515510013,TRUE
219,6,-18.7544444444444,10.9647594423968,4.47634429770599,-30.2612537861817,-7.24763510270723,TRUE
220,6,-20.9711111111111,10.3147218773657,4.21096757304477,-31.7957478648335,-10.1464743573887,TRUE
221,6,-9.54277777777777,9.78309912647921,3.99393349382365,-19.8095106697403,0.723955114184783,TRUE
222,6,-21.1238888888889,9.89200382276663,4.03839364990647,-31.5049102504875,-10.7428675272903,TRUE
223,6,-17.2272222222222,10.1376520219683,4.13867910728609,-27.8660355589394,-6.58840888550508,TRUE
224,6,-16.3194444444444,8.02773592453527,3.27730946748686,-24.7440366313251,-7.89485225756379,TRUE
225,6,-14.8844444444444,8.94283143495807,3.65089564522813,-24.2693704738716,-5.49951841501729,TRUE
226,6,-11.7261111111111,9.98868057501239,4.0778617687384,-22.2085885020658,-1.2436337201564,TRUE
227,6,-13.5405555555556,11.439869932568,4.67030734309985,-25.5459627785669,-1.5351483325442,TRUE
228,6,-14.9727777777778,10.737865175095,4.38371510096399,-26.2414761889204,-3.70407936663512,TRUE
229,6,-14.5788888888889,5.64668699983221,2.30525031446602,-20.5047234738501,-8.65305430392764,TRUE
230,6,-10.8388888888889,10.8680573070641,4.43686581627222,-22.2442155633539,0.566437785576161,TRUE
231,6,-18.0333333333333,12.9150850644594,5.27256139876092,-31.5868838922653,-4.47978277440132,TRUE
232,6,-15.7472222222222,11.4364121057197,4.66889569120029,-27.7490006785024,-3.7454437659421,TRUE
233,6,-21.155,6.152711687631,2.51183402819239,-27.6118749270045,-14.6981250729955,FALSE
234,6,-10.8894444444444,12.3632026445266,5.0472563442863,-23.8638299228669,2.08494103397806,TRUE
235,6,-17.0266666666667,9.30547341920633,3.7989436153479,-26.7921621188865,-7.26117121444681,TRUE
236,6,-8.74611111111112,8.46888170937623,3.45740647999353,-17.6336574069938,0.141435184771524,TRUE
237,6,-22.7844444444444,14.0530706279473,5.7371420596274,-37.5322376113877,-8.03665127750115,TRUE
238,6,-8.40666666666666,8.2583633030065,3.37146270048191,-17.0732874440508,0.259954110717478,TRUE
239,6,-18.7627777777778,13.8247127222178,5.64391533499945,-33.2709240197966,-4.25463153575895,TRUE
240,6,-9.60666666666666,8.36083302601415,3.41329578972408,-18.3808228233853,-0.832510509948031,TRUE
241,6,-13.455,11.6966511351659,4.77513783008368,-25.7298825686729,-1.18011743132709,TRUE
242,6,-12.7572222222222,6.72836662254721,2.74684417126901,-19.8182099542098,-5.6962344902346,TRUE
243,6,-17.0627777777778,11.2869859015036,4.60789269877856,-28.9077430498191,-5.21781250573642,TRUE
244,6,-16.5711111111111,13.3313769675848,5.44251185654583,-30.5615332297831,-2.58068899243912,TRUE
245,6,-17.59,6.65240841934542,2.71583436466518,-24.5712744864052,-10.6087255135948,TRUE
246,6,-9.07722222222222,7.74895245011054,3.16349659064339,-17.2092490952275,-0.945195349216911,TRUE
247,6,-14.87,13.0490312965284,5.32724471901717,-28.564118508695,-1.17588149130499,TRUE
248,6,-13.6022222222222,8.2715205284066,3.37683411525874,-22.2826506608634,-4.92179378358107,TRUE
249,6,-20.17,8.24813648987185,3.36728762150279,-28.8258883951981,-11.5141116048019,TRUE
250,6,-13.9905555555556,6.47071811802701,2.64165960975807,-20.7811577643338,-7.19995334677735,TRUE
251,6,-14.325,7.67494357561597,3.13328259415183,-22.3793593224421,-6.27064067755788,TRUE
252,6,-23.7105555555556,8.65196789860656,3.53215110375435,-32.7902390235892,-14.6308720875219,FALSE
253,6,-8.38277777777777,12.4517747805357,5.08341576739475,-21.45011401243,4.6845584568744,TRUE
254,6,-15.4061111111111,10.8434622221393,4.42682491489786,-26.7856268268898,-4.02659539533239,TRUE
255,6,-16.5127777777778,6.04669879325043,2.46855444529439,-22.8583989951308,-10.1671565604247,TRUE
256,6,-18.6866666666667,7.9723898549933,3.25471452921246,-27.0531767156418,-10.3201566176915,TRUE
257,6,-14.7427777777778,15.3463377341909,6.26511614486452,-30.8477715379183,1.36221598236276,TRUE
258,6,-12.4438888888889,14.6231748212162,5.96988612191573,-27.7899697147028,2.90219193692499,TRUE
259,6,-10.29,5.14035969342397,2.09854305720968,-15.6844766641639,-4.89552333583609,TRUE
260,6,-20.7683333333333,11.3898656220734,4.64989316882458,-32.7212642507632,-8.8154024159035,TRUE
261,6,-15.3688888888889,8.54968476785136,3.49039419048025,-24.3412327941479,-6.39654498362985,TRUE
262,6,-14.7511111111111,10.5527293292445,4.30813370839193,-25.8255213673959,-3.67670085482632,TRUE
263,6,-14.8016666666667,12.637095789777,5.15907275260455,-28.0634853732382,-1.53984796009517,TRUE
264,6,-17.1822222222222,9.70742365790605,3.9630391131486,-27.3695385803983,-6.99490586404618,TRUE
265,6,-10.8155555555556,8.77777791842475,3.58351282926835,-20.0272685422425,-1.60384256886864,TRUE
266,6,-20.4155555555556,11.0150062625022,4.49685747611527,-31.9750957011028,-8.85601541000828,TRUE
267,6,-19.8527777777778,11.2045249622476,4.57422816129726,-31.6112056012646,-8.09434995429095,TRUE
268,6,-17.1194444444444,13.9682257549318,5.70250428526422,-31.7781983777829,-2.46069051110598,TRUE
269,6,-14.9905555555555,13.9448261081014,5.69295141944822,-29.6247530655491,-0.356358045561969,TRUE
270,6,-13.885,7.09772412663227,2.89763374088174,-21.3336046606375,-6.4363953393625,TRUE
271,6,-15.3727777777778,9.11271746679494,3.72025132729922,-24.935988263735,-5.80956729182052,TRUE
272,6,-19.2311111111111,13.6878081463707,5.58802427595317,-33.5955848119711,-4.86663741025111,TRUE
273,6,-16.8616666666667,9.83892919873793,4.01672602537975,-27.1869896262355,-6.53634370709785,TRUE
274,6,-15.8038888888889,8.45721635755634,3.4526441200554,-24.6791931488198,-6.92858462895796,TRUE
275,6,-14.32,10.1680748751505,4.15109918508875,-24.9907401631138,-3.64925983688617,TRUE
276,6,-14.79,6.89065679823855,2.81309885805408,-22.0213008263631,-7.55869917363692,TRUE
277,6,-18.4816666666667,7.44378480493776,3.03891242119672,-26.2934397366845,-10.6698935966488,TRUE
278,6,-11.3294444444444,9.66714927914042,3.94659716686804,-21.4744954341692,-1.18439345471971,TRUE
279,6,-13.6577777777778,11.3992995236387,4.65374454301103,-25.6206089677335,-1.69494658782201,TRUE
280,6,-18.0061111111111,9.40131702751544,3.83807160459199,-27.8721882617468,-8.14003396047543,TRUE
281,6,-12.0694444444444,12.459170012782,5.0864348583169,-25.1445414993812,1.00565261049234,TRUE
282,6,-13.6366666666667,13.7289993161272,5.60484050058849,-28.0443678491182,0.77103451578485,TRUE
283,6,-17.8511111111111,10.8321674586323,4.42221384700491,-29.2187736995213,-6.48344852270091,TRUE
284,6,-12.2744444444444,13.2887999067998,5.42512984426737,-26.2201846780866,1.67129578919772,TRUE
285,6,-13.8933333333333,4.87550931812371,1.99041834426464,-19.0098665744173,-8.77680009224934,TRUE
286,6,-14.4544444444444,10.1020171069757,4.12413121415953,-25.0558612313437,-3.85302765754522,TRUE
287,6,-7.05555555555555,8.9722997588669,3.66292603808674,-16.4714066943406,2.36029558322952,TRUE
288,6,-6.46555555555555,8.8368998250811,3.60764924658977,-15.7393131781862,2.80820206707515,TRUE
289,6,-12.3311111111111,7.3313756983004,2.99302159557945,-20.0249180583749,-4.63730416384738,TRUE
290,6,-12.6072222222222,9.53175451184481,3.89132248458186,-22.6101851176915,-2.60425932675293,TRUE
291,6,-19.5711111111111,8.53319522457682,3.48366236262789,-28.5261503019722,-10.61607192025,TRUE
292,6,-9.605,8.67966634023324,3.54345894519695,-18.7137511998463,-0.496248800153698,TRUE
293,6,-17.275,2.95763099644143,1.20744779812015,-20.3788433773267,-14.1711566226733,FALSE
294,6,-7.42666666666667,8.98673194832867,3.66881795476216,-16.8576634594346,2.00433012610131,TRUE
295,6,-11.4072222222222,13.1012012030563,5.34854299417083,-25.1560896901576,2.34164524571316,TRUE
296,6,-16.0172222222222,15.8419044052534,6.46743039113662,-32.6422813089203,0.60783686447585,TRUE
297,6,-12.45,11.256183090985,4.59531750404289,-24.2626397048743,-0.637360295125751,TRUE
298,6,-15.61,12.3550916179885,5.0439450315682,-28.5758734780972,-2.64412652190275,TRUE
299,6,-16.2183333333333,9.920308854959,4.04994913091053,-26.629059004503,-5.80760766216365,TRUE
300,6,-13.1766666666667,9.7814815964772,3.99327313996556,-23.4417020649965,-2.91163126833682,TRUE
301,6,-9.61388888888889,9.69714858815419,3.95884433348801,-19.7904222226649,0.562644444887137,TRUE
302,6,-7.74944444444445,10.2854035553446,4.19899841820039,-18.543313506136,3.04442461724709,TRUE
303,6,-12.4388888888889,9.0768500817964,3.70560852869016,-21.9644588627188,-2.91331891505897,TRUE
304,6,-19.2338888888889,8.43384857890227,3.44310426436793,-28.084670169075,-10.3831076087027,TRUE
305,6,-9.82,9.38612095951606,3.83186783580947,-19.6701298552908,0.0301298552908502,TRUE
306,6,-11.1894444444444,14.0567929670504,5.7386616982028,-25.9411439667064,3.5622550778175,TRUE
307,6,-12.0772222222222,9.88241792650332,4.03448022414441,-22.4481838026418,-1.70626064180266,TRUE
308,6,-16.495,8.25361139811605,3.36952274343393,-25.1566339590347,-7.83336604096529,TRUE
309,6,-20.795,11.709543069176,4.7804009401041,-33.0834118236903,-8.50658817630966,TRUE
310,6,-19.3527777777778,8.64099310564775,3.52767066329072,-28.42094390694,-10.2846116486155,TRUE
311,6,-14.4344444444444,4.09921546242784,1.6734977047792,-18.7363072463289,-10.13258164256,TRUE
312,6,-10.62,6.74520998767109,2.7537204462865,-17.6986637596444,-3.54133624035561,TRUE
313,6,-12.8072222222222,10.8966179088675,4.44852563313307,-24.2425214101166,-1.37192303432783,TRUE
314,6,-11.7694444444445,17.1378014169673,6.99647813078608,-29.7544640408699,6.21557515198095,TRUE
315,6,-13.62,9.70294777660664,3.9612118422598,-23.8026192088205,-3.4373807911795,TRUE
316,6,-8.93999999999999,8.77851898417697,3.58381536809482,-18.1524906874988,0.272490687498815,TRUE
317,6,-12.2366666666667,9.25859768599496,3.77980667740012,-21.9529690538083,-2.52036427952507,TRUE
318,6,-8.43611111111112,11.4705372181984,4.6828272100316,-20.4737016766418,3.6014794544196,TRUE
319,6,-13.7511111111111,10.9437358371844,4.46776144681865,-25.2358575322593,-2.26636468996288,TRUE
320,6,-16.9105555555556,9.17438884835065,3.74542856338988,-26.538486187279,-7.28262492383212,TRUE
321,6,-18.5794444444444,6.4876999576692,2.64859241676093,-25.3878680009742,-11.7710208879147,TRUE
322,6,-12.7044444444444,11.2648777014946,4.59886706391965,-24.5262085834624,-0.882680305426479,TRUE
323,6,-11.9005555555556,6.52078298525114,2.66209850621462,-18.7436976203054,-5.05741349080568,TRUE
324,6,-15.4005555555556,9.02194790907564,3.68319481053415,-24.8685092326246,-5.93260187848653,TRUE
325,6,-17.3327777777778,7.19136964752942,2.9358643646976,-24.8796573855614,-9.78589816999418,TRUE
326,6,-15.6155555555556,3.80141240807892,1.55192011694633,-19.6048932185364,-11.6262178925747,TRUE
327,6,-11.1544444444444,11.3794582309365,4.64564436918478,-23.096453474697,0.787564585808077,TRUE
328,6,-11.5383333333333,8.05923672978196,3.29016961737706,-19.9959835879253,-3.08068307874138,TRUE
329,6,-8.86055555555556,10.3488334107262,4.22489354822428,-19.720990168118,1.99987905700684,TRUE
330,6,-8.78444444444445,9.23561552220934,3.77042424832348,-18.4766285298275,0.907739640938592,TRUE
331,6,-25.9566666666667,7.15767932596406,2.92211034851336,-33.46819045028,-18.4451428830533,FALSE
332,6,-11.8905555555556,13.823980680392,5.64361648017551,-26.3979335667925,2.61682245568136,TRUE
333,6,-7.89,12.834868825889,5.23981325649712,-21.3593687792779,5.57936877927786,TRUE
334,6,-13.1333333333333,5.23861474480081,2.13865551396372,-18.6309223502119,-7.63574431645477,TRUE
335,6,-15.6205555555556,7.02864880856016,2.86943386036555,-22.996670115571,-8.24444099554008,TRUE
336,6,-15.4805555555556,10.8224740274151,4.41825652028177,-26.8380455117736,-4.12306559933754,TRUE
337,6,-13.0827777777778,14.1084838805382,5.7597644252667,-27.8887235869126,1.72316803135705,TRUE
338,6,-15.7333333333333,9.00987482956586,3.67826599646365,-25.1886170904815,-6.27804957618516,TRUE
339,6,-8.14388888888889,12.0066306526698,4.90168643818345,-20.7440750108681,4.45629723309036,TRUE
340,6,-10.1794444444445,11.9390957068069,4.87411541198838,-22.7087569872968,2.34986809840789,TRUE
341,6,-20.025,5.45408093897486,2.22661921938803,-25.7487069202376,-14.3012930797624,FALSE
342,6,-11.1983333333333,9.23817941419678,3.77147095284429,-20.8932080583448,-1.50345860832183,TRUE
343,6,-12.7655555555556,12.4901263522951,5.09907273100212,-25.8731392964581,0.34202818534694,TRUE
344,6,-17.1855555555555,11.7639658216033,4.80261893574488,-29.5310805552643,-4.84003055584675,TRUE
345,6,-12.465,10.1739686892033,4.15350532460011,-23.1419253416358,-1.78807465836423,TRUE
346,6,-7.27111111111111,7.96233764297526,3.25061073084071,-15.6270720105347,1.08484978831251,TRUE
347,6,-15.5294444444444,7.17919692713039,2.9308948724044,-23.0635495656068,-7.99533932328208,TRUE
348,6,-13.5005555555556,10.9752892984734,4.4806430934481,-25.0184153035426,-1.98269580756855,TRUE
349,6,-15.7333333333333,10.4975595047399,4.28561072185275,-26.7498464095362,-4.71682025713042,TRUE
350,6,-11.36,10.5296679276541,4.29871893061694,-22.4102087995499,-0.309791200450141,TRUE
351,6,-10.56,12.9595997880593,5.29073445857105,-24.1602658963779,3.04026589637787,TRUE
352,6,-12.9061111111111,6.02072473181562,2.45795057911723,-19.2244742226816,-6.58774799954061,TRUE
353,6,-16.2222222222222,10.5188201000063,4.29429032352449,-27.2610469248231,-5.18339751962138,TRUE
354,6,-15.2677777777778,14.0449593435853,5.73383064165314,-30.0070586738263,-0.528496881729298,TRUE
355,6,-14.11,14.8213709067534,6.0507993350129,-29.6640748616644,1.44407486166445,TRUE
356,6,-16.5383333333333,7.62203173555305,3.11168142590084,-24.5371650850409,-8.53950158162573,TRUE
357,6,-7.84944444444444,4.52355583666295,1.84673393713548,-12.596625158498,-3.10226373039085,FALSE
358,6,-17.9394444444444,8.07037804888048,3.29471804185254,-26.4087867963738,-9.47010209251505,TRUE
359,6,-16.7116666666667,8.58686199312001,3.50557172914036,-25.7230256771151,-7.70030765621827,TRUE
360,6,-5.76222222222222,12.4495730701751,5.08251692290394,-18.8272479035533,7.30280345910881,TRUE
361,6,-12.1861111111111,7.05965199540999,2.88209085839593,-19.5947615203572,-4.77746070186507,TRUE
362,6,-14.875,7.84580560271254,3.20303672461919,-23.1086680231821,-6.64133197681787,TRUE
363,6,-13.3305555555556,9.60625708510787,3.92173803275166,-23.4117041066711,-3.24940700444005,TRUE
364,6,-13.9211111111111,7.70726804650913,3.14647900413411,-22.0093928853493,-5.83282933687293,TRUE
365,6,-17.3427777777778,10.9359572901439,4.46458586828707,-28.8193611144351,-5.86619444112045,TRUE
366,6,-15.6116666666667,7.02510442785175,2.86798687300059,-22.9840616272454,-8.23927170608795,TRUE
367,6,-22.0894444444444,11.2522739265678,4.59372159435242,-33.8979817328571,-10.2809071560318,TRUE
368,6,-15.735,11.5397659806813,4.71108973396618,-27.8452416961862,-3.62475830381384,TRUE
369,6,-20.1316666666667,12.9356818743952,5.2809700112062,-33.7068322520134,-6.5565010813199,TRUE
370,6,-11.1544444444444,8.57754864403232,3.50176957029682,-20.1560296944334,-2.15285919445546,TRUE
371,6,-11.7427777777778,7.95247394537396,3.24658389315733,-20.0883873613974,-3.39716819415811,TRUE
372,6,-14.99,13.2898962457283,5.42557742276068,-28.9368907707871,-1.04310922921292,TRUE
373,6,-15.7166666666667,5.95791984579256,2.43231059176554,-21.969120092485,-9.46421324084837,TRUE
374,6,-23.5177777777778,10.3950136906899,4.24374656857259,-34.4266756219944,-12.6088799335612,TRUE
375,6,-14.3933333333333,3.64422892316666,1.48775022794175,-18.2177170452442,-10.5689496214225,TRUE
376,6,-8.81277777777778,15.7694009491894,6.4378309791458,-25.3617491536667,7.73619359811116,TRUE
377,6,-17.8383333333333,15.7385699971616,6.42524429568707,-34.3549496093524,-1.32171705731431,TRUE
378,6,-10.13,6.75620340460857,2.75820848995758,-17.2202006431828,-3.03979935681718,TRUE
379,6,-10.2244444444444,14.7966294460246,6.04069867596681,-25.752554735437,5.30366584654816,TRUE
380,6,-16.3755555555556,7.71973248433064,3.15156758956633,-24.4769179550749,-8.27419315603622,TRUE
381,6,-10.8961111111111,14.736371393659,6.01609842910187,-26.3609844543605,4.56876223213831,TRUE
382,6,-18.4377777777778,4.69109495233808,1.91513149469568,-23.3607800108975,-13.514775544658,TRUE
383,6,-10.565,8.05569798341522,3.28872493022245,-19.0189365680341,-2.11106343196586,TRUE
384,6,-11.5777777777778,4.92136054659985,2.00913702990569,-16.7424289321576,-6.41312662339791,TRUE
385,6,-20.2705555555556,8.30835039561383,3.3918698455841,-28.9896345694566,-11.5514765416545,TRUE
386,6,-14.0338888888889,5.74347762119652,2.34476492017093,-20.0612990015175,-8.00647877626026,TRUE
387,6,-4.75777777777778,6.69302279049415,2.73241511225491,-11.7816744327584,2.26611887720285,FALSE
388,6,-6.35499999999999,11.8064678601745,4.81997032033278,-18.7451281537536,6.0351281537536,TRUE
389,6,-10.2177777777778,14.1559083332982,5.77912537703214,-25.0734924978415,4.6379369422859,TRUE
390,6,-12.8988888888889,9.27742868272039,3.78749439962101,-22.6349531951289,-3.16282458264887,TRUE
391,6,-10.6344444444444,16.8486060968677,6.87841463574526,-28.3159721650662,7.04708327617729,TRUE
392,6,-8.89388888888889,10.4872925044586,4.28141923653972,-19.8996274090818,2.111849631304,TRUE
393,6,-19.3161111111111,7.93816139268384,3.24074081798942,-27.6467005918399,-10.9855216303823,TRUE
394,6,-12.03,11.1057770752183,4.53391450523064,-23.6847982714739,-0.375201728526125,TRUE
395,6,-22.6316666666667,12.5991752375569,5.14359175198724,-35.8536901942538,-9.40964313907952,TRUE
396,6,-15.2511111111111,6.72622055562877,2.74596804311834,-22.3098466839889,-8.19237553823331,TRUE
397,6,-18.2922222222222,14.1225322983705,5.76549966783046,-33.1129109417144,-3.47153350273005,TRUE
398,6,-14.3477777777778,9.5418795415361,3.89545601064422,-24.3613662402601,-4.33418931529544,TRUE
399,6,-17.065,10.2100816734137,4.16824838866755,-27.7798235943291,-6.35017640567086,TRUE
400,6,-12.1544444444444,8.13646214864275,3.32169676260733,-20.6931378058948,-3.61575108299408,TRUE
401,6,-13.1205555555556,7.14515917454815,2.91699901810147,-20.6189402460562,-5.62217086505496,TRUE
402,6,-14.0494444444444,8.6823917382422,3.54457158427495,-23.1610557740943,-4.93783311479464,TRUE
403,6,-16.8838888888889,11.2968796904606,4.61193182120647,-28.7392370556753,-5.02854072210244,TRUE
404,6,-16.7377777777778,9.45682767261991,3.86073373055843,-26.6621097777797,-6.81344577777585,TRUE
405,6,-11.2,12.6254511910576,5.15431886508421,-24.449598449663,2.04959844966305,TRUE
406,6,-14.4705555555556,11.5546533996129,4.71716749729442,-26.5964206397546,-2.34469047135652,TRUE
407,6,-14.9766666666667,10.6414994766297,4.34437396930619,-26.1442354793764,-3.80909785395696,TRUE
408,6,-9.68222222222222,9.38352543714939,3.83080821824041,-19.5296282438373,0.165183799392889,TRUE
409,6,-11.3338888888889,3.08760562872244,1.26050971955254,-14.5741322776137,-8.09364550016411,TRUE
410,6,-19.7788888888889,9.41794048414849,3.84485810234403,-29.6624112873736,-9.89536649040423,TRUE
411,6,-10.4611111111111,9.23699798916573,3.77098863809505,-20.1547460065892,-0.767476215633055,TRUE
412,6,-22.7572222222222,6.85784171317499,2.79970215567546,-29.9540857287934,-15.560358715651,FALSE
413,6,-17.5777777777778,11.8523043547877,4.83868299089946,-30.0160083825863,-5.13954717296923,TRUE
414,6,-9.45777777777778,10.9169691900406,4.45683400888075,-20.9144343254528,1.99887876989726,TRUE
415,6,-17.335,10.3743358020325,4.23530485587782,-28.2221977309018,-6.44780226909819,TRUE
416,6,-6.73388888888889,14.2434469012816,5.81486284776104,-21.6814697020599,8.21369192428208,TRUE
417,6,-13.45,5.59513042246956,2.28420242989555,-19.3217292752058,-7.57827072479417,TRUE
418,6,-20.1527777777778,7.4072533271012,3.02399850782183,-27.9262134129759,-12.3793421425797,TRUE
419,6,-15.3733333333333,10.617472392241,4.33456495317966,-26.5156872673627,-4.23097939930394,TRUE
420,6,-15.4572222222222,10.1570707537309,4.14660677133115,-26.1164142681326,-4.79803017631182,TRUE
421,6,-19.9672222222222,5.94797945773434,2.42825244533422,-26.2092438505378,-13.7252005939066,TRUE
422,6,-14.6533333333333,5.02388030642982,2.05099054659504,-19.9255723774723,-9.38109428919432,TRUE
423,6,-11.7511111111111,12.0235712325908,4.90860240097568,-24.36907528142,0.866853059197762,TRUE
424,6,-13.0694444444444,12.5820371812211,5.13659516978627,-26.2734826849143,0.134593796025356,TRUE
425,6,-11.4161111111111,4.31612553450773,1.76205087089021,-15.9456070732886,-6.88661514893359,TRUE
426,6,-12.4866666666667,5.11204242722787,2.08698258169451,-17.85142618246,-7.12190715087337,TRUE
427,6,-14.5272222222222,10.1171066168296,4.1302914807613,-25.1444744785506,-3.9099699658938,TRUE
428,6,-13.9561111111111,12.1213920023269,4.94853756299229,-26.6767318835031,-1.23549033871913,TRUE
429,6,-16.6522222222222,10.0023212120802,4.08343053550218,-27.1490145838668,-6.15542986057765,TRUE
430,6,-11.0755555555556,15.3545276227736,6.2684596528775,-27.1891440766616,5.03803296555044,TRUE
431,6,-21.48,9.48878050939928,3.87377842154908,-31.437864445714,-11.522135554286,TRUE
432,6,-16.6916666666667,5.2774197188483,2.1544975782801,-22.2299790063159,-11.1533543270174,TRUE
433,6,-20.3733333333333,12.3561158945682,5.04436319073082,-33.3402817237784,-7.40638494288826,TRUE
434,6,-18.6327777777778,6.56554014589869,2.680370540535,-25.5228896020517,-11.7426659535038,TRUE
435,6,-23.9872222222222,18.3609299469967,7.49581826218813,-43.255836490234,-4.71860795421046,TRUE
436,6,-18.1955555555556,10.157085904632,4.14661295666061,-28.8547635013615,-7.53634760974959,TRUE
437,6,-14.6311111111111,6.07948560202137,2.48193960392489,-21.0111399741068,-8.2510822481154,TRUE
438,6,-4.65555555555555,14.8694533511815,6.07042891075201,-20.2600898480562,10.9489787369451,TRUE
439,6,-14.8494444444444,8.11626061042253,3.31344951916419,-23.3669375917058,-6.33195129718311,TRUE
440,6,-16.2855555555556,7.84759458310257,3.2037670728051,-24.5211009985181,-8.05001011259305,TRUE
441,6,-11.1938888888889,3.74422008889356,1.52857145041125,-15.1232068937883,-7.26457088398948,TRUE
442,6,-20.5255555555556,4.96896531445897,2.02857159500211,-25.7401648499558,-15.3109462611554,FALSE
443,6,-16.5822222222222,9.92246041769584,4.05082750271967,-26.9952058200094,-6.16923862443502,TRUE
444,6,-13.3805555555556,9.52693897830233,3.88935655124547,-23.3784648585003,-3.38264625261086,TRUE
445,6,-17.4972222222222,16.5626556400793,6.76167585060405,-34.8786633422457,-0.115781102198731,TRUE
446,6,-10.4088888888889,12.18838110965,4.97588575153667,-23.1998104179906,2.38203264021283,TRUE
447,6,-15.235,5.99088891567854,2.44577015818467,-21.5220523427709,-8.94794765722913,TRUE
448,6,-14.69,5.46355927944412,2.23048873568104,-20.4236538285331,-8.95634617146692,TRUE
449,6,-12.7333333333333,6.62704056624574,2.70547798200449,-19.6879858905881,-5.77868077607859,TRUE
450,6,-20.0611111111111,12.3056990711471,5.02378060875854,-32.9751502902078,-7.14707193201448,TRUE
451,6,-11.5016666666667,10.4440376930253,4.26376053371773,-22.4620120461444,-0.541321287188872,TRUE
452,6,-19.52,11.3010554079401,4.61363655072896,-31.3797303135316,-7.66026968646836,TRUE
453,6,-20.315,7.70257669729928,3.14456376883922,-28.3983585051782,-12.2316414948218,TRUE
454,6,-15.7738888888889,11.7987457745242,4.81681779206722,-28.1559132107467,-3.39186456703108,TRUE
455,6,-12.6994444444444,5.09224221151555,2.07889917747914,-18.0434249081916,-7.35546398069728,TRUE
456,6,-11.7344444444444,12.1981407812223,4.97987012077153,-24.5356081207278,1.06671923183888,TRUE
457,6,-11.9255555555556,5.25927822114474,2.14709134285617,-17.4448295609536,-6.40628155015751,TRUE
458,6,-10.7627777777778,6.84140577388616,2.79299221155863,-17.9423928238841,-3.58316273167146,TRUE
459,6,-13.2933333333333,7.67279436276858,3.13240518168104,-21.3454371952157,-5.24122947145099,TRUE
460,6,-11.1955555555556,13.6086746299993,5.55571815317614,-25.4769837240251,3.08587261291395,TRUE
461,6,-15.1705555555556,9.2467410274988,3.77496621683845,-24.8744151427012,-5.4666959684099,TRUE
462,6,-12.4955555555555,6.1263945048968,2.50109008333132,-18.9248122930572,-6.06629881805394,TRUE
463,6,-13.2216666666667,12.321356662316,5.03017279358605,-26.152137479971,-0.291195853362384,TRUE
464,6,-9.08944444444445,11.5200457978771,4.70303900304872,-21.1789910779706,3.00010218908172,TRUE
465,6,-20.9894444444444,7.21229056438974,2.94440529324076,-28.5582792080006,-13.4206096808883,TRUE
466,6,-15.4716666666667,10.5427170754665,4.30404622290339,-26.5355697070012,-4.40776362633214,TRUE
467,6,-14.9988888888889,8.88983556070057,3.62926017016086,-24.3281991591028,-5.66957861867502,TRUE
468,6,-12.2422222222222,10.9647979495326,4.47636001817835,-23.7490719747201,-0.735372469724309,TRUE
469,6,-10.4716666666667,10.8139428003337,4.41477366141023,-21.8202036491334,0.876870315800085,TRUE
470,6,-22.4094444444444,12.1132770897,4.94522466378512,-35.1215491383112,-9.69733975057772,TRUE
471,6,-11.7955555555556,10.6209649418636,4.33599078059245,-22.941574695633,-0.649536415478089,TRUE
472,6,-10.1922222222222,6.81754653381558,2.78325171758805,-17.3467985314576,-3.03764591298682,TRUE
473,6,-9.65111111111111,6.51699476298245,2.66055197094953,-16.4902776804004,-2.81194454182184,TRUE
474,6,-12.9605555555556,11.5600291073579,4.71936212079138,-25.0920620990519,-0.829049012059167,TRUE
475,6,-11.8594444444445,12.6912302908858,5.1811730701373,-25.1780738258274,1.45918493693853,TRUE
476,6,-17.7005555555555,9.76549331214915,3.98674595022118,-27.9488122784907,-7.45229883262036,TRUE
477,6,-17.5,9.73455540273355,3.97411560159173,-27.7157893781706,-7.28421062182941,TRUE
478,6,-4.77277777777777,8.87667465681619,3.62388725364911,-14.0882765264021,4.54272097084659,TRUE
479,6,-17.05,11.2429486049405,4.58991454774003,-28.8487509635434,-5.25124903645662,TRUE
480,6,-14.8416666666667,5.06594325976033,2.06816267538408,-20.15804807315,-9.52528526018334,TRUE
481,6,-14.5377777777778,8.37507881665512,3.41911160939956,-23.3268839749135,-5.74867158064202,TRUE
482,6,-19.2961111111111,15.7551370693521,6.43200777458685,-35.8301134631356,-2.76210875908659,TRUE
483,6,-10.1072222222222,13.2944171100615,5.42742305789614,-24.0588573491637,3.8444129047193,TRUE
484,6,-18.475,10.3107863155263,4.2093608866518,-29.2955066348651,-7.65449336513491,TRUE
485,6,-15.7338888888889,10.1575006586084,4.14678227926243,-26.3935320922995,-5.07424568547833,TRUE
486,6,-14.2472222222222,9.70049653177419,3.96021112574745,-24.4272690073534,-4.067175437091,TRUE
487,6,-13.4872222222222,15.0709475358927,6.15268856719876,-29.3032116933906,2.32876724894613,TRUE
488,6,-9.25888888888889,9.74398769992533,3.97796632079543,-19.4845768558986,0.966799078120848,TRUE
489,6,-11.8788888888889,13.2183730158135,5.3963781864195,-25.7507206331229,1.9929428553451,TRUE
490,6,-14.8805555555556,14.865160374613,6.0686763104069,-30.4805846454439,0.719473534332817,TRUE
491,6,-10.9555555555556,12.5245264566355,5.11311651479087,-24.099239991969,2.18812888085792,TRUE
492,6,-9.895,6.99197214271084,2.85446067423265,-17.2326247597206,-2.55737524027935,TRUE
493,6,-18.2355555555555,6.83689684860891,2.79115145052236,-25.4104387747783,-11.0606723363328,TRUE
494,6,-7.40277777777778,6.61601303796468,2.70097601243571,-14.3458576538344,-0.459697901721141,TRUE
495,6,-12.6727777777778,16.7600374458169,6.84225663536508,-30.2613583994093,4.91580284385375,TRUE
496,6,-12.8355555555556,17.3719067803504,7.09205124517565,-31.066253663806,5.39514255269488,TRUE
497,6,-15.8405555555556,7.09864475850196,2.89800958726869,-23.2901263600883,-8.39098475102278,TRUE
498,6,-15.0666666666667,4.38673150914588,1.79087563933277,-19.6702590550191,-10.4630742783143,TRUE
499,6,-23.3922222222222,11.0279879632922,4.50215723327012,-34.965385827245,-11.8190586171994,TRUE
500,6,-11.635,9.88064139843383,4.03375495959709,-22.0040972285482,-1.26590277145184,TRUE
501,6,-2.43666666666667,7.4066018599025,3.02373254745166,-10.2094186289682,5.3360852956349,FALSE
502,6,-14.2705555555556,6.57353056386552,2.68363261501005,-21.1690528092216,-7.37205830188954,TRUE
503,6,-15.3633333333333,16.9036602216469,6.90089038806936,-33.1026368146217,2.375970147955,TRUE
504,6,-11.1655555555556,8.26971010285036,3.3760950121204,-19.8440840690946,-2.4870270420165,TRUE
505,6,-12.2255555555556,8.6663068301367,3.53800494803861,-21.320286809375,-3.13082430173612,TRUE
506,6,-15.2461111111111,9.05023054750337,3.69474114932208,-24.7437455969365,-5.74847662528574,TRUE
507,6,-16.4777777777778,14.9894246671396,6.11940699539658,-32.20821424501,-0.747341310545531,TRUE
508,6,-15.81,12.9025720088843,5.2674529652139,-29.3504189124475,-2.26958108755252,TRUE
509,6,-12.8372222222222,5.78699707838056,2.36253166416823,-18.9103032042487,-6.76414124019573,TRUE
510,6,-19.6361111111111,6.92597764191426,2.82751853210243,-26.9044788896587,-12.3677433325635,TRUE
511,6,-16.4527777777778,8.96759138147949,3.66100385106748,-25.8636877775264,-7.04186777802913,TRUE
512,6,-20.3511111111111,4.93598877482366,2.01510897907058,-25.5311136495376,-15.1711085726847,FALSE
513,6,-13.9616666666667,12.15797109353,4.96347091444269,-26.7206748410422,-1.20265849229113,TRUE
514,6,-16.6222222222222,7.86467140421623,3.2107386558313,-24.8756886898775,-8.36875575456691,TRUE
515,6,-13.2761111111111,12.3294701006557,5.033485090918,-26.2150964557711,-0.33712576645109,TRUE
516,6,-18.4211111111111,6.13436283630234,2.50434314100549,-24.8587300995802,-11.983492122642,TRUE
517,6,-15.1605555555556,9.22982037062877,3.76805838759774,-24.8466580023314,-5.47445310877976,TRUE
518,6,-12.6777777777778,4.56586448753339,1.86400637152517,-17.4693586979307,-7.88619685762482,TRUE
519,6,-24.5611111111111,8.93857797953882,3.64915917932465,-33.9415734128286,-15.1806488093936,FALSE
520,6,-17.7583333333333,10.7223568615611,4.37738385847579,-29.0107567675388,-6.50590989912785,TRUE
521,6,-9.37500000000001,10.5239814497915,4.29639743575079,-20.4192412070154,1.6692412070154,TRUE
522,6,-7.88888888888888,7.1218682526011,2.90749053903326,-15.3628312558122,-0.414946521965546,TRUE
523,6,-9.22444444444444,9.79369608283629,3.99825968314055,-19.5022981600825,1.05340927119365,TRUE
524,6,-9.82277777777778,9.03699493235487,3.68933773206447,-19.3065223373504,-0.33903321820519,TRUE
525,6,-15.4788888888889,11.5214510403019,4.70361269086635,-27.5699102338984,-3.38786754387941,TRUE
526,6,-14.3405555555556,10.6841295421796,4.36177762068926,-25.5528618783844,-3.12824923272676,TRUE
527,6,-13.5483333333333,9.10444451902476,3.71687391051495,-23.1028618930536,-3.9938047736131,TRUE
528,6,-19.665,8.94939321344687,3.65357448007858,-29.0568121936344,-10.2731878063656,TRUE
529,6,-14.8072222222222,11.5801666494757,4.7275832379351,-26.9598618201169,-2.65458262432755,TRUE
530,6,-22.0622222222222,9.604753607035,3.92112424039866,-32.1417929698643,-11.9826514745802,TRUE
531,6,-9.70944444444444,10.3491383251976,4.22501802903597,-20.5701990451203,1.15131015623137,TRUE
532,6,-15.9772222222222,10.0715591679776,4.11169681263251,-26.5466753624191,-5.40776908202537,TRUE
533,6,-11.0727777777778,12.7718968253944,5.21410504494809,-24.476061495421,2.33050593986544,TRUE
534,6,-9.15000000000001,11.7940932485527,4.81491840629301,-21.5271417952878,3.22714179528776,TRUE
535,6,-11.0144444444444,7.0271127836455,2.86880678082003,-18.3889470451707,-3.63994184371818,TRUE
536,6,-11.6305555555556,9.34275891126781,3.8141653537411,-21.4351797319958,-1.82593137911532,TRUE
537,6,-20.47,6.22440608501013,2.54110314335825,-27.0021135827951,-13.9378864172049,TRUE
538,6,-14.8833333333333,13.3024595887795,5.43070638608385,-28.8434085240746,-0.923258142592072,TRUE
539,6,-14.7244444444444,7.71942619245373,3.1514425464312,-22.8254854103519,-6.62340347853695,TRUE
540,6,-10.8627777777778,14.4443950554711,5.89689958818076,-26.0212407457265,4.29568519017094,TRUE
541,6,-12.7927777777778,4.07695878847984,1.66441145568852,-17.0712836327957,-8.51427192275988,TRUE
542,6,-16.8938888888889,9.57572101530548,3.90927173445735,-26.9429918000514,-6.84478597772636,TRUE
543,6,-12.8688888888889,13.431030020345,5.48319504497465,-26.9638904727518,1.22611269497399,TRUE
544,6,-11.5444444444444,12.4145147426831,5.06820442063881,-24.5726786674302,1.48378977854134,TRUE
545,6,-10.2822222222222,12.8710080183103,5.25456702002185,-23.789516758024,3.22507231357956,TRUE
546,6,-15.1138888888889,6.95427715443818,2.83907175971129,-22.4119551844707,-7.81582259330704,TRUE
547,6,-17.0561111111111,13.0604691793666,5.33191421513239,-30.7622329417015,-3.34998928052073,TRUE
548,6,-6.69333333333333,7.12458529007518,2.90859976493718,-14.1701270562169,0.783460389550224,TRUE
549,6,-12.6961111111111,9.61067147999016,3.92354020191579,-22.7818922855447,-2.61032993667755,TRUE
550,6,-12.4877777777778,3.28030463806618,1.3391787606912,-15.9302463746805,-9.04530918087503,TRUE
551,6,-12.9744444444444,9.57324202989577,3.90825969290175,-23.0209458199672,-2.92794306892165,TRUE
552,6,-18.3655555555555,4.72739800015313,1.9299521519048,-23.3266555008892,-13.4044556102218,TRUE
553,6,-7.27500000000001,4.12437025496015,1.68376710582749,-11.6032611376821,-2.94673886231794,FALSE
554,6,-10.7588888888889,15.7967792310355,6.44900811590529,-27.3365920095062,5.81881423172842,TRUE
555,6,-7.87444444444445,8.28953467844759,3.38418836121714,-16.573777574161,0.824888685272152,TRUE
556,6,-9.34722222222223,5.80899930822538,2.37151403688878,-15.4433931284051,-3.25105131603939,TRUE
557,6,-6.54499999999999,5.9437764837592,2.426536588394,-12.7826108776325,-0.307389122367454,FALSE
558,6,-15.3272222222222,9.24057223256143,3.77244781685105,-25.0246080561054,-5.62983638833906,TRUE
559,6,-17.2966666666667,7.00822596033483,2.86109626749116,-24.6513487618863,-9.94198457144704,TRUE
560,6,-13.225,14.0755325535721,5.74631210236425,-27.9963655122346,1.54636551223465,TRUE
561,6,-16.8872222222222,5.47163774656452,2.23378675607251,-22.6293538820672,-11.1450905623773,TRUE
562,6,-10.4294444444444,8.59962335523201,3.51078153340658,-19.4541956831068,-1.40469320578209,TRUE
563,6,-11.0622222222222,11.0452818819554,4.50921744599977,-22.6535346818436,0.529090237399156,TRUE
564,6,-18.2788888888889,5.94137420193405,2.42555586094567,-24.513978726357,-12.0437990514207,TRUE
565,6,-17.4111111111111,5.13222874118563,2.09522360985854,-22.7970548642098,-12.0251673580124,TRUE
566,6,-0.772222222222223,11.33387168656,4.62703374037492,-12.6663911081063,11.1219466636619,FALSE
567,6,-8.41666666666667,10.5167496034765,4.29344504685577,-19.4533185164168,2.61998518308348,TRUE
568,6,-10.6161111111111,11.3132597555389,4.61861895477238,-22.4886491019746,1.25642687975235,TRUE
569,6,-12.8472222222222,7.3763102539795,3.01136605111819,-20.5881850936785,-5.10625935076594,TRUE
570,6,-15.8061111111111,12.3334831372284,5.03512340623836,-28.7493078793747,-2.86291434284753,TRUE
571,6,-14.9116666666667,4.80581719262072,1.96196665316925,-19.9550625074277,-9.86827082590561,TRUE
572,6,-16.5611111111111,9.45964497023873,3.86188388749504,-26.4883996836424,-6.6338225385798,TRUE
573,6,-11.4816666666667,12.4276909002079,5.0735835644232,-24.5237284189559,1.56039508562256,TRUE
574,6,-15.7605555555556,6.004784542963,2.45144302426848,-22.0621904648374,-9.45892064627366,TRUE
575,6,-10.7566666666667,6.82042553250488,2.7844270638812,-17.9142642997338,-3.59906903359951,TRUE
576,6,-17.105,11.3869640378812,4.64870860203849,-29.0548858915664,-5.15511410843357,TRUE
577,6,-18.7172222222222,7.44980250794659,3.0413691381626,-26.5353104842479,-10.8991339601966,TRUE
578,6,-14.3738888888889,5.20084925401255,2.12323781691088,-19.8318454537761,-8.91593232400167,TRUE
579,6,-15.7205555555556,9.99602530268165,4.0808602412533,-26.2107407654917,-5.2303703456194,TRUE
580,6,-11.8944444444444,4.28786902094044,1.75051519753189,-16.3942870142252,-7.39460187466365,TRUE
581,6,-12.2466666666667,12.1822566783736,4.97338546293799,-25.0311609993128,0.537827665979433,TRUE
582,6,-13.6544444444444,10.1525358992315,4.14475542473428,-24.3088774524214,-3.00001143646744,TRUE
583,6,-21.1122222222222,7.17445148245314,2.92895755272742,-28.6413473046131,-13.5830971398313,TRUE
584,6,-19.3622222222222,6.84549118980001,2.79466007562129,-26.5461246493923,-12.1783197950521,TRUE
585,6,-12.8872222222222,2.15073260558833,0.878032909476324,-15.144277670413,-10.6301667740315,TRUE
586,6,-13.4711111111111,4.5759048487906,1.86810533184406,-18.2732287442048,-8.66899347801742,TRUE
587,6,-12.0305555555556,6.95487979500457,2.83931778669228,-19.3292542836258,-4.73185682748529,TRUE
588,6,-14.4777777777778,5.05697040031181,2.06449952085365,-19.7847427457641,-9.17081280979151,TRUE
589,6,-12.2944444444444,10.9295793690876,4.46198209291912,-23.7643345634368,-0.824554325452045,TRUE
590,6,-10.4638888888889,8.66007118694546,3.53545925736584,-19.5520762365058,-1.37570154127201,TRUE
591,6,-14.0277777777778,9.22150425585439,3.76466334795779,-23.7051529973239,-4.35040255823169,TRUE
592,6,-5.05944444444444,4.84224439085231,1.97683799457369,-10.1410682852913,0.0221793964023966,FALSE
593,6,-12.8294444444444,7.95211821303444,3.24643866603786,-21.1746807098687,-4.48420817902013,TRUE
594,6,-13.9077777777778,6.42011757132451,2.62100202307024,-20.6452779694482,-7.17027758610739,TRUE
595,6,-11.4133333333333,4.44043591453712,1.81280037102412,-16.0732850387227,-6.75338162794396,TRUE
596,6,-18.6072222222222,7.41539222508505,3.02732119900999,-26.3891991070341,-10.8252453374104,TRUE
597,6,-11.1694444444445,10.9226702914762,4.45916147379557,-22.6320839311526,0.293195042263706,TRUE
598,6,-18.6061111111111,12.8876635959728,5.26136663112927,-32.130884603715,-5.08133761850719,TRUE
599,6,-12.8977777777778,9.76860723989901,3.98801720590169,-23.1493023674737,-2.64625318808182,TRUE
600,6,-17.2422222222222,8.20020993407869,3.34772168703241,-25.8478147816735,-8.63662966277094,TRUE
601,6,-16.0383333333333,6.08020604548526,2.4822337237374,-22.4191182553766,-9.65754841129008,TRUE
602,6,-17.4577777777778,8.35569736877291,3.41119916643494,-26.2265443927532,-8.6890111628024,TRUE
603,6,-9.185,10.8419261818799,4.42619782908788,-20.5629037403862,2.19290374038618,TRUE
604,6,-17.6494444444444,7.37682600119129,3.01157660403572,-25.390948559406,-9.90794032948293,TRUE
605,6,-15.5905555555556,10.3957934690841,4.24406491176898,-26.5002717270103,-4.68083938410078,TRUE
606,6,-10.9994444444444,8.13692418455433,3.32188538797837,-19.5386226828473,-2.46026620604156,TRUE
607,6,-10.2377777777778,12.3160326704967,5.02799928302734,-23.1626614043203,2.68710584876472,TRUE
608,6,-15.8622222222222,9.87327158807312,4.03074624711628,-26.2235853091186,-5.50085913532587,TRUE
609,6,-10.2544444444444,10.9377453834908,4.46531585433913,-21.7329042699874,1.22401538109856,TRUE
610,6,-11.2511111111111,15.6718284640755,6.39799717890174,-27.6976864436483,5.19546422142608,TRUE
611,6,-5.91944444444444,6.25407970551727,2.55321734820217,-12.4826985821644,0.643809693275561,FALSE
612,6,-10.6922222222222,12.7302157905541,5.1970888337298,-24.0517643763964,2.66731993195193,TRUE
613,6,-12.2783333333333,9.00703027886797,3.6771047135041,-21.7306319175996,-2.82603474906702,TRUE
614,6,-15.4922222222222,5.21633999687165,2.12956188620113,-20.9664353247542,-10.0180091196902,TRUE
615,6,-10.8311111111111,4.12171089970424,1.68268142859053,-15.1565814266085,-6.50564079561374,TRUE
616,6,-14.42,6.65999866533187,2.71893306961334,-21.409239961059,-7.43076003894105,TRUE
617,6,-17.22,9.82038854175898,4.00915683386401,-27.525865733348,-6.91413426665197,TRUE
618,6,-11.7255555555555,6.16738290134899,2.51782352611178,-18.1978269771163,-5.25328413399483,TRUE
619,6,-10.385,3.62585821258606,1.48025041675262,-14.1901048334974,-6.57989516650264,TRUE
620,6,-9.94666666666667,10.7533577185092,4.39003990532778,-21.2316235050208,1.33829017168749,TRUE
621,6,-11.5583333333333,9.73202154402329,3.97308115810499,-21.7714635898669,-1.34520307679976,TRUE
622,6,-16.4077777777778,12.350418736341,5.04203733562408,-29.3687473673331,-3.4468081882224,TRUE
623,6,-16.34,9.38080783064846,3.82969876003225,-26.1845540684978,-6.49544593150217,TRUE
624,6,-11.1494444444444,10.2730768768913,4.19396607279471,-21.9303774504455,-0.368511438443399,TRUE
625,6,-12.9616666666667,3.49544576715347,1.42700975884955,-16.6299120320411,-9.29342130129225,TRUE
626,6,-15.3116666666667,12.2368561231134,4.9956755929133,-28.1534596025413,-2.46987373079208,TRUE
627,6,-19.1788888888889,13.35839905023,5.45354357559048,-33.1976689441529,-5.16010883362489,TRUE
628,6,-4.66833333333333,8.39299860333335,3.42642733167643,-13.4762451932686,4.1395785266019,FALSE
629,6,-13.6961111111111,9.5754875516525,3.90917642332013,-23.7449690171956,-3.64725320502664,TRUE
630,6,-13.52,5.45690836361478,2.22777351066369,-19.2466741204238,-7.79332587957618,TRUE
631,6,-13.4644444444444,11.4917434450743,4.69148461590088,-25.5242895802464,-1.40459930864244,TRUE
632,6,-13.7883333333333,11.9539423064806,4.88017651092435,-26.3332264270145,-1.24344023965218,TRUE
633,6,-12.085,14.9997316642665,6.12361480935348,-27.8262529973576,3.65625299735759,TRUE
634,6,-12.09,8.92205631504804,3.64241423804068,-21.4531238781705,-2.72687612182956,TRUE
635,6,-9.81055555555555,6.97498559669294,2.84752594585996,-17.1303540284863,-2.49075708262482,TRUE
636,6,-12.0333333333333,10.8394585760647,4.42519043323226,-23.4086474802318,-0.658019186434892,TRUE
637,6,-20.0061111111111,10.6836950363453,4.36160023442524,-31.2179614480317,-8.79426077419051,TRUE
638,6,-13.1744444444444,9.12789611068221,3.72644798271776,-22.7535839402623,-3.59530494862659,TRUE
639,6,-15.0355555555556,12.849167835859,5.2456508028727,-28.5199302255112,-1.55118088559994,TRUE
640,6,-8.57888888888888,7.0021402019245,2.85861176702397,-15.9271843723369,-1.23059340544085,TRUE
641,6,-12.1116666666667,11.1505515060417,4.55219359007078,-23.8134528216027,-0.409880511730659,TRUE
642,6,-12.4116666666667,12.0075873698443,4.90207701633441,-25.0128568017462,0.189523468412832,TRUE
643,6,-21.1277777777778,16.4588489764512,6.71929695763912,-38.4002804853313,-3.85527507022432,TRUE
644,6,-9.24833333333333,11.0487519154377,4.51063408123679,-20.8432873697627,2.34662070309604,TRUE
645,6,-12.8472222222222,9.55221845475737,3.89967685429206,-22.8716607087168,-2.82278373572769,TRUE
646,6,-18.5122222222222,11.7387869270431,4.7923396950849,-30.8313235926063,-6.1931208518381,TRUE
647,6,-12.1933333333333,11.616851170223,4.74255963081666,-24.3844709747327,-0.00219569193396829,TRUE
648,6,-8.68,9.54177132402574,3.89541183103062,-18.6934748951701,1.33347489517011,TRUE
649,6,-18.7161111111111,9.84079161600476,4.01748635404506,-29.0433885577361,-8.38883366448612,TRUE
650,6,-11.5916666666667,8.13932723127519,3.32286642769406,-20.1333667479428,-3.04996658539058,TRUE
651,6,-17.2966666666667,12.8736782277293,5.25565712845234,-30.8067634153988,-3.78656991793458,TRUE
652,6,-11.9922222222222,7.02003154999769,2.86591587928894,-19.359293523984,-4.62515092046039,TRUE
653,6,-9.14888888888889,9.83060836066318,4.0133290574605,-19.4654796644283,1.16770188665049,TRUE
654,6,-9.81944444444444,10.0235756353967,4.09210761748594,-20.3385419554228,0.699653066533896,TRUE
655,6,-10.4027777777778,13.9732314590222,5.70454785540168,-25.0667848753914,4.26122931983587,TRUE
656,6,-5.21833333333333,16.9907303812664,6.93643663188443,-23.0490113432978,12.6123446766311,TRUE
657,6,-8.53833333333333,9.94889513687044,4.0616194316316,-18.979058467553,1.90239180088635,TRUE
658,6,-9.65277777777778,8.32287274567746,3.3977985701711,-18.3870970634106,-0.918458492144904,TRUE
659,6,-14.6055555555556,16.8636326212707,6.8845491886444,-32.3028526464296,3.09174153531846,TRUE
660,6,-14.5727777777778,6.69392541095337,2.73278360551433,-21.5976216748376,-7.54793388071795,TRUE
661,6,-16.0283333333333,14.6982483839251,6.00053477555064,-31.4531990314678,-0.603467635198829,TRUE
662,6,-13.9444444444444,6.13205880477227,2.50340252407216,-20.3796455001104,-7.50924338877845,TRUE
663,6,-17.0833333333333,11.9499320314199,4.87853932298654,-29.62401790144,-4.54264876522666,TRUE
664,6,-10.3438888888889,8.84878683879991,3.6125020996192,-19.630121167368,-1.05765661040974,TRUE
665,6,-11.4688888888889,11.8655260999936,4.84408074577674,-23.9209948643382,0.983217086560408,TRUE
666,6,-15.29,8.80238124347926,3.59355709466158,-24.5275325928591,-6.05246740714093,TRUE
667,6,-13.2722222222222,7.85134911737868,3.20529985500481,-21.5117078072653,-5.03273663717916,TRUE
668,6,-17.4577777777778,5.92984116956738,2.42084752019812,-23.6807644400443,-11.2347911155113,TRUE
669,6,-15.6894444444444,11.6720291326776,4.76508593966003,-27.9384878061805,-3.44040108270839,TRUE
670,6,-14.1772222222222,7.30709226761285,2.98310792651466,-21.8455452718635,-6.50889917258092,TRUE
671,6,-20.2694444444444,12.8881965666551,5.26158421549918,-33.7947772554774,-6.74411163341151,TRUE
672,6,-11.3161111111111,4.64355056523043,1.89572157993783,-16.1892185699231,-6.44300365229915,TRUE
673,6,-10.0922222222222,8.75436314497372,3.57395378803537,-19.2793629111495,-0.905081533294915,TRUE
674,6,-11.2894444444444,16.8888668676757,6.89485102660038,-29.0132232528418,6.43433436395289,TRUE
675,6,-13.33,2.90915031505001,1.18765564282157,-16.3829660224281,-10.2770339775719,TRUE
676,6,-14.6488888888889,4.49379753619321,1.8345851618416,-19.3648401818468,-9.93293759593097,TRUE
677,6,-10.9711111111111,12.0405300117131,4.9155257935607,-23.60687242864,1.6646502064178,TRUE
678,6,-8.05777777777777,11.6148413997239,4.74173914544619,-20.2468062943874,4.13125073883186,TRUE
679,6,-10.5422222222222,8.7226409524401,3.56100325716375,-19.6960725117291,-1.38837193271532,TRUE
680,6,-8.54,10.7309864929144,4.38090689072311,-19.8014796769068,2.72147967690678,TRUE
681,6,-16.9733333333333,10.9931073354575,4.48791727658627,-28.5098919643644,-5.43677470230228,TRUE
682,6,-19.5055555555556,5.33191050465306,2.17674334843093,-25.1010524678743,-13.9100586432368,TRUE
683,6,-15.2955555555556,10.2441032722172,4.18213764821795,-26.0460826281954,-4.54502848291571,TRUE
684,6,-19.6077777777778,10.4776616701473,4.27748746489638,-30.6034093572024,-8.61214619835312,TRUE
685,6,-20.0516666666667,4.25649555907726,1.73770703536032,-24.5185848074213,-15.584748525912,FALSE
686,6,-15.1683333333333,9.22296451497264,3.76525949624645,-24.8472410008416,-5.48942566582507,TRUE
687,6,-10.1977777777778,10.3319964009687,4.21801986777425,-21.0405430322313,0.644987476675789,TRUE
688,6,-11.4883333333333,13.5567024423755,5.5345005964271,-25.7152200358272,2.73855336916049,TRUE
689,6,-14.3522222222222,5.66439823877235,2.31248089748533,-20.296643612554,-8.40780083189047,TRUE
690,6,-14.1544444444444,12.3920018410921,5.05901356705089,-27.1590528261431,-1.14983606274577,TRUE
691,6,-15.5494444444444,7.08420446930797,2.89211436389144,-22.9838610948466,-8.11502779404225,TRUE
692,6,-9.71888888888888,9.0794171782277,3.70665654141969,-19.2471528652049,-0.190624912572909,TRUE
693,6,-21.4977777777778,7.15997351536588,2.92304694741465,-29.0117091655141,-13.9838463900415,TRUE
694,6,-13.755,4.38471068347477,1.79005064070721,-18.3564716618711,-9.15352833812889,TRUE
695,6,-17.0511111111111,13.4801331458421,5.50324131201528,-31.1976432649009,-2.90457895732128,TRUE
696,6,-13.7805555555556,8.87607906846428,3.62364410572262,-23.0954292725367,-4.4656818385744,TRUE
697,6,-10.56,12.4123028573356,5.067301422227,-23.5859129916708,2.46591299167078,TRUE
698,6,-1.85888888888889,12.9546874685346,5.28872901252288,-15.453999622083,11.7362218443052,TRUE
699,6,-11.2694444444445,10.0751131047782,4.11314770125578,-21.8426272125818,-0.696261676307097,TRUE
700,6,-5.665,12.0319337597911,4.91201638840914,-18.2917401043924,6.96174010439243,TRUE
701,6,-16.2911111111111,10.9003514044613,4.45004982632668,-27.730328362343,-4.8518938598792,TRUE
702,6,-9.89166666666667,9.43262912565857,3.85085471512975,-19.7906038490537,0.00727051572032344,TRUE
703,6,-11.7294444444444,9.2112977531017,3.76049656065739,-21.3961085962432,-2.06278029264573,TRUE
704,6,-13.8283333333333,9.97096378936804,4.07062892128658,-24.2922180980085,-3.36444856865821,TRUE
705,6,-16.0505555555556,12.7371466221471,5.19991833387913,-29.4173711714175,-2.68373993969361,TRUE
706,6,-5.27277777777778,10.2164850264803,4.17086254661024,-15.9943212790299,5.44876572347433,TRUE
707,6,-10.4188888888889,9.05398639438064,3.69627446738897,-19.9204648942853,-0.917312883492517,TRUE
708,6,-13.2922222222222,6.61941778798195,2.70236599580972,-20.2388751642919,-6.34556928015252,TRUE
709,6,-18.2511111111111,14.0661387999956,5.7424771185256,-33.0126184835502,-3.48960373867204,TRUE
710,6,-9.795,5.69835717066282,2.32634457337559,-15.7750591037504,-3.81494089624959,TRUE
711,6,-15.3111111111111,17.5300697427359,7.15662100418423,-33.7077910690004,3.08556884677818,TRUE
712,6,-15.5322222222222,8.65951465580341,3.53523205447851,-24.6198255262239,-6.44461891822052,TRUE
713,6,-19.8038888888889,16.2127611489861,6.61883202277252,-36.8181382597559,-2.78963951802189,TRUE
714,6,-6.62833333333333,8.35202457159007,3.40969975326383,-15.3932455840469,2.13657891738028,TRUE
715,6,-17.5366666666667,15.4746005512977,6.31747922067843,-33.7762639983525,-1.29706933498085,TRUE
716,6,-7.99777777777778,3.70308440007436,1.51177787577376,-11.8839265247587,-4.11162903079691,FALSE
717,6,-9.68,6.87300484181086,2.80589247701914,-16.892776234174,-2.46722376582602,TRUE
718,6,-13.1811111111111,9.82016851330106,4.00906700762221,-23.4867459387536,-2.87547628346862,TRUE
719,6,-14.3166666666667,6.66310905075268,2.72020287914408,-21.30917077704,-7.3241625562933,TRUE
720,6,-10.7838888888889,3.7095776439234,1.51442873147469,-14.6768518773835,-6.89092590039429,TRUE
721,6,-19.9344444444444,16.4223523374788,6.70439726717096,-37.1686462783238,-2.70024261056504,TRUE
722,6,-16.4255555555556,12.7712341118915,5.21383449329347,-29.8281437980298,-3.0229673130813,TRUE
723,6,-18.415,7.3764308593128,3.01141528803934,-26.1560894389914,-10.6739105610086,TRUE
724,6,-15.9938888888889,9.87228948266964,4.03034530426426,-26.3542213193727,-5.63355645840509,TRUE
725,6,-14.4866666666667,8.58944960078609,3.50662811554643,-23.5007412048219,-5.47259212851141,TRUE
726,6,-16.5422222222222,8.87779043247603,3.62434276715478,-25.8588919055901,-7.22555253885429,TRUE
727,6,-18.0572222222222,10.3385441521128,4.2206929759852,-28.9068589200876,-7.20758552435688,TRUE
728,6,-12.9055555555556,8.6365287951601,3.52584811616604,-21.9690366781845,-3.84207443292663,TRUE
729,6,-10.8827777777778,10.6197818384511,4.33550778064685,-22.0275553269685,0.261999771412924,TRUE
730,6,-12.6266666666667,11.0863493640703,4.52598317536684,-24.2610768056602,-0.992256527673099,TRUE
731,6,-12.4555555555556,7.96035528706453,3.24980143742907,-20.8094361000355,-4.10167501107561,TRUE
732,6,-14.3022222222222,13.3824086300165,5.4633454454931,-28.3461987862132,-0.258245658231283,TRUE
733,6,-18.6811111111111,5.39158878528674,2.20110690447745,-24.3392365380545,-13.0229856841677,TRUE
734,6,-8.85833333333333,20.6056835471295,8.41223508195498,-30.4826720321094,12.7660053654427,TRUE
735,6,-13.2794444444445,7.85239394966533,3.20572640599965,-21.5200265137268,-5.03886237516206,TRUE
736,6,-15.9533333333333,13.3041218341451,5.43138499491271,-29.9151529436036,-1.99151372306308,TRUE
737,6,-15.1583333333333,3.80236110857451,1.55230742230182,-19.1486665964258,-11.1680000702408,TRUE
738,6,-21.3061111111111,7.06413332473486,2.88392035343181,-28.7194643870648,-13.8927578351574,TRUE
739,6,-7.02944444444445,9.53860866086795,3.89412067920314,-17.0396003281798,2.98071143929089,TRUE
740,6,-16.2811111111111,9.50408676229259,3.88002717312618,-26.2550384841246,-6.30718373809764,TRUE
741,6,-21.3788888888889,9.12921115410835,3.72698484694836,-30.9594084381461,-11.7983693396316,TRUE
742,6,-10.1522222222222,12.4114951497332,5.06697167697913,-23.1772875767484,2.87284313230399,TRUE
743,6,-10.4811111111111,7.93215472104008,3.23828860455947,-18.8053969765398,-2.15682524568246,TRUE
744,6,-8.74722222222222,13.6604851738577,5.57686971913435,-23.0830222219392,5.58857777749472,TRUE
745,6,-6.58166666666666,7.36516025321619,3.0068140823679,-14.3109283299371,1.14759499660374,TRUE
746,6,-18.5833333333333,10.5654985684538,4.31334672846967,-29.6711440843388,-7.49552258232789,TRUE
747,6,-15.3883333333333,8.0967463286873,3.30548284700615,-23.8853474978547,-6.89131916881192,TRUE
748,6,-12.1172222222222,12.7736303752286,5.21481276370435,-25.522325188845,1.28788074440059,TRUE
749,6,-12.9705555555556,12.9794612825489,5.29884287974248,-26.5916648121124,0.650553701001268,TRUE
750,6,-12.1333333333333,6.960106321027,2.841451507006,-19.4375169640844,-4.82914970258229,TRUE
751,6,-15.8877777777778,4.35400335153583,1.77751442493843,-20.457024071106,-11.3185314844495,TRUE
752,6,-13.5005555555556,10.3825471969212,4.23865714380345,-24.3963706169068,-2.6047404942043,TRUE
753,6,-10.5516666666667,9.36077293817129,3.82151954942882,-20.3751954049575,-0.728137928375874,TRUE
754,6,-10.5533333333333,4.78585879905001,1.9538186731136,-15.5757841245662,-5.53088254210047,TRUE
755,6,-14.9227777777778,7.91101494167515,3.22965832577296,-23.2248788053213,-6.62067675023423,TRUE
756,6,-9.81611111111111,14.2959719916201,5.83630612609815,-24.818813626072,5.18659140384974,TRUE
757,6,-12.5733333333333,10.5115697104561,4.29133036438542,-23.6045492187371,-1.54211744792961,TRUE
758,6,-16.3127777777778,9.1789690577408,3.74729842604338,-25.9455150444734,-6.68004051108213,TRUE
759,6,-12.7922222222222,14.4513060796389,5.8997210019826,-27.9579378652408,2.37349342079633,TRUE
760,6,-10.22,7.26647400356214,2.96652558965435,-17.8456967957158,-2.59430320428423,TRUE
761,6,-21.0711111111111,9.32897390252937,3.80853764748961,-30.861268808085,-11.2809534141373,TRUE
762,6,-9.91666666666666,8.00688814570166,3.26879839741807,-18.3193804514267,-1.51395288190667,TRUE
763,6,-12.5133333333333,6.86652783031166,2.80324824814727,-19.7193123608,-5.30735430586664,TRUE
764,6,-12.3022222222222,10.000633683626,4.08274160489562,-22.7972436313636,-1.80720081308088,TRUE
765,6,-12.3538888888889,9.71149271434319,3.96470029848287,-22.5454754599108,-2.16230231786696,TRUE
766,6,-15.0894444444444,8.62806439389421,3.52239253881944,-24.1440427227146,-6.03484616617432,TRUE
767,6,-14.8161111111111,2.96617180641736,1.21093456919199,-17.9289175188201,-11.7033047034021,TRUE
768,6,-7.47666666666666,12.2188664686123,4.98833134721719,-20.2995806179584,5.34624728462505,TRUE
769,6,-20.1161111111111,7.42941972211877,3.0330479006935,-27.9128089512487,-12.3194132709736,TRUE
770,6,-14.1011111111111,15.1602765537171,6.1891569860144,-30.0108456372613,1.8086234150391,TRUE
771,6,-14.4988888888889,10.508860106631,4.290224173256,-25.5272612194686,-3.4705165583092,TRUE
772,6,-17.3683333333333,14.0488670559428,5.73542595854274,-32.1117151220003,-2.62495154466637,TRUE
773,6,-16.1005555555556,5.94593097716289,2.42741615664288,-22.3404274353518,-9.86068367575926,TRUE
774,6,-17.7477777777778,8.79421746039639,3.59022424417428,-26.9767430057133,-8.51881254984225,TRUE
775,6,-19.5366666666667,4.80183252056499,1.96033991761444,-24.5758808505591,-14.4974524827742,FALSE
776,6,-15.8294444444444,8.57373182502272,3.50021136046114,-24.8270241885337,-6.83186470035517,TRUE
777,6,-12.0527777777778,10.1215871431459,4.13212064797033,-22.6747320581081,-1.43082349744749,TRUE
778,6,-13.7861111111111,4.55015038416519,1.85759111568893,-18.5612010911405,-9.01102113108176,TRUE
779,6,-10.3133333333333,11.0133468522919,4.49618002473375,-21.8711320346647,1.24446536799808,TRUE
780,6,-6.79111111111111,8.87059228053051,3.62140413392852,-16.100226797286,2.5180045750638,TRUE
781,6,-17.7805555555556,14.5094731379448,5.9234676040973,-33.0073137826282,-2.5537973284829,TRUE
782,6,-13.5172222222222,14.2775703530112,5.82879368859437,-28.5006134017945,1.46616895735004,TRUE
783,6,-7.36277777777779,4.1836233188558,1.70795706786763,-11.753221192485,-2.97233436307059,FALSE
784,6,-16.1333333333333,14.0375537596675,5.73080732467884,-30.8648425456843,-1.40182412098238,TRUE
785,6,-6.29611111111111,9.93279045869267,4.05504472429705,-16.719935422082,4.12771319985976,TRUE
786,6,-10.0883333333333,12.5502502409757,5.12361820577202,-23.2590132258264,3.08234655915975,TRUE
787,6,-9.3961111111111,3.7369794199574,1.52561545969625,-13.3178304999722,-5.47439172224998,FALSE
788,6,-20.9361111111111,7.11681777096935,2.90542868854108,-28.4047533226114,-13.4674688996108,TRUE
789,6,-16.1977777777778,11.0928809336172,4.52864967746839,-27.8390423786383,-4.55651317691729,TRUE
790,6,-15.3477777777778,17.8420946287352,7.28400463047561,-34.0719077715692,3.37635221601363,TRUE
791,6,-15.4966666666667,7.04396794743166,2.87568787262122,-22.8888576769864,-8.10447565634692,TRUE
792,6,-11.1066666666667,4.42710941560944,1.80735985061902,-15.7526330691263,-6.46070026420703,TRUE
793,6,-17.6522222222222,17.5636819307047,7.17034312246124,-36.0841760081009,0.779731563656409,TRUE
794,6,-15.03,13.2702984978569,5.41757667569524,-28.9563241957091,-1.10367580429087,TRUE
795,6,-10.2433333333333,7.67842200223747,3.13470265587356,-18.3013430406428,-2.18532362602385,TRUE
796,6,-21.2811111111111,11.3362297606032,4.62799642007181,-33.1777546439376,-9.38446757828462,TRUE
797,6,-19.8255555555556,9.10210883175901,3.71592037018164,-29.3776329618155,-10.2734781492957,TRUE
798,6,-5.00166666666666,7.37888662182703,3.01241784888755,-12.7453332703636,2.7419999370303,FALSE
799,6,-13.84,13.5826158501716,5.54507970085993,-28.0940811561862,0.414081156186192,TRUE
800,6,-14.9688888888889,15.0172134812268,6.13075173124173,-30.7284879280148,0.79071015023699,TRUE
801,6,-13.3122222222222,9.06821375689506,3.70208276381329,-22.828728928903,-3.7957155155415,TRUE
802,6,-19.6683333333333,11.5724928170209,4.72445040895411,-31.8129197379553,-7.52374692871136,TRUE
803,6,-13.1338888888889,12.3417998717397,5.03851869888486,-26.0858135347562,-0.181964243021568,TRUE
804,6,-19.895,10.0498881696376,4.10284966460756,-30.4417108221867,-9.34828917781326,TRUE
805,6,-7.79277777777777,5.90760053440263,2.41176781891328,-13.9924243248484,-1.5931312307071,FALSE
806,6,-12.6055555555556,6.64125345152611,2.71128036812276,-19.5751236211693,-5.63598748994185,TRUE
807,6,-7.81444444444444,7.36176297323366,3.00542714862281,-15.5401408810225,-0.0887480078664096,TRUE
808,6,-13.4288888888889,13.4750506355126,5.50116638586203,-27.5700872751989,0.712309497421101,TRUE
809,6,-15.7855555555556,11.2659091790068,4.59928816285067,-27.6084021638366,-3.9627089472745,TRUE
810,6,-16.4083333333333,12.5846450971898,5.13765984702215,-29.6151084137665,-3.20155825290015,TRUE
811,6,-11.2083333333333,9.98976337168313,4.07830381862816,-21.6919470497051,-0.724719616961579,TRUE
812,6,-16.0494444444444,9.96664535486388,4.06886592778278,-26.5087972900424,-5.59009159884653,TRUE
813,6,-13.2355555555556,12.1309007940084,4.95241951094065,-25.9661551928305,-0.504955918280633,TRUE
814,6,-9.17555555555555,12.0745835293565,4.92942808392291,-21.8470538481633,3.49594273705221,TRUE
815,6,-13.4172222222222,14.7816128148253,6.03456816195116,-28.9295735252431,2.09512908079864,TRUE
816,6,-17.6844444444444,7.83672456143839,3.19932940504339,-25.9085824992661,-9.46030638962277,TRUE
817,6,-16.2744444444444,9.6266799784457,3.93007564404315,-26.3770255076985,-6.17186338119043,TRUE
818,6,-8.03944444444444,3.41828249054773,1.39550798308867,-11.6267119172576,-4.45217697163124,FALSE
819,6,-11.2938888888889,9.57902811508712,3.9106218522896,-21.346462388427,-1.24131538935081,TRUE
820,6,-14.3855555555556,11.5534277100717,4.71666711163458,-26.5101343574666,-2.26097675364451,TRUE
821,6,-13.5566666666667,6.75750775886429,2.75874099035264,-20.6482361456925,-6.46509718764084,TRUE
822,6,-22.12,12.580310542007,5.13589027227889,-35.3222262437414,-8.91777375625865,TRUE
823,6,-14.3116666666667,12.7329673158564,5.19821213923061,-27.674096369557,-0.949236963776281,TRUE
824,6,-13.2922222222222,14.1537258018542,5.77823436230126,-28.1456465160034,1.56120207155898,TRUE
825,6,-10.5283333333333,14.6367524858943,5.97542918030905,-25.888663044367,4.8319963777003,TRUE
826,6,-12.26,13.4671547766326,5.4979429149725,-26.3929121905937,1.87291219059367,TRUE
827,6,-5.48333333333334,12.1023973749924,4.94078303885498,-18.1840204668339,7.21735380016726,TRUE
828,6,-21.5394444444444,6.70815703011943,2.7385936397094,-28.5792235098706,-14.4996653790183,FALSE
829,6,-12.4844444444444,8.50876506685682,3.47368879250293,-21.4138457571059,-3.55504313178296,TRUE
830,6,-14.3066666666667,5.71119407635372,2.33158521817875,-20.3001972767551,-8.31313605657826,TRUE
831,6,-8.70999999999999,6.6104267806415,2.69869543243343,-15.6472174585281,-1.77278254147193,TRUE
832,6,-15.1777777777778,8.19582188046423,3.34593027164584,-23.7787653573763,-6.57679019817929,TRUE
833,6,-14.8566666666667,10.0117941560053,4.08729784866527,-25.363400273281,-4.34993306005235,TRUE
834,6,-20.345,8.2004944972849,3.34783785947488,-28.9508911902217,-11.7391088097783,TRUE
835,6,-14.39,12.0146035214558,4.90494134823544,-26.9985531346355,-1.7814468653645,TRUE
836,6,-15.3722222222222,3.27361483288338,1.33644765916178,-18.8076702991422,-11.9367741453023,TRUE
837,6,-13.445,13.3192181535637,5.43754804150765,-27.4226622258994,0.532662225899376,TRUE
838,6,-16.1583333333333,9.53075996736648,3.89091646349879,-26.1602525183816,-6.15641414828505,TRUE
839,6,-11.7116666666667,15.4525706958781,6.30848556986423,-27.9281450829335,4.50481174960012,TRUE
840,6,-17.8466666666667,7.950070859223,3.24560283734436,-26.1897543660338,-9.50357896729957,TRUE
841,6,-14.8711111111111,7.02161794165123,2.8665635209695,-22.239847228813,-7.50237499340923,TRUE
842,6,-16.3233333333333,7.05519005177512,2.88026927753485,-23.7273012199057,-8.91936544676093,TRUE
843,6,-11.4794444444444,12.4011862186498,5.0627630734878,-24.4936912392825,1.53480235039357,TRUE
844,6,-15.0738888888889,11.1901501164922,4.56835965509192,-26.817231236922,-3.33054654085582,TRUE
845,6,-14.1727777777778,7.45257074711411,3.04249926707033,-21.9937711286456,-6.35178442691,TRUE
846,6,-12.6894444444444,12.3819720950648,5.05491894038145,-25.683527253203,0.304638364314087,TRUE
847,6,-16.7661111111111,7.43606539229709,3.03576098418278,-24.5697831543848,-8.96243906783743,TRUE
848,6,-18.2377777777778,10.8642348335499,4.43530529799469,-29.6390930123044,-6.83646254325112,TRUE
849,6,-4.98055555555556,13.0929411714297,5.3451708503801,-18.7207546519153,8.75964354080423,TRUE
850,6,-12.8872222222222,10.9712779396764,4.47900546307678,-24.4008723073232,-1.37357213712124,TRUE
851,6,-19.2022222222222,7.79565539021338,3.18256298610001,-27.3832608250594,-11.0211836193851,TRUE
852,6,-11.2183333333333,11.4594876267077,4.6783162331952,-23.2443280637474,0.807661397080759,TRUE
853,6,-10.9583333333333,11.0772117931865,4.52225277767455,-22.5831541797794,0.666487513112733,TRUE
854,6,-18.7888888888889,9.33825195792176,3.81232539774238,-28.5887833078604,-8.98899446991734,TRUE
855,6,-13.5677777777778,7.36842382261157,3.00814642899438,-21.300464347085,-5.8350912084706,TRUE
856,6,-14.7927777777778,10.0479637332738,4.10206401675191,-25.3374690278576,-4.24808652769798,TRUE
857,6,-23.8927777777778,13.5402910549165,5.5278006755528,-38.1024417853719,-9.6831137701836,TRUE
858,6,-14.8138888888889,5.44873009329969,2.2244347457886,-20.5319804409713,-9.09579733680642,TRUE
859,6,-19.735,14.9052299173441,6.08503463272654,-35.3770794961047,-4.09292050389526,TRUE
860,6,-8.11277777777778,9.20736671648587,3.75889172167923,-17.7753165596501,1.54976100409456,TRUE
861,6,-19.4922222222222,5.57721422562541,2.27688817316231,-25.3451496019284,-13.639294842516,TRUE
862,6,-14.9266666666667,11.2979726794973,4.61237803211219,-26.7831618551022,-3.0701714782311,TRUE
863,6,-8.35,5.2475369883827,2.14229800465312,-13.8569523372812,-2.84304766271876,FALSE
864,6,-9.54055555555555,11.0760320646112,4.52177115550047,-21.1641383527893,2.08302724167818,TRUE
865,6,-24.2433333333333,7.53901496660317,3.07778997189722,-32.1550443289959,-16.3316223376707,FALSE
866,6,-18.06,10.5122051814915,4.29158979434929,-29.0918827713565,-7.02811722864354,TRUE
867,6,-12.6777777777778,12.6711398534301,5.17297118339137,-25.9753235380737,0.619767982518161,TRUE
868,6,-20.9727777777778,15.2218883945553,6.2143099147089,-36.9471699655431,-4.99838559001242,TRUE
869,6,-9.32277777777779,6.40858085058764,2.61629217655185,-16.0481709235394,-2.59738463201621,TRUE
870,6,-18.1883333333333,9.21788255994232,3.76318479679311,-27.8619078161124,-8.51475885055423,TRUE
871,6,-11.0133333333333,18.4281861409213,7.52327548838098,-30.3525286482534,8.32586198158673,TRUE
872,6,-13.3005555555556,10.9407420866871,4.46653925329607,-24.782160228235,-1.81895088287611,TRUE
873,6,-7.98555555555555,8.77293557017937,3.58153594887535,-17.192186809413,1.22107569830188,TRUE
874,6,-20.5216666666667,7.04153920989185,2.87469634467261,-27.9113088732522,-13.1320244600811,TRUE
875,6,-12.3288888888889,4.71363349664998,1.92433281688055,-17.2755438736809,-7.38223390409687,TRUE
876,6,-16.8861111111111,6.55073207670263,2.67432517160064,-23.7606828198127,-10.0115394024095,TRUE
877,6,-14.9994444444444,12.367948076768,5.04919365888636,-27.9788099485878,-2.0200789403011,TRUE
878,6,-10.7172222222222,8.67524637284899,3.54165450106843,-19.8213349507683,-1.61310949367613,TRUE
879,6,-18.9755555555555,9.55008776380072,3.8988070033515,-28.9977580190226,-8.95335309208853,TRUE
880,6,-21.45,7.94356203335618,3.24294562031131,-29.7862571055286,-13.1137428944714,TRUE
881,6,-7.11833333333334,8.97752347687143,3.66505861203196,-16.5396664279651,2.30299976129845,TRUE
882,6,-13.2755555555556,6.17407183007802,2.52055426983045,-19.7548465773173,-6.79626453379386,TRUE
883,6,-10.5038888888889,16.4377914732642,6.71070026796159,-27.7542931021107,6.74651532433292,TRUE
884,6,-17.0222222222222,13.535858822922,5.52599122441808,-31.227234887597,-2.81720955684743,TRUE
885,6,-14.0905555555556,10.6674821389672,4.35498134678717,-25.2853915001416,-2.89571961096948,TRUE
886,6,-21.8366666666667,10.988001739271,4.48583292567133,-33.3678673030967,-10.3054660302366,TRUE
887,6,-14.8166666666667,14.259225941279,5.82130461386513,-29.7808065667742,0.147473233440913,TRUE
888,6,-16.3644444444444,9.86704901661567,4.02820589295649,-26.7192773430816,-6.00961154580734,TRUE
889,6,-12.3272222222222,9.73635168192245,3.9748489294998,-22.5448966797929,-2.1095477646516,TRUE
890,6,-14.8522222222222,9.33434891300029,3.81073198632558,-24.6480206467491,-5.05642379769538,TRUE
891,6,-10.86,3.69927860835356,1.51022416780988,-14.742154813511,-6.97784518648895,TRUE
892,6,-17.8466666666667,12.1148065513973,4.94584906390834,-30.5603764321483,-5.13295690118503,TRUE
893,6,-14.6072222222222,9.13326944422099,3.72864163694905,-24.1920006857607,-5.02244375868374,TRUE
894,6,-9.32333333333334,5.36161667161439,2.18887084030912,-14.950004955986,-3.69666171068072,TRUE
895,6,-20.0111111111111,13.8618374069348,5.65907142406915,-34.5582173203918,-5.46400490183043,TRUE
896,6,-14.7155555555556,6.78705390731065,2.77080315494565,-21.8381318157826,-7.59297929532846,TRUE
897,6,-19.855,6.89362209259802,2.81430943440706,-27.0894127119467,-12.6205872880533,TRUE
898,6,-21.9227777777778,16.3399714968698,6.67076542982536,-39.0705262214775,-4.77502933407806,TRUE
899,6,-19.765,3.42232847959137,1.39715975119897,-23.3565134779142,-16.1734865220858,FALSE
900,6,-20.925,5.95333510638272,2.43043887973924,-27.172642036882,-14.677357963118,FALSE
901,6,-14.47,10.4547127066112,4.26811858976485,-25.4415481191912,-3.4984518808088,TRUE
902,6,-6.20555555555556,10.7566976895879,4.39140344281084,-17.4940174785959,5.08290636748475,TRUE
903,6,-9.9638888888889,9.80856845748579,4.00433130466634,-20.2573502045341,0.32957242675627,TRUE
904,6,-15.3222222222222,10.8175905443488,4.41626284666846,-26.6745872772637,-3.96985716718077,TRUE
905,6,-15.0144444444444,11.4754957610973,4.6848515266933,-27.0572386816153,-2.9716502072736,TRUE
906,6,-6.93277777777778,4.16896385563963,1.70197236707051,-11.3078370293242,-2.55771852623139,FALSE
907,6,-14.5805555555555,5.08000061971417,2.07390156855368,-19.9116892565773,-9.24942185453381,TRUE
908,6,-13.8261111111111,6.92593721429066,2.82750202759421,-21.0944364634696,-6.55778575875259,TRUE
909,6,-8.4,10.6574666574921,4.35089254359677,-19.5843253413753,2.78432534137532,TRUE
910,6,-17.2233333333333,12.0385512232808,4.91471795656603,-29.8570180397576,-4.58964862690908,TRUE
911,6,-12.6244444444444,9.08327906201932,3.70823314887559,-22.1567612192485,-3.09212766964041,TRUE
912,6,-14.9211111111111,9.96200329399813,4.06697081437011,-25.3755924125939,-4.46662980962828,TRUE
913,6,-11.8155555555556,11.4602907984564,4.67864412668858,-23.8423931630277,0.211282051916633,TRUE
914,6,-20.7527777777778,9.68315270437766,3.95313053786271,-30.9146233323069,-10.5909322232487,TRUE
915,6,-19.2666666666667,11.0207505289895,4.49920256308868,-30.8322350501908,-7.70109828314256,TRUE
916,6,-19.44,13.2338312248906,5.40268897384886,-33.3280541397685,-5.55194586023152,TRUE
917,6,-16.8077777777778,14.6610808555117,5.98536119561513,-32.1936385469485,-1.42191700860709,TRUE
918,6,-15.3972222222222,9.93062187079644,4.0541594019957,-25.8187707397665,-4.9756737046779,TRUE
919,6,-14.9888888888889,11.647595396412,4.75511090859997,-27.2122906169721,-2.76548716080572,TRUE
920,6,-13.7938888888889,9.69954785124124,3.95982382854167,-23.972940094858,-3.61483768291982,TRUE
921,6,-16.3544444444444,15.3896944835268,6.28281646366097,-32.5049383225681,-0.203950566320774,TRUE
922,6,-21.99,9.76823377643631,3.98786474008149,-32.241132663828,-11.738867336172,TRUE
923,6,-10.9461111111111,9.49271566732833,3.87538494304632,-20.9081052518045,-0.984116970417771,TRUE
924,6,-10.8888888888889,14.1645516329661,5.78265398934554,-25.7536741956704,3.97589641789261,TRUE
925,6,-19.2866666666667,6.6643002466709,2.7206891828413,-26.2804208604907,-12.2929124728426,TRUE
926,6,-11.8655555555556,8.04360109145888,3.28378639476135,-20.3067972140387,-3.42431389707237,TRUE
927,6,-15.8061111111111,11.5145373654672,4.70079019493426,-27.8898769993464,-3.72234522287581,TRUE
928,6,-15.7761111111111,9.53187807463092,3.89137292887805,-25.7792036777719,-5.77301854445031,TRUE
929,6,-12.9877777777778,9.29615109522136,3.79513779251789,-22.7434900509612,-3.23206550459441,TRUE
930,6,-16.2266666666667,7.24032534566721,2.95585044477082,-23.824922128852,-8.62841120448128,TRUE
931,6,-14.49,5.34463885070304,2.18193967394626,-20.0988544923005,-8.88114550769951,TRUE
932,6,-14.23,7.77540795642833,3.17429700587098,-22.3897902242067,-6.07020977579331,TRUE
933,6,-10.6444444444445,5.61787016450053,2.29348589070528,-16.5400376153796,-4.74885127350928,TRUE
934,6,-12.9438888888889,9.47226909730989,3.86703766579044,-22.8844256702912,-3.00335210748653,TRUE
935,6,-23.4333333333333,10.1618683758888,4.1485653923754,-34.097560174923,-12.7691064917437,TRUE
936,6,-14.9494444444444,11.936804600649,4.87318007181611,-27.4763526188398,-2.42253627004908,TRUE
937,6,-10.565,6.35214635641633,2.59325289078322,-17.2311687762587,-3.89883122374128,TRUE
938,6,-21.5955555555556,11.5073454157994,4.69785409377726,-33.6717739554891,-9.51933715562205,TRUE
939,6,-19.9005555555556,4.71724421277539,1.92580688556611,-24.8509997545351,-14.950111356576,FALSE
940,6,-12.2077777777778,6.43616644583703,2.62755394865385,-18.9621202303418,-5.45343532521373,TRUE
941,6,-11.0855555555556,8.81122432321831,3.59716726684748,-20.3323683914592,-1.83874271965189,TRUE
942,6,-7.985,12.708549659361,5.18824367270924,-21.3218049439214,5.3518049439214,TRUE
943,6,-15.3827777777778,4.78438312134928,1.953216230215,-20.4036799402385,-10.361875615317,TRUE
944,6,-13.4344444444444,9.70037127964507,3.96015999177986,-23.6143597855274,-3.25452910336149,TRUE
945,6,-11.5638888888889,8.81614237046432,3.59917505122809,-20.8158628988512,-2.31191487892656,TRUE
946,6,-15.605,8.364967888628,3.41498384031749,-24.3834954289117,-6.82650457108832,TRUE
947,6,-7.11944444444444,5.91217103070406,2.41363371621491,-13.3238874332259,-0.915001455663023,FALSE
948,6,-21.9822222222222,12.216521903038,4.98737418232961,-34.8026757028402,-9.16176874160423,TRUE
949,6,-19.1327777777778,10.2539086133948,4.1861406619911,-29.8935949249107,-8.37196063064488,TRUE
950,6,-9.25722222222222,7.81348276781635,3.18984098252988,-17.4569695104818,-1.05747493396262,TRUE
951,6,-16.7122222222222,12.2384431955969,4.99632351254153,-29.5556806885241,-3.86876375592035,TRUE
952,6,-0.806666666666667,5.63604865525879,2.30090722848055,-6.72133699368308,5.10800366034974,FALSE
953,6,-16.2116666666667,7.6635561081147,3.12863368001172,-24.2540755748648,-8.16925775846854,TRUE
954,6,-9.26166666666667,11.4335194834214,4.66771478309207,-21.2604095020143,2.73707616868091,TRUE
955,6,-15.6,8.8607983086552,3.61740576165357,-24.8988375430328,-6.30116245696718,TRUE
956,6,-11.3144444444444,10.658331882547,4.35124577024631,-22.4996777838289,-0.129211105059944,TRUE
957,6,-11.8011111111111,8.09721890985256,3.30567577745897,-20.2986212191501,-3.30360100307213,TRUE
958,6,-18.2833333333333,7.13842839846419,2.9142511902717,-25.7746545075273,-10.7920121591394,TRUE
959,6,-10.5238888888889,9.33787899225912,3.8121731351482,-20.3233919044016,-0.724385873376177,TRUE
960,6,-14.8622222222222,8.70225709333611,3.55268158153149,-23.9946809635068,-5.72976348093767,TRUE
961,6,-19.8277777777778,6.38583629489397,2.60700675057255,-26.5293019761808,-13.1262535793747,TRUE
962,6,-11.4194444444444,10.9932002047057,4.48795519029808,-22.9561005357744,0.117211646885506,TRUE
963,6,-13.2233333333333,5.69397459308229,2.32455539357052,-19.1987932039761,-7.24787346269054,TRUE
964,6,-14.8783333333333,10.6936163200294,4.36565058152848,-26.1005954189456,-3.65607124772111,TRUE
965,6,-9.69777777777778,12.8828027776337,5.25938221035208,-23.2174501543776,3.82189459882204,TRUE
966,6,-11.445,8.73950844028301,3.56788938024004,-20.6165516324048,-2.27344836759524,TRUE
967,6,-15.4455555555556,3.42904111421297,1.39990017280775,-19.0441135114793,-11.8469975996318,TRUE
968,6,-16.3411111111111,13.2221811390585,5.39793284622416,-30.2169392355996,-2.46528298662265,TRUE
969,6,-17.165,11.594031558426,4.73324356331149,-29.332189927491,-4.997810072509,TRUE
970,6,-17.6844444444444,16.035848405185,6.54660769755444,-34.5130352768147,-0.855853612074146,TRUE
971,6,-12.8516666666667,10.1237017274644,4.13298392340342,-23.4758400671444,-2.22749326618893,TRUE
972,6,-8.04888888888889,7.6208365439517,3.11119349097281,-16.0464663639335,-0.0513114138442381,TRUE
973,6,-15.7616666666667,12.934066431113,5.28031050924792,-29.3351369482589,-2.18819638507442,TRUE
974,6,-13.2311111111111,6.16487060931773,2.51679788718488,-19.7007460438764,-6.76147617834582,TRUE
975,6,-9.16888888888889,7.86024134960716,3.20893009361049,-17.4177062993507,-0.920071478427026,TRUE
976,6,-13.0983333333333,13.0846632445097,5.34179140086642,-26.8298452781588,0.633178611492122,TRUE
977,6,-6.30166666666666,12.4554628354166,5.08492140949501,-19.3728732775527,6.76953994421941,TRUE
978,6,-12.6544444444444,12.8420245317502,5.24273456118201,-26.1313226764816,0.82243378759275,TRUE
979,6,-17.2094444444444,5.76601939206153,2.3539675595906,-23.2605106948052,-11.1583781940837,TRUE
980,6,-15.5961111111111,7.96777493453521,3.25283049582482,-23.9577780980823,-7.23444412413997,TRUE
981,6,-11.7733333333333,8.61503595143076,3.51707369945633,-20.81425909975,-2.73240756691669,TRUE
982,6,-12.285,11.9625498489615,4.88369052542727,-24.8389261555325,0.268926155532522,TRUE
983,6,-13.0994444444444,10.0009113843948,4.08285497575978,-23.5947572826699,-2.604131606219,TRUE
984,6,-8.60777777777778,11.7430173420759,4.79406675479,-20.9313186964689,3.71576314091334,TRUE
985,6,-15.5233333333333,8.0723778680414,3.29553446460622,-23.9947743667635,-7.05189229990313,TRUE
986,6,-16.125,8.49623884106635,3.46857498223801,-25.0412558448836,-7.20874415511642,TRUE
987,6,-12.215,8.28929342921069,3.3840898716286,-20.9140799541693,-3.5159200458307,TRUE
988,6,-17.6983333333333,7.89908567142074,3.22478822158511,-25.987915359514,-9.40875130715271,TRUE
989,6,-12.5005555555556,8.92767667093408,3.64470873872295,-21.8695776355017,-3.1315334756094,TRUE
990,6,-13.0461111111111,11.0959827398461,4.52991598455871,-24.6906308579763,-1.40159136424591,TRUE
991,6,-16.2466666666667,10.2444575801314,4.1822822938182,-26.9975655626591,-5.49576777067423,TRUE
992,6,-18.4961111111111,14.5889928700703,5.9559313987957,-33.8063201791513,-3.1859020430709,TRUE
993,6,-7.19166666666666,15.7846334205842,6.44404960955224,-23.7566235409209,9.37329020758762,TRUE
994,6,-11.1811111111111,5.2272477001304,2.1340149374094,-16.6667711461923,-5.69545107602996,TRUE
995,6,-19.2994444444444,10.1492045482867,4.1433954064061,-29.9503814140109,-8.64850747487799,TRUE
996,6,-3.46222222222222,12.9334891170457,5.2800748217669,-17.0350866498569,10.1106422054124,TRUE
997,6,-19.1011111111111,6.61375390687776,2.70005372603154,-26.0418201744899,-12.1604020477323,TRUE
998,6,-16.0427777777778,7.67879892710851,3.1348565348078,-24.1011830434805,-7.98437251207507,TRUE
999,6,-13.3511111111111,17.8653235398966,7.29348779374661,-32.0996183521513,5.39739612992911,TRUE
1000,6,-15.185,8.83211457000971,3.60569567438744,-24.4537358054128,-5.91626419458721,TRUE
1001,6,-15.6677777777778,9.19150856114651,3.75241765687202,-25.313674446254,-6.02188110930157,TRUE
1002,6,-11.4472222222222,8.27045247093978,3.3763980826238,-20.1265298032922,-2.7679146411522,TRUE
1003,6,-11.8733333333333,3.30193411334764,1.34800895699848,-15.3385006724687,-8.40816599419797,TRUE
1004,6,-12.0883333333333,4.49593829040292,1.83545912108801,-16.8065312100552,-7.37013545661149,TRUE
1005,6,-19.1038888888889,3.29605718441943,1.34560971081036,-22.5628887693538,-15.6448890084239,FALSE
1006,6,-11.9005555555556,10.4304450563758,4.25821136304267,-22.8466363376932,-0.954474773417926,TRUE
1007,6,-14.1972222222222,6.95825087110153,2.84069402274588,-21.4994586776934,-6.894985766751,TRUE
1008,6,-13.1933333333333,8.6841316331699,3.54528189340477,-22.3067705707299,-4.07989609593672,TRUE
1009,6,-15.5722222222222,10.8051371869879,4.41117878481534,-26.9115182802128,-4.23292616423163,TRUE
1010,6,-9.495,13.2594881332409,5.41316336282146,-23.4099794138008,4.41997941380084,TRUE
1011,6,-13.275,10.0795109559497,4.11494311647826,-23.8527980298957,-2.69720197010429,TRUE
1012,6,-14.8444444444444,11.7950951513597,4.8153274314012,-27.2226376722457,-2.46625121664325,TRUE
1013,6,-4.77833333333334,9.72713358486341,3.97108565713412,-14.9863339913182,5.42966732465152,TRUE
1014,6,-17.9916666666667,10.5164393530637,4.29331838765515,-29.0279929285764,-6.95534040475696,TRUE
1015,6,-5.81611111111111,11.928348943526,4.86972806425093,-18.3341456175629,6.70192339534071,TRUE
1016,6,-11.135,10.3162699439068,4.2115995685637,-21.9612613499236,-0.308738650076421,TRUE
1017,6,-12.1555555555556,8.09948740947822,3.30660188855307,-20.6554463079508,-3.65566480316031,TRUE
1018,6,-15.96,11.4631335642184,4.67980468095111,-27.9898209071787,-3.9301790928213,TRUE
1019,6,-18.245,11.3855084793492,4.64811437275614,-30.193358376567,-6.29664162343298,TRUE
1020,6,-12.4661111111111,8.67279665689515,3.54065440871815,-21.5676530204276,-3.36456920179459,TRUE
1021,6,-12.17,12.7038038048102,5.1863061857021,-25.5018244750141,1.16182447501406,TRUE
1022,6,-20.5788888888889,11.3512937425489,4.63414626494873,-32.491341101248,-8.66643667652981,TRUE
1023,6,-22.6455555555556,10.7360138819803,4.38295931371477,-33.9123111537237,-11.3787999573874,TRUE
1024,6,-22.0766666666667,7.67220466648567,3.13216443918165,-30.128151680253,-14.0251816530803,FALSE
1025,6,-15.4227777777778,7.62412003422666,3.11253397026432,-23.4238010645402,-7.42175449101533,TRUE
1026,6,-21.8472222222222,10.0232182493486,4.09196171524274,-32.3659446795444,-11.3284997649,TRUE
1027,6,-16.4255555555556,5.70147063549462,2.32761564007059,-22.408882040264,-10.4422290708471,TRUE
1028,6,-19.3638888888889,11.494504467917,4.69261179875634,-31.4266315404646,-7.3011462373132,TRUE
1029,6,-12.2,9.25450256781951,3.77813485240574,-21.9120048241787,-2.48799517582132,TRUE
1030,6,-13.9305555555556,7.48192768288038,3.05448418591017,-21.7823571210946,-6.0787539900165,TRUE
1031,6,-18.2361111111111,15.6831265897343,6.40260961938736,-34.6945430993786,-1.77767912284363,TRUE
1032,6,-13.4183333333333,6.48123333599058,2.64595242951555,-20.2199705866038,-6.61669608006288,TRUE
1033,6,-23.9716666666667,5.8064361798879,2.37046764412676,-30.0651477346225,-17.8781855987108,FALSE
1034,6,-8.62333333333333,7.31868871072164,2.98784215458928,-16.303826103669,-0.942840562997646,TRUE
1035,6,-11.0972222222222,15.1543260294679,6.18672769466228,-27.0007120561492,4.80626761170476,TRUE
1036,6,-13.0772222222222,6.56913368774053,2.68183759784865,-19.9711052373785,-6.18333920706597,TRUE
1037,6,-12.0311111111111,10.6217480600818,4.33631048726626,-23.177952083357,-0.884270138865229,TRUE
1038,6,-22.1594444444444,10.9191675337285,4.45773147893316,-33.6184080123342,-10.7004808765547,TRUE
1039,6,-7.28166666666666,8.15630764773158,3.32979865368375,-15.8411866021524,1.27785326881903,TRUE
1040,6,-7.11666666666667,4.65456908137942,1.9002198703191,-12.0013373490241,-2.23199598430919,FALSE
1041,6,-12.6627777777778,13.5921474742942,5.54897097011333,-26.9268617600243,1.60130620446877,TRUE
1042,6,-9.77777777777778,10.3195535361364,4.212940089478,-20.607485046414,1.05192949085839,TRUE
1043,6,-20.25,10.9478696050368,4.46944905047757,-31.7390845444596,-8.7609154555404,TRUE
1044,6,-13.5727777777778,11.1717070050824,4.56083028638806,-25.2967652673869,-1.84879028816867,TRUE
1045,6,-16.1488888888889,7.66085161110744,3.12752957373194,-24.1884596015396,-8.10931817623818,TRUE
1046,6,-13.2516666666667,11.1459566659843,4.55031775447239,-24.9486308326868,-1.55470250064651,TRUE
1047,6,-21.6161111111111,8.00971366298215,3.26995191001751,-30.0217900944064,-13.2104321278158,TRUE
1048,6,-10.0544444444444,6.27235829003084,2.56067954908193,-16.6368807801998,-3.47200810868905,TRUE
1049,6,-17.585,7.8076719392602,3.18746872170565,-25.7786491976754,-9.39135080232456,TRUE
1050,6,-11.3905555555556,9.61691990808484,3.92609111200353,-21.482894053125,-1.29821705798612,TRUE
1051,6,-15.6472222222222,6.27020305064328,2.55979967628642,-22.2273967729518,-9.06704767149263,TRUE
1052,6,-14.6627777777778,11.4779602169001,4.68585763656168,-26.708158302701,-2.61739725285461,TRUE
1053,6,-26.8372222222222,5.23146948408982,2.13573847349354,-32.3273127478543,-21.3471316965901,FALSE
1054,6,-10.0744444444444,11.6055250571377,4.737935764512,-22.2536960591107,2.10480717022176,TRUE
1055,6,-13.0505555555556,17.76527804663,7.2526443921519,-31.6940714903508,5.59296037923968,TRUE
1056,6,-16.75,19.9603680660787,8.1487861400061,-37.6971216339846,4.19712163398465,TRUE
1057,6,-8.09222222222222,17.8806559246661,7.29974721361747,-26.8568198142841,10.6723753698397,TRUE
1058,6,-13,8.40420133028714,3.43100082580385,-21.8196684008646,-4.18033159913544,TRUE
1059,6,-11.6938888888889,3.74029078885387,1.52696732038733,-15.6190833462868,-7.76869443149097,TRUE
1060,6,-14.9266666666667,14.398074562632,5.87798932616575,-30.0365192585725,0.183185925239156,TRUE
1061,6,-11.5861111111111,10.9877987719039,4.48575006459068,-23.1170987463523,-0.0551234758698769,TRUE
1062,6,-11.9783333333333,8.60462479006363,3.51282336062645,-21.0083332559586,-2.94833341070806,TRUE
1063,6,-11.7172222222222,5.39688692845408,2.20326986236815,-17.3809077094307,-6.05353673501373,TRUE
1064,6,-4.46333333333333,8.87029750221366,3.6212837911846,-13.7721396686367,4.84547300197,FALSE
1065,6,-12.0911111111111,10.7393969759669,4.38434045605127,-23.361417048682,-0.820805173540279,TRUE
1066,6,-11.1566666666667,11.0179780359193,4.49807069753245,-22.7193254971515,0.405992163818203,TRUE
1067,6,-12.5927777777778,4.58590663115045,1.87218854239406,-17.4053916377424,-7.78016391781318,TRUE
1068,6,-20.7222222222222,14.4526198573387,5.9002573494826,-35.8893165903819,-5.55512785406258,TRUE
1069,6,-8.88055555555555,8.46822148890693,3.4571369461156,-17.7674089925475,0.00629788143641896,TRUE
1070,6,-16.7566666666667,6.86948550556089,2.80445571401152,-23.9657495839511,-9.54758374938218,TRUE
1071,6,-15.3577777777778,11.5827008300533,4.72861781282365,-27.5130768350886,-3.202478720467,TRUE
1072,6,-10.1211111111111,9.19344275174592,3.75320728687767,-19.7690375881367,-0.473184634085531,TRUE
1073,6,-21.8533333333333,14.6578208172672,5.98403029057495,-37.2357729021828,-6.47089376448388,TRUE
1074,6,-8.28722222222222,8.11373414969038,3.31241809588936,-16.8020640115484,0.227619567103998,TRUE
1075,6,-7.48277777777778,10.0526678419582,4.10398446108049,-18.032405687165,3.06685013160941,TRUE
1076,6,-14.9922222222222,10.632541802654,4.34071701421906,-26.1503905326112,-3.8340539118332,TRUE
1077,6,-12.5044444444444,14.5037495024435,5.92113093968866,-27.7251960844323,2.71630719554339,TRUE
1078,6,-11.4361111111111,5.66058552788654,2.31092436478416,-17.3765313067547,-5.49569091546755,TRUE
1079,6,-13.0422222222222,12.3552931826659,5.04402732000316,-26.0083072294757,-0.076137214968778,TRUE
1080,6,-7.14611111111111,7.03914054623358,2.87371709433472,-14.5332360745655,0.241013852343291,TRUE
1081,6,-17.8405555555556,10.7170123151447,4.37520195653799,-29.0873702322726,-6.59374087883855,TRUE
1082,6,-16.3322222222222,13.9907629315705,5.71170504909884,-31.0146274719479,-1.64981697249652,TRUE
1083,6,-12.8822222222222,11.4563383071297,4.67703052886137,-24.9049119444298,-0.859532500014678,TRUE
1084,6,-14.9166666666667,5.73981106928714,2.34326805662203,-20.9402289690461,-8.89310436428726,TRUE
1085,6,-9.96777777777778,7.10355956676077,2.9000160493383,-17.4225063572606,-2.51304919829495,TRUE
1086,6,-19.6538888888889,9.04327679467931,3.69190229161935,-29.1442258586697,-10.1635519191081,TRUE
1087,6,-17.8688888888889,11.4125982369712,4.6591737199944,-29.8456762225806,-5.89210155519722,TRUE
1088,6,-15.3316666666667,13.3240565644751,5.43952331449079,-29.3144064934169,-1.34892683991641,TRUE
1089,6,-13.0005555555556,12.3756622119863,5.05234294140163,-25.9880165481279,-0.0130945629831913,TRUE
1090,6,-11.8944444444445,11.834600620716,4.83145547172988,-24.314096119759,0.525207230870061,TRUE
1091,6,-17.6672222222222,10.0924509558529,4.12022584931733,-28.2585999491966,-7.07584449524789,TRUE
1092,6,-21.1944444444444,11.2996254936301,4.61305279065639,-33.0526741549372,-9.33621473395172,TRUE
1093,6,-20.2105555555556,14.6819168316624,5.99386744725879,-35.6182823406908,-4.8028287704203,TRUE
1094,6,-13.8177777777778,12.3359355212803,5.03612458783513,-26.7635481652682,-0.872007390287383,TRUE
1095,6,-9.28333333333333,9.48922804494069,3.87396112716878,-19.2416674387946,0.675000772127918,TRUE
1096,6,-17.3694444444445,13.1458627909513,5.36677601107838,-31.1651813744513,-3.57370751443765,TRUE
1097,6,-14.2666666666667,4.07711117772812,1.66447366833861,-18.5453324443928,-9.98800088894049,TRUE
1098,6,-16.5061111111111,9.43867538179818,3.85332308886246,-26.411393450179,-6.60082877204327,TRUE
1099,6,-17.3383333333333,6.08097570752882,2.48254793695092,-23.7199259661558,-10.9567407005109,TRUE
1100,6,-9.43388888888888,8.14996153137933,3.32720786253186,-17.9867489836996,-0.881028794078157,TRUE
1101,6,-21.235,2.33189360344287,0.951991577149168,-23.6821722558984,-18.7878277441016,FALSE
1102,6,-12.3555555555556,9.59076793742971,3.91541461469131,-22.420449243066,-2.29066186804512,TRUE
1103,6,-11.8827777777778,13.4665201999736,5.49768385013629,-26.0150240210092,2.2494684654537,TRUE
1104,6,-11.98,5.87020007230493,2.39649914419933,-18.1403971691968,-5.81960283080322,TRUE
1105,6,-16.3005555555556,10.5519938961878,4.3078334691038,-27.37419402218,-5.22691708893117,TRUE
1106,6,-4.76777777777779,15.474022053704,6.31724305002478,-21.0067680134712,11.4712124579157,TRUE
1107,6,-13.8894444444444,9.54166149441879,3.89536699328134,-23.9028040805107,-3.87608480837819,TRUE
1108,6,-18.6077777777778,7.09938140236854,2.8983103208679,-26.0581216426381,-11.1574339129175,TRUE
1109,6,-4.73944444444445,13.0325209323389,5.32050439106187,-18.4162363885313,8.93734749964245,TRUE
1110,6,-16.1872222222222,8.98809543950384,3.66937459770349,-25.6196499112241,-6.75479453322033,TRUE
1111,6,-5.82722222222222,14.2687983480143,5.82521253255044,-20.8014077471174,9.14696330267294,TRUE
1112,6,-10.5772222222222,9.05104939690339,3.69507544318979,-20.0757160377917,-1.07872840665275,TRUE
1113,6,-16.5816666666667,14.0004618574611,5.715664619013,-31.2742503148906,-1.88908301844269,TRUE
1114,6,-9.28666666666666,8.2976588398308,3.38750503621329,-17.9945255808831,-0.578807752450258,TRUE
1115,6,-8.33500000000001,17.2878601914754,7.0577393689481,-26.4774966224733,9.80749662247329,TRUE
1116,6,-16.5255555555556,14.5468667365812,5.9387334768149,-31.7915559577412,-1.25955515336988,TRUE
1117,6,-17.88,9.83181163367159,4.01382029160915,-28.1978535331189,-7.56214646688108,TRUE
1118,6,-15.4972222222222,14.3405583986533,5.8545084505474,-30.5467153017787,-0.447729142665787,TRUE
1119,6,-16.0011111111111,7.58401701435816,3.09616198096057,-23.9600488595561,-8.04217336266613,TRUE
1120,6,-7.78166666666667,7.72753079723545,3.15475123747822,-15.8912128936794,0.32787956034603,TRUE
1121,6,-15.7755555555556,7.70325260787551,3.14483970817647,-23.8596233853818,-7.69148772572932,TRUE
1122,6,-13.9022222222222,11.2343500364169,4.58640419683984,-25.6919495415049,-2.11249490293957,TRUE
1123,6,-9.68944444444445,7.15517323857879,2.92108724262257,-17.198338250639,-2.18055063824989,TRUE
1124,6,-11.6361111111111,11.616210400732,4.74229803776738,-23.8265763061697,0.554354083947461,TRUE
1125,6,-20.2094444444444,7.63366154073643,3.11642927398539,-28.2204809281965,-12.1984079606923,TRUE
1126,6,-15.6544444444444,11.0336736436272,4.504478402547,-27.2335748050478,-4.07531408384105,TRUE
1127,6,-21.0188888888889,5.48055539223968,2.23742736967436,-26.7703790439293,-15.2673987338485,FALSE
1128,6,-12.7438888888889,12.2781839802086,5.01254761992096,-25.6290527509198,0.141274973141973,TRUE
1129,6,-12.9711111111111,9.89913546543147,4.04130513083259,-23.3596166726932,-2.58260554952902,TRUE
1130,6,-7.15722222222223,10.885984754448,4.44418466601907,-18.5813625989043,4.26691815445982,TRUE
1131,6,-12.51,13.3019672730515,5.43050539902953,-26.4695585370703,1.44955853707024,TRUE
1132,6,-15.4677777777778,9.87645745456598,4.03204687166564,-25.8324842265157,-5.10307132903987,TRUE
1133,6,-20.6044444444444,21.6492294619531,8.83826091770224,-43.3239174181042,2.11502852921527,TRUE
1134,6,-18.525,13.0277153706157,5.31854252870366,-32.1967488163449,-4.85325118365513,TRUE
1135,6,-20.8672222222222,13.124521479813,5.35806345728993,-34.6405628197184,-7.09388162472603,TRUE
1136,6,-13.7505555555556,9.8310427652336,4.01350640238375,-24.0676022107333,-3.43350890037785,TRUE
1137,6,-13.9683333333333,13.009453443127,5.31108712802582,-27.6209174321183,-0.315749234548337,TRUE
1138,6,-17.2861111111111,3.9370815003935,1.60730679195255,-21.4178247547992,-13.154397467423,TRUE
1139,6,-17.3311111111111,6.04137352545546,2.46638041382083,-23.6711438026481,-10.9910784195741,TRUE
1140,6,-17.3744444444444,8.92911509032649,3.64529597098087,-26.7449760529661,-8.00391283592277,TRUE
1141,6,-13.3283333333333,7.54633295787505,3.08077752932359,-21.2477240898491,-5.40894257681758,TRUE
1142,6,-18.5816666666667,11.1813153171808,4.56475286337647,-30.3157374614311,-6.84759587190225,TRUE
1143,6,-16.8172222222222,10.147213173339,4.14258243098805,-27.4660693719462,-6.16837507249822,TRUE
1144,6,-14.1727777777778,5.8865014762276,2.40315416448292,-20.3502822212313,-7.99527333432421,TRUE
1145,6,-9.55833333333334,7.85522720514464,3.20688307770553,-17.8018887218926,-1.31477794477403,TRUE
1146,6,-21.9683333333333,8.75561603899018,3.57446527987572,-31.1567888538945,-12.7798778127721,TRUE
1147,6,-19.7444444444444,10.6267565171163,4.33835518128845,-30.8965414700032,-8.59234741888566,TRUE
1148,6,-16.82,11.1916032016071,4.56895287460599,-28.5648672673405,-5.07513273265952,TRUE
1149,6,-19.7816666666667,11.9818911046815,4.89158656001037,-32.355890225272,-7.20744310806129,TRUE
1150,6,-10.8422222222222,16.2251828500796,6.6239031610086,-27.8695073689249,6.18506292448044,TRUE
1151,6,-20.9222222222222,9.81648854771437,4.00756466796248,-31.2239951628245,-10.62044928162,TRUE
1152,6,-11.0166666666667,11.9776530811897,4.88985639416492,-23.5864426923771,1.55310935904376,TRUE
1153,6,-19.7605555555556,13.2708347584161,5.41779560315179,-33.6874425222078,-5.83366858890328,TRUE
1154,6,-13.2733333333333,9.40815296549871,3.84086236458737,-23.1465843609208,-3.40008230574589,TRUE
1155,6,-11.0511111111111,6.5516985640423,2.67471973840482,-17.9266970860724,-4.17552513614977,TRUE
1156,6,-10.1933333333333,10.9526011116589,4.47138067996734,-21.6873832894725,1.30071662280586,TRUE
1157,6,-17.2572222222222,4.00376457109315,1.63453004156856,-21.4589154568802,-13.0555289875642,TRUE
1158,6,-13.7,9.90220828345319,4.04255960353687,-24.091730286329,-3.30826971367099,TRUE
1159,6,-6.77111111111111,5.84495781437744,2.38619403555299,-12.9050181552073,-0.63720406701488,FALSE
1160,6,-8.65055555555555,9.63409856630007,3.93310426985236,-18.7609219493017,1.45981083819054,TRUE
1161,6,-14.9261111111111,6.76180167202883,2.76049397306146,-22.0221867756464,-7.83003544657581,TRUE
1162,6,-4.54111111111111,8.77546622165498,3.58256908301402,-13.7503981208192,4.66817589859697,FALSE
1163,6,-10.4044444444444,8.11382898148222,3.31245681080626,-18.9193857536328,-1.88950313525606,TRUE
1164,6,-14.8094444444444,9.12592288585206,3.72564241705415,-24.3865131678,-5.23237572108888,TRUE
1165,6,-9.34944444444445,11.2944555555501,4.6109421722734,-21.2022486376599,2.50335974877101,TRUE
1166,6,-16.6588888888889,7.31256837891423,2.98534353959184,-24.3329587648979,-8.98481901287989,TRUE
1167,6,-18.71,13.8275607232641,5.64507802655782,-33.2211350358192,-4.19886496418078,TRUE
1168,6,-15.4505555555556,5.97706558128342,2.44012680554935,-21.72310119855,-9.17800991256113,TRUE
1169,6,-13.3866666666667,7.28332006101003,2.9734029638085,-21.03004231546,-5.74329101787335,TRUE
1170,6,-21.7705555555556,8.67463183123107,3.5414036155035,-30.8740233622256,-12.6670877488855,TRUE
1171,6,-4.99111111111111,11.4686952985879,4.68207524949945,-17.0267687005568,7.04454647833454,TRUE
1172,6,-16.6633333333333,6.4926991476752,2.65063332753458,-23.477003218026,-9.8496634486407,TRUE
1173,6,-13.0483333333333,8.81935819030437,3.60048790418023,-22.3036821392473,-3.79298452741937,TRUE
1174,6,-22.4644444444444,12.8645826752137,5.251943884687,-35.9649959962021,-8.96389289268681,TRUE
1175,6,-10.8966666666667,9.32232493652856,3.80582321848643,-20.6798467017508,-1.11348663158254,TRUE
1176,6,-11.68,8.42630748179638,3.44002562436623,-20.5228673841193,-2.83713261588069,TRUE
1177,6,-16.4972222222222,8.69345792770293,3.54908933720424,-25.62044680549,-7.37399763895448,TRUE
1178,6,-9.74222222222222,6.47633732793352,2.64395364259616,-16.5387214301444,-2.94572301430006,TRUE
1179,6,-14.2783333333333,16.5376526280015,6.75146841366682,-31.6335354013776,3.07686873471092,TRUE
1180,6,-5.89944444444445,8.62726618644933,3.52206667199463,-14.9532050553739,3.15431616648499,TRUE
1181,6,-12.0744444444444,3.74559217490916,1.52913160218149,-16.0052023653096,-8.14368652357925,TRUE
1182,6,-21.6366666666667,8.5246977137674,3.48019326836674,-30.582788266834,-12.6905450664993,TRUE
1183,6,-9.895,9.37324816224937,3.82661253833185,-19.731620683054,-0.0583793169459828,TRUE
1184,6,-20.4716666666667,4.86782988381658,1.98728322833703,-25.5801408356945,-15.3631924976388,FALSE
1185,6,-15.34,10.0062171784457,4.0850210571106,-25.8408809276004,-4.83911907239963,TRUE
1186,6,-15.3127777777778,7.32358303827563,2.98984025544617,-22.9984068298819,-7.62714872567361,TRUE
1187,6,-13.3661111111111,10.4298242057555,4.2579579018383,-24.3115403504807,-2.42068187174149,TRUE
1188,6,-7.70666666666667,10.8724538781884,4.4386607089176,-19.1166072595629,3.70327392622952,TRUE
1189,6,-11.38,9.7429094445368,3.97752612487637,-21.6045564073761,-1.15544359262389,TRUE
1190,6,-15.805,17.5950278014368,7.18314002060071,-34.2698492597884,2.65984925978844,TRUE
1191,6,-6.72111111111111,14.503633363428,5.92108352613412,-21.9417408706769,8.49951864845466,TRUE
1192,6,-14.12,8.45299105511047,3.45091914755518,-22.9908700769549,-5.24912992304511,TRUE
1193,6,-16.4266666666667,10.8754968213462,4.43990298525976,-27.8398006325628,-5.0135327007705,TRUE
1194,6,-13.375,13.2644106540773,5.41517297353772,-27.2951452826048,0.545145282604738,TRUE
1195,6,-21.8566666666667,9.2393811721589,3.77196156847788,-31.5528025593142,-12.1605307740192,TRUE
1196,6,-10.7433333333333,10.7969582136205,4.40783973292032,-22.0740460851743,0.58737941850767,TRUE
1197,6,-12.0127777777778,13.7215544012034,5.6018011267982,-26.4126660011723,2.3871104456167,TRUE
1198,6,-15.2122222222222,12.2422473729598,4.99787656144655,-28.0596729278292,-2.36477151661524,TRUE
1199,6,-15.7027777777778,7.21595498158743,2.94590128529726,-23.2754581113406,-8.13009744421496,TRUE
1200,6,-19.7838888888889,8.68483977122502,3.54557098955518,-28.8980692715985,-10.6697085061793,TRUE
1201,6,-12.8727777777778,7.15264253162321,2.92005408583429,-20.379015769899,-5.36653978565655,TRUE
1202,6,-10.1977777777778,10.6679931814057,4.35518997898903,-21.3931500285123,0.997594472956715,TRUE
1203,6,-3.62555555555556,9.22873042109179,3.76761341756257,-13.3105141704416,6.05940305933044,FALSE
1204,6,-11.9638888888889,7.54099563619985,3.07859857687404,-19.8776784698171,-4.05009930796067,TRUE
1205,6,-22.1544444444444,15.1147275737815,6.1705616928233,-38.0163782476893,-6.2925106411996,TRUE
1206,6,-15.5933333333333,10.8808524992811,4.44208943162095,-27.0120877385302,-4.17457892813647,TRUE
1207,6,-19.5027777777778,6.33986730203459,2.58823998782337,-26.1560604767441,-12.8494950788115,TRUE
1208,6,-9.75944444444444,7.29884234859403,2.97973991117876,-17.4191097350411,-2.09977915384776,TRUE
1209,6,-14.0833333333333,8.77043214442709,3.58051392959167,-23.2873374029845,-4.87932926368218,TRUE
1210,6,-12.6544444444444,7.54728432886563,3.0811659249041,-20.5748336035845,-4.7340552853044,TRUE
1211,6,-12.9616666666667,6.7642237790698,2.76148279412026,-20.0602841766544,-5.86304915667892,TRUE
1212,6,-17.1994444444444,4.92711608986058,2.01148672060258,-22.3701356710491,-12.0287532178398,TRUE
1213,6,-12.825,11.5086258953882,4.69837684738038,-24.9025621808502,-0.747437819149784,TRUE
1214,6,-7.70833333333334,8.40612442078856,3.43178592421346,-16.5300198939088,1.11335322724217,TRUE
1215,6,-14.8133333333333,12.0670108606527,4.92633655487035,-27.4768845975142,-2.14978206915244,TRUE
1216,6,-20.1672222222222,14.1090813019553,5.76000832153891,-34.9737949866842,-5.36064945776029,TRUE
1217,6,-21.0038888888889,11.6449486267016,4.75403036939042,-33.2245130025073,-8.78326477527048,TRUE
1218,6,-10.9511111111111,14.3985716369779,5.8781922559177,-26.0614853505512,4.15926312832899,TRUE
1219,6,-10.8094444444444,11.421498328769,4.66280716725583,-22.7955718516671,1.1766829627782,TRUE
1220,6,-8.73388888888889,7.27901959719139,2.97164730680634,-16.3727514776828,-1.09502630009494,TRUE
1221,6,-14.4088888888889,11.0034579749917,4.4921429074813,-25.9563098499428,-2.86146792783496,TRUE
1222,6,-14.5955555555556,9.89177585823848,4.03830058377757,-24.9763376830537,-4.21477342805741,TRUE
1223,6,-12.1166666666667,8.55446627986418,3.49234623458531,-21.0940284610446,-3.13930487228878,TRUE
1224,6,-19.3866666666667,7.06234490488503,2.88319023408549,-26.7981431110908,-11.9751902222425,TRUE
1225,6,-8.29777777777778,8.76654085249812,3.57892531631397,-17.4976981869934,0.90214263143787,TRUE
1226,6,-17.09,13.0868682273491,5.34269158134112,-30.8238259324025,-3.35617406759745,TRUE
1227,6,-7.91888888888889,8.12650633330124,3.31763231801399,-16.4471342628956,0.609356485117861,TRUE
1228,6,-15.2927777777778,13.388092456718,5.46566585802727,-29.3427191520802,-1.24283640347531,TRUE
1229,6,-6.52666666666667,4.98082010204031,2.033411291766,-11.7537167976581,-1.29961653567521,FALSE
1230,6,-9.125,5.22708236016996,2.1339474376532,-14.610486521434,-3.63951347856603,TRUE
1231,6,-25.3777777777778,5.70184986226855,2.32777045875275,-31.3615022365784,-19.3940533189772,FALSE
1232,6,-11.1766666666667,7.35169882105868,3.0013184757024,-18.8918014232669,-3.4615319100664,TRUE
1233,6,-16.9422222222222,7.90770332345946,3.22830636329773,-25.2408479195845,-8.64359652485994,TRUE
1234,6,-8.62333333333334,12.3475329069774,5.0408592007198,-21.5812744307038,4.33460776403717,TRUE
1235,6,-13.6127777777778,10.0190282111738,4.09025113932092,-24.1271030597069,-3.0984524958487,TRUE
1236,6,-13.1022222222222,5.66827689540331,2.31406435242421,-19.0507140130574,-7.15373043138703,TRUE
1237,6,-14.0305555555556,18.616204938072,7.60003384089282,-33.5670644971759,5.50595338606481,TRUE
1238,6,-22.0316666666667,6.78878773337987,2.77151098647438,-29.1560624657642,-14.9072708675692,FALSE
1239,6,-12.1411111111111,14.5235111559256,5.92919860093948,-27.3826013345664,3.10037911234417,TRUE
1240,6,-6.55277777777777,8.23721107513315,3.36282733961311,-15.1972006533684,2.09164509781287,TRUE
1241,6,-18.3077777777778,11.6864745499833,4.77098325658013,-30.5719806752676,-6.04357488028792,TRUE
1242,6,-15.4144444444444,12.9629469671859,5.29210093872736,-29.0182229898909,-1.810665898998,TRUE
1243,6,-14.3144444444444,14.6000609841446,5.96044993744516,-29.6362687858606,1.00737989697169,TRUE
1244,6,-14.4861111111111,10.3644615911331,4.23127372615847,-25.3629464931793,-3.60927572904295,TRUE
1245,6,-15.7855555555556,11.954273186079,4.88031159195475,-28.3307958860798,-3.24031522503134,TRUE
1246,6,-7.91111111111111,11.6043590787958,4.73745975584718,-20.0891391065499,4.26691688432769,TRUE
1247,6,-18.5038888888889,11.7377359953398,4.79191065401363,-30.8218873740885,-6.18589040368931,TRUE
1248,6,-12.1083333333333,5.85289586444182,2.38943473092139,-18.2505708500784,-5.96609581658827,TRUE
1249,6,-19.7505555555556,10.4697936765549,4.27427536996292,-30.7379301820899,-8.76318092902119,TRUE
1250,6,-12.1216666666667,10.9776323595857,4.48159964414163,-23.6419853064913,-0.601348026842029,TRUE
1251,6,-18.24,9.20265299912054,3.7569673546231,-27.8975920388728,-8.58240796112724,TRUE
1252,6,-11.2622222222222,8.06015072003183,3.29054275233407,-19.7208316507569,-2.80361279368754,TRUE
1253,6,-10.7316666666667,7.54673402502329,3.08094126430123,-18.6514783173418,-2.81185501599155,TRUE
1254,6,-12.52,13.1010337166364,5.34847461812625,-26.2686917017172,1.22869170171721,TRUE
1255,6,-10.4666666666667,4.58673643357792,1.8725273078165,-15.2801513508727,-5.6531819824606,TRUE
1256,6,-15.9183333333333,7.0524453599837,2.87914876180315,-23.3194208425193,-8.51724582414738,TRUE
1257,6,-8.27611111111111,12.5445268130354,5.12128162609977,-21.4407846343412,4.88856241211897,TRUE
1258,6,-18.5872222222222,10.2772279913012,4.19566075815608,-29.3725115556303,-7.80193288881412,TRUE
1259,6,-12.31,5.54490396670673,2.26369756519432,-18.1290198424626,-6.49098015753733,TRUE
1260,6,-14.1238888888889,8.23654172754741,3.3625540796055,-22.7676093272676,-5.4801684505102,TRUE
1261,6,-7.29833333333334,10.2412492185063,4.18097248566956,-18.0458652602907,3.44919859362405,TRUE
1262,6,-12.9516666666667,8.04027051783707,3.28242669377398,-21.3894131024898,-4.5139202308435,TRUE
1263,6,-16.1994444444444,11.5137400848178,4.70046470647213,-28.2823736379513,-4.1165152509376,TRUE
1264,6,-16.3544444444444,10.7639595495889,4.39436808474183,-27.6505272221817,-5.05836166670717,TRUE
1265,6,-18.0294444444444,12.5928973661375,5.14102882171254,-31.2448797500215,-4.81400913886744,TRUE
1266,6,-10.5005555555556,4.92318885667801,2.00988343436954,-15.6671254036922,-5.3339857074189,TRUE
1267,6,-14.9716666666667,11.6342568401348,4.74966546580252,-27.1810704384077,-2.76226289492562,TRUE
1268,6,-15.3783333333333,9.31812659998422,3.80410925476941,-25.1571074844196,-5.5995591822471,TRUE
1269,6,-13.6705555555556,10.2888173203654,4.20039208193418,-24.4680071439262,-2.87310396718495,TRUE
1270,6,-13.5911111111111,9.5596042843872,3.9026921066121,-23.6233005504494,-3.55892167177283,TRUE
1271,6,-13.4411111111111,8.55136471672905,3.49108002673763,-22.4152180145956,-4.46700420762662,TRUE
1272,6,-16.4816666666667,4.21627152298752,1.72128564139112,-20.9063722703683,-12.056961062965,TRUE
1273,6,-11.1627777777778,5.42516212422026,2.21481316270222,-16.8561362631483,-5.46941929240724,TRUE
1274,6,-15.3444444444444,14.0925516444628,5.75326011712565,-30.1336703972185,-0.555218491670393,TRUE
1275,6,-12.56,10.9924735867572,4.48765854976281,-24.0958935525583,-1.02410644744171,TRUE
1276,6,-17.7661111111111,11.9057898924415,4.8605183702112,-30.2604713453526,-5.27175087686959,TRUE
1277,6,-16.6727777777778,9.79535885943875,3.99893850884592,-26.9523764704437,-6.39317908511188,TRUE
1278,6,-16.7283333333333,14.2922010978793,5.83476666517497,-31.7270785380084,-1.72958812865828,TRUE
1279,6,-14.9105555555556,8.37521088733934,3.41916552703062,-23.6998003523743,-6.12131075873678,TRUE
1280,6,-15.6627777777778,3.61827424589659,1.47715427531671,-19.4599237263394,-11.8656318292161,TRUE
1281,6,-14.8005555555556,11.3523666483478,4.63458427690695,-26.7141337134982,-2.8869773976129,TRUE
1282,6,-19.885,6.9206877468131,2.82535894147065,-27.1478163740971,-12.6221836259029,TRUE
1283,6,-12.5961111111111,10.8518791852772,4.43026112570978,-23.9844598879864,-1.20776233423586,TRUE
1284,6,-13.2283333333333,4.21101980258675,1.71914163551552,-17.6475275944756,-8.80913907219104,TRUE
1285,6,-10.4388888888889,2.57706867641569,1.05208388155467,-13.1433566043791,-7.7344211733987,FALSE
1286,6,-14.5016666666667,9.16318667276838,3.74085529435895,-24.1178413360897,-4.88549199724362,TRUE
1287,6,-8.59444444444445,11.7739268756891,4.80668551904661,-20.9504229293218,3.76153404043286,TRUE
1288,6,-13.6766666666667,12.8854862366756,5.26047772791844,-27.1991551608232,-0.154178172510136,TRUE
1289,6,-13.6044444444444,8.41306831771373,3.43462075826232,-22.433418177933,-4.77547071095591,TRUE
1290,6,-13.8677777777778,12.5265779075562,5.1139540161222,-27.0136150799009,-0.721940475654673,TRUE
1291,6,-11.9427777777778,9.92490233182656,4.051824409989,-22.3583240072833,-1.52723154827224,TRUE
1292,6,-8.39166666666666,15.7313238476614,6.42228606754116,-24.9006785751481,8.11734524181483,TRUE
1293,6,-17.1516666666667,6.08104038978711,2.48257434337229,-23.5333271793562,-10.7700061539771,TRUE
1294,6,-18.3433333333333,13.3266459896455,5.44058044288985,-32.3287905951442,-4.35787607152251,TRUE
1295,6,-16.0188888888889,4.78040522069772,1.95159225907437,-21.0356165006339,-11.0021612771439,TRUE
1296,6,-19.6822222222222,9.61697912067025,3.92611528544029,-29.7746228595891,-9.58982158485532,TRUE
1297,6,-17.0383333333333,5.49779541675066,2.24446558020852,-22.8079157845283,-11.2687508821384,TRUE
1298,6,-6.93611111111111,9.62074134742609,3.9276512080817,-17.032459963321,3.16023774109874,TRUE
1299,6,-10.9894444444444,5.76865184198822,2.35504225277291,-17.0432732815785,-4.93561560731039,TRUE
1300,6,-20.615,7.37214841292702,3.00966698662334,-28.3515952871282,-12.8784047128718,TRUE
1301,6,-5.83777777777778,9.9193876752475,4.0495730608681,-16.2475367301275,4.57198117457192,TRUE
1302,6,-12.5716666666667,8.99439374771245,3.67194587126247,-22.0107040247737,-3.13262930855961,TRUE
1303,6,-11.3205555555556,9.29571022130738,3.7949578064962,-21.0758051599409,-1.56530595117021,TRUE
1304,6,-15.2533333333333,9.8229712635457,4.01021122561818,-25.5619094669723,-4.94475719969438,TRUE
1305,6,-13.8561111111111,14.0933291417002,5.75357752904365,-28.646152997196,0.933930774973769,TRUE
1306,6,-11.7877777777778,14.7023902314732,6.00222567773153,-27.2169900783443,3.64143452278876,TRUE
1307,6,-11.9711111111111,16.3197931177882,6.66252764106095,-29.0976836446473,5.15546142242503,TRUE
1308,6,-15.5866666666667,13.5810241800012,5.54442990423388,-29.8390774674491,-1.33425586588426,TRUE
1309,6,-10.2472222222222,8.11723527554293,3.31384742453336,-18.7657382177979,-1.72870622664658,TRUE
1310,6,-15.7044444444444,7.14977689369603,2.91888419404943,-23.2076751339939,-8.20121375489504,TRUE
1311,6,-12.9994444444444,8.0188049585311,3.27366341588347,-21.4146641573016,-4.58422473158727,TRUE
1312,6,-16.7527777777778,7.84978567765931,3.20466158341213,-24.9906226334585,-8.51493292209704,TRUE
1313,6,-14.72,11.2051708301718,4.57449183577319,-26.4791056203052,-2.96089437969482,TRUE
1314,6,-9.58722222222222,7.98274818082836,3.25894329802669,-17.9646026674983,-1.20984177694611,TRUE
1315,6,-14.3633333333333,12.9875230723782,5.30213409165837,-27.9929029194584,-0.73376374720829,TRUE
1316,6,-14.0805555555556,6.70718235812813,2.73819573153519,-21.1193117654568,-7.04179934565431,TRUE
1317,6,-12.1094444444444,13.3445280365593,5.44788075797244,-26.113667763601,1.89477887471211,TRUE
1318,6,-13.1733333333333,4.78501875068891,1.95347572480628,-18.1949025478768,-8.15176411878984,TRUE
1319,6,-10.455,4.7892851473077,1.95521747393234,-15.4810465232092,-5.42895347679081,TRUE
1320,6,-14.0088888888889,14.5014627103869,5.9201973607409,-29.2272406877915,1.20946291001369,TRUE
1321,6,-15.3833333333333,4.93242694376263,2.01365486762899,-20.5595979593011,-10.2070687073656,TRUE
1322,6,-12.1727777777778,9.41815349127341,3.84494506213863,-22.0565237135309,-2.28903184202468,TRUE
1323,6,-14.955,4.9969540722324,2.03999795751532,-20.1989816943241,-9.71101830567595,TRUE
1324,6,-12.2305555555556,8.14084855436982,3.32348750524669,-20.7738521675069,-3.68725894360417,TRUE
1325,6,-17.7855555555556,6.36731363786668,2.59944490750631,-24.4676414175286,-11.1034696935825,TRUE
1326,6,-17.7038888888889,14.3953977856608,5.8768965365433,-32.810932375641,-2.59684540213673,TRUE
1327,6,-17.9005555555556,8.88041100567027,3.62541261168136,-27.2199753618305,-8.58113574928064,TRUE
1328,6,-10.055,17.485486394277,7.1384199283927,-28.4048926030706,8.29489260307056,TRUE
1329,6,-14.4661111111111,5.83818747240639,2.38343005501745,-20.5929131170486,-8.3393091051736,TRUE
1330,6,-20.2027777777778,8.78842936711337,3.58786126498644,-29.4256687743351,-10.9798867812205,TRUE
1331,6,-13.5905555555556,7.71270565486058,3.1486988984478,-21.6845437497936,-5.49656736131757,TRUE
1332,6,-11.9083333333333,9.69933852269204,3.95973837051932,-22.0871648624624,-1.72950180420424,TRUE
1333,6,-11.565,7.48386226786975,3.05527397692483,-19.4188317879753,-3.71116821202472,TRUE
1334,6,-18.9516666666667,7.72962116363625,3.15560462598779,-27.0634065986808,-10.8399267346525,TRUE
1335,6,-6.86166666666667,8.65016936250384,3.53141685446508,-15.9394626868145,2.21612935348119,TRUE
1336,6,-9.07611111111111,8.29368579547562,3.38588304764735,-17.7798005709823,-0.372421651239916,TRUE
1337,6,-13.5961111111111,10.0804729643596,4.115335854767,-24.174918706918,-3.01730351530422,TRUE
1338,6,-17.6361111111111,12.1790826906293,4.97208968786742,-30.4172745478977,-4.8549476743245,TRUE
1339,6,-23.2638888888889,4.78650715456905,1.95408336314587,-28.2870200875108,-18.240757690267,FALSE
1340,6,-17.5633333333333,10.2888755459477,4.20041585242858,-28.3608460257051,-6.7658206409616,TRUE
1341,6,-9.47333333333333,10.2710274288624,4.19312938914053,-20.2521155755308,1.30544890886412,TRUE
1342,6,-14.0072222222222,8.04240578065672,3.2832984111698,-22.4472094789489,-5.56723496549558,TRUE
1343,6,-14.7544444444444,10.7401207662705,4.38463594220535,-26.0255099533556,-3.48337893553325,TRUE
1344,6,-13.3783333333333,10.0707576124584,4.11136957896208,-23.946945292601,-2.80972137406569,TRUE
1345,6,-20.1977777777778,11.2974153714057,4.61215051203655,-32.0536881072397,-8.3418674483159,TRUE
1346,6,-12.8933333333333,5.23939139807498,2.13897258133518,-18.3917373978377,-7.394929268829,TRUE
1347,6,-19.4038888888889,9.08749211625314,3.70995312106418,-28.9406269929587,-9.86715078481906,TRUE
1348,6,-12.6638888888889,7.29105796824414,2.9765619512086,-20.3153849733119,-5.01239280446588,TRUE
1349,6,-15.4911111111111,9.31164997114825,3.80146518211915,-25.2630884570705,-5.71913376515173,TRUE
1350,6,-7.46666666666667,8.14810434668362,3.32644967005476,-16.0175777656678,1.0842444323345,TRUE
1351,6,-20.2672222222222,11.0276336570487,4.5020125883519,-31.8400140056456,-8.6944304387988,TRUE
1352,6,-13.3094444444444,6.76109045007343,2.76020361791403,-20.4047737273119,-6.214115161577,TRUE
1353,6,-12.9811111111111,10.8908435887251,4.44616827680633,-24.4103505216519,-1.55187170057033,TRUE
1354,6,-10.2983333333333,11.9161945361018,4.86476604819839,-22.8036125714524,2.20694590478569,TRUE
1355,6,-12.4533333333333,11.8148830811914,4.8234058199268,-24.8522927199396,-0.054373946727015,TRUE
1356,6,-17.46,11.2488940690975,4.59234177331816,-29.2649903455255,-5.65500965447449,TRUE
1357,6,-13.7488888888889,9.32380815539007,3.80642874005102,-23.5336254667081,-3.96415231106972,TRUE
1358,6,-16.8927777777778,9.12945645617444,3.72708499109749,-26.4735547557657,-7.31200079978983,TRUE
1359,6,-15.9905555555556,7.87862295262501,3.21643435161851,-24.2586632753428,-7.72244783576834,TRUE
1360,6,-17.4638888888889,13.064922913693,5.33373244455732,-31.174684627012,-3.75309315076576,TRUE
1361,6,-16.3122222222222,4.83492188454267,1.97384859389086,-21.3861615639744,-11.2382828804701,TRUE
1362,6,-17.5988888888889,13.179019802814,5.3803123044882,-31.4294219688568,-3.76835580892096,TRUE
1363,6,-13.5,12.1660531352156,4.96677039414428,-26.2674897569635,-0.732510243036506,TRUE
1364,6,-17.8327777777778,10.9333090277508,4.46350471969237,-29.3065819334959,-6.35897362205962,TRUE
1365,6,-10.3605555555556,9.34191234685363,3.81381974526625,-20.1642913171281,-0.556819793983022,TRUE
1366,6,-15.51,9.20606925409053,3.75836203487439,-25.1711771785932,-5.84882282140676,TRUE
1367,6,-19.1472222222222,8.22201203184791,3.35662235617522,-27.775694680097,-10.5187497643474,TRUE
1368,6,-9.815,6.34338807122993,2.58967733582848,-16.4719775196397,-3.15802248036026,TRUE
1369,6,-14.5333333333333,8.22518976478152,3.35791966021292,-23.1651406174027,-5.90152604926395,TRUE
1370,6,-9.66722222222222,14.959261481573,6.1070929264541,-25.3660043675081,6.0315599230637,TRUE
1371,6,-15.7672222222222,12.4837196053574,5.09645718751738,-28.8680824945525,-2.66636194989192,TRUE
1372,6,-13.9516666666667,9.12103228806915,3.72364583886993,-23.5236030224085,-4.37973031092488,TRUE
1373,6,-22.0361111111111,7.90601948353747,3.22761893852817,-30.3329697268474,-13.7392524953749,TRUE
1374,6,-12.3905555555556,8.18942065965235,3.34331698419252,-20.9848254658952,-3.7962856452159,TRUE
1375,6,-7.98277777777778,8.24978664146108,3.3679612930681,-16.6403979008648,0.674842345309262,TRUE
1376,6,-18.3266666666667,11.2071284854279,4.57529104518479,-30.0878267201682,-6.56550661316515,TRUE
1377,6,-16.0811111111111,8.88179828304723,3.62597896529891,-25.4019867757078,-6.76023544651438,TRUE
1378,6,-7.54833333333333,11.8683865326711,4.84524851252731,-20.0034411487799,4.90677448211326,TRUE
1379,6,-9.14222222222222,11.9969727045648,4.89774359738022,-21.7322729492519,3.44782850480744,TRUE
1380,6,-14.6416666666667,4.26460822741473,1.74101901834019,-19.1170985307093,-10.166234802624,TRUE
1381,6,-7.53222222222223,12.1009427854319,4.94018920515359,-20.2313828575967,5.1669384131522,TRUE
1382,6,-14.9777777777778,6.34744661407392,2.59133422900631,-21.639014476924,-8.31654107863151,TRUE
1383,6,-8.81944444444445,8.97807339309787,3.6652831143913,-18.2413546407632,0.602465751874318,TRUE
1384,6,-16.2583333333333,7.60410934224968,3.10436463947372,-24.2383566867562,-8.27830997991052,TRUE
1385,6,-12.7688888888889,14.595921906351,5.95876016601184,-28.0863695345521,2.54859175677436,TRUE
1386,6,-8.7427777777778,14.7946268649829,6.03988112568001,-24.2687864888535,6.78323093329786,TRUE
1387,6,-13.5677777777778,8.27609587685903,3.37870199344272,-22.2530077501499,-4.88254780540571,TRUE
1388,6,-14.1183333333333,9.18316787509747,3.74901258605121,-23.7554769886085,-4.48118967805818,TRUE
1389,6,-12.6855555555556,6.49360905186927,2.6510047943663,-19.5001803261383,-5.87093078497278,TRUE
1390,6,-17.4577777777778,11.6140473692979,4.74141498388221,-29.6459730105592,-5.26958254499633,TRUE
1391,6,-16.9177777777778,11.2379384559954,4.58786916299824,-28.711270912457,-5.12428464309854,TRUE
1392,6,-14.5655555555556,6.52811617089806,2.66509226671863,-21.4163933266773,-7.71471778443383,TRUE
1393,6,-9.36833333333333,10.6849020689112,4.36209300340678,-20.5814503732471,1.8447837065804,TRUE
1394,6,-19.0183333333333,5.467059640347,2.23191775203565,-24.7556605653504,-13.2810061013163,TRUE
1395,6,-16.8694444444445,11.8248607070333,4.82747916861966,-29.2788747072108,-4.46001418167805,TRUE
1396,6,-13.1227777777778,2.13624636185027,0.87211892523502,-15.3646308455016,-10.880924710054,TRUE
1397,6,-17.9544444444444,6.30034237752791,2.5721040049628,-24.5662482789692,-11.3426406099197,TRUE
1398,6,-12.9,12.1435001361039,4.95756317081211,-25.6438218359092,-0.15617816409083,TRUE
1399,6,-13.7372222222222,12.1364141540456,4.95467033075055,-26.4736077760158,-1.00083666842869,TRUE
1400,6,-10.4533333333333,10.0887653687984,4.11872121470299,-21.0408432738988,0.134176607232103,TRUE
1401,6,-16.3444444444444,6.60346900976774,2.69585493436878,-23.2743601702433,-9.41452871864553,TRUE
1402,6,-11.295,5.5551764648439,2.26789129499761,-17.1248001681186,-5.46519983188144,TRUE
1403,6,-10.5805555555556,6.13421856534371,2.50428424263326,-17.0180231409389,-4.14308797017225,TRUE
1404,6,-11.3127777777778,5.16773813262702,2.1097202582099,-16.7359863518061,-5.88956920374947,TRUE
1405,6,-9.16444444444444,7.05857639618221,2.88165174684996,-16.5719660815266,-1.75692280736227,TRUE
1406,6,-13.7072222222222,13.1904587430404,5.38498223228037,-27.5497597337464,0.135315289301982,TRUE
1407,6,-18.7633333333333,6.90476035467963,2.81885661086062,-26.009434934475,-11.5172317321917,TRUE
1408,6,-12.8588888888889,7.37827913289833,3.01216984257094,-20.6019179720532,-5.11585980572453,TRUE
1409,6,-8.09611111111111,8.7651566295612,3.57836020966635,-17.2945788674432,1.10235664522097,TRUE
1410,6,-9.33333333333334,10.0042995201508,4.08423817639,-19.8322018019738,1.16553513530717,TRUE
1411,6,-20.5211111111111,11.9280710309135,4.86961460690198,-33.0388539661626,-8.00336825605963,TRUE
1412,6,-12.2672222222222,6.35010320709363,2.59241877856507,-18.9312468447641,-5.60319759968038,TRUE
1413,6,-19.6694444444444,11.0757156611845,4.5216419843424,-31.2926951966456,-8.04619369224331,TRUE
1414,6,-8.295,12.3072948106217,5.02443206667108,-21.2107138049733,4.6207138049733,TRUE
1415,6,-15.5066666666667,9.7480564444634,3.97962737879742,-25.7366245192043,-5.27670881412905,TRUE
1416,6,-8.84277777777777,11.0752295018441,4.5214435106228,-20.4655183370404,2.77996278148489,TRUE
1417,6,-11.1822222222222,12.7506527356518,5.20543218162823,-24.5632116349525,2.19876719050803,TRUE
1418,6,-19.1483333333333,8.42910823014841,3.44116902509297,-27.9941399225916,-10.302526744075,TRUE
1419,6,-13.4594444444444,17.0133532414547,6.94567237588172,-31.3138636901669,4.39497480127803,TRUE
1420,6,-15.6327777777778,18.2073123792084,7.43310415275334,-34.7401802952384,3.47462473968282,TRUE
1421,6,-16.3927777777778,7.30860297234755,2.98372466914,-24.062686214809,-8.72286934074653,TRUE
1422,6,-11.7172222222222,14.7823695915351,6.03487711474919,-27.2303677136938,3.79592326924931,TRUE
1423,6,-21.1516666666667,10.225199536222,4.17442023031453,-31.882355485026,-10.4209778483074,TRUE
1424,6,-15.7827777777778,10.0796294942196,4.11499150952427,-26.3607002059585,-5.20485534959703,TRUE
1425,6,-22.565,9.29547339061092,3.79486112076924,-32.3200010658119,-12.8099989341881,TRUE
1426,6,-14.7516666666667,11.3596018611765,4.63753804017542,-26.672837714814,-2.8304956185193,TRUE
1427,6,-11.5633333333333,9.02250913610571,3.68342393050974,-21.0318759820498,-2.09479068461687,TRUE
1428,6,-22.3005555555556,6.49792630739195,2.65276730655292,-29.1197110079504,-15.4814001031607,FALSE
1429,6,-19.9988888888889,11.7535958879101,4.79838542804237,-32.3335313105966,-7.66424646718118,TRUE
1430,6,-14.4883333333333,9.08898032418011,3.71056067940622,-24.0266332158413,-4.95003345082537,TRUE
1431,6,-11.8944444444445,3.78077632631576,1.54349547184465,-15.8621258677552,-7.92676302113369,TRUE
1432,6,-4.59777777777778,7.28531023259718,2.97421544795669,-12.2432419835642,3.04768642800861,FALSE
1433,6,-11.8916666666667,8.27601776218491,3.37867010326055,-20.5768146627157,-3.20651867061763,TRUE
1434,6,-18.7238888888889,19.2772467394037,7.86990302621165,-38.9541186562878,1.50634087851003,TRUE
1435,6,-15.2094444444444,8.89495822653776,3.63135148973152,-24.5441306227591,-5.87475826612973,TRUE
1436,6,-12.2055555555556,14.5719921106921,5.94899086784297,-27.497923420799,3.08681230968788,TRUE
1437,6,-10.7738888888889,9.30640243575874,3.79932288476724,-20.5403592841889,-1.00741849358887,TRUE
1438,6,-12.4377777777778,10.9115947844823,4.45463991699929,-23.8887942327166,-0.986761322838937,TRUE
1439,6,-10.4144444444444,9.0605907746231,3.69897069433253,-19.9229513218467,-0.9059375670422,TRUE
1440,6,-19.6072222222222,10.6257361400761,4.33793861410614,-30.7582484277488,-8.45619601669562,TRUE
1441,6,-11.0805555555555,8.03271433760902,3.27934189611345,-19.5103722665459,-2.65073884456518,TRUE
1442,6,-12.33,13.5299838219498,5.52359276531471,-26.5288472299702,1.86884722997015,TRUE
1443,6,-8.82388888888888,13.631236581497,5.5649290313046,-23.1289943733657,5.48121659558792,TRUE
1444,6,-12.8694444444444,6.09946388050865,2.49009570196374,-19.2704392249085,-6.46844966398041,TRUE
1445,6,-8.235,9.35672705122423,3.81986782299927,-18.0542828403336,1.58428284033356,TRUE
1446,6,-9.78666666666666,7.63650647293061,3.11759071269014,-17.8006887236564,-1.77264460967691,TRUE
1447,6,-22.5661111111111,11.8760126897628,4.84836187812281,-35.0292220876052,-10.103000134617,TRUE
1448,6,-10.9627777777778,11.7601370771804,4.80105585737961,-23.3042847566331,1.37872920107756,TRUE
1449,6,-7.85499999999999,14.2625164913723,5.82264797531539,-22.8225931206503,7.11259312065032,TRUE
1450,6,-16.9211111111111,10.644433634882,4.34557183439662,-28.0917591340638,-5.75046308815837,TRUE
1451,6,-9.60055555555556,9.81973260931877,4.00888905056664,-19.9057329300235,0.704621818912344,TRUE
1452,6,-14.5688888888889,5.66151124962493,2.31130228910131,-20.5102805699173,-8.62749720786044,TRUE
1453,6,-4.71722222222222,11.5039037657593,4.69644904603205,-16.7898288319437,7.35538438749925,TRUE
1454,6,-12.0872222222222,8.8764941569585,3.62381356489078,-21.4025315478629,-2.77191289658152,TRUE
1455,6,-8.67833333333333,10.165473973756,4.15003737154079,-19.346344017828,1.98967735116129,TRUE
1456,6,-16.2877777777778,9.96888039331881,4.06977837841113,-26.7494761523868,-5.82607940316873,TRUE
1457,6,-13.6233333333333,11.5687062562952,4.72290455201113,-25.7639459861772,-1.48272068048947,TRUE
1458,6,-14.4966666666667,15.9845183432804,6.52565228753247,-31.2713899026762,2.27805656934286,TRUE
1459,6,-13.6188888888889,7.49432041739066,3.05954349858816,-21.4836958316988,-5.75408194607898,TRUE
1460,6,-12.4188888888889,10.7472850662991,4.38756075544442,-23.6974728695851,-1.14030490819271,TRUE
1461,6,-9.08555555555556,9.66937701467121,3.94750663609009,-19.2329444103426,1.06183329923144,TRUE
1462,6,-17.9827777777778,5.5337242499129,2.25913346492536,-23.790065226993,-12.1754903285625,TRUE
1463,6,-10.4266666666667,6.62042428986072,2.70277689848107,-17.3743758676796,-3.47895746565376,TRUE
1464,6,-9.85777777777778,11.2928800906031,4.61029899140213,-21.7089286219285,1.99337306637295,TRUE
1465,6,-9.91333333333333,5.48281314655169,2.23834909401252,-15.6671928562149,-4.15947381045175,TRUE
1466,6,-9.12333333333333,6.63626467893565,2.70924371024119,-16.0876660031913,-2.15900066347539,TRUE
1467,6,-14.4816666666667,9.75231431222582,3.98136564603245,-24.7160928773841,-4.2472404559492,TRUE
1468,6,-17.7855555555556,9.36043390890416,3.8213811413101,-27.6087285044505,-7.96238260666065,TRUE
1469,6,-6.05333333333333,10.3985349395426,4.24518411239703,-16.965926501593,4.85925983492633,TRUE
1470,6,-13.4016666666667,10.3337803666745,4.21874816872389,-24.2463040783122,-2.55702925502108,TRUE
1471,6,-17.525,7.93197796545379,3.23821644439354,-25.8491003718168,-9.20089962818315,TRUE
1472,6,-15.9733333333333,12.0005068411482,4.89918640259864,-28.5670929092498,-3.37957375741685,TRUE
1473,6,-7.69388888888889,8.4474204916627,3.4486449745507,-16.5589130180274,1.1711352402496,TRUE
1474,6,-17.8216666666667,14.6923261527158,5.99811703478375,-33.2403173643025,-2.40301596903081,TRUE
1475,6,-17.5833333333333,10.9925194766461,4.4876772842315,-29.1192750443765,-6.04739162229013,TRUE
1476,6,-5.68555555555555,9.33677357231826,3.8117218493471,-15.4838985039853,4.11278739287418,TRUE
1477,6,-17.7388888888889,10.0954226518021,4.12143903910836,-28.3333852195032,-7.14439255827456,TRUE
1478,6,-3.62999999999999,11.1107491496598,4.53594434612144,-15.290016143597,8.03001614359703,TRUE
1479,6,-21.3366666666667,9.14876725150565,3.73496859027896,-30.9377090815099,-11.7356242518234,TRUE
1480,6,-13.2177777777778,5.73661908431425,2.34196493421366,-19.2379902973646,-7.19756525819095,TRUE
1481,6,-9.2761111111111,9.01028804982065,3.67843469292625,-18.7318285163218,0.179606294099571,TRUE
1482,6,-10.6855555555556,14.2726535205798,5.82678640015973,-25.6637868359389,4.29267572482775,TRUE
1483,6,-9.06444444444444,7.0221432836632,2.8667779909478,-16.4337318747768,-1.69515701411206,TRUE
1484,6,-10.7,7.56325796936156,3.08768713632905,-18.6371524667754,-2.76284753322465,TRUE
1485,6,-11.3122222222222,9.99625767011872,4.08095510486225,-21.8026512868284,-0.821793157616037,TRUE
1486,6,-21.1077777777778,9.76814270226699,3.98782755920756,-31.3588148651266,-10.8567406904289,TRUE
1487,6,-9.55555555555555,8.13923192299473,3.3228275182515,-18.0971556169253,-1.01395549418575,TRUE
1488,6,-15.1938888888889,12.5647176944307,5.1295245189124,-28.3797514426562,-2.00802633512158,TRUE
1489,6,-17.1333333333333,13.2245391434089,5.39889549746914,-31.0116360316262,-3.25503063504048,TRUE
1490,6,-12.32,9.17267245681432,3.74472784947941,-21.9461293892732,-2.69387061072679,TRUE
1491,6,-11.3305555555556,10.4872766121973,4.2814127485512,-22.336277397843,-0.324833713268092,TRUE
1492,6,-17.7261111111111,9.7589037218251,3.98405576123653,-27.9674524831079,-7.48476973911429,TRUE
1493,6,-17.6666666666667,12.7202262383794,5.19301061613196,-31.015725428762,-4.31760790457131,TRUE
1494,6,-13.8522222222222,19.6750944277465,8.03232366484258,-34.4999675330183,6.79552308857382,TRUE
1495,6,-13.1677777777778,10.9529181634985,4.47151011583888,-24.6621604594172,-1.67339509613833,TRUE
1496,6,-24.3033333333333,9.77506101146063,3.99065194710876,-34.5616307409178,-14.0450359257489,FALSE
1497,6,-14.1327777777778,5.91245217661342,2.41374849355178,-20.3375158110965,-7.92803974445907,TRUE
1498,6,-20.8288888888889,10.1429815179795,4.1408548649217,-31.4732951886629,-10.1844825891149,TRUE
1499,6,-17.6966666666667,8.78360720635637,3.58589262610106,-26.9144971158642,-8.47883621746909,TRUE
1500,6,-11.5005555555556,5.99261968931291,2.44647674356208,-17.7894242338629,-5.21168687724819,TRUE
1501,6,-17.1305555555556,7.73054099491582,3.15598014553519,-25.2432607912972,-9.01785031981394,TRUE
1502,6,-12.3772222222222,11.230600541312,4.58487347187318,-24.1630146877102,-0.591429756734232,TRUE
1503,6,-11.8044444444444,9.96031718965408,4.06628246515411,-22.257156287936,-1.35173260095285,TRUE
1504,6,-18.1527777777778,15.9610360867634,6.51606569645318,-34.9028578968932,-1.40269765866235,TRUE
1505,6,-7.81611111111111,11.8923335560103,4.85502484386722,-20.2963497863192,4.66412756409699,TRUE
1506,6,-11.955,9.69371176473582,3.95744125620284,-22.1279266087928,-1.78207339120723,TRUE
1507,6,-9.08277777777778,8.26598261058651,3.37457326977596,-17.7573945280877,-0.40816102746785,TRUE
1508,6,-9.59555555555555,10.7742659799825,4.3985756673308,-20.902454268668,1.71134315755688,TRUE
1509,6,-17.8866666666667,10.8438072444855,4.42696576968085,-29.266544461192,-6.50678887214135,TRUE
1510,6,-23.3672222222222,14.1749289501126,5.7868905113302,-38.2428978554638,-8.49154658898069,TRUE
1511,6,-18.6983333333333,6.4089200858387,2.61643066876316,-25.4240824846577,-11.972584182009,TRUE
1512,6,-16.2416666666667,12.0999127177752,4.93976868179368,-28.9397463123306,-3.5435870210027,TRUE
1513,6,-12.6055555555556,7.43675815472386,3.03604380325921,-20.4099546084099,-4.80115650270124,TRUE
1514,6,-15.8677777777778,10.0396991249,4.09869000451198,-26.4037958532804,-5.33175970227516,TRUE
1515,6,-12.7011111111111,8.34302947020689,3.40602751850159,-21.4565835818487,-3.94563864037349,TRUE
1516,6,-11.1966666666667,7.53726947316542,3.07707737718524,-19.1065458793065,-3.28678745402686,TRUE
1517,6,-8.75166666666667,5.11527853048536,2.08830371531715,-14.1198222645528,-3.38351106878057,TRUE
1518,6,-13.8383333333333,9.92587611582305,4.05222195564085,-24.2549014864704,-3.4217651801963,TRUE
1519,6,-15.81,13.1990396957085,5.38848539153766,-29.6615426690784,-1.95845733092166,TRUE
1520,6,-15.9127777777778,9.25148310432601,3.77690216159641,-25.621613869353,-6.20394168620252,TRUE
1521,6,-14.7922222222222,6.96161305275553,2.84206662765836,-22.097987070949,-7.48645737349549,TRUE
1522,6,-12.9683333333333,6.41280897024766,2.61801829917493,-19.6981636185559,-6.23850304811078,TRUE
1523,6,-11.4883333333333,8.16716862402958,3.33423262869018,-20.0592511644302,-2.91741550223645,TRUE
1524,6,-17.2916666666667,11.3496395929073,4.63347096118538,-29.2023829554381,-5.38095037789521,TRUE
1525,6,-8.84111111111111,9.03120753994889,3.68697503900848,-18.3187821748308,0.636559952608586,TRUE
1526,6,-12.9355555555556,13.9811766579477,5.7077914692804,-27.6079006280877,1.73678951697654,TRUE
1527,6,-14.7711111111111,8.99422053115014,3.67187515589703,-24.2099666895843,-5.33225553263795,TRUE
1528,6,-6.88555555555556,9.86426742601051,4.02707031334716,-17.237469353876,3.46635824276489,TRUE
1529,6,-11.425,9.44866851289993,3.85740276755113,-21.3407694870002,-1.50923051299983,TRUE
1530,6,-15.7377777777778,5.06298930877212,2.06695672994303,-21.0510592028156,-10.42449635274,TRUE
1531,6,-12.685,7.74529900434236,3.16200507765423,-20.8131928168077,-4.55680718319225,TRUE
1532,6,-13.1911111111111,6.24904354162982,2.55116134290462,-19.7490801189593,-6.63314210326296,TRUE
1533,6,-15.4172222222222,9.83909377413877,4.01679321300579,-25.7427178930821,-5.0917265513623,TRUE
1534,6,-6.93777777777778,9.97627645225671,4.0727978068287,-17.407237840231,3.53168228467548,TRUE
1535,6,-9.75611111111111,12.6126265511399,5.14908322776199,-22.9922509265757,3.48002870435345,TRUE
1536,6,-9.72,15.0716827933122,6.15298873478332,-25.5367610765089,6.09676107650887,TRUE
1537,6,-12.16,2.44045077803261,0.996309858093018,-14.7210960238793,-9.59890397612069,TRUE
1538,6,-18.8177777777778,9.10915404455362,3.718796566261,-28.377248681435,-9.25830687412056,TRUE
1539,6,-9.78833333333333,7.57948598374441,3.09431219545846,-17.7425160567668,-1.83415060989988,TRUE
1540,6,-15.3161111111111,10.8488507157142,4.42902475818796,-26.7012817040926,-3.93094051812961,TRUE
1541,6,-12.9944444444444,10.1487163209424,4.14319608842745,-23.6448690508355,-2.34401983805343,TRUE
1542,6,-13.8494444444444,8.77010361440545,3.58037980777197,-23.0531037429821,-4.64578514590678,TRUE
1543,6,-8.54444444444444,10.5384360354881,4.30229849565079,-19.6038548088498,2.51496591996092,TRUE
1544,6,-20.9477777777778,10.4256138996792,4.25623905158034,-31.8887885718961,-10.0067669836594,TRUE
1545,6,-5.15055555555555,11.037800992079,4.50616338549659,-16.7340173027225,6.43290619161142,TRUE
1546,6,-14.7461111111111,9.56489795883694,3.90485324015647,-24.7838559210829,-4.70836630113927,TRUE
1547,6,-11.87,12.8057480149432,5.22792473521158,-25.3088083624087,1.56880836240867,TRUE
1548,6,-10.0611111111111,11.6446448668078,4.7539063599331,-22.2814164482711,2.15919422604886,TRUE
1549,6,-14.6522222222222,9.14769811158746,3.73453211573509,-24.2521426435313,-5.05230180091316,TRUE
1550,6,-4.09722222222222,9.17337752331088,3.7450156916713,-13.7240915334054,5.52964708896097,FALSE
1551,6,-13.7544444444444,12.9455211760098,5.28498688926975,-27.3399357435773,-0.168953145311558,TRUE
1552,6,-26.6272222222222,3.38764186528143,1.38299900020496,-30.1823343308523,-23.0721101135922,FALSE
1553,6,-11.4555555555556,10.3177632517188,4.21220920892506,-22.2833840359183,-0.627727075192789,TRUE
1554,6,-15.2316666666667,10.2063206451253,4.16671295529844,-25.9425433038673,-4.52079002946598,TRUE
1555,6,-14.8783333333333,10.488472561182,4.28190099267967,-25.8853102471088,-3.87135641955787,TRUE
1556,6,-12.6944444444444,7.97462828577585,3.25562836475276,-21.0633035824602,-4.32558530642865,TRUE
1557,6,-19.0561111111111,4.40546499836871,1.79852355428241,-23.6793630907135,-14.4328591315087,FALSE
1558,6,-18.6083333333333,8.47724634274335,3.46082132726601,-27.5046577735861,-9.71200889308058,TRUE
1559,6,-14.1888888888889,13.6469245483966,5.57133361697224,-28.5104578849477,0.132680107169907,TRUE
1560,6,-15.0577777777778,11.1284283939161,4.54316186736577,-26.7363471503838,-3.37920840517177,TRUE
1561,6,-22.7761111111111,2.32072921170783,0.947433733309272,-25.211567056425,-20.3406551657972,FALSE
1562,6,-14.9483333333333,11.6009054723232,4.73604982690881,-27.1227369910536,-2.77392967561305,TRUE
1563,6,-13.6111111111111,6.58076478725575,2.68658597434195,-20.5172002166298,-6.70502200559242,TRUE
1564,6,-9.80666666666666,5.87099840080222,2.39682506044358,-15.9679016302408,-3.64543170309249,TRUE
1565,6,-14.6088888888889,9.56298597409515,3.90407267565425,-24.6446271939298,-4.57315058384802,TRUE
1566,6,-16.3883333333333,12.6931720490454,5.18196578958646,-29.7090004649331,-3.06766620173359,TRUE
1567,6,-13.5177777777778,11.0991422424671,4.53120584610245,-25.1656132192978,-1.86994233625774,TRUE
1568,6,-14.0616666666667,9.02478088376665,3.68435136760868,-23.5325933683434,-4.59073996498997,TRUE
1569,6,-11.5427777777778,9.12364557172836,3.7247127074563,-21.1174566065287,-1.96809894902687,TRUE
1570,6,-16.7488888888889,4.44752049107348,1.81569263728375,-21.4162754013891,-12.0815023763887,TRUE
1571,6,-17.6644444444444,8.49986265684248,3.47005439883357,-26.5845032507559,-8.74438563813298,TRUE
1572,6,-11.8761111111111,7.62324731526072,3.11217768423842,-19.8762185354871,-3.87600368673513,TRUE
1573,6,-15.2616666666667,10.1099367510935,4.1273643953317,-25.8713946103584,-4.65193872297493,TRUE
1574,6,-20.1344444444444,6.84238056906014,2.79339017002196,-27.3150824753479,-12.953806413541,TRUE
1575,6,-13.8133333333333,8.84757794854363,3.61200857223871,-23.0982969592928,-4.52836970737384,TRUE
1576,6,-15.8927777777778,7.14933887127308,2.91870537214408,-23.3955487909855,-8.39000676457008,TRUE
1577,6,-26.8705555555556,10.0624994501955,4.10799819833588,-37.4305011050245,-16.3106100060866,FALSE
1578,6,-10.8855555555556,6.54214326643177,2.67081880449044,-17.7511138606546,-4.01999725045653,TRUE
1579,6,-8.74833333333333,11.5360368218707,4.70956731125687,-20.8546615173568,3.35799485069013,TRUE
1580,6,-16.395,10.8897284426911,4.44571302034435,-27.823069136549,-4.96693086345097,TRUE
1581,6,-8.085,9.74926202335335,3.98011955431827,-18.3162230299914,2.14622302999144,TRUE
1582,6,-16.6311111111111,6.92737008512583,2.82808699466313,-23.9009401691914,-9.36128205303078,TRUE
1583,6,-12.0066666666667,7.12872873192222,2.91029131798787,-19.4878086650964,-4.52552466823699,TRUE
1584,6,-16.0111111111111,10.2099628177942,4.1681998660641,-26.7258099741172,-5.29641224810502,TRUE
1585,6,-8.72833333333333,10.100249226848,4.12340948011967,-19.3278948438195,1.87122817715286,TRUE
1586,6,-14.4861111111111,12.6325404178022,5.15721302978342,-27.7431492479793,-1.22907297424294,TRUE
1587,6,-17.0455555555556,5.88447813854066,2.4023281403312,-23.2209366363289,-10.8701744747822,TRUE
1588,6,-18.7677777777778,5.91301489810276,2.4139782236378,-24.9731063510827,-12.5624492044728,TRUE
1589,6,-8.67277777777778,7.45414587600354,3.0431423107467,-16.4954241250396,-0.850131430515991,TRUE
1590,6,-14.71,5.54867311465843,2.2652363134021,-20.5329753206552,-8.88702467934479,TRUE
1591,6,-15.8216666666667,12.5902722148667,5.139957108194,-29.0343470449399,-2.6089862883934,TRUE
1592,6,-20.2605555555556,9.45408657475501,3.85961468204109,-30.1820109497656,-10.3391001613455,TRUE
1593,6,-10.2122222222222,15.7431402580675,6.42711009688887,-26.7336346929195,6.30919024847507,TRUE
1594,6,-14.3516666666667,7.56048903474137,3.08655672350395,-22.285913314767,-6.41742001856627,TRUE
1595,6,-9.83111111111111,4.62639320357382,1.88871711637265,-14.686213023114,-4.97600919910819,TRUE
1596,6,-21.2583333333333,6.25965662885042,2.55549411761897,-27.8274400931601,-14.6892265735066,FALSE
1597,6,-9.12111111111111,9.58707803166248,3.91390821696986,-19.1821324800016,0.939910257779331,TRUE
1598,6,-12.6894444444444,14.4084438849303,5.88222258426729,-27.8101789727316,2.43129008384275,TRUE
1599,6,-15.2327777777778,12.7839924935082,5.21904308077758,-28.648755120628,-1.81680043492754,TRUE
1600,6,-17.3272222222222,4.48923622143588,1.83272301288965,-22.038386708909,-12.6160577355354,TRUE
1601,6,-13.9366666666667,4.91421068602748,2.00621811154997,-19.0938145025416,-8.77951883079175,TRUE
1602,6,-12.6594444444444,6.03773998066115,2.46489702537023,-18.9956639645751,-6.32322492431375,TRUE
1603,6,-14.6588888888889,7.36006390874025,3.00473350844798,-22.382802266633,-6.93497551114473,TRUE
1604,6,-6.69833333333333,14.666042373077,5.98738672667925,-22.089400895865,8.69273422919832,TRUE
1605,6,-9.88833333333333,10.8017563901021,4.40979858026628,-21.2240814625806,1.44741479591398,TRUE
1606,6,-8.91388888888889,14.1617414837248,5.78150675072182,-23.7757251249031,5.94794734712535,TRUE
1607,6,-9.62555555555555,10.8656033562935,4.43586399506523,-21.0283069666234,1.77719585551226,TRUE
1608,6,-13.5688888888889,10.3335076687803,4.21863684027477,-24.4132401216454,-2.7245376561324,TRUE
1609,6,-6.41,11.078125593559,4.52262583511442,-18.0357798211247,5.21577982112465,TRUE
1610,6,-12.1366666666667,9.1169722069458,3.72198831769218,-21.7043422285767,-2.56899110475659,TRUE
1611,6,-10.3894444444445,12.0359021111685,4.91363646107493,-23.020349078204,2.24146018931506,TRUE
1612,6,-11.7316666666667,15.8220380412189,6.45931998198182,-28.3358772829118,4.87254394957848,TRUE
1613,6,-13.3588888888889,7.53088534463738,3.07447106762757,-21.2620683695217,-5.45570940825608,TRUE
1614,6,-9.77166666666666,8.49714063017019,3.46894313609801,-18.6888688811755,-0.854464452157849,TRUE
1615,6,-9.00555555555555,14.9153078214098,6.08914891983282,-24.6582111633623,6.64710005225118,TRUE
1616,6,-12.845,10.1337348056435,4.13707991041812,-23.4797024702967,-2.21029752970327,TRUE
1617,6,-11.2788888888889,13.6177468631793,5.55942187686258,-25.569837782191,3.0120600044132,TRUE
1618,6,-7.86333333333333,7.31742000677531,2.98732420837209,-15.5424946805313,-0.184171986135413,TRUE
1619,6,-10.6783333333333,6.08769533111213,2.48529121179137,-17.0669777786308,-4.28968888803588,TRUE
1620,6,0.448333333333338,6.28255317879956,2.56484159499323,-6.14480188204073,7.0414685487074,FALSE
1621,6,-8.78277777777778,12.9105914171559,5.27072687493134,-22.3316125430764,4.76605698752087,TRUE
1622,6,-15.8666666666667,6.99430276089841,2.85541214512345,-23.2067372601763,-8.526596073157,TRUE
1623,6,-14.18,11.720745899662,4.78497447649836,-26.4801684732701,-1.87983152672995,TRUE
1624,6,-17.5977777777778,9.88609071522358,4.0359796338607,-27.9725937135782,-7.22296184197737,TRUE
1625,6,-10.2816666666667,14.0357053814746,5.73005272744146,-25.011236125066,4.44790279173266,TRUE
1626,6,-14.6416666666667,8.89248490455721,3.63034176026119,-23.973757252746,-5.3095760805873,TRUE
1627,6,-12.9155555555556,14.2660331115815,5.82408362950403,-27.8868391427854,2.05572803167431,TRUE
1628,6,-10.1838888888889,13.8668061558155,5.66109990730545,-24.7362094803307,4.36843170255294,TRUE
1629,6,-19.5583333333333,4.07607586343097,1.66405100304671,-23.8359126153376,-15.2807540513291,FALSE
1630,6,-18.4272222222222,9.50649799211434,3.88101155357883,-28.4036800257466,-8.45076441869782,TRUE
1631,6,-16.1977777777778,10.2344810793202,4.17820940441722,-26.9382069782575,-5.45734857729805,TRUE
1632,6,-7.51999999999999,14.6559004424081,5.98324630082168,-22.9004242590304,7.86042425903038,TRUE
1633,6,-16.5077777777778,10.8673506260555,4.43657731495856,-27.9123628360064,-5.10319271954916,TRUE
1634,6,-15.1394444444444,7.36740340710097,3.00772984610661,-22.8710601533473,-7.40782873554158,TRUE
1635,6,-20.4516666666667,15.0867424876575,6.15913682925469,-36.2842319231474,-4.61910141018592,TRUE
1636,6,-11.4511111111111,12.3163462595522,5.02812730522317,-24.3763238291848,1.47410160696254,TRUE
1637,6,-8.51,5.15682374249024,2.1052644770951,-13.921754624031,-3.09824537596894,FALSE
1638,6,-14.5261111111111,14.8274627209358,6.0532863077387,-30.0865789396902,1.034356717468,TRUE
1639,6,-18.9711111111111,8.0554761681912,3.28863437453645,-27.4248148983437,-10.5174073238785,TRUE
1640,6,-13.1955555555556,12.6222004890267,5.15299177153728,-26.4417426026527,0.0506314915415569,TRUE
1641,6,-16.4222222222222,6.77492949259471,2.765853383365,-23.5320746895335,-9.31236975491091,TRUE
1642,6,-22.7,12.819531972736,5.2335520124163,-36.1532737389752,-9.24672626102479,TRUE
1643,6,-11.0294444444444,9.74157537263561,3.97698149230336,-21.2526008292213,-0.806288059667628,TRUE
1644,6,-7.02055555555555,9.68469064880045,3.95375840104414,-17.1840150837741,3.142903972663,TRUE
1645,6,-12.62,2.4056516788596,0.982103185345952,-15.1445766089709,-10.0954233910291,TRUE
1646,6,-18.6155555555556,11.8430894367731,4.83492101637326,-31.0441156969809,-6.18699541413018,TRUE
1647,6,-14.5822222222222,7.73522639664848,3.15789295278269,-22.6998444855293,-6.46459995891512,TRUE
1648,6,-15.5383333333333,10.1187227454852,4.13095126252215,-26.1572816126717,-4.919385053995,TRUE
1649,6,-17.5005555555556,11.8420342502961,4.83449023829788,-29.9280083466852,-5.07310276442595,TRUE
1650,6,-14.9911111111111,13.0109519109721,5.31169887496191,-28.645267755458,-1.33695446676419,TRUE
1651,6,-8.28722222222222,7.29957363036945,2.98003845571342,-15.9476549459768,-0.626789498467608,TRUE
1652,6,-15.3111111111111,11.4164537530836,4.66074772785613,-27.2919445608213,-3.33027766140093,TRUE
1653,6,-9.85444444444445,8.80436928567393,3.59436870948892,-19.0940633596362,-0.61482552925268,TRUE
1654,6,-15.7511111111111,9.48721658435806,3.87313995182459,-25.7073343181487,-5.79488790407352,TRUE
1655,6,-10.5627777777778,10.9698591942076,4.47842626266454,-22.0749389808199,0.949383425264314,TRUE
1656,6,-9.61777777777778,12.9772167306428,5.29792654526395,-23.2365315215687,4.00097596601318,TRUE
1657,6,-12.3783333333333,12.7920643369239,5.22233839705293,-25.8027815563437,1.04611488967699,TRUE
1658,6,-13.3794444444444,9.60778374644842,3.92236128963406,-23.4621951283808,-3.29669376050812,TRUE
1659,6,-12.5505555555556,11.7492487545501,4.79661071827973,-24.8806359405839,-0.220475170527218,TRUE
1660,6,-12.6966666666667,10.255170186572,4.186655697084,-23.4588077536541,-1.93452557967924,TRUE
1661,6,-14.8772222222222,8.351224372421,3.40937307332102,-23.6412947154088,-6.11314972903566,TRUE
1662,6,-12.0516666666667,7.71871052846408,3.15115037783088,-20.1519565892772,-3.95137674405609,TRUE
1663,6,-15.5622222222222,12.8460748292433,5.24438808820944,-29.0433509808009,-2.08109346364357,TRUE
1664,6,-10.5527777777778,10.9452170003698,4.468366129157,-22.0390785843613,0.93352302880575,TRUE
1665,6,-17.1688888888889,7.25692057943975,2.9626254205883,-24.7845599808476,-9.5532177969302,TRUE
1666,6,-20.8527777777778,8.58970117619328,3.50673082077634,-29.8671163281315,-11.8384392274241,TRUE
1667,6,-14.2566666666667,8.43374676193473,3.44306269776499,-23.1073410964983,-5.40599223683501,TRUE
1668,6,-9.21055555555555,16.0914110170152,6.56929103884783,-26.0974557730262,7.67634466191509,TRUE
1669,6,-6.87277777777778,9.3634676427217,3.82261965795483,-16.6991344350628,2.95357887950721,TRUE
1670,6,-12.0205555555556,10.2841996213537,4.19850691420676,-22.8131611660089,-1.22794994510219,TRUE
1671,6,-10.9605555555556,15.6678056914549,6.39635488885643,-27.4029092471334,5.48179813602232,TRUE
1672,6,-21.8283333333333,9.09797798048189,3.7142339572096,-31.3760756770399,-12.2805909896267,TRUE
1673,6,-12.2933333333333,7.24878441916681,2.95930384706594,-19.9004660487297,-4.68620061793696,TRUE
1674,6,-15.3927777777778,11.6356754885169,4.75024462657932,-27.6036703296916,-3.18188522586398,TRUE
1675,6,-15.3405555555556,9.99200978930813,4.07922091478323,-25.8265267426451,-4.85458436846604,TRUE
1676,6,-13.0027777777778,9.70619422308745,3.96253719848567,-23.1888039232383,-2.8167516323173,TRUE
1677,6,-17.3172222222222,14.805929355298,6.04449534802912,-32.8550921694541,-1.77935227499037,TRUE
1678,6,-8.85277777777778,8.10813896078547,3.31013386958411,-17.3617477764552,-0.343807779100317,TRUE
1679,6,-4.70111111111111,6.85811106700726,2.79981211891701,-11.8982572871936,2.49603506497139,FALSE
1680,6,-16.4222222222222,13.1217655767756,5.35693836458619,-30.1926706768508,-2.65177376759367,TRUE
1681,6,-17.9916666666667,18.2579366912645,7.45377144160617,-37.1521961414442,1.16886280811086,TRUE
1682,6,-9.38111111111112,9.26518877103769,3.78249747660112,-19.1043304178021,0.342108195579904,TRUE
1683,6,-18.4583333333333,10.0697116255741,4.11094255660471,-29.0258475966857,-7.89081906998096,TRUE
1684,6,-13.3277777777778,9.99557116742025,4.0806748413092,-23.8174864019853,-2.83806915357026,TRUE
1685,6,-11.4105555555555,12.2401318832159,4.99701291637512,-24.2557861908295,1.43467507971838,TRUE
1686,6,-7.17944444444445,13.2951987017313,5.42774214135919,-21.1318998015401,6.77301091265123,TRUE
1687,6,-12.5438888888889,10.4335106303715,4.25946287838569,-23.4931867936343,-1.59459098414347,TRUE
1688,6,-9.25055555555556,13.1296929669893,5.36017470808878,-23.0293232960057,4.52821218489463,TRUE
1689,6,-18.8438888888889,10.087860122536,4.11835164946389,-29.4304488317636,-8.25732894601416,TRUE
1690,6,-10.345,6.02740141170121,2.46067632226649,-16.6703698573986,-4.01963014260138,TRUE
1691,6,-16.4872222222222,4.41904183514263,1.80406627468527,-21.1247222182122,-11.8497222262322,TRUE
1692,6,-18.175,2.51356210276261,1.02615743142759,-20.812821653731,-15.537178346269,FALSE
1693,6,-8.35277777777777,15.6369032763548,6.38373903072061,-24.7627013735907,8.0571458180352,TRUE
1694,6,-13.1294444444444,11.0367014832163,4.50571451288305,-24.7117523278245,-1.54713656106435,TRUE
1695,6,-15.3683333333333,10.2977228874478,4.20402776447117,-26.1751307411937,-4.56153592547301,TRUE
1696,6,-19.9288888888889,11.418322248166,4.66151053777927,-31.9116832039315,-7.94609457384623,TRUE
1697,6,-14.0944444444444,5.08617589011481,2.07642261213789,-19.4320586943106,-8.75683019457828,TRUE
1698,6,-14.0105555555556,8.10850949905692,3.31028514119998,-22.519914410301,-5.5011967008101,TRUE
1699,6,-14.2944444444444,7.73377316756882,3.15729967449526,-22.4105416373624,-6.17834725152646,TRUE
1700,6,-17.2555555555556,10.4813405984512,4.27898938108717,-28.2550479334589,-6.2560631776522,TRUE
1701,6,-20.0933333333333,8.7555993512723,3.57445846714343,-29.2817713412086,-10.904895325458,TRUE
1702,6,-16.5838888888889,5.93729957946339,2.42389240328774,-22.8147026723172,-10.3530751054606,TRUE
1703,6,-10.1061111111111,4.51021577048108,1.84128787792206,-14.8392922842749,-5.37292993794734,TRUE
1704,6,-11.8561111111111,3.07126062909871,1.25383690139852,-15.0792014746967,-8.63302074752556,TRUE
1705,6,-10.7994444444444,6.82464208802408,2.78614846546356,-17.9614670811511,-3.63742180773783,TRUE
1706,6,-11.5705555555556,5.8065030274174,2.3704949345164,-17.6641067756913,-5.4770043354198,TRUE
1707,6,-9.99166666666667,12.5171210303683,5.11009326217714,-23.1275795848267,3.14424625149339,TRUE
1708,6,-8.29777777777777,7.76817486548422,3.17134410885828,-16.4499773385611,-0.145578216994437,TRUE
1709,6,-11.7438888888889,4.12637716629473,1.68458642394894,-16.0742561508516,-7.41352162692621,TRUE
1710,6,-16.7622222222222,12.6042145802579,5.14564905502997,-29.9895342156414,-3.53491022880301,TRUE
1711,6,-21.5222222222222,12.511637900889,5.10785478394082,-34.6523809488885,-8.39206349555589,TRUE
1712,6,-9.23944444444445,9.39655289434888,3.83612665537119,-19.1005219439419,0.621633055053032,TRUE
1713,6,-15.4711111111111,12.6694298155778,5.17227306336153,-28.7668622967393,-2.17535992548296,TRUE
1714,6,-15.0383333333333,8.30800383833432,3.3917283641672,-23.757048657674,-6.31961800899267,TRUE
1715,6,-23.895,12.5228130936215,5.11241703726945,-37.0368863722025,-10.7531136277975,TRUE
1716,6,-12.8077777777778,13.1429358578273,5.36558109563421,-26.6004430798487,0.984887524293102,TRUE
1717,6,-16.0222222222222,9.57213146277989,3.90780630577525,-26.0675581290331,-5.97688631541133,TRUE
1718,6,-24.9888888888889,11.3934502952192,4.65135660550822,-36.9455816900753,-13.0321960877025,TRUE
1719,6,-19.2705555555556,13.9493863531565,5.6948131316961,-33.9095387492367,-4.63157236187443,TRUE
1720,6,-16.8844444444444,10.7405242302571,4.38480065568818,-28.1559333628427,-5.61295552604622,TRUE
1721,6,-12.5383333333333,11.5521378011941,4.71614050854047,-24.6615584588961,-0.415108207770608,TRUE
1722,6,-12.5822222222222,13.9352468648813,5.68904070977972,-27.2063669329775,2.04192248853305,TRUE
1723,6,-9.68222222222222,9.02431571223404,3.68416146212572,-19.1526607563139,-0.211783688130506,TRUE
1724,6,-12.5488888888889,12.1173414148056,4.94688391756135,-25.2652588303735,0.167481052595727,TRUE
1725,6,-15.0377777777778,9.53743353940244,3.89364093787376,-25.046700447166,-5.02885510838956,TRUE
1726,6,-7.34111111111111,5.95485037284422,2.43105748468175,-13.5903433226217,-1.0918788996005,FALSE
1727,6,-8.66944444444444,9.1500543815425,3.73549405891611,-18.2718376194216,0.932948730532672,TRUE
1728,6,-12.9666666666667,6.39289536212748,2.6098886027029,-19.675598901809,-6.25773443152435,TRUE
1729,6,-16.3666666666667,9.42257619880159,3.84675062492624,-26.2550539493247,-6.47827938400864,TRUE
1730,6,-21.0255555555556,8.57479320558336,3.50064466726056,-30.0242491502327,-12.0268619608784,TRUE
1731,6,-19.6205555555555,10.3236701950564,4.21462070844452,-30.4545829927797,-8.78652811833141,TRUE
1732,6,-16.5016666666667,10.5151714203811,4.29280075630506,-27.5366623148303,-5.46667101850304,TRUE
1733,6,-8.40611111111111,6.83227647653781,2.78926519152303,-15.5761455472129,-1.23607667500937,TRUE
1734,6,-19.2472222222222,13.4890354513363,5.50687566301449,-33.4030967726749,-5.09134767176951,TRUE
1735,6,-8.92555555555555,11.298624432827,4.61264410929484,-20.7827347171637,2.9316236060526,TRUE
1736,6,-13.4894444444444,11.3082900596896,4.61659008493777,-25.3567670593642,-1.62212182952471,TRUE
1737,6,-22.1438888888889,9.73381241210628,3.97381227693832,-32.3588985462151,-11.9288792315627,TRUE
1738,6,-7.64888888888889,5.71781258356207,2.33428721243198,-13.6493651963247,-1.64841258145312,FALSE
1739,6,-16.9761111111111,7.90873649598739,3.22872815421602,-25.2758210565464,-8.67640116567585,TRUE
1740,6,-15.3561111111111,5.98130993332719,2.44185955501535,-21.6331109284085,-9.07911129381368,TRUE
1741,6,-16.3061111111111,11.7239840434833,4.78629644317768,-28.6096778079144,-4.00254441430786,TRUE
1742,6,-7.31611111111112,10.2011096164784,4.16458556176176,-18.0215191091292,3.38929688690693,TRUE
1743,6,-22.6294444444444,12.392650943499,5.05927856199886,-35.6347340173429,-9.62415487154597,TRUE
1744,6,-10.0388888888889,6.01641372198373,2.45619061672319,-16.3527278730979,-3.72504990467991,TRUE
1745,6,-17.3816666666667,7.53253970745886,3.07514645842125,-25.2865822946057,-9.47675103872767,TRUE
1746,6,-11.7566666666667,8.90527808537038,3.63556455445776,-21.102182872639,-2.41115046069432,TRUE
1747,6,-13.9444444444444,6.49673581857046,2.65228129152673,-20.7623505554411,-7.1265383334478,TRUE
1748,6,-11.8583333333333,10.3851977459373,4.23973922590809,-22.7569299752874,-0.959736691379243,TRUE
1749,6,-12.8244444444444,6.84571939784812,2.7947532411668,-20.0085863612735,-5.64030252761536,TRUE
1750,6,-15.6577777777778,6.94615022605782,2.83575395509328,-22.9473153850744,-8.36824017048117,TRUE
1751,6,-9.88222222222223,14.0601809165959,5.7400448228129,-24.6374771794833,4.87303273503889,TRUE
1752,6,-17.4594444444445,7.74092742553547,3.16022038807969,-25.5830495706496,-9.33583931823926,TRUE
1753,6,-11.6833333333333,10.8644774890977,4.43540436170727,-23.0849032192401,-0.281763447426549,TRUE
1754,6,-9.03555555555556,6.94812098233654,2.83655851297499,-16.3271613447286,-1.7439497663825,TRUE
1755,6,-14.1261111111111,9.87902726130613,4.03309599087412,-24.4935144066298,-3.75870781559245,TRUE
1756,6,-16.4361111111111,6.69782897385138,2.73437722839416,-23.4650515461987,-9.40717067602353,TRUE
1757,6,-9.60166666666667,12.569446863106,5.13145519393938,-22.7924921785889,3.58915884525552,TRUE
1758,6,-16.2233333333333,10.6448343236416,4.34573541489773,-27.3944018533509,-5.0522648133158,TRUE
1759,6,-7.10499999999999,6.20431632906569,2.5329015348381,-13.6160306769101,-0.593969323089837,FALSE
1760,6,-20.1294444444444,10.2300599361048,4.17640448025764,-30.8652339396649,-9.39365494922405,TRUE
1761,6,-9.45499999999999,9.58692807942147,3.91384699922382,-19.5158640036644,0.605864003664459,TRUE
1762,6,-12.6877777777778,5.52049259745165,2.25373166542805,-18.4811794593255,-6.89437609623007,TRUE
1763,6,-15.0305555555556,14.5860067517797,5.95471232110843,-30.3376308846366,0.276519773525511,TRUE
1764,6,-13.5455555555556,9.82576017226978,4.01134979283705,-23.857058469406,-3.23405264170516,TRUE
1765,6,-13.9161111111111,12.417499375508,5.06942289188721,-26.9474775141553,-0.884744708066934,TRUE
1766,6,-3.37444444444445,11.5610692828545,4.71978677065965,-15.5070425851787,8.75815369628981,TRUE
1767,6,-15.0733333333333,4.79363698620947,1.95699410472436,-20.1039468313851,-10.0427198352815,TRUE
1768,6,-10.9755555555556,8.65118685927394,3.53183224578202,-20.0544193730774,-1.89669173803368,TRUE
1769,6,-13.4411111111111,5.14167316765302,2.09907928081826,-18.8369661819431,-8.04525604027916,TRUE
1770,6,-16.5372222222222,8.2283362478333,3.35920420653978,-25.1723315377465,-7.90211290669796,TRUE
1771,6,-17.8761111111111,13.1416739026261,5.36506590458065,-31.6674520724179,-4.08477014980438,TRUE
1772,6,-21.9977777777778,8.17629301134735,3.33795764421419,-30.5782710661182,-13.4172844894374,TRUE
1773,6,-18.56,9.09142844173077,3.71156011921113,-28.1008690243163,-9.01913097568372,TRUE
1774,6,-19.2966666666667,9.6408185452389,3.93584768976609,-29.4140852458105,-9.17924808752282,TRUE
1775,6,-10.8422222222222,12.1120512377213,4.94472421181042,-23.5530404633332,1.86859601888873,TRUE
1776,6,-10.7605555555555,9.649830952271,3.93952698952991,-20.8874320758401,-0.633679035270958,TRUE
1777,6,-14.7805555555556,6.61956205891688,2.70242489417226,-21.7273599006862,-7.83375121042494,TRUE
1778,6,-19.58,10.0061425578936,4.08499059339776,-30.0808026181335,-9.07919738186652,TRUE
1779,6,-11.1722222222222,10.1576276028666,4.14683410403885,-21.8319986454617,-0.512445798982759,TRUE
1780,6,-12.6372222222222,10.343793719836,4.22283610303389,-23.4923680035504,-1.78207644089408,TRUE
1781,6,-21.2466666666667,13.6005455772921,5.55239948130536,-35.5195639175067,-6.97376941582662,TRUE
1782,6,-10.3755555555556,8.3105752352494,3.39277813256188,-19.0969693954632,-1.65414171564789,TRUE
1783,6,-13.3322222222222,7.57177644403997,3.09116478905387,-21.2783142799226,-5.38613016452179,TRUE
1784,6,-12.3533333333333,9.22827996492907,3.76742951960421,-22.037819223468,-2.66884744319871,TRUE
1785,6,-12.265,9.99943792864824,4.08225343997016,-22.7587665412511,-1.77123345874886,TRUE
1786,6,-20.1283333333333,12.023437990488,4.90854800511501,-32.7461576746308,-7.51050899203582,TRUE
1787,6,-15.9466666666667,13.4176790508311,5.47774453449458,-30.0276572672945,-1.86567606603881,TRUE
1788,6,-17.3361111111111,6.87588553219524,2.80706851394392,-24.551910444442,-10.1203117777803,TRUE
1789,6,-20.1905555555556,11.6092513715316,4.73945702599302,-32.3737176973521,-8.007393413759,TRUE
1790,6,-16.255,10.196816878048,4.16283305863616,-26.9559030453165,-5.55409695468353,TRUE
1791,6,-12.4877777777778,13.5121090822955,5.51629543340837,-26.6678666189009,1.69231106334531,TRUE
1792,6,-12.6544444444445,8.35198783169256,3.40968475426348,-21.4193181390002,-3.88957074988869,TRUE
1793,6,-14.7805555555556,9.53898536804895,3.89427446926579,-24.7911067692324,-4.77000434187868,TRUE
1794,6,-14.4822222222222,16.9750919050586,6.93005225070713,-32.2964886579005,3.33204421345606,TRUE
1795,6,-14.1655555555556,12.4490418491932,5.0823000528462,-27.2300237546555,-1.10108735645563,TRUE
1796,6,-14.2005555555556,12.6448832720181,5.16225197891649,-27.4705467235359,-0.930564387575227,TRUE
1797,6,-13.4194444444444,11.6925711299795,4.77347217494125,-25.6900453102638,-1.14884357862511,TRUE
1798,6,-9.73611111111111,6.63419773820691,2.7083998852222,-16.6982746597028,-2.77394756251946,TRUE
1799,6,-13.9266666666667,4.16989315077604,1.70235175022129,-18.3027011536492,-9.55063217968413,TRUE
1800,6,-13.965,10.2249348272848,4.17431216334345,-24.6954110233664,-3.2345889766336,TRUE
1801,6,-18.0588888888889,5.59465326764628,2.28400763225466,-23.9301174208174,-12.1876603569604,TRUE
1802,6,-9.66,9.12778980184505,3.72640458231673,-19.2390279315353,-0.0809720684647015,TRUE
1803,6,-15.6866666666667,10.2783260634535,4.19610904423504,-26.4731083561265,-4.90022497720681,TRUE
1804,6,-15.5838888888889,12.4047113660123,5.06420220887216,-28.601835099005,-2.56594267877281,TRUE
1805,6,-13.8372222222222,9.46597260757749,3.86446713462127,-23.7711512428932,-3.90329320155129,TRUE
1806,6,-16.3983333333333,12.1310281235076,4.95247149299104,-29.1290665947228,-3.66760007194392,TRUE
1807,6,-6.31111111111111,19.0697304842187,7.78518486978891,-26.3235659244611,13.7013437022389,TRUE
1808,6,-14.8661111111111,11.1313689717476,4.54436235323845,-26.5477664308954,-3.18445579132688,TRUE
1809,6,-15.1838888888889,10.3349446951521,4.2192235038344,-26.0297481883354,-4.33802958944238,TRUE
1810,6,-16.8433333333333,8.44459774714645,3.44749259392753,-25.7053951737742,-7.98127149289252,TRUE
1811,6,-16.26,15.0384159922365,6.13940762011498,-32.0418497098348,-0.478150290165257,TRUE
1812,6,-16.3766666666667,11.392299348439,4.65088673345282,-28.3321516232824,-4.42118171005095,TRUE
1813,6,-10.905,10.5094037784157,4.29044612633266,-21.9339428791269,0.123942879126929,TRUE
1814,6,-14.6377777777778,9.80806463334392,4.00412561932173,-24.9307103624122,-4.34484519314333,TRUE
1815,6,-17.5338888888889,11.3992487894143,4.65372383085064,-29.4966668365414,-5.57111094123639,TRUE
1816,6,-16.295,10.027750772509,4.0938121100745,-26.8184790486655,-5.77152095133453,TRUE
1817,6,-19.1283333333333,11.3495465890835,4.63343299253332,-31.0389520205775,-7.21771464608917,TRUE
1818,6,-11.0205555555556,12.3002100102517,5.02153970903176,-23.9288343185191,1.88772320740794,TRUE
1819,6,-7.19333333333333,6.42301625233642,2.62218540463795,-13.9338755041663,-0.452791162500358,FALSE
1820,6,-9.20666666666666,8.85043376212589,3.61317445325155,-18.4946272851803,0.0812939518469413,TRUE
1821,6,-10.18,9.56688408579884,3.90566407309331,-20.219829122391,-0.140170877608982,TRUE
1822,6,-13.4183333333333,14.2067798759763,5.79989359736372,-28.3274344633399,1.49076779667321,TRUE
1823,6,-10.4816666666667,12.0491611049622,4.91904942262448,-23.1264857610625,2.16315242772912,TRUE
1824,6,-19.4088888888889,7.25084138157364,2.96014359845207,-27.0181802539449,-11.7995975238329,TRUE
1825,6,-14.9855555555555,11.1565687012264,4.55465009971833,-26.6936563695706,-3.27745474154049,TRUE
1826,6,-13.5161111111111,9.10682611296888,3.71784619217121,-23.0731390003961,-3.95908322182615,TRUE
1827,6,-14.6538888888889,10.5053403174379,4.2887872253351,-25.6785674272444,-3.62921035053342,TRUE
1828,6,-17.8166666666667,9.08393747226388,3.70850194373236,-27.349674400647,-8.28365893268632,TRUE
1829,6,-6.68777777777778,7.83908800440081,3.20029427659241,-14.9143961138771,1.53884055832152,TRUE
1830,6,-19.7166666666667,10.884701598523,4.44366081980629,-31.1394604537895,-8.29387287954386,TRUE
1831,6,-12.1066666666667,7.11069991866717,2.9029310857974,-19.5688885859215,-4.64444474741186,TRUE
1832,6,-10.1333333333333,8.6836615421018,3.54508997952985,-19.2462772404091,-1.02038942625759,TRUE
1833,6,-17.9672222222222,5.89803636500852,2.40786326310843,-24.1568317890647,-11.7776126553797,TRUE
1834,6,-12.4422222222222,6.86107269444935,2.80102119825724,-19.6424764356945,-5.2419680087499,TRUE
1835,6,-12.0061111111111,9.52898581910691,3.89019217050479,-22.0061684417453,-2.00605378047689,TRUE
1836,6,-13.9566666666667,9.16710495921876,3.74245492810386,-23.576953325538,-4.33638000779527,TRUE
1837,6,-13.2866666666667,6.59643001091414,2.69298127512022,-20.2091954161994,-6.36413791713391,TRUE
1838,6,-15.6683333333333,12.6317034568669,5.15687134191236,-28.9244931335667,-2.41217353309994,TRUE
1839,6,-12.8688888888889,7.93829163448119,3.24079398898053,-21.1996150500016,-4.53816272777618,TRUE
1840,6,-5.46166666666666,11.0973603968591,4.53047841067912,-17.1076321759009,6.18429884256757,TRUE
1841,6,-18.2905555555556,12.2747142834667,5.01113112215763,-31.1720781941658,-5.40903291694533,TRUE
1842,6,-10.3822222222222,11.3359468881894,4.62788093789249,-22.2785688986562,1.51412445421174,TRUE
1843,6,-14.4311111111111,7.18842021484451,2.93466026384615,-21.9748954791177,-6.88732674310453,TRUE
1844,6,-18.0838888888889,11.9556235799387,4.88086288793941,-30.6305463708573,-5.53723140692045,TRUE
1845,6,-11.6527777777778,10.7263624188604,4.37901912039558,-22.9094047865708,-0.396150768984802,TRUE
1846,6,-15.6216666666667,8.18730989601183,3.3424552685447,-24.2137214664146,-7.02961186691876,TRUE
1847,6,-17.3072222222222,11.7084287619678,4.77994602609127,-29.5944646522144,-5.01997979223003,TRUE
1848,6,-15.0444444444445,10.8710080625624,4.43807045715996,-26.452867746894,-3.63602114199491,TRUE
1849,6,-26.0377777777778,11.4075457807865,4.65711106339436,-38.0092628838802,-14.0662926716753,FALSE
1850,6,-15.0761111111111,7.24691180715901,2.95853935641505,-22.6812786407268,-7.47094358149543,TRUE
1851,6,-14.8811111111111,10.7597277261435,4.3926404500547,-26.1727528625031,-3.58946935971918,TRUE
1852,6,-17.255,10.6274208745323,4.33862640406778,-28.4077942259087,-6.10220577409128,TRUE
1853,6,-12.3822222222222,13.7795554946315,5.62547997403525,-26.8429788602131,2.07853441576862,TRUE
1854,6,-19.65,9.71350034173515,3.96551990893352,-29.8436934467587,-9.45630655324132,TRUE
1855,6,-17.55,12.2575888511748,5.00413969370102,-30.4135505996145,-4.6864494003855,TRUE
1856,6,-16.3216666666667,11.8320864601304,4.83042906996884,-28.7386798922582,-3.90465344107516,TRUE
1857,6,-7.615,8.79030242179794,3.58862593635936,-16.8398566468987,1.60985664689874,TRUE
1858,6,-7.75722222222223,6.49456847139435,2.65139647574725,-14.5728538418482,-0.941590602596208,TRUE
1859,6,-11.6222222222222,7.05347405866756,2.87956872628224,-19.0243892844697,-4.22005515997469,TRUE
1860,6,-11.9561111111111,8.1888518844332,3.34308478268164,-20.5497841284647,-3.36243809375753,TRUE
1861,6,-18.2761111111111,8.41638281149507,3.4359738946823,-27.108563192502,-9.44365902972022,TRUE
1862,6,-20.1294444444444,13.2376690490377,5.40425575899605,-34.0215261336526,-6.23736275523625,TRUE
1863,6,-11.9627777777778,8.15097715114688,3.32762248756572,-20.5167037001692,-3.4088518553864,TRUE
1864,6,-13.2616666666667,6.64497027833834,2.71279775631481,-20.2351353028045,-6.28819803052887,TRUE
1865,6,-13.6333333333333,16.3921840453851,6.69208111349748,-30.8358754862948,3.56920881962812,TRUE
1866,6,-13.0527777777778,11.8957427336499,4.85641663481051,-25.5365941655037,-0.568961390051857,TRUE
1867,6,-14.2438888888889,9.64168113895005,3.93619984217403,-24.362212704616,-4.1255650731618,TRUE
1868,6,-8.00333333333334,8.53135549995818,3.4829112981974,-16.9564418516121,0.949775184945397,TRUE
1869,6,-10.6544444444444,11.1973740307799,4.57130880575037,-22.4053678255907,1.09647893670179,TRUE
1870,6,-10.3277777777778,6.02607359422061,2.46013424304999,-16.651754176189,-4.00380137936658,TRUE
1871,6,-11.0183333333333,5.63415487106195,2.30013409431969,-16.9310162557193,-5.10565041094736,TRUE
1872,6,-14.5611111111111,10.391062327611,4.24213343135064,-25.4658622540866,-3.65635996813562,TRUE
1873,6,-14.2405555555556,8.2798393480568,3.38023025915962,-22.9297140600195,-5.55139705109162,TRUE
1874,6,-16.9294444444445,9.46809740753223,3.86533458057037,-26.8656033059155,-6.99328558297336,TRUE
1875,6,-16.9394444444444,12.0875427916819,4.93471868061292,-29.6245426488032,-4.25434624008568,TRUE
1876,6,-16.5888888888889,8.94428375286987,3.65148855153283,-25.9753390324931,-7.20243874528464,TRUE
1877,6,-20.3611111111111,9.51992032335161,3.88649119736048,-30.3516547874064,-10.3705674348158,TRUE
1878,6,-12.8455555555555,9.89240419416539,4.03855710084557,-23.2269970811692,-2.46411402994188,TRUE
1879,6,-18.4938888888889,10.5066229729774,4.28931086726637,-29.5199134916813,-7.4678642860965,TRUE
1880,6,-12.5922222222222,10.2088403230113,4.1677416094879,-23.3057430991975,-1.87870134524697,TRUE
1881,6,-19.4738888888889,9.64521168863175,3.93764118304598,-29.5959177892804,-9.3518599884974,TRUE
1882,6,-14.7188888888889,3.3790956493428,1.37951002215807,-18.2650322939267,-11.1727454838511,TRUE
1883,6,-23.5111111111111,13.555157061538,5.53386969734204,-37.7363760358768,-9.28584618634544,TRUE
1884,6,-14.1272222222222,3.86410111247201,1.57751267334621,-18.1823476458121,-10.0720967986324,TRUE
1885,6,-5.11166666666667,10.6578150251874,4.35103476411284,-16.2963575975173,6.07302426418394,TRUE
1886,6,-17.5961111111111,8.89884422374718,3.63293794144901,-26.9348753933939,-8.25734682882832,TRUE
1887,6,-15.8244444444444,10.277015707483,4.1955740936502,-26.6095109996479,-5.03937788924096,TRUE
1888,6,-15.9294444444444,10.2840204884766,4.19843378351593,-26.7218620664723,-5.13702682241656,TRUE
1889,6,-10.6461111111111,8.23814850198397,3.36321004252239,-19.2915177558488,-2.00070446637342,TRUE
1890,6,-14.9111111111111,10.9370285760838,4.46502321894064,-26.3888186934143,-3.43340352880791,TRUE
1891,6,-9.16333333333333,9.86364142810465,4.02681475077226,-19.5145901871409,1.18792352047421,TRUE
1892,6,-15.5888888888889,7.21895703967968,2.9471268703813,-23.1647196892068,-8.01305808857103,TRUE
1893,6,-16.2105555555555,4.17749442005966,1.70545495541169,-20.5945670854328,-11.8265440256783,TRUE
1894,6,-11.7488888888889,9.78112823909541,3.99312888241852,-22.0135534613887,-1.48422431638912,TRUE
1895,6,-17.5205555555556,8.70725046962247,3.55472011886404,-26.6582545238784,-8.38285658723269,TRUE
1896,6,-9.73444444444444,9.29407640899817,3.79429080541402,-19.4879794679636,0.0190905790747262,TRUE
1897,6,-17.2055555555555,6.58562868564461,2.68857165254419,-24.1167490093924,-10.2943621017187,TRUE
1898,6,-13.9205555555556,10.6290084029334,4.33927450982361,-25.0750157903478,-2.76609532076331,TRUE
1899,6,-14.1511111111111,10.1299419032373,4.13553146449488,-24.7818331744441,-3.52038904777812,TRUE
1900,6,-11.6977777777778,13.4067382173901,5.47327795794607,-25.7672866778626,2.371731122307,TRUE
1901,6,-20,10.4243503394696,4.25572320528486,-30.9396847690012,-9.0603152309988,TRUE
1902,6,-12.0066666666667,12.8020944466998,5.22643317222212,-25.4416408443479,1.42830751101458,TRUE
1903,6,-17.6961111111111,10.2477055245805,4.18360826158709,-28.4504185157649,-6.94180370645732,TRUE
1904,6,-12.0938888888889,9.37662612070073,3.82799158409488,-21.9340545219319,-2.25372325584593,TRUE
1905,6,-16.0138888888889,12.3813636686876,5.05467055135308,-29.0073331933229,-3.02044458445488,TRUE
1906,6,-16.0116666666667,14.6133200653833,5.96586293469399,-31.347405560487,-0.675927772846356,TRUE
1907,6,-18.6316666666667,7.33306234347788,2.99371016558978,-26.3272436394915,-10.9360896938418,TRUE
1908,6,-19.0844444444444,8.73902299819397,3.56769119933707,-28.2554866366199,-9.91340225226904,TRUE
1909,6,-17.2116666666667,8.22363011219634,3.3572829347113,-25.8418371957273,-8.58149613760602,TRUE
1910,6,-12.1438888888889,17.2834306543922,7.05593101800635,-30.2817369972789,5.99395921950108,TRUE
1911,6,-12.8527777777778,5.81398827223014,2.3735507729149,-18.9541842805934,-6.75137127496219,TRUE
1912,6,-15.1194444444444,14.0479030331801,5.73503239789788,-29.8618145532665,-0.377074335622392,TRUE
1913,6,-16.3222222222222,6.82251523076894,2.78528017962509,-23.4820128591243,-9.16243158532013,TRUE
1914,6,-9.76722222222222,4.86956873137956,1.98799310988199,-14.877521199855,-4.65692324458944,TRUE
1915,6,-17.1455555555556,8.84949808160306,3.61279246327769,-26.432534237581,-7.85857687353016,TRUE
1916,6,-23.2227777777778,11.1937717636325,4.56983818634563,-34.969920811395,-11.4756347441605,TRUE
1917,6,-9.85666666666667,14.6441109892908,5.97843327674103,-25.2247186534208,5.5113853200875,TRUE
1918,6,-10.7038888888889,7.49826925709205,3.06115560564557,-18.5728398848177,-2.8349378929601,TRUE
1919,6,-13.0972222222222,12.3603659450801,5.04609826658671,-26.0686307671459,-0.125813677298547,TRUE
1920,6,-15.1683333333333,10.5309062077086,4.29922445633232,-26.2198416281046,-4.11682503856206,TRUE
1921,6,-17.2561111111111,10.360153670389,4.22951502487921,-28.1284256076165,-6.38379661460573,TRUE
1922,6,-10.4877777777778,12.158330964892,4.96361783131101,-23.2471636139864,2.27160805843082,TRUE
1923,6,-17.4755555555556,10.4335104706298,4.25946281317141,-28.4248532926623,-6.52625781844877,TRUE
1924,6,-16.1816666666667,11.2696273723274,4.60080610891742,-28.0084152795344,-4.35491805379895,TRUE
1925,6,-9.24388888888889,7.60117546952565,3.1031668909497,-17.2208333317122,-1.26694444606558,TRUE
1926,6,-12.5177777777778,8.87545821456665,3.62339064318028,-21.8319999485516,-3.20355560700396,TRUE
1927,6,-15.2005555555556,11.2483558140076,4.59212203159786,-27.0049810370063,-3.39613007410478,TRUE
1928,6,-10.0738888888889,12.1274198807068,4.95099843403602,-22.8008355316857,2.65305775390794,TRUE
1929,6,-23.3311111111111,10.1851950653151,4.15808847345585,-34.0198178119455,-12.6424044102768,TRUE
1930,6,-19.7227777777778,8.31894422165235,3.3961947569538,-28.4529743302865,-10.992581225269,TRUE
1931,6,-8.86444444444445,24.2484050029107,9.89936988891368,-34.311584865131,16.5826959762421,TRUE
1932,6,-14.095,13.4294114622429,5.48253427139649,-28.1883030113054,-0.00169698869460966,TRUE
1933,6,-13.16,8.95941863193267,3.6576673400366,-22.5623332250983,-3.75766677490174,TRUE
1934,6,-11.7288888888889,12.2864944221362,5.01594034363091,-24.6227740248619,1.1649962470841,TRUE
1935,6,-15.0105555555556,10.6873223788576,4.36308109080479,-26.2262125549866,-3.7948985561245,TRUE
1936,6,-21.9433333333333,8.83496613839955,3.60685982230773,-31.215061676244,-12.6716049904227,TRUE
1937,6,-19.235,9.87204374877754,4.0302449838229,-29.5950745485795,-8.87492545142049,TRUE
1938,6,-16.6616666666667,11.1249890386962,4.54175775647695,-28.3366266573266,-4.98670667600669,TRUE
1939,6,-9.60277777777777,17.3952797450173,7.10159321804396,-27.8580043081596,8.65244875260406,TRUE
1940,6,-10.2994444444444,18.0917957362713,7.38594468075415,-29.2856196798057,8.68673079091684,TRUE
1941,6,-0.234444444444437,7.74227634245658,3.16077108110671,-8.3594651721419,7.89057628325302,FALSE
1942,6,-12.7161111111111,9.05985170755918,3.69866897146715,-22.2238423851962,-3.20837983702602,TRUE
1943,6,-9.77833333333333,8.79637216887355,3.59110390022653,-19.0095597891384,-0.547106877528291,TRUE
1944,6,-9.91055555555556,8.28211766174346,3.38116037682733,-18.6021050036011,-1.21900610750998,TRUE
1945,6,-12.8783333333333,1.99055073339571,0.812638933990389,-14.9672882159799,-10.7893784506868,TRUE
1946,6,-13.3133333333333,11.6146870623171,4.74167613746369,-25.5021998827677,-1.12446678389902,TRUE
1947,6,-14.8055555555556,15.1775065536202,6.19619110401954,-30.7333718576795,1.12226074656838,TRUE
1948,6,-19.0244444444444,9.10470297682996,3.71697942547208,-28.5792442389969,-9.46964464989202,TRUE
1949,6,-11.8622222222222,10.1914946383228,4.16066026336692,-22.557539919487,-1.16690452495742,TRUE
1950,6,-23.3111111111111,13.6524986181475,5.57360922141896,-37.6385297346257,-8.98369248759646,TRUE
1951,6,-16.0094444444444,10.3242789184129,4.21486921871417,-26.8441106976537,-5.17477819123518,TRUE
1952,6,-12.3533333333333,7.23081522989551,2.95196795626491,-19.9416085410884,-4.76505812557831,TRUE
1953,6,-17.4133333333333,6.58716192470037,2.68919759476757,-24.3261358228797,-10.5005308437869,TRUE
1954,6,-13.12,14.0638608576103,5.74154715244103,-27.8791168185143,1.63911681851431,TRUE
1955,6,-13.1777777777778,8.6368704894685,3.5259876122833,-22.2416174865919,-4.11393806896366,TRUE
1956,6,-8.87444444444444,7.21974504525738,2.94744857231127,-16.4511022059,-1.2977866829889,TRUE
1957,6,-16.735,9.77031939657609,3.98871619093811,-26.988321387934,-6.48167861206603,TRUE
1958,6,-17.0394444444444,6.4194168709442,2.62071596333785,-23.7762092961628,-10.302679592726,TRUE
1959,6,-5.2011111111111,12.9223600642309,5.27553140498076,-18.7622963140836,8.36007409186136,TRUE
1960,6,-14.0011111111111,9.91931598597553,4.04954379384538,-24.4107948301838,-3.59142739203842,TRUE
1961,6,-16.4561111111111,6.06803479689234,2.47726483230653,-22.8241230910989,-10.0880991311233,TRUE
1962,6,-14.8655555555556,12.280004101821,5.01329068145765,-27.7526295180754,-1.97848159303572,TRUE
1963,6,-16.9661111111111,5.68407968380562,2.32051581377402,-22.9311869113054,-11.0010353109168,TRUE
1964,6,-11.1633333333333,8.28821144088933,3.3836481517461,-19.8612778103962,-2.46538885627042,TRUE
1965,6,-11.8211111111111,13.4710868433375,5.49954817448277,-25.9581497526434,2.31592753042115,TRUE
1966,6,-10.9977777777778,14.9499184192002,6.10327863721269,-26.6867549804239,4.69119942486831,TRUE
1967,6,-11.4922222222222,17.563879180063,7.17042364917457,-29.9243830086074,6.93993856416298,TRUE
1968,6,-16.0133333333333,12.3998154108125,5.06220344353165,-29.0261415535714,-3.00052511309527,TRUE
1969,6,-20.8327777777778,15.0717138178578,6.15300140050105,-36.6495714125506,-5.01598414300498,TRUE
1970,6,-9.32833333333333,10.4587472693647,4.26976569311175,-20.3041154664695,1.64744879980283,TRUE
1971,6,-18.0011111111111,6.93548673823953,2.83140060442108,-25.2794580742456,-10.7227641479766,TRUE
1972,6,-16.5716666666667,10.7534591333828,4.39008130777653,-27.8567299334035,-5.28660339992981,TRUE
1973,6,-15.3127777777778,11.6266222125807,4.74654864215523,-27.5141694992662,-3.11138605628933,TRUE
1974,6,-14.1016666666667,11.4757242811849,4.6849448196284,-26.1447007209619,-2.05863261237146,TRUE
1975,6,-9.44833333333334,7.59669540728804,3.10133791320002,-17.4205762391755,-1.47609042749113,TRUE
1976,6,-12.3972222222222,6.93069225872749,2.82944326635663,-19.6705376876821,-5.12390675676239,TRUE
1977,6,-8.00944444444444,12.7425832749297,5.20213783808347,-21.3819654774982,5.36307658860929,TRUE
1978,6,-12.0488888888889,5.7915922457249,2.36440763338096,-18.1267922032978,-5.97098557447996,TRUE
1979,6,-14.9305555555556,12.2523145054614,5.00198645108022,-27.7885710688013,-2.07254004230978,TRUE
1980,6,-23.9388888888889,10.5100653696385,4.29071621981836,-34.9685260654241,-12.9092517123537,TRUE
1981,6,-4.6588888888889,13.7286342553991,5.60469146517033,-19.0662069636016,9.74842918582383,TRUE
1982,6,-23.5505555555556,13.2464471407186,5.40783939991829,-37.4518492870239,-9.64926182408721,TRUE
1983,6,-14.3788888888889,11.7491273750042,4.79656116528766,-26.7088418938959,-2.04893588388189,TRUE
1984,6,-9.34611111111111,8.60387856122437,3.51251871397853,-18.3753279145969,-0.316894307625274,TRUE
1985,6,-14.9311111111111,11.502900053014,4.69603928201964,-27.0026643889054,-2.85955783331682,TRUE
1986,6,-18.8,18.5490716149833,7.57262677650868,-38.2660568397464,0.666056839746393,TRUE
1987,6,-19.7316666666667,11.6051834683185,4.73779631146052,-31.9105598058518,-7.55277352748152,TRUE
1988,6,-15.3066666666667,5.08335191253436,2.07526972811836,-20.6413173338136,-9.9720159995197,TRUE
1989,6,-13.8388888888889,8.77565411722597,3.58264579105966,-23.0483730829058,-4.62940469487202,TRUE
1990,6,-11.1261111111111,14.3884619541981,5.87406499520572,-26.2258758891341,3.97365366691182,TRUE
1991,6,-12.5138888888889,7.31905562112935,2.98799194513599,-20.1947667080831,-4.83301106969471,TRUE
1992,6,-12.1216666666667,8.35128725939235,3.40939874681957,-20.8858051556823,-3.35752817765108,TRUE
1993,6,-17.245,14.9370106707392,6.09800907096977,-32.9204313513804,-1.56956864861963,TRUE
1994,6,-18.0633333333333,5.87698373128407,2.39926856138066,-24.2308495160317,-11.895817150635,TRUE
1995,6,-9.34722222222222,10.888569014576,4.44523968579846,-20.7740746135854,2.07963016914096,TRUE
1996,6,-24.0055555555555,7.86726880934664,3.21179904203544,-32.261747832726,-15.7493632783851,FALSE
1997,6,-13.0761111111111,10.8080429756253,4.41236506805899,-24.4184566072597,-1.7337656149625,TRUE
1998,6,-4.80666666666666,12.5808409893775,5.13610682651104,-18.0094495807836,8.39611624745029,TRUE
1999,6,-15.3777777777778,10.7377267750812,4.38365859939496,-26.6463309470134,-4.10922460854217,TRUE
2000,6,-10.7516666666667,7.50063900981479,3.06212305314345,-18.6231045655604,-2.8802287677729,TRUE
2001,6,-17.8472222222222,9.84869182890503,4.0207116024559,-28.1827904338275,-7.51165401061692,TRUE
2002,6,-17.4727777777778,12.4508356554297,5.08303237117567,-30.5391284610733,-4.40642709448222,TRUE
2003,6,-12.1133333333333,8.86130514590762,3.61761267709542,-21.4127027694425,-2.81396389722419,TRUE
2004,6,-15.9055555555556,9.40110954838527,3.83798690159179,-25.7714149701975,-6.03969614091362,TRUE
2005,6,-17.3133333333333,6.09864939510744,2.48976318969109,-23.7134733637892,-10.9131933028775,TRUE
2006,6,-23.4138888888889,12.5279684291973,5.11452169420503,-36.5611854539802,-10.2665923237976,TRUE
2007,6,-19.4822222222222,7.20313933617116,2.94066931996488,-27.0414533607369,-11.9229910837075,TRUE
2008,6,-11.2794444444444,6.20201917538569,2.53196372577531,-17.7880644064125,-4.7708244824764,TRUE
2009,6,-15.7755555555556,11.4580581381094,4.67773264691874,-27.8000501296878,-3.75106098142327,TRUE
2010,6,-21.3027777777778,9.73696585564898,3.9750996648737,-31.5210967711461,-11.0844587844094,TRUE
2011,6,-1.57944444444445,8.27929825707649,3.38000935969192,-10.2680351087492,7.10914621986032,FALSE
2012,6,-16.745,9.31529918407824,3.80295496705936,-26.5208069600657,-6.96919303993431,TRUE
2013,6,-12.2138888888889,8.36559233917031,3.41523877118387,-20.993039638455,-3.43473813932274,TRUE
2014,6,-12.47,10.3974204065773,4.24472910621929,-23.3814235376441,-1.55857646235594,TRUE
2015,6,-18.5172222222222,10.759070884435,4.3923722955501,-29.8081746605155,-7.22626978392897,TRUE
2016,6,-11.3194444444444,8.84350896085602,3.61034741497132,-20.6001379297062,-2.03875095918264,TRUE
2017,6,-16.7822222222222,10.6778159786575,4.35920011917466,-27.9879028664762,-5.57654157796819,TRUE
2018,6,-11.7244444444444,6.66546511394255,2.72116473791356,-18.7194210914991,-4.72946779738979,TRUE
2019,6,-12.1505555555556,6.28737691875702,2.5668108785845,-18.7487529755586,-5.55235813555255,TRUE
2020,6,-20.3427777777778,7.51835721319393,3.06935647938307,-28.2328097907725,-12.452745764783,TRUE
2021,6,-12.3011111111111,12.5170136066727,5.11004940663704,-25.4369112950164,0.834689072794189,TRUE
2022,6,-16.4361111111111,5.71240187532225,2.33207830004287,-22.4309092284829,-10.4413129937393,TRUE
2023,6,-14.2788888888889,6.91404100096051,2.82264541883919,-21.534729930999,-7.02304784677882,TRUE
2024,6,-17.9527777777778,7.90326273458323,3.22649350048036,-26.2467433629112,-9.65881219264435,TRUE
2025,6,-15.785,9.40344942620053,3.83894215270976,-25.6533149658143,-5.91668503418572,TRUE
2026,6,-23.2527777777778,8.07716160724976,3.29748741796006,-31.7292390376252,-14.7763165179303,FALSE
2027,6,-15.1383333333333,10.7883659044773,4.4043319374015,-26.4600290097305,-3.81663765693615,TRUE
2028,6,-8.38888888888889,13.0118719580179,5.31207448259547,-22.044011063396,5.26623328561821,TRUE
2029,6,-18.8333333333333,9.03568456485482,3.68880277677269,-28.31570274655,-9.35096392011665,TRUE
2030,6,-12.7816666666667,7.4210178247701,3.02961784046425,-20.5695472562838,-4.99378607704956,TRUE
2031,6,-10.47,7.36746813136417,3.00775626967641,-18.2016836328514,-2.73831636714859,TRUE
2032,6,-13.8338888888889,14.2069859836892,5.79997774048517,-28.743206315675,1.07542853789724,TRUE
2033,6,-13.8583333333333,7.25255349668117,2.9608425665178,-21.4694214530028,-6.24724521366387,TRUE
2034,6,-10.7205555555556,8.07723341433374,3.29751673307934,-19.1970921723161,-2.244018938795,TRUE
2035,6,-17.2205555555556,7.36344285920253,3.00611295919777,-24.9480149243403,-9.49309618677084,TRUE
2036,6,-18.9933333333333,11.634354682959,4.74970540996823,-31.2028397848212,-6.78382688184546,TRUE
2037,6,-9.43277777777778,3.93817860701374,1.60775468385472,-13.5656427642539,-5.29991279130164,FALSE
2038,6,-21.3672222222222,6.40257497389107,2.61384028765774,-28.0863125869296,-14.6481318575148,FALSE
2039,6,-9.82,12.7390402568901,5.20069140702572,-23.1888028636502,3.54880286365018,TRUE
2040,6,-18.2427777777778,16.1024520446996,6.57379851952497,-35.1412648432016,-1.34429071235401,TRUE
2041,6,-8.66222222222222,7.81164079127118,3.18908899875424,-16.8600364746475,-0.464407969796978,TRUE
2042,6,-17.0511111111111,9.71214100818985,3.96496496333749,-27.2433780248009,-6.85884419742137,TRUE
2043,6,-10.0555555555556,14.4586613283321,5.90272376968756,-25.2289900586931,5.117878947582,TRUE
2044,6,-9.81111111111111,15.8043632043906,6.45210426006245,-26.3967731236593,6.77455090143711,TRUE
2045,6,-12.9466666666667,8.02222911664832,3.2750613225811,-21.3654798130887,-4.52785352024465,TRUE
2046,6,-13.0927777777778,7.13268016220385,2.91190448264523,-20.5780665479736,-5.607489007582,TRUE
2047,6,-19.705,10.2441460248172,4.1821551018938,-30.4555719387419,-8.95442806125807,TRUE
2048,6,-15.1822222222222,6.53355906639514,2.66731431950049,-22.0387719618628,-8.32567248258163,TRUE
2049,6,-13.0055555555556,8.61144501144757,3.51560770434703,-22.0427128615731,-3.968398249538,TRUE
2050,6,-11.9183333333333,12.8098335057269,5.22959262983973,-25.3614291553769,1.52476248871023,TRUE
2051,6,-19.8527777777778,6.07227484982784,2.47899582666893,-26.2252394204312,-13.4803161351244,TRUE
2052,6,-7.53777777777778,10.7777007786482,4.39997791801418,-18.8482810910259,3.77272553547035,TRUE
2053,6,-19.77,13.5818272375668,5.54475775111217,-34.0232535580126,-5.51674644198738,TRUE
2054,6,-25.3205555555555,13.3779142065764,5.46151060480704,-39.3598155114076,-11.2812955997035,TRUE
2055,6,-14.6122222222222,8.03385825855289,3.27980889988321,-23.0432394046203,-6.18120503982414,TRUE
2056,6,-7.26833333333333,10.6365355157484,4.34234744076246,-18.4306927885791,3.89402612191249,TRUE
2057,6,-15.1388888888889,7.83725140783615,3.19954448918461,-23.3635798350971,-6.91419794268066,TRUE
2058,6,-10.1861111111111,13.4034634689308,5.47194104748585,-24.252183373451,3.87996115122875,TRUE
2059,6,-13.11,9.7460059055549,3.9787902497935,-23.337805943926,-2.88219405607394,TRUE
2060,6,-14.7805555555555,15.0029645095253,6.12493461290369,-30.5252012159459,0.964090104834822,TRUE
2061,6,-17.6594444444444,8.23129135721773,3.36041062489411,-26.2976549570765,-9.02123393181237,TRUE
2062,6,-15.3072222222222,7.34834445955661,2.99994906335359,-23.0188367923131,-7.59560765213133,TRUE
2063,6,-17.2983333333333,12.6860640511985,5.17906396161686,-30.6115410786643,-3.98512558800239,TRUE
2064,6,-14.4177777777778,11.7614210529674,4.80158003829964,-26.7606322065847,-2.07492334897083,TRUE
2065,6,-11.0861111111111,8.28608751440004,3.38278106238777,-19.7818266640196,-2.39039555820259,TRUE
2066,6,-17.5027777777778,8.77703098792313,3.58320789616797,-26.7137069089758,-8.29184864657979,TRUE
2067,6,-10.2616666666667,13.685579718164,5.58711452394738,-24.6238017755456,4.10046844221229,TRUE
2068,6,-15.2561111111111,8.16191900546997,3.33208948088763,-23.8215198053957,-6.69070241682654,TRUE
2069,6,-11.9638888888889,4.39985778389694,1.79623441856005,-16.5812564577841,-7.34652131999368,TRUE
2070,6,-19.4711111111111,8.597548143167,3.50993433162869,-28.4936845482721,-10.4485376739501,TRUE
2071,6,-11.6522222222222,7.727937964631,3.15491746287139,-19.7621957452112,-3.54224869923321,TRUE
2072,6,-7.36388888888889,8.57064069086156,3.49894941022425,-16.3582246866217,1.63044690884396,TRUE
2073,6,-21.9527777777778,12.9648693555858,5.29288575050522,-35.5585737461248,-8.34698180943078,TRUE
2074,6,-15.935,11.9204309672278,4.86649556396326,-28.4447250999287,-3.42527490007135,TRUE
2075,6,-13.7733333333333,4.36502768223372,1.78201508909936,-18.354148952202,-9.19251771446471,TRUE
2076,6,-10.2566666666667,7.54868141539375,3.08173628309083,-18.1785219782013,-2.334811355132,TRUE
2077,6,-15.5833333333333,11.7633978462385,4.80238706077316,-27.9282622794517,-3.23840438721498,TRUE
2078,6,-7.75500000000001,10.5465890747251,4.30562695998138,-18.8229664543541,3.31296645435413,TRUE
2079,6,-10.7338888888889,12.6170840823362,5.15090300725256,-23.9747065964568,2.50692881867901,TRUE
2080,6,-18.9983333333333,9.19914023760433,3.7555332757393,-28.6522389550765,-9.34442771159013,TRUE
2081,6,-7.15,11.5658414691231,4.72173500754558,-19.2876062430848,4.98760624308476,TRUE
2082,6,-14.1627777777778,7.89462191527784,3.22296590077073,-22.4476753791742,-5.87788017638132,TRUE
2083,6,-15.5333333333333,13.950638057889,5.69532413801331,-30.1736301105714,-0.893036556095284,TRUE
2084,6,-10.8666666666667,9.97603818044908,4.07270053277056,-21.335876678193,-0.397456655140321,TRUE
2085,6,-12.42,16.1689250656244,6.60093601667947,-29.3882462226738,4.54824622267378,TRUE
2086,6,-12.1833333333333,12.5452739219906,5.12158663205355,-25.348790899328,0.982124232661285,TRUE
2087,6,-15.0244444444444,5.39473968753788,2.20239325493489,-20.685876540508,-9.36301234838087,TRUE
2088,6,-13.7322222222222,7.4413746241065,3.03792846899265,-21.5414659625772,-5.92297848186727,TRUE
2089,6,-16.1966666666667,7.5904598016194,3.09879223784579,-24.1623657056839,-8.23096762764947,TRUE
2090,6,-17.7983333333333,7.71511553884825,3.14968272946598,-25.894850545716,-9.70181612095067,TRUE
2091,6,-9.07611111111111,6.91351186419003,2.82242939965722,-16.3313968582359,-1.82082536398636,TRUE
2092,6,-14.2077777777778,8.63226934670566,3.5241092036162,-23.2667888833923,-5.14876667216323,TRUE
2093,6,-15.2055555555556,8.05908670498826,3.2901083700115,-23.6630483687821,-6.74806274232899,TRUE
2094,6,-8.195,10.6734409217979,4.35741400969105,-19.396089303659,3.00608930365901,TRUE
2095,6,-11.4111111111111,10.2212451223837,4.17280584762523,-22.1376500266535,-0.684572195568704,TRUE
2096,6,-8.42833333333333,9.96397282435297,4.06777487177049,-18.8848815301644,2.02821486349773,TRUE
2097,6,-15.6138888888889,11.6188965658279,4.74339466007569,-27.8071730413337,-3.42060473644403,TRUE
2098,6,-17.9477777777778,16.9917017219408,6.93683318005423,-35.7794751472645,-0.116080408291086,TRUE
2099,6,-9.85166666666666,4.04693285780176,1.6521534208196,-14.0986622399099,-5.60467109342339,TRUE
2100,6,-11.3777777777778,7.37542214736566,3.01100348311134,-19.1178086385015,-3.63774691705409,TRUE
2101,6,-19.3611111111111,11.8340720270218,4.83123967425788,-31.7802080613639,-6.94201416085829,TRUE
2102,6,-15.9055555555556,10.7878661604738,4.40412791776639,-27.2267267827846,-4.58438432832648,TRUE
2103,6,-19.4288888888889,11.1315175498655,4.54442301000107,-31.1107001318453,-7.74707764593244,TRUE
2104,6,-19.0755555555556,8.26133125313796,3.37267436104926,-27.7452910055851,-10.405820105526,TRUE
2105,6,-11.0027777777778,9.33612015933972,3.81145509461565,-20.8004350113403,-1.2051205442153,TRUE
2106,6,-14.5022222222222,14.2884132804897,5.83322029520107,-29.4969923563312,0.492547911886751,TRUE
2107,6,-7.41222222222223,8.68164440815389,3.54426648804398,-16.5230492770426,1.69860483259814,TRUE
2108,6,-15.75,8.91102962002084,3.63791260864636,-25.1015520714186,-6.39844792858136,TRUE
2109,6,-22.3822222222222,2.46318372722663,1.00559054573868,-24.9671750131857,-19.7972694312588,FALSE
2110,6,-19.1827777777778,10.1229910855694,4.13269380506465,-29.8062054053237,-8.55935015023186,TRUE
2111,6,-18.2905555555556,10.2587808278603,4.18812973521742,-29.0564857781938,-7.52462533291732,TRUE
2112,6,-20.7388888888889,10.7261739407585,4.37894217453271,-31.9953181020445,-9.48245967573333,TRUE
2113,6,-15.8944444444444,7.42175411032151,3.0299184277819,-23.6830977183603,-8.10579117052855,TRUE
2114,6,-17.5377777777778,5.69540074354998,2.32513761706089,-23.5147343015492,-11.5608212540063,TRUE
2115,6,-12.7844444444444,9.73604041502309,3.97472185532026,-23.0017922474374,-2.56709664145152,TRUE
2116,6,-16.5138888888889,5.46880991184114,2.23263229738098,-22.2530529181914,-10.7747248595864,TRUE
2117,6,-19.1755555555556,9.8435139765943,4.01859775310176,-29.5056899444079,-8.84542116670326,TRUE
2118,6,-6.02666666666666,9.41115224968052,3.84208681722721,-15.9030652499687,3.84973191663534,TRUE
2119,6,-19.6766666666667,5.70822836886464,2.33037447316632,-25.6670849576185,-13.6862483757148,TRUE
2120,6,-17.6566666666667,11.6759679113411,4.76669393931592,-29.9098435231099,-5.40348981022346,TRUE
2121,6,-11.7411111111111,12.7099797476308,5.18882750380059,-25.079416840631,1.5971946184088,TRUE
2122,6,-20.6077777777778,8.4285255509468,3.44093114730502,-29.4529728827153,-11.7625826728403,TRUE
2123,6,-11.14,8.60779104455183,3.51411597860843,-20.1733227029302,-2.10667729706983,TRUE
2124,6,-10.3694444444444,10.6009755141615,4.32783013090571,-21.4944859666702,0.755597077781294,TRUE
2125,6,-14.4111111111111,9.95051147019682,4.06227929694891,-24.8535324831294,-3.96868973909279,TRUE
2126,6,-16.7266666666667,8.66608280084555,3.53791348846348,-25.8211628161636,-7.63217051716973,TRUE
2127,6,-7.83388888888889,11.3984044529958,4.65337913195121,-19.7957807598117,4.12800298203397,TRUE
2128,6,-13.1122222222222,17.6767119449627,7.21648743255315,-31.6627937334411,5.43834928899664,TRUE
2129,6,-13.6288888888889,12.776970892398,5.21617652412801,-27.0374975132849,-0.220280264492846,TRUE
2130,6,-22.8583333333333,8.81167981210796,3.59735321940801,-32.1056241755114,-13.6110424911553,TRUE
2131,6,-17.4966666666667,8.75956721406816,3.57607834034663,-26.6892686911742,-8.30406464215916,TRUE
2132,6,-15.3772222222222,14.1628743813091,5.78196925422387,-30.2402473613377,-0.5141970831067,TRUE
2133,6,-9.16222222222223,7.75691423947168,3.16674697753911,-17.3026044807405,-1.02183996370399,TRUE
2134,6,-9.18944444444444,10.7141912987022,4.37405028139796,-20.4332986459659,2.05440975707706,TRUE
2135,6,-24.3766666666667,8.84226893958784,3.60984117840845,-33.6560588294154,-15.0972745039179,FALSE
2136,6,-12.5377777777778,9.13736374980751,3.73031313020539,-22.1268529515194,-2.94870260403616,TRUE
2137,6,-16.5544444444444,14.8728083975297,6.07179860268809,-32.1624996421564,-0.946389246732505,TRUE
2138,6,-11.8555555555555,10.9119187978949,4.45477219492108,-23.3069120417174,-0.404199069393714,TRUE
2139,6,-11.3783333333333,10.6049476398728,4.32945174443686,-22.5075433458467,-0.249123320819978,TRUE
2140,6,-18.6094444444444,8.6361401915096,3.52568946939005,-27.6725177525527,-9.54637113633614,TRUE
2141,6,-14.775,2.40115967352814,0.98026933184863,-17.2948625384814,-12.2551374615186,TRUE
2142,6,-9.54944444444445,8.43866166763076,3.44506919961319,-18.4052767514802,-0.69361213740865,TRUE
2143,6,-8.09333333333334,4.85621114313069,1.98253989731467,-13.1896143817947,-2.99705228487197,FALSE
2144,6,-11.355,3.5570241932142,1.4521490460183,-15.0878679603312,-7.62213203966876,TRUE
2145,6,-18.8872222222222,13.1781478072463,5.3799563137884,-32.7168401989636,-5.05760424548088,TRUE
2146,6,-11.9738888888889,12.3303741344817,5.03385416118201,-24.9138229588656,0.966045181087852,TRUE
2147,6,-18.0405555555556,6.42155654950717,2.62158948345333,-24.7795658622159,-11.3015452488952,TRUE
2148,6,-16.8511111111111,13.1338261610861,5.36186207751296,-30.6342163727531,-3.0680058494691,TRUE
2149,6,-11.6666666666667,5.98056221808991,2.44155430154797,-17.9428818049456,-5.39045152838774,TRUE
2150,6,-12.4172222222222,10.5085231897555,4.29008662751755,-23.4452409802251,-1.38920346421935,TRUE
2151,6,-8.7588888888889,6.67914254864988,2.72674852725076,-15.7682191233878,-1.74955865439001,TRUE
2152,6,-14.7644444444444,17.1829017943441,7.01489028274943,-32.7967939842618,3.26790509537292,TRUE
2153,6,-17.5672222222222,10.3847919610397,4.23957356491731,-28.4653930190426,-6.6690514254019,TRUE
2154,6,-13.9483333333333,5.43878284994804,2.22037380069546,-19.6559858937239,-8.2406807729428,TRUE
2155,6,-17.2722222222222,14.4909729244208,5.91591492355291,-32.4795656658771,-2.06487877856732,TRUE
2156,6,-6.62666666666666,7.09623906649776,2.89702746762059,-14.0737128522716,0.820379518938292,TRUE
2157,6,-10.9066666666667,7.73239189671892,3.15673577303213,-19.0213143047264,-2.79201902860692,TRUE
2158,6,-21.5177777777778,7.77789079282971,3.17531061958735,-29.6801735789921,-13.3553819765634,TRUE
2159,6,-14.0805555555556,10.687213630558,4.36303669449741,-25.2960984306453,-2.86501268046582,TRUE
2160,6,-15.5022222222222,9.385803148412,3.83173808996954,-25.3520185552137,-5.65242588923073,TRUE
2161,6,-14.1633333333333,10.2641598671191,4.19032571879915,-24.9349085114781,-3.39175815518854,TRUE
2162,6,-11.6372222222222,6.2999313635297,2.57193620920067,-18.2485947240088,-5.02584972043565,TRUE
2163,6,-14.6111111111111,10.1147651517015,4.12933558162557,-25.2259061504845,-3.9963160717377,TRUE
2164,6,-17.3166666666667,8.99942368525155,3.67399933466395,-26.7609826204937,-7.87235071283963,TRUE
2165,6,-15.5688888888889,10.5067368158967,4.28935734344354,-26.5950329624981,-4.54274481527967,TRUE
2166,6,-6.90666666666667,17.3493625883553,7.08284761733375,-25.1137060963647,11.3003727630314,TRUE
2167,6,-13.7438888888889,12.0347689663771,4.91317385665102,-26.3736043601192,-1.11417341765857,TRUE
2168,6,-10.4033333333333,11.6712691873868,4.76477569329422,-22.6515791813969,1.8449125147302,TRUE
2169,6,-14.5733333333333,9.76606824105223,3.986980663963,-24.8221934071498,-4.32447325951684,TRUE
2170,6,-10.9744444444444,9.26571377994441,3.78271181058977,-20.6982147141934,-1.25067417469544,TRUE
2171,6,-16.1038888888889,12.1158666249705,4.94628183713238,-28.8187111333592,-3.38906664441858,TRUE
2172,6,-15.105,9.85845080234325,4.02469568667873,-25.4508096261402,-4.75919037385983,TRUE
2173,6,-9.325,12.2255049884339,4.99104151158557,-22.1548806505887,3.50488065058867,TRUE
2174,6,-16.4138888888889,6.13436600605933,2.50434443505336,-22.8515112038139,-9.97626657396384,TRUE
2175,6,-13.3505555555556,12.0755349394581,4.92981649547043,-26.0230522918321,-0.678058819279,TRUE
2176,6,-14.1455555555556,6.53565253621044,2.66816897497372,-21.0043022570314,-7.28680885407974,TRUE
2177,6,-8.585,12.6156974088281,5.15033690016344,-21.8243624829676,4.65436248296758,TRUE
2178,6,-13.4894444444444,10.8634470520112,4.43498368752828,-24.889932952948,-2.08895593594089,TRUE
2179,6,-13.2438888888889,10.8762917325645,4.44022750640572,-24.6578570629482,-1.82992071482961,TRUE
2180,6,-20.9522222222222,3.38718674921742,1.38281319984986,-24.5068567158344,-17.3975877286101,FALSE
2181,6,-21.4044444444444,11.1679960734366,4.55931530488764,-33.1245375501273,-9.68435133876163,TRUE
2182,6,-19.4527777777778,18.2097115013655,7.43408359027261,-38.5626980195345,-0.342857536021018,TRUE
2183,6,-11.3366666666667,10.440589383108,4.26235276708899,-22.2933932668198,-0.379940066513539,TRUE
2184,6,-15.6905555555556,6.3732675786938,2.60187559367051,-22.3788896952304,-9.0022214158807,TRUE
2185,6,-14.8411111111111,10.6349945759097,4.34171835470761,-26.0018534491713,-3.68036877305096,TRUE
2186,6,-10.7555555555556,10.0012398490646,4.0829890708997,-21.2512130963119,-0.259898014799193,TRUE
2187,6,-19.4688888888889,7.53768861320429,3.07724849038958,-27.3792079620236,-11.5585698157542,TRUE
2188,6,-15.455,9.58034347563338,3.91115884598395,-25.5089538857746,-5.40104611422536,TRUE
2189,6,-19.0177777777778,8.34770325476593,3.40793558305782,-27.7781550846048,-10.2574004709507,TRUE
2190,6,-18.2844444444444,9.59291165778536,3.91628978486173,-28.3515878284981,-8.21730106039082,TRUE
2191,6,-10.5988888888889,11.4197963917764,4.66211235438811,-22.5832302227746,1.38545244499683,TRUE
2192,6,-10.3522222222222,8.28953172961515,3.38418715736134,-19.051552257329,-1.65289218711547,TRUE
2193,6,-13.5388888888889,7.90034026458964,3.22530040710154,-21.8297875298545,-5.24799024792325,TRUE
2194,6,-8.75611111111111,8.25282239039514,3.36920063238071,-17.4169170573233,-0.0953051648988801,TRUE
2195,6,-12.4444444444444,7.47234506301339,3.0505720977313,-20.2861896671715,-4.60269922171739,TRUE
2196,6,-7.04222222222222,7.76889572209209,3.17163839733611,-15.1951782756211,1.11073383117667,TRUE
2197,6,-13.5511111111111,12.8180455550701,5.23294518494528,-27.002824950412,-0.0993972718102665,TRUE
2198,6,-18.1888888888889,14.3618859279486,5.86321537792202,-33.2607638377987,-3.11701393997904,TRUE
2199,6,-10.2783333333333,10.6902097994172,4.36425987531211,-21.497020494807,0.940353828140379,TRUE
2200,6,-12.8183333333333,7.17643450623095,2.92976711879466,-20.3495394715514,-5.28712719511524,TRUE
2201,6,-11.2372222222222,6.31930038907848,2.57984358076892,-17.8689212697297,-4.6055231747147,TRUE
2202,6,-14.5727777777778,3.91958808304403,1.60016513422526,-18.6861332058358,-10.4594223497198,TRUE
2203,6,-13.5744444444444,8.42017066775217,3.43752028052379,-22.4108716371903,-4.73801725169855,TRUE
2204,6,-18.4344444444444,13.0028748388221,5.30840142406472,-32.0801247214111,-4.78876416747774,TRUE
2205,6,-12.9577777777778,13.7436936110375,5.61083942136519,-27.3808996770113,1.46534412145575,TRUE
2206,6,-11.6411111111111,11.7805794361675,4.80940141548912,-24.004071030051,0.721848807828781,TRUE
2207,6,-16.3033333333333,12.8637754955534,5.25161435497061,-29.8030378019877,-2.80362886467897,TRUE
2208,6,-20.8922222222222,8.71178095497168,3.55656968176283,-30.0346756433366,-11.7497688011079,TRUE
2209,6,-10.1122222222222,8.43772999137845,3.44468884437592,-18.967076794994,-1.25736764945045,TRUE
2210,6,-17.2383333333333,13.2553463846773,5.41147250105086,-31.1489662485801,-3.32770041808658,TRUE
2211,6,-9.78777777777779,8.46553920752093,3.45604190932523,-18.6718163330871,-0.903739222468513,TRUE
2212,6,-2.27222222222222,4.68903243592804,1.91428947589723,-7.19305997711339,2.64861553266895,FALSE
2213,6,-14.0366666666667,9.45429073666203,3.85969803079061,-23.9583363156583,-4.11499701767509,TRUE
2214,6,-9.84,8.27502131585036,3.37826330574794,-18.5241022897523,-1.15589771024767,TRUE
2215,6,-12.3705555555556,5.4974593795343,2.24432839358941,-18.1397853573193,-6.6013257537918,TRUE
2216,6,-12.535,10.4321312939079,4.25889976663248,-23.4828503799012,-1.58714962009881,TRUE
2217,6,-13.0661111111111,8.40201494792679,3.43010823894293,-21.8834850444043,-4.24873717781795,TRUE
2218,6,-20.4577777777778,6.07542578907178,2.48028219222862,-26.8335461283729,-14.0820094271827,FALSE
2219,6,-11.8305555555556,9.6704255718526,3.94793470776685,-21.9790448036192,-1.68206630749194,TRUE
2220,6,-15.4255555555555,12.3036873726116,5.02295933627052,-28.3374835865124,-2.51362752459871,TRUE
2221,6,-5.95777777777778,12.8158744734223,5.23205884457414,-19.4072132066204,7.49165765106482,TRUE
2222,6,-5.50666666666667,6.46277030382482,2.6384149281971,-12.2889281559618,1.2755948226285,FALSE
2223,6,-11.09,5.64238838318195,2.30349541156719,-17.0113234634462,-5.16867653655378,TRUE
2224,6,-11.5872222222222,8.73448145548986,3.56583712229205,-20.7534983576238,-2.42094608682061,TRUE
2225,6,-8.03888888888889,10.0096599268832,4.08642655327471,-18.5433827593988,2.465604981621,TRUE
2226,6,-10.2761111111111,9.02159271887095,3.6830498047403,-19.7436920389204,-0.808530183301823,TRUE
2227,6,-9.57722222222222,11.7893272669566,4.81297270245406,-21.949362426564,2.7949179821196,TRUE
2228,6,-16.2588888888889,9.84607528503203,4.01964340289282,-26.5917112061005,-5.92606657167727,TRUE
2229,6,-13.6616666666667,13.6813190965719,5.58537513246607,-28.0193305273987,0.695997194065395,TRUE
2230,6,-6.60555555555556,14.4162811766059,5.88542214519574,-21.7345148170474,8.52340370593633,TRUE
2231,6,-15.2805555555556,8.76329730350566,3.57760114298277,-24.4770720688588,-6.08403904225234,TRUE
2232,6,-20.56,7.94756762230502,3.24458089515197,-28.9004607133303,-12.2195392866697,TRUE
2233,6,-12.2727777777778,9.99242099830704,4.07938879015406,-22.7591805022462,-1.78637505330937,TRUE
2234,6,-20.7538888888889,8.38564445722349,3.42342501409926,-29.5540830457954,-11.9536947319823,TRUE
2235,6,-11.995,6.22771538277793,2.54245415851459,-18.5305864778156,-5.45941352218437,TRUE
2236,6,-9.07277777777777,14.3749815716468,5.86856165207434,-24.1583957619119,6.01284020635636,TRUE
2237,6,-14.3483333333333,9.24836411960995,3.77562884141809,-24.0538962511873,-4.6427704154794,TRUE
2238,6,-11.5244444444444,10.498097958237,4.28583054457244,-22.5415225929377,-0.507366295951234,TRUE
2239,6,-8.56833333333334,13.0733351606322,5.33716672998921,-22.2879571832061,5.15129051653938,TRUE
2240,6,-12.0877777777778,8.51957841071353,3.47810332164663,-21.0285269988689,-3.14702855668661,TRUE
2241,6,-8.33,12.9351835446326,5.28076656893254,-21.9046426203335,5.24464262033349,TRUE
2242,6,-18.1938888888889,6.44275110894809,2.63024212611222,-24.9551415215984,-11.4326362561794,TRUE
2243,6,-15.3188888888889,5.38363267141628,2.1978588345911,-20.9686648863816,-9.66911289139623,TRUE
2244,6,-13.9666666666667,4.91477590763019,2.00644886230301,-19.1244076662359,-8.80892566709741,TRUE
2245,6,-11.6538888888889,8.85523659679318,3.61513520229385,-20.9468897732749,-2.36088800450291,TRUE
2246,6,-14.4672222222222,12.3471381149491,5.04069802754919,-27.4247490107679,-1.50969543367648,TRUE
2247,6,-12.0827777777778,4.83894176524242,1.97548970331441,-17.1609357256044,-7.0046198299512,TRUE
2248,6,-13.9411111111111,11.2827616136135,4.606168140469,-25.7816432648874,-2.10057895733482,TRUE
2249,6,-15.6366666666667,9.29693665198979,3.79545849472566,-25.39320333112,-5.88013000221333,TRUE
2250,6,-15.8911111111111,6.91302527975406,2.82223075239306,-23.1458862191869,-8.6363360030353,TRUE
2251,6,-17.3922222222222,6.50075608138235,2.65392255694691,-24.2143473402954,-10.570097104149,TRUE
2252,6,-17.4616666666667,13.914552374323,5.68059221938725,-32.0640938414805,-2.85923949185281,TRUE
2253,6,-8.77999999999999,7.8274687266489,3.19555072631376,-16.9944246519166,-0.565575348083403,TRUE
2254,6,-14.7161111111111,14.1884535868144,5.79241192114283,-29.6059799801241,0.173757757901866,TRUE
2255,6,-11.4144444444444,6.28958386423023,2.56771186030109,-18.0149579116823,-4.81393097720654,TRUE
2256,6,-14.6411111111111,10.9134299866758,4.45538913515745,-26.0940534926382,-3.18816872958399,TRUE
2257,6,-15.0922222222222,11.1605873335425,4.55629069949137,-26.8045403322134,-3.37990411223102,TRUE
2258,6,-11.6411111111111,5.79762697303979,2.36687130049068,-17.7253474834413,-5.55687473878088,TRUE
2259,6,-16.5044444444444,11.451815317847,4.6751840262189,-28.5223875804998,-4.48650130838909,TRUE
2260,6,-14.9288888888889,12.2897830496477,5.01728292019042,-27.8262252277787,-2.03155254999907,TRUE
2261,6,-14.1111111111111,10.1930108225995,4.16127924300588,-24.8080199461925,-3.41420227602976,TRUE
2262,6,-19.8738888888889,9.98236832657497,4.07528480410485,-30.3497419813655,-9.39803579641228,TRUE
2263,6,-21.9705555555555,9.73525218909018,3.97440006343065,-32.1870761661622,-11.7540349449489,TRUE
2264,6,-14.14,6.96206897728286,2.84225275806722,-21.4462433121748,-6.83375668782518,TRUE
2265,6,-7.18944444444444,3.82041848590013,1.55967931572527,-11.1987277628655,-3.18016112602339,FALSE
2266,6,-15.4788888888889,11.262049283948,4.59771236729155,-27.297684785729,-3.66009299204879,TRUE
2267,6,-12.1977777777778,10.0793167022961,4.11486381275625,-22.7753719509662,-1.62018360458939,TRUE
2268,6,-8.83833333333333,10.4122263069272,4.25077358972589,-19.7652947104853,2.0886280438186,TRUE
2269,6,-20.9477777777778,14.9654684994292,6.10962693088276,-36.6530737888194,-5.24248176673611,TRUE
2270,6,-12.5688888888889,8.01670413481658,3.27280575819345,-20.9819039224669,-4.15587385531087,TRUE
2271,6,-16.8283333333333,12.240551685098,4.99718429977582,-29.674004523664,-3.98266214300265,TRUE
2272,6,-9.20111111111111,6.44316715311367,2.63041197543157,-15.9628003553957,-2.43942186682648,TRUE
2273,6,-21.8066666666667,10.0271781784419,4.09357834952548,-32.3295448147109,-11.2837885186224,TRUE
2274,6,-6.87277777777778,7.74917584626239,3.16358779174048,-15.0050390906667,1.25948353511109,TRUE
2275,6,-15.9977777777778,11.110979888114,4.53603854470091,-27.6580360665321,-4.33751948902344,TRUE
2276,6,-16.8872222222222,11.4857597662239,4.68904178923952,-28.9407878721809,-4.8336565722635,TRUE
2277,6,-13.7544444444445,9.99721309313898,4.08134515467694,-24.2458761640193,-3.26301272486963,TRUE
2278,6,-17.0627777777778,12.5535231737578,5.12495437498511,-30.2368924025794,-3.8886631529762,TRUE
2279,6,-15.2355555555555,8.08861715050276,3.30216412390944,-23.724038670767,-6.74707244034405,TRUE
2280,6,-11.9211111111111,9.22049544744187,3.76425150364798,-21.5974276511553,-2.24479457106694,TRUE
2281,6,-16.5444444444444,12.5111970591088,5.10767481103766,-29.674140536035,-3.41474835285388,TRUE
2282,6,-20.1505555555556,14.0005518012949,5.71570133842938,-34.8432335940443,-5.45787751706682,TRUE
2283,6,-10.8761111111111,10.400272094019,4.24589330274227,-21.7905273111903,0.038305088968027,TRUE
2284,6,-14.4027777777778,6.41564075492825,2.61917437042974,-21.1355798387686,-7.66997571678689,TRUE
2285,6,-6.56,7.90271880079536,3.22627144044134,-14.8533947616307,1.73339476163071,TRUE
2286,6,-13.0405555555556,4.45362095711227,1.81818314211512,-17.7143441145368,-8.36676699657428,TRUE
2287,6,-10.4605555555556,15.1698287424108,6.1930566507188,-26.38031448896,5.45920337784886,TRUE
2288,6,-12.5811111111111,15.4025998767404,6.28808506837817,-28.74514836882,3.58292614659774,TRUE
2289,6,-13.1516666666667,15.3639978521217,6.27232585781915,-29.2751935839685,2.97186025063519,TRUE
2290,6,-8.48944444444444,8.30717318323727,3.39138925064386,-17.2072880497218,0.228399160832918,TRUE
2291,6,-18.6205555555556,13.2200244438615,5.39705237909695,-32.4941203672399,-4.74699074387118,TRUE
2292,6,-17.0411111111111,14.5333955146478,5.93323387349014,-32.292974332887,-1.78924788933526,TRUE
2293,6,-7.50666666666667,12.0894617102849,4.93550207585214,-20.1937786525975,5.18044531926415,TRUE
2294,6,-18.3627777777778,6.63335792848595,2.7080570343393,-25.3240600001175,-11.401495555438,TRUE
2295,6,-14.0077777777778,13.2034013575066,5.39026603251033,-27.8638977301962,-0.151657825359305,TRUE
2296,6,-9.07777777777778,10.0902317265906,4.11931985276486,-19.6668265664712,1.51127101091563,TRUE
2297,6,-12.5066666666667,5.42061702104925,2.21295763210267,-18.1952553587825,-6.81807797455078,TRUE
2298,6,-14.0633333333333,12.0744996675731,4.92939384749319,-26.7347436183967,-1.39192304826994,TRUE
2299,6,-9.87666666666666,5.01975785161883,2.04930756146594,-15.1445794598032,-4.60875387353017,TRUE
2300,6,-22.0727777777778,12.6008376117827,5.14427041342305,-35.2965458601244,-8.84900969543117,TRUE
2301,6,-16.9522222222222,9.52319826451099,3.88782941123504,-26.9462058867956,-6.95823855764881,TRUE
2302,6,-19.0155555555556,11.3262043591481,4.62390356706656,-30.9016780747908,-7.1294330363203,TRUE
2303,6,-18.2372222222222,8.58899565119789,3.50644279140309,-27.2508203695009,-9.22362407494355,TRUE
2304,6,-18.3377777777778,12.9397069633086,5.28261324687407,-31.917167434884,-4.75838812067153,TRUE
2305,6,-2.43111111111111,8.16464673432331,3.33320307152885,-10.9993823812704,6.13716015904812,FALSE
2306,6,-17.1133333333333,8.47511284749517,3.45995033147823,-26.0074188076351,-8.21924785903157,TRUE
2307,6,-17.2555555555555,8.65691725132546,3.53417166854074,-26.3404330507269,-8.17067806038423,TRUE
2308,6,-22.5738888888889,11.5024193429357,4.69584303295196,-34.6449376923945,-10.5028400853832,TRUE
2309,6,-15.0633333333333,8.33315519809607,3.40199636379277,-23.8084433909998,-6.31822327566684,TRUE
2310,6,-13.0372222222222,10.4132644932993,4.25119742753747,-23.9652731091539,-2.10917133529058,TRUE
2311,6,-19.1011111111111,9.37710537347135,3.82818723821918,-28.9417796890921,-9.26044253313013,TRUE
2312,6,-15.6977777777778,11.0046662156795,4.49263616967659,-27.2464667096711,-4.14908884588442,TRUE
2313,6,-15.4388888888889,8.88443899727475,3.6270570323679,-24.7625358131108,-6.11524196466702,TRUE
2314,6,-14.3683333333333,9.61563142896907,3.92556509260722,-24.4593196549974,-4.27734701166924,TRUE
2315,6,-8.60166666666666,11.4239934154198,4.66382578211557,-20.5904125067453,3.38707917341196,TRUE
2316,6,-14.4622222222222,5.94203170142509,2.42582428398887,-20.6980020630895,-8.22644238135496,TRUE
2317,6,-18.0772222222222,9.9082330337882,4.04501919756161,-28.4752750962743,-7.67916934817017,TRUE
2318,6,-18.2866666666667,9.10385437298095,3.71663298440144,-27.8405759060958,-8.73275742723754,TRUE
2319,6,-8.41055555555555,14.390231009908,5.87478720917502,-23.5121768436894,6.69106573257831,TRUE
2320,6,-21.395,7.27993307356294,2.97202023197341,-29.0348212234545,-13.7551787765455,TRUE
2321,6,-15.3855555555556,20.9360299395475,8.54709843192052,-37.3565715320461,6.58546042093497,TRUE
2322,6,-12.6927777777778,4.38591504030124,1.79054231732273,-17.2955133346257,-8.09004222092981,TRUE
2323,6,-15.5233333333333,7.74122442224456,3.16034163647845,-23.64725013847,-7.3994165281967,TRUE
2324,6,-20.51,6.26325261611994,2.55696217327428,-27.082880517028,-13.937119482972,TRUE
2325,6,-12.0655555555556,5.72995352576332,2.33924373133026,-18.0787730004392,-6.05233811067188,TRUE
2326,6,-21.2438888888889,8.78727828338386,3.58739133702169,-30.4655718971559,-12.0222058806219,TRUE
2327,6,-13.2588888888889,13.8470797028217,5.65304661659381,-27.7905078375103,1.27273005973248,TRUE
2328,6,-11.1177777777778,9.36640276417476,3.82381791627035,-20.947214656123,-1.28834089943252,TRUE
2329,6,-11.4911111111111,5.51311674974295,2.25072048821025,-17.2767723151989,-5.70544990702335,TRUE
2330,6,-10.6477777777778,17.6314628707593,7.19801457536455,-29.1508632978553,7.85530774229976,TRUE
2331,6,-25.1383333333333,6.4590855045862,2.63691061520723,-31.9167278629816,-18.359938803685,FALSE
2332,6,-12.1427777777778,6.08849859860255,2.48561914437112,-18.532265200608,-5.75329035494751,TRUE
2333,6,-14.5877777777778,8.4981761877781,3.46936590072112,-23.5060667433475,-5.66948881220806,TRUE
2334,6,-18.7794444444444,9.43199057973959,3.85059402984995,-28.6777115139864,-8.88117737490254,TRUE
2335,6,-16.1627777777778,8.86175087206352,3.61779464403658,-25.4626149748006,-6.862940580755,TRUE
2336,6,-12.6811111111111,14.5062663343454,5.92215843201,-27.9045040041964,2.54228178197423,TRUE
2337,6,-14.6944444444444,14.7664469007976,6.02837670347602,-30.190880096773,0.801991207884116,TRUE
2338,6,-14.6544444444444,8.91504637407187,3.6395524416209,-24.0102118407209,-5.29867704816796,TRUE
2339,6,-10.5916666666667,7.39070159051223,3.01724128965517,-18.3477323195861,-2.8356010137472,TRUE
2340,6,-7.95944444444444,7.4747219693122,3.05154246566439,-15.8036840773542,-0.115204811534717,TRUE
2341,6,-18.0938888888889,7.71746026636762,3.15063996046737,-26.1928667418962,-9.99491103588155,TRUE
2342,6,-10.11,8.90669960073751,3.63614488567626,-19.4570079948613,-0.762992005138729,TRUE
2343,6,-12.3383333333333,9.89390603688284,4.03917022556751,-22.7213509462202,-1.95531572044646,TRUE
2344,6,-12.9677777777778,9.71472139857092,3.96601840329929,-23.1627526450983,-2.7728029104573,TRUE
2345,6,-10.1122222222222,9.63724203670708,3.93438758627214,-20.2258874858464,0.00144304140194329,TRUE
2346,6,-14.2777777777778,8.63981935682214,3.52719148233923,-23.3447121330901,-5.21084342246542,TRUE
2347,6,-14.2344444444444,7.84511020152516,3.20275282827326,-22.4673826888365,-6.00150620005237,TRUE
2348,6,-12.7466666666667,13.6185602110584,5.55975392474376,-27.0384691162207,1.54513578288736,TRUE
2349,6,-10.8261111111111,9.67383743613364,3.94932759552688,-20.9781808911497,-0.674041331072475,TRUE
2350,6,-9.81888888888889,10.4737805265586,4.27590299466125,-20.810447457908,1.17266968013024,TRUE
2351,6,-11.3211111111111,8.27591516702846,3.37862821896333,-20.0061514401465,-2.63607078207572,TRUE
2352,6,-14.6,9.75175608117157,3.98113774915887,-24.8338403831538,-4.36615961684616,TRUE
2353,6,-13.8411111111111,8.36003420159582,3.41296967102092,-22.6144289530151,-5.06779326920709,TRUE
2354,6,-13.2805555555556,14.5034532924889,5.92101001248108,-28.5009963422602,1.93988523114906,TRUE
2355,6,-9.32722222222222,16.16305972363,6.59854150083726,-26.2893131459669,7.6348687015224,TRUE
2356,6,-9.51222222222223,10.3161249543651,4.21154037683114,-20.3383314149533,1.31388697050883,TRUE
2357,6,-19.4188888888889,13.8403844947662,5.65031330935084,-33.9434816475603,-4.89429613021753,TRUE
2358,6,-10.8361111111111,6.73095582338024,2.74790120808277,-17.8998160427318,-3.77240617949047,TRUE
2359,6,-12.395,12.6229589329215,5.15330140496074,-25.6419829851512,0.851982985151189,TRUE
2360,6,-9.66222222222222,10.9316174805351,4.46281414843334,-21.1342512080057,1.80980676356127,TRUE
2361,6,-19.0055555555556,9.44934134486907,3.8576774500523,-28.9220311364038,-9.08907997470732,TRUE
2362,6,-12.7272222222222,7.10672183113882,2.90130703836464,-20.1852693946462,-5.26917504979829,TRUE
2363,6,-18.2916666666667,4.88701397128713,1.99511509925098,-23.420273300805,-13.1630600325283,TRUE
2364,6,-17.4944444444444,11.9522555131595,4.87948788043465,-30.0375673570973,-4.9513215317916,TRUE
2365,6,-4.47166666666667,8.88610494598793,3.62773715308205,-13.7970618968424,4.85372856350904,FALSE
2366,6,-18.4288888888889,11.1854770258714,4.56645187383481,-30.167327129076,-6.69045064870172,TRUE
2367,6,-14.2333333333333,16.545166598671,6.75453597934724,-31.5964208299953,3.12975416332861,TRUE
2368,6,-13.2161111111111,6.33199579443485,2.5850264583024,-19.8611331694625,-6.57108905275969,TRUE
2369,6,-11.8055555555556,8.89440864730113,3.63112712494769,-21.1396649858324,-2.47144612527871,TRUE
2370,6,-19.3077777777778,8.06858507950342,3.2939860651695,-27.7752385237416,-10.8403170318139,TRUE
2371,6,-8.14777777777778,6.10462653937038,2.49220334861829,-14.5541904364479,-1.74136511910761,TRUE
2372,6,-9.075,11.8305894940944,4.82981793614379,-21.4904422560817,3.3404422560817,TRUE
2373,6,-14.185,8.77909809338825,3.58405178844031,-23.3980984253445,-4.97190157465549,TRUE
2374,6,-12.5005555555556,14.3503832572385,5.85851943226884,-27.5603591918682,2.5592480807571,TRUE
2375,6,-15.9316666666667,8.21873192435698,3.35528325789951,-24.5566968628378,-7.30663647049554,TRUE
2376,6,-12.9683333333333,9.87906985050268,4.03311337784081,-23.3357813234727,-2.60088534319392,TRUE
2377,6,-14.4005555555555,10.6455673439265,4.34603466917592,-25.5723933331848,-3.22871777792626,TRUE
2378,6,-9.51388888888889,12.256479903693,5.00368696778735,-22.3762757194932,3.34849794171541,TRUE
2379,6,-8.73666666666666,10.684674798774,4.36200022076179,-19.9495452011985,2.47621186786519,TRUE
2380,6,-13.29,4.42294572529315,1.80566003116538,-17.9315968774482,-8.64840312255178,TRUE
2381,6,-14.6827777777778,6.381356671035,2.60517795179021,-21.3796008992499,-7.98595465630565,TRUE
2382,6,-24.1711111111111,15.6816430072683,6.40200394938188,-40.6279861750641,-7.7142360471581,TRUE
2383,6,-8.03777777777778,11.5265432163558,4.7056915630351,-20.1341430338229,4.05858747826731,TRUE
2384,6,-19.1238888888889,9.07921274528106,3.70657308201871,-28.6519383259847,-9.59583945179308,TRUE
2385,6,-12.4927777777778,7.70706037537203,3.14639422274741,-20.5808416145233,-4.40471394103224,TRUE
2386,6,-16.8233333333333,8.52760641159705,3.48138073928317,-25.7725074246688,-7.87415924199787,TRUE
2387,6,-17.2466666666667,18.6497632990639,7.61373398439853,-36.8183929483284,2.3250596149951,TRUE
2388,6,-19.1166666666667,11.9342880437465,4.87215269176283,-31.6409338765588,-6.59239945677455,TRUE
2389,6,-17.1861111111111,10.747081963991,4.38747783927435,-28.4644819490066,-5.90774027321563,TRUE
2390,6,-13.5572222222222,8.69702871781613,3.55054710616356,-22.6841941198973,-4.43025032454709,TRUE
2391,6,-20.295,11.8865785657606,4.85267537893618,-32.7691991833329,-7.8208008166671,TRUE
2392,6,-17.1388888888889,6.16576341733272,2.51716237453071,-23.6094607662047,-10.6683170115731,TRUE
2393,6,-4.75222222222223,9.50530206818318,3.8805233196784,-14.7274249805507,5.2229805361062,TRUE
2394,6,-15.9427777777778,4.40498122920287,1.79832605634748,-20.5655220727761,-11.3200334827795,TRUE
2395,6,-13.3266666666667,10.3406593385313,4.2215564972246,-24.1785231165447,-2.47481021678865,TRUE
2396,6,-9.24888888888889,7.60215252168508,3.10356577082348,-17.2268586850703,-1.27091909270743,TRUE
2397,6,-18.76,12.3741291051577,5.05171705315976,-31.7458520956267,-5.77414790437331,TRUE
2398,6,-9.16666666666667,10.8778167744165,4.44085010213468,-20.5822352739978,2.24890194066441,TRUE
2399,6,-15.3994444444445,18.6370143551502,7.60852924984054,-34.9577915299921,4.15890264110321,TRUE
2400,6,-19.0155555555556,6.03602874106502,2.46419841473054,-25.3499792398657,-12.6811318712454,TRUE
2401,6,-17.9077777777778,16.1693928514705,6.60112698945144,-34.8765149115903,-0.939040643965296,TRUE
2402,6,-12.2188888888889,18.6199633209648,7.60156819428371,-31.7593420114653,7.32156423368754,TRUE
2403,6,-11.5772222222222,13.3059758365541,5.4321418882267,-25.5409874886969,2.38654304425249,TRUE
2404,6,-10.2177777777778,11.3724872031225,4.64279845899692,-22.1524711629955,1.71691560743999,TRUE
2405,6,-14.5716666666667,9.1063432714662,3.71764907295318,-24.1281878448703,-5.01514548846305,TRUE
2406,6,-8.08777777777778,4.03971047734125,1.64920489634352,-12.3271939275609,-3.84836162799465,FALSE
2407,6,-9.95611111111111,6.91985369680496,2.82501844198067,-17.2180522034042,-2.694170018818,TRUE
2408,6,-11.9077777777778,4.48121544358803,1.82944854404507,-16.6105249743313,-7.2050305812242,TRUE
2409,6,-16.88,8.39242965746842,3.42619506049971,-25.6873147878674,-8.07268521213259,TRUE
2410,6,-15.9705555555556,11.6145080570555,4.74160305887167,-28.1592342504887,-3.78187686062245,TRUE
2411,6,-11.6355555555556,9.73543348727652,3.97447407810529,-21.8522664269404,-1.41884468417073,TRUE
2412,6,-21.8166666666667,12.3765523829897,5.05270635219201,-34.8050618364157,-8.82827149691766,TRUE
2413,6,-12.1955555555556,12.1646531058302,4.96619883454112,-24.9615760717852,0.570464960674068,TRUE
2414,6,-16.9872222222222,9.36838167375695,3.82462580272426,-26.8187358388112,-7.15570860563328,TRUE
2415,6,-10.5283333333333,10.9007210261014,4.45020072372938,-21.9679384786877,0.911271812020987,TRUE
2416,6,-9.36055555555555,13.3558924851196,5.45252027466923,-23.376705132059,4.6555940209479,TRUE
2417,6,-10.73,6.77225549166926,2.76476172705848,-17.837046275439,-3.62295372456099,TRUE
2418,6,-14.0088888888889,10.5683381783444,4.31450599435308,-25.0996796277169,-2.91809815006087,TRUE
2419,6,-13.6594444444444,12.7238298596097,5.19448178833873,-27.0122849750916,-0.306603913797279,TRUE
2420,6,-14.5127777777778,7.70605171037433,3.14598243698645,-22.599783085526,-6.42577247002956,TRUE
2421,6,-10.2461111111111,7.27099241787122,2.96837022457164,-17.8765496918386,-2.61567253038358,TRUE
2422,6,-12.6538888888889,7.59231494975652,3.09954959890133,-20.6215347864785,-4.68624299129931,TRUE
2423,6,-8.32666666666667,5.8020241678611,2.36866644775931,-14.4155176119579,-2.23781572137539,TRUE
2424,6,-17.6072222222222,8.37500684355718,3.41908222650537,-26.3962528882239,-8.81819155622054,TRUE
2425,6,-15.3183333333333,6.46395982867056,2.63890054968184,-22.1018431523962,-8.53482351427051,TRUE
2426,6,-11.1444444444444,8.59330945604821,3.50820389485863,-20.1625696522766,-2.12631923661228,TRUE
2427,6,-12.4472222222222,7.91026939186346,3.22935395633688,-20.7485408432221,-4.14590360122238,TRUE
2428,6,-9.83055555555555,8.08141115748335,3.29922228957816,-18.3114764448716,-1.34963466623947,TRUE
2429,6,-9.43111111111112,14.2503599434722,5.81768508541726,-24.385946717137,5.52372449491478,TRUE
2430,6,-9.64277777777778,6.49570094298842,2.65185880533953,-16.4595978534558,-2.82595770209978,TRUE
2431,6,-18.7394444444445,8.43638295760733,3.44413892014166,-27.5928853919687,-9.88600349692023,TRUE
2432,6,-8.71777777777777,8.97484946742635,3.66396695224732,-18.1363046715965,0.70074911604093,TRUE
2433,6,-15.4816666666667,5.98918163580523,2.44507316409505,-21.7669273290912,-9.19640600424213,TRUE
2434,6,-19.2472222222222,10.7551410790203,4.3907679592077,-30.5340505826555,-7.96039386178899,TRUE
2435,6,-19.3144444444444,6.44902771885178,2.6328045413753,-26.0822839752846,-12.5466049136043,TRUE
2436,6,-20.9322222222222,13.0179511387872,5.31455629775199,-34.5937241056901,-7.27072033875437,TRUE
2437,6,-17.4916666666667,6.4111883973774,2.61735670307108,-24.2197962649621,-10.7635370683712,TRUE
2438,6,-9.63777777777778,9.50915270595574,3.88209533596625,-19.6170215326211,0.341465977065511,TRUE
2439,6,-19.9861111111111,9.31493410644474,3.8028059247396,-29.7615349456969,-10.2106872765254,TRUE
2440,6,-10.38,13.7409035769527,5.60970039471972,-24.8001939380284,4.04019393802836,TRUE
2441,6,-17.5094444444444,7.86784946381063,3.21203609322771,-25.7662460811038,-9.25264280778505,TRUE
2442,6,-19.5661111111111,15.4834045088664,6.32107342130518,-35.8149476296417,-3.31727459258051,TRUE
2443,6,-15.8672222222222,12.4907538099484,5.09932888951642,-28.9754644395486,-2.75898000489581,TRUE
2444,6,-19.4383333333333,5.18748354749733,2.1177812900752,-24.8822634494511,-13.9944032172156,TRUE
2445,6,-2.72777777777778,7.21325313161411,2.94479825966457,-10.2976226936849,4.84206713812939,FALSE
2446,6,-12.2744444444444,4.79167225120447,1.95619200501736,-17.302996079559,-7.24589280932985,TRUE
2447,6,-15.2694444444444,10.3147614647201,4.2109837345145,-26.0941227425474,-4.44476614634151,TRUE
2448,6,-19.9416666666667,8.19773430758633,3.34671101674908,-28.5446612154458,-11.3386721178875,TRUE
2449,6,-20.4461111111111,15.667596769081,6.39626959665448,-36.8882455521039,-4.00397667011831,TRUE
2450,6,-8.23277777777778,9.52416748573314,3.88822509414206,-18.2277785776447,1.7622230220891,TRUE
2451,6,-11.8772222222222,6.00748400531156,2.45254507515744,-18.1816900435012,-5.5727544009432,TRUE
2452,6,-11.0105555555556,13.3525517189565,5.4511564125943,-25.0231992129829,3.00208810187176,TRUE
2453,6,-15.5444444444444,7.18235017762807,2.93218218152948,-23.0818586990606,-8.00703018982829,TRUE
2454,6,-12.2688888888889,13.5701791794715,5.54000245130757,-26.5099185596008,1.97214078182299,TRUE
2455,6,-7.84555555555556,4.44497802352606,1.81465467925395,-12.5102739119982,-3.1808371991129,FALSE
2456,6,-9.58111111111112,9.40322513624783,3.83885058672,-19.4491906990554,0.286968476833122,TRUE
2457,6,-15.0411111111111,14.9469336382144,6.10206010547784,-30.7269559782135,0.644733755991233,TRUE
2458,6,-15.7744444444445,11.3876011846543,4.64896871611939,-27.7249989805424,-3.82388990834647,TRUE
2459,6,-16.8933333333333,6.81408475960719,2.7818384541855,-24.0442767333372,-9.74238993332949,TRUE
2460,6,-8.76444444444444,9.77899987312192,3.99225998064836,-19.0268754338369,1.497986544948,TRUE
2461,6,-15.03,11.6396366877245,4.75186177938399,-27.2450495755389,-2.81495042446107,TRUE
2462,6,-10.9405555555556,8.55682350633215,3.4933085682611,-19.9203911074002,-1.96072000371088,TRUE
2463,6,-6.50611111111111,16.4346910076983,6.70943450819464,-23.7532615852677,10.7410393630455,TRUE
2464,6,-20.3438888888889,6.01335750795831,2.45494292257201,-26.6545205731764,-14.0332572046013,FALSE
2465,6,-15.7522222222222,8.75394429618676,3.57378279373413,-24.9389233563048,-6.56552108813966,TRUE
2466,6,-11.4844444444444,9.58956508495137,3.91492355222335,-21.5480758156946,-1.42081307319431,TRUE
2467,6,-12.2127777777778,10.8185321281312,4.41664724663795,-23.5661309643984,-0.859424591157115,TRUE
2468,6,-8.07888888888888,7.2436545922519,2.95720960399755,-15.6806381810942,-0.477139596683532,TRUE
2469,6,-14.89,9.85092325058362,4.02162257654148,-25.2279099450424,-4.55209005495755,TRUE
2470,6,-12.905,9.25011537465585,3.77634378829675,-22.6124007473136,-3.19759925268635,TRUE
2471,6,-9.50166666666667,10.507796417687,4.28978992406302,-20.5289227241587,1.52558939082541,TRUE
2472,6,-14.3827777777778,12.4057186484776,5.06461343021665,-27.4017810660124,-1.36377448954313,TRUE
2473,6,-20.7761111111111,10.2720097388035,4.19353041549468,-31.5559242243701,-9.99629799785207,TRUE
2474,6,-16.2666666666667,8.0400312326646,3.28232900601139,-24.7041619881017,-7.8291713452316,TRUE
2475,6,-7.64555555555556,7.4218672902494,3.02996463329398,-15.4343276045215,0.143216493410394,TRUE
2476,6,-12.3894444444444,6.22687309317594,2.54211029522451,-18.9241469935326,-5.85474189535626,TRUE
2477,6,-14.6833333333333,6.07762819234974,2.48118131960176,-21.0614129644218,-8.30525370224491,TRUE
2478,6,-4.24499999999999,7.99216609492626,3.2627881453569,-12.6322639399839,4.14226393998394,FALSE
2479,6,-16.5116666666667,10.3142168873841,4.21076141174808,-27.3357734659046,-5.68755986742873,TRUE
2480,6,-8.28333333333333,6.37140940277564,2.60111699652854,-14.9697174369745,-1.59694922969219,TRUE
2481,6,-8.32555555555556,5.90254960604753,2.40970578604705,-14.5199014783958,-2.13120963271529,TRUE
2482,6,-12.9661111111111,8.40982901574545,3.43329831877147,-21.7916854056658,-4.14053681655647,TRUE
2483,6,-13.8344444444444,12.8262913435502,5.2363115139958,-27.2948117080553,-0.374077180833556,TRUE
2484,6,-7.99833333333333,4.61561444085906,1.88431670492103,-12.8421236275894,-3.15454303907727,FALSE
2485,6,-18.5227777777778,13.6834497626661,5.5862449732566,-32.8826776354458,-4.16287792010971,TRUE
2486,6,-10.5716666666667,11.1528851772883,4.55314630736772,-22.2759018593807,1.13256852604734,TRUE
2487,6,-16.17,6.00764475943407,2.45261070275315,-22.4746365223844,-9.86536347761555,TRUE
2488,6,-12.6322222222222,5.79173728174378,2.36446684408772,-18.7102777425984,-6.55416670184602,TRUE
2489,6,-7.91499999999999,8.90466188764815,3.63531299279107,-17.2598695461214,1.42986954612143,TRUE
2490,6,-14.23,8.84731798657399,3.61190244320902,-23.5146908126035,-4.94530918739648,TRUE
2491,6,-7.65944444444444,10.8326776040864,4.42242211301443,-19.0276423976757,3.70875350878683,TRUE
2492,6,-15.7216666666667,5.19150106744989,2.11942143572774,-21.1698129114066,-10.2735204219267,TRUE
2493,6,-7.25055555555556,5.98203139657671,2.4421540911536,-13.5283125020999,-0.97279860901121,FALSE
2494,6,-11.2461111111111,8.1291247080186,3.31870126501615,-19.7771043008649,-2.71511792135735,TRUE
2495,6,-12.5722222222222,8.84368366353867,3.61041873704286,-21.8530990467056,-3.29134539773886,TRUE
2496,6,-17.5055555555556,9.69517421003682,3.95803829699686,-27.6800169065686,-7.33109420454253,TRUE
2497,6,-9.52944444444445,13.0266126605272,5.31809234919514,-23.2000360375219,4.14114714863302,TRUE
2498,6,-17.305,8.36763095372745,3.41607103209174,-26.0862901443384,-8.52370985566159,TRUE
2499,6,-15.0777777777778,11.4718477958807,4.68336225112991,-27.1167437102371,-3.03881184531843,TRUE
2500,6,-5.14166666666666,8.45684016377013,3.45249053958529,-14.0165761354308,3.7332428020975,TRUE
2501,6,-11.9783333333333,8.62474495597149,3.52103738396219,-21.0294480751429,-2.92721859152373,TRUE
2502,6,-9.705,8.61598482150731,3.51746107404295,-18.7469215444926,-0.663078455507389,TRUE
2503,6,-10.2322222222222,10.8211789595253,4.41772781102975,-21.5883530880407,1.12390864359622,TRUE
2504,6,-14.7916666666667,13.9310118879506,5.6873117876876,-29.4113670416967,-0.171966291636618,TRUE
2505,6,-5.99277777777778,17.8585137389135,7.29070770413686,-24.7341385709657,12.7485830154102,TRUE
2506,6,-20.3716666666667,11.7005879719307,4.77674503696274,-32.650680692149,-8.09265264118432,TRUE
2507,6,-11.2205555555555,13.1227570640839,5.35734313758482,-24.9920445123019,2.55093340119085,TRUE
2508,6,-7.35,7.43418111757366,3.03499173224818,-15.1516946182236,0.451694618223552,TRUE
2509,6,-14.8122222222222,5.39617299231251,2.20297839915885,-20.4751584793991,-9.14928596504532,TRUE
2510,6,-15.7588888888889,8.74140356557781,3.56866306190186,-24.9324293333201,-6.58534844445771,TRUE
2511,6,-15.1866666666667,9.62399662879779,3.92898017113668,-25.2864317271659,-5.08690160616747,TRUE
2512,6,-16.8744444444444,6.19433456803398,2.52882649796109,-23.374999905579,-10.3738889833099,TRUE
2513,6,-15.03,6.49910934068832,2.65325027787373,-21.8503969696992,-8.20960303030078,TRUE
2514,6,-8.61611111111111,3.82949339072803,1.56338413010738,-12.6349179580872,-4.597304264135,FALSE
2515,6,-15.3105555555555,6.00055272145517,2.44971539037235,-21.6077494405254,-9.01336167058566,TRUE
2516,6,-16.1288888888889,9.07704030732159,3.70568618793562,-25.6546584921646,-6.60311928561322,TRUE
2517,6,-8.02333333333334,14.4589214289617,5.90282995532494,-23.1970407953415,7.15037412867487,TRUE
2518,6,-16.1172222222222,5.68247067418415,2.31985893834671,-22.0806094703748,-10.1538349740696,TRUE
2519,6,-12.1172222222222,7.32964616901546,2.99231551820556,-19.8092141398141,-4.42523030463033,TRUE
2520,6,-20.5866666666667,10.9744521503354,4.48030132915187,-32.1036478815617,-9.06968545177162,TRUE
2521,6,-9.77777777777778,9.13612212086766,3.72980623731331,-19.3655499418584,-0.190005613697169,TRUE
2522,6,-13.02,11.8075523853732,4.82041307589113,-25.4112662931495,-0.628733706850481,TRUE
2523,6,-20.8822222222222,11.2994087685382,4.61296431300812,-32.7402244936794,-9.02421995076502,TRUE
2524,6,-10.8333333333333,3.7920642282418,1.54810373850888,-14.8128606832249,-6.85380598344173,TRUE
2525,6,-11.1494444444444,10.1762882158404,4.15445226738439,-21.8288039800008,-0.470084908888037,TRUE
2526,6,-12.3477777777778,9.38839630529013,3.83279674183194,-22.200295462017,-2.49526009353854,TRUE
2527,6,-9.69388888888889,8.94835463874453,3.65315048373183,-19.084611165216,-0.303166612561826,TRUE
2528,6,-13.9261111111111,9.69065584678048,3.95619368292177,-24.095830730689,-3.75639149153329,TRUE
2529,6,-16.2333333333333,6.68375543139236,2.72863172874449,-23.2475044913848,-9.21916217528184,TRUE
2530,6,-17.4377777777778,6.19743124803123,2.53009071227608,-23.9415830052668,-10.9339725502888,TRUE
2531,6,-14.3716666666667,8.9675416549539,3.66098355029841,-23.7825244816271,-4.96080885170624,TRUE
2532,6,-12.9144444444445,11.4628380559221,4.67968404019431,-24.9439552346851,-0.884933654203797,TRUE
2533,6,-22.805,8.78876195300946,3.58799704260996,-32.02824002405,-13.58175997595,TRUE
2534,6,-8.95944444444444,8.43050793689646,3.44174045298001,-17.8067199358496,-0.112168953039335,TRUE
2535,6,-20.0238888888889,6.58319760760231,2.68757916908944,-26.9325310827847,-13.115246694993,TRUE
2536,6,-11.0827777777778,9.60380929438746,3.92073872637464,-21.1613575300723,-1.00419802548327,TRUE
2537,6,-17.29,7.48434098635278,3.05546941292714,-25.1443341722129,-9.43566582778713,TRUE
2538,6,-17.3083333333333,8.70294732962474,3.55296336931634,-26.4415164331791,-8.17515023348755,TRUE
2539,6,-16.4883333333333,10.3179603389214,4.21228966943861,-27.3163686440307,-5.66029802263594,TRUE
2540,6,-17.395,9.96936657967797,4.0699768631611,-27.857208595902,-6.93279140409801,TRUE
2541,6,-23.02,10.2542513676578,4.18628059083301,-33.7811768456722,-12.2588231543278,TRUE
2542,6,-12.9727777777778,8.40156345679294,3.42992391845938,-21.789677900184,-4.15587765537157,TRUE
2543,6,-21.5722222222222,8.02542699913957,3.27636685264126,-29.9943913405028,-13.1500531039417,TRUE
2544,6,-12.9461111111111,13.4087035443678,5.47408029932488,-27.0176824953702,1.12546027314803,TRUE
2545,6,-19.3416666666667,4.30505581329157,1.7575316761278,-23.8595456688762,-14.8237876644571,FALSE
2546,6,-13.305,10.9092932350766,4.45370031338902,-24.7536011269656,-1.85639887303442,TRUE
2547,6,-17.6222222222222,8.02425425172311,3.27588808051334,-26.0431606175673,-9.20128382687711,TRUE
2548,6,-15.3888888888889,6.55849937669236,2.67749615854297,-22.2716118790254,-8.50616589875232,TRUE
2549,6,-10.3072222222222,4.19733853063352,1.71355627962924,-14.7120588689777,-5.90238557546676,TRUE
2550,6,-18.2183333333333,11.8176803044328,4.82454778153314,-30.6202282257019,-5.81643844096477,TRUE
2551,6,-12.1583333333333,6.71047497904912,2.73953993839733,-19.2005449369777,-5.11612172968893,TRUE
2552,6,-17.24,8.86205042739985,3.61791693699054,-26.5401515610688,-7.93984843893117,TRUE
2553,6,-5.93166666666667,6.57469957066058,2.68410986003568,-12.8313907177267,0.96805738439337,FALSE
2554,6,-20.8438888888889,12.5544257652947,5.12532285643705,-34.0189507254176,-7.66882705236018,TRUE
2555,6,-8.12944444444444,12.0669545852697,4.92631358054145,-20.7929366512328,4.5340477623439,TRUE
2556,6,-16.045,12.1307652502039,4.9523641754142,-28.7754573927758,-3.31454260722426,TRUE
2557,6,-14.8888888888889,12.8202325627487,5.23383802709132,-28.3428978519924,-1.43487992578534,TRUE
2558,6,-11.6294444444444,16.6480108143308,6.79652195457444,-29.1004603263769,5.84157143748804,TRUE
2559,6,-8.83777777777778,9.71426068935463,3.96583031954933,-19.0322691604271,1.35671360487149,TRUE
2560,6,-15.3377777777778,6.89918889489245,2.81658207192711,-22.5780324904525,-8.09752306510305,TRUE
2561,6,-10.58,10.8625247730187,4.43460716870624,-21.9795206360588,0.819520636058844,TRUE
2562,6,-12.0994444444445,14.5564707897159,5.94265431508867,-27.3755236822771,3.17663479338823,TRUE
2563,6,-13.9316666666667,6.55169757475962,2.67471933453185,-20.8072516034395,-7.05608172989384,TRUE
2564,6,-20.7094444444444,17.1746996631242,7.01154177670074,-38.7331863754365,-2.68570251345235,TRUE
2565,6,-18.0311111111111,10.4288294147983,4.25755178013067,-28.9754963813961,-7.08672584082615,TRUE
2566,6,-12.3366666666667,4.86677853752699,1.98685401801161,-17.4440375154283,-7.22929581790499,TRUE
2567,6,-18.5227777777778,11.2407238629442,4.58900630062332,-30.3191940177807,-6.72636153777489,TRUE
2568,6,-18.56,12.2316916246282,4.99356719523562,-31.3963731271021,-5.72362687289794,TRUE
2569,6,-17.6372222222222,10.9847812736363,4.48451817608146,-29.1650431872381,-6.10940125720634,TRUE
2570,6,-17.2005555555556,10.1798309125156,4.15589856724566,-27.8836329232642,-6.51747818784687,TRUE
2571,6,-13.0422222222222,10.5357304586012,4.30119394851198,-24.0987932578159,-1.9856511866285,TRUE
2572,6,-8.08777777777778,11.4063541096213,4.65662456567834,-20.0580123016884,3.8824567461328,TRUE
2573,6,-17.5161111111111,8.91766098298243,3.64061985123887,-26.8746223711627,-8.15759985105949,TRUE
2574,6,-19.6077777777778,7.63920841351936,3.11869377531644,-27.6246353475183,-11.5909202080373,TRUE
2575,6,-14.0472222222222,9.17129565950602,3.74416577433198,-23.6719067513312,-4.42253769311326,TRUE
2576,6,-16.0616666666667,10.9920556666066,4.48748793457576,-27.5971216389242,-4.52621169440911,TRUE
2577,6,-9.58555555555556,8.80807424195844,3.59588125155832,-18.8290625839165,-0.342048527194571,TRUE
2578,6,-17.2783333333333,3.12887963619212,1.27735976254263,-20.5618911364981,-13.9947755301685,TRUE
2579,6,-13.5272222222222,4.52773939997368,1.84844186970513,-18.2787933167159,-8.77565112772858,TRUE
2580,6,-14.8661111111111,10.948153252016,4.46956484887194,-26.3554933248199,-3.37672889740234,TRUE
2581,6,-10.0483333333333,7.07898698025832,2.8899843329064,-17.4772745647761,-2.61939210189061,TRUE
2582,6,-12.225,11.6292618949881,4.74762628798543,-24.4291618982848,-0.0208381017151762,TRUE
2583,6,-9.07277777777778,9.9348708914424,4.05589405741056,-19.4987853690226,1.35322981346707,TRUE
2584,6,-10.2144444444444,18.9222768969002,7.72498719484335,-30.0721562080319,9.643267319143,TRUE
2585,6,-18.5572222222222,6.09881934536574,2.4898325715935,-24.9575406045361,-12.1569038399083,TRUE
2586,6,-15.01,4.95960840748093,2.02475165372429,-20.2147898227383,-9.80521017726175,TRUE
2587,6,-13.7983333333333,12.2412371832988,4.99746415324442,-26.6447239099071,-0.951942756759619,TRUE
2588,6,-18.4477777777778,7.33221163138431,2.9933628638319,-26.1424619830124,-10.7530935725432,TRUE
2589,6,-9.56611111111111,8.20765074432026,3.3507593850932,-18.1795123220196,-0.952709900202631,TRUE
2590,6,-6.83722222222222,5.63954191073734,2.30233334405783,-12.7555584960371,-0.918885948407359,FALSE
2591,6,-8.44222222222223,8.98426616471922,3.66781130281895,-17.8706313337902,0.986186889345722,TRUE
2592,6,-20.2061111111111,5.3752587190103,2.19444018283693,-25.8470991845022,-14.5651230377201,FALSE
2593,6,-12.2,7.59285190162432,3.09976880858342,-20.1682093940166,-4.23179060598344,TRUE
2594,6,-12.2238888888889,10.9688576163339,4.47801737020986,-23.7349990004142,-0.712778777363532,TRUE
2595,6,-10.4866666666667,6.74483901463432,2.75356899717843,-17.5649411139848,-3.40839221934849,TRUE
2596,6,-8.23833333333334,3.67450843273249,1.50011178595809,-12.0944934417411,-4.38217322492552,FALSE
2597,6,-11.6455555555556,8.09977658585351,3.30671994431392,-20.1457497799452,-3.14536133116586,TRUE
2598,6,-15.5227777777778,11.3212275378142,4.62187178826507,-27.4036774433319,-3.64187811222367,TRUE
2599,6,-12.145,7.40015788119866,3.02110180416203,-19.910989421387,-4.37901057861298,TRUE
2600,6,-20.5566666666667,5.65015398020266,2.30666570327533,-26.4861396243915,-14.6271937089418,FALSE
2601,6,-10.3977777777778,7.34373918281316,2.99806896699596,-18.1045594063225,-2.69099614923304,TRUE
2602,6,-18.045,11.5472414695266,4.71414158950767,-30.1630867406061,-5.9269132593939,TRUE
2603,6,-17.47,10.3816982126133,4.23831054741112,-28.3649241069608,-6.57507589303918,TRUE
2604,6,-15.3988888888889,14.5743059551415,5.94993549088383,-30.6936849849627,-0.104092792815083,TRUE
2605,6,-16.8088888888889,10.3559193307589,4.22778636296398,-27.676759718475,-5.94101805930278,TRUE
2606,6,-13.74,11.7562790787637,4.79948083612137,-26.0774582578182,-1.4025417421818,TRUE
2607,6,-7.78055555555556,11.5294342959742,4.70687184134689,-19.8799548135899,4.3188437024788,TRUE
2608,6,-13.9961111111111,8.74469475146481,3.57000668291382,-23.1731054433096,-4.81911677891258,TRUE
2609,6,-17.7066666666667,9.67163389620503,3.94842800411805,-27.8564239733703,-7.55690935996305,TRUE
2610,6,-15.4755555555556,12.9678353657838,5.29409661909808,-29.0844641607127,-1.86664695039842,TRUE
2611,6,-16.7627777777778,12.9832758093149,5.30040015377362,-30.3878901346722,-3.13766542088339,TRUE
2612,6,-11.6827777777778,10.435930542903,4.26045080353977,-22.6346152249793,-0.730940330576299,TRUE
2613,6,-15.5472222222222,6.01720548526073,2.45651385272747,-21.8618921110324,-9.232552333412,TRUE
2614,6,-21.2072222222222,13.2835660233349,5.42299312029031,-35.1474698320212,-7.26697461242325,TRUE
2615,6,-16.9938888888889,8.19510922350552,3.34563933066076,-25.5941285808759,-8.3936491969019,TRUE
2616,6,-15.2516666666667,14.0052067698648,5.71760172139022,-29.9492297950753,-0.554103538258044,TRUE
2617,6,-11.1666666666667,3.35014493882148,1.36769094408003,-14.6824281642831,-7.65090516905026,TRUE
2618,6,-13.4561111111111,11.3490084572602,4.63321330113639,-25.3661650636409,-1.54605715858134,TRUE
2619,6,-14.4611111111111,7.36369492598403,3.0062158650304,-22.18883500776,-6.73338721446224,TRUE
2620,6,-20.4783333333333,5.97644106285486,2.43987184696853,-26.750223584431,-14.2064430822356,FALSE
2621,6,-14.2916666666667,9.79022795104043,3.99684382426378,-24.5658808011943,-4.017452532139,TRUE
2622,6,-15.7205555555555,9.05896079805739,3.69830525918608,-25.2273518774575,-6.21375923365355,TRUE
2623,6,-13.4038888888889,13.0347551512045,5.32141650709427,-27.0830255018806,0.275247724102881,TRUE
2624,6,-17.3938888888889,7.22433954433565,2.94932426870551,-24.9753682814246,-9.81240949635314,TRUE
2625,6,-23.9338888888889,10.4083268837272,4.2491816568707,-34.8567580723597,-13.011019705418,TRUE
2626,6,-12.7716666666667,16.1233606574091,6.58233442491959,-29.6920959754486,4.14876264211524,TRUE
2627,6,-10.1805555555556,3.57903116416636,1.46113335428781,-13.9365184155301,-6.42459269558096,FALSE
2628,6,-14.1111111111111,19.2086431548887,7.84189573011369,-34.2693458318953,6.04712360967311,TRUE
2629,6,-13.8672222222222,10.1451732183157,4.14174962283714,-24.5139285704409,-3.22051587400352,TRUE
2630,6,-17.9455555555556,9.41094296058623,3.84200137531225,-27.821734503423,-8.06937660768814,TRUE
2631,6,-15.4388888888889,9.44285565721318,3.8550296791543,-25.3485581579618,-5.52921961981597,TRUE
2632,6,-10.8933333333333,4.8950110657008,1.99837989937405,-16.030332403365,-5.75633426330169,TRUE
2633,6,-23.4866666666667,10.8753776945907,4.43985435196547,-34.8996756166999,-12.0736577166334,TRUE
2634,6,-18.4266666666667,14.8721003523002,6.07150954443359,-34.0339788164802,-2.81935451685317,TRUE
2635,6,-14.9661111111111,8.320030559951,3.39663825270709,-23.6974477057474,-6.23477451647479,TRUE
2636,6,-17.2961111111111,4.92187787859998,2.00934822981035,-22.4613051721296,-12.1309170500927,TRUE
2637,6,-18.9761111111111,6.16459728040929,2.51668630112527,-25.4454592027785,-12.5067630194437,TRUE
2638,6,-16.8383333333333,9.96364920877665,4.06764275626469,-27.294541916445,-6.3821247502217,TRUE
2639,6,-18.2038888888889,4.81705138794201,1.96655299420391,-23.2590742946057,-13.1487034831721,TRUE
2640,6,-14.9233333333333,11.2313881599738,4.58519501584538,-26.7099523539156,-3.13671431275103,TRUE
2641,6,-15.9727777777778,5.59754288025525,2.28518731166237,-21.8470387721637,-10.0985167833919,TRUE
2642,6,-14.62,14.0810610395666,5.74856909732036,-29.397167302472,0.157167302471974,TRUE
2643,6,-10.7238888888889,11.8705047008058,4.8461132510472,-23.1812195854673,1.7334418076895,TRUE
2644,6,-13.5377777777778,9.00901466228051,3.6779148346399,-22.9921588447204,-4.08339671083512,TRUE
2645,6,-13.0644444444444,14.0002813728339,5.71559093647249,-27.7568386856682,1.62794979677928,TRUE
2646,6,-14.3816666666667,8.01861687990309,3.27358663310511,-22.7966890031085,-5.96664433022484,TRUE
2647,6,-18.6861111111111,13.5347909587218,5.52555527068391,-32.8900031217357,-4.48221910048655,TRUE
2648,6,-12.6227777777778,6.3850994655671,2.60670594125949,-19.3235287212247,-5.92202683433085,TRUE
2649,6,-14.0005555555556,8.04766395826672,3.28544505319003,-22.446060931267,-5.55505017984408,TRUE
2650,6,-15.3427777777778,9.7339822652777,3.97388161920518,-25.5579656850756,-5.12758987047992,TRUE
2651,6,-14.1605555555556,5.77562903420404,2.35789067956725,-20.2217065068673,-8.09940460424381,TRUE
2652,6,-6.77,15.6189864516805,6.37642451767679,-23.161121041446,9.62112104144598,TRUE
2653,6,-8.89277777777778,9.94855219319579,4.0614794254627,-19.3331430146828,1.54758745912723,TRUE
2654,6,-8.37444444444445,12.7539122828455,5.20676288619776,-21.7588545421697,5.00996565328082,TRUE
2655,6,-11.2566666666667,14.8670527603079,6.06944887363174,-26.8586816935477,4.34534836021437,TRUE
2656,6,-4.78722222222222,7.83934277763036,3.20039828732783,-13.0141079264287,3.43966348198426,FALSE
2657,6,-12.255,10.8432747718472,4.42674838863655,-23.6343189987614,-0.875681001238558,TRUE
2658,6,-19.0466666666667,11.2348628038896,4.58661353328398,-30.8369321024101,-7.25640123092318,TRUE
2659,6,-13.3961111111111,5.8433359637441,2.38553191780454,-19.5283161273501,-7.26390609487211,TRUE
2660,6,-18.305,10.2873287214039,4.19978436395295,-29.1008893995669,-7.50911060043314,TRUE
2661,6,-18.5338888888889,8.71450066566363,3.55767999900337,-27.6791964713336,-9.38858130644419,TRUE
2662,6,-16.5905555555556,7.70974402707139,3.14748981896587,-24.6814357120395,-8.49967539907165,TRUE
2663,6,-16.0655555555556,5.96557966510722,2.43543769990601,-22.3260474687578,-9.80506364235329,TRUE
2664,6,-17.8722222222222,6.19318322985187,2.52835646611649,-24.3715694280349,-11.3728750164095,TRUE
2665,6,-6.17333333333333,7.7759015197239,3.17449850224264,-14.3336415204529,1.98697485378628,TRUE
2666,6,-17.2083333333333,7.63926079902733,3.11871516161051,-25.2252458782929,-9.19142078837379,TRUE
2667,6,-14.5094444444444,6.13631609234606,2.50514055444617,-20.9491132494196,-8.06977563946922,TRUE
2668,6,-22.3755555555556,9.41110565394043,3.84206779459598,-32.2519052396272,-12.4992058714839,TRUE
2669,6,-9.13444444444444,8.42817751926811,3.44078906396717,-17.9792743125345,-0.289614576354367,TRUE
2670,6,-6.48277777777778,10.7430470365548,4.38583058704638,-17.7569142190173,4.79135866346179,TRUE
2671,6,-13.39,9.2628138273421,3.78152790989745,-23.1107269561341,-3.66927304386587,TRUE
2672,6,-12.2172222222222,15.9437277694141,6.50899960548451,-28.9491383762446,4.51469393180019,TRUE
2673,6,-13.7183333333333,6.6441833374932,2.71247648906008,-20.6909761257017,-6.74569054096492,TRUE
2674,6,-14.4694444444444,10.4757855004697,4.27672152183289,-25.463107104543,-3.47578178434592,TRUE
2675,6,-16.1255555555556,6.72964805639664,2.74736731444739,-23.1878880698949,-9.06322304121618,TRUE
2676,6,-15.6694444444444,9.93743615865821,4.05694132336599,-26.0981441185314,-5.24074477035747,TRUE
2677,6,-21.2983333333333,7.80054891230951,3.1845607581301,-29.4845073726628,-13.1121592940039,TRUE
2678,6,-18.4755555555555,9.91628664071086,4.04830706881985,-28.882060171742,-8.06905093936914,TRUE
2679,6,-9.08555555555556,10.5030746115743,4.2878622547896,-20.1078563814283,1.93674527031717,TRUE
2680,6,-16.4911111111111,5.74713210283246,2.34625685605134,-22.5223563670138,-10.4598658552084,TRUE
2681,6,-12.0172222222222,8.63063829663876,3.52344333021472,-21.0745216457661,-2.95992279867834,TRUE
2682,6,-13.07,8.36764004961973,3.41607474547421,-21.851299689892,-4.28870031010806,TRUE
2683,6,-16.1422222222222,7.4366828527141,3.03601306134245,-23.9465422504637,-8.33790219398071,TRUE
2684,6,-12.2,14.5424859559079,5.93694503059413,-27.4614030548165,3.06140305481654,TRUE
2685,6,-13.0544444444444,11.9590994953943,4.88228192448198,-25.6047496759733,-0.504139212915575,TRUE
2686,6,-17.9688888888889,8.93566876603516,3.64797149788519,-27.3462981582716,-8.59147961950623,TRUE
2687,6,-14.2527777777778,5.96345441154021,2.43457006877047,-20.511039374143,-7.99451618141255,TRUE
2688,6,-9.99277777777778,11.7845626735746,4.81102756535108,-22.3599178480149,2.37436229245929,TRUE
2689,6,-14.2055555555556,8.3576856622889,3.41201088386378,-22.9764087566092,-5.43470235450191,TRUE
2690,6,-14.125,9.51252641987862,3.88347264890778,-24.1077842504728,-4.14221574952722,TRUE
2691,6,-10.3138888888889,8.08639719712244,3.30125783173701,-18.8000423059042,-1.82773547187361,TRUE
2692,6,-15.7627777777778,13.2095620949652,5.39278114304578,-29.6253630276533,-1.90019252790226,TRUE
2693,6,-5.87388888888889,13.9071026484338,5.67755088152856,-20.4684980558471,8.72072027806937,TRUE
2694,6,-15.1022222222222,8.49680741786562,3.46880710274431,-24.019074751863,-6.18536969258147,TRUE
2695,6,-10.2677777777778,13.1280809576126,5.35951660801652,-24.0448538181362,3.50929826258065,TRUE
2696,6,-11.7083333333333,6.04190799518019,2.46659861017226,-18.0489269164479,-5.36773975021876,TRUE
2697,6,-15.7561111111111,8.58340709784916,3.50416127405231,-24.7638444313302,-6.74837779089204,TRUE
2698,6,-19.8194444444444,8.04330761611214,3.28366658395275,-28.2603781194393,-11.3785107694496,TRUE
2699,6,-11.1066666666667,12.8692494816995,5.25384910045677,-24.612115731475,2.39878239814169,TRUE
2700,6,-14.4877777777778,9.41668133725504,3.84434405777733,-24.3699787826366,-4.60557677291896,TRUE
2701,6,-14.3861111111111,6.06204711175897,2.474820370087,-20.7478394009195,-8.02438282130275,TRUE
2702,6,-17.8711111111111,8.6792210778686,3.54327716759778,-26.9793950367629,-8.76282718545936,TRUE
2703,6,-13.545,4.84975726769449,1.97990511370097,-18.6345081215632,-8.45549187843684,TRUE
2704,6,-13.1005555555556,4.91457804978285,2.00636808717508,-18.2580889160482,-7.94302219506293,TRUE
2705,6,-9.41277777777777,9.51530869859878,3.88460850943888,-19.3984818506996,0.572926295144065,TRUE
2706,6,-12.0905555555556,11.3939745122229,4.65157061620383,-24.0477984887487,-0.133312622362377,TRUE
2707,6,-6.92833333333334,11.5687747838741,4.72293252827803,-19.0690179014607,5.21235123479405,TRUE
2708,6,-13.68,5.77404191186728,2.35724273958651,-19.7394853685667,-7.62051463143333,TRUE
2709,6,-16.9027777777778,13.2499411179684,5.40926581015744,-30.8077382134971,-2.9978173420585,TRUE
2710,6,-15.9755555555555,8.82373533064004,3.60227486423938,-25.2354978885386,-6.71561322257252,TRUE
2711,6,-18.5855555555556,7.87340944548778,3.21430594624242,-26.8481920351441,-10.322919075967,TRUE
2712,6,-11.6888888888889,13.4446770411468,5.48876641788694,-25.7982121427597,2.42043436498188,TRUE
2713,6,-20.6944444444444,12.8455373429697,5.2441686603571,-34.1750091457716,-7.21387974311726,TRUE
2714,6,-17.3272222222222,4.40207800257342,1.79714081903917,-21.9469197677249,-12.7075246767196,TRUE
2715,6,-15.5894444444444,8.5781441703557,3.50201269290027,-24.5916546609817,-6.58723422790721,TRUE
2716,6,-11.4777777777778,7.74030480785599,3.15996620547643,-19.6007295068001,-3.35482604875546,TRUE
2717,6,-7.295,17.1466462869241,7.00008903382532,-25.2893017181883,10.6993017181883,TRUE
2718,6,-14.0922222222222,4.92589649670964,2.01098882378364,-19.2616335643081,-8.92281088013637,TRUE
2719,6,-13.4938888888889,8.637372392797,3.52619251345914,-22.5582553129437,-4.42952246483406,TRUE
2720,6,-16.0838888888889,7.1077730272855,2.90173618739446,-23.5430392240137,-8.62473855376411,TRUE
2721,6,-12.9338888888889,7.73629840188206,3.15833059708667,-21.0526361526943,-4.81514162508351,TRUE
2722,6,-14.2233333333333,11.4887610781629,4.69026706970778,-26.2800486670073,-2.16661799965936,TRUE
2723,6,-16.5622222222222,10.1730805269302,4.15314273387049,-27.2382154947146,-5.8862289497298,TRUE
2724,6,-6.45666666666667,4.16198563722226,1.69912352133114,-10.8244027271029,-2.08893060623043,FALSE
2725,6,-14.3355555555556,8.70906135181224,3.55545940842225,-23.475154928188,-5.19595618292309,TRUE
2726,6,-6.50888888888889,4.06514652826886,1.65958912065087,-10.7749985370537,-2.24277924072412,FALSE
2727,6,-11.6427777777778,10.7019735286258,4.369062397651,-22.8738102159411,-0.411745339614473,TRUE
2728,6,-10.9005555555556,10.4825443087633,4.2794807937643,-21.9013111499605,0.100200038849437,TRUE
2729,6,-13.075,13.7592205447838,5.61717826552324,-27.5144164168851,1.36441641688513,TRUE
2730,6,-21.8344444444444,18.4878964210122,7.54765210815119,-41.23630185536,-2.43258703352887,TRUE
2731,6,-10.9972222222222,9.1171824148245,3.7220741346993,-20.565118383772,-1.42932606067245,TRUE
2732,6,-19.6611111111111,6.06162928837038,2.47464979440289,-26.0224009221643,-13.2998213000579,TRUE
2733,6,-17.3877777777778,5.18165767841685,2.11540288898263,-22.8255940192491,-11.9499615363065,TRUE
2734,6,-16.7044444444444,13.9789455438713,5.70688062077288,-31.3744481063481,-2.03444078254077,TRUE
2735,6,-17.3688888888889,6.4608955920872,2.63764958033511,-24.1491829888721,-10.5885947889057,TRUE
2736,6,-13.9305555555556,5.72723296255769,2.33813306605246,-19.9409179444507,-7.92019316666045,TRUE
2737,6,-11.7027777777778,10.1317760682072,4.13628025920827,-22.3354246791996,-1.07013087635593,TRUE
2738,6,-19.0188888888889,13.0973219767616,5.34695930666771,-32.7636853584955,-5.27409241928233,TRUE
2739,6,-18.4377777777778,9.45622444428751,3.86048746362297,-28.3614767284687,-8.51407882708687,TRUE
2740,6,-9.05777777777778,10.429190799901,4.25769931498105,-20.0025422984692,1.88698674291369,TRUE
2741,6,-17.2322222222222,4.27605616149932,1.74569261785956,-21.7196679562964,-12.744776488148,TRUE
2742,6,-13.6816666666667,9.6336320022905,3.93291379589306,-23.7915434315128,-3.5717899018205,TRUE
2743,6,-14.7355555555556,9.86982982329183,4.02934115252814,-25.0933067318263,-4.37780437928484,TRUE
2744,6,-18.455,14.3733620516101,5.867900485788,-33.5389184020882,-3.37108159791186,TRUE
2745,6,-12.5883333333333,7.15272651977319,2.92008837385294,-20.0946594656125,-5.08200720105419,TRUE
2746,6,-11.54,7.03893489417571,2.87363313723367,-18.9269091448555,-4.15309085514454,TRUE
2747,6,-17.0777777777778,15.841737512262,6.46736225735819,-33.7026617210226,-0.452893834532947,TRUE
2748,6,-15.32,9.58865695612384,3.91455281018199,-25.3826783484929,-5.2573216515071,TRUE
2749,6,-16.1883333333333,8.26560766066235,3.37442019711041,-24.8625565978297,-7.514110068837,TRUE
2750,6,-12.0038888888889,8.14873116685227,3.32670556831704,-20.5554577953148,-3.45231998246292,TRUE
2751,6,-19.3027777777778,11.9514797627122,4.8791711816407,-31.8450865902635,-6.76046896529203,TRUE
2752,6,-7.05888888888889,6.23964267732863,2.54732345612477,-13.6069922946936,-0.51078548308423,FALSE
2753,6,-15.5233333333333,3.12332230520998,1.27509099166963,-18.8010590753028,-12.2456075913639,TRUE
2754,6,-13.5444444444444,8.14163719999217,3.3238094684738,-22.0885686892192,-5.00032019966972,TRUE
2755,6,-13.39,8.20398602306626,3.34926326890623,-21.9995553218142,-4.78044467818575,TRUE
2756,6,-14.235,10.274675393629,4.19461866452014,-25.0176105464365,-3.45238945356347,TRUE
2757,6,-15.9805555555556,7.69475822063787,3.14137188910817,-24.0557090726755,-7.90540203843557,TRUE
2758,6,-13.0683333333333,7.12904785601369,2.91042159985266,-20.5498102319581,-5.58685643470851,TRUE
2759,6,-12.6638888888889,8.85179640692383,3.61373075066082,-21.953279515418,-3.37449826235981,TRUE
2760,6,-9.965,12.6919247730376,5.18145659128854,-23.2843581957044,3.35435819570436,TRUE
2761,6,-10.3116666666667,8.60312882360572,3.51221263487742,-19.3400966687749,-1.28323666455841,TRUE
2762,6,-9.28666666666666,8.39765866840938,3.42832979527717,-18.0994689649769,-0.473864368356411,TRUE
2763,6,-18.3322222222222,10.9622156451993,4.47530579684882,-29.8363620125197,-6.82808243192475,TRUE
2764,6,-13.205,12.1343762830142,4.95383837338579,-25.9392469393037,-0.470753060696328,TRUE
2765,6,-15.0427777777778,15.7418764117548,6.42659413379232,-31.5628639231112,1.47730836755565,TRUE
2766,6,-13.5805555555556,10.8500817030547,4.42952730666534,-24.9670179905245,-2.1940931205866,TRUE
2767,6,-4.87444444444444,8.12295175322279,3.31618116677364,-13.398959515432,3.65007062654313,FALSE
2768,6,-13.36,11.8312223469184,4.83007629722731,-25.77610639439,-0.943893605609979,TRUE
2769,6,-15.8155555555556,8.98436040304772,3.66784977545546,-25.2440635641841,-6.38704754692703,TRUE
2770,6,-18.5016666666667,12.6486285159038,5.16378096833018,-31.7755882270607,-5.22774510627262,TRUE
2771,6,-9.99055555555556,7.68338623746549,3.13672929641886,-18.0537749082381,-1.92733620287297,TRUE
2772,6,-9.93388888888889,12.2006177287448,4.98088133036318,-22.7376519621805,2.86987418440274,TRUE
2773,6,-14.6983333333333,10.4179419486022,4.2531069906686,-25.6312929085639,-3.76537375810281,TRUE
2774,6,-21.8844444444444,9.0207934281899,3.68272349568618,-31.3511865681264,-12.4177023207625,TRUE
2775,6,-14.815,4.70246684671401,1.91977405113399,-19.749936304371,-9.88006369562904,TRUE
2776,6,-12.045,6.22805614404153,2.54259327371791,-18.5809440848303,-5.50905591516967,TRUE
2777,6,-10.7144444444444,6.93924352798925,2.83293430741404,-17.9967339166339,-3.43215497225498,TRUE
2778,6,-21.5388888888889,9.79162900229162,3.99741580104194,-31.8145733365329,-11.2632044412449,TRUE
2779,6,-13.4866666666667,10.04527041835,4.10096447553861,-24.028531456076,-2.94480187725733,TRUE
2780,6,-17.2844444444444,5.97281644589019,2.43839210328912,-23.5525308933185,-11.0163579955704,TRUE
2781,6,-15.2672222222222,5.89534257478513,2.40676352785486,-21.4540048295979,-9.08043961484655,TRUE
2782,6,-13.1394444444444,12.3619089530284,5.04672819694376,-26.1124722769017,-0.166416611987215,TRUE
2783,6,-18.5033333333333,10.148646981522,4.1431677807276,-29.1536851724653,-7.85298149420135,TRUE
2784,6,-16.2166666666667,6.07501513486912,2.48011454335241,-22.5920040621058,-9.8413292712275,TRUE
2785,6,-11.3433333333333,15.212256315952,6.21037763508552,-27.3076172745262,4.6209506078595,TRUE
2786,6,-16.7272222222222,16.367193802328,6.68187888949113,-33.9035387234699,0.449094279025413,TRUE
2787,6,-11.3111111111111,7.67620498442838,3.13379756214307,-19.3667942009174,-3.25542802130477,TRUE
2788,6,-15.6333333333333,10.6587710360998,4.35142505393348,-26.8190275361075,-4.44763913055915,TRUE
2789,6,-15.7427777777778,14.7957533572105,6.04034101420617,-31.2699686699452,-0.215586885610382,TRUE
2790,6,-20.0088888888889,6.09657669577012,2.48891701372998,-26.4068537547894,-13.6109240229884,TRUE
2791,6,-19.4283333333333,14.1742893609835,5.78662940016162,-34.3033377589478,-4.5533289077188,TRUE
2792,6,-7.65944444444444,9.70995558215419,3.96407276689449,-17.849417894164,2.53052900527513,TRUE
2793,6,-12.2472222222222,10.4595983387225,4.27011314072214,-23.2238974978745,-1.27054694656995,TRUE
2794,6,-12.2244444444444,7.93857632539198,3.24091021355817,-20.5554693703453,-3.89341951854359,TRUE
2795,6,-15.3966666666667,7.4587708251576,3.04503043833233,-23.2241666004034,-7.5691667329299,TRUE
2796,6,-9.68,10.9850680471265,4.48463525086861,-21.2081219153371,1.84812191533715,TRUE
2797,6,-15.5755555555556,7.68314972063082,3.13663273882544,-23.6385266990424,-7.5125844120687,TRUE
2798,6,-16.185,12.7901399088864,5.2215527525965,-29.6074286596414,-2.76257134035863,TRUE
2799,6,-16.0716666666667,6.39927521937706,2.61249316851845,-22.7872941513841,-9.35603918194919,TRUE
2800,6,-15.6083333333333,5.98971516666509,2.4452909771565,-21.8941539020572,-9.32251276460948,TRUE
2801,6,-12.8638888888889,4.47480870685697,1.82683300472717,-17.5599126275815,-8.16786515019633,TRUE
2802,6,-14.2527777777778,6.70438974492473,2.73705565196898,-21.2886033198549,-7.21695223570063,TRUE
2803,6,-11.5538888888889,10.9719378247249,4.47927486001975,-23.068231480878,-0.0395462968997311,TRUE
2804,6,-19.4883333333333,5.7543547760708,2.34920550005347,-25.5271583199477,-13.449508346719,TRUE
2805,6,-15.5338888888889,12.8068964783591,5.22839359343778,-28.9739024897373,-2.09387528804046,TRUE
2806,6,-13.8283333333333,14.7370058394204,6.01635744049935,-29.2938724865763,1.63720581990968,TRUE
2807,6,-13.0883333333333,10.6025323495013,4.32846570627172,-24.2150086540501,-1.96165801261654,TRUE
2808,6,-21.0105555555556,16.1015443588726,6.57342795833778,-37.9080900631226,-4.11302104798856,TRUE
2809,6,-10.7822222222222,12.4445975188998,5.08048566260168,-23.8420263827168,2.27758193827238,TRUE
2810,6,-16.1672222222222,7.1557620656881,2.92132763028333,-23.676733964571,-8.65771047987343,TRUE
2811,6,-17.1272222222222,8.09646957813277,3.30536986406538,-25.6239459548484,-8.63049848959608,TRUE
2812,6,-11.2927777777778,12.3790779438834,5.05373740810932,-24.2838233611393,1.69826780558378,TRUE
2813,6,-8.11166666666667,10.9137653650995,4.45552605282557,-19.5649610062644,3.3416276729311,TRUE
2814,6,-11.1261111111111,8.0083030291946,3.26937602118527,-19.5303097250349,-2.72191249718733,TRUE
2815,6,-14.8622222222222,8.34436674028032,3.40657345672296,-23.6190980718351,-6.10534637260938,TRUE
2816,6,-12.2866666666667,5.24729432924987,2.14219893947698,-17.7933643488056,-6.77996898452776,TRUE
2817,6,-18.38,8.71203968973717,3.55667530978852,-27.5227249465985,-9.23727505340147,TRUE
2818,6,-15.195,11.3357936055076,4.62781836049966,-27.0911858161247,-3.29881418387535,TRUE
2819,6,-13.5366666666667,10.4274432788356,4.25698589249353,-24.4795972764706,-2.59373605686277,TRUE
2820,6,-9.77333333333333,8.27505998635526,3.37827909291545,-18.4574762052917,-1.08919046137495,TRUE
2821,6,-5.60611111111112,9.51093018389699,3.8828209882971,-15.5872202146551,4.37499799243285,TRUE
2822,6,-8.59722222222223,9.18913353832586,3.75144805786568,-18.2406264571049,1.04618201266042,TRUE
2823,6,-11.1222222222222,3.46480762118935,1.41450178813672,-14.7583148252816,-7.4861296191629,TRUE
2824,6,-15.9044444444444,13.4941772902516,5.50897480996148,-30.0657150239094,-1.74317386497944,TRUE
2825,6,-15.5161111111111,6.76731406317378,2.76274439732276,-22.617971675375,-8.41425054684724,TRUE
2826,6,-13.0733333333333,8.61786516487697,3.5182287210091,-22.1172281771733,-4.02943848949336,TRUE
2827,6,-9.64222222222223,9.49748145952778,3.87733056956445,-19.609217755102,0.324773310657546,TRUE
2828,6,-16.1955555555556,9.87640930403052,4.03202721429185,-26.5602114734055,-5.83089963770564,TRUE
2829,6,-17.5222222222222,9.76821208857626,3.9878558860497,-27.7733321260369,-7.2711123184075,TRUE
2830,6,-13.4055555555556,10.0221263360774,4.09151594351646,-23.9231321201754,-2.88797899093577,TRUE
2831,6,-5.21,5.89013978328755,2.40463949712033,-11.3913226125512,0.971322612551162,FALSE
2832,6,-14.6161111111111,10.1208852086864,4.13183408442723,-25.2373287564027,-3.99489346581948,TRUE
2833,6,-13.6116666666667,7.01354079224215,2.86326603853142,-20.9719263359099,-6.25140699742344,TRUE
2834,6,-16.9827777777778,14.6209763189234,5.9689885871131,-32.3265514169312,-1.63900413862438,TRUE
2835,6,-16.75,13.4005382976456,5.47074685130934,-30.8130024833404,-2.68699751665964,TRUE
2836,6,-21.4688888888889,9.39087066527124,3.83380689506423,-31.3240032546782,-11.6137745230995,TRUE
2837,6,-8.46222222222223,7.31136639203086,2.98485283050154,-16.1350306903571,-0.789413754087324,TRUE
2838,6,-20.08,10.3939501634364,4.24331238538951,-30.9877817408129,-9.17221825918713,TRUE
2839,6,-17.4222222222222,6.90046847577649,2.81710445863553,-24.6638197726808,-10.1806246717637,TRUE
2840,6,-5.37722222222223,10.720244901155,4.37652165425049,-16.6274292899075,5.87298484546308,TRUE
2841,6,-14.3416666666667,6.65139575995561,2.71542094820046,-21.3218784322171,-7.36145490111621,TRUE
2842,6,-19.2122222222222,6.45925921678559,2.63698153291567,-25.9907990516436,-12.4336453928008,TRUE
2843,6,-22.0983333333333,8.31964549191318,3.39648104933894,-30.829265823847,-13.3674008428197,TRUE
2844,6,-12.015,9.81260815934729,4.00598050604528,-22.3127007227532,-1.71729927724682,TRUE
2845,6,-13.8416666666667,9.2637496008186,3.78190993781949,-23.5633756568379,-4.11995767649543,TRUE
2846,6,-9.29444444444444,5.86642600516482,2.39495838774129,-15.450880973077,-3.13800791581186,TRUE
2847,6,-12.1872222222222,14.010845547752,5.71990374282299,-26.8907028851112,2.51625844066672,TRUE
2848,6,-9.98555555555555,9.8145664231322,4.00677996388775,-20.2853113501169,0.314200239005832,TRUE
2849,6,-11.5533333333333,18.0574086980632,7.37190623119159,-30.5034215852486,7.39675491858193,TRUE
2850,6,-14.5161111111111,13.528025792844,5.5227934032796,-28.7129035155537,-0.319318706668515,TRUE
2851,6,-15.8083333333333,7.23197798361939,2.95244264848491,-23.3978287762866,-8.21883789038005,TRUE
2852,6,-18.1422222222222,7.11975550974319,2.90662801537333,-25.6139474014925,-10.6704970429519,TRUE
2853,6,-15.5111111111111,6.41926706327363,2.62065480461244,-22.2477187493209,-8.77450347290134,TRUE
2854,6,-18.445,7.95342602628298,3.24697257856082,-26.7916087312577,-10.0983912687423,TRUE
2855,6,-19.9822222222222,14.612006275916,5.96532658238993,-35.3165823785522,-4.64786206589222,TRUE
2856,6,-9.75222222222222,7.93666447337689,3.24012970324139,-18.0812407824802,-1.42320366196422,TRUE
2857,6,-22.3116666666667,11.4731134493747,4.68387895200517,-34.3519608210104,-10.2713725123229,TRUE
2858,6,-17.8655555555556,10.4231504443323,4.25523335014633,-28.8039811118356,-6.92712999927555,TRUE
2859,6,-16.91,10.7317114716671,4.38120286205952,-28.172240495448,-5.64775950455198,TRUE
2860,6,-23.7166666666667,7.84042799285288,3.20084132458721,-31.9446912344046,-15.4886420989287,FALSE
2861,6,-18.5694444444444,6.71255752441039,2.74039013398088,-25.6138415454127,-11.5250473434762,TRUE
2862,6,-10.1166666666667,11.4841864221101,4.68839947419476,-22.1685811932385,1.93524785990522,TRUE
2863,6,-21.5544444444444,13.025441543664,5.3176142427378,-35.2238070257472,-7.8850818631417,TRUE
2864,6,-7.99333333333334,7.82365615013566,3.19399424846997,-16.2037569315771,0.217090264910427,TRUE
2865,6,-20.6477777777778,4.48927693592269,1.83273963450929,-25.3589849916981,-15.9365705638575,FALSE
2866,6,-20.9072222222222,13.7104053618113,5.59724955052606,-35.295410246328,-6.51903419811641,TRUE
2867,6,-18.1983333333333,5.60611283431854,2.28868598075807,-24.0815879429455,-12.3150787237212,TRUE
2868,6,-17.5972222222222,11.4730430752877,4.68385022190447,-29.637442523491,-5.55700192095346,TRUE
2869,6,-18.2633333333333,10.8267670356596,4.42000913355852,-29.6253285254055,-6.9013381412612,TRUE
2870,6,-16.4977777777778,7.14134119574706,2.9154403347829,-23.9921557452522,-9.00339981030341,TRUE
2871,6,-12.5216666666667,11.3491459786384,4.63326944400396,-24.431864939032,-0.611468394301331,TRUE
2872,6,-11.2872222222222,10.9479129247271,4.46946673566708,-22.7763522279087,0.201907783464314,TRUE
2873,6,-20.0138888888889,6.36975367277667,2.60044104758699,-26.6985354104591,-13.3292423673187,TRUE
2874,6,-15.9177777777778,17.2608817422088,7.04672546315566,-34.0319622540816,2.19640669852607,TRUE
2875,6,-15.4877777777778,17.3700600224981,7.09129730943952,-33.7165378325197,2.74098227696411,TRUE
2876,6,-11.4627777777778,6.85816283033637,2.79983325120763,-18.6599782761427,-4.26557727941289,TRUE
2877,6,-10.5505555555556,11.4666359334213,4.68123451719077,-22.5840519737999,1.48294086268876,TRUE
2878,6,-15.2061111111111,12.1112075582296,4.94437978110026,-27.9160439648949,-2.49617825732733,TRUE
2879,6,-21.0288888888889,6.8647549658193,2.80252447924904,-28.2330074091726,-13.8247703686052,TRUE
2880,6,-13.7433333333333,6.96262338809478,2.8424790953334,-21.0501584639733,-6.43650820269335,TRUE
2881,6,-3.92444444444445,6.64688955382446,2.71358129725094,-10.8999272366802,3.05103834779125,FALSE
2882,6,-11.8883333333333,14.046562212869,5.73448501029807,-26.6292963375343,2.85262967086762,TRUE
2883,6,-7.78388888888888,11.3088518754443,4.6168194452592,-19.6518010932847,4.08402331550694,TRUE
2884,6,-7.825,13.5173162605929,5.51842125504642,-22.0105534396117,6.36055343961168,TRUE
2885,6,-13.9238888888889,3.76248228739525,1.53602696172968,-17.8723718957588,-9.97540588201895,TRUE
2886,6,-12.5,5.70886133811094,2.33063288177903,-18.4910825514379,-6.5089174485621,TRUE
2887,6,-10.5988888888889,8.60545864661021,3.51316378113609,-19.6297638902927,-1.56801388748508,TRUE
2888,6,-10.7488888888889,10.3543038108512,4.22712682972346,-21.6150643343069,0.117286556529143,TRUE
2889,6,-8.46888888888889,15.3335353126794,6.25988957816863,-24.5604473316182,7.62266955384046,TRUE
2890,6,-13.4055555555556,10.9377606212336,4.46532207512156,-24.8840313721289,-1.92707973898222,TRUE
2891,6,-12.775,9.6166745811637,3.92599095770737,-22.867081042755,-2.68291895724503,TRUE
2892,6,-13.4216666666667,12.009912156215,4.90302610639593,-26.0252965154187,-0.818036817914642,TRUE
2893,6,-10.7233333333333,6.02086040363004,2.45800596690353,-17.0418388237412,-4.40482784292546,TRUE
2894,6,-16.37,6.64922117410921,2.7145331772462,-23.3479296776612,-9.39207032233878,TRUE
2895,6,-11.9433333333333,10.5091602370926,4.29034670100387,-22.9720206315161,-0.9146460351506,TRUE
2896,6,-10.5438888888889,7.80623010924726,3.18688009706773,-18.7360249787621,-2.3517527990157,TRUE
2897,6,-22.2755555555556,8.19011156257394,3.34359904412913,-30.8705505240448,-13.6805605870663,TRUE
2898,6,-17.9311111111111,9.96776329901474,4.0693223265712,-28.3916371671444,-7.47058505507787,TRUE
2899,6,-7.31277777777778,9.96258811011736,4.06720956455102,-17.7678728061389,3.14231725058336,TRUE
2900,6,-14.6422222222222,10.46605829796,4.27275040803728,-25.6256768093305,-3.65876763511393,TRUE
2901,6,-14.2738888888889,8.39540202641811,3.42740852504204,-23.084322986667,-5.46345479111076,TRUE
2902,6,-18.0216666666667,6.56579139682847,2.68047311329756,-24.9120421626209,-11.1312911707124,TRUE
2903,6,-17.8427777777778,9.44452937870306,3.85571297309126,-27.7542035098334,-7.93135204572211,TRUE
2904,6,-18.11,5.18444425394104,2.11654050367663,-23.5507405731397,-12.6692594268603,TRUE
2905,6,-23.4516666666667,21.093357853968,8.61132728402495,-45.5877881637006,-1.31554516963273,TRUE
2906,6,-17.8266666666667,10.6726287504272,4.35708244211736,-29.0269036487435,-6.62642968458987,TRUE
2907,6,-20.6116666666667,11.3632876209113,4.63904274528621,-32.5367056824398,-8.68662765089353,TRUE
2908,6,-21.1533333333333,5.89968925735358,2.40853805358262,-27.3446775043116,-14.961989162355,FALSE
2909,6,-16.1066666666667,5.4618515379148,2.22979155312114,-21.8385283303751,-10.3748050029582,TRUE
2910,6,-8.98055555555556,9.73123000485588,3.97275801359306,-19.1928551426765,1.23174403156538,TRUE
2911,6,-9.43611111111112,3.9285159293819,1.60380991223021,-13.5588357393036,-5.31338648291866,FALSE
2912,6,-11.7277777777778,5.77752990921309,2.35866670854008,-17.790923575071,-5.66463198048455,TRUE
2913,6,-16.765,11.6556133829727,4.75838423790634,-28.9968160889402,-4.53318391105982,TRUE
2914,6,-14.9366666666667,9.87435398730807,4.03118813475355,-25.2991656618968,-4.57416767143656,TRUE
2915,6,-12.4333333333333,6.92247033619903,2.82608668054006,-19.6980204202633,-5.16864624640332,TRUE
2916,6,-18.6433333333333,9.88986866556995,4.03752197563106,-29.022113984873,-8.26455268179369,TRUE
2917,6,-14.5688888888889,9.81650597868863,4.00757178412792,-24.8706801221767,-4.26709765560103,TRUE
2918,6,-15.8116666666667,9.21626840610306,3.76252582124769,-25.4835471988786,-6.13978613445476,TRUE
2919,6,-16.7305555555556,11.7263485681068,4.78726175631298,-29.0366036687701,-4.42450744234103,TRUE
2920,6,-6.46055555555555,4.66763247942283,1.90555298023797,-11.3589354333979,-1.56217567771318,FALSE
2921,6,-9.09222222222222,6.81521098284864,2.7822982328985,-16.2443475210341,-1.94009692341031,TRUE
2922,6,-15.02,11.1105107393355,4.5358470155141,-26.6797659473057,-3.36023405269428,TRUE
2923,6,-17.5666666666667,12.1538083651906,4.96177148771447,-30.3213063255636,-4.81202700776967,TRUE
2924,6,-12.0172222222222,4.45141296752025,1.81728173413881,-16.6886936382331,-7.34575080621133,TRUE
2925,6,-10.3211111111111,6.22785094614567,2.54250950202772,-16.8568398539563,-3.78538236826593,TRUE
2926,6,-12.8866666666667,10.8916536852766,4.44649899733862,-24.3167562214004,-1.45657711193293,TRUE
2927,6,-18.3438888888889,9.80331359324017,4.00218601532145,-28.6318355627119,-8.05594221506589,TRUE
2928,6,-12.4305555555556,10.6087886870937,4.33101984539838,-23.563796499917,-1.2973146111941,TRUE
2929,6,-11.8577777777778,8.89073841869333,3.62962876039294,-21.188035539347,-2.52752001620854,TRUE
2930,6,-17.1788888888889,16.3814071660752,6.68768147094269,-34.3701214006157,0.0123436228379354,TRUE
2931,6,-14.2127777777778,14.5490722753746,5.93963388425687,-29.4810927509784,1.0555371954229,TRUE
2932,6,-17.6894444444445,14.5882393144717,5.95562376101077,-32.9988627043828,-2.38002618450614,TRUE
2933,6,-12.1388888888889,8.27188294207597,3.3769820700197,-20.8196976573511,-3.45808012042672,TRUE
2934,6,-17.5044444444444,7.53478147339734,3.07606165553325,-25.4117126614556,-9.5971762274333,TRUE
2935,6,-12.47,7.44704176912625,3.04024207125877,-20.2851910443151,-4.65480895568487,TRUE
2936,6,-19.1011111111111,9.47313034421666,3.8673892683678,-29.0425517157122,-9.15967050651003,TRUE
2937,6,-19.1683333333333,7.69143325756361,3.14001447861725,-27.2399975157018,-11.0966691509648,TRUE
2938,6,-11.96,10.1933324613036,4.16141055145702,-22.6572463742007,-1.2627536257993,TRUE
2939,6,-10.6166666666667,8.81089855425276,3.59703427222421,-19.8631376290075,-1.37019570432583,TRUE
2940,6,-6.01555555555555,8.13421871319392,3.32078088392058,-14.5518945758901,2.520783464779,TRUE
2941,6,-12.5716666666667,7.9520028923536,3.24639158656705,-20.9167819104585,-4.22655142287485,TRUE
2942,6,-16.9805555555556,16.1705770414,6.60161043296573,-33.9505354204844,-0.0105756906266805,TRUE
2943,6,-9.67722222222223,7.40130421439857,3.0215697927312,-17.4444146465244,-1.91002979792002,TRUE
2944,6,-10.5216666666667,11.7980210675821,4.81652193169703,-22.902930455231,1.85959712189766,TRUE
2945,6,-16.2483333333333,10.973306348691,4.47983355758936,-27.7641121031465,-4.73255456352012,TRUE
2946,6,-10.7388888888889,11.6625898908846,4.76123238533476,-22.9780263738738,1.50024859609599,TRUE
2947,6,-12.0933333333333,9.24320002308003,3.77352060783796,-21.7934768642409,-2.39318980242577,TRUE
2948,6,-13.1905555555556,10.719329045476,4.3761477577352,-24.4398014916503,-1.94130961946086,TRUE
2949,6,-15.6261111111111,5.65386491866569,2.30818068755888,-21.5594784599165,-9.69274376230572,TRUE
2950,6,-12.6333333333333,5.00115719942229,2.04171387700519,-17.8817259391295,-7.3849407275372,TRUE
2951,6,-20.9444444444444,7.23668207173753,2.95436308441733,-28.5388765251221,-13.3500123637668,TRUE
2952,6,-14.7666666666667,19.5042585663291,7.96258021646901,-35.235130735919,5.70179740258565,TRUE
2953,6,-7.50777777777778,10.3364188224972,4.21982531380297,-18.355184078998,3.33962852344244,TRUE
2954,6,-11.9727777777778,9.98982825270379,4.07833030619392,-22.456459582605,-1.48909597295059,TRUE
2955,6,-11.9494444444444,10.1779346118436,4.15512440573811,-22.630531766644,-1.26835712224491,TRUE
2956,6,0.119444444444452,6.57803091667566,2.68546987635128,-6.78377563985264,7.02266452874154,FALSE
2957,6,-13.7827777777778,11.9178673365603,4.86544896612587,-26.2898125123164,-1.27574304323914,TRUE
2958,6,-18.1555555555556,8.56634828634482,3.49719704341832,-27.1453867510077,-9.16572436010341,TRUE
2959,6,-15.8227777777778,13.1518355992473,5.3692143998545,-29.6247827856807,-2.02077276987485,TRUE
2960,6,-18.615,8.22476497469009,3.35774624038429,-27.246361494208,-9.98363850579203,TRUE
2961,6,-12.99,7.06078812094577,2.88255467970366,-20.3998426998747,-5.58015730012531,TRUE
2962,6,-8.03611111111111,8.90171729166573,3.63411086651514,-17.3778904932635,1.30566827104126,TRUE
2963,6,-9.23555555555556,10.0759393643508,4.11348502031376,-19.8096054299362,1.33849431882507,TRUE
2964,6,-12.0527777777778,16.3222022501958,6.66351116524785,-29.1818785407237,5.0763229851681,TRUE
2965,6,-13.105,12.1502330567497,4.96031187415558,-25.8558876027955,-0.354112397204537,TRUE
2966,6,-12.4977777777778,8.18444912058273,3.34128736186637,-21.0868303778326,-3.90872517772291,TRUE
2967,6,-13.2083333333333,6.80918489166573,2.7798380914749,-20.3541346372886,-6.06253202937805,TRUE
2968,6,-12.3933333333333,13.3848018289402,5.46432246486241,-26.4398214055681,1.65315473890143,TRUE
2969,6,-9.53833333333333,12.174230844972,4.97010893017223,-22.3144050703679,3.23773840370124,TRUE
2970,6,-17.0216666666667,9.33089867054615,3.809323430742,-26.8138442837959,-7.22948904953747,TRUE
2971,6,-18.0355555555556,6.84601511559557,2.79487396743166,-25.2200078091282,-10.8511033019829,TRUE
2972,6,-19.4283333333333,9.10088707520073,3.71542159015536,-28.9791285847177,-9.87753808194897,TRUE
2973,6,-12.415,8.56268720801025,3.49570241444697,-21.4009891293674,-3.42901087063261,TRUE
2974,6,-15.7055555555556,7.37531819778093,3.01096104587108,-23.4454773278803,-7.96563378323084,TRUE
2975,6,-15.4583333333333,13.8151074713317,5.6399940077457,-29.9563994827421,-0.960267183924559,TRUE
2976,6,-11.8277777777778,11.8748488021564,4.84788672299718,-24.2896673291368,0.634111773581241,TRUE
2977,6,-12.5844444444445,8.04251140065276,3.28334153035262,-21.0245425425592,-4.14434634632968,TRUE
2978,6,-15.4555555555556,7.23020843918584,2.95172023499501,-23.0431939755139,-7.86791713559722,TRUE
2979,6,-12.3638888888889,9.98919558916124,4.07807202238424,-22.8469067540465,-1.88087102373132,TRUE
2980,6,-19.2594444444444,17.8478771120659,7.28636531941003,-37.9896427823303,-0.52924610655862,TRUE
2981,6,-12.7138888888889,8.73760847439686,3.56711372241508,-21.8834466293781,-3.54433114839965,TRUE
2982,6,-18.7777777777778,8.86791210968992,3.6203099587647,-28.0840807971516,-9.47147475840399,TRUE
2983,6,-7.835,7.38153996278705,3.0135010707985,-15.5814511142652,-0.0885488857347978,TRUE
2984,6,-14.5177777777778,11.9691476846222,4.88638408055651,-27.0786279371988,-1.95692761835677,TRUE
2985,6,-19.6011111111111,8.07560872605256,3.29685345686601,-28.0759427220857,-11.1262795001365,TRUE
2986,6,-16.32,15.5427670924095,6.34530809455418,-32.631133729377,-0.00886627062295631,TRUE
2987,6,-8.11277777777778,9.39904260293845,3.83714307464664,-17.9764680662021,1.75091251064654,TRUE
2988,6,-12.48,7.49463363569783,3.05967136942661,-20.3451356452645,-4.61486435473548,TRUE
2989,6,-18.1188888888889,10.4654064351009,4.27248428613946,-29.1016593878806,-7.1361183898972,TRUE
2990,6,-9.72277777777778,8.97382401250478,3.66354831202864,-19.1402285226547,-0.305327032900882,TRUE
2991,6,-4.96444444444445,13.3197191606475,5.43775257679308,-18.9426324450333,9.01374355614441,TRUE
2992,6,-15.9777777777778,5.86153209651866,2.39296045790281,-22.1290784642587,-9.82647709129687,TRUE
2993,6,-17.7372222222222,6.95806723376756,2.84061905311823,-25.0392659621304,-10.4351784823141,TRUE
2994,6,-14.7544444444444,9.31295863399588,3.80199944148949,-24.5277951478367,-4.98109374105215,TRUE
2995,6,-14.5716666666667,6.47001588526301,2.64137292443266,-21.3615319273548,-7.78180140597849,TRUE
2996,6,-19.3866666666667,9.21043852255569,3.76014578125587,-29.0524291113075,-9.72090422202582,TRUE
2997,6,-14.1222222222222,12.5410688303433,5.11986991057728,-27.2832668151731,-0.961177629271356,TRUE
2998,6,-13.8472222222222,14.4851820709865,5.91355081753805,-29.0484885378978,1.35404409345337,TRUE
2999,6,-14.8872222222222,6.36676070320314,2.59921917287519,-21.5687278148528,-8.20571662959163,TRUE
3000,6,-11.25,10.4035532391582,4.24723282463614,-22.167859550728,-0.332140449272025,TRUE
3001,6,-15.5761111111111,7.3767681621777,3.0115529913573,-23.3175545277504,-7.83466769447184,TRUE
3002,6,-18.135,15.705638018099,6.41179987153316,-34.6170562834984,-1.65294371650163,TRUE
3003,6,-18.3716666666667,12.1105353125102,4.94410533793452,-31.0808940418337,-5.66243929149964,TRUE
3004,6,-14.6838888888889,3.33551956083917,1.36172015852137,-18.1843019936037,-11.1834757841741,TRUE
3005,6,-13.79,8.74831996569754,3.5714866704269,-22.9707987612166,-4.60920123878339,TRUE
3006,6,-10.2422222222222,13.7693425432761,5.62131055410382,-24.6922610250722,4.20781658062776,TRUE
3007,6,-11.0844444444444,11.6590843297151,4.75980124598019,-23.3199030686002,1.15101417971133,TRUE
3008,6,-14.4766666666667,8.6187346325703,3.51858367970852,-23.5214739608918,-5.43185937244157,TRUE
3009,6,-12.76,9.82106058993178,4.00943119638167,-23.0665710046523,-2.45342899534771,TRUE
3010,6,-14.4355555555556,11.7508970185574,4.79728361924295,-26.7673656875771,-2.10374542353398,TRUE
3011,6,-11.7922222222222,10.7864583141531,4.40355316691273,-23.1119160053469,-0.472528439097585,TRUE
3012,6,-12.4494444444444,9.38201504455713,3.83019160304669,-22.295265406243,-2.60362348264589,TRUE
3013,6,-10.725,9.46560246365755,3.86431602399873,-20.6585405784495,-0.791459421550533,TRUE
3014,6,-7.26388888888889,12.4723943022031,5.09183365186566,-20.3528639844565,5.8250862066787,TRUE
3015,6,-16.2544444444444,11.6595124096006,4.75997600886163,-28.4903523108888,-4.0185365780001,TRUE
3016,6,-15.04,4.91775739313946,2.00766604866521,-20.2008698767225,-9.87913012327747,TRUE
3017,6,-17.8183333333333,14.714116540097,6.00701292318064,-33.2598516400941,-2.37681502657257,TRUE
3018,6,-9.18888888888889,5.98537018874324,2.4435171473478,-15.470149682927,-2.90762809485078,TRUE
3019,6,-15.4911111111111,10.2577131232316,4.18769384662805,-26.2559208464591,-4.72630137576309,TRUE
3020,6,-11.4361111111111,8.18061704183647,3.33972292226928,-20.0211421911548,-2.85108003106747,TRUE
3021,6,-16.6294444444444,6.63918583250376,2.71043626619156,-23.5968426769664,-9.66204621192251,TRUE
3022,6,-17.7111111111111,7.54905517757514,3.08188887086243,-25.6333586619998,-9.78886356022245,TRUE
3023,6,-12.3894444444444,15.4030646902443,6.28827482769655,-28.5539694940103,3.77508060512137,TRUE
3024,6,-10.6372222222222,9.48389123529804,3.87178238375564,-20.5899556894411,-0.684488755003308,TRUE
3025,6,-14.6138888888889,7.5802765756246,3.09463495324201,-22.568901287618,-6.65887649015975,TRUE
3026,6,-11.7,14.959184618302,6.10706154715512,-27.39870148223,3.99870148222996,TRUE
3027,6,-6.94222222222222,14.9601149233059,6.10744134258254,-22.6418999996792,8.75745555523472,TRUE
3028,6,-18.1294444444444,15.0165969538399,6.13050003499,-33.8883964777575,-2.37049241113138,TRUE
3029,6,-15.0005555555555,12.4187602560117,5.06993764419735,-28.033245171538,-1.96786593957309,TRUE
3030,6,-10.725,12.8869499451534,5.26107528440224,-24.2490245619996,2.79902456199955,TRUE
3031,6,-16.6188888888889,9.44029323147837,3.85398357322862,-26.5258690570711,-6.71190872070666,TRUE
3032,6,-16.7644444444445,5.82098222588543,2.37640604253826,-22.8731906514897,-10.6556982373992,TRUE
3033,6,-17.7227777777778,10.15230754649,4.14466220011793,-28.3769711442494,-7.06858441130617,TRUE
3034,6,-12.5716666666667,3.51562338395025,1.43524723641247,-16.2610871422358,-8.88224619109756,TRUE
3035,6,-11.6611111111111,12.8754615307425,5.25638515885885,-25.173079321582,1.85085709935976,TRUE
3036,6,-11.5405555555556,9.21217754850531,3.76085573562688,-21.2081429960066,-1.87296811510446,TRUE
3037,6,-15.81,11.8075294245287,4.8204037021656,-28.2012421972209,-3.41875780277906,TRUE
3038,6,-9.615,4.28022779767619,1.74739568119721,-14.1068235977549,-5.1231764022451,TRUE
3039,6,-5.39277777777778,13.3936111497098,5.46791885500675,-19.4485106651914,8.66295510963588,TRUE
3040,6,-12.9,12.4475234484615,5.08168016834327,-25.9628747352565,0.162874735256491,TRUE
3041,6,-14.6205555555555,9.41980028490028,3.84561736282155,-24.5060296952323,-4.73508141587885,TRUE
3042,6,-11.2144444444444,8.90905274093384,3.63710555113863,-20.5639219084934,-1.86496698039547,TRUE
3043,6,-11.2066666666667,9.08009006318526,3.70693124555329,-20.7356367924386,-1.67769654089468,TRUE
3044,6,-17.035,11.8334878393669,4.83100118064645,-29.4534838829073,-4.61651611709265,TRUE
3045,6,-8.74944444444444,9.09946064742709,3.71483925345531,-18.2987427516854,0.799853862796539,TRUE
3046,6,-16.9905555555556,10.6986377983714,4.36770059147718,-28.2180873595048,-5.76302375160633,TRUE
3047,6,-12.4688888888889,14.6439019794994,5.978347948851,-27.8367215333189,2.89894375554109,TRUE
3048,6,-12.7038888888889,9.66298859145133,3.94489857323182,-22.8445735046662,-2.56320427311158,TRUE
3049,6,-14.0633333333333,10.9824559083011,4.48356884965868,-25.5887139770907,-2.53795268957594,TRUE
3050,6,-7.15444444444444,8.84929317118772,3.61270880895092,-16.441208086177,2.13231919728811,TRUE
3051,6,-12.3494444444444,6.31079759589042,2.57637232998572,-18.9722203577417,-5.72666853114715,TRUE
3052,6,-10.2388888888889,8.37359597960337,3.41850624370815,-19.0264389439744,-1.45133883380339,TRUE
3053,6,-10.4672222222222,6.49170527730637,2.65022758165556,-17.2798491039284,-3.65459534051606,TRUE
3054,6,-5.63499999999999,12.8488778152456,5.24553240245308,-19.1190703119876,7.84907031198761,TRUE
3055,6,-8.94111111111111,8.64998873902072,3.53134311523687,-18.0187175785384,0.136495356316148,TRUE
3056,6,-19.2177777777778,6.86087576744371,2.80094080314384,-26.4178253290319,-12.0177302265236,TRUE
3057,6,-13.6755555555556,4.20504599877954,1.71670284032366,-18.0884806940768,-9.2626304170343,TRUE
3058,6,-13.5461111111111,9.33916185072698,3.81269685992462,-23.3469604040209,-3.74526181820128,TRUE
3059,6,-10.5494444444445,8.52337659138199,3.4796539224114,-19.4941796116959,-1.60470927719304,TRUE
3060,6,-14.0383333333333,7.85363716163834,3.20623394516232,-22.2802200735681,-5.79644659309852,TRUE
3061,6,-13.83,6.83931088146557,2.79213697530921,-21.0074165913384,-6.65258340866161,TRUE
3062,6,-9.55722222222223,7.6911190969171,3.13988622307038,-17.6285567132116,-1.48588773123281,TRUE
3063,6,-10.0055555555556,10.4463370862,4.26469925705042,-20.968314000181,0.957202889069944,TRUE
3064,6,-14.1488888888889,5.69686762534822,2.32573646904734,-20.1273848106989,-8.17039296707886,TRUE
3065,6,-12.5183333333333,10.1393733643762,4.13938184238142,-23.1589531081218,-1.87771355854486,TRUE
3066,6,-7.26777777777778,11.7800316292099,4.80917777423517,-19.6301628085726,5.09460725301702,TRUE
3067,6,-18.4466666666667,8.65760449290423,3.53445223374041,-27.532265377644,-9.36106795568937,TRUE
3068,6,-10.96,7.25262986784793,2.96087374491607,-18.5711682662937,-3.34883173370628,TRUE
3069,6,-20.9433333333333,3.15238393036833,1.28695535045862,-24.2515573804972,-17.6351092861694,FALSE
3070,6,-14.1511111111111,6.86913763523864,2.80431369654716,-21.3598289608814,-6.94239326134086,TRUE
3071,6,-18.1405555555556,6.96510107342046,2.84349060613192,-25.4499808574808,-10.8311302536303,TRUE
3072,6,-15.9527777777778,6.87586064646671,2.80705835438779,-23.1685509951382,-8.73700456041737,TRUE
3073,6,-7.91055555555556,8.6650022547068,3.53747235734957,-17.0039177414239,1.18280663031282,TRUE
3074,6,-13.6688888888889,13.3420810748326,5.44688179003069,-27.6705442792,0.332766501422199,TRUE
3075,6,-15.4372222222222,7.73496575203699,3.15778654506563,-23.5545709557847,-7.31987348865976,TRUE
3076,6,-15.3833333333333,18.5487289771204,7.57248689518693,-34.8490305966949,4.08236393002822,TRUE
3077,6,-17.2233333333333,12.1539840747341,4.96184322083519,-29.9781573880875,-4.46850927857921,TRUE
3078,6,-22.3322222222222,13.8037759192777,5.63536792099134,-36.8183966370501,-7.8460478073943,TRUE
3079,6,-19.7844444444444,8.11570758650345,3.31322374809464,-28.3013572286954,-11.2675316601935,TRUE
3080,6,-14.9872222222222,5.36697076433114,2.19105663950772,-20.6195126205911,-9.35493182385334,TRUE
3081,6,-16.5222222222222,4.89606856645281,1.99881162224822,-21.6603310712322,-11.3841133732122,TRUE
3082,6,-11.3816666666667,10.7706885676925,4.39711519487914,-22.6848111158234,-0.0785222175098976,TRUE
3083,6,-19.4466666666667,4.42381082577253,1.80601320695716,-24.08917141139,-14.8041619219433,FALSE
3084,6,-21.1166666666667,11.924808873381,4.86828283666611,-33.6309860973406,-8.60234723599275,TRUE
3085,6,-13.1305555555556,12.431482152926,5.07513133686407,-26.176595983567,-0.0845151275441296,TRUE
3086,6,-13.4655555555556,13.6701676274639,5.58082256426659,-27.8115166671685,0.880405556057426,TRUE
3087,6,-14.8716666666667,8.91442844182646,3.63930017183809,-24.2267855828218,-5.51654775051156,TRUE
3088,6,-20.155,10.3884255571071,4.24105697430007,-31.0569840220345,-9.25301597796553,TRUE
3089,6,-18.2138888888889,7.52744206713503,3.07306535547364,-26.1134548713927,-10.3143229063851,TRUE
3090,6,-15.0488888888889,5.74463562974351,2.34523767518058,-21.077514256958,-9.02026352081974,TRUE
3091,6,-8.47166666666666,16.2425687281565,6.63100091601171,-25.5171971734541,8.5738638401208,TRUE
3092,6,-12.7366666666667,8.67185280727891,3.54026908372587,-21.8372180665572,-3.63611526677614,TRUE
3093,6,-13.015,9.75392724325267,3.9820241223668,-23.2511188780217,-2.77888112197826,TRUE
3094,6,-12.1727777777778,7.18223098012392,2.93213351935219,-19.7100669422849,-4.63548861327066,TRUE
3095,6,-16.44,15.2295891824654,6.21745374820843,-32.4224736690535,-0.457526330946477,TRUE
3096,6,-13.9277777777778,6.5045945015527,2.65548958541953,-20.7539310707786,-7.10162448477692,TRUE
3097,6,-15.65,9.49693049826568,3.87710564057109,-25.6164173344951,-5.68358266550487,TRUE
3098,6,-12.3327777777778,9.83895419389834,4.01673622961125,-22.6581269681588,-2.0074285873968,TRUE
3099,6,-13.72,9.17703244215932,3.74650780604295,-23.3507049132837,-4.08929508671633,TRUE
3100,6,-7.63222222222222,9.04139828582742,3.69113539359195,-17.120587817864,1.85614337341953,TRUE
3101,6,-14.3883333333333,13.5607868912947,5.53616806571584,-28.6195064020923,-0.157160264574367,TRUE
3102,6,-7.40111111111111,6.46056539206787,2.63751477674171,-14.1810586874257,-0.621163534796506,TRUE
3103,6,-12.6077777777778,10.7015211102943,4.36887769864058,-23.8383354320198,-1.37722012353572,TRUE
3104,6,-8.73055555555556,8.3691622882704,3.41669619680102,-17.5134527369399,0.0523416258288218,TRUE
3105,6,-17.0372222222222,7.66077234767898,3.12749721457278,-25.0767097530062,-8.99773469143828,TRUE
3106,6,-15.28,12.6187884609507,5.15159881690823,-28.5226063432298,-2.03739365677017,TRUE
3107,6,-13.5711111111111,11.5125469074526,4.69997759385255,-25.6527881417661,-1.48943408045607,TRUE
3108,6,-11.2327777777778,11.5131550684263,4.70022587453039,-23.3150930342334,0.849537478677847,TRUE
3109,6,-13.7861111111111,5.08498548743331,2.0759366322782,-19.1224761099775,-8.44974611224474,TRUE
3110,6,-17.6016666666667,10.0288990755051,4.09428090280957,-28.1263507854216,-7.07698254791174,TRUE
3111,6,-10.5266666666667,13.5866485116006,5.54672602799432,-24.78497984148,3.7316465081467,TRUE
3112,6,-15.6361111111111,11.5428633876168,4.71235424505249,-27.7496033365267,-3.52261888569551,TRUE
3113,6,-14.8227777777778,11.1160653343941,4.538114669451,-26.4883729151032,-3.15718264045235,TRUE
3114,6,-14.1516666666667,6.4665775767059,2.63996924084213,-20.937923643814,-7.36540968951928,TRUE
3115,6,-20.2955555555556,9.20604986267585,3.7583541183625,-29.9567123841071,-10.634398727004,TRUE
3116,6,-16.9377777777778,7.10028752678107,2.89868024461026,-24.3890725618907,-9.48648299366481,TRUE
3117,6,-12.3122222222222,8.30479852365598,3.39041979992937,-21.0275737751024,-3.59687066934209,TRUE
3118,6,-9.00166666666667,8.65331298148608,3.53270023154044,-18.0827617126127,0.0794283792793955,TRUE
3119,6,-11.8638888888889,5.52238371103021,2.25450370931357,-17.659275172425,-6.06850260535274,TRUE
3120,6,-16.8877777777778,12.9105940420462,5.27072794653829,-30.4366152977298,-3.33894025782576,TRUE
3121,6,-15.6477777777778,8.76729545695989,3.57923338229547,-24.8484900958096,-6.44706545974593,TRUE
3122,6,-17.7627777777778,10.273929988442,4.19431435412685,-28.5446060694449,-6.98094948611064,TRUE
3123,6,-18.7827777777778,14.2642944159599,5.82337380998886,-33.7522367158554,-3.81331883970017,TRUE
3124,6,-9.00444444444445,8.86781513030043,3.62027036709473,-18.3106456901906,0.301756801301675,TRUE
3125,6,-19.7005555555556,11.125533478678,4.54198002316877,-31.3760869009362,-8.02502421017492,TRUE
3126,6,-15.8994444444445,11.7325290286199,4.7897849187517,-28.2119785531923,-3.58691033569657,TRUE
3127,6,-13.9633333333333,11.4101841449743,4.65818817106362,-25.9375872328454,-1.98907943382125,TRUE
3128,6,-19.0466666666667,5.88519347364403,2.40262017466426,-25.222798445592,-12.8705348877414,TRUE
3129,6,-18.5883333333333,5.71687900480284,2.33390608049951,-24.5878299099465,-12.5888367567202,TRUE
3130,6,-12.6627777777778,12.7463642601273,5.20368141882667,-26.0392667114518,0.71371115589626,TRUE
3131,6,-4.34333333333333,13.6425253445899,5.56953764953875,-18.6602856481302,9.97361898146356,TRUE
3132,6,-12.9588888888889,10.3047149222882,4.20688225074163,-23.7730239873061,-2.14475379047165,TRUE
3133,6,-19.6377777777778,8.84302629613155,3.61015036792269,-28.9179647374756,-10.35759081808,TRUE
3134,6,-14.5288888888889,8.70531936147004,3.55393174726211,-23.6645612834921,-5.39321649428568,TRUE
3135,6,-9.36055555555555,14.6125771423367,5.96555963763027,-24.6955147994531,5.97440368834198,TRUE
3136,6,-9.56722222222222,11.7856478474959,4.81147058574932,-21.9355011126478,2.80105666820339,TRUE
3137,6,-11.7105555555556,11.4583371717165,4.67784656191181,-23.7353429574998,0.314231846388729,TRUE
3138,6,-11.2805555555556,4.74706525324,1.93798127435564,-16.2622950172175,-6.29881609389364,TRUE
3139,6,-12.3172222222222,8.26532849832269,3.37430622956249,-20.99115252381,-3.64329192063443,TRUE
3140,6,-15.1944444444444,8.42559794559062,3.43973595742321,-24.0365672159816,-6.35232167290726,TRUE
3141,6,-13.4416666666667,5.46240189334733,2.23001623478562,-19.1741058929807,-7.70922744035268,TRUE
3142,6,-15.5961111111111,9.5337951908325,3.89215558828997,-25.6012155678397,-5.59100665438254,TRUE
3143,6,-12.945,8.32022696004543,3.39671843270989,-21.6765427038951,-4.21345729610491,TRUE
3144,6,-18.2811111111111,11.5843687147172,4.72929872388635,-30.4381605060314,-6.12406171619085,TRUE
3145,6,-16.0805555555556,8.1699635295437,3.33537364408832,-24.6544064601091,-7.50670465100201,TRUE
3146,6,-9.70666666666666,7.84855400694931,3.20415875595036,-17.9432189632077,-1.47011437012563,TRUE
3147,6,-8.33499999999999,13.7640830101795,5.61916335870847,-22.7795192613691,6.10951926136914,TRUE
3148,6,-21.9544444444444,7.17520937880071,2.92926696261567,-29.4843648902738,-14.424523998615,FALSE
3149,6,-10.5988888888889,6.64332034341151,2.71212417320155,-17.570626024511,-3.62715175326683,TRUE
3150,6,-11.8838888888889,7.36938212898224,3.00853765593194,-19.6175811390554,-4.15019663872239,TRUE
3151,6,-17.67,6.81343672459062,2.78157389499782,-24.8202633289616,-10.5197366710385,TRUE
3152,6,-14.3977777777778,9.92334747880901,4.05118964390266,-24.8116922891119,-3.98386326644365,TRUE
3153,6,-13.0422222222222,7.73350277592148,3.15718928756748,-21.1580356565088,-4.9264087879357,TRUE
3154,6,-12.3372222222222,8.86605772762785,3.61955291045799,-21.6415791869701,-3.03286525747435,TRUE
3155,6,-4.95888888888889,11.4649532957651,4.68054758324412,-16.9906194872077,7.07284170942988,TRUE
3156,6,-18.3188888888889,3.58789115818233,1.46475043169835,-22.0841497423531,-14.5536280354247,FALSE
3157,6,-17.0811111111111,13.6078032624531,5.55536241886506,-31.3616248354223,-2.80059738679997,TRUE
3158,6,-20.815,8.56217567106762,3.49549358036463,-29.8004523042687,-11.8295476957313,TRUE
3159,6,-9.8,6.49335865840373,2.65090257166204,-16.614361998756,-2.98563800124396,TRUE
3160,6,-11.0955555555555,10.6027752481585,4.32856486923328,-22.2224857827801,0.0313746716689938,TRUE
3161,6,-18.7866666666667,16.7245736700355,6.82777860952893,-36.3380303380679,-1.23530299526544,TRUE
3162,6,-7.06777777777777,11.6748420244685,4.76623429792494,-19.3197730884104,5.18421753285487,TRUE
3163,6,-12.7683333333333,10.9276708405771,4.46120293941743,-24.2362205744871,-1.30044609217957,TRUE
3164,6,-15.0011111111111,6.73777235414615,2.75068404511485,-22.071969553058,-7.93025266916428,TRUE
3165,6,-8.64555555555556,9.48936332407481,3.87401635464402,-18.6040316277615,1.31292051665037,TRUE
3166,6,-14.1844444444445,6.66546978144882,2.72116664341502,-21.1794259897465,-7.18946289914236,TRUE
3167,6,-16.6144444444444,11.2622487722216,4.59779380803822,-28.4334496913886,-4.79543919750029,TRUE
3168,6,-7.69777777777778,8.28309058441531,3.38155757084487,-16.3903482455501,0.994792689994502,TRUE
3169,6,-13.645,12.6256678151208,5.15440730148769,-26.8948257826755,-0.395174217324552,TRUE
3170,6,-18.8105555555556,14.0554058270462,5.73809540066741,-33.5607993636595,-4.06031174745164,TRUE
3171,6,-12.6033333333333,9.18874504791353,3.75128945731899,-22.2463298725315,-2.96033679413514,TRUE
3172,6,-21.59,10.6857331677959,4.36243229810568,-32.8039892247036,-10.3760107752964,TRUE
3173,6,-12.5855555555556,11.3684668499547,4.6411571566891,-24.516029838874,-0.65508127223708,TRUE
3174,6,-7.63833333333334,6.71634945487502,2.74193818311062,-14.6867098212751,-0.58995684539153,TRUE
3175,6,-17.9733333333333,6.39182950683483,2.6094534691018,-24.6811470219446,-11.2655196447221,TRUE
3176,6,-16.36,12.3176631982964,5.02866494321417,-29.2865947605274,-3.43340523947255,TRUE
3177,6,-18.4116666666667,7.20845206067926,2.94283823066302,-25.9764731676251,-10.8468601657082,TRUE
3178,6,-16.92,11.6298063421347,4.74784855760226,-29.1247332605245,-4.71526673947555,TRUE
3179,6,-16.9038888888889,12.1221383182757,4.94884224520253,-29.6252928718362,-4.18248490594163,TRUE
3180,6,-17.1055555555556,8.45845787538306,3.45315096758573,-25.9821627085414,-8.22894840256971,TRUE
3181,6,-9.50388888888889,8.06289317157906,3.29166235348991,-17.9653763438179,-1.04240143395985,TRUE
3182,6,-16.0588888888889,8.72844205690459,3.56337154814418,-25.2188270641716,-6.8989507136062,TRUE
3183,6,-19.0888888888889,11.9489998961636,4.87815878036168,-31.6285952410364,-6.54918253674136,TRUE
3184,6,-13.53,12.1183728280657,4.94730499026154,-26.2474523433192,-0.812547656680803,TRUE
3185,6,-10.1938888888889,8.85444807657377,3.61481329026228,-19.4860622720539,-0.901715505723937,TRUE
3186,6,-15.1694444444444,15.2996571372864,6.24605887098041,-31.2254499225018,0.886561033612869,TRUE
3187,6,-14.1677777777778,6.91545569051002,2.82322296342931,-21.4251034455205,-6.91045211003507,TRUE
3188,6,-13.2005555555556,8.16439136104439,3.3330988158243,-21.7685588278944,-4.63255228321669,TRUE
3189,6,-14.8244444444444,9.93017839532417,4.05397835389228,-25.2455275630227,-4.40336132586615,TRUE
3190,6,-9.70388888888888,11.7483315915574,4.7962362880559,-22.0330067703851,2.62522899260735,TRUE
3191,6,-18.9744444444444,6.69282689540465,2.73233513841951,-25.9981355201365,-11.9507533687524,TRUE
3192,6,-14.4711111111111,6.87029440309403,2.80478594504659,-21.6810429142959,-7.26117930792634,TRUE
3193,6,-22.55,15.8098611983506,6.45434880669758,-39.1414318033577,-5.95856819664227,TRUE
3194,6,-12.1338888888889,8.70608048477656,3.55424247455083,-21.2703600334163,-2.99741774436146,TRUE
3195,6,-9.81111111111111,14.992506523322,6.12066515791451,-25.5447817880582,5.922559565836,TRUE
3196,6,-13.7877777777778,11.153200769618,4.55327514739679,-25.4923441643302,-2.08321139122535,TRUE
3197,6,-16.1094444444444,7.2890171313244,2.975728783025,-23.7587988018687,-8.46009008702022,TRUE
3198,6,-9.10166666666667,10.7804781897651,4.40111179135455,-20.4150846941275,2.21175136079412,TRUE
3199,6,-8.47166666666666,6.27296766557372,2.56092832560556,-15.0547425028348,-1.88859083049849,TRUE
3200,6,-14.8111111111111,14.9207893247668,6.09138673420749,-30.4695192039009,0.847296981678667,TRUE
3201,6,-16.2816666666667,14.4323862275863,5.8919970047263,-31.4275271426397,-1.13580619069366,TRUE
3202,6,-8.73611111111111,6.18512316114389,2.52506595684544,-15.2269997935616,-2.2452224286606,TRUE
3203,6,-20.375,6.84795857658811,2.79566738205945,-27.5614917908029,-13.1885082091971,TRUE
3204,6,-16.8516666666667,11.0882399665391,4.52675501059268,-28.4880608712719,-5.21527246206146,TRUE
3205,6,-15.7638888888889,7.66922433182469,3.13094772265129,-23.8122462330632,-7.71553154471459,TRUE
3206,6,-10.4172222222222,6.60628401739727,2.69700415642118,-17.3500921173541,-3.4843523270903,TRUE
3207,6,-15.5338888888889,6.90204620760046,2.81774856495548,-22.7771421673537,-8.29063561042405,TRUE
3208,6,-16.2033333333333,14.2229448427532,5.80649291741581,-31.1293985555933,-1.27726811107334,TRUE
3209,6,-13.4994444444444,5.19797756254688,2.12206545377928,-18.9543873539608,-8.0445015349281,TRUE
3210,6,-23.2344444444444,7.95505671930801,3.24763830620056,-31.5827644830803,-14.8861244058086,FALSE
3211,6,-23.9155555555556,2.55760883697311,1.04413943536954,-26.5996014219881,-21.2315096891231,FALSE
3212,6,-14.9466666666667,5.07453818369492,2.07167153838705,-20.2720678926492,-9.62126544068418,TRUE
3213,6,-13.9494444444444,9.06743560873296,3.70176508615639,-23.4651345347107,-4.43375435417814,TRUE
3214,6,-8.75888888888889,8.91569369561753,3.6398167095353,-18.1153356074659,0.597557829688089,TRUE
3215,6,-12.0266666666667,10.218657446064,4.17174943319147,-22.7504899824547,-1.30284335087859,TRUE
3216,6,-15.5566666666667,13.0154914535632,5.31355213546421,-29.2155872687975,-1.89774606453581,TRUE
3217,6,-13.0183333333333,6.50410255146703,2.65528874763807,-19.8439703563812,-6.19269631028543,TRUE
3218,6,-13.8894444444444,6.90714490515008,2.8198300995137,-21.1380484778349,-6.64084041105399,TRUE
3219,6,-14.3294444444444,13.7773686274374,5.62458718924178,-28.7879061060621,0.129017217173192,TRUE
3220,6,-20.7116666666667,11.75917962936,4.80066498094371,-33.0521688656559,-8.37116446767741,TRUE
3221,6,-18.5077777777778,9.34305295492424,3.81428539656116,-28.3127105341108,-8.7028450214448,TRUE
3222,6,-20.9433333333333,4.60416622926091,1.87964299210722,-25.7751094663252,-16.1115572003414,FALSE
3223,6,-13.5355555555555,5.36121987224163,2.18870884764354,-19.1618107628045,-7.90930034830659,TRUE
3224,6,-1.39666666666667,15.1235167867795,6.17414987400425,-17.2678241832782,14.4744908499449,TRUE
3225,6,-12.0011111111111,12.1720822041747,4.96923175123991,-24.7749279879157,0.772705765693434,TRUE
3226,6,-16.2166666666667,13.4295892218141,5.48260684143755,-30.3101562252014,-2.12317710813192,TRUE
3227,6,-19.8294444444444,9.41820351274103,3.84496548331727,-29.7132428745084,-9.94564601438046,TRUE
3228,6,-14.2383333333333,9.78982777058809,3.99668045127824,-24.5121275042319,-3.96453916243474,TRUE
3229,6,-17.1905555555556,10.5553069152002,4.30918600345189,-28.2676708224072,-6.11344028870389,TRUE
3230,6,-18.58,8.39196626409912,3.42600588094888,-27.3868284863504,-9.77317151364962,TRUE
3231,6,-10.2277777777778,5.0156797109627,2.04764266751481,-15.4914108247652,-4.96414473079033,TRUE
3232,6,-12.2022222222222,15.1684949325409,6.19251212511959,-28.1205814080123,3.71613696356782,TRUE
3233,6,-13.4466666666667,6.66187928107044,2.71970082777364,-20.4378802129066,-6.45545312042671,TRUE
3234,6,-12.9083333333333,5.83812631662668,2.38340508827493,-19.035071160216,-6.78159550645062,TRUE
3235,6,-14.5366666666667,5.39003607491535,2.20047301312274,-20.1931626240079,-8.88017070932543,TRUE
3236,6,-14.7183333333333,9.65298520320701,3.94081470708223,-24.8485200369673,-4.58814662969933,TRUE
3237,6,-15.4611111111111,7.0031658449484,2.8590304840351,-22.8104829409022,-8.11173928131999,TRUE
3238,6,-11.775,9.22009851718878,3.76408945755072,-21.45089998729,-2.09910001270998,TRUE
3239,6,-14.3505555555555,8.99741034759242,3.67317739300648,-23.7927586410879,-4.90835247002315,TRUE
3240,6,-9.54555555555555,13.2692970033443,5.41716781727259,-23.4708287472301,4.37971763611898,TRUE
3241,6,-14.1305555555556,9.78903795447102,3.99635801019867,-24.4035208652719,-3.85759024583919,TRUE
3242,6,-14.0088888888889,9.85331701998349,4.02259982880675,-24.3493109408533,-3.66846683692452,TRUE
3243,6,-8.685,12.0696771106586,4.92742504687718,-21.3513493219619,3.98134932196189,TRUE
3244,6,-16.44,9.85481315004106,4.02321062134506,-26.7819921441687,-6.0980078558313,TRUE
3245,6,-12.8088888888889,7.2359312283037,2.95405655386907,-20.4025330077071,-5.21524477007066,TRUE
3246,6,-15.6438888888889,10.0625252886731,4.10800874685017,-26.203861554177,-5.08391622360073,TRUE
3247,6,-17.1122222222222,8.69771685665374,3.55082803766761,-26.2399162773187,-7.98452816712572,TRUE
3248,6,-12.6755555555556,7.52946026298378,3.07388928047872,-20.5772395047113,-4.77387160639979,TRUE
3249,6,-13.8438888888889,15.9911613665753,6.52836429043615,-30.6255835503008,2.93780577252304,TRUE
3250,6,-5.73,9.35160687321228,3.81777751907903,-15.5439095430452,4.08390954304521,TRUE
3251,6,-16.7661111111111,12.2481554922757,5.00028854105713,-29.619762007693,-3.91246021452926,TRUE
3252,6,-14.3272222222222,7.55196292854208,3.08307595522377,-22.2525212706075,-6.40192317383691,TRUE
3253,6,-15.0194444444444,6.00262550580685,2.45056160104043,-21.3188135831868,-8.72007530570207,TRUE
3254,6,-16.8094444444444,5.24211086264841,2.14008279809826,-22.3107024119936,-11.3081864768953,TRUE
3255,6,-14.2183333333333,9.22059283464043,3.7642912618053,-23.8947520749745,-4.54191459169214,TRUE
3256,6,-14.3772222222222,9.44441408491853,3.85566590460082,-24.2885269608714,-4.4659174835731,TRUE
3257,6,-12.21,11.0568938776775,4.51395802340219,-23.8134985017825,-0.606501498217536,TRUE
3258,6,-12.7333333333333,6.9627012637976,2.84251088795595,-20.0402401895114,-5.42642647715532,TRUE
3259,6,-6.50777777777778,11.9109706044781,4.8626333870435,-19.0075748358705,5.99201928031493,TRUE
3260,6,-8.68555555555556,10.2961765647182,4.20339648086028,-19.4907301972326,2.11961908612149,TRUE
3261,6,-21.2472222222222,9.43253410434491,3.85081592284089,-31.1460596858561,-11.3483847585883,TRUE
3262,6,-12.5366666666667,10.9674336104669,4.47743602224904,-24.0462823756838,-1.02705095764957,TRUE
3263,6,-15.3205555555556,11.3111782305365,4.61776917574859,-27.1909091198962,-3.45020199121494,TRUE
3264,6,-8.47777777777777,11.5312220932112,4.70760170651262,-20.5790532139496,3.62349765839407,TRUE
3265,6,-19.3361111111111,6.72734433873069,2.74642682564855,-26.3960260220276,-12.2761962001946,TRUE
3266,6,-17.6661111111111,8.17250496527273,3.33641118088003,-26.2426290888952,-9.08959313332701,TRUE
3267,6,-8.54222222222222,5.89522430698185,2.40671524522635,-14.7288807151501,-2.35556372929436,TRUE
3268,6,-13.7838888888889,8.94353234134817,3.65118178906366,-23.169550474462,-4.39822730331573,TRUE
3269,6,-11.4666666666667,4.1012675547391,1.67433546795714,-15.7706830073589,-7.1626503259744,TRUE
3270,6,-18.7872222222222,11.4545006034342,4.67628028946929,-30.8079833926761,-6.76646105176833,TRUE
3271,6,-16.8933333333333,9.10032087346376,3.71519043926419,-26.4435343924355,-7.3431322742311,TRUE
3272,6,-12.0344444444444,10.1045529158706,4.12516645380583,-22.638522399574,-1.43036648931492,TRUE
3273,6,-16.1505555555556,13.4620085040444,5.4958419579861,-30.2780670642825,-2.02304404682858,TRUE
3274,6,-14.7927777777778,5.14443665706154,2.100207470645,-20.1915329528855,-9.39402260267004,TRUE
3275,6,-17.3561111111111,6.9522854488983,2.83825864932952,-24.6520872399152,-10.060134982307,TRUE
3276,6,-22.3883333333333,7.06426649491022,2.88397471992824,-29.8018263628152,-14.9748403038515,FALSE
3277,6,-17.0144444444444,8.95862257930975,3.65734235291417,-26.415942263549,-7.6129466253399,TRUE
3278,6,-10.0377777777778,9.41762099392332,3.84472767100578,-19.9209648918335,-0.154590663722006,TRUE
3279,6,-9.67277777777778,12.6551852204131,5.16645773173721,-22.9535801775642,3.60802462200868,TRUE
3280,6,-20.49,10.4900198072051,4.28253265322355,-31.4986006488958,-9.48139935110416,TRUE
3281,6,-15.8416666666667,7.5061748654765,3.0643830567536,-23.7189140897891,-7.96441924354418,TRUE
3282,6,-24.2261111111111,12.7417805168956,5.20181011348839,-37.5977897012736,-10.8544325209486,TRUE
3283,6,-8.715,14.4418527204788,5.89586168426634,-23.8707949509992,6.44079495099918,TRUE
3284,6,-11.8005555555556,14.2181390275735,5.8045309515844,-26.7215773840872,3.12046627297605,TRUE
3285,6,-12.4411111111111,10.7271714541815,4.37934940768237,-23.6985871504041,-1.18363507181817,TRUE
3286,6,-11.4372222222222,9.38998388749456,3.83344486955287,-21.291405971808,-1.58303847263638,TRUE
3287,6,-20.7411111111111,7.28608648701732,2.97453235249667,-28.3873899459516,-13.0948322762706,TRUE
3288,6,-6.44555555555555,10.1159327941765,4.1298122696699,-17.061575960557,4.17046484944586,TRUE
3289,6,-16.6455555555556,8.10631267501971,3.30938829154234,-25.1526089848618,-8.13850212624932,TRUE
3290,6,-8.93666666666667,9.17135056091037,3.74418818773645,-18.561408811266,0.688075477932705,TRUE
3291,6,-12.7872222222222,7.52041323234203,3.07019584568545,-20.6794118949873,-4.89503254945713,TRUE
3292,6,-9.98666666666666,12.1630180830618,4.96553133929104,-22.7509713317311,2.77763799839774,TRUE
3293,6,-11.4905555555556,12.2305163726124,4.99308740060931,-24.3256953313064,1.34458422019529,TRUE
3294,6,-20.8994444444444,13.1964248385128,5.38741788055772,-34.7482429891884,-7.05064589970048,TRUE
3295,6,-16.8911111111111,11.3963872768068,4.65255562322048,-28.8508860854493,-4.93133613677296,TRUE
3296,6,-8.195,10.6135372153784,4.33295842395282,-19.3332242191805,2.94322421918046,TRUE
3297,6,-15.6733333333333,8.46371024498778,3.45529523849775,-24.5554525101763,-6.79121415649038,TRUE
3298,6,-10.3661111111111,8.43458973952343,3.44340684192448,-19.217670191668,-1.51455203055423,TRUE
3299,6,-16.3105555555556,11.239760459422,4.58861299278234,-28.1059607655666,-4.5151503455445,TRUE
3300,6,-17.6027777777778,8.17788818615082,3.33860887160069,-26.1849450994088,-9.02061045614679,TRUE
3301,6,-9.52666666666667,7.43711981287858,3.03619144958261,-17.331445256478,-1.72188807685533,TRUE
3302,6,-19.1255555555556,8.29156295859209,3.38501640311871,-27.8270172347435,-10.4240938763676,TRUE
3303,6,-17.2144444444444,7.76489727102874,3.170006036525,-25.3632043807931,-9.06568450809582,TRUE
3304,6,-14.8844444444444,12.7029906656603,5.18597422303421,-28.2154155822543,-1.55347330663455,TRUE
3305,6,-21.6811111111111,16.7575719093279,6.84125008430838,-39.2671043108796,-4.09511791134259,TRUE
3306,6,-13.8705555555556,8.06870977340289,3.2940369712408,-22.3381471597416,-5.40296395136952,TRUE
3307,6,-10.5661111111111,12.6772668657398,5.17547252569247,-23.870086776491,2.73786455426873,TRUE
3308,6,-17.5055555555556,13.3045239869196,5.43154917309538,-31.46779719928,-3.54331391183113,TRUE
3309,6,-21.2877777777778,12.2125452195986,4.98575070811375,-34.1040579850659,-8.47149757048968,TRUE
3310,6,-10.6955555555556,8.32600975969393,3.39907925078049,-19.4331669355002,-1.95794417561095,TRUE
3311,6,-11.1983333333333,10.4877756883378,4.28161649553236,-22.2045789239096,-0.192087742757041,TRUE
3312,6,-12.5433333333333,7.14929895553092,2.91868907661058,-20.0460624575386,-5.04060420912805,TRUE
3313,6,-17.96,8.2259340570607,3.3582235162635,-26.5925883709137,-9.32741162908633,TRUE
3314,6,-7.88055555555555,9.90901910532165,4.04534010992132,-18.2794333610903,2.51832224997921,TRUE
3315,6,-17.1811111111111,9.29272969504576,3.7937410117452,-26.9332328450119,-7.42898937721035,TRUE
3316,6,-14.9666666666667,4.19867968665283,1.71410380428137,-19.3729107703475,-10.5604225629859,TRUE
3317,6,-14.3922222222222,14.8114884339701,6.04676483239357,-29.9359260647376,1.15148162029313,TRUE
3318,6,-16.0338888888889,9.11006608505526,3.71916890523663,-25.5943169203536,-6.47346085742422,TRUE
3319,6,-15.2733333333333,4.3945805007734,1.79407997674657,-19.8851627332369,-10.6615039334298,TRUE
3320,6,-21.19,8.52580814025536,3.48064659808214,-30.1372869212993,-12.2427130787007,TRUE
3321,6,-16.6094444444444,9.37270278027675,3.82638988707388,-26.445492784219,-6.77339610466985,TRUE
3322,6,-15.1511111111111,7.14361242779299,2.91636756138289,-22.647872590441,-7.65434963178127,TRUE
3323,6,-20.7138888888889,8.16356006672107,3.33275944133794,-29.2810197713376,-12.1467580064402,TRUE
3324,6,-13.9938888888889,16.6860919353237,6.81206850711875,-31.5048684563985,3.51709067862074,TRUE
3325,6,-13.0816666666667,5.21261067028797,2.12803939499876,-18.551966080969,-7.61136725236437,TRUE
3326,6,-16.8755555555556,8.47458544818084,3.45973502160976,-25.7690875582204,-7.98202355289071,TRUE
3327,6,-19.3977777777778,9.82508776701916,4.01107528454299,-29.7085750455937,-9.08698050996182,TRUE
3328,6,-14.2472222222222,7.88604912112148,3.21946607221189,-22.5231232278975,-5.97132121654695,TRUE
3329,6,-9.49555555555557,7.02042501615161,2.86607651117363,-16.8630397747224,-2.12807133638873,TRUE
3330,6,-13.02,12.9361601721686,5.28116527545452,-26.5956675280767,0.555667528076645,TRUE
3331,6,-18.3666666666667,14.3875183560072,5.87367977285739,-33.4654411991183,-3.26789213421503,TRUE
3332,6,-15.9077777777778,11.4167651901669,4.66087487151299,-27.8889380606628,-3.92661749489274,TRUE
3333,6,-11.6911111111111,16.8006871111692,6.85885179175309,-29.3223509403132,5.94012871809097,TRUE
3334,6,-11.4594444444445,13.4969636777506,5.51011234789453,-25.6236391582575,2.70475026936858,TRUE
3335,6,-16.7172222222222,15.4356020530701,6.30155815044635,-32.9158931399656,-0.518551304478873,TRUE
3336,6,-18.5777777777778,10.3600940936668,4.22949070278423,-29.4500297523476,-7.70552580320796,TRUE
3337,6,-16.5188888888889,10.9910089854626,4.48706062878805,-28.0532454366503,-4.98453234112747,TRUE
3338,6,-14.1766666666667,12.5407965368145,5.11975874720964,-27.3374255050839,-1.01590782824943,TRUE
3339,6,-20.2827777777778,9.77886210527963,3.99220373716226,-30.5450641886865,-10.0204913668691,TRUE
3340,6,-10.74,8.94036191164045,3.64988746655545,-20.1223344236441,-1.35766557635593,TRUE
3341,6,-18.9533333333333,7.45944442375644,3.04530543380876,-26.7815401654467,-11.12512650122,TRUE
3342,6,-12.8583333333333,10.3443164749216,4.2230495169039,-23.7140277124792,-2.00263895418746,TRUE
3343,6,-16.1927777777778,10.3842907887436,4.23936896218421,-27.0904226265289,-5.29513292902667,TRUE
3344,6,-13.1066666666667,8.4477023832256,3.44876005629935,-21.9719866228579,-4.24134671047548,TRUE
3345,6,-14.2594444444445,11.1356722925653,4.54611917660561,-25.9456158224647,-2.57327306642416,TRUE
3346,6,-17.71,4.11983872392004,1.68191711602718,-22.0335055875053,-13.3864944124947,TRUE
3347,6,-18.5683333333333,10.8560436316981,4.43196125384187,-29.9610524287032,-7.17561423796349,TRUE
3348,6,-5.38222222222223,4.7186837461623,1.92639457261038,-10.3341771188428,-0.430267325601617,FALSE
3349,6,-16.3855555555556,7.80039932501084,3.18449968937115,-24.5715726126425,-8.1995384984686,TRUE
3350,6,-12.8244444444444,5.81803581466638,2.37520317519508,-18.9300985825466,-6.71879030634228,TRUE
3351,6,-12.6277777777778,13.776797187327,5.6243538997936,-27.0856397497775,1.83008419422191,TRUE
3352,6,-13.0983333333333,11.8247737587002,4.8274436721113,-25.5076723494201,-0.688994317246562,TRUE
3353,6,-16.135,6.5262991895186,2.66435048717666,-22.9839309661051,-9.28606903389491,TRUE
3354,6,-19.1633333333333,6.06857296057136,2.47748453670848,-25.531910081466,-12.7947565852007,TRUE
3355,6,-13.6444444444445,9.14670861668384,3.73412815613226,-23.2433264545362,-4.04556243435274,TRUE
3356,6,-11.4072222222222,4.42690381727538,1.80727591545063,-16.0529728624626,-6.76147158198185,TRUE
3357,6,-4.59944444444445,7.3978379474206,3.02015469516315,-12.3629992446426,3.16411035575368,FALSE
3358,6,-13.3622222222222,7.59437559913524,3.10039085548744,-21.3320306387112,-5.39241380573329,TRUE
3359,6,-14.6655555555556,7.63780557975091,3.11812107082866,-22.6809409415426,-6.65017016956855,TRUE
3360,6,-9.285,7.48156927982952,3.05433786847736,-17.136425444604,-1.43357455539597,TRUE
3361,6,-16.2,15.1660826261175,6.19152730514615,-32.115827625455,-0.28417237454504,TRUE
3362,6,-14.8361111111111,9.9292670461658,4.05360629715636,-25.2562378274022,-4.41598439481999,TRUE
3363,6,-19.7272222222222,9.45845757138179,3.8613991339416,-29.6532646960743,-9.80117974837017,TRUE
3364,6,-15.6855555555556,8.2404928834969,3.36416713226724,-24.3334224778064,-7.03768863330468,TRUE
3365,6,-13.0333333333333,10.7386016056302,4.38401574747104,-24.3028045809259,-1.7638620857407,TRUE
3366,6,-12.5966666666667,7.48900171362423,3.05737214686803,-20.455891972186,-4.7374413611473,TRUE
3367,6,-20.7327777777778,5.82234103992416,2.37696077604663,-26.8429499727032,-14.6226055828523,FALSE
3368,6,-15.7316666666667,8.73986822936516,3.56803626351776,-24.9035958745571,-6.55973745877625,TRUE
3369,6,-10.9811111111111,9.85173231617818,4.02195287618734,-21.3198701184235,-0.642352103798711,TRUE
3370,6,-7.65722222222223,12.8977149426067,5.26547007620942,-21.1925439562127,5.87809951176825,TRUE
3371,6,-10.7672222222222,8.08357770535539,3.30010677904313,-19.2504167640908,-2.28402768035368,TRUE
3372,6,-11.7783333333333,11.4656931272771,4.68084961819413,-23.8108403372084,0.254173670541675,TRUE
3373,6,-9.99055555555556,12.1493947570635,4.95996963974181,-22.7405634167834,2.75945230567232,TRUE
3374,6,-16.34,5.58098637239771,2.27842814563348,-22.196886004968,-10.483113995032,TRUE
3375,6,-16.2366666666667,10.2844294391516,4.19860073692988,-27.0295134561079,-5.44381987722547,TRUE
3376,6,-21.1772222222222,13.962277817457,5.70007604995834,-35.8297341779907,-6.52471026645373,TRUE
3377,6,-9.48333333333333,8.18909410266009,3.34318366785868,-18.0772605431268,-0.889406123539809,TRUE
3378,6,-15.7105555555556,8.30132878698522,3.38900328586517,-24.4222658431123,-6.99884526799877,TRUE
3379,6,-23.9472222222222,11.2283152820926,4.58394051870357,-35.7306164552389,-12.1638279892055,TRUE
3380,6,-15.3727777777778,8.84809167540076,3.6122183003499,-24.6582805270103,-6.08727502854524,TRUE
3381,6,-19.9616666666667,7.77023802009236,3.17218638820002,-28.1160313754264,-11.8073019579069,TRUE
3382,6,-18.0916666666667,9.66610613317368,3.94617130431042,-28.2356229418363,-7.94771039149705,TRUE
3383,6,-11.0177777777778,3.74522609711596,1.52898215154824,-14.9481515235598,-7.08740403199574,TRUE
3384,6,-14.4794444444444,8.07083237251184,3.29490351869836,-22.9492635797846,-6.00962530910426,TRUE
3385,6,-12.2055555555556,13.1677958446889,5.37573014277142,-26.0243098138464,1.61319870273526,TRUE
3386,6,-9.92222222222222,12.4619304134484,5.08756178716992,-23.0002161399986,3.1557716955542,TRUE
3387,6,-13.1255555555556,12.1181242895217,4.94720352482586,-25.8427470736689,-0.408364037442256,TRUE
3388,6,-12.4433333333333,11.8748350163978,4.84788109498481,-24.905208417426,0.0185417507592991,TRUE
3389,6,-14.8755555555555,8.60193948845043,3.51172709083349,-23.9027374269641,-5.84837368414703,TRUE
3390,6,-9.04444444444444,7.90603866720923,3.22762677022936,-17.3413231922096,-0.747565696679336,TRUE
3391,6,-10.1527777777778,12.5861155275992,5.13826014772306,-23.3610959802886,3.05554042473309,TRUE
3392,6,-11.7516666666667,8.57874446913222,3.50225776384955,-20.7545068581346,-2.74882647519876,TRUE
3393,6,-5.36666666666667,8.57783111670232,3.50188488928145,-14.3685483535429,3.63521502020952,TRUE
3394,6,-8.96222222222222,10.0646794212161,4.10888816777831,-19.5244555109741,1.60001106652968,TRUE
3395,6,-12.02,7.80133207998623,3.18488048499527,-20.2069959234014,-3.83300407659858,TRUE
3396,6,-14.2555555555556,9.14863114634379,3.73491302557931,-23.8564551367912,-4.65465597431993,TRUE
3397,6,-11.2544444444444,8.21994530034967,3.35577861657422,-19.8807480006269,-2.628140888262,TRUE
3398,6,-3.27944444444444,5.02326030323674,2.05073743135139,-8.55103283513579,1.99214394624691,FALSE
3399,6,-11.525,12.8069012211732,5.22839552968354,-24.9650185781266,1.9150185781266,TRUE
3400,6,-15.6083333333333,14.6075480869005,5.96350653434581,-30.9380149072211,-0.278651759445543,TRUE
3401,6,-13.895,10.8845988544467,4.44361887471278,-25.3176859638274,-2.47231403617265,TRUE
3402,6,-17.0583333333333,12.8807344079788,5.2585378019764,-30.5758350891008,-3.54083157756588,TRUE
3403,6,-20.8111111111111,12.7757811966699,5.21569083288087,-34.2184712264095,-7.40375099581271,TRUE
3404,6,-18.8305555555555,11.7316632176283,4.78943145289452,-31.1421810513914,-6.51893005971965,TRUE
3405,6,-8.94388888888889,5.49413643671007,2.24297180786211,-14.7096314760236,-3.17814630175421,TRUE
3406,6,-13.3022222222222,7.07806334675953,2.88960726110951,-20.7301941597531,-5.87425028469132,TRUE
3407,6,-6.31333333333334,9.2929646029193,3.793836912483,-16.0657015879287,3.43903492126201,TRUE
3408,6,-13.9838888888889,7.48988456124263,3.05773256789898,-21.8440406861636,-6.12373709161417,TRUE
3409,6,-10.6344444444445,7.00831780946888,2.86113376474311,-17.9892229294188,-3.27966595947006,TRUE
3410,6,-7.93333333333333,12.3910655985136,5.05863134761875,-20.9369591887025,5.07029252203588,TRUE
3411,6,-13.8238888888889,9.80166797974637,4.00151419642584,-24.110108597262,-3.53766918051578,TRUE
3412,6,-14.1022222222222,9.40756543465989,3.84062250612683,-23.9748566740079,-4.22958777043658,TRUE
3413,6,-15.7505555555556,8.63289250268779,3.52436360598059,-24.810220623267,-6.69089048784415,TRUE
3414,6,-9.89333333333333,17.4190245931791,7.11128701171334,-28.1734785536401,8.38681188697344,TRUE
3415,6,-15.9838888888889,5.56138488614588,2.27042587238062,-21.8202043955893,-10.1475733821885,TRUE
3416,6,-4.84833333333334,15.8427147996239,6.467761233253,-21.4742428767662,11.7775762100995,TRUE
3417,6,-9.33222222222223,8.32380005811092,3.39817714388679,-18.0675146625721,-0.596929781872362,TRUE
3418,6,-15.1566666666667,9.23792906085197,3.77136874651926,-24.8512786619556,-5.46205467137778,TRUE
3419,6,-5.54222222222222,14.7920951362043,6.03884755173422,-21.065574046887,9.9811296024426,TRUE
3420,6,-15.9372222222222,7.59594904221006,3.10103321093287,-23.9086818659512,-7.96576257849323,TRUE
3421,6,-11.8911111111111,7.52795461866904,3.07327460376118,-19.791214983462,-3.99100723876024,TRUE
3422,6,-17.3855555555556,12.5634502809922,5.1290070995428,-30.57008804049,-4.20102307062112,TRUE
3423,6,-9.035,15.5412770460546,6.34469978567705,-25.344570021627,7.27457002162703,TRUE
3424,6,-14.9044444444444,5.91529755677474,2.41491011513835,-21.1121685211135,-8.69672036777539,TRUE
3425,6,-12.5761111111111,6.40616939335016,2.61530770325713,-19.2989735877036,-5.85324863451862,TRUE
3426,6,-7.43833333333334,3.1246651376143,1.27563920070307,-10.7174682914863,-4.1591983751804,FALSE
3427,6,-12.3555555555556,9.3945860689765,3.83532370227528,-22.2145689984098,-2.4965421127013,TRUE
3428,6,-9.37833333333333,8.87211455441524,3.62202559963958,-18.6890465479766,-0.0676201186901064,TRUE
3429,6,-11.5772222222222,5.42384956226425,2.21427731152755,-17.2692032582966,-5.88524118614789,TRUE
3430,6,-14.4727777777778,11.2422420493555,4.58962609763033,-26.2707872567087,-2.67476829884688,TRUE
3431,6,-15.0527777777778,8.93364910304274,3.64714697392122,-24.4280675408356,-5.67748801471994,TRUE
3432,6,-14.5005555555555,10.4261036541657,4.25643899301218,-25.4420803154868,-3.55903079562432,TRUE
3433,6,-15.6438888888889,11.2524706258308,4.59380189649027,-27.4526326005184,-3.83514517725936,TRUE
3434,6,-19.2011111111111,7.82731220127933,3.19548682509922,-27.4153714997263,-10.9868507224959,TRUE
3435,6,-15.2811111111111,9.12744619672304,3.72626430611307,-24.8597784511853,-5.70244377103691,TRUE
3436,6,-6.97222222222222,6.19611048845848,2.52955151443839,-13.4746413975439,-0.469803046900578,FALSE
3437,6,-10.5688888888889,9.73405902926344,3.97391295797113,-20.7841573550493,-0.353620422728527,TRUE
3438,6,-18.8927777777778,10.1052897955403,4.12546728367127,-29.497629040695,-8.28792651486054,TRUE
3439,6,-9.11722222222222,10.3017054503216,4.20565363895604,-19.9281990735004,1.69375462905594,TRUE
3440,6,-11.1755555555556,15.3309894826954,6.25885024742988,-27.2644423135667,4.91333120245555,TRUE
3441,6,-9.56111111111111,12.5061555806494,5.10561663607521,-22.6855164955286,3.56329427330639,TRUE
3442,6,-21.4022222222222,15.2417836032207,6.22243209963499,-37.3974931510243,-5.40695129342018,TRUE
3443,6,-14.9105555555556,12.2712131821985,5.00970180355017,-27.7884040137161,-2.032707097395,TRUE
3444,6,-18.3822222222222,11.1248234276458,4.54169014604872,-30.0570084147435,-6.70743602970096,TRUE
3445,6,-18.0677777777778,7.74026059471347,3.15994815553658,-26.1906831079526,-9.94487244760298,TRUE
3446,6,-12.4277777777778,3.84667802809799,1.57039972893591,-16.4646187956686,-8.39093675988694,TRUE
3447,6,-10.7694444444444,9.170483185299,3.74383408312592,-20.3932763341641,-1.14561255472482,TRUE
3448,6,-17.915,12.0399395993317,4.91528475871534,-30.5501417177337,-5.27985828226633,TRUE
3449,6,-12.3883333333333,13.3021795624293,5.43059206580509,-26.3481146544426,1.57144798777592,TRUE
3450,6,-6.20055555555556,5.09426667568189,2.07972566151416,-11.5466605641506,-0.854450546960545,FALSE
3451,6,-9.51111111111111,7.01963268005976,2.86575304131866,-16.8777638245444,-2.14445839767784,TRUE
3452,6,-22.0838888888889,15.8612199918427,6.47531594634102,-38.7292184405593,-5.43855933721851,TRUE
3453,6,-9.21555555555555,3.68343117014356,1.50375447825242,-13.081079502608,-5.35003160850313,FALSE
3454,6,-18.3138888888889,9.48759012058892,3.87329244735226,-28.2705040981599,-8.35727367961783,TRUE
3455,6,-17.6927777777778,6.06506111232989,2.47605083066753,-24.0576690672039,-11.3278864883516,TRUE
3456,6,-15.7994444444444,10.7941262662548,4.4066835952496,-27.1271852497896,-4.47170363909928,TRUE
3457,6,-17.5461111111111,10.2802813227107,4.19690727548422,-28.3346047193207,-6.75761750290149,TRUE
3458,6,-17.4077777777778,5.55878670481515,2.26936516929403,-23.2413666603907,-11.5741888951648,TRUE
3459,6,-8.77777777777778,12.875096662708,5.25623620210752,-22.2893630827294,4.73380752717381,TRUE
3460,6,-11.5172222222222,9.12332283927461,3.72458095248378,-21.091562364034,-1.94288208041043,TRUE
3461,6,-20.6533333333333,7.93071693550533,3.23770163107286,-28.9761103353793,-12.3305563312874,TRUE
3462,6,-10.5488888888889,13.46485823941,5.4970053575774,-24.6793910114728,3.58161323369507,TRUE
3463,6,-15.5872222222222,11.2200214728784,4.58055458527043,-27.361912636259,-3.81253180818542,TRUE
3464,6,-15.9216666666667,10.3291431827083,4.21685504629712,-26.7614376521894,-5.08189568114397,TRUE
3465,6,-19.405,8.76682883246719,3.57904288364403,-28.6052226256588,-10.2047773743412,TRUE
3466,6,-12.3777777777778,7.46012858592387,3.04558474184402,-20.2067025940531,-4.54885296150244,TRUE
3467,6,-16.0233333333333,6.75176190996756,2.75639525736328,-23.1088729137455,-8.93779375292119,TRUE
3468,6,-13.0361111111111,11.5991987111499,4.73535304457758,-25.2087236328273,-0.863498589394871,TRUE
3469,6,-12.0138888888889,7.12642669276878,2.9093515144389,-19.4926150453865,-4.53516273239125,TRUE
3470,6,-16.1438888888889,8.41387806389385,3.43495133575606,-24.9737123988781,-7.31406537889966,TRUE
3471,6,-4.57,10.5438599299413,4.30451279128897,-15.6351023925516,6.4951023925516,TRUE
3472,6,-11.5861111111111,19.0401334515242,7.77310193178858,-31.5675057435164,8.39528352129414,TRUE
3473,6,-11.9611111111111,20.4707963984107,8.35716763408498,-33.4438944286577,9.52167220643546,TRUE
3474,6,-11.9811111111111,12.4274137233719,5.07347040745372,-25.02288198415,1.06065976192779,TRUE
3475,6,-16.7761111111111,3.19659013927631,1.3050024596732,-20.1307267294077,-13.4214954928145,TRUE
3476,6,-14.9733333333333,14.7123284659121,6.00628294495146,-30.4129751713177,0.466308504651082,TRUE
3477,6,-6.54055555555555,10.9294052733728,4.46191101864118,-18.0102629723001,4.92915186118899,TRUE
3478,6,-19.2077777777778,7.39621094184694,3.01949047291913,-26.9696251403406,-11.4459304152149,TRUE
3479,6,-19.8072222222222,8.39228995809492,3.42613802846929,-28.6143904045882,-11.0000540398562,TRUE
3480,6,-14.2844444444444,8.62832767797553,3.52250002409554,-23.3393190224129,-5.22956986647595,TRUE
3481,6,-7.03555555555556,11.8641337496519,4.84351232113001,-19.486200348933,5.41508923782194,TRUE
3482,6,-14.2422222222222,9.57555259018546,3.90920297519003,-24.2911483820611,-4.1932960623833,TRUE
3483,6,-14.2905555555556,11.4570976384203,4.67734052456265,-26.3140421470819,-2.26706896402917,TRUE
3484,6,-9.33166666666666,12.0813944651361,4.93220863681141,-22.0103125980226,3.34697926468929,TRUE
3485,6,-16.0966666666667,6.81199693351533,2.78098610275271,-23.2454190275598,-8.94791430577352,TRUE
3486,6,-14.1877777777778,5.19471169841308,2.12073217032977,-19.6392933730771,-8.7362621824785,TRUE
3487,6,-13.3461111111111,11.5026198787091,4.69592490133864,-25.4173703640045,-1.27485185821775,TRUE
3488,6,-17.115,8.30857863228657,3.39196302281557,-25.8343185335998,-8.39568146640024,TRUE
3489,6,-18.3761111111111,7.29685881174348,2.97893013565045,-26.0336948074438,-10.7185274147784,TRUE
3490,6,-14.7638888888889,5.70734046515407,2.33001198799438,-20.7533753820421,-8.77440239573568,TRUE
3491,6,-13.1877777777778,11.3885054461196,4.64933787931673,-25.1392812780852,-1.23627427747033,TRUE
3492,6,-11.83,14.9858196676428,6.11793526051493,-27.5566532522786,3.89665325227859,TRUE
3493,6,-11.5094444444444,10.1315049702876,4.13616958394605,-22.1418068460476,-0.877082042841309,TRUE
3494,6,-18.095,6.21477227615336,2.53717015736182,-24.6170035204328,-11.5729964795672,TRUE
3495,6,-16.8216666666667,6.17671604585407,2.52163376640064,-23.3037326227033,-10.33960071063,TRUE
3496,6,-22.1061111111111,13.259304727317,5.4130884876666,-36.0208980521989,-8.19132417002332,TRUE
3497,6,-9.63944444444444,18.4741435425199,7.54203751901777,-29.0268690945191,9.7479802056302,TRUE
3498,6,-11.2744444444444,11.8665918849079,4.84451585064602,-23.7276688925673,1.17878000367841,TRUE
3499,6,-15.5494444444444,5.79045744370921,2.36394435239804,-21.6261568571739,-9.472732031715,TRUE
3500,6,-18.4461111111111,9.66925101469525,3.94745519681531,-28.5933677370327,-8.29885448518951,TRUE
3501,6,-7.33555555555555,12.8144374596549,5.23147218616022,-20.7834829309356,6.1123718198245,TRUE
3502,6,-18.7716666666667,11.7067738700482,4.77927041929422,-31.0571723940983,-6.48616093923499,TRUE
3503,6,-16.2188888888889,3.05790971937562,1.24838641532793,-19.427968331986,-13.0098094457918,TRUE
3504,6,-9.56111111111111,11.4879557540673,4.68993829752247,-21.6169813089775,2.49475908675524,TRUE
3505,6,-10.4661111111111,11.272500149906,4.60197891545275,-22.2958745191552,1.36365229693302,TRUE
3506,6,-9.71722222222222,11.3607811579362,4.63801948606153,-21.6396308664193,2.20518642197481,TRUE
3507,6,-10.2644444444444,12.3088697317859,5.02507502554396,-23.1818110278174,2.65292213892855,TRUE
3508,6,-10.7133333333333,8.12165910800661,3.31565344657396,-19.2364918563613,-2.19017481030537,TRUE
3509,6,-13.3605555555556,13.1020363839904,5.3488839553594,-27.110299492129,0.389188381017846,TRUE
3510,6,-16.005,5.61269701460695,2.29137396110492,-21.8951642830663,-10.1148357169337,TRUE
3511,6,-18.4761111111111,19.4072741708036,7.92298650279406,-38.8427962991852,1.89057407696297,TRUE
3512,6,-10.0911111111111,8.00378262425313,3.26753057359571,-18.4905658509825,-1.69165637123967,TRUE
3513,6,-15.6588888888889,7.43061793950967,3.03353707089494,-23.4568441810608,-7.86093359671698,TRUE
3514,6,-3.50166666666666,16.5163258962492,6.74276181188776,-20.8344877023275,13.8311543689942,TRUE
3515,6,-18.8538888888889,17.44333472408,7.12121158109461,-37.1595460269737,-0.548231750804128,TRUE
3516,6,-20.4172222222222,14.7347113106232,6.01542070304047,-35.8803534151687,-4.95409102927577,TRUE
3517,6,-9.7261111111111,8.14387661352357,3.32472370521963,-18.2725854762582,-1.17963674596405,TRUE
3518,6,-15.1377777777778,4.70092079238699,1.91914287709802,-20.0710915976368,-10.2044639579188,TRUE
3519,6,-11.8877777777778,6.61627880195395,2.70108451013,-18.8311365560366,-4.944418999519,TRUE
3520,6,-16.6388888888889,17.0899125108828,6.9769275667449,-34.5736521605136,1.29587438273582,TRUE
3521,6,-14.8783333333333,20.2496072664248,8.26686754908255,-36.1289928926162,6.37232622594956,TRUE
3522,6,-15.8061111111111,9.22283697415561,3.76520742792594,-25.4848849327404,-6.12733728948177,TRUE
3523,6,-6.62277777777778,10.5082004837844,4.28995488335653,-17.6504578766334,4.40490232107782,TRUE
3524,6,-16.6583333333333,4.1371105053326,1.68896829126212,-20.9999645438174,-12.3167021228492,TRUE
3525,6,-10.725,8.46764843389237,3.45690299738557,-19.6112520526361,-1.83874794736393,TRUE
3526,6,-6.76166666666666,9.04573656481328,3.69290648857148,-16.254585006892,2.73125167355867,TRUE
3527,6,-17.4388888888889,8.03491565790392,3.2802405813606,-25.8710157438516,-9.00676203392622,TRUE
3528,6,-19.9772222222222,10.0751545710043,4.1131646297717,-30.5504485064951,-9.40399593794933,TRUE
3529,6,-10.3527777777778,6.80964721444401,2.78002683395878,-17.4990642597337,-3.20649129582182,TRUE
3530,6,-17.9022222222222,5.42015074274454,2.2127672747819,-23.590321585267,-12.2141228591774,TRUE
3531,6,-17.6483333333333,3.59621390415593,1.46814817851403,-21.422328373044,-13.8743382936226,TRUE
3532,6,-9.78277777777778,8.31069068306778,3.39282526393638,-18.5043127727406,-1.06124278281495,TRUE
3533,6,-15.6444444444445,13.2245901707836,5.3989163293076,-29.5228006926828,-1.76608819620606,TRUE
3534,6,-18.8966666666667,7.8268730807534,3.1953075548952,-27.1104662265518,-10.6828671067816,TRUE
3535,6,-19.265,7.39927015920414,3.02073939317537,-27.0300578142877,-11.4999421857123,TRUE
3536,6,-15.0472222222222,8.60765354958188,3.51405984652201,-24.0804006330306,-6.01404381141383,TRUE
3537,6,-20.7183333333333,6.10638454588492,2.49292105177247,-27.126590906695,-14.3100757599716,FALSE
3538,6,-21.4572222222222,7.51898261931956,3.06961180036471,-29.3479105586946,-13.5665338857498,TRUE
3539,6,-17.8083333333333,4.25076973421678,1.73536947714953,-22.2692425894116,-13.3474240772551,TRUE
3540,6,-17.1877777777778,13.1489936525224,5.36805417996245,-30.9868003455008,-3.38875521005471,TRUE
3541,6,-15.595,9.53762881083832,3.89372065710363,-25.6041275941925,-5.58587240580751,TRUE
3542,6,-15.8527777777778,9.91939792453076,4.04957724512048,-26.2625474860906,-5.44300806946493,TRUE
3543,6,-13.0883333333333,11.3608700273253,4.63805576683768,-25.0108352402345,-1.16583142643213,TRUE
3544,6,-13.64,6.46823864055055,2.64064736731706,-20.4280001567461,-6.8519998432539,TRUE
3545,6,-23.8088888888889,11.7250055042236,4.78671345277867,-36.1135275429977,-11.5042502347801,TRUE
3546,6,-17.2972222222222,9.70089650305388,3.96037441333861,-27.4776887514693,-7.11675569297516,TRUE
3547,6,-14.7427777777778,6.95283968099579,2.83848491363584,-22.0393355374978,-7.44622001805777,TRUE
3548,6,-11.2055555555556,8.13340018187465,3.3204467199088,-19.7410355799513,-2.67007553115982,TRUE
3549,6,-17.9705555555556,5.54057815541811,2.26193156013087,-23.7850357374805,-12.1560753736306,TRUE
3550,6,-13.6283333333333,8.70247416926168,3.55277020240701,-22.7610198818307,-4.49564678483593,TRUE
3551,6,-14.2627777777778,11.6424356780924,4.7530044624167,-26.4807647135645,-2.04479084199105,TRUE
3552,6,-17.3522222222222,5.87461721369209,2.39830243461938,-23.5172548970171,-11.1871895474273,TRUE
3553,6,-13.8811111111111,12.0610468804267,4.92390177013873,-26.5384035618872,-1.22381866033501,TRUE
3554,6,-8.12055555555555,7.38799970422506,3.01613824919741,-15.8737857527103,-0.367325358400786,TRUE
3555,6,-15.9366666666667,9.79425545919648,3.99848804758332,-26.2151074117933,-5.65822592154007,TRUE
3556,6,-9.04277777777778,15.4424979868567,6.30437340362591,-25.2486855342072,7.16312997865165,TRUE
3557,6,-9.26222222222222,7.76227906586051,3.16893715874099,-17.4082345207547,-1.11620992368969,TRUE
3558,6,-12.5116666666667,6.80351828917297,2.77752471069449,-19.6515212360089,-5.3718120973244,TRUE
3559,6,-23.4,14.0037820288346,5.7170200733003,-38.0960679543939,-8.70393204560607,TRUE
3560,6,-15.8477777777778,17.4851690382534,7.13829036833863,-34.1973373361267,2.50178178057116,TRUE
3561,6,-12.1855555555556,10.8183855165725,4.41658739271973,-23.5387548827813,-0.832356228329873,TRUE
3562,6,-14.9127777777778,13.4882553713578,5.50655719669684,-29.0678336844991,-0.757721871056455,TRUE
3563,6,-11.2472222222222,3.31152426579709,1.35192412034126,-14.7224538091301,-7.77199063531437,TRUE
3564,6,-13.9138888888889,12.3642483559417,5.04768325418383,-26.8893717741395,-0.938406003638331,TRUE
3565,6,-17.1083333333333,5.88576691878147,2.40285428266129,-23.2850669060234,-10.9315997606433,TRUE
3566,6,-19.6388888888889,7.09465171540949,2.89637943425244,-27.0842692516888,-12.193508526089,TRUE
3567,6,-12.4072222222222,11.4554374118275,4.67666273989434,-24.4289665127918,-0.385477931652684,TRUE
3568,6,-12.0133333333333,8.98284364775431,3.66723056269987,-21.4402496049,-2.58641706176671,TRUE
3569,6,-9.49166666666667,9.35064127331502,3.8173833145717,-19.3045628747658,0.321229541432475,TRUE
3570,6,-9.36611111111112,8.76795413021929,3.57950228452759,-18.5675146643364,-0.164707557885794,TRUE
3571,6,-6.325,7.29853950382464,2.97961627531938,-13.9843474745023,1.33434747450234,FALSE
3572,6,-13.0344444444444,8.35853221210164,3.41235648637763,-21.8061860450425,-4.26270284384636,TRUE
3573,6,-13.4405555555556,10.5901833824573,4.32342426158699,-24.5542714301404,-2.32683968097069,TRUE
3574,6,-17.4483333333333,12.1853292026838,4.97463981573504,-30.236052082495,-4.66061458417166,TRUE
3575,6,-15.9461111111111,11.519898420977,4.70297883668124,-28.0355030820659,-3.85671914015632,TRUE
3576,6,-12.1238888888889,5.35449444305816,2.18596320267675,-17.7430861910591,-6.50469158671866,TRUE
3577,6,-17.7811111111111,7.32049138200941,2.98857809206078,-25.4634956689432,-10.098726553279,TRUE
3578,6,-15.1094444444444,16.4882917943702,6.73131693772098,-32.4128454944611,2.19395660557216,TRUE
3579,6,-11.5583333333333,14.1772430715958,5.78783524746963,-26.4364374881344,3.31977082146771,TRUE
3580,6,-15.69,8.32874113470271,3.40019432995844,-24.4304777822247,-6.94952221777526,TRUE
3581,6,-13.4788888888889,10.3261839066557,4.21564692690762,-24.3155543046537,-2.64222347312411,TRUE
3582,6,-2.70777777777778,9.58283179363935,3.91217469755602,-12.7643429931513,7.34878743759572,FALSE
3583,6,-9.74666666666666,11.5423126895013,4.71212942348825,-21.859580969853,2.36624763651966,TRUE
3584,6,-12.2888888888889,18.3247458271494,7.48104615711855,-31.5195302519347,6.94175247415692,TRUE
3585,6,-15.1122222222222,9.94737858637846,4.06100030248584,-25.5513558343059,-4.67308861013853,TRUE
3586,6,-13.3011111111111,6.78870292525807,2.77147636370363,-20.425417909543,-6.17680431267916,TRUE
3587,6,-16.1372222222222,9.0933053314981,3.71232635625003,-25.6800609215525,-6.59438352289195,TRUE
3588,6,-9.43333333333334,4.15514620681391,1.69633133555918,-13.7938918517425,-5.07277481492421,FALSE
3589,6,-10.99,12.7949370195141,5.22351116480944,-24.4174629185026,2.43746291850264,TRUE
3590,6,-17.1255555555556,7.4012877758361,3.02156308171617,-24.8927307286444,-9.35838038246667,TRUE
3591,6,-10.9694444444444,7.6784473015684,3.13471298428216,-19.0274807017735,-2.91140818711541,TRUE
3592,6,-11.31,18.3337949032805,7.48474042697937,-30.5501377860459,7.93013778604594,TRUE
3593,6,-19.8083333333333,12.3623544593163,5.04691007412419,-32.7818286959669,-6.83483797069975,TRUE
3594,6,-12.3605555555556,6.10318729723946,2.49161578047878,-18.7654578222391,-5.95565328887202,TRUE
3595,6,-13.625,6.31554158845902,2.57830905684183,-20.2527544281742,-6.9972455718258,TRUE
3596,6,-14.7238888888889,4.6213126642482,1.88664299487833,-19.5736591018536,-9.87411867592417,TRUE
3597,6,-10.3711111111111,8.89204530069599,3.63016229273637,-19.7027403612311,-1.03948186099113,TRUE
3598,6,-14.3122222222222,12.6558256531513,5.16671918730773,-27.5936967149491,-1.03074772949535,TRUE
3599,6,-17.7816666666667,11.4298542325691,4.66621845069748,-29.7765630571406,-5.78677027619269,TRUE
3600,6,-19.1544444444444,8.96532398043006,3.66007818846525,-28.5629749527219,-9.74591393616702,TRUE
3601,6,-20.4966666666667,5.11309256277995,2.08741129773841,-25.862528232135,-15.1308051011983,FALSE
3602,6,-12.6433333333333,7.20508215698397,2.94146247324039,-20.2046033372509,-5.08206332941571,TRUE
3603,6,-10.2816666666667,5.86443698159603,2.39414637226964,-16.4360158430776,-4.12731749025578,TRUE
3604,6,-15.2294444444444,8.06584662957658,3.29286809766835,-23.694031363457,-6.76485752543187,TRUE
3605,6,-13.8561111111111,4.35347392150052,1.7772982860316,-18.4248018016915,-9.28742042053073,TRUE
3606,6,-12.9433333333333,10.9138537851872,4.45556215017522,-24.3967204641224,-1.48994620254422,TRUE
3607,6,-18.4188888888889,7.4431903753003,3.03866974631343,-26.2300381432598,-10.607739634518,TRUE
3608,6,-14.1288888888889,12.1159732340166,4.94632536009321,-26.8438230126917,-1.41395476508603,TRUE
3609,6,-11.8688888888889,6.71256191088077,2.74039192474992,-18.9132905931755,-4.82448718460231,TRUE
3610,6,-14.1211111111111,7.99170366113555,3.26259935755238,-22.507889756594,-5.73433246562825,TRUE
3611,6,-19.5677777777778,12.0076687841408,4.90211025358178,-32.1690533519216,-6.96650220363393,TRUE
3612,6,-9.74277777777777,8.85390495560931,3.61459156205703,-19.0343811904458,-0.451174365109688,TRUE
3613,6,-18.7472222222222,6.97529048910563,2.84765041766622,-26.0673406601172,-11.4271037843273,TRUE
3614,6,-13.6738888888889,8.85530033788094,3.61516122448396,-22.9669566654441,-4.38082111233368,TRUE
3615,6,-18.8633333333333,9.61699098239962,3.92612012797103,-28.9557464188218,-8.77092024784488,TRUE
3616,6,-9.30611111111111,10.9111574733118,4.45446138546153,-20.7566686361219,2.14444641389967,TRUE
3617,6,-15.6361111111111,7.3311598041561,2.99293345716412,-23.3296914913654,-7.94253073085684,TRUE
3618,6,-10.1533333333333,8.94359708891724,3.65120822214805,-19.5390628673131,-0.767603799353601,TRUE
3619,6,-14.4666666666667,10.7371345235951,4.38341681373822,-25.734598306085,-3.1987350272484,TRUE
3620,6,-8.01777777777778,13.5578511353167,5.53496954835657,-22.2458699595833,6.21031440402775,TRUE
3621,6,-22.2422222222222,11.9872609542458,4.89377879191505,-34.8220810923413,-9.66236335210317,TRUE
3622,6,-15.2511111111111,10.7724582290346,4.39783765609677,-26.5561127059508,-3.94610951627138,TRUE
3623,6,-10.0455555555556,7.37883720639766,3.01239767512299,-17.7891703009398,-2.30194081017133,TRUE
3624,6,-12.4266666666667,2.59118591468162,1.05784721994281,-15.14594951513,-9.7073838182033,TRUE
3625,6,-13.455,18.8414751427683,7.69200001685253,-33.2279155230353,6.31791552303533,TRUE
3626,6,-19.2033333333333,10.0452171040086,4.10094271004986,-29.7451421727727,-8.661524493894,TRUE
3627,6,-5.93,11.7511103967053,4.79737073050707,-18.2620340586548,6.40203405865479,TRUE
3628,6,-11.9483333333333,7.65204627679565,3.12393481105219,-19.9786634143361,-3.91800325233061,TRUE
3629,6,-12.9461111111111,2.94527826768101,1.20240481772114,-16.0369910946267,-9.85523112759555,TRUE
3630,6,-13.8133333333333,7.09961344800625,2.8984050531028,-21.2639207151559,-6.36274595151076,TRUE
3631,6,-15.9316666666667,16.824558604083,6.86859728792595,-33.58795809131,1.72462475797663,TRUE
3632,6,-11.8477777777778,5.15753113489462,2.10555326883488,-17.2602747646094,-6.43528079094619,TRUE
3633,6,-13.6105555555556,10.7068298901354,4.37104499893516,-24.8466844325672,-2.37442667854389,TRUE
3634,6,-11.4633333333333,9.82736021975835,4.01200300948892,-21.7765153940438,-1.15015127262288,TRUE
3635,6,-12.1655555555556,12.8984100082429,5.26575383556715,-25.7016067161967,1.37049560508561,TRUE
3636,6,-15.0994444444444,9.67778772164306,3.95094029283294,-25.2556597948844,-4.94322909400447,TRUE
3637,6,-16.8172222222222,8.89304157858933,3.63056902148315,-26.1498970018707,-7.48454744257374,TRUE
3638,6,-6.43666666666666,8.8691224669261,3.62080408503722,-15.7442398780611,2.87090654472778,TRUE
3639,6,-11.7072222222222,6.23409885376535,2.54506019963243,-18.2495077419983,-5.16493670244617,TRUE
3640,6,-11.7033333333333,15.2103032331523,6.20958029237141,-27.6655676398285,4.25890097316185,TRUE
3641,6,-12.855,10.7407667324079,4.38489965677665,-24.126743408798,-1.58325659120204,TRUE
3642,6,-12.685,7.16838855283699,2.92648237207643,-20.2077624279695,-5.16223757203047,TRUE
3643,6,-11.1227777777778,5.84560135359786,2.38645675933957,-17.2573601748676,-4.98819538068798,TRUE
3644,6,-28.0233333333333,12.3655701220948,5.04822286295624,-41.0002033270926,-15.0464633395741,FALSE
3645,6,-10.9527777777778,13.5017397095776,5.51206215472312,-25.1219846296074,3.21642907405184,TRUE
3646,6,-13.5927777777778,12.0336046906923,4.91269854309306,-26.2212714166098,-0.964284138945773,TRUE
3647,6,-16.2461111111111,9.71942211740473,3.96793746372714,-26.4460190803089,-6.0462031419133,TRUE
3648,6,-12.6305555555556,8.19122332924879,3.34405292097353,-21.2267172516167,-4.03439385949445,TRUE
3649,6,-16.6011111111111,8.25981319849753,3.37205461783747,-25.2692534604977,-7.93296876172456,TRUE
3650,6,-16.3188888888889,14.0993378357782,5.75603056812892,-31.1152365126885,-1.5225412650893,TRUE
3651,6,-15.235,8.3022151662473,3.38936514868362,-23.9476404855449,-6.52235951445512,TRUE
3652,6,-14.9844444444444,4.61764329822363,1.88514498247171,-19.8303638939272,-10.1385249949617,TRUE
3653,6,-13.56,14.8707801484059,6.07097057345065,-29.1659266807948,2.04592668079481,TRUE
3654,6,-15.0938888888889,10.2180984133637,4.17152120904723,-25.8171255358373,-4.37065224194045,TRUE
3655,6,-11.6766666666667,14.1631711766037,5.78209042039552,-26.5400032733421,3.18666994000878,TRUE
3656,6,-12.8833333333333,4.28727522896407,1.75027278297265,-17.3825527566514,-8.38411391001522,TRUE
3657,6,-18.1833333333333,14.64291197512,5.97794378125555,-33.5501270318839,-2.81653963478276,TRUE
3658,6,-13.5338888888889,8.58241028477993,3.50375432682088,-22.5405761179468,-4.52720165983098,TRUE
3659,6,-14.63,8.21913025947529,3.35544587753059,-23.2554482232409,-6.0045517767591,TRUE
3660,6,-9.25444444444444,13.148479196667,5.36784415423898,-23.0529271238577,4.54403823496884,TRUE
3661,6,-8.39388888888889,9.01824013791965,3.68168111929829,-17.8579514987622,1.07017372098447,TRUE
3662,6,-17.12,10.3853041468328,4.23978266389175,-28.0187083028459,-6.22129169715412,TRUE
3663,6,-10.8438888888889,11.4216230441633,4.66285808210235,-22.8301471768912,1.14236939911338,TRUE
3664,6,-15.9816666666667,8.51800596123033,3.47746137183328,-24.9207657032282,-7.0425676301051,TRUE
3665,6,-9.05222222222222,10.5084333681026,4.29004995798129,-20.0801467181813,1.97570227373683,TRUE
3666,6,-16.0294444444444,7.19910161576249,2.93902092751067,-23.5844382552584,-8.47445063363052,TRUE
3667,6,-15.8683333333333,11.2348447548983,4.58660616481415,-27.6585798278221,-4.07808683884455,TRUE
3668,6,-15.6755555555555,8.38458338371792,3.42299183265455,-24.4746361841088,-6.8764749270023,TRUE
3669,6,-10.5611111111111,15.9504950346957,6.51176232996685,-27.3001290745047,6.17790685228247,TRUE
3670,6,-17.7138888888889,6.65490609890066,2.71685403807373,-24.6977845292364,-10.7299932485414,TRUE
3671,6,-9.84,9.6897914207571,3.95584078247549,-20.0088124601008,0.328812460100846,TRUE
3672,6,-5.42777777777778,6.96779565546353,2.84459066464452,-12.7400308701336,1.88447531457804,FALSE
3673,6,-8.17,8.36538157461386,3.41515272691401,-16.948929565729,0.608929565728968,TRUE
3674,6,-7.77777777777778,12.3359875822582,5.03614584164037,-20.7236027999139,5.16804724435832,TRUE
3675,6,-11.9027777777778,16.3525926475375,6.67591799300911,-29.0637713068046,5.25821575124907,TRUE
3676,6,-10.9216666666667,9.49031945370298,3.87440669293018,-20.8811461353808,-0.962187197952577,TRUE
3677,6,-16.5333333333333,8.14164056631777,3.32381084277047,-25.0774611108501,-7.98920555581654,TRUE
3678,6,-18.5472222222222,9.25480617881365,3.77825880107507,-28.2595456665988,-8.83489877784561,TRUE
3679,6,-14.905,7.89650576732097,3.22373498014682,-23.1918745828708,-6.6181254171292,TRUE
3680,6,-18.0738888888889,10.4066524485631,4.24849807157748,-28.9950008604219,-7.15277691735593,TRUE
3681,6,-12.405,9.09740982673396,3.71400200941329,-21.9521461029146,-2.85785389708543,TRUE
3682,6,-17.3594444444444,9.6701550985302,3.94782428749536,-27.5076498481639,-7.211239040725,TRUE
3683,6,-11.3961111111111,5.93597147966594,2.42335020881587,-17.6255311392786,-5.16669108294357,TRUE
3684,6,-16.9416666666667,8.07810449438618,3.29787235002161,-25.4191174258795,-8.46421590745388,TRUE
3685,6,-8.58777777777778,6.72473168953946,2.74536021608265,-15.6449508815184,-1.53060467403713,TRUE
3686,6,-19.8716666666667,9.28986706040511,3.79257234604694,-29.6207842497515,-10.1225490835818,TRUE
3687,6,-19.4044444444444,6.27752593398481,2.56278923089186,-25.9923038899394,-12.8165849989495,TRUE
3688,6,-20.9566666666667,13.4207855375326,5.47901275237983,-35.040917325154,-6.87241600817936,TRUE
3689,6,-16.4816666666667,11.5048999705922,4.69685574495203,-28.5553187292444,-4.4080146040889,TRUE
3690,6,-12.0627777777778,9.1276068219603,3.72632988109159,-21.6416136837006,-2.48394187185492,TRUE
3691,6,-13,7.75951000743962,3.16780669537446,-21.1431063499367,-4.85689365006331,TRUE
3692,6,-21.9111111111111,10.5935436661868,4.32479609167506,-33.028353387202,-10.7938688350203,TRUE
3693,6,-15.1244444444444,7.00473480080649,2.85967100758198,-22.4754627924305,-7.77342609645841,TRUE
3694,6,-7.185,13.08921570522,5.34364993516881,-20.9212894593441,6.5512894593441,TRUE
3695,6,-20.0488888888889,9.9651538799886,4.06825703571468,-30.5066765275967,-9.59110125018111,TRUE
3696,6,-19.2633333333333,8.19665297545284,3.34626956475416,-27.865193093633,-10.6614735730337,TRUE
3697,6,-12.945,6.69949044496836,2.73505552113732,-19.9756840420924,-5.9143159579076,TRUE
3698,6,-11.7283333333333,8.65976411020788,3.53533389381268,-20.8161984236776,-2.64046824298904,TRUE
3699,6,-16.0177777777778,3.91659300167131,1.59894239737504,-20.1279900606988,-11.9075654948567,TRUE
3700,6,-14.0238888888889,10.4628715872772,4.27144943884883,-25.0039992282326,-3.04377854954516,TRUE
3701,6,-13.4061111111111,10.5964103810188,4.32596642310446,-24.526361819916,-2.2858604023062,TRUE
3702,6,-5.59111111111111,5.53286691474649,2.25878345930932,-11.3974988422474,0.215276620025191,FALSE
3703,6,-21.6138888888889,16.1361649604121,6.58756175973111,-38.5477554895861,-4.68002228819171,TRUE
3704,6,-11.0122222222222,11.9516350655774,4.87923458376995,-23.5546940150698,1.53024957062532,TRUE
3705,6,-15.0666666666667,10.9262438396937,4.46062036874627,-26.5330563622352,-3.60027697109815,TRUE
3706,6,-22.8977777777778,8.53366839619963,3.48385553413399,-31.8533135318037,-13.9422420237519,TRUE
3707,6,-22.4872222222222,16.6439442997101,6.7948618069324,-39.9539705587816,-5.02047388566285,TRUE
3708,6,-11.7338888888889,7.85721364710775,3.20769403924107,-19.9795289204409,-3.48824885733691,TRUE
3709,6,-12.2322222222222,5.74314496370012,2.34462911331672,-18.2592832322183,-6.20516121222619,TRUE
3710,6,-13.6988888888889,9.7760563888778,3.99105830823769,-23.9582308810101,-3.43954689676769,TRUE
3711,6,-15.415,9.95347348639882,4.06348853499971,-25.8605298173867,-4.96947018261334,TRUE
3712,6,-10.7988888888889,14.5196705911007,5.92763069691528,-26.0363486867395,4.43857090896175,TRUE
3713,6,-18.0527777777778,10.3724437100675,4.2345324125677,-28.9379898799375,-7.16756567561803,TRUE
3714,6,-11.7616666666667,13.3976947851321,5.46958599218679,-25.8216850666329,2.29835173329951,TRUE
3715,6,-22.5938888888889,8.097711176394,3.30587674443297,-31.0919155989808,-14.095862178797,FALSE
3716,6,-17.1488888888889,13.2225070184081,5.39806588591154,-31.0250590027811,-3.27271877499663,TRUE
3717,6,-13.7583333333333,5.91433315485919,2.41451639970501,-19.965045332261,-7.55162133440565,TRUE
3718,6,-19.1411111111111,6.35741794779633,2.59540500895213,-25.812812083243,-12.4694101389792,TRUE
3719,6,-15.4022222222222,6.37602581434433,2.60300163865953,-22.093450952692,-8.71099349175246,TRUE
3720,6,-14.4455555555556,8.401467772999,3.42988485571408,-23.2623552639782,-5.62875584713286,TRUE
3721,6,-5.89611111111111,10.5225092944531,4.29579643085059,-16.9388073858469,5.14658516362473,TRUE
3722,6,-13.6594444444444,8.24535813295824,3.36615336204251,-22.312417132877,-5.00647175601185,TRUE
3723,6,-6.91444444444444,11.2616455609622,4.59754754807279,-18.7328166599946,4.90392777110574,TRUE
3724,6,-11.1866666666667,12.8393042386779,5.2416240061857,-24.6606901262029,2.28735679286954,TRUE
3725,6,-22.1333333333333,9.74878545141793,3.97992499464035,-32.3640562317508,-11.9026104349159,TRUE
3726,6,-10.2961111111111,8.51573143375552,3.47653279988007,-19.2328231774767,-1.35939904474554,TRUE
3727,6,-13.2677777777778,6.79279084084056,2.77314524825175,-20.3963745805149,-6.13918097504069,TRUE
3728,6,-19.3233333333333,11.6118850991368,4.74053224078541,-31.5092594027446,-7.13740726392204,TRUE
3729,6,-16.5433333333333,10.7690354463361,4.39644031091148,-27.8447429380216,-5.24192372864502,TRUE
3730,6,-14.0727777777778,14.4529399418583,5.90038802344054,-29.2402080540401,1.09465249848451,TRUE
3731,6,-17.3872222222222,12.7511741362061,5.20564504251317,-30.7687588112768,-4.00568563316762,TRUE
3732,6,-19.8761111111111,10.4010793065307,4.24622284587021,-30.791374428769,-8.9608477934532,TRUE
3733,6,-14.7905555555556,7.26650899421194,2.96653987452731,-22.4162890717063,-7.16482203940483,TRUE
3734,6,-14.2416666666667,13.301105175469,5.43015344916527,-28.2003204878088,-0.283012845524548,TRUE
3735,6,-7.28222222222223,11.5637259790484,4.72087136233906,-19.4176083946267,4.85316395018222,TRUE
3736,6,-12.7716666666667,10.6040656249279,4.32909166334343,-23.8999510612619,-1.64338227207145,TRUE
3737,6,-10.8455555555556,12.3151984991747,5.02765873401119,-23.769563772983,2.07845266187188,TRUE
3738,6,-10.7288888888889,10.8081174569378,4.41239547492748,-22.0713125483813,0.613534770603563,TRUE
3739,6,-15.205,7.08699928664374,2.89325534329092,-22.6423496313214,-7.76765036867864,TRUE
3740,6,-16.6727777777778,11.3810914174279,4.6463111147779,-28.616500732141,-4.7290548234146,TRUE
3741,6,-10.31,6.96423466322356,2.84313689565019,-17.6185160601858,-3.0014839398142,TRUE
3742,6,-12.2461111111111,9.22092075823394,3.76442513605175,-21.9228739874585,-2.56934823476371,TRUE
3743,6,-24.1466666666667,6.06937521953912,2.47781205756058,-30.5160853339525,-17.7772479993808,FALSE
3744,6,-22.5661111111111,7.21962800416466,2.94740079048525,-30.1426460454726,-14.9895761767496,FALSE
3745,6,-10.9544444444444,6.16428122030159,2.51655727012662,-17.4234608513704,-4.48542803751844,TRUE
3746,6,-9.05611111111111,9.0062031503395,3.67676703969636,-18.5075416772209,0.395319454998647,TRUE
3747,6,-12.6422222222222,7.1878699260681,2.93443560939392,-20.1854290975746,-5.09901534686985,TRUE
3748,6,-14.96,4.10860235765562,1.6773298887087,-19.2717137442845,-10.6482862557155,TRUE
3749,6,-11.4983333333333,6.44440489451465,2.63091728124256,-18.2613215075571,-4.73534515910954,TRUE
3750,6,-18.0205555555556,9.34339562749282,3.81442529205147,-27.8258479246948,-8.21526318641629,TRUE
3751,6,-13.02,9.19229387403746,3.75273825951723,-22.6667208038124,-3.37327919618757,TRUE
3752,6,-14.9983333333333,7.12540049556669,2.90893257118547,-22.4759825619135,-7.52068410475314,TRUE
3753,6,-13.5555555555556,8.41964651320988,3.43730629532796,-22.391432681844,-4.71967842926716,TRUE
3754,6,-16.8572222222222,5.6669683906601,2.31353015759974,-22.8043408215449,-10.9101036228995,TRUE
3755,6,-18.5266666666667,6.47744222496641,2.64440471492098,-25.3243253929136,-11.7290079404198,TRUE
3756,6,-15.2277777777778,10.9193173711479,4.45779264980349,-26.6868985903957,-3.76865696515987,TRUE
3757,6,-14.7933333333333,9.10469939707573,3.71697796404353,-24.3481293711641,-5.23853729550258,TRUE
3758,6,-18.8955555555556,4.70438219661752,1.92055598945774,-23.8325018963781,-13.958609214733,TRUE
3759,6,-15.6383333333333,15.6164381697976,6.37538418595449,-32.0267801169509,0.750113450284276,TRUE
3760,6,-15.1227777777778,15.6089775331259,6.3723383937875,-31.5033951033758,1.25783954782025,TRUE
3761,6,-17.315,16.4447543476805,6.71354284953873,-34.5727113017903,-0.0572886982096819,TRUE
3762,6,-26.8122222222222,9.1557830338515,3.73783277142792,-36.420627249101,-17.2038171953435,FALSE
3763,6,-13.1133333333333,15.5543987347631,6.35005669266031,-29.4366737227467,3.21000705608007,TRUE
3764,6,-15.6927777777778,4.5424552424465,1.8544495872374,-20.4597922018335,-10.9257633537221,TRUE
3765,6,-13.7811111111111,7.43077584304825,3.03360153474462,-21.5792321128841,-5.98299010933816,TRUE
3766,6,-16.7066666666667,4.73925779468098,1.93479389274605,-21.6802127030597,-11.7331206302736,TRUE
3767,6,-0.331666666666663,6.33964518810881,2.58814931019288,-6.98471627136313,6.3213829380298,FALSE
3768,6,-15.6372222222222,7.33112312652681,2.99291848358466,-23.3307641116651,-7.94368033277931,TRUE
3769,6,-14.6444444444444,8.34076699555107,3.40510386709114,-23.3975425936439,-5.89134629524499,TRUE
3770,6,-13.2827777777778,10.5085335517097,4.29009085776761,-24.3108074099846,-2.25474814557093,TRUE
3771,6,-13.9155555555556,8.10308135263416,3.3080691097025,-22.4192179199864,-5.41189319112472,TRUE
3772,6,-10.7638888888889,5.53493407234316,2.25962737286428,-16.5724459688804,-4.95533180889736,TRUE
3773,6,-21.8177777777778,8.99856004941696,3.67364675681089,-31.2611874013801,-12.3743681541755,TRUE
3774,6,-6.74388888888889,6.32755961969074,2.58321539754691,-13.384255467359,-0.103522310418747,FALSE
3775,6,-6.04777777777779,4.36244155219256,1.78095930593113,-10.6258794196118,-1.46967613594376,FALSE
3776,6,-9.77166666666667,15.645547573955,6.38726805043817,-26.1906618964632,6.64732856312986,TRUE
3777,6,-17.4222222222222,11.4663249303082,4.6811075507015,-29.4553922627155,-5.38905218172896,TRUE
3778,6,-9.59888888888889,4.86317804945909,1.98538412491306,-14.7024812571511,-4.49529652062668,TRUE
3779,6,-13.985,11.3786093174869,4.64529780172022,-25.9261181502233,-2.04388184977671,TRUE
3780,6,-14.7916666666667,14.6853509397025,5.99526941599545,-30.2029973271705,0.619663993837152,TRUE
3781,6,-13.6766666666667,6.46326508473508,2.63861692165787,-20.459447396683,-6.89388593665033,TRUE
3782,6,-15.2755555555556,3.63467538924526,1.48385001405045,-19.0899134484823,-11.4611976626288,TRUE
3783,6,-11.5011111111111,9.25680762506207,3.77907588808444,-21.2155349445122,-1.78668727771007,TRUE
3784,6,-13.0316666666667,10.3946487835488,4.24359759585609,-23.9401815643242,-2.12315176900908,TRUE
3785,6,-10.9766666666667,12.4826927294465,5.09603796718224,-24.0764492988183,2.12311596548502,TRUE
3786,6,-15.2483333333333,7.39031460764696,3.01708330456198,-23.003992872642,-7.49267379402471,TRUE
3787,6,-5.96722222222223,13.9168727995379,5.68153952901439,-20.5720845339563,8.63764008951187,TRUE
3788,6,-15.73,3.40506942334188,1.39011377099009,-19.303401209175,-12.156598790825,TRUE
3789,6,-17.2861111111111,5.14909157755755,2.10210783397975,-22.6897513256882,-11.882470896534,TRUE
3790,6,-16.0333333333333,10.168761751342,4.15137960111968,-26.7047943288027,-5.36187233786396,TRUE
3791,6,-8.87333333333333,14.833504867922,6.05575300391656,-24.4401420063013,6.69347533963461,TRUE
3792,6,-17.7294444444444,7.80577063365208,3.18669251694149,-25.9210983442524,-9.53779054463648,TRUE
3793,6,-11.3516666666667,8.85202870658598,3.61382558660077,-20.6413010767403,-2.06203225659298,TRUE
3794,6,-15.8405555555556,7.57351391118832,3.09187410704692,-23.7884709732046,-7.89264013790651,TRUE
3795,6,-14.7494444444444,6.18639489944279,2.52558514183188,-21.2416677343904,-8.25722115449844,TRUE
3796,6,-9.53444444444445,11.6704492280796,4.76444094630883,-21.7818297979878,2.71294090909891,TRUE
3797,6,-16.1738888888889,9.13936939635131,3.73113193197817,-25.7650688595946,-6.58270891818317,TRUE
3798,6,-16.13,12.9719341485977,5.29576994017482,-29.7432100139222,-2.51678998607779,TRUE
3799,6,-20.3005555555556,10.7059896873285,4.37070198757563,-31.535802693797,-9.06530841731412,TRUE
3800,6,-17.0705555555556,13.7432101080524,5.61064203209808,-31.4931700495245,-2.64794106158661,TRUE
3801,6,-17.6022222222222,6.74373311277191,2.75311751463368,-24.6793360967117,-10.5251083477327,TRUE
3802,6,-13.8016666666667,8.6844086986072,3.54539500489589,-22.9153946664078,-4.68793866692557,TRUE
3803,6,-11.4466666666667,8.93331641789443,3.64701115577816,-20.821607298073,-2.07172603526033,TRUE
3804,6,-16.6344444444444,9.77768017628055,3.99172121666894,-26.8954904969377,-6.37339839195118,TRUE
3805,6,-16.6655555555556,11.9077369184291,4.86131324024209,-29.1619590682602,-4.16915204285092,TRUE
3806,6,-8.02333333333334,12.3637401748464,5.04747579012043,-20.998282915231,4.95161624856429,TRUE
3807,6,-13.4666666666667,13.2951205752754,5.42771024636711,-27.4190400350751,0.485706701741734,TRUE
3808,6,-11.5183333333333,10.1039184368134,4.12490742881538,-22.1217454435274,-0.914921223139228,TRUE
3809,6,-12.2761111111111,6.263079617592,2.556891546921,-18.8488100773183,-5.70341214490396,TRUE
3810,6,-20.4105555555556,10.4729529777458,4.27556514927314,-31.4012456653567,-9.41986544575436,TRUE
3811,6,-12.9888888888889,6.71206001385787,2.74018702614833,-20.0327638845521,-5.94501389322572,TRUE
3812,6,-18.645,8.57130788671652,3.49922179179145,-27.6400359768418,-9.64996402315815,TRUE
3813,6,-10.2694444444444,13.0379622498928,5.32272579965111,-23.9519467011004,3.41305781221149,TRUE
3814,6,-13.5527777777778,15.3071918342932,6.2491348981526,-29.6166904354098,2.51113487985428,TRUE
3815,6,-16.7422222222222,15.0699277690028,6.15227224910931,-32.557141513672,-0.927302930772457,TRUE
3816,6,-17.7372222222222,12.1442711535873,4.95787793738161,-30.4818531913574,-4.99259125308704,TRUE
3817,6,-29.8016666666667,8.93387330457637,3.64723850381405,-39.1771917148044,-20.4261416185289,FALSE
3818,6,-14.7255555555556,14.0781055648939,5.74736252983773,-29.4996212775732,0.0485101664620764,TRUE
3819,6,-9.63888888888888,10.8611230576803,4.43403492081562,-21.0369385149146,1.75916073713684,TRUE
3820,6,-19.7072222222222,6.68806346881988,2.73039047765953,-26.7259143882882,-12.6885300561563,TRUE
3821,6,-15.6844444444444,8.61094643570139,3.51540416165099,-24.7210785273048,-6.64781036158411,TRUE
3822,6,-17.4411111111111,8.23827750784691,3.36326270894539,-26.0866531391991,-8.7955690830231,TRUE
3823,6,-8.80833333333333,10.9028662388485,4.45107650316607,-20.2501897413996,2.63352307473296,TRUE
3824,6,-6.32111111111112,9.34589337425604,3.81544499289757,-16.1290247047231,3.48680248250091,TRUE
3825,6,-9.96722222222222,9.27337536934318,3.78583964136405,-19.6990328369445,-0.235411607499904,TRUE
3826,6,-9.53111111111111,9.35168663733783,3.81781008264692,-19.3451043614725,0.282882139250244,TRUE
3827,6,-21.8683333333333,11.6532217290613,4.75740784928562,-34.0976395354206,-9.6390271312461,TRUE
3828,6,-13.0022222222222,14.0641649697483,5.74167130570151,-27.7616581868528,1.75721374240832,TRUE
3829,6,-22.5572222222222,11.0771401075802,4.52222351214833,-34.1819678392382,-10.9324766052063,TRUE
3830,6,-23.2111111111111,10.5808984425639,4.31963370074848,-34.3150830388576,-12.1071391833646,TRUE
3831,6,-14.7261111111111,11.1856943194156,4.56654058355278,-26.4647773868879,-2.98744483533427,TRUE
3832,6,-17.3455555555556,8.51127661573924,3.4747141280406,-26.2775925771256,-8.41351853398551,TRUE
3833,6,-6.96555555555556,10.0237171341367,4.09216538410463,-17.4848015603546,3.5536904492435,TRUE
3834,6,-19.4416666666667,7.09256190980695,2.8955262746878,-26.8848539129868,-11.9984794203465,TRUE
3835,6,-19.6611111111111,12.8799505980189,5.25821781290023,-33.1777903087717,-6.14443191345048,TRUE
3836,6,-15.0911111111111,12.615200296409,5.15013395486821,-28.3299519065891,-1.85227031563309,TRUE
3837,6,-18.3444444444444,8.13160027073164,3.31971190926168,-26.8780355779381,-9.81085331095082,TRUE
3838,6,-21.6116666666667,9.46469386720987,3.86394509105224,-31.5442537316216,-11.6790796017117,TRUE
3839,6,-17.8722222222222,11.4523002379758,4.67538199403252,-29.8906742507433,-5.85377019370114,TRUE
3840,6,-4.70722222222222,7.52474094546093,3.07196262716786,-12.6039535513735,3.18950910692909,FALSE
3841,6,-10.9,7.71376806611256,3.14913262602519,-18.99510312647,-2.80489687352996,TRUE
3842,6,-16.6205555555556,6.3577838265535,2.59555437832926,-23.2926404938951,-9.94847061721604,TRUE
3843,6,-21.9338888888889,11.1959757485877,4.57073795943578,-33.6833448628679,-10.1844329149099,TRUE
3844,6,-14.5172222222222,10.6167083027267,4.33425301494166,-25.6587742934832,-3.37567015096127,TRUE
3845,6,-12.8783333333333,8.58076964949984,3.50308454027251,-21.8832988212562,-3.87336784541043,TRUE
3846,6,-20.765,8.03352634622901,3.2796733972444,-29.1956688617761,-12.3343311382239,TRUE
3847,6,-19.9166666666667,13.5245825567126,5.52138770801528,-34.1098456163964,-5.72348771693696,TRUE
3848,6,-12.4772222222222,11.203631636744,4.57386346268761,-24.2347125580876,-0.719731886356852,TRUE
3849,6,-14.2238888888889,8.07368549098907,3.29606829943918,-22.6967021884439,-5.75107558933386,TRUE
3850,6,-15.0466666666667,13.8045308182173,5.63567610719292,-29.5336332993464,-0.559700033986969,TRUE
3851,6,-18.2783333333333,9.37892359377013,3.82892952354785,-28.120910016497,-8.43575665016964,TRUE
3852,6,-15.7766666666667,11.3677240954868,4.64085392844735,-27.7063614769749,-3.84697185635848,TRUE
3853,6,-19.4888888888889,11.0118501153513,4.49556898443647,-31.0451168611313,-7.9326609166465,TRUE
3854,6,-12.6683333333333,12.1643949934041,4.96609346058441,-25.4340829771839,0.0974163105172305,TRUE
3855,6,-9.10833333333334,12.7216102666989,5.19357564332734,-22.4588445440738,4.2421778774071,TRUE
3856,6,-10.8966666666667,9.48514792246864,3.87229542414469,-20.8507189461906,-0.942614387142726,TRUE
3857,6,-14.2872222222222,10.1070596706057,4.12618983214105,-24.8939308551113,-3.68051358933319,TRUE
3858,6,-17.8238888888889,6.92199374511473,2.82589211304464,-25.0880758241494,-10.5597019536284,TRUE
3859,6,-10.4038888888889,9.92104551315405,4.05024987035932,-20.8153876354229,0.00760985764511268,TRUE
3860,6,-28.735,12.5926816048052,5.14094073751747,-41.9502088779452,-15.5197911220548,FALSE
3861,6,-14.7527777777778,6.73422714089636,2.74923671786629,-21.8199157465892,-7.6856398089663,TRUE
3862,6,-18.5822222222222,7.1564738886213,2.92161823077892,-26.0924809769264,-11.071963467518,TRUE
3863,6,-18.1161111111111,15.4783700572647,6.31901811504538,-34.3596642967036,-1.87255792551865,TRUE
3864,6,-17.2338888888889,13.5002501074226,5.51145402718985,-31.4015324991277,-3.06624527865006,TRUE
3865,6,-15.5216666666667,13.660253739306,5.57677523637425,-29.8572237907167,-1.18610954261661,TRUE
3866,6,-17.935,8.88510707745145,3.62732977495792,-27.2593480313696,-8.6106519686304,TRUE
3867,6,-4.71055555555556,10.8213594168954,4.41780148244255,-16.0668757997696,6.64576468865845,TRUE
3868,6,-13.2527777777778,2.84251798912839,1.16045310967444,-16.2358174626146,-10.269738092941,TRUE
3869,6,-15.8072222222222,8.53057101557991,3.48259103379108,-24.7595074746354,-6.85493696980898,TRUE
3870,6,-10.9822222222222,15.188367283574,6.20062497845635,-26.9214361614349,4.95699171699048,TRUE
3871,6,-10.3183333333333,8.70793322844813,3.55499885398742,-19.4567488131013,-1.17991785356535,TRUE
3872,6,-13.8961111111111,13.3291705862938,5.44161110515563,-27.884217774621,0.0919955523988119,TRUE
3873,6,-14.7988888888889,4.52033069914465,1.84541728025712,-19.5426850286872,-10.0550927490906,TRUE
3874,6,-9.70611111111111,8.32193017585776,3.39741376765356,-18.4394412303821,-0.972780991840132,TRUE
3875,6,-16.0605555555555,2.16753358724884,0.884891881517343,-18.3352425526861,-13.785868558425,TRUE
3876,6,-11.7122222222222,8.74543605841652,3.57030932020957,-20.889994508356,-2.53444993608847,TRUE
3877,6,-13.8833333333333,9.75373956775327,3.98194750416501,-24.1192552579973,-3.6474114086694,TRUE
3878,6,-8.32222222222222,10.591624923425,4.32401276822272,-19.437450901275,2.79300645683058,TRUE
3879,6,-8.57888888888889,5.17976904962059,2.11463185950523,-14.0147231359909,-3.14305464178689,TRUE
3880,6,-17.0422222222222,12.6199670129287,5.15207995873847,-30.2860653799012,-3.79837906454323,TRUE
3881,6,-10.9,11.4909908672451,4.69117737728869,-22.9590553538063,1.1590553538063,TRUE
3882,6,-14.4877777777778,12.0305540034376,4.9114531052366,-27.1130699166786,-1.86248563887701,TRUE
3883,6,-8.67777777777777,11.3710227560461,4.64220060098151,-20.6109343200408,3.25537876448527,TRUE
3884,6,-10.2016666666667,10.7189870479133,4.3760081378149,-21.4505536983303,1.047220364997,TRUE
3885,6,-8.47888888888889,7.84988369812408,3.2047016000993,-16.7168366107388,-0.240941167038997,TRUE
3886,6,-19.6705555555555,9.10944965203513,3.71891724750998,-29.2303366802393,-10.1107744308718,TRUE
3887,6,-25.2155555555556,7.02483172330417,2.86787554183524,-32.5876643302629,-17.8434467808482,FALSE
3888,6,-14.8983333333333,8.18744804902942,3.34251166927795,-23.4905331157817,-6.30613355088502,TRUE
3889,6,-13.0038888888889,7.86576786296634,3.2111862832416,-21.2585060194342,-4.74927175834354,TRUE
3890,6,-13.6083333333333,6.88408752930344,2.81041696524173,-20.8327401347479,-6.38392653191882,TRUE
3891,6,-9.42277777777778,10.7269178376781,4.3792458691784,-20.6799876628731,1.83443210731757,TRUE
3892,6,-9.22055555555556,6.80250555691444,2.77711126448125,-16.3593473275721,-2.08176378353907,TRUE
3893,6,-4.81833333333334,10.1015371217564,4.1239352610143,-15.4192464066368,5.78257973997012,TRUE
3894,6,-8.76722222222222,9.60793871214302,3.92242455411396,-18.8501355326814,1.31569108823698,TRUE
3895,6,-12.1588888888889,7.6226786387483,3.1119455230244,-20.1583995238652,-4.15937825391262,TRUE
3896,6,-12.5722222222222,8.97821602340704,3.66534134297118,-21.9942820998708,-3.15016234457369,TRUE
3897,6,-15.1833333333333,7.55618128127929,3.08479809051731,-23.1130592714227,-7.25360739524394,TRUE
3898,6,-21.9677777777778,17.1888405228078,7.01731475849224,-40.0063596309006,-3.92919592465499,TRUE
3899,6,-10.4977777777778,14.9569552259018,6.10615140151893,-26.1941396561676,5.19858410061202,TRUE
3900,6,-14.6211111111111,8.29038148610697,3.38453406899643,-23.3213329109656,-5.92088931125662,TRUE
3901,6,-17.8761111111111,6.38157083297649,2.6052653830367,-24.5731589817574,-11.1790632404649,TRUE
3902,6,-14.0266666666667,13.1856892121724,5.38303507945719,-27.8641988625124,-0.189134470820941,TRUE
3903,6,-13.4022222222222,6.25976452047935,2.55553816419204,-19.9714422073696,-6.8330022370748,TRUE
3904,6,-10.7983333333333,12.2051121802847,4.98271618252089,-23.6068130442526,2.010146377586,TRUE
3905,6,-10.4344444444444,8.89584139213791,3.63171204057797,-19.7700574482159,-1.09883144067301,TRUE
3906,6,-11.5083333333333,7.05538494106924,2.880348840756,-18.9125057436768,-4.10416092298985,TRUE
3907,6,-9.60944444444445,7.81846060911585,3.1918731777306,-17.8144156567735,-1.40447323211541,TRUE
3908,6,-14.8044444444444,8.10708624645177,3.30970410075703,-23.3123096871815,-6.2965792017074,TRUE
3909,6,-12.4838888888889,6.77216703103934,2.76472561315755,-19.5908423305901,-5.37693544718763,TRUE
3910,6,-20.6944444444444,9.35791184367934,3.82035151249363,-30.5149706482063,-10.8739182406826,TRUE
3911,6,-18.0872222222222,13.7229832222633,5.60238444055325,-32.4886099013599,-3.68583454308454,TRUE
3912,6,-5.97333333333334,7.26376731149584,2.96542058724547,-13.5961896299285,1.64952296326184,FALSE
3913,6,-21.625,13.0380067921102,5.32274398393521,-35.3075490008463,-7.94245099915367,TRUE
3914,6,-18.6244444444445,10.1216423056223,4.13214316795701,-29.2464566142434,-8.00243227464546,TRUE
3915,6,-4.665,6.30234339132852,2.57292091542609,-11.2789037697231,1.94890376972306,FALSE
3916,6,-11.5838888888889,12.3467795921162,5.04055166121554,-24.541039430796,1.37326165301822,TRUE
3917,6,-15.6677777777778,4.31455761433399,1.76141077015969,-20.1956283086445,-11.1399272469111,TRUE
3918,6,-18.1694444444444,9.828506706213,4.01247106062407,-28.4838296689011,-7.85505921998783,TRUE
3919,6,-14.2027777777778,8.25282185185882,3.36920041252418,-22.8635831588308,-5.54197239672475,TRUE
3920,6,-17.7022222222222,12.182725779045,4.97357697248515,-30.4872088458316,-4.91723559861284,TRUE
3921,6,-2.05111111111111,6.37479887845418,2.60250074417987,-8.74105225132988,4.63883002910765,FALSE
3922,6,-7.62722222222222,14.9807189289977,6.11585289268294,-23.3485225775768,8.09407813313235,TRUE
3923,6,-8.45055555555555,7.06694132065843,2.88506671296724,-15.8668556425081,-1.03425546860301,TRUE
3924,6,-9.24388888888889,8.22150173269705,3.35641402741926,-17.8718258206478,-0.615951957130019,TRUE
3925,6,-9.2038888888889,5.52487201125426,2.2555195536262,-15.0018864833629,-3.40589129441487,TRUE
3926,6,-4.54611111111111,9.97318280115156,4.07153482905372,-15.0123245858372,5.920102363615,TRUE
3927,6,-16.5133333333333,11.0564404559314,4.51377291474947,-28.1163559981755,-4.91031066849116,TRUE
3928,6,-8.54166666666667,15.2062153593705,6.20791142488835,-24.4996110127238,7.41627767939046,TRUE
3929,6,-17.9983333333333,11.7359267493738,4.79117203244096,-30.3144331313348,-5.68223353533189,TRUE
3930,6,-16.1244444444445,4.68193581363126,1.9113922919765,-21.0378347509745,-11.2110541379144,TRUE
3931,6,-6.38388888888889,11.533726663171,4.70862419291702,-18.4877927100391,5.7200149322613,TRUE
3932,6,-12.0172222222222,6.49248982086796,2.65054787022338,-18.830672431903,-5.2037720125415,TRUE
3933,6,-18.1644444444444,9.58049538655763,3.91122086335908,-28.2185577509571,-8.11033113793182,TRUE
3934,6,-9.25555555555556,11.0765080070223,4.52196545817615,-20.879637823718,2.3685267126069,TRUE
3935,6,-21.3266666666667,12.8382004623355,5.24117339138084,-34.7995317839706,-7.8538015493627,TRUE
3936,6,-9.25,12.1486299181796,4.95965739557497,-21.9992052120443,3.49920521204432,TRUE
3937,6,-18.0072222222222,5.61907165787163,2.29397639832004,-23.9040762831221,-12.1103681613223,TRUE
3938,6,-14.445,10.6147873271206,4.33346877993446,-25.5845361309966,-3.30546386900341,TRUE
3939,6,-8.85388888888888,10.4987852030957,4.28611111111111,-19.8716882566301,2.16391047885232,TRUE
3940,6,-16.8761111111111,10.2371205623167,4.17928696883825,-27.6193102791183,-6.13291194310395,TRUE
3941,6,-13.9933333333333,10.2502151738932,4.18463282162867,-24.7502744534195,-3.23639221324716,TRUE
3942,6,-5.99111111111111,8.31962703936144,3.39647351611624,-14.7220242368593,2.7398020146371,TRUE
3943,6,-6.76277777777778,15.028600499147,6.13540046184114,-22.5343267593413,9.00877120378571,TRUE
3944,6,-8.40333333333333,10.717383801822,4.37535361533891,-19.6505378614092,2.84387119474254,TRUE
3945,6,-15.4061111111111,11.025662875848,4.50120802029581,-26.976834686504,-3.83538753571821,TRUE
3946,6,-13.4838888888889,11.6833080202611,4.76969052623432,-25.7447687172334,-1.22300906054435,TRUE
3947,6,-21.6961111111111,13.331876156485,5.44271564956092,-35.6870570964059,-7.70516512581631,TRUE
3948,6,-17.1011111111111,8.51402416060745,3.47583580853602,-26.0360315041881,-8.16619071803415,TRUE
3949,6,-19.6333333333333,14.5123377395465,5.92463707280407,-34.863097775421,-4.40356889124568,TRUE
3950,6,-15.8166666666667,6.1020863463063,2.49116631914243,-22.2204135562032,-9.41291977713017,TRUE
3951,6,-15.5833333333333,7.04888706739503,2.87769609493685,-22.9806866434596,-8.18598002320709,TRUE
3952,6,-15.6977777777778,13.0944793569515,5.34579881198981,-29.439591100845,-1.95596445471059,TRUE
3953,6,-14.8811111111111,9.28622077576753,3.7910837565771,-24.6264021531441,-5.13582006907814,TRUE
3954,6,-11.6016666666667,10.6192355343185,4.33528475291865,-22.7458709048304,-0.457462428502929,TRUE
3955,6,-10.4344444444444,11.3735538600478,4.64323391986317,-22.3702572174551,1.50136832856623,TRUE
3956,6,-13.0666666666667,7.18506599366584,2.93329090878412,-20.6069309954243,-5.52640233790907,TRUE
3957,6,-13.5805555555556,8.63744288719929,3.52622129267836,-22.6449959589486,-4.51611515216256,TRUE
3958,6,-16.0627777777778,7.38932936865847,3.01668108242924,-23.8174033721781,-8.3081521833775,TRUE
3959,6,-14.8233333333333,8.89712437938362,3.63223581792772,-24.1602927496459,-5.48637391702073,TRUE
3960,6,-13.0955555555556,10.3830688391496,4.23887010335141,-23.9919180468525,-2.19919306425859,TRUE
3961,6,-14.5205555555556,13.4948013721608,5.50922959033406,-28.6824810688184,-0.358630042292745,TRUE
3962,6,-9.01055555555555,8.73887900684615,3.56763241511548,-18.1814466380787,0.160335526967616,TRUE
3963,6,-13.5622222222222,12.1162136855568,4.94642352402343,-26.277408684441,-0.84703576000344,TRUE
3964,6,-14.4083333333333,13.8319568391461,5.64687273335133,-28.9240818098362,0.10741514316957,TRUE
3965,6,-7.88333333333334,10.5490785274249,4.30664327479028,-18.9539123080745,3.18724564140784,TRUE
3966,6,-17.0344444444444,3.88356861471317,1.58546024785577,-21.1099997587059,-12.958889130183,TRUE
3967,6,-12.8416666666667,18.7033268282529,7.63560120362115,-32.469604424858,6.78627109152464,TRUE
3968,6,-14.1377777777778,12.0286490728809,4.91067542059336,-26.7610708146608,-1.51448474089478,TRUE
3969,6,-7.47777777777778,3.7569861837895,1.53378318682842,-11.4204929776433,-3.53506257791227,FALSE
3970,6,-7.24555555555555,7.8297630634413,3.19648738538701,-15.462387966272,0.971276855160908,TRUE
3971,6,-19.1422222222222,12.8991375537138,5.26605085476188,-32.6790368950102,-5.60540754943426,TRUE
3972,6,-13.4061111111111,15.38092359843,6.27923576481433,-29.5474005098207,2.7351782875985,TRUE
3973,6,-14.1833333333333,11.0026461463696,4.49181147983421,-25.7299023324978,-2.63676433416886,TRUE
3974,6,-11.0477777777778,7.76967600258757,3.17195694551448,-19.2015526853377,-2.89400287021782,TRUE
3975,6,-17.0844444444445,10.9268569571933,4.46087067291732,-28.5514775673685,-5.61741132152044,TRUE
3976,6,-25.1266666666667,7.6957006756298,3.14175664474746,-33.2028092296442,-17.0505241036891,FALSE
3977,6,-6.50888888888888,7.43804414753911,3.03656880762758,-14.3146375084362,1.29685973065841,TRUE
3978,6,-18.6727777777778,7.177191780345,2.93007627465714,-26.2047786264403,-11.1407769291152,TRUE
3979,6,-12.9366666666667,9.19528550701692,3.7539595885668,-22.5865269967492,-3.28680633658409,TRUE
3980,6,-10.5983333333333,14.2049911025042,5.79916333365171,-25.5055572607065,4.30889059403987,TRUE
3981,6,-19.0038888888889,5.48110549135915,2.23765194669946,-24.7559563375508,-13.251821440227,TRUE
3982,6,-10.0794444444444,5.99117662962856,2.44588761691291,-16.3667987244886,-3.79209016440033,TRUE
3983,6,-11.7444444444444,12.2489501893322,5.00061297477187,-24.5989293244403,1.11004043555141,TRUE
3984,6,-15.6638888888889,9.35366010754118,3.81861574848372,-25.4799531692159,-5.84782460856186,TRUE
3985,6,-7.86222222222222,15.7450186361227,6.42787694151877,-24.3856059297959,8.66116148535142,TRUE
3986,6,-13.9833333333333,3.35262219099552,1.36870227804513,-17.5016945476702,-10.4649721189965,TRUE
3987,6,-14.1711111111111,9.637802807848,3.93461652013177,-24.2853648679564,-4.05685735426583,TRUE
3988,6,-10.1777777777778,11.7337239833958,4.79027275699618,-22.4915659146556,2.13601035910009,TRUE
3989,6,-9.58888888888889,8.16781724321245,3.33449742636274,-18.160487404073,-1.01729037370478,TRUE
3990,6,-16.1433333333333,11.5452447161399,4.71332641835105,-28.2593246097713,-4.02734205689535,TRUE
3991,6,-21.8388888888889,10.0091566226279,4.0862210801729,-32.3428545739755,-11.3349232038022,TRUE
3992,6,-16.5366666666667,10.2622191665459,4.18953343110786,-27.3062052044636,-5.76712812886973,TRUE
3993,6,-13.0172222222222,8.97419941750711,3.66370157047907,-22.435066930488,-3.59937751395647,TRUE
3994,6,-12.6161111111111,10.9471180208748,4.46914221752831,-24.1044069163648,-1.12781530585745,TRUE
3995,6,-12.2933333333333,11.958132146972,4.88188700614227,-24.8426233949516,0.255956728284932,TRUE
3996,6,-21.4905555555556,7.26020673616474,2.96396698845348,-29.1096752574997,-13.8714358536114,TRUE
3997,6,-17.4933333333333,6.30462863475893,2.57385386214985,-24.1096353189581,-10.8770313477086,TRUE
3998,6,-12.435,7.81282812644265,3.1895737263082,-20.6340602842707,-4.23593971572931,TRUE
3999,6,-16.8427777777778,4.51648999244455,1.84384931831263,-21.5825433430826,-12.1030122124729,TRUE
4000,6,-12.5833333333333,9.62302008496062,3.92858149878459,-22.6820735739259,-2.48459309274078,TRUE
4001,6,-17.1005555555556,5.5196491098888,2.25338731307249,-22.893072051193,-11.3080390599181,TRUE
4002,6,-14.9672222222222,10.4390057884768,4.26170626728802,-25.9222869417302,-4.01215750271421,TRUE
4003,6,-12.9838888888889,7.54762226478324,3.08130388666475,-20.9046326900249,-5.06314508775291,TRUE
4004,6,-12.7155555555556,10.4141565331186,4.25156160126873,-23.6445425808658,-1.78656853024533,TRUE
4005,6,-13.4316666666667,15.7980649658959,6.44953301496404,-30.0107190832699,3.1473857499366,TRUE
4006,6,-15.9755555555556,10.266725901705,4.19137329803214,-26.749823621848,-5.20128748926307,TRUE
4007,6,-11.6083333333333,8.63654116723433,3.52585316704419,-20.6718274396579,-2.54483922700876,TRUE
4008,6,-14.9916666666667,9.47617146085673,3.86863079903721,-24.9362987274549,-5.04703460587842,TRUE
4009,6,-19.66,8.08892438942148,3.30228955367277,-28.1488055426828,-11.1711944573172,TRUE
4010,6,-12.1633333333333,9.03407967396544,3.68814758281073,-21.6440185168526,-2.6826481498141,TRUE
4011,6,-13.9427777777778,3.02225332908828,1.23382975494901,-17.1144381341173,-10.7711174214383,TRUE
4012,6,-19.5733333333333,11.2505926757463,4.59303522657867,-31.3801062572142,-7.76656040945247,TRUE
4013,6,-6.47722222222222,8.50259605236128,3.47117030288128,-15.400149551209,2.44570510676461,TRUE
4014,6,-9.19499999999999,13.4035174073408,5.47196306774953,-23.2611288672297,4.8711288672297,TRUE
4015,6,-9.78777777777778,11.9621580488299,4.88353057369333,-22.3412927642884,2.76573720873289,TRUE
4016,6,-12.3711111111111,10.718896225652,4.37597105978197,-23.6199028306568,-1.12231939156538,TRUE
4017,6,-23.3088888888889,9.53127335941278,3.89112605492403,-33.3113468458478,-13.30643093193,TRUE
4018,6,-11.8366666666667,14.9461751331607,6.10175044708635,-27.5217155315326,3.84838219819927,TRUE
4019,6,-11.3833333333333,8.80994766033135,3.59664607140638,-20.6288063937033,-2.13786027296338,TRUE
4020,6,-9.89888888888889,6.92331733802251,2.82643246758651,-17.1644648497195,-2.63331292805828,TRUE
4021,6,-6.86277777777778,10.7834349127965,4.40231886847751,-18.1792986957651,4.45374314020951,TRUE
4022,6,-13.4833333333333,8.26090336733485,3.37249967740162,-22.1526197447513,-4.81404692191539,TRUE
4023,6,-8.71777777777777,7.77922494473201,3.17585528482068,-16.8815736855474,-0.553981870008137,TRUE
4024,6,-16.0244444444444,10.9771803031292,4.48141509286608,-27.5442886801124,-4.50460020877648,TRUE
4025,6,-8.07777777777778,6.9349782236834,2.83119300422287,-15.3555910876137,-0.799964467941879,TRUE
4026,6,-15.9972222222222,19.6283784824894,8.01325196005396,-36.595942155114,4.60149771066957,TRUE
4027,6,-15.7366666666667,9.60200488324066,3.92000207860867,-25.8133528055947,-5.65998052773864,TRUE
4028,6,-21.1677777777778,8.89284498076131,3.63048876075595,-30.5002462406588,-11.8353093148967,TRUE
4029,6,-11.3238888888889,12.6394738668043,5.16004359848554,-24.5882032342473,1.94042545646948,TRUE
4030,6,-19.3761111111111,6.35625271040403,2.59492930277874,-26.0465892415945,-12.7056329806277,TRUE
4031,6,-17.2255555555556,10.5380214602313,4.30212924601095,-28.284530849911,-6.16658026120007,TRUE
4032,6,-16.6716666666667,13.7933827532545,5.63112492872987,-31.1469341226585,-2.19639921067483,TRUE
4033,6,-17.4588888888889,10.3979655417494,4.24495165672134,-28.370884510811,-6.54689326696673,TRUE
4034,6,-7.38388888888889,8.39318146981139,3.42650198660347,-16.1919926554235,1.42421487764574,TRUE
4035,6,-19.7555555555556,12.8936185191946,5.26379771835441,-33.2865783568213,-6.22453275428984,TRUE
4036,6,-16.6,11.325731764438,4.62371063108409,-28.4856265615033,-4.71437343849672,TRUE
4037,6,-9.65499999999999,14.395101443045,5.876775555177,-24.7617324942495,5.45173249424952,TRUE
4038,6,-8.615,12.5955623137675,5.14211678202664,-21.8332319965983,4.60323199659833,TRUE
4039,6,-17.9511111111111,11.5304820496064,4.70729958497609,-30.051609919149,-5.85061230307323,TRUE
4040,6,-11.1605555555556,5.42848839883594,2.21617110862769,-16.8574047520559,-5.46370635905524,TRUE
4041,6,-12.2638888888889,10.4202873529725,4.25406449799323,-23.1993098150556,-1.32846796272217,TRUE
4042,6,-16.0544444444444,11.5365987028079,4.70979669818896,-28.1613622863489,-3.94752660254001,TRUE
4043,6,-18.1244444444444,5.91714670979056,2.41566502869587,-24.3341090881919,-11.914779800697,TRUE
4044,6,-8.37666666666667,11.1208640751417,4.5400737471576,-20.0472977735593,3.29396444022595,TRUE
4045,6,-14.4155555555556,8.47498794929768,3.45989934200262,-23.3095099572375,-5.52160115387359,TRUE
4046,6,-21.3483333333333,11.3728549625853,4.64294859616889,-33.2834126584382,-9.41325400822845,TRUE
4047,6,-19.7738888888889,8.00863046043778,3.26950969443054,-28.1784311208289,-11.3693466569489,TRUE
4048,6,-14.2822222222222,20.4891640376801,8.36466619141656,-35.7842811950388,7.21983675059437,TRUE
4049,6,-8.98333333333334,10.0835346536376,4.11658578418069,-19.5653539749869,1.59868730832022,TRUE
4050,6,-11.2661111111111,7.30174360201929,2.98092434292982,-18.9288210804526,-3.60340114176959,TRUE
4051,6,-14.3988888888889,11.1757751243316,4.56249108911696,-26.1271456078255,-2.6706321699523,TRUE
4052,6,-19.5461111111111,8.41894092486081,3.43701824009068,-28.3812477678389,-10.7109744543833,TRUE
4053,6,-18.4377777777778,8.64671052845896,3.53000479137926,-27.5119439742064,-9.36361158134911,TRUE
4054,6,-20.5344444444444,17.4742242767476,7.13382218816433,-38.872518179999,-2.19637070888993,TRUE
4055,6,-7.83944444444445,9.41013624099429,3.84167203341796,-17.7147767920207,2.03588790313179,TRUE
4056,6,-10.6005555555556,12.7743217113546,5.21509500049592,-24.0063840349481,2.80527292383701,TRUE
4057,6,-15.0344444444444,8.5402226530087,3.48653129827156,-23.9968584691588,-6.07203041973007,TRUE
4058,6,-16.7061111111111,7.62019988558675,3.11093357628371,-24.7030204541771,-8.70920176804508,TRUE
4059,6,-18.8066666666667,8.12897779551648,3.3186412882383,-27.3375056812047,-10.2758276521286,TRUE
4060,6,-16.1622222222222,8.66194837375688,3.53622561567249,-25.2523795565818,-7.0720648878627,TRUE
4061,6,-18.4622222222222,8.78512497012654,3.58651225056556,-27.6816454668132,-9.2427989776313,TRUE
4062,6,-11.7716666666667,11.127375801249,4.54273214820887,-23.4491314110135,-0.0942019223198134,TRUE
4063,6,-11.2205555555556,8.62034864380442,3.51924259703564,-20.2670566506929,-2.17405446041819,TRUE
4064,6,-16.8766666666667,7.85257240229808,3.2057992589819,-25.1174360105019,-8.63589732283144,TRUE
4065,6,-15.18,10.3531487427202,4.22665527513362,-26.0449632757549,-4.31503672424513,TRUE
4066,6,-5.02388888888889,10.0751117813852,4.11314716098284,-15.5970702682105,5.54929249043268,TRUE
4067,6,-15.6016666666667,8.80750809757726,3.59565012408255,-24.8445795629367,-6.35875377039661,TRUE
4068,6,-20.4255555555556,7.04400412223573,2.87570264092314,-27.817784529004,-13.0333265821071,TRUE
4069,6,-16.6477777777778,10.8795499634593,4.44155767359844,-28.065165255461,-5.23039030009454,TRUE
4070,6,-10.1583333333333,13.770360400351,5.62172609251458,-24.609440311674,4.29277364500737,TRUE
4071,6,-15.0544444444444,9.50001582844685,3.87836522134307,-25.0240996343925,-5.08478925449635,TRUE
4072,6,-12.7966666666667,7.53850707294813,3.07758262518081,-20.7078446606264,-4.88548867270694,TRUE
4073,6,-22.0472222222222,7.63229612070142,3.11587184359033,-30.0568257855262,-14.0376186589183,FALSE
4074,6,-10.8427777777778,10.8724040920461,4.43864038381013,-22.2526661233219,0.567110567766347,TRUE
4075,6,-21.0044444444444,9.65545526095462,3.94182310393504,-31.1372233147114,-10.8716655741775,TRUE
4076,6,-8.75166666666666,6.62788209846185,2.70582153609309,-15.7072023578211,-1.79613097551221,TRUE
4077,6,-16.2938888888889,15.266994962506,6.2327245939635,-32.3156175166552,-0.272160261122579,TRUE
4078,6,-11.6283333333333,10.8972515902966,4.44878433249321,-23.0642975291038,-0.192369137562867,TRUE
4079,6,-11.005,11.6541991955213,4.75780689829689,-23.2353319902271,1.22533199022715,TRUE
4080,6,-17.1872222222222,9.14515886908154,3.73349547432298,-26.7844778719472,-7.5899665724972,TRUE
4081,6,-11.5066666666667,10.2294398673632,4.17615133825391,-22.2418054396505,-0.771527893682876,TRUE
4082,6,-9.93222222222222,14.43809369791,5.89432706972885,-25.0840723209666,5.21962787652217,TRUE
4083,6,-23.2344444444444,7.67430537331966,3.13302204915539,-31.2881340146513,-15.1807548742375,FALSE
4084,6,-10.0372222222222,10.812927739345,4.41435926449687,-21.3846939635108,1.31024951906631,TRUE
4085,6,-16.6888888888889,13.6536301508535,5.57407116771181,-31.017494983153,-2.36028279462482,TRUE
4086,6,-13.4311111111111,11.2545261347832,4.59464105450612,-25.2420119470934,-1.6202102751288,TRUE
4087,6,-14.6677777777778,8.38825068948405,3.42448900396418,-23.4707070077044,-5.86484854785115,TRUE
4088,6,-6.69444444444444,14.0794532196021,5.74791270756848,-21.4699244433431,8.08103555445423,TRUE
4089,6,-10.6944444444444,11.0051843675135,4.49284770427701,-22.2436771433392,0.854788254450344,TRUE
4090,6,-15.6727777777778,10.2749900063031,4.19474710460654,-26.4557184899674,-4.88983706558819,TRUE
4091,6,-13.8016666666667,11.0577738868786,4.51431728565412,-25.4060886814682,-2.19724465186516,TRUE
4092,6,-15.4338888888889,9.0368808327423,3.68929115109269,-24.9175137082616,-5.95026406951623,TRUE
4093,6,-18.4522222222222,4.24778879296389,1.73415251297907,-22.9100031723093,-13.9944412721352,TRUE
4094,6,-16.0311111111111,11.6787728934292,4.76783906845817,-28.2872316157268,-3.77499060649538,TRUE
4095,6,-13.3922222222222,9.20445222382846,3.75770188503427,-23.0517024316277,-3.73274201281678,TRUE
4096,6,-18.4011111111111,12.5486726463473,5.12297415546193,-31.5701354195758,-5.23208680264639,TRUE
4097,6,-3.885,8.95993272544188,3.65787721783287,-13.2878727331491,5.51787273314907,FALSE
4098,6,-16.7872222222222,5.98407346087806,2.44298776041364,-23.0671221838234,-10.5073222606211,TRUE
4099,6,-14.5755555555556,7.35310989889212,3.00189454581561,-22.2921711475249,-6.85893996358621,TRUE
4100,6,-6.82555555555555,3.59041666827847,1.46578146687764,-10.5934667693236,-3.05764434178752,FALSE
4101,6,-11.1555555555555,9.02149794575075,3.683011113776,-20.6230370250748,-1.6880740860363,TRUE
4102,6,-21.1261111111111,8.46343702619074,3.45518369739093,-30.007943562411,-12.2442786598113,TRUE
4103,6,-10.815,11.3364550112556,4.6280883782656,-22.7118799188891,1.08187991888907,TRUE
4104,6,-13.0111111111111,19.8250625518606,8.09354789513624,-33.8162383162008,7.79401609397863,TRUE
4105,6,-14.3805555555556,6.63883504394714,2.71029305736301,-21.3475856580641,-7.41352545304701,TRUE
4106,6,-5.61666666666666,9.02619422692766,3.68492836253801,-15.0890765810279,3.8557432476946,TRUE
4107,6,-16.3777777777778,11.6393933913464,4.75176245405356,-28.5925720294265,-4.16298352612906,TRUE
4108,6,-13.1944444444444,12.9687502467648,5.29447011769455,-26.8043131583093,0.415424269420415,TRUE
4109,6,-18.4266666666667,6.60452471164024,2.69628592285347,-25.3576902836357,-11.4956430496977,TRUE
4110,6,-15.9988888888889,3.43167834977235,1.40097681971641,-19.6002144537994,-12.3975633239784,TRUE
4111,6,-15.3805555555556,10.3772981747374,4.2365142394703,-26.2708621059525,-4.49024900515863,TRUE
4112,6,-15.795,13.9970155152209,5.71425765568508,-30.4839669338498,-1.10603306615018,TRUE
4113,6,-14.1133333333333,4.28178104167984,1.74802979040637,-18.6067869607031,-9.61987970596356,TRUE
4114,6,-17.795,12.673352226884,5.1738743810718,-31.0948675038472,-4.49513249615275,TRUE
4115,6,-13.0766666666667,8.53397810064113,3.48398197044278,-22.0325274355713,-4.12080589776203,TRUE
4116,6,-12.5644444444444,7.14278366734697,2.9160292213476,-20.0603361930253,-5.0685526958636,TRUE
4117,6,-12.6194444444444,4.27580865212999,1.74559157258266,-17.1066304333653,-8.13225845552362,TRUE
4118,6,-16.4466666666667,5.33381039533027,2.17751897555197,-22.0441573919739,-10.8491759413594,TRUE
4119,6,-15.0877777777778,8.1218401490923,3.3157273562877,-23.6111262917733,-6.56442926378221,TRUE
4120,6,-17.7283333333333,9.12387387267297,3.72480591092665,-27.3032517492321,-8.15341491743452,TRUE
4121,6,-11.9188888888889,9.1322959670408,3.72824421655444,-21.5026457507799,-2.33513202699791,TRUE
4122,6,-12.6133333333333,10.4651973490974,4.27239892713597,-23.5958844100211,-1.63078225664553,TRUE
4123,6,-15.2216666666667,10.7575087471238,4.39173455566333,-26.5109797423911,-3.93235359094217,TRUE
4124,6,-7.30944444444444,8.35399316805155,3.41050342940384,-16.0764226104453,1.45753372155642,TRUE
4125,6,-17.53,7.17163579666453,2.92780805381774,-25.0561702013736,-10.0038297986264,TRUE
4126,6,-16.2616666666667,10.1084571303219,4.12676034268116,-26.8698418435871,-5.65349148974619,TRUE
4127,6,-15.5522222222222,13.2300250552659,5.40113511160637,-29.4362820319351,-1.66816241250937,TRUE
4128,6,-9.99666666666667,11.91617164473,4.86475670283497,-22.5019218817643,2.50858854843091,TRUE
4129,6,-13.7711111111111,8.80243291284774,3.59357818859293,-23.008697927647,-4.53352429457527,TRUE
4130,6,-14.0444444444444,10.7020626603092,4.36909878550839,-25.275570420573,-2.81331846831591,TRUE
4131,6,-13.4322222222222,10.26920956964,4.19238725122066,-24.2090967381633,-2.65534770628113,TRUE
4132,6,-13.8094444444444,11.339663999856,4.62939844237582,-25.7096919903388,-1.90919689855012,TRUE
4133,6,-5.50333333333333,8.33736195954358,3.40371376696211,-14.2528581163914,3.24619144972473,TRUE
4134,6,-16.2011111111111,16.7701227275264,6.84637393438181,-33.8002755868069,1.3980533645847,TRUE
4135,6,-18.2683333333333,5.57903247286959,2.27763046949139,-24.1231688464997,-12.413497820167,TRUE
4136,6,-18.0555555555556,9.92393015038042,4.0514275185756,-28.4700815432031,-7.64102956790802,TRUE
4137,6,-9.22111111111111,20.3533930195289,8.30923790536179,-30.5806871386149,12.1384649163927,TRUE
4138,6,-10.04,10.9844674174238,4.48439004481926,-21.5674915931207,1.48749159312071,TRUE
4139,6,-6.99333333333333,5.32491126686633,2.17388592156994,-12.5814849960665,-1.40518167060014,FALSE
4140,6,-14.7355555555556,11.6176344248573,4.74287939318212,-26.9275151722833,-2.54359593882781,TRUE
4141,6,-7.445,7.85289804962333,3.20593220394573,-15.6861110897444,0.796111089744381,TRUE
4142,6,-14.2661111111111,15.7133703035439,6.41495656384744,-30.7562819305333,2.22405970831107,TRUE
4143,6,-6.73888888888889,9.2057563312109,3.75823428464374,-16.3997376750597,2.92195989728193,TRUE
4144,6,-11.6883333333333,9.18733881188914,3.75071536386604,-21.3298541183294,-2.04681254833725,TRUE
4145,6,-18.9005555555556,9.0759656766078,3.70524747178383,-28.4251974030605,-9.37591370805067,TRUE
4146,6,-13.3111111111111,8.43532958367277,3.44370888203366,-22.1634466104863,-4.45877561173595,TRUE
4147,6,-16.48,7.04394397100564,2.87567808428629,-23.8721658486038,-9.08783415139622,TRUE
4148,6,-10.5905555555556,8.16804353472637,3.33458980948645,-19.1623915491194,-2.01871956199173,TRUE
4149,6,-15.5961111111111,9.21913551422418,3.76369631323671,-25.2710004887688,-5.92122173345346,TRUE
4150,6,-15.7138888888889,8.48802723230176,3.46522260699791,-24.621527178874,-6.80625059890375,TRUE
4151,6,-10.6022222222222,13.0157189866999,5.31364502547829,-24.261381605736,3.05693716129153,TRUE
4152,6,-18.2105555555556,9.69591011524771,3.95833872904116,-28.3857891917245,-8.03532191938662,TRUE
4153,6,-14.5488888888889,4.24797921456867,1.73423025227368,-19.0068696741946,-10.0909081035832,TRUE
4154,6,-13.9722222222222,5.74103771752756,2.34376883366919,-19.9970718129827,-7.9473726314617,TRUE
4155,6,-12.9183333333333,8.55437373511352,3.49230845334907,-21.8955980079516,-3.94106865871508,TRUE
4156,6,-12.8205555555556,12.261600297345,5.00577735974231,-25.6883159097486,0.0472047986375159,TRUE
4157,6,-13.1427777777778,8.82409061519572,3.60241990855187,-22.4030929590359,-3.88246259651971,TRUE
4158,6,-21.6338888888889,5.47262781350835,2.23419094920977,-27.3770595602706,-15.8907182175072,FALSE
4159,6,-13.9505555555556,10.8282895780075,4.42063070886922,-25.3141485578309,-2.58696255328027,TRUE
4160,6,-17.3788888888889,11.0740458664326,4.5209602934895,-29.000387298966,-5.75739047881176,TRUE
4161,6,-16.3161111111111,9.75678599555012,3.9831912031051,-26.5552300656794,-6.07699215654279,TRUE
4162,6,-13.6066666666667,6.96223495406149,2.84232051780336,-20.9130841607884,-6.30024917254496,TRUE
4163,6,-17.5761111111111,12.8696694970369,5.25402057100025,-31.0820009549839,-4.07022126723833,TRUE
4164,6,-10.5422222222222,8.73779292414195,3.56718902370819,-19.7119735308477,-1.37247091359672,TRUE
4165,6,-9.09,11.3877505338948,4.64902968769152,-21.0407112685138,2.86071126851378,TRUE
4166,6,-15.0622222222222,10.9486412483552,4.46976407254315,-26.5521165566814,-3.572327887763,TRUE
4167,6,-12.2316666666667,14.3128490447492,5.84319615418619,-27.2520805626777,2.78874722934432,TRUE
4168,6,-18.5466666666667,9.76810000858805,3.98781012958612,-28.7976589497472,-8.29567438358611,TRUE
4169,6,-13.4972222222222,11.1277344038651,4.54287854711384,-25.175063296935,-1.8193811475095,TRUE
4170,6,-13.03,15.9220818013503,6.50016267602703,-29.7392001036762,3.6792001036762,TRUE
4171,6,-16.8055555555556,16.9039329633559,6.90100173440578,-34.5451452617138,0.934034150602638,TRUE
4172,6,-10.315,13.0672960307615,5.33470126554361,-24.0282861717525,3.39828617175246,TRUE
4173,6,-17.1622222222222,17.5187046282495,7.15198121562424,-35.546975223918,1.22253077947356,TRUE
4174,6,-16.2294444444444,10.4321391045316,4.25890295530622,-27.1773030210924,-5.28158586779646,TRUE
4175,6,-13.6066666666667,8.61696105235354,3.51785961861702,-22.6496127026021,-4.56372063073126,TRUE
4176,6,-14.3933333333333,9.23400045724736,3.76976490081377,-24.0838225119845,-4.70284415468213,TRUE
4177,6,-11.505,16.1102924657913,6.57699935803216,-28.4117150827492,5.40171508274918,TRUE
4178,6,-11.0905555555556,10.4602573617514,4.27038218574704,-22.0679224334618,-0.113188677649308,TRUE
4179,6,-18.9905555555556,14.2421192893422,5.81432085245634,-33.9367431254413,-4.04436798566983,TRUE
4180,6,-9.71611111111111,13.9703669587797,5.70337842807464,-24.3771121000798,4.94488987785755,TRUE
4181,6,-15.6633333333333,9.13563547628491,3.72960756549434,-25.2505947952448,-6.07607187142181,TRUE
4182,6,-12.9794444444444,13.4360519030235,5.48524521999307,-27.0797161709695,1.12082728208065,TRUE
4183,6,-18.9833333333333,9.21818757794732,3.76330931987221,-28.6572279128777,-9.30943875378897,TRUE
4184,6,-8.68555555555556,11.0390955077683,4.50669186931371,-20.2703758136232,2.89926470251212,TRUE
4185,6,-19.9988888888889,7.91615581977534,3.23175708046884,-28.3063849371311,-11.6913928406466,TRUE
4186,6,-16.8616666666667,9.91423056912526,4.04746768110996,-27.266013568053,-6.45731976528037,TRUE
4187,6,-13.9777777777778,4.392675553523,1.79330228528817,-18.5876080581446,-9.36794749741092,TRUE
4188,6,-11.5283333333333,4.3559919140829,1.77832625219876,-16.0996664950707,-6.95700017159601,TRUE
4189,6,-9.87222222222221,14.9884587698768,6.11901266949029,-25.6016450424424,5.857200597998,TRUE
4190,6,-7.19111111111111,8.84123638077507,3.60941963803834,-16.4694196698415,2.08719744761923,TRUE
4191,6,-12.9033333333333,8.10047378586929,3.30700457502847,-21.4042592242677,-4.40240744239895,TRUE
4192,6,-12.7077777777778,13.0025798579729,5.3082809986373,-26.3531484913282,0.937592935772674,TRUE
4193,6,-14.7677777777778,9.6087605089584,3.92276005125894,-24.8515535111038,-4.68400204445176,TRUE
4194,6,-20.5233333333333,12.6461417919547,5.1627657675291,-33.7946452369886,-7.25202142967805,TRUE
4195,6,-14.1088888888889,11.9172680811719,4.86520432113799,-26.6152947434655,-1.60248303431228,TRUE
4196,6,-10.9794444444444,6.32793503852969,2.58336866164613,-17.6202050008241,-4.33868388806481,TRUE
4197,6,-17.4688888888889,12.6932383866664,5.18199287180683,-30.7896256375524,-4.1481521402254,TRUE
4198,6,-15.4088888888889,10.0391891365049,4.09848180262152,-25.9443717643937,-4.87340601338403,TRUE
4199,6,-13.4255555555556,9.52981838853808,3.89053206555176,-23.4264866142235,-3.42462449688758,TRUE
4200,6,-13.4316666666667,5.56599546851733,2.27230813475181,-19.2728206828283,-7.59051265050503,TRUE
4201,6,-13.3455555555556,10.8601294583376,4.43362928558256,-24.7425624630193,-1.94854864809182,TRUE
4202,6,-9.88166666666667,12.1752993574879,4.97054514858019,-22.6588597388171,2.89552640548377,TRUE
4203,6,-8.85666666666667,7.92087312807819,3.23368291351907,-17.1691132263663,-0.544220106967034,TRUE
4204,6,-19.3366666666667,8.07752024654431,3.29763383183896,-27.8135042953717,-10.8598290379617,TRUE
4205,6,-10.5677777777778,11.7178605682222,4.78379654487062,-22.8649182814019,1.7293627258464,TRUE
4206,6,-13.4661111111111,8.7957594370284,3.59085375349823,-22.6966945442801,-4.23552767794208,TRUE
4207,6,-5.30277777777778,6.32127006108623,2.58064769599885,-11.9365438692891,1.33098831373357,FALSE
4208,6,-14.0766666666667,13.4581403701337,5.49426279892978,-28.2001188178079,0.0467854844745617,TRUE
4209,6,-7.36333333333333,10.9859670084663,4.48500225029879,-18.8923986507394,4.16573198407272,TRUE
4210,6,-18.1077777777778,16.6550493733771,6.79939543427244,-35.586180174427,-0.62937538112855,TRUE
4211,6,-16.1688888888889,12.2927399832705,5.01849008328694,-29.0693283393073,-3.2684494384705,TRUE
4212,6,-14.9122222222222,6.34897180360433,2.59195688502474,-21.5750595096193,-8.24938493482515,TRUE
4213,6,-12.6355555555556,9.59896213525578,3.91875988194552,-22.709048526305,-2.56206258480609,TRUE
4214,6,-17.6238888888889,12.5474973895491,5.12249435888319,-30.7916798409835,-4.45609793679428,TRUE
4215,6,-8.395,8.17489021333008,3.33738495432177,-16.9740211421055,0.184021142105479,TRUE
4216,6,-12.1061111111111,8.82026591099956,3.60085847960226,-21.3624125114737,-2.84980971074856,TRUE
4217,6,-9.14333333333333,6.20573032679385,2.53347879699334,-15.6558479098541,-2.63081875681252,TRUE
4218,6,-17.315,12.9960273844655,5.3056059625296,-30.9534943143223,-3.6765056856777,TRUE
4219,6,-13.0255555555556,8.09374838767323,3.30425894271224,-21.5194235739305,-4.53168753718061,TRUE
4220,6,-8.90611111111111,9.73247676976802,3.97326700323705,-19.1197190977654,1.30749687554319,TRUE
4221,6,-16.4661111111111,9.6312473904628,3.93194028219098,-26.573485379318,-6.35873684290426,TRUE
4222,6,-15.8705555555556,10.0414957754016,4.09942348400779,-26.4084591001269,-5.3326520109842,TRUE
4223,6,-9.87166666666667,6.52057964362746,2.66201549234438,-16.7145953374696,-3.02873799586375,TRUE
4224,6,-11.5016666666667,15.3685379554754,6.27417934725184,-27.6299581302368,4.62662479690342,TRUE
4225,6,-14.3216666666667,8.62556194626696,3.52137091885364,-23.3736387872098,-5.26969454612354,TRUE
4226,6,-21.2022222222222,3.24489182608034,1.32472154073746,-24.6075273521181,-17.7969170923264,FALSE
4227,6,-14.8522222222222,6.43195345017244,2.62583400037605,-21.6021434069851,-8.10230103745932,TRUE
4228,6,-22.6233333333333,12.5530054834158,5.12474302878799,-35.7969046754396,-9.4497619912271,TRUE
4229,6,-15.3616666666667,6.03682541664998,2.46452365617615,-21.6969264107291,-9.02640692260425,TRUE
4230,6,-20.3427777777778,8.89150241439461,3.62994066033191,-29.6738373036647,-11.0117182518909,TRUE
4231,6,-9.56055555555555,8.77324605241961,3.58166270271914,-18.7675126405414,-0.353598470569668,TRUE
4232,6,-14.7866666666667,13.0647718013834,5.33367075321525,-28.4973038221464,-1.0760295111869,TRUE
4233,6,-17.3694444444445,9.34073740050459,3.81334007542787,-27.1719471754433,-7.56694171344556,TRUE
4234,6,-17.4427777777778,6.66367113256372,2.72043234808253,-24.4358717568362,-10.4496837987194,TRUE
4235,6,-14.895,14.4186733478192,5.88639874500404,-30.0264696912198,0.236469691219789,TRUE
4236,6,-14.0594444444444,8.78263904065962,3.58549737411047,-23.2762588660545,-4.84263002283436,TRUE
4237,6,-9.19388888888889,8.10390644255162,3.30840595125078,-17.6984171320852,-0.689360645692547,TRUE
4238,6,-9.19111111111112,19.8586712844839,8.10726860277436,-30.0315085180275,11.6492862958052,TRUE
4239,6,-16.075,8.4410862255202,3.44605902122668,-24.933376724496,-7.21662327550403,TRUE
4240,6,-13.0061111111111,10.0996370488507,4.12315955949881,-23.605030180189,-2.40719204203324,TRUE
4241,6,-9.53222222222223,9.28632080396075,3.79112459291598,-19.2776182374062,0.213173792961706,TRUE
4242,6,-11.0061111111111,13.7037220275153,5.59452109072509,-25.3872854060133,3.37506318379107,TRUE
4243,6,-22.315,12.8358454251279,5.24021195146688,-35.7853936573251,-8.84460634267493,TRUE
4244,6,-18.1288888888889,14.337723462045,5.85335109252347,-33.1754068849317,-3.08237089284609,TRUE
4245,6,-13.6727777777778,9.5801139906618,3.91106515913662,-23.7264908338444,-3.61906472171114,TRUE
4246,6,-14.5883333333333,6.37393433358777,2.60214779521613,-21.277367189357,-7.89929947730968,TRUE
4247,6,-9.72833333333333,11.686250372886,4.77089173666339,-21.9923009713876,2.53563430472095,TRUE
4248,6,-11.7638888888889,2.94081577243584,1.2005830116661,-14.8500857708513,-8.67769200692649,TRUE
4249,6,-9.35388888888889,9.02390095903754,3.68399213984229,-18.8238921661944,0.116114388416653,TRUE
4250,6,-18.4483333333333,6.7212230203207,2.74392780787229,-25.5018243145472,-11.3948423521195,TRUE
4251,6,-18.2327777777778,8.8594590797173,3.61685902372914,-27.5302098862332,-8.93534566932237,TRUE
4252,6,-15.6077777777778,11.9840593505923,4.89247174269677,-28.1842767709181,-3.03127878463751,TRUE
4253,6,-8.32722222222222,5.78450167513414,2.36151292005886,-14.397684439146,-2.25676000529843,TRUE
4254,6,-10.3244444444444,13.8135926080343,5.63937556739427,-24.8209208423194,4.17203195343052,TRUE
4255,6,-14.0816666666667,6.47171718582736,2.64206747747962,-20.8733173328012,-7.29001600053209,TRUE
4256,6,-13.1327777777778,6.6759207160816,2.7254332196126,-20.1387269063537,-6.12682864920183,TRUE
4257,6,-16.8194444444444,12.7810071619601,5.21782432427658,-30.2322888739712,-3.40660001491774,TRUE
4258,6,-13.9588888888889,6.16121116039395,2.5153039234177,-20.4246834655312,-7.49309431224658,TRUE
4259,6,-15.4483333333333,4.88420799902889,1.99396956587347,-20.5739952801793,-10.3226713864874,TRUE
4260,6,-20.9827777777778,15.3163278767996,6.25286467188746,-37.0562781240237,-4.90927743153184,TRUE
4261,6,-11.6416666666667,7.21626457694314,2.94602767707197,-19.2146719006297,-4.06866143270362,TRUE
4262,6,-13.4505555555556,14.1852487412753,5.7911035484303,-28.3370611454395,1.43595003432837,TRUE
4263,6,-13.4888888888889,8.04176781744099,3.2830379637776,-21.92820664428,-5.04957113349777,TRUE
4264,6,-5.15888888888889,4.12582256669526,1.68436000961057,-9.48867413426602,-0.829103643511754,FALSE
4265,6,-9.95277777777777,8.79353940033166,3.58994742731202,-19.1810314253154,-0.724524130240175,TRUE
4266,6,-11.4022222222222,11.7982314431098,4.81660781714658,-23.7837067863631,0.97926234191865,TRUE
4267,6,-15.3733333333333,12.9678945434056,5.294120778261,-28.9823040415958,-1.76436262507083,TRUE
4268,6,-15.2722222222222,7.17539767900371,2.92934383585163,-22.8023402769956,-7.74210416744881,TRUE
4269,6,-10.5661111111111,11.8617578642303,4.84254236996831,-23.0142625656509,1.88204034342865,TRUE
4270,6,-9.45944444444445,5.84957944040677,2.38808080647862,-15.5982015876101,-3.32068730127877,TRUE
4271,6,-11.7572222222222,7.67688953697805,3.1340770295512,-19.8136237058716,-3.70082073857288,TRUE
4272,6,-5.92722222222222,8.80990967709196,3.59663056481384,-15.172655421627,3.3182109771826,TRUE
4273,6,-20.3055555555555,9.43806657852872,3.85307454596847,-30.2101989947747,-10.4009121163364,TRUE
4274,6,-20.0005555555556,14.6013709275178,5.9609847195879,-35.3237545982338,-4.67735651287727,TRUE
4275,6,-16.695,18.7276478620366,7.64553022408567,-36.348461117843,2.95846111784305,TRUE
4276,6,-12.6527777777778,9.48354537939071,3.87164118867273,-22.6051482914813,-2.70040726407427,TRUE
4277,6,-10.2588888888889,4.74414711532556,1.93678994954073,-15.2375659526213,-5.28021182515652,TRUE
4278,6,-19.5272222222222,17.270183479263,7.05052288140636,-37.6511682729036,-1.40327617154083,TRUE
4279,6,-12.2338888888889,7.74088838331642,3.1602044491605,-20.357453042798,-4.11032473497984,TRUE
4280,6,-18.6561111111111,10.8678284484613,4.43677238513887,-30.0611976132019,-7.25102460902032,TRUE
4281,6,-6.89611111111111,8.28800992509773,3.38356588326868,-15.5938441103203,1.80162188809809,TRUE
4282,6,-21.49,6.64599495101289,2.71321607718248,-28.4645439641617,-14.5154560358383,FALSE
4283,6,-17.6305555555556,11.4398487590365,4.67029869904181,-29.6359405583083,-5.62517055280277,TRUE
4284,6,-17.4277777777778,10.9820572180599,4.48340608504927,-28.9527400217867,-5.90281553376881,TRUE
4285,6,-22.8111111111111,10.8478154824251,4.42860212596745,-34.1951952933834,-11.4270269288388,TRUE
4286,6,-10.7927777777778,16.0848057241978,6.5665944393471,-27.6727461655538,6.08719060999831,TRUE
4287,6,-14.7538888888889,5.78867761397355,2.36321773995114,-20.8287334848608,-8.679044292917,TRUE
4288,6,-10.095,14.7045708313209,6.00311590389154,-25.5265006997631,5.33650069976307,TRUE
4289,6,-11.6416666666667,7.22738119161352,2.9505660160069,-19.2263380722598,-4.05699526107352,TRUE
4290,6,-20.3827777777778,7.63294770981308,3.11613785373125,-28.3930651419181,-12.3724904136375,TRUE
4291,6,-4.32888888888888,7.44510089974658,3.03944971465251,-12.1420431157046,3.48426533792684,FALSE
4292,6,-16.1666666666667,15.0136081976023,6.12927988036538,-31.922482192665,-0.410851140668299,TRUE
4293,6,-4.17055555555556,7.07433402178975,2.88808477056601,-11.5946138065504,3.2535026954393,FALSE
4294,6,-12.4427777777778,5.98523643519496,2.44346254269037,-18.7238982060754,-6.1616573494802,TRUE
4295,6,-13.0694444444444,10.5137977949965,4.29223997609007,-24.1029985611736,-2.03589032771526,TRUE
4296,6,-5.52388888888889,12.386540798906,5.05678410591427,-18.5227662582865,7.47498848050875,TRUE
4297,6,-13.1372222222222,7.04170983550213,2.87476600228632,-20.5270434894042,-5.7474009550402,TRUE
4298,6,-15.9872222222222,9.1620816209871,3.74040415885836,-25.602237210922,-6.37220723352238,TRUE
4299,6,-13.3211111111111,6.755587536474,2.75795706284449,-20.410665440324,-6.23155678189817,TRUE
4300,6,-13.1005555555556,7.59007492765436,3.09863511370752,-21.065850694117,-5.13526041699415,TRUE
4301,6,-15.9766666666667,8.8691512809538,3.62081584831477,-25.2842701165287,-6.66906321680463,TRUE
4302,6,-9.78166666666666,11.1389967132493,4.5474763656666,-21.4713268102347,1.90799347690133,TRUE
4303,6,-5.15222222222222,7.74696404095513,3.16268482600495,-13.2821623877932,2.9777179433487,FALSE
4304,6,-9.91944444444445,12.5696363275716,5.13153254248357,-23.1104687871293,3.27157989824045,TRUE
4305,6,-17.0155555555556,9.70908593172548,3.96371773359367,-27.204616363121,-6.82649474799013,TRUE
4306,6,-4.21388888888889,4.6921993974239,1.91558238251388,-9.138050166044,0.71027238826621,FALSE
4307,6,-18.2894444444445,10.4220069333367,4.25476651373724,-29.226669959531,-7.35221892935786,TRUE
4308,6,-7.40111111111112,12.0975682894753,4.93881157294814,-20.096730430162,5.29450820793977,TRUE
4309,6,-13.0361111111111,10.0608785604145,4.10733647285374,-23.5943556410754,-2.47786658114676,TRUE
4310,6,-11.2561111111111,4.46523629667963,1.82292508463665,-15.9420892214039,-6.57013300081835,TRUE
4311,6,-17.1433333333333,7.80082958551346,3.1846753424858,-25.3298019211262,-8.95686474554048,TRUE
4312,6,-12.6233333333333,8.57970913777902,3.50265158817547,-21.6271858824599,-3.61948078420679,TRUE
4313,6,-14.4227777777778,8.5106888131381,3.47447415863355,-23.354197938349,-5.4913576172066,TRUE
4314,6,-15.2994444444444,4.73971561109673,1.93498079551513,-20.2734709297007,-10.3254179591882,TRUE
4315,6,-18.9766666666667,10.0464600730805,4.10145015004856,-29.5197799221493,-8.43355341118401,TRUE
4316,6,-16.4988888888889,8.68519728341572,3.54571694329586,-25.6134444576331,-7.38433332014465,TRUE
4317,6,-17.2572222222222,7.33986055473556,2.99648552371393,-24.9599334802284,-9.55451096421602,TRUE
4318,6,-15.6477777777778,9.72286529936672,3.96934313687688,-25.8512991448411,-5.4442564107144,TRUE
4319,6,-21.0738888888889,8.9693124762323,3.66170648505803,-30.4866050668108,-11.661172710967,TRUE
4320,6,-19.7388888888889,6.45564237845611,2.63550496485077,-26.5136700792636,-12.9641076985142,TRUE
4321,6,-7.99388888888889,8.78578357137045,3.58678112339748,-17.2140032930977,1.22622551531989,TRUE
4322,6,-15.6522222222222,5.71155968839284,2.33173447866869,-21.6461365186149,-9.65830792582958,TRUE
4323,6,-15.4211111111111,4.88328653750806,1.99359338078286,-20.5458060433963,-10.2964161788259,TRUE
4324,6,-14.4272222222222,10.3669400642763,4.23228555858211,-25.3066586023393,-3.54778584210516,TRUE
4325,6,-14.4783333333333,16.581332308084,6.76930056838852,-31.8793744143954,2.92270774772878,TRUE
4326,6,-16.5911111111111,9.29636838691245,3.79522650147931,-26.3470514179394,-6.83517080428285,TRUE
4327,6,-14.4238888888889,11.0167630690016,4.49757468936534,-25.9852726897891,-2.86250508798871,TRUE
4328,6,-20.385,12.1200441418338,4.94798730125021,-33.1042062795529,-7.66579372044706,TRUE
4329,6,-14.2116666666667,14.5783636865657,5.95159205280091,-29.5107210907141,1.08738775738079,TRUE
4330,6,-13.9961111111111,12.5294932799316,5.11514421191055,-27.1450079089086,-0.847214313313623,TRUE
4331,6,-12.7305555555556,8.87165008243592,3.62183597974806,-22.04078133675,-3.42032977436115,TRUE
4332,6,-13.1383333333333,5.66125889023123,2.31119926381025,-19.07946017942,-7.19720648724669,TRUE
4333,6,-11.935,6.95680410341799,2.84010338231238,-19.2357181659015,-4.63428183409854,TRUE
4334,6,-18.1044444444444,9.58749362837202,3.91407788361606,-28.1659019553337,-8.04298693355518,TRUE
4335,6,-11.5561111111111,8.73978067781431,3.56800052074679,-20.7279484392837,-2.38427378293849,TRUE
4336,6,-15.1177777777778,11.1408931751786,4.54825059300717,-26.8094281360841,-3.42612741947143,TRUE
4337,6,-6.67666666666667,11.8700968825027,4.84594675992215,-19.1335693841832,5.78023605084986,TRUE
4338,6,-7.04888888888889,11.7365608566028,4.79143090563318,-19.365654141616,5.26787636383822,TRUE
4339,6,-16.4011111111111,6.07626408125793,2.48062442358052,-22.777759195403,-10.0244630268192,TRUE
4340,6,-11.7755555555556,9.44266809438629,3.85495310695087,-21.6850279895132,-1.86608312159789,TRUE
4341,6,-12.6505555555556,9.86060431248548,4.0255748535128,-22.9986251519899,-2.30248595912125,TRUE
4342,6,-16.4905555555556,13.6246683819651,5.56224757507428,-30.7887681373536,-2.19234297375747,TRUE
4343,6,-9.01611111111111,6.23671687728467,2.54612900325859,-15.5611440780744,-2.47107814414779,TRUE
4344,6,-7.92333333333333,7.00753467506385,2.86081405146106,-15.2772899691523,-0.569376697514403,TRUE
4345,6,-15.1088888888889,11.1466841440586,4.55061474615258,-26.8066164963275,-3.41116128145032,TRUE
4346,6,-16.4288888888889,9.11326058655838,3.72047305501416,-25.9926693440826,-6.86510843369513,TRUE
4347,6,-15.8216666666667,13.1961701093748,5.38731388782257,-29.6701978895746,-1.97313544375871,TRUE
4348,6,-13.9183333333333,11.1108107014945,4.53596947455272,-25.5784140716193,-2.25825259504732,TRUE
4349,6,-12.2405555555556,10.3296519069385,4.21706273209444,-23.0808604144163,-1.40025069669475,TRUE
4350,6,-15.0633333333333,16.6097587112048,6.78090559886662,-32.4942060949445,2.36753942827778,TRUE
4351,6,-13.3327777777778,8.46284255283496,3.45494100465971,-22.2139863675511,-4.45156918800446,TRUE
4352,6,-16.0933333333333,10.6677828582659,4.35510411492674,-27.288484863469,-4.89818180319769,TRUE
4353,6,-12.67,5.19049002182517,2.11900867807987,-18.1170852174278,-7.22291478257218,TRUE
4354,6,-17.6127777777778,7.83892776586941,3.2002288594859,-25.8392279538513,-9.38632760170422,TRUE
4355,6,-18.1816666666667,7.87925229109125,3.21669127797148,-26.4504348366699,-9.91289849666341,TRUE
4356,6,-10.94,13.2560506939284,5.41176003409858,-24.8513720424764,2.97137204247638,TRUE
4357,6,-1.5838888888889,8.50462316538394,3.47199786830736,-10.5089435425278,7.34116576475001,FALSE
4358,6,-17.7838888888889,9.31300128653288,3.8020168543148,-27.5572843533736,-8.01049342440414,TRUE
4359,6,-14.0627777777778,12.9802341044916,5.29915838297944,-27.6846980612246,-0.440857494330935,TRUE
4360,6,-12.2794444444444,7.21539724529478,2.94567359040926,-19.8515394696641,-4.7073494192248,TRUE
4361,6,-6.03611111111111,8.76699655061632,3.5791113542917,-15.236509746173,3.16428752395081,TRUE
4362,6,-10.2038888888889,11.1954658315402,4.5705297866729,-21.952809737745,1.54503195996717,TRUE
4363,6,-10.3633333333333,12.0240294595632,4.90878947135382,-22.9817783833582,2.25511171669158,TRUE
4364,6,-27.2411111111111,10.0218152417983,4.09138893980884,-37.758361202307,-16.7238610199152,FALSE
4365,6,-15.6111111111111,12.2301962674661,4.99295671823054,-28.4459149571128,-2.77630726510938,TRUE
4366,6,-11.7066666666667,6.97398945288053,2.84711927185149,-19.0254197507782,-4.38791358255515,TRUE
4367,6,-13.3938888888889,7.91307481090398,3.2304992638642,-21.6981516166147,-5.08962616116307,TRUE
4368,6,-14.1466666666667,14.7860830963894,6.03639314675761,-29.6637092424813,1.37037590914797,TRUE
4369,6,-12.1483333333333,12.8116503837545,5.23033436718845,-25.5933358519323,1.29666918526565,TRUE
4370,6,-17.2933333333333,15.6454571326276,6.38723112792088,-33.7122336507776,-0.874433015889064,TRUE
4371,6,-20.455,9.42375055083932,3.84723005213804,-30.3446196895402,-10.5653803104598,TRUE
4372,6,-14.7533333333333,10.4016624739617,4.24646092297696,-25.6692086476773,-3.83745801898934,TRUE
4373,6,-12.1922222222222,11.1158866626237,4.5380417270062,-23.857629855024,-0.526814589420443,TRUE
4374,6,-10.5977777777778,4.13163979642555,1.68673488370319,-14.9336678313593,-6.26188772419622,TRUE
4375,6,-23,8.67599113774456,3.54195855006384,-32.1048943113708,-13.8951056886292,TRUE
4376,6,-7.70833333333333,8.63792715618484,3.52641899466384,-16.7732819458591,1.3566152791924,TRUE
4377,6,-11.3794444444444,10.920200530651,4.45815319816082,-22.8394920761206,0.0806031872317146,TRUE
4378,6,-17.6694444444444,14.0115313488833,5.72018371996245,-32.3736448114825,-2.9652440774064,TRUE
4379,6,-14.9844444444444,12.6109956725015,5.14841742434592,-28.2188727577416,-1.75001613114734,TRUE
4380,6,-15.1083333333333,15.1472500987986,6.18383895806313,-31.0043974334306,0.787730766763929,TRUE
4381,6,-15.9777777777778,13.6733648084583,5.58212780794184,-30.3270941250734,-1.62846143048215,TRUE
4382,6,-16.9916666666667,10.8254812056247,4.41948419564496,-28.3523124628734,-5.63102087045997,TRUE
4383,6,-9.26444444444445,11.1837301800759,4.5657387270251,-21.0010494823964,2.47216059350754,TRUE
4384,6,-10.5166666666667,8.12949253575455,3.31885143006053,-19.0480458679559,-1.98528746537746,TRUE
4385,6,-15.3088888888889,16.5041439465186,6.73778855173575,-32.6289257523391,2.01114797456133,TRUE
4386,6,-12.4944444444444,19.0622960802693,7.78214978708596,-32.4990973293286,7.51020844043972,TRUE
4387,6,-20.66,5.20401298145106,2.12452940322914,-26.1212766932161,-15.1987233067839,FALSE
4388,6,-8.48166666666667,7.57691603930429,3.0932630200342,-16.4331523988121,-0.530180934521223,TRUE
4389,6,-10.8455555555556,14.5077571077095,5.92276703768737,-26.0705129193402,4.3794018082291,TRUE
4390,6,-11.8783333333333,10.0341516277605,4.09642524828842,-22.4085296676255,-1.34813699904116,TRUE
4391,6,-15.1333333333333,9.75904230273989,3.98411233665808,-25.3748201370811,-4.89184652958552,TRUE
4392,6,-11.99,5.9969347725873,2.44823836893206,-18.2833970804846,-5.69660291951537,TRUE
4393,6,-20.2361111111111,12.9949823507497,5.30517932930164,-33.8735087298071,-6.59871349241508,TRUE
4394,6,-11.1511111111111,11.5378061975339,4.71028965584658,-23.259296141016,0.957073918793741,TRUE
4395,6,-15.8811111111111,12.5950914013122,5.14192453282179,-29.0988489153955,-2.66337330682668,TRUE
4396,6,-13.1083333333333,14.453221055837,5.90050278774175,-28.2760586206237,2.05939195395704,TRUE
4397,6,-14.5933333333333,5.57800043822954,2.27720914311389,-20.4470857925668,-8.73958087409984,TRUE
4398,6,-17.78,9.83089122217423,4.01344453518883,-28.0968876204902,-7.46311237950978,TRUE
4399,6,-14.735,15.2311678621321,6.21809824148354,-30.7191303917597,1.2491303917597,TRUE
4400,6,-18.3444444444444,11.2877425489711,4.60820159881365,-30.190203769305,-6.49868511958387,TRUE
4401,6,-12.0744444444444,6.611123510726,2.69897987129934,-19.0123930763546,-5.13649581253432,TRUE
4402,6,-13.3111111111111,6.91758264349835,2.82409128835069,-20.5706688791242,-6.05155334309807,TRUE
4403,6,-12.6933333333333,8.96041566496158,3.65807437706618,-22.0967128804263,-3.28995378624039,TRUE
4404,6,-14.5488888888889,13.0062514313808,5.3097799122044,-28.1981126824281,-0.899665095349672,TRUE
4405,6,-17.0383333333333,11.9345704665992,4.87226799040964,-29.5628969278326,-4.51376973883407,TRUE
4406,6,-13.9833333333333,9.48202135037087,3.87101900643076,-23.9341044766672,-4.0325621899995,TRUE
4407,6,-6.51055555555556,5.33403846033156,2.17761208269886,-12.1082856204034,-0.912825490707719,FALSE
4408,6,-14.0411111111111,12.2901338328608,5.0174261268375,-26.9388155744067,-1.14340664781556,TRUE
4409,6,-14.0355555555556,4.32496354084398,1.76565897186809,-18.574326436568,-9.49678467454316,TRUE
4410,6,-19.4938888888889,8.9341259391334,3.64734164144007,-28.8696790607347,-10.1180987170431,TRUE
4411,6,-17.8455555555556,12.5713154384039,5.13221803661036,-31.0383420169912,-4.6527690941199,TRUE
4412,6,-19.0672222222222,11.3467413661205,4.63228776505428,-30.9748970085111,-7.15954743593334,TRUE
4413,6,-7.82888888888889,9.33623518380977,3.81150205315891,-17.6266668332297,1.96888905545192,TRUE
4414,6,-24.1633333333333,7.87119276574748,3.21340099052794,-32.4236435502002,-15.9030231164665,FALSE
4415,6,-11.5105555555556,11.1572609973489,4.55493272842682,-23.2193828897949,0.198271778683793,TRUE
4416,6,-15.36,10.897858709143,4.44903218772436,-26.7966013279255,-3.92339867207446,TRUE
4417,6,-14.1272222222222,8.67737784680927,3.54252467166888,-23.2335717955077,-5.0208726489367,TRUE
4418,6,-10.8422222222222,11.5499782908246,4.71525889212385,-22.9631810806384,1.27873663619396,TRUE
4419,6,-18.9877777777778,5.783779489675,2.36121808907977,-25.0574821075421,-12.9180734480134,TRUE
4420,6,-13.0927777777778,8.79381131292953,3.59005843516526,-22.3213167800865,-3.86423877546904,TRUE
4421,6,-15.02,4.91959347914033,2.00841562763621,-20.1827967308097,-9.85720326919026,TRUE
4422,6,-20.735,8.04456496993812,3.28417989650272,-29.1772531869118,-12.2927468130882,TRUE
4423,6,-6.08277777777778,11.1428154065831,4.54903534069193,-17.7764453942281,5.61088983867255,TRUE
4424,6,-17.2822222222222,11.9544769236683,4.88039476747729,-29.8276763622339,-4.73676808221057,TRUE
4425,6,-9.81611111111111,13.8037942314852,5.63537539691878,-24.3023047434223,4.6700825212001,TRUE
4426,6,-20.1844444444444,7.00414882342892,2.85943178331933,-27.5348478468863,-12.8340410420026,TRUE
4427,6,-15.845,6.44380934610025,2.63067414962049,-22.6073631844924,-9.08263681550757,TRUE
4428,6,-16.5511111111111,8.54165210838869,3.48711487098673,-25.5150252572469,-7.58719696497535,TRUE
4429,6,-19.1911111111111,8.39911997153846,3.42892636978147,-28.0054469530057,-10.3767752692165,TRUE
4430,6,-19.6227777777778,7.07818665311224,2.8896576007172,-27.0508791173898,-12.1946764381657,TRUE
4431,6,-21.2211111111111,8.62373640770807,3.52062564585779,-30.2711674464285,-12.1710547757937,TRUE
4432,6,-13.835,6.1296020352965,2.50239955213361,-20.2676228342191,-7.40237716578089,TRUE
4433,6,-16.445,11.3706035704159,4.6420294691646,-28.377716633923,-4.51228336607699,TRUE
4434,6,-19.9672222222222,7.6348250119412,3.11690425911574,-27.9794796941226,-11.9549647503218,TRUE
4435,6,-6.94555555555556,16.3454535529563,6.67300346985089,-24.0990570642923,10.2079459531812,TRUE
4436,6,-19.2194444444444,18.4845319619365,7.54627857348521,-38.617771072097,0.178882183208145,TRUE
4437,6,-12.2055555555556,15.4535154816223,6.30887127702916,-28.4230254636544,4.01191435254327,TRUE
4438,6,-15.2238888888889,7.5317005359323,3.07480386808012,-23.1279238603199,-7.31985391745784,TRUE
4439,6,-15.1505555555556,9.08450681512619,3.70873437698258,-24.6841607782269,-5.61695033288418,TRUE
4440,6,-4.10222222222222,7.71124652458751,3.14810321100826,-12.1946791531484,3.99023470870396,FALSE
4441,6,-12.7661111111111,8.85885531021968,3.6166125358639,-22.0629096023374,-3.46931261988479,TRUE
4442,6,-13.2344444444444,13.9337217915015,5.68841810117955,-27.8569886888414,1.38809979995252,TRUE
4443,6,-18.2666666666667,6.49748532553598,2.6525872764641,-25.0853593369853,-11.447973996348,TRUE
4444,6,-12.2205555555556,7.88905977123219,3.22069516497278,-20.4996160447563,-3.94149506635483,TRUE
4445,6,-7.71555555555556,5.45021086917916,2.22503927000996,-13.4352010866206,-1.99591002449048,FALSE
4446,6,-24.4588888888889,6.78377563395576,2.76946480545285,-31.57802481222,-17.3397529655577,FALSE
4447,6,-17.7772222222222,6.94799488794883,2.83650703515677,-25.0686956834508,-10.4857487609936,TRUE
4448,6,-22.7061111111111,14.586392656882,5.95486986620672,-38.0135914227602,-7.39863079946208,TRUE
4449,6,-19.3172222222222,7.94027523079274,3.24160378878369,-27.6500300399994,-10.984414404445,TRUE
4450,6,-16.0483333333333,8.73693176502293,3.56683745697003,-25.2171809108877,-6.87948575577895,TRUE
4451,6,-11.5561111111111,16.4382369177161,6.71088211989754,-28.8069827896163,5.69476056739403,TRUE
4452,6,-8.18666666666667,15.7296913863912,6.42161961801838,-24.6939654121105,8.32063207877718,TRUE
4453,6,-14.5605555555556,7.23554909738996,2.9539005495768,-22.1537986525738,-6.96731245853731,TRUE
4454,6,-9.365,13.930604637113,5.68714552822936,-23.9842729914867,5.25427299148669,TRUE
4455,6,-22.6305555555556,8.75047742612854,3.5723674499596,-31.8136184326401,-13.447492678471,TRUE
4456,6,-20.3833333333333,6.52409278495231,2.6634497262844,-27.2299488198505,-13.5367178468161,TRUE
4457,6,-12.0844444444444,11.6235163290569,4.74528067051627,-24.2825767410697,0.113687852180778,TRUE
4458,6,-12.0716666666667,4.73646692048925,1.93365452312837,-17.0422838602165,-7.10104947311686,TRUE
4459,6,-13.3288888888889,14.9916608918524,6.12031993031269,-29.0616721300336,2.40389435225582,TRUE
4460,6,-11.4761111111111,13.3193090272342,5.43758514052827,-25.453868703079,2.50164648085678,TRUE
4461,6,-11.6888888888889,6.74771884636798,2.75474468356052,-18.7701855342653,-4.60759224351251,TRUE
4462,6,-16.9822222222222,5.2938159589664,2.16119131527835,-22.5377413606117,-11.4267030838327,TRUE
4463,6,-14.1616666666667,9.94255964137114,4.05903297642477,-24.595743106113,-3.72759022722035,TRUE
4464,6,-16.7227777777778,12.6062889801818,5.14649592525264,-29.9522667204085,-3.49328883514705,TRUE
4465,6,-19.25,13.5234574803274,5.52092839750439,-33.4419982544735,-5.05800174552652,TRUE
4466,6,-13.0477777777778,9.28902953109903,3.79223042613952,-22.7960164277594,-3.29953912779618,TRUE
4467,6,-20.3877777777778,8.89599377164716,3.63177424925213,-29.723550694037,-11.0520048615185,TRUE
4468,6,-15.2294444444444,7.79010637972341,3.18029761205372,-23.4046597179073,-7.05422917098161,TRUE
4469,6,-20.1466666666667,12.0080106595556,4.9022498236354,-32.7483010170552,-7.54503231627818,TRUE
4470,6,-17.5533333333333,3.28831736775986,1.34244994389059,-21.0042107743495,-14.1024558923172,FALSE
4471,6,-12.4644444444445,10.5462586660793,4.30549207121656,-23.5320641561899,-1.396824732699,TRUE
4472,6,-11.6661111111111,5.557963822467,2.26902922898215,-17.4988364316605,-5.83338579056173,TRUE
4473,6,-1.71444444444445,9.31107409167926,3.80123008031042,-11.4858174419648,8.0569285530759,FALSE
4474,6,-17.3816666666667,9.83794168851731,4.01632287602036,-27.7059532978152,-7.05738003551813,TRUE
4475,6,-10.7244444444444,8.13322914323065,3.32037689367478,-19.2597449747914,-2.18914391409751,TRUE
4476,6,-13.8311111111111,6.93073466257098,2.82946057765324,-21.1044710766756,-6.55775114554666,TRUE
4477,6,-19.9288888888889,11.8535640522478,4.83919726023406,-32.3684414651076,-7.4893363126702,TRUE
4478,6,-19.6066666666667,16.2473022717961,6.6329333771104,-36.6571647228525,-2.55616861048085,TRUE
4479,6,-4.95944444444444,10.4295425310704,4.25784290862966,-15.9045780843607,5.98568919547186,TRUE
4480,6,-11.7344444444444,9.38047965290254,3.82956478202851,-21.5786541115195,-1.89023477736941,TRUE
4481,6,-15.2588888888889,9.34733608317641,3.81603397634795,-25.0683165126599,-5.44946126511783,TRUE
4482,6,-14.6816666666667,9.65551350841119,3.94184688335961,-24.8145066638905,-4.54882666944285,TRUE
4483,6,-8.29166666666667,8.32367780624781,3.39812723477266,-17.0268308115543,0.443497478221001,TRUE
4484,6,-14.3516666666667,7.2676897597823,2.96702192005285,-21.9786393202893,-6.72469401304404,TRUE
4485,6,-12.7222222222222,12.0573466155455,4.92239114332671,-25.3756314831549,-0.0688129612895185,TRUE
4486,6,-17.5372222222222,8.58552539430735,3.50502606496006,-26.5471785582404,-8.52726588620406,TRUE
4487,6,-12.9827777777778,6.49801898587106,2.65280514238359,-19.8020304902716,-6.16352506528393,TRUE
4488,6,-10.0638888888889,5.57156288333561,2.27458102233367,-15.9108855485829,-4.21689222919487,TRUE
4489,6,-10.5272222222222,6.31432601019008,2.5778127990916,-17.1537009792379,-3.90074346520655,TRUE
4490,6,-7.41,9.8883406090203,4.03689814915693,-17.7871770545367,2.96717705453667,TRUE
4491,6,-12.0777777777778,6.17614430842727,2.52140035557355,-18.5592437321821,-5.59631182337346,TRUE
4492,6,-10.3744444444444,8.09823291195655,3.30608974208445,-18.8730186824303,-1.87587020645861,TRUE
4493,6,-8.11222222222223,11.0320417505186,4.50381218497518,-19.6896400160369,3.46519557159246,TRUE
4494,6,-15.1044444444444,11.0391947505577,4.50673238501283,-26.6893688514324,-3.51952003745654,TRUE
4495,6,-11.0722222222222,18.7938828897616,7.67257056092323,-30.7951927387694,8.65074829432494,TRUE
4496,6,-17.8805555555556,9.46938116402702,3.86585867196474,-27.8180616368452,-7.94304947426589,TRUE
4497,6,-17.1494444444445,9.46889373256023,3.8656596789017,-27.0864389977809,-7.21244989110803,TRUE
4498,6,-18.9483333333333,8.34199250112879,3.4056041776482,-27.7027175717629,-10.1939490949037,TRUE
4499,6,-9.105,12.8558373684659,5.24837362815766,-22.5963739151747,4.38637391517473,TRUE
4500,6,-9.3,11.5624551410541,4.72035254490045,-21.4340525097207,2.83405250972074,TRUE
4501,6,-9.12833333333332,9.12303159895633,3.72446205412172,-18.7023678371753,0.445701170508693,TRUE
4502,6,-16.9033333333333,8.0768175801006,3.29734696946455,-25.3794335588293,-8.42723310783732,TRUE
4503,6,-26.2538888888889,13.3162371089111,5.4363310351244,-40.2284227002856,-12.2793550774921,TRUE
4504,6,-10.1227777777778,11.1856593540652,4.56652630900822,-21.8614073596696,1.61585180411408,TRUE
4505,6,-18.5583333333333,14.0814088231414,5.74871107937023,-33.3358656122837,-3.78080105438299,TRUE
4506,6,-17.4277777777778,11.879306314702,4.84970649487366,-29.8943452016675,-4.96121035388809,TRUE
4507,6,-13.4866666666667,7.87434540489275,3.21468805006944,-21.7502853754123,-5.22304795792104,TRUE
4508,6,-17.3944444444444,4.98394697076598,2.03468783057776,-22.6247760229179,-12.164112865971,TRUE
4509,6,-14.4494444444444,6.98402857849144,2.85121772771989,-21.7787329447655,-7.12015594412344,TRUE
4510,6,-16.1788888888889,8.61143546342541,3.51560380638331,-25.2160361748717,-7.14174160290607,TRUE
4511,6,-18.365,8.430659589327,3.44180236482552,-27.2124346408706,-9.51756535912941,TRUE
4512,6,-15.2533333333333,6.97321542283998,2.84680327541066,-22.571274122734,-7.93539254393272,TRUE
4513,6,-7.78722222222222,8.39147859217688,3.42580678972032,-16.5935389282768,1.01909448383237,TRUE
4514,6,-3.82611111111111,15.4393895124943,6.30310437428149,-20.0287567237589,12.3765345015367,TRUE
4515,6,-11.7388888888889,7.8416777305389,3.20135152786105,-19.9682249758951,-3.50955280188272,TRUE
4516,6,-19.0938888888889,10.2406326663643,4.18072077931161,-29.8407737840546,-8.34700399372317,TRUE
4517,6,-19.8783333333333,11.9444184547521,4.87628841473755,-32.4132317575815,-7.3434349090852,TRUE
4518,6,-17.8161111111111,9.5610590804963,3.90328602463661,-27.8498272653351,-7.78239495688717,TRUE
4519,6,-14.6233333333333,15.6236328112965,6.37832138604693,-31.0193304301562,1.77266376348955,TRUE
4520,6,-18.15,14.340270879202,5.85439107122294,-33.1991913463971,-3.10080865360289,TRUE
4521,6,-12.7322222222222,5.72900909278256,2.33885816818041,-18.7444485454764,-6.71999589896805,TRUE
4522,6,-9.22888888888889,4.35378490086074,1.77742524282378,-13.7979059322931,-4.65987184548463,FALSE
4523,6,-20.0533333333333,7.54393413427121,3.0797982136882,-27.9702066788654,-12.1364599878013,TRUE
4524,6,-12.0344444444444,10.8218011782115,4.41798183074468,-23.391228288728,-0.677660600160902,TRUE
4525,6,-10.3155555555556,4.31720108232003,1.76248996144589,-14.8461802359397,-5.78493087517141,TRUE
4526,6,-8.40666666666667,10.6266516101943,4.33831235321687,-19.5586535991626,2.74532026582925,TRUE
4527,6,-4.53722222222223,10.9997643240746,4.49063498080886,-16.0807669343625,7.00632248991806,TRUE
4528,6,-12.3911111111111,15.503861263378,6.32942485636299,-28.6614156769028,3.87919345468057,TRUE
4529,6,-18.3572222222222,10.9141281357222,4.45567415331214,-29.8108972662406,-6.90354717820383,TRUE
4530,6,-21.0305555555556,11.8819615695701,4.85079049813431,-33.4999094985369,-8.56120161257427,TRUE
4531,6,-15.0461111111111,10.9182394626132,4.45735259548691,-26.5041007280961,-3.58812149412609,TRUE
4532,6,-11.2977777777778,7.43723056779327,3.03623666508719,-19.1026725977439,-3.49288295781167,TRUE
4533,6,-14.7961111111111,11.5031749079532,4.69615149107868,-26.8679528314744,-2.72426939074786,TRUE
4534,6,-12.3677777777778,10.2869536936985,4.19963125953332,-23.1632736099046,-1.57228194565097,TRUE
4535,6,-15.1727777777778,10.7850034598803,4.40295922514297,-26.4909447849776,-3.85461077057791,TRUE
4536,6,-17.8738888888889,9.62355868958318,3.92880138320099,-27.9731943603682,-7.7745834174096,TRUE
4537,6,-13.4877777777778,18.011074453318,7.35299035498442,-32.3892412219097,5.41368566635417,TRUE
4538,6,-13.0872222222222,10.2311809716217,4.17686214109097,-23.8241881720677,-2.35025627237678,TRUE
4539,6,-12.5166666666667,10.2718419856313,4.19346193054891,-23.2963037337681,-1.73702959956525,TRUE
4540,6,-15.6983333333333,12.9391745829821,5.28239590351589,-29.277164291551,-2.11950237511571,TRUE
4541,6,-12.3805555555556,9.88406156207876,4.03515123555824,-22.753242025727,-2.00786908538413,TRUE
4542,6,-13.6144444444444,9.69006241618854,3.9559514158971,-23.7835412968093,-3.44534759207959,TRUE
4543,6,-24.7461111111111,7.65529661713354,3.12526175693856,-32.7798522151062,-16.712370007116,FALSE
4544,6,-18.3566666666667,8.7971856610825,3.59143600703014,-27.5887468301886,-9.12458650314478,TRUE
4545,6,-17.3366666666667,14.2657303431063,5.82396002479159,-32.3076325178679,-2.3657008154654,TRUE
4546,6,-14.4866666666667,7.60361609878996,3.10416327367451,-22.4661723928237,-6.50716094050962,TRUE
4547,6,-11.5516666666667,8.65923675107172,3.53511860034688,-20.6389783275384,-2.4643550057949,TRUE
4548,6,-7.50944444444444,10.4835868367159,4.27990640401873,-18.5112941048385,3.49240521594963,TRUE
4549,6,-8.38333333333334,11.1043753138621,4.53334223855335,-20.0366605464814,3.26999387981475,TRUE
4550,6,-19.035,6.13154856278394,2.5031942186527,-25.4696655895385,-12.6003344104615,TRUE
4551,6,-5.84888888888889,3.14308529715393,1.2831591993452,-9.14735461895529,-2.55042315882249,FALSE
4552,6,-7.35388888888889,5.65586319835606,2.30899648182634,-13.2893533036198,-1.41842447415795,FALSE
4553,6,-8.19055555555555,13.2301145399706,5.40117164358408,-22.0747092737067,5.69359816259563,TRUE
4554,6,-15.4477777777778,10.360473319661,4.22964552114807,-26.3204277256215,-4.57512782993407,TRUE
4555,6,-10.9816666666667,16.5070919102467,6.73899205288809,-28.3047972283183,6.34146389498493,TRUE
4556,6,-15.3088888888889,11.7905381399506,4.81346703928381,-27.682299826506,-2.93547795127182,TRUE
4557,6,-18.2388888888889,10.3769444585724,4.23636983545064,-29.1288242369359,-7.34895354084188,TRUE
4558,6,-9.20833333333333,9.48374861422306,3.87172415894559,-19.1609171289132,0.7442504622465,TRUE
4559,6,-11.7344444444444,6.34508161813074,2.59036872345556,-18.3931992325597,-5.07568965632916,TRUE
4560,6,-13.5511111111111,9.94774807943245,4.06115114739347,-23.9906324823743,-3.11158973984787,TRUE
4561,6,-20.6094444444444,14.6200505268418,5.96861063407847,-35.9522465243923,-5.2666423644966,TRUE
4562,6,-16.8288888888889,11.9165919189575,4.86492827906988,-29.3345851547394,-4.32319262303842,TRUE
4563,6,-11.7355555555556,7.87793731228526,3.21615444012194,-20.0029437399341,-3.46816737117703,TRUE
4564,6,-14.9416666666667,9.38259399100271,3.83042795694337,-24.7880951954988,-5.09523813783452,TRUE
4565,6,-14.6522222222222,7.68835646839981,3.138758384701,-22.7206575123858,-6.58378693205865,TRUE
4566,6,-11.7055555555556,12.0364013940429,4.91384029245488,-24.3369841545579,0.925873043446792,TRUE
4567,6,-13.4638888888889,9.17610312270511,3.74612841296447,-23.0936185412165,-3.83415923656132,TRUE
4568,6,-10.3611111111111,14.1042346149684,5.75802966986211,-25.1625975895136,4.4403753672914,TRUE
4569,6,-16.2011111111111,7.92279963611817,3.23446940713296,-24.5155794170084,-7.88664280521377,TRUE
4570,6,-16.2583333333333,8.3434564513489,3.40620183282288,-25.014253893299,-7.50241277336773,TRUE
4571,6,-12.85,11.4669176329125,4.68134952052646,-24.8837920437301,-0.816207956269912,TRUE
4572,6,-8.63777777777778,6.93359732403403,2.83062925430171,-15.9141419223065,-1.36141363324905,TRUE
4573,6,-13.0255555555556,12.9302748388194,5.27876259817594,-26.595046805063,0.543935693951871,TRUE
4574,6,-11.0827777777778,13.776571967844,5.62426195432469,-25.5404033964252,3.37484784086968,TRUE
4575,6,-11.19,8.76301647709154,3.57748649607928,-20.3862218040556,-1.99377819594438,TRUE
4576,6,-12.4127777777778,9.8577911469201,4.02442638347993,-22.7578951380068,-2.06766041754872,TRUE
4577,6,-11.58,5.83260033489924,2.38114911568157,-17.7009386647125,-5.45906133528749,TRUE
4578,6,-15.8472222222222,10.4244416672584,4.25576048969852,-26.78700283386,-4.9074416105845,TRUE
4579,6,-13.1266666666667,12.5581773270558,5.12685442511257,-26.3056655258127,0.052332192479362,TRUE
4580,6,-16.0438888888889,6.67003128983721,2.72302887141652,-23.0436574436654,-9.04412033411235,TRUE
4581,6,-18.8533333333333,10.3610602203099,4.22988512233467,-29.7265991956351,-7.98006747103155,TRUE
4582,6,-5.53444444444444,13.3133913646985,5.43516926491454,-19.5059918304425,8.43710294155365,TRUE
4583,6,-14.1122222222222,10.2935441832175,4.2023218156128,-24.9146343489347,-3.30981009550974,TRUE
4584,6,-17.4722222222222,7.16220563999873,2.92395820848012,-24.9884960811009,-9.95594836334352,TRUE
4585,6,-14.2377777777778,6.39056306566927,2.60893644666099,-20.9442624178941,-7.53129313766151,TRUE
4586,6,-7.81111111111111,11.4784154281303,4.68604347576824,-19.856969350923,4.23474712870079,TRUE
4587,6,-10.015,12.3763016823821,5.05260400409751,-23.0031320755964,2.97313207559638,TRUE
4588,6,-8.49944444444444,7.89205491242558,3.22191792624468,-16.78164814156,-0.217240747328848,TRUE
4589,6,-15.955,3.68748981166201,1.50541141171393,-19.8247832301114,-12.0852167698886,TRUE
4590,6,-18.64,12.4331360127327,5.07580652230282,-31.687776047436,-5.59222395256403,TRUE
4591,6,-13.9083333333333,4.21901081086814,1.72240395098548,-18.3359136433648,-9.48075302330185,TRUE
4592,6,-12.2466666666667,20.1214823840922,8.21456078490438,-33.3628674080722,8.86953407473892,TRUE
4593,6,-12.5927777777778,11.083405697341,4.52478142845692,-24.2240987279937,-0.961456827561889,TRUE
4594,6,-12.2088888888889,13.0787929559721,5.33939486560642,-25.9342403437066,1.51646256592878,TRUE
4595,6,-11.1811111111111,7.32427582060482,2.99012308264773,-18.8674671936822,-3.49475502854,TRUE
4596,6,-14.3938888888889,6.22339115012123,2.54068879792493,-20.9249373628394,-7.8628404149384,TRUE
4597,6,-14.235,7.42615071517165,3.03171333419582,-22.0282672277402,-6.44173277225983,TRUE
4598,6,-16.7116666666667,10.2729125481638,4.19389898587266,-27.4924272202445,-5.93090611308886,TRUE
4599,6,-19.02,10.793742014087,4.40652672495899,-30.3473375574255,-7.69266244257445,TRUE
4600,6,-10.4555555555556,7.28749512419633,2.97510742621689,-18.1033126644554,-2.80779844665572,TRUE
4601,6,-21.3377777777778,10.3727115637708,4.23464176338418,-32.2232709751601,-10.4522845803955,TRUE
4602,6,-19.9455555555556,10.2621006440996,4.18948504452177,-30.7149697116732,-9.17614139943789,TRUE
4603,6,-9.86111111111111,8.29986845054163,3.38840710600857,-18.5712888695578,-1.15093335266446,TRUE
4604,6,-9.71333333333334,4.95238977105441,2.02180465774369,-14.9105476617341,-4.51611900493253,TRUE
4605,6,-16.5788888888889,9.34011935842523,3.81308776080553,-26.3807430245027,-6.77703475327504,TRUE
4606,6,-11.5744444444444,18.231500537582,7.44297892705884,-30.7072308773658,7.55834198847687,TRUE
4607,6,-13.6038888888889,13.0115706484936,5.3119514734973,-27.2586948584426,0.0509170806648171,TRUE
4608,6,-11.6738888888889,8.94038836259779,3.64989826511356,-21.0562510711103,-2.29152670666747,TRUE
4609,6,-17.2422222222222,15.6677173642943,6.39631882944411,-33.6844832201298,-0.799961224314661,TRUE
4610,6,-13.9161111111111,11.0270107597797,4.50175829160667,-25.4882492039404,-2.34397301828184,TRUE
4611,6,-20.1666666666667,9.07681172610245,3.70559287004367,-29.6921963886644,-10.641136944669,TRUE
4612,6,-18.8533333333333,10.5525183934663,4.30804759422109,-29.9275222260948,-7.77914444057189,TRUE
4613,6,-11.54,8.64969877445966,3.53122473770053,-20.6173021682826,-2.46269783171742,TRUE
4614,6,-16.9594444444444,10.1804910199561,4.1561680549798,-27.6432145524274,-6.27567433646147,TRUE
4615,6,-16.9388888888889,13.3276545684639,5.44099219346828,-30.9254045892574,-2.95237318852035,TRUE
4616,6,-14.9411111111111,10.4360479251629,4.26049872464669,-25.8930717434396,-3.98915047878266,TRUE
4617,6,-7.95222222222222,12.1290061270341,4.95164601638737,-20.6808335284485,4.77638908400407,TRUE
4618,6,-13.6411111111111,8.69078481730739,3.54799804445504,-22.7615304370604,-4.52069178516184,TRUE
4619,6,-10.0988888888889,12.4976674564437,5.102151373879,-23.2143865332491,3.01660875547132,TRUE
4620,6,-18.7777777777778,12.4411569070238,5.07908103868514,-31.8339712375466,-5.72158431800894,TRUE
4621,6,-7.825,14.2964529788958,5.8365024883312,-22.8282072801503,7.17820728015033,TRUE
4622,6,-15.4327777777778,6.18500747027903,2.52501872624764,-21.9235450501115,-8.94201050544406,TRUE
4623,6,-17.3405555555556,9.29357661486127,3.79408676531205,-27.0935660772948,-7.58754503381626,TRUE
4624,6,-0.558333333333332,8.2757707261083,3.37856925120459,-9.24322208091924,8.12655541425258,FALSE
4625,6,-12.3294444444444,7.45167316533428,3.04213283084316,-20.1494958410028,-4.50939304788614,TRUE
4626,6,-4.11333333333334,13.2247564144759,5.39898419801081,-17.9918640436274,9.76519737696073,TRUE
4627,6,-8.35444444444444,7.79125568731929,3.18076681491495,-16.5308658422596,-0.178023046629292,TRUE
4628,6,-21.1238888888889,8.79567656842248,3.59081992253154,-30.3543853567894,-11.8933924209883,TRUE
4629,6,-16.0227777777778,7.30972393966243,2.98418230212996,-23.6938625978604,-8.35169295769515,TRUE
4630,6,-18.8722222222222,11.3102165548905,4.61737657331012,-30.7415665698658,-7.00287787457858,TRUE
4631,6,-21.555,10.0774932398886,4.11411938734564,-32.1306805667499,-10.9793194332501,TRUE
4632,6,-10.6711111111111,14.6752754532796,5.99115611588768,-26.0718681970734,4.72964597485116,TRUE
4633,6,-9.73777777777778,16.7000289642685,6.81775827535962,-27.2633833601764,7.78782780462082,TRUE
4634,6,-15.1116666666667,12.553307089723,5.12486615904729,-28.2855545251809,-1.93777880815246,TRUE
4635,6,-14.1622222222222,12.0932217316913,4.93703709816343,-26.8532801086237,-1.47116433582069,TRUE
4636,6,-18.0755555555556,6.89115912412956,2.81330393174035,-25.3073835406115,-10.8437275704996,TRUE
4637,6,-17.6155555555556,10.4031552193802,4.2470703337422,-28.5329974101431,-6.698113700968,TRUE
4638,6,-14.5011111111111,13.3945266876133,5.46829262179072,-28.5578047966304,-0.444417425591816,TRUE
4639,6,-18.4583333333333,10.4321773054973,4.25891855078519,-29.4062319994363,-7.5104346672304,TRUE
4640,6,-5.94722222222223,9.52356058920697,3.88797732967277,-15.9415861232448,4.04714167880037,TRUE
4641,6,-17.8711111111111,8.42575434583138,3.43979980755412,-26.713398014635,-9.02882420758719,TRUE
4642,6,-16.0566666666667,9.24831131732827,3.77560728497686,-25.7621741719243,-6.351159161409,TRUE
4643,6,-18.7283333333333,13.7168802332503,5.599892905722,-33.123316318291,-4.33335034837571,TRUE
4644,6,-22.5216666666667,8.41667729372267,3.43609411654829,-31.3544277882025,-13.6889055451308,TRUE
4645,6,-14.4088888888889,10.339651974944,4.22114524276218,-25.259688175516,-3.55808960226178,TRUE
4646,6,-6.19611111111111,11.8632136205755,4.84313668000755,-18.6457902882425,6.25356806602026,TRUE
4647,6,-18.43,10.7116802292326,4.37302514157978,-29.6712189957259,-7.18878100427409,TRUE
4648,6,-10.7688888888889,5.16724455549535,2.10951875618968,-16.1915794854842,-5.34619829229359,TRUE
4649,6,-15.8433333333333,6.23553722179929,2.54564741092335,-22.3871283277875,-9.29953833887916,TRUE
4650,6,-17.8877777777778,8.4032503411654,3.43061258612065,-26.7064481767648,-9.06910737879072,TRUE
4651,6,-12.6861111111111,13.5512599523548,5.53227870918028,-26.9072862706074,1.53506404838522,TRUE
4652,6,-16.6961111111111,7.03505868779649,2.87205068260587,-24.0789524268446,-9.3132697953776,TRUE
4653,6,-21.0394444444444,9.58761942800695,3.91412924110196,-31.1010339739541,-10.9778549149348,TRUE
4654,6,-21.0877777777778,10.7563694136527,4.3912694247215,-32.375895196352,-9.79966035920359,TRUE
4655,6,-13.5688888888889,12.4325598806193,5.07557131735245,-26.6160603227518,-0.52171745502601,TRUE
4656,6,-4.65888888888889,14.4376177885206,5.89413278053421,-19.8102395513587,10.4924617735809,TRUE
4657,6,-17.2733333333333,10.0557234117359,4.10523189221862,-27.8261678665454,-6.72049880012125,TRUE
4658,6,-8.87888888888889,8.07112677433625,3.29502370773989,-17.3490169799961,-0.408760797781717,TRUE
4659,6,-13.9216666666667,10.065208448468,4.10910414224948,-24.4844551354711,-3.35887819786222,TRUE
4660,6,-16.125,10.2222130132809,4.17320098742937,-26.8525546547455,-5.39744534525452,TRUE
4661,6,-11.14,8.91815451761181,3.6408213359076,-20.4990291928812,-1.78097080711879,TRUE
4662,6,-17.4927777777778,12.6879693527489,5.17984179771764,-30.8079850144605,-4.17757054109506,TRUE
4663,6,-16.2977777777778,12.0084715775835,4.90243799263233,-28.8998958319718,-3.69565972358374,TRUE
4664,6,-14.3861111111111,8.9874033863864,3.66909206820138,-23.8178125349069,-4.95440968731537,TRUE
4665,6,-16.3227777777778,17.4021521551109,7.10439886771604,-34.5852164602438,1.93966090468827,TRUE
4666,6,-12.8166666666667,10.8564133631283,4.43211219606618,-24.2097737713765,-1.42355956195678,TRUE
4667,6,-12.3794444444444,13.0537996880715,5.32919140671291,-26.0785670731698,1.31967818428089,TRUE
4668,6,-8.05111111111111,8.57353516264936,3.50013107338342,-17.0484844706968,0.946262248474538,TRUE
4669,6,-15.6044444444444,9.62022583857496,3.92744075247451,-25.7002523032932,-5.50863658559566,TRUE
4670,6,-10.2966666666667,9.3206273036386,3.80513016276126,-20.0780651452926,-0.515268188040716,TRUE
4671,6,-16.6566666666667,9.34642320177439,3.81566129407618,-26.4651362801594,-6.84819705317389,TRUE
4672,6,-12.1811111111111,7.3338847267451,2.99404590215272,-19.8775511222462,-4.48467109997598,TRUE
4673,6,-17.5966666666667,6.92054943226652,2.82530247479346,-24.8593378885491,-10.3339954447843,TRUE
4674,6,-16.6466666666667,5.32962370987755,2.17580976837318,-22.2397637350468,-11.0535695982865,TRUE
4675,6,-17.6583333333333,12.4803551854727,5.09508366885104,-30.755662863529,-4.56100380313762,TRUE
4676,6,-13.4333333333333,13.960241959062,5.69924491424896,-28.0837087867443,1.21704212007767,TRUE
4677,6,-18.9677777777778,10.8689573591064,4.43723326097983,-30.3740489989338,-7.56150655662174,TRUE
4678,6,-14.5561111111111,8.48161866539549,3.4626063205141,-23.4570240225841,-5.65519819963806,TRUE
4679,6,-16.2,6.47337658756576,2.64274492540252,-22.9933921014598,-9.40660789854025,TRUE
4680,6,-9.87944444444445,10.289358778567,4.20061313131933,-20.6774642583493,0.918575369460383,TRUE
4681,6,-19.1077777777778,9.15754738311925,3.73855306400026,-28.7180343756593,-9.49752117989624,TRUE
4682,6,-15.9238888888889,6.54829355775369,2.67332965040847,-22.7959015288969,-9.0518762488809,TRUE
4683,6,-18.9838888888889,11.5419625553729,4.7119864818289,-31.0964357488421,-6.87134202893566,TRUE
4684,6,-16.9538888888889,10.193654544027,4.16154204117823,-27.6514732681785,-6.25630450959928,TRUE
4685,6,-10.7622222222222,9.09558932588677,3.71325879305463,-20.3074578266653,-1.21698661777915,TRUE
4686,6,-15.5522222222222,3.0427521655141,1.24219836987635,-18.7453947880834,-12.359049656361,TRUE
4687,6,-15.8055555555556,6.5764501287774,2.68482452239422,-22.7071167046931,-8.90399440641802,TRUE
4688,6,-11.8888888888889,10.2049296729389,4.16614509328127,-22.5983057903031,-1.1794719874747,TRUE
4689,6,-14.43,9.94045404730924,4.05817337124858,-24.8618667539946,-3.9981332460054,TRUE
4690,6,-3.675,7.75504473803272,3.16598375677263,-11.8134203370794,4.46342033707935,FALSE
4691,6,-16.3516666666667,4.51064457083957,1.84146293493536,-21.085297838209,-11.6180354951243,TRUE
4692,6,-12.9311111111111,13.2342341702901,5.40285347561938,-26.8195881161428,0.957365893920581,TRUE
4693,6,-13.4772222222222,10.5667721165436,4.31386665230013,-24.5663694799822,-2.38807496446227,TRUE
4694,6,-11.7233333333333,10.5039177876109,4.28820647996512,-22.7465190181896,-0.700147648477074,TRUE
4695,6,-14.8177777777778,11.3160848484048,4.61977229410527,-26.6932805217807,-2.94227503377486,TRUE
4696,6,-14.05,9.03185596775227,3.6872397585507,-23.5283515469665,-4.57164845303353,TRUE
4697,6,-13.7983333333333,5.481467666399,2.23779980404033,-19.5507808613899,-8.04588580527675,TRUE
4698,6,-13.88,7.51606546006619,3.06842087508651,-21.7676269655847,-5.99237303441533,TRUE
4699,6,-10.4738888888889,12.8831518601564,5.25952472269519,-23.9939276051293,3.04614982735149,TRUE
4700,6,-10.5916666666667,5.50942656826563,2.24921397793063,-16.3734552627944,-4.80987807053889,TRUE
4701,6,-21.48,9.65549078101276,3.94183760493805,-31.6128161462819,-11.3471838537181,TRUE
4702,6,-14.6016666666667,13.0390740554006,5.32317969234902,-28.2853356916472,-0.917997641686171,TRUE
4703,6,-15.9677777777778,7.83434735753518,3.19835891561382,-24.1894211101001,-7.74613444545544,TRUE
4704,6,-10.6877777777778,5.16651039190184,2.10921903515771,-16.1096979169325,-5.26585763862302,TRUE
4705,6,-9.16611111111112,9.1479195975349,3.73462253699449,-18.7662639676672,0.434041745444931,TRUE
4706,6,-18.5355555555556,12.2563338122996,5.00362732622575,-31.397789072645,-5.67332203846614,TRUE
4707,6,-19.5816666666667,6.33977908833493,2.58820397473128,-26.2348567910326,-12.9284765423007,TRUE
4708,6,-25.405,4.48913193786455,1.83268043929993,-30.1160550477904,-20.6939449522096,FALSE
4709,6,-21.1688888888889,10.9129268233528,4.455183719591,-32.6213032328921,-9.71647454488565,TRUE
4710,6,-23.29,10.4750927866482,4.27643872259946,-34.2829357015259,-12.297064298474,TRUE
4711,6,-14.03,13.915884768454,5.68113616701344,-28.6338254367013,0.573825436701265,TRUE
4712,6,-11.29,7.81955241685865,3.19231890637511,-19.4961169942863,-3.08388300571376,TRUE
4713,6,-18.9372222222222,9.51676121766613,3.88520149786499,-28.924450620421,-8.94999382402349,TRUE
4714,6,-16.5922222222222,9.81641791799538,4.00753583350045,-26.8939210414801,-6.29052340296433,TRUE
4715,6,-13.2716666666667,11.7558000342148,4.79928526700321,-25.6086221980621,-0.934711135271236,TRUE
4716,6,-10.7938888888889,10.1360968636665,4.13804421656797,-21.4310701870584,-0.156707590719357,TRUE
4717,6,-9.99666666666667,10.5041818127618,4.2883142677816,-21.0201294289261,1.02679609559276,TRUE
4718,6,-13.5516666666667,12.9896315489616,5.30299487361902,-27.1834489632642,0.0801156299308818,TRUE
4719,6,-9.72666666666666,8.85467660492341,3.61490658657034,-19.0190798756265,-0.43425345770687,TRUE
4720,6,-20.455,7.03378284503517,2.87152982197966,-27.8365024008689,-13.0734975991311,TRUE
4721,6,-8.32833333333333,8.66240145045754,3.53641058346098,-17.4189661425301,0.762299475863479,TRUE
4722,6,-15.4566666666667,4.12128728541081,1.68250848877942,-19.7816924262269,-11.1316409071064,TRUE
4723,6,-6.17388888888889,7.7207608769161,3.15198742908128,-14.2763305202392,1.92855274246144,TRUE
4724,6,-25.1827777777778,12.9094517340619,5.27026160125653,-38.7304165190194,-11.6351390365362,TRUE
4725,6,-12.3483333333333,8.27336630399017,3.37758764998532,-21.0306987946551,-3.66596787201154,TRUE
4726,6,-16.6683333333333,7.68713781441297,3.13826087129421,-24.7354897245704,-8.60117694209625,TRUE
4727,6,-18.9622222222222,7.31206998102504,2.9851400695056,-26.6357690617234,-11.288675382721,TRUE
4728,6,-15.1238888888889,6.54525694824264,2.67208995976678,-21.9927148026515,-8.25506297512625,TRUE
4729,6,-11.0166666666667,7.00807217111493,2.86103348330504,-18.3711873699979,-3.66214596333543,TRUE
4730,6,-14.225,6.9875148181119,2.85264097908509,-21.5579470844279,-6.89205291557208,TRUE
4731,6,-13.635,9.11266536201127,3.72023005561036,-23.1981558053403,-4.07184419465973,TRUE
4732,6,-11.0422222222222,5.29086494364124,2.15998656831672,-16.5946444599556,-5.48979998448885,TRUE
4733,6,-17.5155555555556,8.48289276306317,3.46312646870882,-26.4178055505298,-8.61330556058134,TRUE
4734,6,-19.2722222222222,14.4795611760803,5.9112560968017,-34.4675897704551,-4.07685467398935,TRUE
4735,6,-17.0405555555556,7.90168741941074,3.22585038075425,-25.3328679488029,-8.74824316230819,TRUE
4736,6,-15.3972222222222,5.55284768451355,2.26694057440888,-21.2245784852646,-9.56986595917982,TRUE
4737,6,-16.2455555555556,12.2121039531672,4.98557056184751,-29.0613726821239,-3.42973842898721,TRUE
4738,6,-15.9738888888889,10.1245473790007,4.13332915919741,-26.5989497462277,-5.34882803155011,TRUE
4739,6,-11.0288888888889,12.4703259632469,5.09098925602267,-24.1156933958404,2.05791561806261,TRUE
4740,6,-11.975,12.0386754070186,4.91476865436471,-24.6088150292647,0.658815029264661,TRUE
4741,6,-8.04611111111111,8.93315433071076,3.64694498396252,-17.4208816424501,1.32865942022791,TRUE
4742,6,-11.7483333333333,12.5843818106237,5.13755236073164,-24.9548321114606,1.45816544479389,TRUE
4743,6,-14.6844444444444,9.82005106722785,4.00901906046361,-24.989956019992,-4.37893286889694,TRUE
4744,6,-6.73833333333333,6.4350753254678,2.62710850062842,-13.4915307252945,0.0148640586278352,FALSE
4745,6,-10.4477777777778,12.8238745517304,5.23532486286697,-23.9056087739188,3.01005321836324,TRUE
4746,6,-8.60555555555556,10.3866511909741,4.24033259235961,-19.5056774945318,2.2945663834207,TRUE
4747,6,-13.8122222222222,10.8059684468387,4.41151814522835,-25.1523906339262,-2.47205381051822,TRUE
4748,6,-14.3505555555555,7.41627022660812,3.02767964163081,-22.1334538464576,-6.56765726465352,TRUE
4749,6,-7.38888888888889,5.61518483584831,2.29238960987368,-13.2816639802316,-1.4961137975462,FALSE
4750,6,-17.045,8.44616356039172,3.4481318345081,-25.9087050606658,-8.18129493933417,TRUE
4751,6,-9.74222222222222,8.78399192133475,3.5860496853333,-18.9604564050293,-0.523988039415132,TRUE
4752,6,-18.9755555555556,8.77362402422845,3.58181700906394,-28.1829092976285,-9.7682018134826,TRUE
4753,6,-14.81,17.2256290967203,7.03233363090065,-32.8871890937276,3.26718909372757,TRUE
4754,6,-13.4127777777778,5.61403258378965,2.29191920494055,-19.304343654744,-7.52121190081158,TRUE
4755,6,-14.1533333333333,13.5524874305625,5.53277982506015,-28.375796652208,0.0691299855413448,TRUE
4756,6,-14.6455555555555,12.2496747651459,5.00090878160913,-27.5008008312341,-1.79031027987699,TRUE
4757,6,-6.81611111111111,7.85363678436562,3.20623379114138,-15.0579974554225,1.42577523320027,TRUE
4758,6,-11.9105555555556,6.50384960078487,2.6551854809545,-18.7359271231425,-5.08518398796864,TRUE
4759,6,-20.4144444444444,7.00380774743018,2.85929253962593,-27.7644899095773,-13.0643989793116,TRUE
4760,6,-8.13277777777778,11.9097467864988,4.86213376544562,-20.6312905176663,4.36573496211073,TRUE
4761,6,-11.045,8.99047217892363,3.67034489750849,-20.4799219240558,-1.61007807594424,TRUE
4762,6,-20.2672222222222,10.8361392092831,4.42383530741827,-31.6390529073182,-8.89539153712623,TRUE
4763,6,-16.2522222222222,10.6509606591595,4.34823648089972,-27.4297199370742,-5.07472450737024,TRUE
4764,6,-15.5388888888889,9.35261405328102,3.81818869862028,-25.353855402594,-5.72392237518375,TRUE
4765,6,-19.8144444444444,8.49638005706395,3.46863263342762,-28.7308484864288,-10.8980404024601,TRUE
4766,6,-9.79444444444444,8.22970059308672,3.35976119815709,-18.4309855525028,-1.15790333638613,TRUE
4767,6,-11.4116666666667,5.38457663661273,2.1982442067688,-17.0624332948793,-5.76090003845402,TRUE
4768,6,-22.7361111111111,10.7896422382593,4.40485299848606,-34.0591462176675,-11.4130760045547,TRUE
4769,6,-12.2138888888889,5.2219644735447,2.13185806918765,-17.6940045176974,-6.73377326008042,TRUE
4770,6,-11.9422222222222,7.89962324464955,3.22500768493677,-20.2323683969082,-3.65207604753623,TRUE
4771,6,-18.75,10.5544356131018,4.30883029585972,-29.8262008913764,-7.67379910862356,TRUE
4772,6,-10.7844444444444,5.36789744340958,2.1914349546573,-16.417707332865,-5.1511815560239,TRUE
4773,6,-14.3283333333333,13.0442315475718,5.32528522971097,-28.0174148144107,-0.639251852255962,TRUE
4774,6,-15.4622222222222,10.4077476839061,4.24894519953388,-26.3844835727581,-4.53996087168632,TRUE
4775,6,-15.5072222222222,8.40865834632287,3.432820394981,-24.3315679745623,-6.68287646988218,TRUE
4776,6,-14.9138888888889,5.24654104748671,2.14189141348493,-20.4197960502986,-9.40798172747912,TRUE
4777,6,-10.7305555555556,13.1123167571845,5.35308090014122,-24.4910880821503,3.02997697103917,TRUE
4778,6,-15.2811111111111,8.42895872484764,3.44110798980951,-24.1267608041784,-6.43546141804379,TRUE
4779,6,-17.6216666666667,8.90848927209946,3.63687551595027,-26.9705528064389,-8.27278052689446,TRUE
4780,6,-7.57888888888889,16.012601241476,6.5371170827121,-24.3830833191365,9.2253055413587,TRUE
4781,6,-14.0316666666667,4.82060796073598,1.96800495896695,-19.0905844666293,-8.97274886670403,TRUE
4782,6,-20.4872222222222,2.45921615033614,1.00397078925585,-23.0680112965928,-17.9064331478517,FALSE
4783,6,-18.0983333333333,12.4886573871387,5.09847302848826,-31.2043754898469,-4.99229117681975,TRUE
4784,6,-14.1627777777778,12.9518838469616,5.2875844388086,-27.7549462905724,-0.570609264983158,TRUE
4785,6,-19.9472222222222,10.8674293018004,4.4366094341969,-31.3518898455815,-8.54255459886297,TRUE
4786,6,-13.6833333333333,8.35691649673092,3.41169687333965,-22.4533793446375,-4.91328732202923,TRUE
4787,6,-13.9061111111111,8.43923361888235,3.44530269773388,-22.7625436441746,-5.04967857804761,TRUE
4788,6,-8.22722222222222,11.1923552117142,4.56925988144662,-19.9728786757706,3.51843423132619,TRUE
4789,6,-14.8022222222222,10.5420391589877,4.30376946465982,-25.865413832843,-3.73903061160147,TRUE
4790,6,-14.3972222222222,17.6975101094497,7.22497824764977,-32.9696200684982,4.17517562405376,TRUE
4791,6,-18.0344444444444,4.95482376260938,2.022798330635,-23.2342130903302,-12.8346757985586,TRUE
4792,6,-10.5666666666667,9.89627606728915,4.04013778642924,-20.9521714739296,-0.181161859403769,TRUE
4793,6,-10.1705555555556,13.3980339215485,5.469724444049,-24.2309298573639,3.88981874625275,TRUE
4794,6,-12.2066666666667,2.36148634926772,0.964072765042296,-14.6848946047161,-9.72843872861727,TRUE
4795,6,-21.9344444444444,10.3242294663609,4.21484902999847,-32.7690588009078,-11.099830087981,TRUE
4796,6,-14.1277777777778,9.97498174137381,4.0722692433241,-24.5958791244872,-3.65967643106839,TRUE
4797,6,-17.7577777777778,5.71592926892972,2.33351835245292,-23.7562776677172,-11.7592778878383,TRUE
4798,6,-11.5588888888889,12.9108549792915,5.27083447372261,-25.1080002456859,1.99022246790814,TRUE
4799,6,-17.6455555555556,13.5747179494606,5.5418553963964,-31.8913483732552,-3.39976273785589,TRUE
4800,6,-19.0566666666667,15.7542602351096,6.43164980850631,-35.5897488375868,-2.52358449574658,TRUE
4801,6,-20.8438888888889,7.16377660073129,2.92459955051357,-28.3618113699492,-13.3259664078286,TRUE
4802,6,-19.6572222222222,8.62055306724489,3.51932605255574,-28.7039378466037,-10.6105065978408,TRUE
4803,6,-14.575,9.86219803086513,4.02622548631676,-24.9247421013019,-4.22525789869814,TRUE
4804,6,-14.9433333333333,13.2507386796192,5.40959141333791,-28.849130758674,-1.03753590799273,TRUE
4805,6,-16.79,12.2757824824145,5.01156721255197,-29.6726436446566,-3.90735635534339,TRUE
4806,6,-12.2472222222222,14.5961021306172,5.95883374226042,-27.5648920016536,3.07044755720916,TRUE
4807,6,-15.0077777777778,9.58868445771523,3.91456403765966,-25.0704849874209,-4.94507056813473,TRUE
4808,6,-8.30833333333333,11.1734062746227,4.56152401027292,-20.0341040969598,3.41743743029315,TRUE
4809,6,-16.0488888888889,11.2352316233191,4.58676410318556,-27.8395413768864,-4.25823640089141,TRUE
4810,6,-8.05888888888889,14.3214401303573,5.84670345019891,-23.0883185763224,6.97054079854461,TRUE
4811,6,-15.6955555555556,8.89754189941537,3.63240626976692,-25.0329531322698,-6.35815797884126,TRUE
4812,6,-19.7161111111111,8.95168250272705,3.65450907851359,-29.1103257665062,-10.3218964557161,TRUE
4813,6,-18.9094444444444,10.8105942722183,4.41340663053154,-30.2544673621657,-7.5644215267232,TRUE
4814,6,-11.995,9.11647562261743,3.72178558798905,-21.5621544286177,-2.42784557138233,TRUE
4815,6,-11.1122222222222,10.103795473136,4.12485722910428,-21.7155052899508,-0.508939154493627,TRUE
4816,6,-9.83444444444445,7.28284152928929,2.97320760405158,-17.4773179049952,-2.1915709838937,TRUE
4817,6,-8.41277777777778,15.0918219821445,6.16121052419545,-24.2506736368059,7.42511808125034,TRUE
4818,6,-16.9388888888889,11.5175295705028,4.70201175752477,-29.0257949037304,-4.85198287404732,TRUE
4819,6,-8.57944444444443,14.6192938599292,5.96830172610494,-23.9214524511666,6.76256356227777,TRUE
4820,6,-13.5772222222222,10.8521066908518,4.43035400447168,-24.9658097515557,-2.18863469288871,TRUE
4821,6,-13.2777777777778,10.0404217854446,4.09898502944387,-23.8145542390114,-2.74100131654419,TRUE
4822,6,-9.99833333333333,4.40370891660906,1.79780663690612,-14.6197424181506,-5.37692424851605,TRUE
4823,6,-12.9383333333333,6.08842937236051,2.48559088287615,-19.327748107678,-6.54891855898867,TRUE
4824,6,-14.0072222222222,14.1792279082492,5.78864555364025,-28.8874093353468,0.872964890902308,TRUE
4825,6,-17.525,14.1532712747894,5.77804880240406,-32.37794729688,-2.67205270311996,TRUE
4826,6,-14.5838888888889,13.9642372456161,5.70087598315458,-29.2384571384014,0.0706793606235863,TRUE
4827,6,-15.9555555555556,12.4787131933931,5.09441332839159,-29.0511619207425,-2.8599491903686,TRUE
4828,6,-9.23,6.50458778265173,2.6554868424397,-16.0561462419467,-2.40385375805328,TRUE
4829,6,-19.255,7.03273164882924,2.87110067292564,-26.6353992381058,-11.8746007618942,TRUE
4830,6,-14.9738888888889,12.9460204810705,5.28519072970717,-28.5599041765476,-1.38787360123018,TRUE
4831,6,-8.96722222222222,13.6959300388703,5.59134002468147,-23.3402193265347,5.40577488209026,TRUE
4832,6,-11.7938888888889,9.31213531227258,3.80166332180345,-21.5663755691217,-2.02140220865612,TRUE
4833,6,-10.9605555555556,6.75169490380557,2.7563679022122,-18.0460248173132,-3.8750862937979,TRUE
4834,6,-12.0077777777778,13.5486505546439,5.53121342702564,-26.2262145423176,2.21065898676202,TRUE
4835,6,-9.00111111111111,10.493823509658,4.28408550824739,-20.0137035009246,2.0114812787024,TRUE
4836,6,-13.1772222222222,8.17295415560553,3.33659456206548,-21.7542115963507,-4.60023284809379,TRUE
4837,6,-20.5672222222222,8.65427098583677,3.53309133517887,-29.6493226320771,-11.4851218123674,TRUE
4838,6,-17.9727777777778,9.45176042783488,3.85866503653758,-27.8917920305062,-8.05376352504934,TRUE
4839,6,-10.0111111111111,9.89862452098308,4.04109653863502,-20.3990804693791,0.376858247156839,TRUE
4840,6,-15.205,11.2067867830168,4.57515154575963,-26.9658014588131,-3.4441985411869,TRUE
4841,6,-21.0433333333333,12.0791359146441,4.9312865874341,-33.7196090613084,-8.36705760535826,TRUE
4842,6,-15.7283333333333,8.77516311972477,3.58244534216918,-24.9373022570733,-6.51936440959334,TRUE
4843,6,-11.7616666666667,12.5548189508606,5.12548337377216,-24.9371411261413,1.41380779280797,TRUE
4844,6,-19.9438888888889,4.57800413410166,1.8689623614835,-24.7482095868063,-15.1395681909715,FALSE
4845,6,-11.3316666666667,8.67986552635209,3.54354026258946,-20.4406268995251,-2.22270643380827,TRUE
4846,6,-16.2111111111111,8.69629235598372,3.55024648770431,-25.3373102444354,-7.08491197778678,TRUE
4847,6,-19.7888888888889,9.35455721778112,3.81898199220553,-29.6058946286746,-9.97188314910317,TRUE
4848,6,-14.6733333333333,14.0551735038107,5.7380005551037,-29.423333333154,0.0766666664873092,TRUE
4849,6,-11.5394444444444,8.08366539982304,3.30014258015964,-20.0227310160128,-3.05615787287612,TRUE
4850,6,-12.9066666666667,5.8088055762112,2.37143494612518,-19.0026342635692,-6.81069906976411,TRUE
4851,6,-10.5922222222222,8.93644638959324,3.6482889613734,-19.9704475574812,-1.21399688696329,TRUE
4852,6,-14.2338888888889,16.083999698343,6.5662653806698,-31.1130114044063,2.64523362662846,TRUE
4853,6,-16.655,9.69140392306502,3.95649908378607,-26.8255046774922,-6.48449532250781,TRUE
4854,6,-14.2,12.4714302841869,5.09144009315853,-27.2879634207038,-1.11203657929621,TRUE
4855,6,-13.3183333333333,11.1219388297785,4.54051251390071,-24.9900923260459,-1.64657434062078,TRUE
4856,6,-8.57777777777778,3.27250747671952,1.33599558290096,-12.0120637556733,-5.14349179988223,FALSE
4857,6,-5.77444444444444,6.30335313470067,2.57333314143158,-12.3894078748494,0.840518985960514,FALSE
4858,6,-14.1955555555556,10.378227994041,4.23689383661145,-25.0868378914684,-3.30427321964272,TRUE
4859,6,-13.8638888888889,10.8839489191228,4.44335353972789,-25.2858927874237,-2.44188499035405,TRUE
4860,6,-18.345,8.7874910463049,3.58747819712048,-27.5669062892592,-9.12309371074079,TRUE
4861,6,-8.59111111111111,12.2428817716285,4.99813555361853,-21.439227577291,4.25700535506874,TRUE
4862,6,-13.7294444444445,4.94099199066866,2.01715153338612,-18.9146975358927,-8.54419135299615,TRUE
4863,6,-12.7955555555555,8.61946445015045,3.51888162648796,-21.8411287463599,-3.74998236475122,TRUE
4864,6,-16.3333333333333,14.7766557635872,6.03254445425747,-31.8404825301162,-0.826184136550495,TRUE
4865,6,-15.0511111111111,10.3145887334755,4.21091321727922,-25.8756081388899,-4.22661408333229,TRUE
4866,6,-13.0516666666667,8.13768510627493,3.32219603296998,-21.5916434434423,-4.51168988989102,TRUE
4867,6,-18.8566666666667,7.85363779828601,3.20623420507264,-27.0985540750222,-10.6147792583111,TRUE
4868,6,-11.81,15.1101215525665,6.16868129253643,-27.6671000804237,4.04710008042368,TRUE
4869,6,-14.4038888888889,7.36569478254629,3.00703230305312,-22.1337115062889,-6.67406627148891,TRUE
4870,6,-20.1472222222222,16.0480443137566,6.55158665637946,-36.9886118757085,-3.30583256873593,TRUE
4871,6,-18.8827777777778,12.8626047848735,5.25113641433693,-32.3812536609207,-5.38430189463486,TRUE
4872,6,-11.8605555555556,8.20495796364522,3.34966006198602,-20.4711308664532,-3.24998024465788,TRUE
4873,6,-19.0322222222222,14.1277999650282,5.7676501837382,-33.8584390188441,-4.20600542560036,TRUE
4874,6,-18.2527777777778,8.61747640725692,3.51807001137531,-27.296264645516,-9.20929091003958,TRUE
4875,6,-17.565,7.69307993516829,3.1406867319343,-25.6383922645343,-9.49160773546571,TRUE
4876,6,-9.81,7.0064611450987,2.86037578468802,-17.162830035213,-2.457169964787,TRUE
4877,6,-7.83888888888889,6.98030297548965,2.84969675666346,-15.1642676086397,-0.513510169138074,TRUE
4878,6,-9.77055555555555,13.2643980332763,5.41516782111729,-23.6906875934419,4.14957648233084,TRUE
4879,6,-11.9722222222222,11.3950908858287,4.65202637381991,-23.9306367176648,-0.013807726779687,TRUE
4880,6,-18.3927777777778,6.35638101671301,2.59498168361004,-25.0633905574747,-11.7221649980809,TRUE
4881,6,-10.8161111111111,9.90086717114924,4.04201209673146,-21.2064339863913,-0.425788235830957,TRUE
4882,6,-10.9633333333333,12.5216736545524,5.1119518632174,-24.1040239375672,2.17735727090052,TRUE
4883,6,-16.8072222222222,10.299998148148,4.20495663576237,-27.6164073697514,-5.9980370746931,TRUE
4884,6,-13.9177777777778,9.22559643760931,3.76633397416351,-23.5994474787024,-4.23610807685315,TRUE
4885,6,-13.3427777777778,9.65522504868429,3.94172912016923,-23.4753150550835,-3.21024050047205,TRUE
4886,6,-7.11277777777778,10.289287507277,4.20058403493703,-17.9107227970508,3.68516724149525,TRUE
4887,6,-11.3566666666667,12.8795168991525,5.25804075607945,-24.8728907252799,2.1595573919466,TRUE
4888,6,-7.16111111111111,8.72178744847043,3.56065481562723,-16.3140657031334,1.99184348091122,TRUE
4889,6,-16.1227777777778,15.6573612672076,6.39209097051259,-32.5541707183123,0.308615162756794,TRUE
4890,6,-15.2477777777778,6.94738981094231,2.83626001350326,-22.5386162496309,-7.9569393059247,TRUE
4891,6,-10.6766666666667,9.22811549318471,3.76736237429574,-20.360979954291,-0.992353379042333,TRUE
4892,6,-15.0972222222222,8.69778577612759,3.55085617392499,-24.2249886038709,-5.96945584057357,TRUE
4893,6,-14.2755555555556,7.8593357555533,3.20856038638615,-22.523422603342,-6.0276885077691,TRUE
4894,6,-14.1822222222222,6.18034794657556,2.52311648366132,-20.6680996243166,-7.69634482012786,TRUE
4895,6,-12.7338888888889,13.5866418738188,5.54672331813128,-26.9921950977775,1.52441731999977,TRUE
4896,6,-10.1761111111111,9.3525068336823,3.8181449264024,-19.9909651047481,-0.361257117474167,TRUE
4897,6,-4.96222222222222,11.7772046611082,4.80802366934048,-17.3216405319383,7.39719608749387,TRUE
4898,6,-9.70333333333334,11.9144457604111,4.86405211351225,-22.2067773439164,2.80011067724966,TRUE
4899,6,-10.9844444444444,15.916824036453,6.49801620249605,-27.6881268622513,5.71923797336237,TRUE
4900,6,-17.5294444444444,12.5868125727184,5.13854471520133,-30.7384941509459,-4.32039473794294,TRUE
4901,6,-16.0922222222222,7.13659478919639,2.91350262242274,-23.5816191415009,-8.60282530294356,TRUE
4902,6,-23.6388888888889,11.2071809651306,4.57531246993371,-35.4001040164608,-11.877673761317,TRUE
4903,6,-13.4316666666667,7.93150532160615,3.23802348835074,-21.7552710291848,-5.10806230414853,TRUE
4904,6,-7.72333333333334,3.77133928465737,1.53964281572058,-11.6811111887926,-3.76555547787406,FALSE
4905,6,-10.9211111111111,9.76976371070267,3.98848933313025,-21.1738493424849,-0.668372879737293,TRUE
4906,6,-9.71111111111111,7.66426503446472,3.12892309798218,-17.754263991887,-1.66795823033521,TRUE
4907,6,-14.2244444444444,9.11976745967344,3.72312947483965,-23.7950534441894,-4.65383544469948,TRUE
4908,6,-11.5244444444444,14.0169726746885,5.72240513192025,-26.2343551327107,3.18546624382176,TRUE
4909,6,-12.0361111111111,9.10401118351849,3.71669700203531,-21.590184913107,-2.48203730911519,TRUE
4910,6,-14.9933333333333,3.11968089536236,1.27360439232446,-18.2672376500292,-11.7194290166375,TRUE
4911,6,-18.4866666666667,12.6236458899779,5.15358185400465,-31.7343705690359,-5.2389627642974,TRUE
4912,6,-8.58833333333333,6.5930059743472,2.69158341804528,-15.5072687768604,-1.66939788980623,TRUE
4913,6,-15.88,10.4113529913797,4.25041706014659,-26.8060448886915,-4.95395511130848,TRUE
4914,6,-10.6805555555556,12.3233551377801,5.0309886677778,-23.6131236402373,2.25201252912619,TRUE
4915,6,-21.5255555555556,12.5382135297864,5.11870423900617,-34.6836036943394,-8.36750741677169,TRUE
4916,6,-15.5355555555556,12.1315699573316,4.95269269572337,-28.2668574366707,-2.80425367444042,TRUE
4917,6,-11.5994444444444,14.8502871527294,6.06260434299923,-27.1838650452081,3.98497615631921,TRUE
4918,6,-10.905,11.5048227085669,4.69682420286225,-22.9785709810547,1.16857098105471,TRUE
4919,6,-3.99666666666666,11.9535279775935,4.88000736186452,-16.5411249488471,8.54779161551375,TRUE
4920,6,-17.1511111111111,7.97469990147081,3.2556576017378,-25.5200454051896,-8.78217681703265,TRUE
4921,6,-14.5577777777778,14.31734032822,5.84502971298513,-29.5829049867319,0.467349431176329,TRUE
4922,6,-17.2583333333333,10.3241115302426,4.21480088277981,-28.092823923431,-6.42384274323565,TRUE
4923,6,-14.7366666666667,13.2959397311109,5.42804466533658,-28.6898996864035,-0.783433646929858,TRUE
4924,6,-13.3822222222222,11.1382587242085,4.54717508290234,-25.071107893789,-1.69333655065542,TRUE
4925,6,-14.4788888888889,13.5870846626357,5.54690408590879,-28.7376597761429,-0.2201180016349,TRUE
4926,6,-7.96333333333333,11.3530923834287,4.63488055701307,-19.877673103535,3.95100643686838,TRUE
4927,6,-13.0722222222222,14.620655505394,5.96885761553816,-28.4156591882241,2.27121474377966,TRUE
4928,6,-10.9644444444444,14.3056372209104,5.84025193943287,-25.9772899954903,4.04840110660144,TRUE
4929,6,-14.8716666666667,12.9477268275169,5.28588734272685,-28.4594726551002,-1.28386067823311,TRUE
4930,6,-13.5783333333333,13.0994857829526,5.34784267684608,-27.3254005782746,0.168733911607887,TRUE
4931,6,-10.7077777777778,6.52849060883368,2.66524513036573,-17.5590084974141,-3.85654705814149,TRUE
4932,6,-13.8544444444444,9.91115166907496,4.04621072542792,-24.2555602383863,-3.45332865050261,TRUE
4933,6,-12.5705555555556,10.5610154008171,4.31151648294612,-23.6536615106634,-1.4874496004477,TRUE
4934,6,-8.30055555555556,17.2931421753334,7.05989572982841,-26.4485952801388,9.84748416902772,TRUE
4935,6,-10.2894444444444,10.0143713214042,4.08834997203361,-20.7988826202783,0.219993731389378,TRUE
4936,6,-17.6438888888889,9.74062498945448,3.97659349999437,-27.8660479076839,-7.42172987009393,TRUE
4937,6,-12.9861111111111,10.5257002758152,4.29709914353657,-24.0321561154146,-1.94006610680764,TRUE
4938,6,-14.3016666666667,7.58192140701961,3.09530645284713,-22.2584052100834,-6.34492812324998,TRUE
4939,6,-12.3316666666667,6.74282556994223,2.75274701182494,-19.407828133366,-5.25550519996734,TRUE
4940,6,-18.8533333333333,8.79675975699133,3.59126213241302,-28.0849665379228,-9.6217001287439,TRUE
4941,6,-17.9577777777778,12.6131259085599,5.14928708957504,-31.194441636716,-4.72111391883961,TRUE
4942,6,-13.5988888888889,10.1306399198266,4.13581642857419,-24.230343475708,-2.96743430206981,TRUE
4943,6,-14.8861111111111,17.4767275625701,7.13484415032191,-33.2268118840246,3.45458966180239,TRUE
4944,6,-13.26,12.7348271375085,5.19897140824065,-26.624381466016,0.104381466015948,TRUE
4945,6,-13.3538888888889,8.64060605298974,3.52751264970477,-22.4216488311973,-4.28612894658049,TRUE
4946,6,-10.8977777777778,11.8764223319739,4.84852911385517,-23.3613186474077,1.56576309185216,TRUE
4947,6,-18.7244444444444,7.60352510840031,3.10412612700349,-26.7038546820437,-10.7450342068452,TRUE
4948,6,-12.7266666666667,11.0077239548722,4.49388448647468,-24.2785644990463,-1.17476883428703,TRUE
4949,6,-9.4788888888889,10.7945889050778,4.40687246675821,-20.8071152039033,1.84933742612555,TRUE
4950,6,-22.2016666666667,6.97658743385491,2.84817989314294,-29.5231461646045,-14.8801871687289,FALSE
4951,6,-8.58388888888889,7.83892776586941,3.2002288594859,-16.8103390649624,-0.357438712815325,TRUE
4952,6,-16.0355555555556,13.1634365095419,5.37395045165008,-29.8497349721768,-2.22137613893429,TRUE
4953,6,-5.78222222222222,3.20164379076795,1.30706560425526,-9.14214132250579,-2.42230312193865,FALSE
4954,6,-21.1527777777778,12.9595110361578,5.290698225759,-34.7529505347471,-7.55260502080842,TRUE
4955,6,-11.9388888888889,10.8163205217685,4.41574436212118,-23.2899211369711,-0.587856640806727,TRUE
4956,6,-11.9277777777778,2.9193801980456,1.19183197506617,-14.9914794040134,-8.86407615154213,TRUE
4957,6,-13.6605555555556,16.0695686752136,6.56037394014761,-30.5245336410808,3.20342252996973,TRUE
4958,6,-7.34611111111111,12.0770221525869,4.9304236476878,-20.0201685818491,5.32794635962688,TRUE
4959,6,-22.5783333333333,13.0803541831082,5.34003223391575,-36.3053231955496,-8.85134347111709,TRUE
4960,6,-13.8272222222222,7.59108407326697,3.0990470956787,-21.7935763941554,-5.86086805028909,TRUE
4961,6,-10.2316666666667,7.49494666795939,3.05979916431225,-18.0971308191429,-2.36620251419043,TRUE
4962,6,-15.5538888888889,12.6325961819531,5.15723579540268,-28.8109855466444,-2.29679223113337,TRUE
4963,6,-18.755,12.8079068894527,5.22880609203938,-32.1960739622609,-5.31392603773907,TRUE
4964,6,-13.8233333333333,12.500652427418,5.10336998317633,-26.941963512618,-0.704703154048657,TRUE
4965,6,-11.4555555555556,8.6934434212525,3.54908341497065,-20.5787649152372,-2.3323461958739,TRUE
4966,6,-13.4861111111111,9.18908106073403,3.75142663397853,-23.1294602741386,-3.84276194808362,TRUE
4967,6,-15.3072222222222,3.34714632463514,1.3664667649647,-18.8198368672412,-11.7946075772033,TRUE
4968,6,-15.3238888888889,11.0542998002621,4.51289899573201,-26.924665073379,-3.72311270439882,TRUE
4969,6,-15.4,6.50812176352663,2.65692958409041,-22.2298549274275,-8.57014507257245,TRUE
4970,6,-15.8172222222222,6.4493063939437,2.63291831000518,-22.5853542046358,-9.04909023980866,TRUE
4971,6,-16.1916666666667,15.2195661713613,6.21336187105988,-32.1636218306485,-0.219711502684875,TRUE
4972,6,-17.8194444444444,7.52181934749143,3.07076988979139,-25.7131097445611,-9.92577914432779,TRUE
4973,6,-19.7788888888889,6.34625477188157,2.59084766146878,-26.4388748263614,-13.1189029514164,TRUE
4974,6,-16.29,9.6632449116341,3.94500321550824,-26.4309536073123,-6.14904639268765,TRUE
4975,6,-13.8522222222222,8.52722220412478,3.48122388723943,-22.8009931125431,-4.90345133190129,TRUE
4976,6,-12.0233333333333,2.36671643140167,0.966207937132466,-14.5070499059737,-9.53961676069298,TRUE
4977,6,-18.8894444444444,7.95796021231199,3.24882365225581,-27.2408115121189,-10.53807737677,TRUE
4978,6,-20.6544444444444,6.92960754593944,2.82900043421526,-27.9266215736454,-13.3822673152435,TRUE
4979,6,-18.895,8.25842943099151,3.37148969711874,-27.5616901744484,-10.2283098255516,TRUE
4980,6,-16.5283333333333,6.97480537362872,2.84745237010209,-23.8479426737573,-9.20872399290933,TRUE
4981,6,-14.8738888888889,14.2008244544176,5.79746230669341,-29.7767401872612,0.0289624094834,TRUE
4982,6,-7.71055555555556,12.1492965350384,4.95992954076797,-20.4604603390897,5.03934922797853,TRUE
4983,6,-14.7922222222222,9.46295811553111,3.86323647339672,-24.7229877275035,-4.86145671694093,TRUE
4984,6,-11.7894444444444,8.43580923251631,3.44390469785406,-20.6422833044106,-2.93660558447824,TRUE
4985,6,-15.6777777777778,6.6650546940047,2.72099718467557,-22.6723237155223,-8.68323184003323,TRUE
4986,6,-15.4894444444444,7.03551037923308,2.87223508486267,-22.8727597812697,-8.10612910761914,TRUE
4987,6,-15.2583333333333,11.597306344339,4.73458048906209,-27.4289599378744,-3.08770672879224,TRUE
4988,6,-6.63055555555555,8.04983793257609,3.28633257448535,-15.0783423773875,1.8172312662764,TRUE
4989,6,-16.6327777777778,12.4500629925522,5.08271693287685,-29.6983176011121,-3.56723795444342,TRUE
4990,6,-15.2666666666667,14.6891438370882,5.99681785986905,-30.6819777288655,0.14864439553215,TRUE
4991,6,-15.1305555555556,7.32129418330655,2.98890583431792,-22.8137826016806,-7.4473285094305,TRUE
4992,6,-15.945,7.65392644333612,3.12470238582813,-23.9773031947792,-7.91269680522076,TRUE
4993,6,-13.7105555555556,14.3845541261246,5.87246963107526,-28.8062193195235,1.3851082084124,TRUE
4994,6,-15.1355555555556,6.70967681509051,2.73921408932572,-22.1769295374953,-8.09418157361581,TRUE
4995,6,-9.68166666666667,6.50913196124406,2.65734199558158,-16.5125817315822,-2.85075160175111,TRUE
4996,6,-16.7894444444444,10.1185074473938,4.13086336744437,-27.4081667822924,-6.17072210659649,TRUE
4997,6,-17.505,7.58558069263286,3.09680034994305,-25.4655787281558,-9.54442127184421,TRUE
4998,6,-14.1144444444445,15.716296519737,6.41615118660578,-30.6076861394296,2.37879725054074,TRUE
4999,6,-7.37722222222222,13.1161138242946,5.35463104629771,-21.1417395263694,6.38729508192495,TRUE
5000,6,-16.1127777777778,10.6676065037345,4.3550321184908,-27.307744235183,-4.9178113203726,TRUE
5001,6,-17.4677777777778,8.49433684983817,3.46779849757063,-26.3820376052797,-8.55351795027582,TRUE
5002,6,-19.885,12.4752257160609,5.09298957173267,-32.9769464821812,-6.79305351781882,TRUE
5003,6,-11.7911111111111,12.0229788630248,4.90836056711303,-24.4084536276854,0.826231405463203,TRUE
5004,6,-24.0088888888889,12.8976891412836,5.26545954286337,-37.5441835460514,-10.4735942317264,TRUE
5005,6,-18.2922222222222,9.27781000659737,3.7876500744419,-28.0286867033291,-8.55575774111535,TRUE
5006,6,-12.53,11.5275033434536,4.70608353328139,-24.6273728476403,-0.432627152359698,TRUE
5007,6,-21.365,5.18277263848437,2.11585806952413,-26.8039863203032,-15.9260136796968,FALSE
5008,6,-7.26944444444445,10.5194757826016,4.2945580048231,-18.3089572437292,3.77006835484033,TRUE
5009,6,-14.0688888888889,11.9883073898726,4.89420599747078,-26.6498459258496,-1.48793185192818,TRUE
5010,6,-18.4461111111111,11.314932987805,4.61930204898457,-30.3204050515485,-6.57181717067376,TRUE
5011,6,-2.69833333333333,8.89444239711268,3.63114090325056,-12.0324781818652,6.63581151519859,FALSE
5012,6,-13.8866666666667,7.36503420826332,3.00676262473137,-21.6157960538713,-6.15753727946203,TRUE
5013,6,-8.85722222222222,9.07264274047514,3.70389088878835,-18.3783768621204,0.663932417675957,TRUE
5014,6,-14.5938888888889,13.819642127006,5.64184527317258,-29.0967138675769,-0.0910639102008535,TRUE
5015,6,-17.3711111111111,12.7628512430355,5.21041220141382,-30.7649020722433,-3.97732014997892,TRUE
5016,6,-13.545,8.83668282407677,3.60756065630072,-22.8185298940429,-4.27147010595714,TRUE
5017,6,-20.535,12.0874478052418,4.93467990256113,-33.2199985222032,-7.85000147779678,TRUE
5018,6,-14.3133333333333,5.9270093639204,2.41969144038381,-20.5333481978286,-8.09331846883804,TRUE
5019,6,-15.5327777777778,9.40002633960061,3.83754468345723,-25.3975004345157,-5.66805512103991,TRUE
5020,6,-21.9094444444444,1.94349789659625,0.793429693805534,-23.9490204031954,-19.8698684856935,FALSE
5021,6,-15.1116666666667,13.2063756908884,5.39148029902872,-28.9709079905409,-1.25242534279239,TRUE
5022,6,-7.33833333333333,12.8083513988161,5.22898756222712,-20.7798737795626,6.1032071128959,TRUE
5023,6,-5.33611111111111,7.54695918651763,3.08103318609637,-13.2561590542831,2.5839368320609,FALSE
5024,6,-12.2722222222222,10.021619666538,4.09130909654316,-22.7892670697697,-1.75517737467476,TRUE
5025,6,-13.795,12.2858224976777,5.01566603161941,-26.6881799944989,-0.901820005501076,TRUE
5026,6,-20.6805555555556,10.0482928161215,4.10219836426191,-31.2255921569042,-10.1355189542069,TRUE
5027,6,-19.2688888888889,7.71963489829428,3.15152775023382,-27.3701488781437,-11.1676288996341,TRUE
5028,6,-16.2916666666667,8.48327000631243,3.46328047762041,-25.1943125541516,-7.38902077918178,TRUE
5029,6,-13.5972222222222,10.7633772925017,4.39413037928137,-24.8926939586206,-2.30175048582382,TRUE
5030,6,-12.2916666666667,9.05192570058376,3.69543319266923,-21.7910801065497,-2.79225322678364,TRUE
5031,6,-21.4905555555556,9.89526136124798,4.03972353442261,-31.8749954941348,-11.1061156169763,TRUE
5032,6,-17.7483333333333,6.90360155603178,2.81838353329364,-24.9932188498745,-10.5034478167922,TRUE
5033,6,-19.0527777777778,3.40580251053121,1.3904130525819,-22.6269483147764,-15.4786072407791,FALSE
5034,6,-6.76777777777778,16.0637985914037,6.55801831329639,-23.6257005317078,10.0901449761522,TRUE
5035,6,-10.1822222222222,6.80086486874743,2.77644145634188,-17.3192921976023,-3.04515224684214,TRUE
5036,6,-12.6988888888889,7.50370594859386,3.06337512565696,-20.5735453426428,-4.82423243513498,TRUE
5037,6,-11.9944444444444,6.7308390319539,2.74785352818262,-19.0580268109799,-4.93086207790903,TRUE
5038,6,-15.0072222222222,11.6530773077647,4.75734888953818,-27.2363768634536,-2.7780675809908,TRUE
5039,6,-14.8894444444444,10.3033061396528,4.20630711763908,-25.7021011161552,-4.07678777273367,TRUE
5040,6,-21.4344444444444,12.1853306464356,4.97464040514426,-34.2221647087308,-8.64672418015814,TRUE
5041,6,-26.3833333333333,10.2160864435567,4.17069982581305,-37.1044585474599,-15.6622081192068,FALSE
5042,6,-8.29722222222222,9.71817001901688,3.96742629670081,-18.4958161947472,1.90137175030273,TRUE
5043,6,-12.7211111111111,12.6858636401428,5.17898214414596,-26.0341085379375,0.591886315715316,TRUE
5044,6,-18.2011111111111,8.22518319057506,3.35791697630437,-26.8329114959739,-9.56931072624829,TRUE
5045,6,-8.75444444444445,10.0614621571987,4.10757472524321,-19.3133014216735,1.80441253278456,TRUE
5046,6,-17.1316666666667,9.69529204190249,3.95808640165459,-27.306251674639,-6.95708165869429,TRUE
5047,6,-8.69444444444445,13.0054345335866,5.30944641507643,-22.3428109563243,4.95392206743537,TRUE
5048,6,-13.4855555555556,9.93652759975741,4.05657040574796,-23.9133017555511,-3.05780935556003,TRUE
5049,6,-17.1055555555556,6.57059904817299,2.68243582874011,-24.0009763721749,-10.2101347389362,TRUE
5050,6,-6.96333333333333,7.52825551579589,3.07339744449882,-14.8637529778531,0.937086311186402,TRUE
5051,6,-19.3833333333333,15.9129632689829,6.49644005077653,-36.0829641241597,-2.68370254250694,TRUE
5052,6,-18.3544444444444,10.1787710820482,4.15546589326918,-29.0364095882884,-7.67247930060045,TRUE
5053,6,-13.8922222222222,5.80639366624477,2.37045028800463,-19.9856586748458,-7.79878576959865,TRUE
5054,6,-8.59111111111112,7.71964065561681,3.1515301006509,-16.6923771423054,-0.489845079916838,TRUE
5055,6,-16.7961111111111,9.42052025377855,3.84591128888529,-26.6823408117883,-6.90988141043394,TRUE
5056,6,-13.4611111111111,11.068431920791,4.51866840977858,-25.0767180465516,-1.84550417567068,TRUE
5057,6,-18.1972222222222,9.94750050496587,4.06105007554073,-28.6364837800167,-7.75796066442773,TRUE
5058,6,-20.285,7.37065977749316,3.00905925375234,-28.0200330600491,-12.5499669399509,TRUE
5059,6,-17.5666666666667,6.04707606111325,2.46870846425444,-23.9126838023607,-11.2206495309726,TRUE
5060,6,-7.87944444444445,9.68144787534195,3.95243454432335,-18.0395008906235,2.28061200173464,TRUE
5061,6,-18.1711111111111,11.2263599852543,4.58314227211198,-29.9524533859391,-6.3897688362831,TRUE
5062,6,-17.0027777777778,8.43742889133273,3.44456592079699,-25.8573163654304,-8.14823919012516,TRUE
5063,6,-15.9861111111111,9.63913606471421,3.93516081996814,-26.1017640352289,-5.8704581869933,TRUE
5064,6,-16.7116666666667,11.0105062452994,4.49502035178518,-28.2664843337812,-5.15684899955213,TRUE
5065,6,-9.19722222222222,11.0065918464379,4.49342230514178,-20.7479319796627,2.35348753521829,TRUE
5066,6,-10.105,9.28985270783845,3.79256648663614,-19.8541025209899,-0.355897479010121,TRUE
5067,6,-18.8455555555556,13.3699993628632,5.45827938339185,-32.8765093923308,-4.81460171878029,TRUE
5068,6,-14.2888888888889,6.62163379190318,2.70327067562222,-21.2378673844517,-7.3399103933261,TRUE
5069,6,-22.7322222222222,6.04228642032015,2.46675310158871,-29.0732129381657,-16.3912315062787,FALSE
5070,6,-11.2666666666667,10.526096248003,4.29726079850529,-22.3131272182964,-0.220206115036955,TRUE
5071,6,-9.28388888888889,8.09425871059692,3.30446728117342,-17.7782924583278,-0.789485319449966,TRUE
5072,6,-17.8022222222222,10.5943806209113,4.32513777701052,-28.9203428284299,-6.68410161601456,TRUE
5073,6,-15.8138888888889,5.46220281842679,2.22993496278963,-21.5461191988863,-10.0816585788915,TRUE
5074,6,-12.0355555555556,13.6205478216907,5.56056536338652,-26.3294438745454,2.25833276343427,TRUE
5075,6,-18.1866666666667,10.1455305978106,4.14189552240499,-28.8337480616643,-7.53958527166902,TRUE
5076,6,-13.8616666666667,7.57731138186742,3.09342441795975,-21.8135672853878,-5.90976604794551,TRUE
5077,6,-9.10833333333334,11.5587344078455,4.71883356192875,-21.2384811730184,3.02181450635172,TRUE
5078,6,-7.53222222222222,9.6307271368877,3.93172788955834,-17.6390505177856,2.57460607334114,TRUE
5079,6,-6.97833333333333,9.25398358666268,3.77792297923569,-16.6897935201896,2.73312685352294,TRUE
5080,6,-17.0572222222222,10.6966541844046,4.36689078446631,-28.2826723509789,-5.83177209346552,TRUE
5081,6,-14.7855555555555,6.55569732426745,2.67635222543071,-21.6653379720126,-7.90577313909854,TRUE
5082,6,-15.6722222222222,11.6824454568319,4.76933838618894,-27.9321968457625,-3.41224759868193,TRUE
5083,6,-19.6411111111111,10.1966298717145,4.16275671362021,-30.3418179053163,-8.94040431690589,TRUE
5084,6,-16.9872222222222,2.10814549009489,0.860646792380343,-19.1995852336138,-14.7748592108307,FALSE
5085,6,-6.115,10.2606611764436,4.18889738431205,-16.882903527457,4.65290352745701,TRUE
5086,6,-11.6594444444444,13.0888013909545,5.3434807920782,-25.3952991076322,2.07641021874332,TRUE
5087,6,-19.6366666666667,11.6663251378582,4.7627572935262,-31.8797240529495,-7.39360928038383,TRUE
5088,6,-11.9794444444444,7.80363659290167,3.18582129845335,-20.1688588058319,-3.79003008305696,TRUE
5089,6,-13.56,6.57916137850748,2.68593138546155,-20.4644064312329,-6.65559356876706,TRUE
5090,6,-10.9972222222222,11.7657811596297,4.80336004439074,-23.3446523023543,1.35020785790984,TRUE
5091,6,-13.6427777777778,11.743677148277,4.79433611954361,-25.9670111206117,-1.31854443494388,TRUE
5092,6,-19.6861111111111,10.3199977210735,4.21312142721923,-30.516284523251,-8.85593769897122,TRUE
5093,6,-23.8072222222222,5.18181067309988,2.11546534880043,-29.2451990217666,-18.3692454226778,FALSE
5094,6,-13.8916666666667,12.4910584463892,5.09945325682259,-27.0002285803313,-0.783104753002075,TRUE
5095,6,-15.9705555555556,4.31952436510558,1.76343843767136,-20.5036183716964,-11.4374927394147,TRUE
5096,6,-7.42277777777778,9.00393973440187,3.67584300400921,-16.8718330345347,2.02627747897913,TRUE
5097,6,-18.9888888888889,10.8411464475071,4.42587950386317,-30.3659743482346,-7.61180342954317,TRUE
5098,6,-20.5833333333333,10.4752289818515,4.2764943240584,-31.5764119629597,-9.59025470370703,TRUE
5099,6,-7.43166666666666,5.61836304748397,2.29368710934067,-13.327777086571,-1.53555624676237,FALSE
5100,6,-17.7738888888889,8.535846873735,3.48474489386363,-26.7317108148811,-8.81606696289666,TRUE
5101,6,-13.7288888888889,10.6812969804788,4.36062123221729,-24.9382226205167,-2.51955515726108,TRUE
5102,6,-20.8061111111111,3.32549907142885,1.35762931084999,-24.2960083571095,-17.3162138651127,FALSE
5103,6,-17.5188888888889,11.582934509521,4.72871321206682,-29.6744331777613,-5.36334460001646,TRUE
5104,6,-7.11888888888889,9.17027460310193,3.74374892980054,-16.7425018850171,2.50472410723927,TRUE
5105,6,-13.1555555555556,10.9670969858161,4.4772985958108,-24.6648179986668,-1.64629311244433,TRUE
5106,6,-17.7911111111111,9.37745017858542,3.82832800431755,-27.6321415398676,-7.95008068235461,TRUE
5107,6,-10.0516666666667,8.70942854357021,3.55560931382971,-19.1916513834166,-0.911681949916709,TRUE
5108,6,-14.9216666666667,10.5509992681052,4.3074274138894,-25.9942613351327,-3.84907199820067,TRUE
5109,6,-15.3727777777778,11.1232711848562,4.54105644558349,-27.0459349913939,-3.69962056416167,TRUE
5110,6,-20.1044444444444,6.5732213197578,2.68350636663174,-27.0026171663224,-13.2062717225665,TRUE
5111,6,-13.8427777777778,3.83120486802009,1.56408283778603,-17.863380710021,-9.82217484553451,TRUE
5112,6,-14.3955555555556,7.23911770764816,2.95535742861404,-21.9925436793637,-6.79856743174746,TRUE
5113,6,-14.7055555555556,5.36742382512491,2.19124160080225,-20.3383214120685,-9.07278969904266,TRUE
5114,6,-23.8833333333333,9.29527000384843,3.79477808847115,-33.638120957828,-14.1285457088387,FALSE
5115,6,-12.4044444444444,10.1849107707141,4.157972410671,-23.0928527963923,-1.71603609249663,TRUE
5116,6,-10.2983333333333,8.26728458712075,3.37510479947029,-18.9743164242206,-1.62235024244607,TRUE
5117,6,-18.2088888888889,4.15722378873565,1.69717950482703,-22.5716276958115,-13.8461500819663,TRUE
5118,6,-16.915,10.5717944970988,4.31591703057587,-28.0094179229118,-5.82058207708826,TRUE
5119,6,-16.6805555555556,23.2184791746829,9.47890443023511,-41.0468551056505,7.68574399453941,TRUE
5120,6,-17.0872222222222,9.07281443940367,3.7039609845824,-26.6085570490953,-7.5658873953491,TRUE
5121,6,-10.905,9.11346177671007,3.72055519054965,-20.4689915913093,-1.34100840869069,TRUE
5122,6,-10.1661111111111,10.934199440627,4.46386822922689,-21.6408496978358,1.30862747561359,TRUE
5123,6,-4.94277777777778,11.904956841896,4.86017827875013,-17.436263779087,7.55070822353148,TRUE
5124,6,-10.62,11.8327051476453,4.83068164808914,-23.0376624983196,1.79766249831964,TRUE
5125,6,-7.81222222222222,4.62572020418522,1.88844236552277,-12.6666178646811,-2.95782657976331,FALSE
5126,6,-10.665,9.15111134720198,3.73592556333967,-20.2685023924103,-1.0614976075897,TRUE
5127,6,-10.6077777777778,11.1909722875513,4.56869530502127,-22.3519829414224,1.13642738586683,TRUE
5128,6,-9.72277777777778,8.80208445430631,3.5934359309891,-18.9599989095012,-0.485556646054349,TRUE
5129,6,-14.0288888888889,10.9569287397248,4.47314742672702,-25.5274804121567,-2.53029736562109,TRUE
5130,6,-9.09444444444444,12.6436175671833,5.16173525708143,-22.3631073366615,4.17421844777262,TRUE
5131,6,-16.4372222222222,7.18278046338499,2.93235784495416,-23.975088034047,-8.89935641039743,TRUE
5132,6,-10.52,5.99685176664482,2.44820448189795,-16.8133099710903,-4.22669002890973,TRUE
5133,6,-13.0638888888889,8.4349809765093,3.44356656375513,-21.9158585474824,-4.21191923029539,TRUE
5134,6,-13.3666666666667,9.47244612312762,3.8671099362779,-23.3073892252713,-3.425944108062,TRUE
5135,6,-14.3438888888889,12.167359691069,4.96730379333786,-27.1127497921305,-1.57502798564724,TRUE
5136,6,-9.56666666666666,11.9055977497049,4.86043992826743,-22.0608252594724,2.92749192613906,TRUE
5137,6,-19.4672222222222,9.16544802000466,3.7417784855023,-29.0857700300292,-9.84867441441525,TRUE
5138,6,-13.19,8.71667444231647,3.55856743960575,-22.3375888211374,-4.04241117886264,TRUE
5139,6,-6.34833333333333,9.33818939147795,3.81229985509865,-16.1481620928489,3.45149542618222,TRUE
5140,6,-16.6111111111111,11.514456742464,4.70075728073102,-28.6947923906934,-4.52742983152881,TRUE
5141,6,-5.94722222222223,6.19099755618921,2.5274641685802,-12.4442757041961,0.549831259751669,FALSE
5142,6,-17.3661111111111,12.2253466057053,4.99097685210737,-30.1958255492196,-4.53639667300258,TRUE
5143,6,-6.0861111111111,11.753444018512,4.79832342762025,-18.4205941556599,6.2483719334377,TRUE
5144,6,-7.62277777777778,12.4367191844985,5.07726934605066,-20.6743141333687,5.42875857781311,TRUE
5145,6,-14.8094444444445,8.92422805044202,3.64330084530261,-24.1748474191378,-5.44404146975114,TRUE
5146,6,-18.9955555555556,4.57767270645329,1.86882705671264,-23.7995284414868,-14.1915826696244,FALSE
5147,6,-14.4438888888889,8.53579610728754,3.48472416854824,-23.4016575387618,-5.48612023901593,TRUE
5148,6,-12.7894444444444,13.0520481860837,5.32847635902065,-26.4867289845605,0.907840095671556,TRUE
5149,6,-16.3405555555556,10.9159502903202,4.45641804481171,-27.7961428335504,-4.88496827756067,TRUE
5150,6,-14.1211111111111,9.45701988922436,3.8608122026586,-24.0456448300683,-4.1965773921539,TRUE
5151,6,-12.06,15.0983014497216,6.16385575575693,-27.9046956432311,3.78469564323109,TRUE
5152,6,-10.4205555555556,8.7462198607085,3.57062930615533,-19.5991503917491,-1.24196071936197,TRUE
5153,6,-6.71722222222222,7.96998993911722,3.25373476765879,-15.0812137139443,1.64676926949981,TRUE
5154,6,-7.23611111111111,12.944276369915,5.28447869930959,-20.8202960663634,6.34807384414114,TRUE
5155,6,-12.5983333333333,5.4397576539156,2.22077176274876,-18.3070088877493,-6.88965777891734,TRUE
5156,6,-18.3588888888889,10.8430901021325,4.42667299754121,-29.7380140886701,-6.9797636891077,TRUE
5157,6,-11.155,10.8046141892146,4.41096527186846,-22.4937472054877,0.183747205487675,TRUE
5158,6,-15.9388888888889,11.5778978454,4.7266570025498,-28.0891475229266,-3.78863025485117,TRUE
5159,6,-12.9327777777778,8.78340946625238,3.58581189904165,-22.1504007114628,-3.71515484409276,TRUE
5160,6,-5.91611111111111,5.42344024343167,2.2141102078139,-11.6076625934145,-0.22455962880777,FALSE
5161,6,-11.6338888888889,7.64955116088277,3.12291618424625,-19.661600506327,-3.60617727145081,TRUE
5162,6,-8.55388888888889,6.83659220393925,2.79102707985677,-15.7284524031378,-1.37932537464,TRUE
5163,6,-18.1338888888889,11.7121997965401,4.78148554450871,-30.4250887769606,-5.8426890008172,TRUE
5164,6,-13.0472222222222,8.53619702382915,3.48488784204097,-22.0054116082026,-4.08903283624188,TRUE
5165,6,-11.0594444444444,10.249669570103,4.18441007981405,-21.8158129884679,-0.303075900420939,TRUE
5166,6,-12.2933333333333,8.49360334473995,3.46749904536824,-21.2068233944432,-3.37984327222349,TRUE
5167,6,-4.07055555555556,11.9273639476936,4.86932594138622,-16.5875563722757,8.44644526116454,TRUE
5168,6,-19.3694444444444,8.67947525722268,3.54338093588456,-28.4779951149693,-10.2608937739196,TRUE
5169,6,-12.5216666666667,4.10645061661122,1.67645144410581,-16.8311222972113,-8.21221103612202,TRUE
5170,6,-6.445,5.78405307721151,2.36132978072385,-12.5149914422758,-0.375008557724207,FALSE
5171,6,-7.64722222222222,9.00339822676025,3.67562193444025,-17.0957092015607,1.80126475711629,TRUE
5172,6,-17.1266666666667,5.59434396908561,2.28388136164602,-22.9975706096623,-11.2557627236711,TRUE
5173,6,-14.6522222222222,10.659727048135,4.35181534421251,-25.8389196980983,-3.46552474634614,TRUE
5174,6,-14.8416666666667,9.37811038772974,3.82859753357206,-24.683389942429,-4.99994339090433,TRUE
5175,6,-13.1988888888889,8.23609094619979,3.36237004889096,-21.8421362612556,-4.5556415165222,TRUE
5176,6,-13.8283333333333,9.65990677433736,3.94364042666352,-23.9657837803956,-3.69088288627105,TRUE
5177,6,-18.2683333333333,13.8285991497492,5.64550196239514,-32.7805581309155,-3.75610853575122,TRUE
5178,6,-19.8461111111111,12.6359208285421,5.15859307668905,-33.1066967714872,-6.585525450735,TRUE
5179,6,-4.07,12.4440381084455,5.08025728424005,-17.1292170952265,8.98921709522654,TRUE
5180,6,-7.29444444444445,5.41150612293089,2.20923812352126,-12.9734718353635,-1.61541705352543,FALSE
5181,6,-20.6583333333333,7.07318025282043,2.8876137463567,-28.0811807780516,-13.2354858886151,TRUE
5182,6,-7.55,5.43104573519481,2.21721513682434,-13.2495329564185,-1.85046704358148,FALSE
5183,6,-20.7361111111111,11.9509290046454,4.87894633560147,-33.2778419384526,-8.19438028376962,TRUE
5184,6,-14.4683333333333,13.4104393415478,5.47478893555623,-28.5417263250168,-0.394940341649827,TRUE
5185,6,-14.0411111111111,5.31789919534508,2.17102325535878,-19.6219040560804,-8.46031816614181,TRUE
5186,6,-12.6916666666667,6.97027968512662,2.84560476550794,-20.0065265882815,-5.37680674505183,TRUE
5187,6,-10.6033333333333,14.4361763173863,5.89354430240788,-25.7531712646209,4.54650459795426,TRUE
5188,6,-14.2988888888889,9.359178184878,3.82086849412313,-24.1207440362369,-4.47703374154091,TRUE
5189,6,-14.0688888888889,6.99960115265835,2.85757520450166,-21.4145198035456,-6.7232579742322,TRUE
5190,6,-8.17944444444444,8.97866790829282,3.66552582420329,-17.6019785461973,1.24308965730837,TRUE
5191,6,-16.4033333333333,8.56522088967289,3.49673678565433,-25.3919813985377,-7.41468526812901,TRUE
5192,6,-9.23722222222222,7.10934890491752,2.90237953674371,-16.6980263394981,-1.77641810494629,TRUE
5193,6,-15.585,4.89350533303525,1.99776518658744,-20.7204189005083,-10.4495810994917,TRUE
5194,6,-22.79,4.95993727558905,2.02488591356722,-27.9951349486517,-17.5848650513483,FALSE
5195,6,-19.0705555555556,8.99303222047595,3.67139003009574,-28.5081640784559,-9.63294703265517,TRUE
5196,6,-9.80277777777778,9.94489269629094,4.05998544210733,-20.2393026082068,0.633747052651202,TRUE
5197,6,-11.4983333333333,12.6545852471655,5.16621279368453,-24.7785060998107,1.78183943314405,TRUE
5198,6,-19.9416666666667,8.06297952923662,3.29169760885597,-28.4032447483993,-11.480088584934,TRUE
5199,6,-12.5761111111111,11.2522401555654,4.59370780739841,-24.3846129590302,-0.767609263192039,TRUE
5200,6,-19.9044444444444,6.50291581323902,2.65480426378525,-26.7288360621006,-13.0800528267882,TRUE
5201,6,-15.5577777777778,8.92207242160118,3.64242081351346,-24.9209185587391,-6.19463699681643,TRUE
5202,6,-14.6416666666667,5.21110726131106,2.12742563085407,-20.1103883500073,-9.17294498332608,TRUE
5203,6,-16.1827777777778,15.9673687273162,6.51865098613297,-32.9395035955839,0.57394804002837,TRUE
5204,6,-11.4194444444444,7.51833179388639,3.06934610199423,-19.3094497815119,-3.52943910737695,TRUE
5205,6,-15.7711111111111,7.05606363874887,2.88062591792345,-23.1759957709883,-8.36622645123391,TRUE
5206,6,-12.5544444444444,7.44396658499476,3.03898663259423,-20.3664082809327,-4.74248060795615,TRUE
5207,6,-4.12944444444445,7.55855024802057,3.08576521713961,-12.0616564606619,3.80276757177297,FALSE
5208,6,-13.1772222222222,5.0460917403325,2.06005832651456,-18.4727707367119,-7.88167370773254,TRUE
5209,6,-8.29611111111111,8.51564349148519,3.47649689759855,-17.2327308877239,0.640508665501718,TRUE
5210,6,-14.2055555555556,11.7918517378488,4.8140033133801,-26.5803450296235,-1.83076608148765,TRUE
5211,6,-18.3711111111111,9.67457553858834,3.9496289245922,-28.5239554821716,-8.21826674005063,TRUE
5212,6,-12.7977777777778,11.743640485465,4.79432115201328,-25.1219726453501,-0.47358291020546,TRUE
5213,6,-16.5966666666667,8.36160191988752,3.41360968933343,-25.3716297280193,-7.82170360531402,TRUE
5214,6,-13.7411111111111,10.5542666815457,4.30876132984073,-24.8171347196919,-2.66508750253035,TRUE
5215,6,-12.0427777777778,12.653604039371,5.16581221727983,-25.3219208298254,1.2363652742699,TRUE
5216,6,-9.68833333333333,9.1524786563835,3.73648376497556,-19.2932706287295,-0.0833960379371774,TRUE
5217,6,-13.7433333333333,11.1787761206474,4.56371624073254,-25.4747394047588,-2.01192726190782,TRUE
5218,6,-16.4755555555556,8.38357591873451,3.42258053679737,-25.2735789144493,-7.67753219666185,TRUE
5219,6,-14.8177777777778,2.44193972686256,0.996917718907434,-17.3804363576252,-12.2551191979303,TRUE
5220,6,-17.8705555555556,10.53061197265,4.29910433537263,-28.9217550695698,-6.81935604154134,TRUE
5221,6,-12.7483333333333,5.83307418471979,2.38134256406074,-18.8697692729355,-6.62689739373118,TRUE
5222,6,-10.1527777777778,15.2774323637721,6.23698564518723,-26.1854597864205,5.87990423086496,TRUE
5223,6,-12.6366666666667,6.46968761052478,2.64123890683198,-19.4261874241449,-5.84714590918847,TRUE
5224,6,-4.06222222222222,7.43806267090405,3.03657636975965,-11.8679902808488,3.7435458364044,FALSE
5225,6,-19.4038888888889,3.93621443446289,1.60695281376866,-23.5346926026873,-15.2730851750905,FALSE
5226,6,-17.0116666666667,5.2640709848304,2.14904798043744,-22.53597036909,-11.4873629642433,TRUE
5227,6,-15.5166666666667,8.45991909601451,3.45374750841052,-24.3948072766609,-6.63852605667241,TRUE
5228,6,-22.0827777777778,10.3315786503035,4.21784932177936,-32.9251046297947,-11.2404509257608,TRUE
5229,6,-12.3088888888889,10.4234561695494,4.25535816194357,-23.2476352841078,-1.37014249367003,TRUE
5230,6,-10.5183333333333,14.289765840551,5.83377247553384,-25.5145228921757,4.47785622550906,TRUE
5231,6,-11.3311111111111,10.8200405968979,4.41726307643316,-22.6860473386172,0.0238251163949617,TRUE
5232,6,-10.2438888888889,5.57685750487043,2.27674254252392,-16.0964419131213,-4.39133586465646,TRUE
5233,6,-13.3772222222222,12.1400269845328,4.95614526262069,-26.1173992090899,-0.63704523535451,TRUE
5234,6,-16.1594444444444,5.35419811058644,2.18584222545176,-21.7783307647576,-10.5405581241313,TRUE
5235,6,-13.015,11.0002179271342,4.49082016348247,-24.5590207393574,-1.47097926064267,TRUE
5236,6,-20.7716666666667,14.6367726785806,5.97543742393872,-36.132017568625,-5.41131576470835,TRUE
5237,6,-14.975,7.6852518935079,3.13749094730876,-23.0401772386253,-6.90982276137472,TRUE
5238,6,-8.5888888888889,7.2818912887203,2.97281966996376,-16.2307651331201,-0.947012644657718,TRUE
5239,6,-10.8977777777778,13.7521701991062,5.6142999739532,-25.3297953106353,3.53423975507975,TRUE
5240,6,-18.4961111111111,9.54437901284,3.8964764155311,-28.5123226078607,-8.47989961436156,TRUE
5241,6,-16.7627777777778,8.69271992126915,3.5487880473393,-25.8852278707914,-7.64032768476412,TRUE
5242,6,-9.13833333333334,11.271576592868,4.60160187487084,-20.9671275277063,2.69046086103965,TRUE
5243,6,-11.0061111111111,7.94725736525687,3.24445423324246,-19.3462462296375,-2.6659759925847,TRUE
5244,6,-17.9888888888889,12.8715295934117,5.25477995216536,-31.496730784191,-4.48104699358675,TRUE
5245,6,-16.8066666666667,9.97622551647443,4.07277701238266,-27.2760732752947,-6.33726005803867,TRUE
5246,6,-12.3116666666667,12.1609410728684,4.9646834034303,-25.0737916432097,0.45045830987635,TRUE
5247,6,-12.9077777777778,8.64191353981453,3.52804642896579,-21.9769098433588,-3.83864571219675,TRUE
5248,6,-10.1138888888889,9.88983662749382,4.03750889614125,-20.4926359185296,0.26485814075183,TRUE
5249,6,-17.8061111111111,8.03878609317674,3.28182067994408,-26.242299738791,-9.36992248343124,TRUE
5250,6,-19.9911111111111,5.78778394231877,2.36285290002583,-26.0650178561981,-13.9172043660241,TRUE
5251,6,-14.5616666666667,11.6644808904831,4.76200438268811,-26.8027886340252,-2.3205446993081,TRUE
5252,6,-14.1838888888889,11.834525839756,4.83142494253079,-26.6034620863988,-1.76431569137903,TRUE
5253,6,-14.6338888888889,7.15969782623283,2.92293439779739,-22.1475309586234,-7.12024681915436,TRUE
5254,6,-19.1288888888889,8.2918006801007,3.38511345251821,-27.8306000415003,-10.4271777362774,TRUE
5255,6,-6.055,13.630506430634,5.56463094846303,-20.3593392381387,8.24933923813875,TRUE
5256,6,-13.6622222222222,10.1118093043435,4.12812886199481,-24.2739152900321,-3.05052915441235,TRUE
5257,6,-8.48777777777778,11.7818253003262,4.80991003740208,-20.8520451509683,3.87648959541279,TRUE
5258,6,-12.135,6.3884286887396,2.60806509092824,-18.8392447488973,-5.4307552511027,TRUE
5259,6,-10.2772222222222,10.6067520249376,4.3301883815549,-21.4083258207307,0.853881376286212,TRUE
5260,6,-13.4494444444444,9.15519947392777,3.73759453408667,-23.0572370627412,-3.84165182614768,TRUE
5261,6,-6.40833333333335,16.2239127695989,6.6233846528236,-23.434285612314,10.6176189456473,TRUE
5262,6,-12.3711111111111,8.5290834903397,3.48198375415474,-21.321835301522,-3.42038692070019,TRUE
5263,6,-14.5894444444444,8.93722139684904,3.64860535676068,-23.9684830999388,-5.21040578895009,TRUE
5264,6,-9.62166666666667,7.56514661677706,3.08845817340771,-17.560801147351,-1.6825321859823,TRUE
5265,6,-19.8233333333333,8.52964816260188,3.48221428064045,-28.774650110941,-10.8720165557256,TRUE
5266,6,-7.405,11.6478132902466,4.75519986338542,-19.6286303936389,4.81863039363885,TRUE
5267,6,-11.0172222222222,10.6592270757242,4.35161123133053,-22.2033950092315,0.168950564787012,TRUE
5268,6,-16.1988888888889,8.36641345345029,3.41557398968495,-24.9789013450449,-7.4188764327329,TRUE
5269,6,-9.47444444444445,11.1521955320549,4.55286476088015,-21.1779558988716,2.22906700998272,TRUE
5270,6,-19.8038888888889,15.8159382925603,6.45682977001968,-36.4016982114973,-3.20607956628051,TRUE
5271,6,-11.4444444444444,6.22735387594894,2.54230657396967,-17.9796515441097,-4.90923734477923,TRUE
5272,6,-9.73833333333334,3.05310534083288,1.24642503600111,-12.9423708903601,-6.53429577630654,FALSE
5273,6,-12.0227777777778,9.30422255792537,3.79843295336834,-21.7869605315888,-2.25859502396671,TRUE
5274,6,-9.79444444444445,8.02675212209956,3.27690783182433,-18.2180041939864,-1.37088469490246,TRUE
5275,6,-20.6127777777778,11.2923144791622,4.6100680814983,-32.4633350491241,-8.7622205064315,TRUE
5276,6,-23.0016666666667,10.0407256820522,4.09910909471441,-33.5387620478311,-12.4645712855022,TRUE
5277,6,-15.7355555555556,10.4133377436326,4.25122733186083,-26.6636833139976,-4.80742779711349,TRUE
5278,6,-8.38611111111111,1.60049911196708,0.653401026349492,-10.0657319208312,-6.70649030139098,FALSE
5279,6,-17.3522222222222,11.9708803475892,4.88709143725073,-29.9148906999127,-4.78955374453174,TRUE
5280,6,-12.4927777777778,5.89727824854321,2.40755376335749,-18.6815917501824,-6.30396380537316,TRUE
5281,6,-20.955,7.58614138486168,3.09702925158694,-28.9161671385637,-12.9938328614363,TRUE
5282,6,-11.5977777777778,10.4203208879289,4.25407818858185,-22.5332338967229,-0.662321658832631,TRUE
5283,6,-11.7594444444444,10.635852035381,4.3420684110709,-22.9210866310335,-0.597802257855349,TRUE
5284,6,-14.005,9.51032836213112,3.88257529559002,-23.985477530334,-4.024522469666,TRUE
5285,6,-18.5222222222222,15.227452207797,6.21658133195329,-34.5024532738971,-2.54199117054729,TRUE
5286,6,-12.6533333333333,16.9961861081309,6.9386639230501,-30.4897367775109,5.18307011084426,TRUE
5287,6,-13.0883333333333,9.05598310510792,3.69708962112993,-22.5920047581295,-3.58466190853719,TRUE
5288,6,-12.8277777777778,7.54640566882795,3.08080721344582,-20.7472448397589,-4.90831071579663,TRUE
5289,6,-17.3038888888889,7.12593679351601,2.90915151390645,-24.7821009276507,-9.82567685012709,TRUE
5290,6,-11.505,15.2631240067178,6.23114428288048,-27.5226663088016,4.51266630880162,TRUE
5291,6,-13.6905555555556,8.86024489670741,3.61717983217197,-22.9888123283668,-4.39229878274429,TRUE
5292,6,-13.0494444444444,12.4498486232059,5.08262941695767,-26.1147593009466,0.0158704120577298,TRUE
5293,6,-9.935,11.9055838906699,4.86043427034008,-22.4291440486404,2.55914404864045,TRUE
5294,6,-8.17611111111111,5.08053952369745,2.07412157518357,-13.5078103571794,-2.84441186504284,FALSE
5295,6,-8.79555555555556,12.7894379455456,5.22126617726267,-22.2172475498492,4.62613643873812,TRUE
5296,6,-18.1655555555556,5.3168803161531,2.17060729967047,-23.745279252388,-12.5858318587231,TRUE
5297,6,-6.28055555555556,9.51186730508945,3.88320356642188,-16.2626481074778,3.70153699636668,TRUE
5298,6,-19.0955555555556,11.4231853247228,4.66349588046998,-31.0834533564565,-7.10765775465465,TRUE
5299,6,-11.0966666666667,5.36493760966104,2.1902266075894,-16.7268234000633,-5.46650993327,TRUE
5300,6,-6,12.98680424294,5.3018406307691,-19.6288152208936,7.62881522089362,TRUE
5301,6,-12.5711111111111,8.12217504166263,3.31586407560702,-21.0948110733055,-4.0474111489167,TRUE
5302,6,-6.75111111111111,12.2129910189777,4.98593270494815,-19.5678591561559,6.06563693393365,TRUE
5303,6,-19.76,8.43412143880111,3.44321565895517,-28.6110676290887,-10.9089323709113,TRUE
5304,6,-21.0944444444445,11.2900641995353,4.60914940868756,-32.9426401921506,-9.24624869673835,TRUE
5305,6,-22.2205555555556,11.6689086258535,4.76381199808372,-34.4663241462159,-9.9747869648952,TRUE
5306,6,-4.78388888888889,18.6187873356954,7.60108810030787,-24.3231078906116,14.7553301128339,TRUE
5307,6,-11.5905555555556,7.89699026118085,3.22393277393686,-19.8779385835502,-3.30317252756087,TRUE
5308,6,-20.7194444444444,5.65749823652613,2.30966398336411,-26.6566247265036,-14.7822641623852,FALSE
5309,6,-13.46,7.34206934196499,2.99738725732435,-21.1650292380457,-5.75497076195428,TRUE
5310,6,-17.5361111111111,11.1724636528419,4.56113918654236,-29.2608926538459,-5.81132956837631,TRUE
5311,6,-16.7838888888889,12.1222457429245,4.94888610113178,-29.5054056070913,-4.06237217068651,TRUE
5312,6,-18.0866666666667,12.3151962135314,5.02765780090123,-31.0106724854586,-5.16266084787476,TRUE
5313,6,-20.5355555555556,9.67917688572666,3.95150741669525,-30.6932287442945,-10.3778823668166,TRUE
5314,6,-6.88222222222223,7.41195630696082,3.0259184913096,-14.6605933320987,0.896148887654276,TRUE
5315,6,-17.2611111111111,14.5906540355525,5.95660956676398,-32.5730634654121,-1.94915875681013,TRUE
5316,6,-8.05444444444444,14.7753522487308,6.03201229654574,-23.5602256862798,7.45133679739092,TRUE
5317,6,-17.01,7.03769627711291,2.87312747393524,-24.3956092959656,-9.62439070403442,TRUE
5318,6,-13.0405555555556,11.9853031142621,4.89297950708872,-25.6183597986185,-0.462751312492577,TRUE
5319,6,-3.34055555555555,7.46176131029745,3.04625129877833,-11.1711938109786,4.49008269986754,FALSE
5320,6,-22.6361111111111,5.89237451350534,2.40555182191139,-28.8197789291984,-16.4524432930238,FALSE
5321,6,-17.1838888888889,10.3150133121402,4.21108655079323,-28.0088314846503,-6.35894629312745,TRUE
5322,6,-16.5638888888889,4.94480172242266,2.01870684986181,-21.7531400486183,-11.3746377291595,TRUE
5323,6,-11.1227777777778,8.76281725795399,3.57740516520695,-20.3187905141703,-1.92676504138526,TRUE
5324,6,-17.5211111111111,12.5629799484511,5.12881508708697,-30.7051500123143,-4.33707220990788,TRUE
5325,6,-13.9477777777778,10.4790586232557,4.27805776861474,-24.9448753695817,-2.95068018597391,TRUE
5326,6,-12.0333333333333,8.63168298254235,3.52386982144893,-21.0917290874969,-2.97493757916973,TRUE
5327,6,-13.0405555555556,11.7590179893592,4.80059899168972,-25.3808881237672,-0.700222987343958,TRUE
5328,6,-19.1922222222222,13.1451692295715,5.36649286583075,-32.9872313041986,-5.39721314024583,TRUE
5329,6,-10.0844444444445,9.5355003753032,3.89285172693506,-20.0913383825292,-0.0775505063597386,TRUE
5330,6,-19.2933333333333,9.91891055845685,4.04937827875397,-29.7025915823185,-8.88407508434813,TRUE
5331,6,-18.0133333333333,11.8740870058385,4.84757572095273,-30.474423428486,-5.55224323818063,TRUE
5332,6,-9.22333333333334,6.10433579970463,2.49208465464677,-15.6294408794363,-2.81722578723034,TRUE
5333,6,-12.5338888888889,11.7871771037036,4.81209490198178,-24.9037726352814,-0.164005142496409,TRUE
5334,6,-12.2777777777778,13.3668228863135,5.45698259227072,-26.3053981068525,1.74984255129691,TRUE
5335,6,-11.2811111111111,8.01673130027075,3.27281684844367,-19.6941546530849,-2.86806756913732,TRUE
5336,6,-13.7844444444444,11.8881669770438,4.85332384512707,-26.2603105631887,-1.30857832570021,TRUE
5337,6,-13.1111111111111,7.62310600642449,3.1121199951476,-21.1110702409581,-5.11115198126411,TRUE
5338,6,-16.6605555555556,7.81946159461313,3.19228182834864,-24.8665772377405,-8.45453387337066,TRUE
5339,6,-13.3711111111111,4.67209287705754,1.90737392994713,-18.2741718891995,-8.46805033302276,TRUE
5340,6,-17.5288888888889,5.00502976644125,2.04329484587039,-22.7813455045326,-12.2764322732452,TRUE
5341,6,-15.0833333333333,5.77586895819341,2.35798862812575,-21.1447360694304,-9.02193059723629,TRUE
5342,6,-14.7166666666667,15.5039944673766,6.32947923666769,-30.9871110214818,1.5537776881485,TRUE
5343,6,-13.7272222222222,15.9515462735911,6.51219149644878,-30.4673433931787,3.01289894873426,TRUE
5344,6,-13.5866666666667,13.3367580601717,5.44470867839525,-27.5827358956809,0.409402562347562,TRUE
5345,6,-14.5944444444445,9.82776716286092,4.01216914331486,-24.9080535657501,-4.28083532313876,TRUE
5346,6,-21.6033333333333,15.2234103348173,6.21493124421907,-37.5793226994515,-5.6273439672152,TRUE
5347,6,-14.5611111111111,4.96796657112866,2.02816385974489,-19.7746722886654,-9.34754993355685,TRUE
5348,6,-17.59,21.4509602996644,8.75731787114618,-40.1014022484616,4.92140224846165,TRUE
5349,6,-19.1805555555556,7.31071311817776,2.98458613256781,-26.8526784548264,-11.5084326562847,TRUE
5350,6,-18.7755555555556,10.4487544535045,4.26568614311988,-29.740850871585,-7.81026023952607,TRUE
5351,6,-11.2122222222222,7.61911183703096,3.11048938232087,-19.2079897283559,-3.21645471608857,TRUE
5352,6,-11.2633333333333,9.37554976165843,3.82755216235593,-21.102369396836,-1.42429726983069,TRUE
5353,6,-14.8,8.77341134717088,3.58173018401877,-24.007130551189,-5.59286944881105,TRUE
5354,6,-20.5972222222222,8.91877655203813,3.64107528039875,-29.9569042001997,-11.2375402442448,TRUE
5355,6,-7.435,5.67317067921948,2.31606223130107,-13.3886275019858,-1.48137249801417,FALSE
5356,6,-9.58166666666666,9.90318371927824,4.0429578235449,-19.9744206101149,0.81108727678159,TRUE
5357,6,-9.295,5.17000956371348,2.11064756606785,-14.720592294764,-3.86940770523598,TRUE
5358,6,-15.0566666666667,14.9438323212101,6.10079399811266,-30.7392569011741,0.625923567840767,TRUE
5359,6,-19.4527777777778,5.47778560964056,2.23629661066331,-25.2013612242439,-13.7041943313116,TRUE
5360,6,-14.8838888888889,5.64773992817447,2.30568017066173,-20.8108284543788,-8.95694932339901,TRUE
5361,6,-5.90611111111111,13.8136832994063,5.63941259199183,-20.402682683744,8.5904604615218,TRUE
5362,6,-19.3022222222222,7.79608667264592,3.1827390564158,-27.483713428215,-11.1207310162295,TRUE
5363,6,-13.9372222222222,5.01784345739909,2.04852601329846,-19.2031259818357,-8.67131846260873,TRUE
5364,6,-10.4622222222222,6.32949170038046,2.58400416618553,-17.1046163950273,-3.81982804941713,TRUE
5365,6,-14.4605555555556,15.0111639073009,6.12828200302842,-30.2138059561973,1.29269484508622,TRUE
5366,6,-16.7294444444444,9.77550167321161,3.99083184651527,-26.9882042981755,-6.47068459071335,TRUE
5367,6,-17.6677777777778,8.52960118037745,3.48219510022764,-26.6190452505647,-8.71651030499082,TRUE
5368,6,-13.92,9.06143599117834,3.69931575254628,-23.4293938777787,-4.41060612222126,TRUE
5369,6,-6.31777777777778,6.60817361443527,2.69777558118161,-13.2526306833864,0.617075127830852,FALSE
5370,6,-12.31,8.47154295273299,3.45849292804443,-21.2003390995077,-3.41966090049235,TRUE
5371,6,-22.6616666666667,14.2492430598182,5.81722911957486,-37.6153301751804,-7.70800315815291,TRUE
5372,6,-17.2705555555556,5.82168719976021,2.37669384691746,-23.3800415873102,-11.1610695238009,TRUE
5373,6,-3.65944444444445,10.1083587890126,4.12672019500974,-14.26751641849,6.94862752960115,TRUE
5374,6,-16.3211111111111,8.1899406229476,3.3435292583189,-24.9159266894642,-7.72629553275798,TRUE
5375,6,-17.6844444444444,9.98762226551037,4.07742971569342,-28.1658112076897,-7.20307768119918,TRUE
5376,6,-15.3155555555555,8.05127558331713,3.28691949294266,-23.7648510993129,-6.86626001179823,TRUE
5377,6,-15.3066666666667,8.02745178884446,3.27719346957683,-23.7309606714268,-6.88237266190652,TRUE
5378,6,-24.2127777777778,13.0975557374762,5.34705473907983,-37.9578195642095,-10.4677359913461,TRUE
5379,6,-21.1038888888889,10.9418934816129,4.46700930830615,-32.586701876439,-9.62107590133876,TRUE
5380,6,-12.7894444444444,16.2961192949142,6.65286284334389,-29.891172824524,4.31228393563512,TRUE
5381,6,-11.2438888888889,15.1605268768993,6.18925918002557,-27.1538861131079,4.66610833533015,TRUE
5382,6,-4.75833333333332,13.1755006229997,5.37887560534521,-18.585173260581,9.06850659391435,TRUE
5383,6,-20.1438888888889,7.63988290098354,3.11896913367063,-28.1614542898129,-12.1263234879648,TRUE
5384,6,-16.9488888888889,10.4022475491633,4.24669977892783,-27.8653782020015,-6.03239957577624,TRUE
5385,6,-14.2872222222222,9.8213186298801,4.00953654074944,-24.5940640231928,-3.98038042125165,TRUE
5386,6,-17.6883333333333,7.68201933811099,3.13617126209415,-25.7501182131172,-9.6265484535495,TRUE
5387,6,-11.7077777777778,7.69127721416834,3.13995077416789,-19.7792782026459,-3.63627735290962,TRUE
5388,6,-12.8761111111111,14.5563682003852,5.94261243316979,-28.1520826880439,2.39986046582167,TRUE
5389,6,-16.6766666666667,7.07169192390807,2.88700613862258,-24.0979522059804,-9.25538112735294,TRUE
5390,6,-19.4422222222222,13.8366355362481,5.64878280344481,-33.9628806902122,-4.92156375423222,TRUE
5391,6,-8.64111111111111,8.5891768242666,3.50651675499867,-17.6548993878651,0.372677165642866,TRUE
5392,6,-15.5227777777778,8.13324246306249,3.32038233147336,-24.058092286431,-6.9874632691246,TRUE
5393,6,-12.2566666666667,11.0923322865642,4.52842569324697,-23.8973554977561,-0.615977835577237,TRUE
5394,6,-10.0138888888889,11.8389037436687,4.83321221431896,-22.4380564147928,2.410278637015,TRUE
5395,6,-11.0505555555556,8.3283290085151,3.40002608014689,-19.7906008378709,-2.31051027324022,TRUE
5396,6,-15.0766666666667,10.1137574070614,4.12892417159904,-25.6904041428989,-4.46292919043446,TRUE
5397,6,-13.7755555555556,13.8657032785001,5.66064965952683,-28.3267187482361,0.775607637125008,TRUE
5398,6,-7.57388888888889,4.4291957718287,1.80821160197884,-12.2220447879225,-2.92573298985525,FALSE
5399,6,-15.2,12.1258086557374,4.9503406541967,-27.92525576589,-2.47474423410997,TRUE
5400,6,-12.5266666666667,11.4864890680796,4.68933952547533,-24.580997671985,-0.472335661348378,TRUE
5401,6,-20.65,9.17855108391298,3.74712778894271,-30.2822986300642,-11.0177013699358,TRUE
5402,6,-10.7805555555556,8.48746511474858,3.46499312346778,-19.6876039393466,-1.87350717176455,TRUE
5403,6,-11.4144444444444,9.56000922051314,3.90285742109326,-21.4470588381852,-1.38183005070373,TRUE
5404,6,-21.1938888888889,10.4296742074752,4.25789666529681,-32.1391607147173,-10.2486170630605,TRUE
5405,6,-9.61444444444446,7.46844433203735,3.04897963097878,-17.4520961010636,-1.77679278782531,TRUE
5406,6,-9.53611111111112,8.72257414010507,3.5609759811422,-18.6898912853724,-0.382330936849785,TRUE
5407,6,-12.6,14.6978237240151,6.00036140886839,-28.0244200448902,2.8244200448902,TRUE
5408,6,-9.80444444444444,8.8427252377098,3.61002746133668,-19.0843154627048,-0.524573426184098,TRUE
5409,6,-12.11,12.9692802850085,5.29468650490142,-25.7204249548883,1.5004249548883,TRUE
5410,6,-14.4561111111111,7.36891049286473,3.00834511129325,-22.1893084095268,-6.72291381269538,TRUE
5411,6,-4.78388888888889,5.45032411540478,2.22508550258797,-10.5036532645792,0.93587548680144,FALSE
5412,6,-15.65,11.0824251256964,4.52438111175932,-27.2802919033845,-4.01970809661547,TRUE
5413,6,-14.5316666666667,9.70983253088217,3.96402253142305,-24.7215109819958,-4.34182235133749,TRUE
5414,6,-14.0427777777778,8.55997674365134,3.49459587200609,-23.0259224492463,-5.05963310630929,TRUE
5415,6,-11.2822222222222,4.97894574591255,2.03264608908112,-16.5073053370913,-6.0571391073531,TRUE
5416,6,-8.485,10.1980293848044,4.16332806244662,-19.1871754931202,2.21717549312022,TRUE
5417,6,-13.4838888888889,11.5848158124075,4.7294812507541,-25.6414074840599,-1.32637029371789,TRUE
5418,6,-11.2233333333333,9.87157265417554,4.03005266025699,-21.5829134984477,-0.863753168218928,TRUE
5419,6,-19.3233333333333,7.58826169524718,3.09789486467708,-27.2867256011832,-11.3599410654834,TRUE
5420,6,-19.5872222222222,11.4043294735263,4.65579801145376,-31.5553320208569,-7.61911242358752,TRUE
5421,6,-9.35333333333334,9.99397462918978,4.08002305730595,-19.8413664934213,1.13469982675467,TRUE
5422,6,-18.5916666666667,10.8810127694479,4.44215486164258,-30.0105892650886,-7.1727440682447,TRUE
5423,6,-15.805,5.64188965585901,2.30329180699019,-21.7258000812189,-9.88419991878106,TRUE
5424,6,-11.9838888888889,7.00713332307924,2.86065020019947,-19.337424331631,-4.63035344614676,TRUE
5425,6,-14.14,10.0467708466176,4.1015770228138,-24.6834393923084,-3.59656060769157,TRUE
5426,6,-12.1205555555555,13.4817370157915,5.50389608918027,-26.2687708676321,2.02765975652099,TRUE
5427,6,-20.7222222222222,10.3257106651669,4.21545372687885,-31.5583910015024,-9.88605344294205,TRUE
5428,6,-12.4138888888889,13.3842141539397,5.4640825475481,-26.4597602340335,1.63198245625565,TRUE
5429,6,-11.6133333333333,7.0593833536176,2.88198118584344,-19.0217018203081,-4.20496484635859,TRUE
5430,6,-20.3833333333333,5.50324914129019,2.24669205392844,-26.1586391174302,-14.6080275492364,FALSE
5431,6,-11.9072222222222,8.15723112518148,3.33017566177395,-20.4677112878565,-3.34673315658796,TRUE
5432,6,-17.5822222222222,7.77804764611179,3.17537465467161,-25.744782630861,-9.41966181358345,TRUE
5433,6,-13.4483333333333,5.54229304730652,2.26263166181264,-19.2646131839245,-7.63205348274214,TRUE
5434,6,-11.5438888888889,6.32483444374164,2.58210284912448,-18.1813955705931,-4.90638220718473,TRUE
5435,6,-12.5527777777778,7.44462831447888,3.03925678252487,-20.3654360567707,-4.74011949878488,TRUE
5436,6,-14.4755555555556,10.7289178633504,4.38006237623999,-25.7348643388721,-3.21624677223901,TRUE
5437,6,-19.3977777777778,12.1590479646808,4.96391054524903,-32.1579160591185,-6.63763949643706,TRUE
5438,6,-15.9511111111111,7.01110822327816,2.86227294641044,-23.308817955787,-8.59340426643519,TRUE
5439,6,-12.7711111111111,3.79708582214582,1.5501537956356,-16.7559083006147,-8.78631392160754,TRUE
5440,6,-12.4722222222222,7.713577831523,3.14905496307922,-20.567125709734,-4.37731873471041,TRUE
5441,6,-22.8588888888889,9.08475051126072,3.70883386551289,-32.3927498549691,-13.3250279228086,TRUE
5442,6,-9.55277777777778,5.89414753676775,2.40627565562722,-15.738306269667,-3.36724928588859,TRUE
5443,6,-8.08333333333334,5.99784516861403,2.44861003655362,-14.3776858158548,-1.78898085081184,TRUE
5444,6,-23.2705555555555,10.84810877868,4.42872186366214,-34.6549475333708,-11.8861635777403,TRUE
5445,6,-8.44611111111111,7.27931847135482,2.97176932167263,-16.085287349104,-0.806934873118207,TRUE
5446,6,-15.1838888888889,10.3732359499856,4.23485584315991,-26.0699323958541,-4.29784538192371,TRUE
5447,6,-15.4972222222222,13.0840716422962,5.34154988027415,-29.2281133186003,-1.76633112584417,TRUE
5448,6,-9.11944444444444,15.8614011454315,6.47538990198398,-25.7649641051473,7.52607521625838,TRUE
5449,6,-12.4061111111111,6.98794340009726,2.85281594694794,-19.7395079647491,-5.07271425747312,TRUE
5450,6,-14.2894444444444,11.7857044133356,4.81149367865667,-26.6577826970782,-1.92110619181067,TRUE
5451,6,-20.3016666666667,14.0114555909719,5.72015279192461,-35.0057875306524,-5.59754580268092,TRUE
5452,6,-20.0872222222222,7.95536811542067,3.24776543313121,-28.4358690510368,-11.7385753934076,TRUE
5453,6,-17.3244444444444,11.4566602980618,4.67716198110894,-29.3474720754118,-5.30141681347706,TRUE
5454,6,-8.5488888888889,7.8768551724281,3.21571265837521,-16.815141437134,-0.282636340643823,TRUE
5455,6,-10.0872222222222,7.19493507550559,2.93731994457364,-17.6378435171955,-2.53660092724895,TRUE
5456,6,-19.5383333333333,4.53967974886139,1.85331649672608,-24.3024350555025,-14.7742316111642,FALSE
5457,6,-16.46,10.5651561486068,4.31320693615251,-27.5474514034142,-5.37254859658581,TRUE
5458,6,-12.9166666666667,12.451861618962,5.08345121903381,-25.9840940326582,0.150760699324913,TRUE
5459,6,-12.9088888888889,7.07612564007127,2.8888161956666,-20.3348273279615,-5.48295044981631,TRUE
5460,6,-14.7522222222222,10.8823810030846,4.4427134406857,-26.1725806937862,-3.33186375065825,TRUE
5461,6,-12.0583333333333,13.6745401303948,5.58260763111316,-26.4088831053575,2.29221643869083,TRUE
5462,6,-6.01388888888889,5.46810201346223,2.23234329907796,-11.7523100244031,-0.275467753374639,FALSE
5463,6,-16.66,4.78392307630464,1.95302841761199,-21.6804193747949,-11.6395806252051,TRUE
5464,6,-16.9177777777778,11.0657892557129,4.51758954627819,-28.530611406301,-5.30494414925457,TRUE
5465,6,-11.6194444444444,9.95336468328768,4.06344411631559,-22.0648600799685,-1.17402880892035,TRUE
5466,6,-15.1683333333333,14.0945602982143,5.75408014658584,-29.9596672389424,-0.376999427724245,TRUE
5467,6,-15.2788888888889,8.3884395758996,3.42456611652042,-24.0820163429519,-6.47576143482589,TRUE
5468,6,-15.0305555555556,7.86928668704877,3.2126228371577,-23.2888654655035,-6.77224564560759,TRUE
5469,6,-14.2972222222222,18.2412436730816,7.44695654547033,-33.4402334487812,4.84578900433677,TRUE
5470,6,-14.8322222222222,7.20220727483107,2.94028880751618,-22.3904752223481,-7.27396922209637,TRUE
5471,6,-19.5294444444444,11.3004822742054,4.61340256986153,-31.3885732910084,-7.67031559788051,TRUE
5472,6,-14.3938888888889,10.1245827165955,4.1333435857101,-25.0189868307591,-3.76879094701862,TRUE
5473,6,-15.8094444444444,10.0275031602902,4.09371102280945,-26.3326636400226,-5.28622524886632,TRUE
5474,6,-14.24,7.71752176687712,3.15066506794524,-22.3390423938339,-6.14095760616612,TRUE
5475,6,-9.23444444444445,12.0633563906322,4.92484462373193,-21.8941605775409,3.425271688652,TRUE
5476,6,-13.4805555555556,5.02902836503198,2.05309223271858,-18.758197155868,-8.20291395524317,TRUE
5477,6,-13.265,7.77569968270095,3.17441610262306,-21.4250963721543,-5.10490362784573,TRUE
5478,6,-15.14,13.384250113888,5.46409722813554,-29.185909082796,-1.09409091720404,TRUE
5479,6,-14.7988888888889,11.5769515593444,4.72627068288532,-26.9481544566143,-2.64962332116346,TRUE
5480,6,-11.5927777777778,6.45563988279212,2.63550394600022,-18.3675563491138,-4.81799920644179,TRUE
5481,6,-13.9133333333333,11.754679257404,4.79882771178623,-26.2491126815992,-1.57755398506749,TRUE
5482,6,-14.3044444444444,8.36880627798963,3.41655085621251,-23.086968015952,-5.52192087293687,TRUE
5483,6,-13.3572222222222,8.58293770393504,3.50396964478931,-22.3644629437387,-4.34998150070579,TRUE
5484,6,-13.2605555555556,12.0521786719556,4.92028133919089,-25.9085413923,-0.612569718811137,TRUE
5485,6,-10.8983333333333,11.7720885997345,4.80593504603076,-23.252382665908,1.4557159992413,TRUE
5486,6,-13.2216666666667,16.9689468998194,6.92754356282332,-31.0294843148396,4.58615098150623,TRUE
5487,6,-10.865,13.2435144295026,5.40664212557795,-24.7632160397968,3.03321603979679,TRUE
5488,6,-13.025,11.9771068200036,4.88963338396956,-25.5942027597531,-0.455797240246923,TRUE
5489,6,-11.4388888888889,10.6345833469376,4.34155047118275,-22.5991996686095,-0.278578109168235,TRUE
5490,6,-11.9038888888889,13.3675390266731,5.45727495534828,-25.9322607611802,2.12448298340239,TRUE
5491,6,-17.2866666666667,16.3458462273719,6.67316377850977,-34.4405802619301,-0.132753071403251,TRUE
5492,6,-20.2427777777778,6.96276554783184,2.84253713180303,-27.5497520959124,-12.9358034596432,TRUE
5493,6,-14.3416666666667,8.51965146652791,3.47813314655796,-23.2824925551331,-5.40084077820019,TRUE
5494,6,-16.5605555555556,15.5988738078771,6.36821356522736,-32.9305696717818,-0.190541439329355,TRUE
5495,6,-20.0055555555556,6.06392783109601,2.47558817054119,-26.3692575392649,-13.6418535718462,TRUE
5496,6,-9.6111111111111,10.9068314304317,4.45269528585125,-21.0571287325438,1.83490651032157,TRUE
5497,6,-11.6238888888889,11.9847772735373,4.89276483351176,-24.2011412959544,0.953363518176577,TRUE
5498,6,-14.3677777777778,10.0545747833548,4.10476296664566,-24.9194068994297,-3.81614865612582,TRUE
5499,6,-12.6311111111111,12.3629742316261,5.04716309511016,-25.6052568848952,0.343034662673015,TRUE
5500,6,-23.735,9.87983237599595,4.03342467756987,-34.1032482115684,-13.3667517884316,TRUE
5501,6,-17.9505555555556,5.47738194422873,2.23613181494901,-23.698715381152,-12.2023957299592,TRUE
5502,6,-14.4877777777778,12.1321029901235,4.95291030544943,-27.219639042502,-1.75591651305357,TRUE
5503,6,-13.6766666666667,8.53841567401249,3.48579360218545,-22.6371843832219,-4.71614895011147,TRUE
5504,6,-13.4066666666667,7.11294000786985,2.90384559838488,-20.8712394153673,-5.94209391796602,TRUE
5505,6,-12.3955555555556,6.4696201731775,2.64121137565023,-19.185005541878,-5.60610556923306,TRUE
5506,6,-20.4838888888889,9.86944902586128,4.02918569262811,-30.8412404427644,-10.1265373350134,TRUE
5507,6,-10.8261111111111,11.3468326303308,4.63232502351214,-22.733881673315,1.08165945109277,TRUE
5508,6,-13.9155555555556,19.0329324729144,7.77016214458144,-33.8893932243655,6.05828211325439,TRUE
5509,6,-11.7983333333333,13.4443122628947,5.48861749778913,-25.9072737759057,2.31060710923904,TRUE
5510,6,-14.0377777777778,9.57084082377688,3.90727940460866,-24.0817592420207,-3.99379631353488,TRUE
5511,6,-20.1405555555556,2.56959263236341,1.0490317993509,-22.8371776439719,-17.4439334671393,FALSE
5512,6,-15.9022222222222,10.321757961094,4.21384004219839,-26.7342428929744,-5.07020155147007,TRUE
5513,6,-9.87388888888889,10.7380350813083,4.3837844648851,-21.1427656056672,1.3949878278894,TRUE
5514,6,-15.7927777777778,7.55962768532557,3.08620507907745,-23.7261204951028,-7.85943506045274,TRUE
5515,6,-15.9627777777778,9.57662023812082,3.90963884063446,-26.0128243654109,-5.91273119014462,TRUE
5516,6,-15.8016666666667,12.7361115206592,5.19949575546621,-29.1673960101362,-2.43593732319711,TRUE
5517,6,-13.9727777777778,7.99910756596333,3.26562198904108,-22.3673263448613,-5.57822921069424,TRUE
5518,6,-12.5816666666667,8.87567731374782,3.62348009004644,-21.8961187679299,-3.26721456540346,TRUE
5519,6,-14.0688888888889,8.6888067628969,3.54719050712351,-23.1872323740421,-4.95054540373562,TRUE
5520,6,-21.5533333333333,9.0337758809186,3.6880235598187,-31.0336997056021,-12.0729669610646,TRUE
5521,6,-9.24611111111111,11.0272229639332,4.50184492358959,-20.8184718985421,2.32624967631984,TRUE
5522,6,-14.3316666666667,16.5054491675393,6.73832140598609,-31.6530732755739,2.98973994224053,TRUE
5523,6,-12.0083333333333,8.52270607781876,3.47938018639549,-20.9523648397545,-3.0643018269122,TRUE
5524,6,-11.05,11.916552819969,4.86491231697467,-23.5556552339785,1.45565523397846,TRUE
5525,6,-3.49722222222223,8.93496488003212,3.64768413762777,-12.8738928085469,5.87944836410243,FALSE
5526,6,-17.1861111111111,11.8523800547807,4.8387138952922,-29.6244211581903,-4.74780106403194,TRUE
5527,6,-10.8455555555556,9.4701164293363,3.86615884277029,-20.7838332504656,-0.907277860645545,TRUE
5528,6,-17.0977777777778,9.62819232293412,3.93069305609515,-27.2019459492377,-6.9936096063178,TRUE
5529,6,-15.8472222222222,11.2434331286542,4.59011235371784,-27.6464816622191,-4.0479627822253,TRUE
5530,6,-8.42222222222223,14.3483768600674,5.85770032405379,-23.4799202738358,6.63547582939138,TRUE
5531,6,-13.0555555555556,9.18042014692542,3.74789083072231,-22.6898156469582,-3.42129546415289,TRUE
5532,6,-9.92,8.31242069302185,3.39353153754261,-18.643350529066,-1.196649470934,TRUE
5533,6,-16.0938888888889,9.62792683734069,3.93058467205549,-26.1977784503052,-5.98999932747254,TRUE
5534,6,-22.3333333333333,9.54665549347577,3.89740578485893,-32.3519338499956,-12.3147328166711,TRUE
5535,6,-14.3727777777778,14.0224591941589,5.72464499411466,-29.0884462151153,0.342890659559709,TRUE
5536,6,-15.7905555555556,13.8446299925144,5.65204652654873,-30.319603690873,-1.26150742023807,TRUE
5537,6,-13.3816666666667,7.39757970930733,3.02004926989488,-21.1449504625852,-5.61838287074818,TRUE
5538,6,-18.19,6.80695689880744,2.77892851719934,-25.3334631688444,-11.0465368311556,TRUE
5539,6,-12.4283333333333,14.0861111658888,5.75063080275805,-27.2108004183538,2.35413375168716,TRUE
5540,6,-22.6483333333333,10.7984362551045,4.40844314082941,-33.9805971945849,-11.3160694720817,TRUE
5541,6,-21.1255555555556,11.5568826374718,4.71807757983935,-33.2537600814135,-8.99735102969758,TRUE
5542,6,-16.9644444444444,11.7552002046691,4.7990403876166,-29.3007704933367,-4.62811839555214,TRUE
5543,6,-17.2388888888889,6.3741508076385,2.60223617037727,-23.9281499204965,-10.5496278572813,TRUE
5544,6,-11.7266666666667,7.98973146538035,3.26179421200686,-20.1113756196352,-3.34195771369815,TRUE
5545,6,-20.2983333333333,4.20628299887997,1.71720784349996,-24.7125566238465,-15.8841100428201,FALSE
5546,6,-6.91555555555555,7.84984180071779,3.20468449555481,-15.1534593087741,1.32234819766296,TRUE
5547,6,-19.5877777777778,14.2026921808925,5.79822480283384,-34.4925891348784,-4.68296642067717,TRUE
5548,6,-19.3861111111111,8.44987374439975,3.44964651078668,-28.2537097711055,-10.5185124511167,TRUE
5549,6,-12.335,8.35687999993619,3.4116819735856,-21.105007710267,-3.56499228973301,TRUE
5550,6,-12.7172222222222,13.9446788603581,5.69289130580877,-27.3512652051861,1.9168207607417,TRUE
5551,6,0.792777777777777,12.0334117110405,4.91261975948013,-11.8355133413299,13.4210688968854,FALSE
5552,6,-7.95388888888888,11.5283396543121,4.70642495575968,-20.0521393909502,4.1443616131724,TRUE
5553,6,-12.0161111111111,11.8026114655786,4.81839595383165,-24.4021922269343,0.369970004712048,TRUE
5554,6,-13.7577777777778,12.5864316126828,5.13838918891807,-26.9664276912406,-0.549127864314967,TRUE
5555,6,-6.28277777777778,8.23614349253518,3.36239150084256,-14.9260802941416,2.36052473858603,TRUE
5556,6,-11.8911111111111,5.78071724372087,2.35996793240402,-17.9576018108331,-5.82462041138914,TRUE
5557,6,-16.2638888888889,7.14114476246761,2.91536014123237,-23.7580607122789,-8.76971706549883,TRUE
5558,6,-15.8033333333333,9.93325257237863,4.05523338141935,-26.2276426028759,-5.37902406379073,TRUE
5559,6,-14.07,9.82027471894527,4.0091103658949,-24.3757462836307,-3.76425371636931,TRUE
5560,6,-16.2388888888889,6.23995429707859,2.54745067435497,-22.7873193195653,-9.69045845821253,TRUE
5561,6,-16.235,6.53364650609954,2.66735001661033,-23.0916415019827,-9.37835849801727,TRUE
5562,6,-15.6488888888889,9.57251590443916,3.90796325342543,-25.6946282424785,-5.60314953529929,TRUE
5563,6,-13.9505555555556,9.71549470729141,3.96633410526243,-24.146341960608,-3.75476915050315,TRUE
5564,6,-10.4233333333333,6.57204483652792,2.68302606936438,-17.3202714117801,-3.52639525488656,TRUE
5565,6,-11.8155555555556,10.5928249650762,4.32450268317527,-22.9320436010864,-0.699067510024694,TRUE
5566,6,-9.77222222222222,12.6353373373895,5.15835486742349,-23.0321955461872,3.48775110174277,TRUE
5567,6,-16.0577777777778,8.40973184053033,3.43325864715602,-24.8832500931984,-7.2323054623572,TRUE
5568,6,-13.6494444444444,13.1342996965395,5.3620553975523,-27.433046651068,0.134157762179157,TRUE
5569,6,-12.1788888888889,13.9184914039907,5.68220032151518,-26.7854498218226,2.42767204404485,TRUE
5570,6,-11.7272222222222,7.10062889755131,2.89881960864363,-19.1788752529879,-4.27556919145656,TRUE
5571,6,-14.765,7.81423793113855,3.19014927666519,-22.9655397835639,-6.56446021643615,TRUE
5572,6,-10.6038888888889,6.23441431506215,2.54518898616756,-17.1465054649928,-4.06127231278497,TRUE
5573,6,-11.0505555555556,11.0915630431757,4.52811165094864,-22.6904371152173,0.589326004106173,TRUE
5574,6,-14.2461111111111,9.3664976062244,3.82385663537498,-24.0756475200834,-4.4165747021388,TRUE
5575,6,-20.4755555555555,9.4843528840733,3.87197085107893,-30.4287734934523,-10.5223376176588,TRUE
5576,6,-13.0472222222222,10.9831931031345,4.48386980818914,-24.5733765045113,-1.52106793993313,TRUE
5577,6,-11.2555555555556,9.97559124767754,4.07251807323063,-21.7242965399028,-0.786814571208303,TRUE
5578,6,-18.2366666666667,10.2033242948887,4.16548970043672,-28.9443988271395,-7.52893450619387,TRUE
5579,6,-15.0477777777778,9.9424811718128,4.05900094136172,-25.4817718684729,-4.61378368708264,TRUE
5580,6,-6.83833333333334,14.8918644083122,6.0795781865131,-22.4663865879147,8.78971992124801,TRUE
5581,6,-13.1244444444444,5.5733547314847,2.27531254127731,-18.9733215334474,-7.27556735544149,TRUE
5582,6,-12.3188888888889,10.0149933525615,4.0886039151902,-22.8289798463883,-1.80879793138944,TRUE
5583,6,-15.4844444444444,11.0105165216748,4.49502454709786,-27.0392728959536,-3.92961599293533,TRUE
5584,6,-15.3022222222222,16.8908774414102,6.89567183989035,-33.0281109983532,2.42366655390876,TRUE
5585,6,-13.6716666666667,10.8307639517154,4.42164086770544,-25.0378563648975,-2.30547696843586,TRUE
5586,6,-12.3077777777778,13.6247869979953,5.56229599986583,-26.6061148394654,1.99055928390986,TRUE
5587,6,-11.1777777777778,13.929468629359,5.68668175500582,-25.7958586022402,3.44030304668461,TRUE
5588,6,-10.0638888888889,8.46166976342052,3.45446221538619,-18.9438667116526,-1.18391106612517,TRUE
5589,6,-13.5711111111111,6.54654910507705,2.67261748058544,-20.4412930603081,-6.70092916191409,TRUE
5590,6,-7.56555555555556,14.2805494240191,5.8300098892405,-22.5520730784173,7.42096196730614,TRUE
5591,6,-15.8938888888889,12.8340171967863,5.23946558037184,-29.3623639382344,-2.42541383954336,TRUE
5592,6,-12.3583333333333,9.56613790640949,3.90535944663323,-22.3973793884794,-2.31928727818727,TRUE
5593,6,-15.8566666666667,10.7077627085317,4.37142582045077,-27.093774476549,-4.61955885678434,TRUE
5594,6,-7.56888888888888,6.28872382979309,2.56736075271239,-14.1684998053369,-0.969277972440849,TRUE
5595,6,-22.9972222222222,11.0390992822314,4.50669341023184,-34.5820464413461,-11.4123980030984,TRUE
5596,6,-11.3383333333333,5.69294641542399,2.32413564179922,-17.3127141976974,-5.36395246896932,TRUE
5597,6,-16.5627777777778,12.0219061932174,4.90792265149792,-29.1789945964263,-3.94656095912919,TRUE
5598,6,-9.24833333333333,13.615863093384,5.55865283106404,-23.5373053314749,5.04063866480827,TRUE
5599,6,-16.4772222222222,8.18442054330236,3.34127569524051,-25.0662448322606,-7.88819961218386,TRUE
5600,6,-11.7022222222222,10.9213006280116,4.45860231102766,-23.163424335276,-0.241020109168421,TRUE
5601,6,-19.9855555555556,6.85325216121406,2.79782847893342,-27.1776026227278,-12.7935084883833,TRUE
5602,6,-20.0383333333333,7.50360320853329,3.06333318220287,-27.912881968006,-12.1637846986606,TRUE
5603,6,-11.07,11.1332884230631,4.54514596595663,-22.7536696604038,0.613669660403774,TRUE
5604,6,-11.1,4.52748298972203,1.84833719065824,-15.8513020084371,-6.34869799156288,TRUE
5605,6,-14.1822222222222,14.514541469646,5.92553674184983,-29.414299337217,1.04985489277253,TRUE
5606,6,-14.4111111111111,4.46313127083897,1.82206571143582,-19.0948801322638,-9.72734208995844,TRUE
5607,6,-22.9055555555556,11.6260450267046,4.74631300700805,-35.1063415576148,-10.7047695534963,TRUE
5608,6,-17.8033333333333,7.92915604308274,3.23706439940974,-26.124472279241,-9.48219438742569,TRUE
5609,6,-12.4105555555555,9.38207378560404,3.83021558397867,-22.2564381623023,-2.56467294880883,TRUE
5610,6,-6.91388888888889,5.78403527600534,2.36132251341186,-12.9838616499445,-0.843916127833285,FALSE
5611,6,-18.8155555555556,6.25023614368704,2.55164822065568,-25.3747761225068,-12.2563349886043,TRUE
5612,6,-17.8455555555556,10.3726132283618,4.23460161812154,-28.7309455562549,-6.96016555485619,TRUE
5613,6,-14.6083333333333,11.8884526140098,4.85344045593013,-27.0844992096898,-2.13216745697692,TRUE
5614,6,-11.2183333333333,8.03736157648211,3.28123912343876,-19.6530270224242,-2.78363964424243,TRUE
5615,6,-17.4722222222222,10.0455187724382,4.10106586567052,-28.014347643263,-6.93009680118147,TRUE
5616,6,-21.4466666666667,10.3733427592074,4.2348994478421,-32.3328222630358,-10.5605110702975,TRUE
5617,6,-21.4066666666667,10.0544833559739,4.1047256415737,-31.9581998411666,-10.8551334921667,TRUE
5618,6,-21.5694444444444,9.32606893883225,3.8073517010264,-31.3565535689819,-11.782335319907,TRUE
5619,6,-15.8311111111111,8.77261817416155,3.58140637249367,-25.0374092782755,-6.62481294394674,TRUE
5620,6,-13.8333333333333,9.62850744173548,3.93082170280709,-23.9378322016942,-3.72883446497241,TRUE
5621,6,-10.9127777777778,6.36080931841108,2.59678953020794,-17.5880377751009,-4.2375177804547,TRUE
5622,6,-18.0666666666667,8.10867299733919,3.31035188909421,-26.5761971023366,-9.55713623099673,TRUE
5623,6,-10.1172222222222,15.8786183861144,6.48241881105929,-26.7808102689184,6.54636582447393,TRUE
5624,6,-8.67388888888888,8.71097071173705,3.55623890134743,-17.8154920118758,0.467714234098063,TRUE
5625,6,-7.66500000000001,6.06012275269881,2.47403475379045,-14.0247087988267,-1.30529120117332,TRUE
5626,6,-17.1766666666667,13.1419021116089,5.36515907050777,-30.9682471186134,-3.38508621471998,TRUE
5627,6,-17.8177777777778,16.4589149995667,6.71932391146315,-35.0903497723417,-0.545205783213852,TRUE
5628,6,-20.3372222222222,5.21200554986771,2.12779235562166,-25.8068866015891,-14.8675578428554,FALSE
5629,6,-18.0338888888889,8.46529054870972,3.45594039479064,-26.9176664927795,-9.15011128499828,TRUE
5630,6,-8.33666666666666,7.283339588098,2.97341093570879,-15.980062807882,-0.693270525451286,TRUE
5631,6,-13.2183333333333,10.2341632128214,4.17807963596249,-23.9584289533805,-2.47823771328618,TRUE
5632,6,-7.32166666666666,6.78219949573883,2.76882134972025,-14.4391485343796,-0.204184798953762,TRUE
5633,6,-19.4622222222222,8.87187182220469,3.62192650462958,-28.7726807050328,-10.1517637394117,TRUE
5634,6,-11.0877777777778,8.59312740034258,3.50812957092804,-20.105711929864,-2.06984362569154,TRUE
5635,6,-14.66,14.2438218966056,5.81501593896099,-29.6079743466288,0.287974346628777,TRUE
5636,6,-11.8066666666667,8.81527663900697,3.59882161784062,-21.0577321471831,-2.55560118615027,TRUE
5637,6,-10.4988888888889,12.0620362509204,4.92430567895141,-23.1572196203221,2.15944184254434,TRUE
5638,6,-19.0233333333333,7.63340756878022,3.11632559036844,-27.0341032898631,-11.0125633768036,TRUE
5639,6,-9.76055555555555,7.54663204251971,3.08089963011848,-17.6802601821568,-1.84085092895433,TRUE
5640,6,-20.6038888888889,17.3187958802204,7.07036881099259,-38.778850525676,-2.42892725210181,TRUE
5641,6,-10.2716666666667,15.8302021816246,6.46265297834555,-26.8844450228226,6.34111168948932,TRUE
5642,6,-17.2527777777778,10.4681118782852,4.2735887786944,-28.2383874652688,-6.26716809028676,TRUE
5643,6,-16.7172222222222,8.84497356736624,3.61094533807532,-25.9994527177543,-7.43499172669017,TRUE
5644,6,-12.2833333333333,8.95499339288793,3.65586074376169,-21.681022554863,-2.88564411180367,TRUE
5645,6,-15.5122222222222,15.979854771509,6.52374839232935,-32.2820513398057,1.25760689536119,TRUE
5646,6,-9.38666666666666,11.01943132229,4.49866399920885,-20.9508506276639,2.17751729433063,TRUE
5647,6,-10.6516666666667,5.61086990680688,2.29062804746904,-16.5399135176897,-4.76341981564367,TRUE
5648,6,-18.9894444444444,13.5787962838581,5.54352036944212,-33.2395172116123,-4.7393716772766,TRUE
5649,6,-7.305,9.21285738037397,3.76113327582506,-16.9733008802432,2.3633008802432,TRUE
5650,6,-15.9761111111111,9.36886105177184,3.82482150797932,-25.8081278040739,-6.14409441814836,TRUE
5651,6,-13.2433333333333,11.4914348780105,4.69135864392459,-25.3028546478613,-1.18381201880537,TRUE
5652,6,-14.9255555555556,6.11432150016724,2.49616129978972,-21.3421424516133,-8.50896865949777,TRUE
5653,6,-10.0333333333333,12.3400473616955,5.0378032396553,-22.983418832701,2.91675216603436,TRUE
5654,6,-9.26888888888889,18.6177970610759,7.60068382238738,-28.8070686611327,10.2692908833549,TRUE
5655,6,-13.835,16.5487912616669,6.75601574181882,-31.2018913471925,3.53189134719247,TRUE
5656,6,-9.44777777777777,11.3315533242685,4.62608727293272,-21.339513691647,2.44395813609141,TRUE
5657,6,-19.6,11.4047037079736,4.6559507920271,-31.5685025336014,-7.63149746639863,TRUE
5658,6,-17.7333333333333,8.7639156646888,3.57785358787867,-26.9304987769005,-8.53616788976619,TRUE
5659,6,-20.5033333333333,10.3431054868019,4.22255513307427,-31.3577568583869,-9.64890980827974,TRUE
5660,6,-14.56,7.21648113695311,2.94611608732582,-22.1332324997557,-6.98676750024432,TRUE
5661,6,-13.4361111111111,11.5597553639372,4.71925036550782,-25.5673303785056,-1.30489184371667,TRUE
5662,6,-18.1427777777778,12.6197493225089,5.15199108699674,-31.3863924833718,-4.89916307218377,TRUE
5663,6,-12.53,10.0898344882362,4.11915768088574,-23.1186319126067,-1.94136808739331,TRUE
5664,6,-6.15944444444445,5.01375637251781,2.0468574678827,-11.4210590715202,-0.897829817368653,FALSE
5665,6,-17.4922222222222,11.9966839245345,4.89762570342653,-30.081969893196,-4.90247455124847,TRUE
5666,6,-10.4505555555556,8.55680376897477,3.49330051051869,-19.430370394314,-1.47074071679715,TRUE
5667,6,-15.7616666666667,11.4831762446923,4.68798707099089,-27.8125210770537,-3.7108122562796,TRUE
5668,6,-18.7511111111111,6.50586151666895,2.65600684217473,-25.5785940549313,-11.923628167291,TRUE
5669,6,-11.0555555555556,9.74561455029712,3.97863047967855,-21.2829507973262,-0.828160313784894,TRUE
5670,6,-17.0244444444444,7.18952993878881,2.93511330674929,-24.5693933963086,-9.47949549258028,TRUE
5671,6,-12.7661111111111,14.5133727478667,5.92505961318138,-27.9969617278175,2.46473950559528,TRUE
5672,6,-17.1055555555556,6.03491532359511,2.46374386395187,-23.4388107798907,-10.7723003312204,TRUE
5673,6,-16.6116666666667,15.2593730393996,6.22961295688525,-32.6253965766805,-0.597936756652818,TRUE
5674,6,-17.7405555555556,10.6170591066488,4.33439623004316,-28.882475772955,-6.59863533815609,TRUE
5675,6,-14.9672222222222,8.63619499977126,3.52571184476918,-24.0303530480737,-5.90409139637077,TRUE
5676,6,-10.2177777777778,6.73965500820551,2.75145263541611,-17.2906119439921,-3.14494361156346,TRUE
5677,6,-18.3805555555556,12.1857013506571,4.97479174450896,-31.1686648500638,-5.59244626104733,TRUE
5678,6,-15.9427777777778,7.77616941306841,3.17460786924256,-24.1033671017208,-7.78218845383474,TRUE
5679,6,-14.6572222222222,8.8925250548903,3.63035815156604,-23.9893549434921,-5.32508950095235,TRUE
5680,6,-12.495,12.7291165356351,5.1966400647883,-25.8533885568847,0.863388556884724,TRUE
5681,6,-12.4477777777778,6.31798197973817,2.5793053424096,-19.0780932395356,-5.81746231601996,TRUE
5682,6,-10.1883333333333,5.91877455409667,2.41632959335098,-16.3997062949118,-3.97696037175482,TRUE
5683,6,-17.0972222222222,14.2729801321186,5.82691973876209,-32.0757962603948,-2.1186481840497,TRUE
5684,6,-11.4416666666667,11.4526043132362,4.67550613223773,-23.4604378026032,0.57710446926983,TRUE
5685,6,-19.0516666666667,8.26004001873544,3.37214721681184,-27.7200470492947,-10.3832862840386,TRUE
5686,6,-17.6711111111111,7.28984397536636,2.97606634069161,-25.3213331881416,-10.0208890340806,TRUE
5687,6,-20.3744444444444,12.6975963896351,5.18377201906865,-33.6997546367421,-7.04913425214681,TRUE
5688,6,-8.55888888888889,8.97876078226751,3.66556373984469,-17.9815204559008,0.863742678122984,TRUE
5689,6,-11.2888888888889,13.8884464640645,5.66993452615321,-25.8639195910655,3.28614181328774,TRUE
5690,6,-16.2411111111111,14.1448069256163,5.77459324632427,-31.0851756183004,-1.39704660392182,TRUE
5691,6,-16.895,11.240523070075,4.58892432727774,-28.6912055208098,-5.09879447919025,TRUE
5692,6,-10.9788888888889,8.96712059982757,3.66081165526289,-20.3893048335934,-1.56847294418438,TRUE
5693,6,-12.4066666666667,9.25169558033073,3.7769889045621,-22.1157257381339,-2.69760759519944,TRUE
5694,6,-6.43444444444445,8.88436495990235,3.62702680673718,-15.758013671209,2.88912478232013,TRUE
5695,6,-20.7377777777778,6.34358001505517,2.589755696567,-27.3949567301086,-14.080598825447,FALSE
5696,6,-8.75111111111111,9.45567922624438,3.86026487928893,-18.674237890556,1.17201566833383,TRUE
5697,6,-17.5538888888889,7.54176914601951,3.07891436093557,-25.4684902185897,-9.63928755918812,TRUE
5698,6,-14.2938888888889,8.73982695396112,3.56801941290462,-23.4657747808992,-5.12200299687854,TRUE
5699,6,-18.255,11.0565411006838,4.51381400279762,-29.8581282850324,-6.65187171496759,TRUE
5700,6,-7.3338888888889,6.0139121734217,2.45516936379922,-13.6451026588819,-1.02267511889585,FALSE
5701,6,-9.45,13.6030842907858,5.55343590674912,-23.7255614672598,4.82556146725976,TRUE
5702,6,-12.2666666666667,7.46096716995264,3.04592709234017,-20.0964715229088,-4.43686181042448,TRUE
5703,6,-6.93333333333334,3.8126811796658,1.55652057368231,-10.9344968468353,-2.93216981983139,FALSE
5704,6,-7.12222222222222,11.7241027454209,4.78634490304075,-19.4259134890692,5.18146904462479,TRUE
5705,6,-13.9933333333333,14.1891789755433,5.79270805985134,-28.8839634511313,0.89729678446459,TRUE
5706,6,-17.7955555555556,17.9374739540397,7.32294307697677,-36.6197800126307,1.02866890151963,TRUE
5707,6,-11.0438888888889,11.1419632055609,4.54868743108152,-22.7366621752142,0.648884397436479,TRUE
5708,6,-11.6516666666667,9.68444956274404,3.95365997807376,-21.8148731905853,-1.48846014274799,TRUE
5709,6,-18.4505555555555,13.1196436971718,5.3560721108654,-32.2187772341044,-4.68233387700671,TRUE
5710,6,-14.8055555555556,9.0165816796159,3.68100405653098,-24.2678777201777,-5.34323339093343,TRUE
5711,6,-15.3105555555556,4.90305139305748,2.00166234927218,-20.4559924316717,-10.1651186794394,TRUE
5712,6,-10.0088888888889,5.04021766137874,2.05766024382364,-15.2982729355729,-4.71950484220485,TRUE
5713,6,-15.6205555555556,8.20086402403678,3.34798871813961,-24.2268345403205,-7.01427657079056,TRUE
5714,6,-9.79666666666668,2.59912891390771,1.06108993579802,-12.5242851816056,-7.06904815172778,FALSE
5715,6,-13.43,19.8019791378988,8.08412413084825,-34.2109026477877,7.3509026477877,TRUE
5716,6,-9.1111111111111,13.6186091093795,5.55977388739977,-23.4029648763061,5.18074265408385,TRUE
5717,6,-15.8988888888889,14.5096849903269,5.92355409247014,-31.1258694414018,-0.671908336375999,TRUE
5718,6,-13.2361111111111,10.4120552815083,4.25070376889101,-24.1628930080932,-2.30932921412906,TRUE
5719,6,-8.00166666666667,9.38083406621064,3.82970947065566,-17.8462482676985,1.84291493436513,TRUE
5720,6,-12.5022222222222,11.1645036047619,4.55788951052167,-24.2186502068065,-0.785794237637937,TRUE
5721,6,-16.0655555555556,11.6455532126915,4.75427719058726,-28.2868141432592,-3.8442969678519,TRUE
5722,6,-19.595,4.74160533059333,1.93575227026907,-24.5710096242454,-14.6189903757546,FALSE
5723,6,-9.55222222222222,10.8781276302837,4.44097700851102,-20.9681170527791,1.8636726083347,TRUE
5724,6,-4.64444444444444,6.03413794512031,2.46342650051849,-10.9768838601024,1.68799497121353,FALSE
5725,6,-13.5322222222222,5.67121569043246,2.31526411047089,-19.4837980892994,-7.58064635514509,TRUE
5726,6,-16.8155555555556,8.32202370331391,3.39745195007765,-25.5489838258723,-8.08212728523878,TRUE
5727,6,-11.2366666666667,17.2256530919569,7.03234342691497,-29.3138809418507,6.84054760851738,TRUE
5728,6,-10.9977777777778,7.00015290838284,2.85780045783293,-18.3439877245563,-3.6515678309993,TRUE
5729,6,-16.2133333333333,9.57271376825239,3.90804403098892,-26.2592803322604,-6.16738633440628,TRUE
5730,6,-11.45,14.0572061393594,5.73883037509161,-26.2021331200084,3.30213312000842,TRUE
5731,6,-11.2411111111111,8.86382828420384,3.61864274399145,-20.5431284184727,-1.93909380374953,TRUE
5732,6,-7.85944444444445,10.1785177739234,4.15536248066026,-18.5411437577144,2.82225486882547,TRUE
5733,6,-14.7422222222222,15.2434724341881,6.22312156199031,-30.7392654704312,1.25482102598674,TRUE
5734,6,-14.8088888888889,11.0055760951068,4.49300762639729,-26.3585326806812,-3.25924509709659,TRUE
5735,6,-10.4694444444445,8.6354096387855,3.52539122248935,-19.5317510844873,-1.40713780440164,TRUE
5736,6,-15.3872222222222,15.5428893948564,6.34535802431905,-31.6984843001459,0.924039855701448,TRUE
5737,6,-13.6377777777778,11.625290757017,4.74600507769755,-25.8377722223448,-1.43778333321075,TRUE
5738,6,-14.9544444444444,11.2380076657874,4.58789741777749,-26.748010210346,-3.16087867854287,TRUE
5739,6,-11.1955555555556,12.319684098884,5.02948997242425,-24.1242711211843,1.73316001007321,TRUE
5740,6,-14.6444444444444,15.9610866612335,6.51608634339416,-31.3945776382113,2.10568874932243,TRUE
5741,6,-12.5605555555556,8.16097391156137,3.33170364791511,-21.1249724346094,-3.99613867650172,TRUE
5742,6,-10.3777777777778,12.0179513259987,4.90630808371689,-22.989844217816,2.23428866226046,TRUE
5743,6,-4.05166666666667,11.0604885867568,4.51542555723854,-15.658937584272,7.5556042509387,TRUE
5744,6,-7.79388888888888,9.40497797662179,3.83956618080613,-17.6638079699926,2.07603019221484,TRUE
5745,6,-12.4261111111111,11.9076715545841,4.86128655556414,-24.9224460286673,0.0702238064450942,TRUE
5746,6,-7.59111111111111,9.06256026289031,3.69977473455071,-17.1016848396933,1.9194626174711,TRUE
5747,6,-13.1366666666667,6.93572747125747,2.83149888326411,-20.4152662636099,-5.85806706972342,TRUE
5748,6,-7.12555555555556,12.0219735238191,4.90795013910097,-19.7418430333372,5.49073192222612,TRUE
5749,6,-10.5577777777778,7.10486427008259,2.900548692239,-18.013875559426,-3.10167999612954,TRUE
5750,6,-10.2788888888889,11.6496414187384,4.75594619371696,-22.5044377857214,1.94666000794359,TRUE
5751,6,-14.7688888888889,9.14767989204953,3.73452467763988,-24.3687901899655,-5.16898758781227,TRUE
5752,6,-17.2383333333333,6.95705581086968,2.84020614144923,-24.5393156500054,-9.93735101666123,TRUE
5753,6,-15.63,11.688379984697,4.7717611470446,-27.896202528588,-3.36379747141204,TRUE
5754,6,-9.00611111111111,15.179479044884,6.19699637020595,-24.9359974158667,6.92377519364446,TRUE
5755,6,-12.6366666666667,7.42348106423874,3.03062345376633,-20.4271322675718,-4.84620106576156,TRUE
5756,6,-14.8377777777778,4.67383100852997,1.90808351914935,-19.7426626129801,-9.93289294257544,TRUE
5757,6,-12.0294444444444,8.92527034552684,3.64372636048914,-21.395941240747,-2.66294764814184,TRUE
5758,6,-16.5077777777778,10.0115403780208,4.08719424423693,-27.0142450607305,-6.00131049482504,TRUE
5759,6,-14.2977777777778,12.7733809440078,5.21471093383486,-27.7026189823877,-0.892936573167805,TRUE
5760,6,-16.2911111111111,14.6147372602173,5.96644150206225,-31.628337259699,-0.953884962523238,TRUE
5761,6,-14.3311111111111,10.3474526476953,4.22432985407738,-25.1900967017386,-3.4721255204836,TRUE
5762,6,-18.8094444444445,15.6595963360301,6.39300343353846,-35.243182945859,-2.3757059430299,TRUE
5763,6,-10.3722222222222,8.92629565240106,3.64414494026775,-19.7397950121005,-1.00464943234397,TRUE
5764,6,-14.9705555555556,11.2255510959332,4.58281204442948,-26.7510489531013,-3.19006215800982,TRUE
5765,6,-14.3188888888889,10.2591933117281,4.18829813105131,-25.0852519867989,-3.55252579097887,TRUE
5766,6,-21.5844444444444,14.6910262354899,5.9975863457985,-37.0017309626144,-6.16715792627444,TRUE
5767,6,-19.4305555555556,7.19585325545721,2.93769478996923,-26.9821404212939,-11.8789706898172,TRUE
5768,6,-20.6466666666667,14.6483350589751,5.98015774596847,-36.019151542693,-5.27418179064031,TRUE
5769,6,-15.345,9.84850507550371,4.02063536069907,-25.6803722259301,-5.00962777406992,TRUE
5770,6,-14.4605555555556,10.5071779521677,4.28953743657204,-25.4871625732896,-3.4339485378215,TRUE
5771,6,-12.7594444444444,8.2538369304266,3.36961481661416,-21.4213150851238,-4.09757380376509,TRUE
5772,6,-14.1505555555556,7.53693878814843,3.07694237559238,-22.060087735553,-6.24102337555815,TRUE
5773,6,-11.5188888888889,8.81416477839738,3.59836770264752,-20.768787543255,-2.26899023452278,TRUE
5774,6,-14.8883333333333,8.87285116395952,3.62232631922677,-24.199819572285,-5.57684709438164,TRUE
5775,6,-17.35,14.7096713461284,6.0051981803422,-32.7868533617839,-1.91314663821612,TRUE
5776,6,-14.0188888888889,12.18237317998,4.97343302451965,-26.8035054824729,-1.2342722953049,TRUE
5777,6,-13.6177777777778,10.9450132057515,4.46828293035245,-25.1038647150256,-2.13169084052999,TRUE
5778,6,-17.3611111111111,11.5894967135797,4.73139222065546,-29.523542010799,-5.19868021142323,TRUE
5779,6,-13.6527777777778,8.48444312758269,3.46375940237351,-22.5566547805336,-4.74890077502195,TRUE
5780,6,-13.745,7.75567799171105,3.16624228150424,-21.8840848960585,-5.60591510394152,TRUE
5781,6,-15.1194444444444,12.0746688782144,4.92946292744822,-27.7910323051855,-2.44785658370343,TRUE
5782,6,-10.5133333333333,8.92955591778724,3.64547593803811,-19.8843275619034,-1.14233910476331,TRUE
5783,6,-17.2038888888889,8.13227490836267,3.31998732892123,-25.7381880111565,-8.66958976662125,TRUE
5784,6,-16.1116666666667,5.86884949921571,2.39594777504451,-22.2706464963293,-9.952686837004,TRUE
5785,6,-13.7994444444444,14.446952068657,5.89794348444261,-28.9605908331622,1.36170194427328,TRUE
5786,6,-9.96388888888888,6.39443036005786,2.61051526298385,-16.6744320055665,-3.25334577221125,TRUE
5787,6,-13.1416666666667,7.73628643328165,3.15832571092601,-21.2604013701962,-5.02293196313712,TRUE
5788,6,-15.5188888888889,9.85737167282924,4.02425513389945,-25.863566038057,-5.17421173972079,TRUE
5789,6,-15.4888888888889,9.9310108396022,4.05431819784569,-25.9108456041608,-5.066932173617,TRUE
5790,6,-24.0272222222222,8.95050052397237,3.65402653770763,-33.4201964669865,-14.6342479774579,FALSE
5791,6,-13.6027777777778,13.8975043989386,5.67363241258071,-28.1873141996352,0.98175864407963,TRUE
5792,6,-16.5816666666667,11.5937348502447,4.7331224327037,-28.7485452180176,-4.41478811531578,TRUE
5793,6,-8.48277777777778,8.59312888731886,3.50813017798356,-17.5007134903499,0.535157934794354,TRUE
5794,6,-10.4011111111111,8.87410556786596,3.62283842747713,-19.713913766229,-1.08830845599318,TRUE
5795,6,-10.5194444444444,11.9284890384634,4.8697852577696,-23.0376259715165,1.99873708262759,TRUE
5796,6,-10.9255555555556,9.21248975073555,3.76098319165365,-20.5934706321539,-1.25764047895721,TRUE
5797,6,-12.965,9.41049738914533,3.84181947153323,-22.8407113493172,-3.08928865068278,TRUE
5798,6,-21.7611111111111,8.63565442843838,3.52549115744666,-30.8236746421399,-12.6985475800823,TRUE
5799,6,-17.8061111111111,10.412185044812,4.25075674453792,-28.7330291863288,-6.8791930358934,TRUE
5800,6,-18.14,7.19160374634508,2.93595993513889,-25.687125279424,-10.592874720576,TRUE
5801,6,-16.095,14.6489519913352,5.9804096075498,-31.4681323068324,-0.721867693167582,TRUE
5802,6,-16.9683333333333,8.55824560162758,3.49388913623433,-25.9496612826644,-7.9870053840023,TRUE
5803,6,-14.0083333333333,9.68046251190738,3.9520322713857,-24.1673557040059,-3.84931096266072,TRUE
5804,6,-12.4983333333333,10.963837477007,4.47596790691172,-24.0041751317317,-0.992491534934969,TRUE
5805,6,-12.7111111111111,5.69864610301495,2.32646252951441,-18.6914734307694,-6.73074879145286,TRUE
5806,6,-12.7733333333333,8.20276674191228,3.34876549945952,-21.3816090980495,-4.16505756861712,TRUE
5807,6,-11.3394444444444,4.49061016228637,1.83328392189306,-16.0520507936269,-6.62683809526204,TRUE
5808,6,-15.8161111111111,5.99824619429774,2.44877375460342,-22.1108844442776,-9.52133777794462,TRUE
5809,6,-12.9911111111111,10.1704877336704,4.15208423045464,-23.6643834139498,-2.31783880827243,TRUE
5810,6,-12.3055555555556,9.8688701743674,4.0289493774953,-22.6622996420432,-1.94881146906791,TRUE
5811,6,-12.96,8.4252087346381,3.43957706271721,-21.8017143196922,-4.11828568030783,TRUE
5812,6,-23.1922222222222,10.6153274229435,4.33368927313085,-34.3323251490243,-12.0521192954201,TRUE
5813,6,-14.7811111111111,7.75788535524889,3.167143433895,-22.9225124931364,-6.63970972908582,TRUE
5814,6,-12.4561111111111,10.1700753666314,4.15191588231592,-23.1289506612823,-1.78327156093989,TRUE
5815,6,-14.4844444444444,9.1282004230277,3.72657221771257,-24.0639032964833,-4.90498559240558,TRUE
5816,6,-13.4827777777778,15.5031777984983,6.32914583299426,-29.7523650911661,2.78680953561053,TRUE
5817,6,-16.8744444444444,9.65919473677609,3.94334973854638,-27.011147653913,-6.73774123497591,TRUE
5818,6,-18.9338888888889,6.64724752281947,2.7137274374812,-25.9097473465459,-11.9580304312318,TRUE
5819,6,-22.59,7.38817914719934,3.01621150648489,-30.3434185110073,-14.8365814889927,FALSE
5820,6,-11.3522222222222,9.15379815927468,3.73702244977515,-20.9585442509793,-1.74590019346512,TRUE
5821,6,-15.7122222222222,8.4347937251118,3.44349011869221,-24.5639953725255,-6.86044907191889,TRUE
5822,6,-19.2133333333333,14.8348658384377,6.05630861780293,-34.7815702572652,-3.64509640940144,TRUE
5823,6,-18.4733333333333,13.35424793007,5.45184888788164,-32.4877570551559,-4.45890961151075,TRUE
5824,6,-14.1877777777778,10.8008821999083,4.40944169361414,-25.5226085006797,-2.85294705487585,TRUE
5825,6,-12.1733333333333,7.01766121217667,2.86494819292568,-19.5379171181072,-4.80874954855949,TRUE
5826,6,-15.3527777777778,7.32097668549967,2.98877621638104,-23.0356716303887,-7.66988392516685,TRUE
5827,6,-14.3288888888889,7.60885731431662,3.10630299095322,-22.313894933416,-6.34388284436178,TRUE
5828,6,-7.955,9.52096744617432,3.88691868346276,-17.9466425643048,2.03664256430478,TRUE
5829,6,-21.0955555555556,13.3969428795721,5.46927902802735,-35.1547848790293,-7.03632623208182,TRUE
5830,6,-11.9888888888889,9.87645092950717,4.03204420782153,-22.3535884899975,-1.62418928778025,TRUE
5831,6,-12.6244444444444,11.5131184435971,4.7002109225065,-24.706721265499,-0.542167623389849,TRUE
5832,6,-12.9394444444444,15.0695170484682,6.15210457315319,-28.7539327111271,2.87504382223825,TRUE
5833,6,-13.7183333333333,12.8717984153126,5.25488969824684,-27.226457339919,-0.210209326747625,TRUE
5834,6,-9.57,4.46242534951566,1.82177752026238,-14.253028202157,-4.88697179784297,TRUE
5835,6,-17.8727777777778,6.17569372321547,2.52121640493112,-24.353770872002,-11.3917846835535,TRUE
5836,6,-11.8211111111111,17.8995601021883,7.30746481177355,-30.6055474208077,6.96332519858552,TRUE
5837,6,-10.435,14.1898360729706,5.7929763187527,-25.326319699257,4.45631969925702,TRUE
5838,6,-11.8844444444445,13.0750107145342,5.3378507720053,-25.6058266802985,1.83693779140964,TRUE
5839,6,-12.4944444444444,11.234924252658,4.58663861963862,-24.2847743667155,-0.70411452217339,TRUE
5840,6,-8.79944444444444,7.30792520081731,2.98344797007145,-16.4686416038761,-1.13024728501274,TRUE
5841,6,-9.56833333333333,7.56119501137221,3.08684493725659,-17.503320858471,-1.63334580819562,TRUE
5842,6,-7.625,4.44811108474397,1.81593374614009,-12.2930063025467,-2.95699369745329,FALSE
5843,6,-19.0244444444444,8.0140547835708,3.27172416507652,-27.4346791544025,-10.6142097344863,TRUE
5844,6,-9.50722222222222,12.2283625535368,4.99220810765371,-22.3401017034732,3.32565725902875,TRUE
5845,6,-9.99222222222222,2.97736920911858,1.2155058897024,-13.1167795834002,-6.86766486104427,FALSE
5846,6,-10.4272222222222,8.15044440960578,3.32740499674231,-18.9805890666535,-1.87385537779094,TRUE
5847,6,-12.7172222222222,12.7500771965709,5.20519721878237,-26.0976076437288,0.663163199284403,TRUE
5848,6,-10.9577777777778,9.31442481474995,3.80259800727585,-20.7326671435079,-1.18288841204763,TRUE
5849,6,-9.55333333333334,5.65607362831222,2.3090823894962,-15.48901858076,-3.61764808590671,TRUE
5850,6,-13.5288888888889,7.62657536852891,3.11353635629573,-21.532488890976,-5.5252888868018,TRUE
5851,6,-21.6855555555556,7.15689742421538,2.92179113846115,-29.1962587836069,-14.1748523275042,FALSE
5852,6,-14.6166666666667,8.44585105243988,3.448004253671,-23.4800437703501,-5.75328956298326,TRUE
5853,6,-15.7805555555555,2.9801755478992,1.21665157271206,-18.9080579886675,-12.6530531224436,TRUE
5854,6,-15.95,10.4470572145674,4.2649932482253,-26.9135141729995,-4.98648582700053,TRUE
5855,6,-15.8177777777778,20.5548279991362,8.3914733914261,-37.3887468520032,5.75319129644762,TRUE
5856,6,-17.4683333333333,3.77155125762449,1.53972935332203,-21.426333640779,-13.5103330258877,TRUE
5857,6,-16.13,7.16081249269632,2.92338945847555,-23.6448118404479,-8.61518815955208,TRUE
5858,6,-13.4438888888889,12.2569844790029,5.00389295979504,-26.3068052388065,-0.580972538971317,TRUE
5859,6,-19.7844444444444,14.346792079171,5.85705333996204,-34.8404793705039,-4.72840951838503,TRUE
5860,6,-16.265,10.790902083597,4.40536732819141,-27.5893572331545,-4.94064276684548,TRUE
5861,6,-12.9027777777778,4.6976979784035,1.91782716879877,-17.8327094617817,-7.97284609377383,TRUE
5862,6,-15.8827777777778,13.0638822571864,5.33330759831754,-29.592481413874,-2.17307414168157,TRUE
5863,6,-16.485,10.5438662000447,4.30451535104794,-27.5501089726215,-5.41989102737849,TRUE
5864,6,-14.7694444444444,8.09755667310047,3.30581366872751,-23.2673090132736,-6.27157987561525,TRUE
5865,6,-13.4955555555556,10.5096040028298,4.29052786760744,-24.5247085573187,-2.46640255379246,TRUE
5866,6,-16.4794444444444,8.12004472255518,3.31499437647327,-25.0009087738431,-7.95798011504574,TRUE
5867,6,-12.1844444444444,15.2207896811735,6.2138613668491,-28.157683603229,3.78879471434009,TRUE
5868,6,-13.8166666666667,10.2594933814709,4.1884206340108,-24.5833446684592,-3.04998866487417,TRUE
5869,6,-13.4255555555556,13.9056787227643,5.67696956630826,-28.0186704041677,1.16755929305661,TRUE
5870,6,-9.08166666666667,7.25077582055879,2.96011683327984,-16.6908892296571,-1.47244410367623,TRUE
5871,6,-22.8872222222222,8.29856143267324,3.3878735181982,-31.5960283495358,-14.1784160949086,FALSE
5872,6,-16.1083333333333,9.84721884030658,4.02011025737871,-26.4423557382063,-5.7743109284604,TRUE
5873,6,-18.1961111111111,12.61939590325,5.15184680418849,-31.439354925939,-4.95286729628318,TRUE
5874,6,-13.3894444444445,6.85494060811184,2.79851778449297,-20.5832634279673,-6.19562546092163,TRUE
5875,6,-1.52833333333333,8.72704423680271,3.56280089047721,-10.6868045863829,7.63013791971628,FALSE
5876,6,-13.0716666666667,9.14507365865482,3.73346068731193,-22.668832893533,-3.47450043980034,TRUE
5877,6,-15.0016666666667,13.9497735146887,5.69497118972975,-29.6410561614581,-0.362277171875247,TRUE
5878,6,-15.5688888888889,6.46658373371792,2.63997175443177,-22.3551523274241,-8.78262545035366,TRUE
5879,6,-16.5938888888889,10.1834697026694,4.15738409710532,-27.2807849326711,-5.90699284510668,TRUE
5880,6,-13.5277777777778,13.6101618353782,5.55632530222966,-27.8107666725758,0.755211117020242,TRUE
5881,6,-17.4666666666667,8.37432398598372,3.41880345106838,-26.2549807175938,-8.67835261573956,TRUE
5882,6,-10.5833333333333,12.1977710167792,4.97971916506975,-23.3841089656317,2.217442298965,TRUE
5883,6,-16.0272222222222,10.861403923305,4.43414958372676,-27.4255665986446,-4.62887784579988,TRUE
5884,6,-13.8027777777778,10.0073140844677,4.08546886711887,-24.3048098376512,-3.30074571790435,TRUE
5885,6,-15.6744444444445,12.5264686283204,5.11390940306103,-28.8201670650429,-2.52872182384601,TRUE
5886,6,-12.1838888888889,13.5171108709035,5.51833740505683,-26.3692267852404,2.00144900746264,TRUE
5887,6,-17.1933333333333,16.0612956444297,6.55699648947313,-34.048629405504,-0.338037261162615,TRUE
5888,6,-16.4211111111111,11.3261282325754,4.62387248852339,-28.3071537404078,-4.5350684818144,TRUE
5889,6,-11.27,7.861689668541,3.20952136733928,-19.520337327969,-3.01966267203102,TRUE
5890,6,-9.75666666666666,7.0684243097187,2.88567214071587,-17.1745230551926,-2.33881027814069,TRUE
5891,6,-9.17,6.38927782391023,2.60841174891002,-15.8751358616085,-2.46486413839154,TRUE
5892,6,-11.5927777777778,5.01149497174764,2.04593425488422,-16.8520192102893,-6.33353634526629,TRUE
5893,6,-14.2705555555556,10.5046409672988,4.28850171683639,-25.2945001709503,-3.24661094016079,TRUE
5894,6,-16.6516666666667,17.3935690222948,7.10089481841706,-34.9050979036536,1.60176457032025,TRUE
5895,6,-10.7705555555556,3.92868732200389,1.60387988297514,-14.893460049274,-6.64765106183716,TRUE
5896,6,-17.6244444444444,9.47541067222985,3.86832020838088,-27.5682781065332,-7.68061078235567,TRUE
5897,6,-16.8527777777778,21.5200419678098,8.78552034406895,-39.4366767908547,5.73112123529916,TRUE
5898,6,-9.71,4.7301045325541,1.93105708913058,-14.6739402768958,-4.7460597231042,TRUE
5899,6,-15.7522222222222,9.44410284349543,3.85553884082192,-25.6632003330293,-5.84124411141512,TRUE
5900,6,-13.5461111111111,7.04343805464559,2.87547154479718,-20.9377460330558,-6.15447618916639,TRUE
5901,6,-15.7738888888889,19.6625406312123,8.02719859886866,-36.4084597981859,4.86068202040816,TRUE
5902,6,-15.6994444444444,10.6921097422698,4.36503552373366,-26.9201254736614,-4.47876341522745,TRUE
5903,6,-18.9311111111111,9.97126486274249,4.07075183397701,-29.3953118329156,-8.46691038930661,TRUE
5904,6,-17.2116666666667,9.46960723108995,3.86595096345671,-27.1494099907892,-7.27392334254414,TRUE
5905,6,-15.9444444444444,8.25708548706751,3.37094103430928,-24.609724236241,-7.27916465264792,TRUE
5906,6,-4.5438888888889,9.48087581905259,3.8705513452284,-14.4934578708307,5.40568009305292,TRUE
5907,6,-16.2922222222222,10.2774864343091,4.19576626707223,-27.0777827749337,-5.50666166951078,TRUE
5908,6,-8.25055555555556,5.25575046620014,2.14565114293086,-13.7661274091859,-2.7349837019252,FALSE
5909,6,-13.4155555555556,6.04854717787362,2.46930904515693,-19.7631165336084,-7.06799457750271,TRUE
5910,6,-17.9905555555555,10.1079870326318,4.12656842610281,-28.5982373952058,-7.38287371590532,TRUE
5911,6,-12.705,9.8636898099376,4.02683450257285,-23.0563076274274,-2.35369237257264,TRUE
5912,6,-10.685,6.30795996253059,2.5752138710176,-17.3047979997165,-4.06520200028346,TRUE
5913,6,-11.4666666666667,8.5011405770703,3.47057610758193,-20.3880665680102,-2.54526676532319,TRUE
5914,6,-13.0288888888889,4.68436959670333,1.91238587975503,-17.9448332941145,-8.11294448366323,TRUE
5915,6,-10.2172222222222,5.81080962676618,2.37225309633825,-16.3152929412013,-4.11915150324311,TRUE
5916,6,-16.2205555555556,13.4254457267892,5.48091526667708,-30.3096967827374,-2.13141432837371,TRUE
5917,6,-20.1838888888889,10.7747116314424,4.39875760377747,-31.4912552845264,-8.87652249325139,TRUE
5918,6,-17.9688888888889,15.9135380054799,6.49667468596887,-34.6691228286787,-1.26865494909907,TRUE
5919,6,-11.2638888888889,8.1984650098978,3.34700932471858,-19.8676502627158,-2.66012751506194,TRUE
5920,6,-14.2755555555556,8.59205593470998,3.50769214691524,-23.29236527342,-5.2587458376911,TRUE
5921,6,-8.80055555555555,11.2613897734529,4.59744312325938,-20.6186593385772,3.01754822746609,TRUE
5922,6,-9.72333333333334,9.79059026707674,3.99699173916621,-19.9979276952224,0.551261028555734,TRUE
5923,6,-12.9661111111111,8.9488887992164,3.65336855383131,-22.3573939544748,-3.57482826774745,TRUE
5924,6,-8.21666666666667,8.6047996942275,3.51289476495235,-17.2468501399551,0.813516806621736,TRUE
5925,6,-10.9755555555556,7.13929895925571,2.91460659522658,-18.4677903272708,-3.4833207838403,TRUE
5926,6,-16.3494444444444,11.2523078949593,4.59373546189016,-28.1580173804977,-4.54087150839122,TRUE
5927,6,-16.0872222222222,6.00703639878237,2.4523623405571,-22.3912203092569,-9.78322413518758,TRUE
5928,6,-19.96,7.55513982516391,3.08437291783861,-27.8886329969245,-12.0313670030755,TRUE
5929,6,-14.6433333333333,7.30709092442251,2.9831073781595,-22.3116549733828,-6.97501169328385,TRUE
5930,6,-14.8822222222222,9.21549267186433,3.76220912907087,-24.5532886712769,-5.21115577316753,TRUE
5931,6,-10.8522222222222,6.73894375721915,2.75116226841684,-17.9243099763025,-3.7801344681419,TRUE
5932,6,-11.8194444444444,7.83401654230991,3.19822386086364,-20.0407406074792,-3.59814828140972,TRUE
5933,6,-17.5227777777778,12.3110543670975,5.02596689917522,-30.442436995307,-4.6031185602486,TRUE
5934,6,-11.7316666666667,8.28993680447699,3.38435252848119,-20.4314218017702,-3.0319115315631,TRUE
5935,6,-25.1822222222222,10.2377088727392,4.1795271455625,-35.9260387841541,-14.4384056602904,FALSE
5936,6,-6.88777777777778,8.59907376579766,3.51055716445955,-15.9119522577004,2.13639670214486,TRUE
5937,6,-11.2127777777778,13.9628631920004,5.70031502811495,-25.8659040464548,3.4403484908992,TRUE
5938,6,-7.32222222222222,8.87167870039053,3.6218476629791,-16.6324780361181,1.98803359167368,TRUE
5939,6,-15.2311111111111,5.3959242506283,2.20287685079151,-20.8937863298995,-9.56843589232275,TRUE
5940,6,-9.50111111111112,18.7263386308835,7.64499573270557,-29.1531982751212,10.150976052899,TRUE
5941,6,-10.7138888888889,10.1344344613724,4.13736554367333,-21.3493256028431,-0.0784521749346663,TRUE
5942,6,-14.6933333333333,8.06206342487249,3.29132361081543,-23.1539500224964,-6.23271664417027,TRUE
5943,6,-23.8188888888889,8.00447421180226,3.26781291303035,-32.2190694053825,-15.4187083723953,FALSE
5944,6,-13.1855555555556,8.96331750752704,3.65925904933273,-22.5919803996581,-3.77913071145305,TRUE
5945,6,-5.93444444444444,12.7966977800554,5.22422999229032,-19.3637551678124,7.49486627892349,TRUE
5946,6,-11.0283333333333,9.63125577366617,3.93194370461942,-21.1357163991726,-0.920950267494097,TRUE
5947,6,-9.54111111111111,8.6287544270864,3.52267424369051,-18.5964335348058,-0.485788687416392,TRUE
5948,6,-14.4294444444444,7.183922919862,2.93282425085783,-21.9685091908133,-6.89037969807563,TRUE
5949,6,-8.375,9.87626194468333,4.03196705509028,-18.7395012736991,1.98950127369911,TRUE
5950,6,-7.76333333333334,7.68657386471878,3.13803063979565,-15.8298978956622,0.303231228995561,TRUE
5951,6,-13.8377777777778,11.5921994206193,4.73249559618403,-26.0030449945573,-1.67251056099827,TRUE
5952,6,-13.9344444444444,12.360396553629,5.04611076247445,-26.9058851110702,-0.963003777818701,TRUE
5953,6,-5.41111111111111,5.01472350701929,2.04725229888957,-10.6737406836013,-0.14848153862089,FALSE
5954,6,-13.9622222222222,8.43080401244724,3.44186132531746,-22.8098084258624,-5.11463601858203,TRUE
5955,6,-17.105,15.5862587271966,6.36306348010546,-33.4617754009599,-0.74822459904011,TRUE
5956,6,-21.6172222222222,10.3368083225092,4.21998432651703,-32.4650372786368,-10.7694071658076,TRUE
5957,6,-15.2583333333333,9.4949293485172,3.87628867460731,-25.2226505899616,-5.29401607670502,TRUE
5958,6,-14.4366666666667,7.86097788658214,3.20923078357139,-22.6862570252802,-6.18707630805317,TRUE
5959,6,-16.2172222222222,8.66836635042527,3.53884574367559,-25.3141148100336,-7.12032963441086,TRUE
5960,6,-13.1266666666667,8.83165267030407,3.60550710462225,-22.3949177380663,-3.85841559526704,TRUE
5961,6,-16.7233333333333,5.60625999317826,2.28874605811097,-22.6067423766976,-10.839924289969,TRUE
5962,6,-8.08777777777777,6.67887071847286,2.7266375530457,-15.0968227440009,-1.07873281155466,TRUE
5963,6,-11.2594444444444,9.64964879422313,3.93945262381827,-21.3861298015815,-1.13275908730738,TRUE
5964,6,-11.1811111111111,6.5837789441312,2.68781649873354,-18.0903633802791,-4.27185884194308,TRUE
5965,6,-9.54666666666667,5.44349030188046,2.22229560989932,-15.2592593948882,-3.83407393844516,TRUE
5966,6,-13.0116666666667,4.93981769794077,2.01667213038745,-18.1956874134746,-7.82764591985869,TRUE
5967,6,-17.7166666666667,5.16413615450079,2.10824975679758,-23.1360951964752,-12.2972381368581,TRUE
5968,6,-11.2105555555556,11.9953451002493,4.89707913070084,-23.7988982166088,1.37778710549769,TRUE
5969,6,-11.955,6.9287326883541,2.82864327510165,-19.2262590224711,-4.6837409775289,TRUE
5970,6,-16.8094444444444,13.9634264207395,5.70054496528486,-31.4631617854337,-2.15572710345515,TRUE
5971,6,-21.3866666666667,9.54877932861927,3.89827283692549,-31.4074960116218,-11.3658373217116,TRUE
5972,6,-10.2405555555556,8.0706781806919,3.29484057015147,-18.7102128765045,-1.77089823460659,TRUE
5973,6,-10.8783333333333,10.6994570474913,4.36803504852985,-22.1067248865069,0.350058219840291,TRUE
5974,6,-5.48888888888889,4.90009962105836,2.0004572933997,-10.6312280702683,-0.346549707509438,FALSE
5975,6,-8.38722222222222,10.4301489105523,4.25809046201652,-19.3329922183781,2.55854777393368,TRUE
5976,6,-22.8811111111111,6.37891236520482,2.60418006811367,-29.5753690909302,-16.186853131292,FALSE
5977,6,-11.1455555555556,9.55153359801839,3.89939726269916,-21.16927532898,-1.12183578213113,TRUE
5978,6,-13.6477777777778,7.2634569873723,2.96529389795254,-21.2703084091778,-6.02524714637777,TRUE
5979,6,-16.3827777777778,12.1416402729828,4.95680388487243,-29.1246478070424,-3.64090774851319,TRUE
5980,6,-10.6416666666667,14.7909018206013,6.03836038267932,-26.1637661834081,4.88043285007473,TRUE
5981,6,-14.3822222222222,9.26078630370894,3.78070017684033,-24.100821422795,-4.66362302164946,TRUE
5982,6,-10.8966666666667,10.0641679017967,4.1086793408498,-21.4583631487093,-0.334970184623987,TRUE
5983,6,-20.8055555555556,9.7402052605948,3.97642214640495,-31.0272740959261,-10.583837015185,TRUE
5984,6,-26.6794444444444,9.31737765126521,3.80380349773522,-36.4574326220525,-16.9014562668364,FALSE
5985,6,-17.5488888888889,9.4500576521855,3.85796988128968,-27.4661161881641,-7.63166158961365,TRUE
5986,6,-15.9094444444444,12.1928300272773,4.9777020145524,-28.7050348262631,-3.11385406262577,TRUE
5987,6,-18.2683333333333,13.4922734679272,5.50819757775223,-32.4276059737992,-4.1090606928675,TRUE
5988,6,-13.6666666666667,7.42495491942918,3.03122515262821,-21.4586789837367,-5.87465434959667,TRUE
5989,6,-25.9444444444444,8.5689254263859,3.49824915643437,-34.9369801825047,-16.9519087063842,FALSE
5990,6,-10.0694444444444,9.7298615764201,3.97219935502353,-20.2803079539942,0.141419065105332,TRUE
5991,6,-12.3244444444444,8.02048617719141,3.27434977052744,-20.7414284880822,-3.90746040080668,TRUE
5992,6,-3.65666666666666,10.111370717058,4.12794980948529,-14.2678994653479,6.9545661320146,TRUE
5993,6,-12.8722222222222,16.5625278085022,6.7616236635812,-30.2535291912327,4.50908474678828,TRUE
5994,6,-12.6033333333333,7.77410487880545,3.1737650266591,-20.761756061441,-4.44491060522565,TRUE
5995,6,-11.5488888888889,11.5121452130959,4.69981360281816,-23.6301443671697,0.532366589391925,TRUE
5996,6,1.62833333333333,11.2652692920419,4.59902693009116,-10.1938417547612,13.4505084214279,FALSE
5997,6,-16.0561111111111,13.4801525571101,5.50324923663229,-30.2026636357775,-1.90955858644475,TRUE
5998,6,-9.34888888888889,6.80158075308533,2.776733714899,-16.4867101388072,-2.21106763897058,TRUE
5999,6,-18.7761111111111,5.84971544100571,2.38813632849065,-24.9150109781524,-12.6372112440699,TRUE
6000,6,-13.52,7.94723264203752,3.24444414003043,-21.8601091730989,-5.17989082690111,TRUE
6001,6,-18.6922222222222,14.1663353163864,5.78338217505259,-33.5588793899553,-3.8255650544892,TRUE
6002,6,-9.80555555555555,13.0513431691347,5.32818853705645,-23.5021002257585,3.89098911464739,TRUE
6003,6,-13.4461111111111,8.99468767085864,3.67206586488443,-22.8854569226432,-4.00676529957906,TRUE
6004,6,-10.99,5.759724144629,2.35139753558822,-17.0344597933431,-4.94554020665692,TRUE
6005,6,-14.2844444444444,7.69537687090016,3.14162445202014,-22.3602471951983,-6.20864169369057,TRUE
6006,6,-12.6127777777778,11.0319534719562,4.50377614540302,-24.1901029289229,-1.03545262663264,TRUE
6007,6,-16.885,9.18547010833474,3.74995246883457,-26.5245597008857,-7.2454402991143,TRUE
6008,6,-10.945,11.867430265694,4.8448581181687,-23.3991042747996,1.50910427479961,TRUE
6009,6,-14.4944444444444,12.0081867752642,4.90232172257237,-27.0962636169343,-1.89262527195459,TRUE
6010,6,-15.1183333333333,10.5603551602733,4.31124694087281,-26.2007464084836,-4.03592025818306,TRUE
6011,6,-19.1666666666667,9.03297982088106,3.68769856966927,-28.6461976251605,-9.68713570817284,TRUE
6012,6,-10.1555555555556,10.1861194588337,4.15846585552953,-20.8452323478936,0.534121236782482,TRUE
6013,6,-15.7766666666667,12.1310668212743,4.95248729128812,-28.5074405388716,-3.04589279446173,TRUE
6014,6,-13.6827777777778,11.420993227224,4.66260096041355,-25.6683751134373,-1.69718044211827,TRUE
6015,6,-8.57333333333334,12.2337180684278,4.99439448745254,-21.411833082781,4.26516641611429,TRUE
6016,6,-14.9411111111111,8.93499876681373,3.64769797184843,-24.3178172594321,-5.56440496279012,TRUE
6017,6,-16.2033333333333,8.29753189542261,3.38745321137566,-24.9110590275635,-7.49560763910317,TRUE
6018,6,-19.6422222222222,9.3882244603822,3.83272658644206,-29.4945595662905,-9.78988487815391,TRUE
6019,6,-18.6722222222222,17.9473319176685,7.3269675737757,-37.5067919776663,0.162347533221858,TRUE
6020,6,-2.36388888888889,8.05442940020973,3.2882070332975,-10.816494160495,6.08871638271723,FALSE
6021,6,-16.2305555555556,13.2864646943449,5.42417649777479,-30.1738451340208,-2.28726597709028,TRUE
6022,6,-9.26388888888889,16.0780278526202,6.56382738486256,-26.1367443366688,7.60896655889101,TRUE
6023,6,-18.2344444444444,5.41442627171631,2.21043026927081,-23.9165363435727,-12.5523525453162,TRUE
6024,6,-17.1366666666667,10.2855410920163,4.19905456731146,-27.9306800642432,-6.34265326909011,TRUE
6025,6,-14.4916666666667,7.30530606249093,2.98237871132722,-22.1581152089928,-6.82521812434049,TRUE
6026,6,-11.3777777777778,9.98962009435943,4.07824532590569,-21.8612411338196,-0.894314421735904,TRUE
6027,6,-12.0005555555556,9.59147779522511,3.91570441292275,-22.0661941931357,-1.93491691797536,TRUE
6028,6,-11.8155555555556,5.94770793076035,2.42814159491127,-18.0572922337875,-5.57381887732365,TRUE
6029,6,-13.1966666666667,14.5782184553989,5.95153276242534,-28.4955686799517,2.10223534661833,TRUE
6030,6,-16.2933333333333,9.10699584568552,3.71791548526262,-25.8505393461804,-6.73612732048628,TRUE
6031,6,-14.2461111111111,4.64426787277329,1.89601441951594,-19.1199713380233,-9.37225088419892,TRUE
6032,6,-17.3394444444444,10.1065671535705,4.12598876290337,-27.9456362124034,-6.73325267648549,TRUE
6033,6,-14.1766666666667,6.88762949061576,2.81186296489237,-21.4047905285175,-6.94854280481586,TRUE
6034,6,-22.3705555555556,14.8251632056471,6.05234753455321,-37.9286101908363,-6.81250092027485,TRUE
6035,6,-20.715,10.2791946831127,4.19646365672601,-31.5023532498878,-9.92764675011218,TRUE
6036,6,-16.75,12.7490967000281,5.20479693274494,-30.1293564534897,-3.37064354651026,TRUE
6037,6,-19.3072222222222,11.3257083009637,4.62370105216082,-31.1928241603193,-7.4216202841251,TRUE
6038,6,-6.04333333333333,8.08125897782434,3.29916016249253,-14.5240945198916,2.43742785322492,TRUE
6039,6,-16.2394444444445,10.1321508995796,4.13643328347526,-26.8724847072674,-5.60640418162146,TRUE
6040,6,-17.675,7.12898114895965,2.91039436681188,-25.1564068938649,-10.1935931061351,TRUE
6041,6,-9.02777777777778,9.69692131364192,3.95875154905691,-19.2040726015806,1.14851704602504,TRUE
6042,6,-12.8016666666667,7.3511126142011,3.00107915775494,-20.5161862368982,-5.08714709643509,TRUE
6043,6,-11.3594444444444,10.5480821672666,4.30623651245895,-22.4289778033253,-0.289911085563608,TRUE
6044,6,-19.4561111111111,7.02890142093238,2.86953698893466,-26.8324907715531,-12.0797314506691,TRUE
6045,6,-19.8261111111111,3.75023223972221,1.53102590070906,-23.7617384813625,-15.8904837408597,FALSE
6046,6,-10.165,6.74230713892178,2.75253536324712,-17.2406174067096,-3.08938259329035,TRUE
6047,6,-15.0455555555556,7.6335309047697,3.1163759420753,-23.0564549452683,-7.03465616584279,TRUE
6048,6,-19.1677777777778,6.33105280578433,2.5846414847979,-25.8118102302313,-12.5237453253242,TRUE
6049,6,-13.52,8.64661269579661,3.5299648513621,-22.594063527346,-4.44593647265394,TRUE
6050,6,-9.81,8.48058357530765,3.46218374675526,-18.7098266510444,-0.910173348955649,TRUE
6051,6,-15.8655555555556,12.5871522975994,5.13868340730326,-29.074961781455,-2.65614932965608,TRUE
6052,6,-17.615,9.79944074367966,4.00060493110915,-27.8988823674662,-7.33111763253375,TRUE
6053,6,-11.3566666666667,7.63140179346712,3.11550673602581,-19.3653316910972,-3.34800164223614,TRUE
6054,6,-8.00277777777778,6.43415449566406,2.62673257343523,-14.7550088181246,-1.25054673743094,TRUE
6055,6,-14.6394444444444,17.7728480074606,7.25573481571987,-33.2909045659279,4.01201567703903,TRUE
6056,6,-10.5138888888889,10.9587161487845,4.47387713341999,-22.014356182927,0.986578405149206,TRUE
6057,6,-11.2944444444444,9.14735995105003,3.73439406227378,-20.8940099880335,-1.69487890085535,TRUE
6058,6,-13.9527777777778,11.268278270667,4.60025534047088,-25.7781105952812,-2.12744496027439,TRUE
6059,6,-7.10722222222222,4.90088264915012,2.00077696327955,-12.2503831411882,-1.96406130325624,FALSE
6060,6,-11.6194444444444,7.1857842428774,2.93358413279686,-19.160462529523,-4.07842635936592,TRUE
6061,6,-12.7333333333333,8.2386781571911,3.36342627335524,-21.3792958171222,-4.08737084954442,TRUE
6062,6,-16.7483333333333,7.67291071816224,3.13245268357158,-24.8005593027127,-8.69610736395399,TRUE
6063,6,-12.4361111111111,10.6655231505104,4.35418159309864,-23.6288912233925,-1.24333099882977,TRUE
6064,6,-18.7627777777778,11.9352232054102,4.87253446991335,-31.2880263796489,-6.2375291759067,TRUE
6065,6,-11.8161111111111,6.09736023635243,2.48923689283321,-18.214898252424,-5.41732396979827,TRUE
6066,6,-16.5572222222222,10.8454111989391,4.42762058134453,-27.938783263716,-5.17566118072848,TRUE
6067,6,-14.2861111111111,6.78568572369372,2.770244596323,-21.4072515506887,-7.16497067153354,TRUE
6068,6,-5.45777777777778,4.90388085167323,2.00200097433407,-10.6040851173271,-0.311470438228415,FALSE
6069,6,-13.9955555555556,8.0035999307719,3.26745598929432,-22.3948185703766,-5.5962925407345,TRUE
6070,6,-10.9894444444444,8.10636935218684,3.30941142989893,-19.4965573527898,-2.48233153609905,TRUE
6071,6,-13.7444444444444,6.51374535260004,2.6592254047159,-20.5802009666698,-6.90868792221914,TRUE
6072,6,-14.6844444444444,9.75254808109522,3.98146108177375,-24.919115980545,-4.44977290834394,TRUE
6073,6,-16.7766666666667,6.09996211281495,2.49029910445104,-23.1781843098699,-10.3751490234634,TRUE
6074,6,-18.6666666666667,9.7578893437282,3.98364164311258,-28.9069435141363,-8.42638981919706,TRUE
6075,6,-7.2438888888889,12.1008780979209,4.9401627965878,-19.9429816388838,5.45520386110599,TRUE
6076,6,-9.35055555555555,8.11407047231103,3.31255539902429,-17.8657502938264,-0.835360817284716,TRUE
6077,6,-7.08555555555556,6.32500212267568,2.58217130376265,-13.7232382055092,-0.44787290560195,FALSE
6078,6,-19.2305555555556,5.09768113586589,2.08111960904713,-24.5802438203587,-13.8808672907524,TRUE
6079,6,-12.0133333333333,20.6673077319928,8.43739305007663,-33.7023426479844,9.67567598131772,TRUE
6080,6,-20.7855555555556,4.22716488476176,1.72573283771286,-25.2216930413413,-16.3494180697698,FALSE
6081,6,-14.3227777777778,11.7284079466466,4.78810249408126,-26.630987076228,-2.01456847932757,TRUE
6082,6,-19.8572222222222,8.99232522560004,3.67110140064629,-29.2940887995026,-10.4203556449418,TRUE
6083,6,-10.0577777777778,6.87639979015721,2.80727845887775,-17.274116791742,-2.84143876381354,TRUE
6084,6,-16.9672222222222,9.66770762594426,3.9468251109962,-27.1128591609823,-6.82158528346213,TRUE
6085,6,-14.4705555555555,9.62805470525627,3.93063687391342,-24.5745793061197,-4.3665318049914,TRUE
6086,6,-15.5244444444445,10.1250263465592,4.13352469688438,-26.1500079474095,-4.89888094147937,TRUE
6087,6,-19.8983333333333,8.9024834862089,3.63442366412755,-29.2409167873464,-10.5557498793203,TRUE
6088,6,-17.2633333333333,9.3446462390683,3.8149358520892,-27.0699381388316,-7.45672852783509,TRUE
6089,6,-18.9983333333333,15.5573267840804,6.35125206378851,-35.3247465220557,-2.67192014461094,TRUE
6090,6,-18.8488888888889,12.4453010617871,5.08077288278268,-31.9094313723636,-5.78834640541419,TRUE
6091,6,-18.6566666666667,9.55250240629241,3.89979277702081,-28.6814031420221,-8.63193019131127,TRUE
6092,6,-16.6122222222222,3.34950388808497,1.36742923621275,-20.1273109783488,-13.0971334660957,TRUE
6093,6,-10.1111111111111,11.8517894882619,4.83847279752048,-22.5488013966377,2.32657917441547,TRUE
6094,6,-13.5727777777778,10.4004921714026,4.24598314895792,-24.4874249349069,-2.65813062064868,TRUE
6095,6,-7.11333333333333,10.4395574618851,4.26193148701384,-18.0689769985776,3.84231033191091,TRUE
6096,6,-14.5322222222222,5.88242416645332,2.40148960973788,-20.7054477914838,-8.35899665296069,TRUE
6097,6,-16.4533333333333,7.52029550246827,3.07014778266575,-24.345399456173,-8.56126721049365,TRUE
6098,6,-11.025,9.40884329884509,3.84114419199588,-20.8989754880045,-1.15102451199546,TRUE
6099,6,-12.0233333333333,12.4394544360541,5.07838600782221,-25.0777401593907,1.03107349272406,TRUE
6100,6,-11.6022222222222,9.65244969866123,3.94059608826688,-21.7318469483006,-1.47259749614387,TRUE
6101,6,-16.6133333333333,8.07120203081439,3.29505443106843,-25.0835404012708,-8.14312626539587,TRUE
6102,6,-15.6755555555556,10.8431392884916,4.42669307778823,-27.054732373255,-4.29637873785611,TRUE
6103,6,-10.8272222222222,8.84087160526272,3.60927071905901,-20.1051479725293,-1.54929647191511,TRUE
6104,6,-13.9694444444444,8.29547223668609,3.38661235921754,-22.6750086593905,-5.2638802294984,TRUE
6105,6,-12.4772222222222,11.0433480061612,4.50842794451283,-24.0665052036621,-0.887939240782364,TRUE
6106,6,-19.8694444444444,11.3250370451524,4.62342701312339,-31.7543419427697,-7.98454694611921,TRUE
6107,6,-6.84666666666666,8.77744837637909,3.58337829429158,-16.058033820186,2.3647004868527,TRUE
6108,6,-17.3183333333333,9.55201683182958,3.89959454207647,-27.3425602295416,-7.29410643712505,TRUE
6109,6,-16.4938888888889,12.0360531398455,4.91369811827414,-29.1249520175247,-3.86282576025304,TRUE
6110,6,-13.7216666666667,9.32017018204186,3.80494354365086,-23.5025854255972,-3.9407479077361,TRUE
6111,6,-13.4322222222222,10.1135198107762,4.1288271733218,-24.0457103564449,-2.81873408799956,TRUE
6112,6,-9.26055555555555,11.3355945620013,4.62773710132851,-21.1565324883309,2.63542137721976,TRUE
6113,6,-9.64666666666667,7.6493822553778,3.1228472288626,-17.6742010286481,-1.61913230468528,TRUE
6114,6,-18.5577777777778,10.900771566304,4.45022135668068,-29.9974359618219,-7.11811959373364,TRUE
6115,6,-10.7677777777778,3.45843167196197,1.41189881776455,-14.3971792324797,-7.13837632307584,TRUE
6116,6,-13.1533333333333,10.4569169027544,4.26901844907217,-24.1271946145146,-2.17947205215212,TRUE
6117,6,-9.09222222222222,14.5386917746584,5.9353960625853,-24.3496435280113,6.16519908356685,TRUE
6118,6,-11.8044444444445,7.17710980724032,2.93004280927728,-19.3363592676094,-4.27252962127947,TRUE
6119,6,-13.7033333333333,14.6253053149517,5.9707558923411,-29.0516499752039,1.64498330853718,TRUE
6120,6,-13.9255555555556,16.0816295009992,6.56529775165614,-30.8021907015068,2.95107959039566,TRUE
6121,6,-22.2305555555556,8.86616775956448,3.61959783080802,-31.5350279917392,-12.9260831193719,TRUE
6122,6,-12.1277777777778,8.39502436411439,3.42725434505218,-20.9378155432745,-3.31774001228101,TRUE
6123,6,-17.6022222222222,13.1085026972177,5.35152381668005,-31.3587521383551,-3.84569230608936,TRUE
6124,6,-15.0433333333333,11.7935053690109,4.81467840547509,-27.419858186878,-2.66680847978866,TRUE
6125,6,-16.4727777777778,10.3917553680612,4.24241636392967,-27.3782562221017,-5.56729933345391,TRUE
6126,6,-16.15,8.23555489596447,3.36215120729879,-24.792684822145,-7.50731517785502,TRUE
6127,6,-16.1544444444444,7.95586538813183,3.24796844386544,-24.5036131289649,-7.80527575992401,TRUE
6128,6,-3.53666666666667,4.21246088013486,1.71972995296096,-7.95737324594779,0.884039912614459,FALSE
6129,6,-11.2194444444444,15.7561886841917,6.43243709454734,-27.7545503985611,5.31566150967217,TRUE
6130,6,-13.445,9.53869726721398,3.89415685259243,-23.4552488703928,-3.43475112960722,TRUE
6131,6,-6.595,8.6214986451828,3.51971208313239,-15.6427079475698,2.45270794756977,TRUE
6132,6,-16.8983333333333,7.71612906694657,3.15009650057946,-24.9959141782244,-8.80075248844225,TRUE
6133,6,-14.3227777777778,13.6861629094931,5.5873526108105,-28.6855249084224,0.039969352866823,TRUE
6134,6,-13.3477777777778,10.3256986132587,4.21544880670793,-24.183933909356,-2.51162164619961,TRUE
6135,6,-13.9916666666667,13.2821960617295,5.42243383580692,-27.9304765899317,-0.0528567434016676,TRUE
6136,6,-13.3183333333333,6.3796958304365,2.60449991645513,-20.0134135094892,-6.62325315717747,TRUE
6137,6,-13.5694444444444,7.32991357131604,2.99242468473764,-21.2617169835408,-5.87717190534814,TRUE
6138,6,-19.7205555555556,10.7375886837195,4.3836022238326,-30.9889638067946,-8.45214730431653,TRUE
6139,6,-11.7688888888889,13.8181627121966,5.64124130460576,-26.2701613169498,2.73238353917198,TRUE
6140,6,-13.7305555555556,12.219557987399,4.9886136585797,-26.5541952113077,-0.906915899803364,TRUE
6141,6,-15.6555555555556,7.1778144821903,2.93033049162095,-23.1882098897276,-8.12290122138351,TRUE
6142,6,-22.195,10.2014390597057,4.16472005639613,-32.9007537274821,-11.4892462725179,TRUE
6143,6,-18.6077777777778,8.5239895893014,3.47990417776406,-27.553156246893,-9.66239930866255,TRUE
6144,6,-15.1094444444444,10.9866030371674,4.48526190792868,-26.6391772330374,-3.57971165585149,TRUE
6145,6,-12.3955555555555,10.0622874948806,4.1079116679409,-22.9552786715629,-1.83583243954821,TRUE
6146,6,-10.0644444444444,6.47478791301449,2.64332109660425,-16.8593176411296,-3.2695712477593,TRUE
6147,6,-12.685,14.8802901330735,6.07485300843354,-28.3009067976399,2.93090679763988,TRUE
6148,6,-9.92944444444445,11.7382946739231,4.79213873359018,-22.2480292268606,2.38914033797169,TRUE
6149,6,-8.99833333333334,8.80648138841185,3.59523097182097,-18.2401687644134,0.243502097746731,TRUE
6150,6,-14.9688888888889,5.94657536053472,2.42767922505283,-21.2094370075613,-8.72834077021644,TRUE
6151,6,-8.09111111111111,7.78682182113307,3.17895669662428,-16.2628794517279,0.0806572295056878,TRUE
6152,6,-10.8366666666667,9.98561743486879,4.07661124701133,-21.3159294891847,-0.357403844148644,TRUE
6153,6,-10.6433333333333,5.99818676305135,2.44874949189869,-16.9380442972317,-4.34862236943491,TRUE
6154,6,-16.1494444444444,9.41853242086914,3.8450997594983,-26.0335880424203,-6.26530084646856,TRUE
6155,6,-11.2388888888889,12.522760729819,5.1123956598366,-24.3807203086508,1.90294253087299,TRUE
6156,6,-8.92833333333334,10.0720391293036,4.11189275602332,-19.4982901620514,1.64162349538475,TRUE
6157,6,-10.6166666666667,7.51396714274306,3.06756424062649,-18.5020915832686,-2.7312417500647,TRUE
6158,6,-14.7261111111111,7.79172421844461,3.18095809194589,-22.9030242021876,-6.54919802003465,TRUE
6159,6,-10.4577777777778,14.0083787096892,5.718896660401,-25.1586696528858,4.2431140973302,TRUE
6160,6,-14.8,8.31099860292239,3.39295097169062,-23.5218581370325,-6.07814186296751,TRUE
6161,6,-7.84222222222223,6.06626946196633,2.47654413734089,-14.2083815968223,-1.47606284762213,TRUE
6162,6,-18.8866666666667,11.0475664489717,4.51015011657861,-30.4803766323367,-7.29295670099668,TRUE
6163,6,-14.0361111111111,12.4462212769207,5.08114855903785,-27.0976193011434,-0.974602921078798,TRUE
6164,6,-13.5422222222222,9.07844912518205,3.70626133541872,-23.0694702891708,-4.01497415527366,TRUE
6165,6,-8.64166666666666,8.03345995750828,3.27964629416265,-17.0722658577531,-0.211067475580194,TRUE
6166,6,-14.7066666666667,12.5280244075255,5.11454454726185,-27.8540219774107,-1.5593113559226,TRUE
6167,6,-18.335,10.0449190583543,4.10082103342101,-28.8764960597074,-7.79350394029262,TRUE
6168,6,-21.7327777777778,15.1539198327131,6.18656186553156,-37.6358413343535,-5.82971422120203,TRUE
6169,6,-19.3038888888889,7.38487957222704,3.01486446064319,-27.0538447083237,-11.553933069454,TRUE
6170,6,-18.0077777777778,9.04625390035176,3.69311768992066,-27.501239028355,-8.51431652720059,TRUE
6171,6,-16.1677777777778,12.8466465432582,5.24462148947865,-29.6495065134195,-2.6860490421361,TRUE
6172,6,-16.4888888888889,10.4048789125672,4.24777402853905,-27.4081396485391,-5.56963812923871,TRUE
6173,6,-13.3644444444444,10.6944938411558,4.36600882802815,-24.5876274320014,-2.14126145688748,TRUE
6174,6,-14.1266666666667,7.46507483031632,3.04760403766145,-21.9607822480911,-6.29255108524226,TRUE
6175,6,-5.61,12.5298200749696,5.11527762542613,-18.7592397481573,7.53923974815726,TRUE
6176,6,-10.5622222222222,6.43637671249789,2.62763978965868,-17.3167853361141,-3.8076591083304,TRUE
6177,6,-15.0288888888889,9.59723910916668,3.91805645949023,-25.100573654652,-4.95720412312579,TRUE
6178,6,-11.2905555555556,10.5706449748908,4.31544774009961,-22.3837671288934,-0.197343982217715,TRUE
6179,6,-13.5322222222222,12.5481158686016,5.12274685189908,-26.7006622282771,-0.363782216167328,TRUE
6180,6,-13.7527777777778,6.97485879320758,2.84747417855384,-21.0724431786117,-6.43311237694384,TRUE
6181,6,-8.50277777777778,10.8802572307555,4.44184641426302,-19.9209074869686,2.91535193141303,TRUE
6182,6,-8.95055555555556,2.57268680709631,1.050294990896,-11.6504247812126,-6.25068632989848,FALSE
6183,6,-7.635,9.73015673049514,3.97231985117009,-17.8461732547554,2.57617325475539,TRUE
6184,6,-21.0177777777778,14.2241724878097,5.80699410141143,-35.9451313345132,-6.09042422104232,TRUE
6185,6,-13.4388888888889,11.4447374935512,4.67229451654995,-25.4494043038754,-1.42837347390243,TRUE
6186,6,-10.6394444444444,6.69201029974191,2.7320017646362,-17.6622785555446,-3.61661033334428,TRUE
6187,6,-22.3638888888889,11.5947458247579,4.73353516132042,-34.531828392925,-10.1959493848528,TRUE
6188,6,-1.71111111111111,9.20153940421967,3.75651273140855,-11.3675345038065,7.94531228158427,FALSE
6189,6,-8.63555555555556,10.0463374568196,4.10140009216967,-19.178540133164,1.90742902205291,TRUE
6190,6,-18.9272222222222,9.25954340526973,3.78019276567731,-28.6445170808761,-9.20992736356834,TRUE
6191,6,-16.0933333333333,10.2438278435792,4.18202520494733,-26.8435713613442,-5.34309530532249,TRUE
6192,6,-10.5672222222222,7.62419027880386,3.11256264749288,-18.5683192261475,-2.56612521829695,TRUE
6193,6,-6.09888888888889,14.2318794990006,5.8101404755547,-21.0343304578451,8.83655268006735,TRUE
6194,6,-18.1127777777778,9.25003553546728,3.7763111940845,-27.8200947390015,-8.40546081655409,TRUE
6195,6,-10.5988888888889,8.97509137475408,3.66406571050032,-20.0176696488789,-1.1801081288989,TRUE
6196,6,-7.86500000000001,9.99780525915564,4.08158690544091,-18.3570531596974,2.62705315969743,TRUE
6197,6,-21.1072222222222,11.7492080899413,4.79659411702271,-33.4372599323608,-8.77718451208365,TRUE
6198,6,-14.9911111111111,10.054200817274,4.1046102956325,-25.5423477794298,-4.4398744427924,TRUE
6199,6,-13.5427777777778,12.5400753881602,5.11946433950436,-26.7027798170955,-0.382775738460024,TRUE
6200,6,-11.5638888888889,10.1103131980648,4.12751807916418,-22.1740118894488,-0.953765888328954,TRUE
6201,6,-9.81611111111111,8.04862235738837,3.28583631799303,-18.2626222650181,-1.36959995720413,TRUE
6202,6,-11.4577777777778,12.5974192536349,5.14287487455301,-24.6779585132541,1.76240295769858,TRUE
6203,6,-15.3194444444444,11.0550520209172,4.51320608852852,-26.9210100360991,-3.71787885278982,TRUE
6204,6,-18.9561111111111,6.53487853042483,2.66785298843494,-25.81404554333,-12.0981766788922,TRUE
6205,6,-15.6727777777778,9.6059073067142,3.9215952363204,-25.7535592589809,-5.59199629657466,TRUE
6206,6,-8.58944444444445,13.09742254825,5.34700036480591,-22.3343464573553,5.15545756846637,TRUE
6207,6,-6.21111111111111,9.11242733040171,3.72013287961268,-15.7740171175969,3.35179489537466,TRUE
6208,6,-20.1227777777778,8.69422398726538,3.549402079711,-29.2468062912526,-10.9987492643029,TRUE
6209,6,-9.04444444444444,3.56186010497429,1.45412329872719,-12.7823873829281,-5.30650150596077,FALSE
6210,6,-18.1972222222222,11.6231539832577,4.74513274346318,-30.3949742602518,-5.99947018419266,TRUE
6211,6,-11.1805555555556,6.91748618973577,2.82405191126701,-18.4400121015526,-3.92109900955857,TRUE
6212,6,-12.1633333333333,11.8834660114145,4.85140468394541,-24.6342660912043,0.307599424537663,TRUE
6213,6,-13.3033333333333,11.0718509945015,4.52006424077587,-24.922528366581,-1.68413830008564,TRUE
6214,6,-12.5111111111111,12.360527077339,5.04616404855592,-25.48268875397,0.460466531747736,TRUE
6215,6,-10.6444444444444,9.32380005187838,3.80642543180623,-20.4291725181496,-0.859716370739251,TRUE
6216,6,-14.7861111111111,10.7947652780136,4.40694447070771,-26.1145225181702,-3.45769970405198,TRUE
6217,6,-11.5338888888889,9.0849505390121,3.70891552650044,-21.0679597712204,-1.99981800655736,TRUE
6218,6,-21.3083333333333,7.28371265221247,2.97356323849575,-28.9521209813264,-13.6645456853403,TRUE
6219,6,-4.89833333333334,5.64495517155707,2.30454329853332,-10.8223504759805,1.0256838093138,FALSE
6220,6,-11.1533333333333,11.3404499224874,4.62971929394653,-23.0544056544473,0.747738987780602,TRUE
6221,6,-12.0633333333333,8.63627440251614,3.52574426080403,-21.1265474872552,-3.0001191794115,TRUE
6222,6,-10.8477777777778,9.44148991694912,3.85447211802628,-20.7560137903428,-0.939541765212796,TRUE
6223,6,-13.9288888888889,4.23427898449293,1.7286371567663,-18.3724921644784,-9.48528561329944,TRUE
6224,6,-11.1122222222222,12.3769832380138,5.05288224801901,-24.1010695465891,1.87662510214463,TRUE
6225,6,-20.5188888888889,13.3544272586812,5.45192209848061,-34.5335008045474,-6.5042769732304,TRUE
6226,6,-12.6855555555556,11.693801523631,4.77397448104606,-24.9574476403238,-0.413663470787256,TRUE
6227,6,-9.49444444444444,8.03045776104027,3.27842065258695,-17.9218930235594,-1.06699586532947,TRUE
6228,6,-13.8683333333333,14.1783349202617,5.78828099282091,-28.7475833130377,1.01091664637103,TRUE
6229,6,-12.7294444444445,11.1616636387765,4.55673009926317,-24.4428920675076,-1.0159968213813,TRUE
6230,6,-14.565,14.0838001106078,5.74968731839039,-29.3450417812428,0.2150417812428,TRUE
6231,6,-13.1433333333333,8.93986303648502,3.64968380162609,-22.5251442196094,-3.76152244705723,TRUE
6232,6,-17.9416666666667,12.6415898701249,5.16090745322378,-31.2082016213238,-4.67513171200955,TRUE
6233,6,-13.1994444444444,10.7293929447552,4.38025632741134,-24.4592517951191,-1.93963709376981,TRUE
6234,6,-7.84666666666666,1.89625478831887,0.774142775615094,-9.8366640238519,-5.85666930948143,FALSE
6235,6,-19.2455555555556,8.55822350897835,3.49388011694805,-28.2268603200731,-10.264250791038,TRUE
6236,6,-13.1922222222222,5.20430704819113,2.12464945547306,-18.6538075195559,-7.73063692488858,TRUE
6237,6,-17.1655555555556,10.3696545890544,4.2333937586822,-28.0478406547202,-6.28327045639097,TRUE
6238,6,-20.5794444444444,6.61462064643895,2.70040757097567,-27.5210630952093,-13.6378257936796,TRUE
6239,6,-20.5122222222222,12.7411814673987,5.20156555255539,-33.8832721484927,-7.14117229595176,TRUE
6240,6,-10.0977777777778,12.0318336400044,4.91197551467738,-22.7244128128978,2.52885725734223,TRUE
6241,6,-18.0833333333333,7.67295046829372,3.13246891149481,-26.1356010179174,-10.0310656487493,TRUE
6242,6,-13.3811111111111,8.62514661174371,3.52120135924455,-22.4326473648031,-4.32957485741918,TRUE
6243,6,-15.31,14.7044425637666,6.00306353888178,-30.7413660912202,0.121366091220143,TRUE
6244,6,-18.9577777777778,5.37227022844229,2.19322013667147,-24.5956296226573,-13.3199259328983,TRUE
6245,6,-16.8127777777778,16.2293133169811,6.62558941705995,-33.8443975836563,0.21884202810071,TRUE
6246,6,-16.4638888888889,15.9655989088577,6.51792846077288,-33.2187573961286,0.290979618350836,TRUE
6247,6,-17.6366666666667,8.95904657625774,3.65751544894335,-27.0386094432796,-8.2347238900537,TRUE
6248,6,-18.9616666666667,16.0157029540108,6.53838335155196,-35.769116144593,-2.15421718874032,TRUE
6249,6,-10.48,14.8594528088277,6.06634620643236,-26.0740393669363,5.1140393669363,TRUE
6250,6,-7.17611111111111,7.05805305753385,2.88143809474144,-14.583083537964,0.230861315741736,TRUE
6251,6,-12.1688888888889,8.62893392840278,3.52274752479606,-21.2243996876624,-3.11337809011534,TRUE
6252,6,-17.5444444444444,5.43867985070997,2.2203317514326,-23.2519889137637,-11.8368999751252,TRUE
6253,6,-16.1494444444444,9.69705990188474,3.95880812747012,-26.3258847076885,-5.97300418120034,TRUE
6254,6,-12.3605555555555,6.62857732906598,2.70610536279871,-19.3168208464839,-5.40429026462717,TRUE
6255,6,-17.7577777777778,12.5463593066615,5.12202973848994,-30.924374385129,-4.59118117042653,TRUE
6256,6,-18.4444444444444,16.787833513413,6.85360433244282,-36.0621952500603,-0.82669363882858,TRUE
6257,6,-10.9061111111111,7.40446514436216,3.02286023698511,-18.6766207279723,-3.1356014942499,TRUE
6258,6,-9.68111111111111,10.8026650346964,4.41016953286855,-21.0178128043797,1.65559058215747,TRUE
6259,6,-16.7672222222222,9.08567478486305,3.70921119863097,-26.3020531539618,-7.23239129048266,TRUE
6260,6,-17.5811111111111,5.73637038423995,2.34186340283349,-23.6010626359763,-11.5611595862459,TRUE
6261,6,-14.685,6.92512005511657,2.82716842375835,-21.9524677963978,-7.41753220360223,TRUE
6262,6,-15.345,13.6551481134406,5.57469087334296,-29.675199098303,-1.01480090169704,TRUE
6263,6,-13.7627777777778,10.0531254215165,4.1041712671529,-24.3128858874615,-3.21266966809405,TRUE
6264,6,-17.7227777777778,3.15062986060224,1.28623925447526,-21.0291610416143,-14.4163945139413,FALSE
6265,6,-16.5277777777778,12.420666231311,5.07071575535495,-29.5624675921681,-3.49308796338747,TRUE
6266,6,-14.055,8.60232959403698,3.5118863507723,-23.0825912621144,-5.02740873788564,TRUE
6267,6,-17.6222222222222,9.17879843665502,3.74722877027679,-27.2547804330695,-7.98966401137491,TRUE
6268,6,-15.4216666666667,12.4202681577779,5.07055324251557,-28.455938728504,-2.38739460482932,TRUE
6269,6,-11.2794444444444,19.6447783751155,8.01994718818239,-31.8953750091486,9.33648612025973,TRUE
6270,6,-22.8527777777778,17.4280674541151,7.11497874423137,-41.1424128986374,-4.56314265691815,TRUE
6271,6,-10.92,10.7855353753689,4.40317637873186,-22.238725218271,0.398725218270991,TRUE
6272,6,-6.28833333333333,9.73459095756525,3.97413011679099,-16.5041600240115,3.92749335734482,TRUE
6273,6,-12.8905555555555,7.70661055823481,3.14621058567012,-20.9781473381658,-4.80296377294525,TRUE
6274,6,-16.2311111111111,9.7775844930391,3.99168215414919,-26.4920567502007,-5.97016547202158,TRUE
6275,6,-13.0377777777778,8.22056598934557,3.3560320117957,-21.6647327071138,-4.41082284844174,TRUE
6276,6,-16.8427777777778,6.63980836961317,2.71069041590223,-23.8108293229295,-9.87472623262607,TRUE
6277,6,-8.86666666666666,8.75180362363477,3.57290886782434,-18.0511213026798,0.317787969346487,TRUE
6278,6,-17.9422222222222,10.3933741001267,4.24307720852813,-28.8493994216671,-7.03504502277737,TRUE
6279,6,-12.5777777777778,8.9169884469457,3.6403452895516,-21.9355832545433,-3.21997230101222,TRUE
6280,6,-14.6538888888889,10.5272620512789,4.2977367356997,-25.7015728760254,-3.60620490175233,TRUE
6281,6,-7.99944444444444,12.5504399952382,5.12369567262528,-21.1703234718234,5.17143458293449,TRUE
6282,6,-11.2544444444444,7.4014745277671,3.02163932287274,-19.0218156016655,-3.48707328722334,TRUE
6283,6,-17.1316666666667,7.00163020699862,2.85840356246733,-24.4794269432633,-9.78390639007002,TRUE
6284,6,-14.8727777777778,7.84685313192965,3.20346437663129,-23.1075451154542,-6.63801044010138,TRUE
6285,6,-14.3633333333333,7.7900377976547,3.18026961354141,-22.538476634329,-6.18819003233767,TRUE
6286,6,-12.9,11.8141241270307,4.82309597818816,-25.2981629130611,-0.501837086938947,TRUE
6287,6,-13.8272222222222,7.88755656198537,3.22008148236755,-22.1047051900651,-5.54973925437934,TRUE
6288,6,-15.9933333333333,11.1084984483853,4.53502550117376,-27.6509875107981,-4.3356791558686,TRUE
6289,6,-12.5772222222222,7.91855020868134,3.23273458564642,-20.8872310275182,-4.26721341692624,TRUE
6290,6,-16.68,7.19481171091749,2.93726958119145,-24.2304918317778,-9.12950816822218,TRUE
6291,6,-17.4094444444444,5.28210118825481,2.15640878016217,-22.952669684936,-11.8662192039529,TRUE
6292,6,-15.1311111111111,4.5984783312486,1.87732091746736,-19.9569181612128,-10.3053040610094,TRUE
6293,6,-15.7977777777778,7.32512742905213,2.99047075034048,-23.4850275686047,-8.11052798695083,TRUE
6294,6,-19.8666666666667,9.52862097985736,3.89004322550487,-29.8663411219896,-9.86699221134375,TRUE
6295,6,-17.1638888888889,6.57040313888026,2.68235584910627,-24.0591041113143,-10.2686736664635,TRUE
6296,6,-13.2,5.7440164035668,2.34498487715253,-19.2279755300501,-7.17202446994984,TRUE
6297,6,-15.325,15.3753844757709,6.2769744274581,-31.4604764459775,0.810476445977452,TRUE
6298,6,-12.4994444444444,3.38062217591618,1.38013322402201,-16.0471898408736,-8.9516990480153,TRUE
6299,6,-16.9372222222222,9.48922580068028,3.87396021095331,-26.8955539724766,-6.97889047196783,TRUE
6300,6,-14.9422222222222,8.66336928725813,3.53680570118027,-24.0338707138512,-5.85057373059328,TRUE
6301,6,-19.6083333333333,10.6712281392537,4.35651064500019,-30.8071004641271,-8.40956620253959,TRUE
6302,6,-13.0605555555556,12.92476097637,5.27651157325709,-26.624260361295,0.503149250183913,TRUE
6303,6,-15.6172222222222,11.9827932964391,4.89195487825309,-28.1923925730121,-3.04205187143238,TRUE
6304,6,-9.31444444444445,12.7502992847953,5.2052878859203,-22.6950629332489,4.06617404436003,TRUE
6305,6,-10.8372222222222,11.5831957625723,4.72881986817842,-22.9930406793578,1.31859623491335,TRUE
6306,6,-8.43888888888888,9.17904441084672,3.74732918882005,-18.0717052338195,1.1939274560417,TRUE
6307,6,-16.3894444444444,10.4435799346705,4.26357365465193,-27.3493094359902,-5.42957945289866,TRUE
6308,6,-12.7233333333333,6.27235947099122,2.56068003120699,-19.3057709084306,-6.14089575823602,TRUE
6309,6,-15.7133333333333,8.44913381490802,3.44934443583662,-24.5801554849481,-6.84651118171853,TRUE
6310,6,-19.6683333333333,10.1048504854517,4.12528793607859,-30.2727235685866,-9.06394309808009,TRUE
6311,6,-16.7572222222222,11.6234531906002,4.74525489434927,-28.9552882591008,-4.55915618534368,TRUE
6312,6,-18.4616666666667,8.82739743953763,3.60376991393632,-27.725452147244,-9.19788118608932,TRUE
6313,6,-13.1405555555556,3.7729637137382,1.54030598611581,-17.1000381447867,-9.18107296632438,TRUE
6314,6,-13.0333333333333,5.89337971324132,2.40596219298518,-19.2180560438488,-6.84861062281793,TRUE
6315,6,-5.46611111111111,8.60100082462413,3.51134388293108,-14.4923079152464,3.5600856930242,TRUE
6316,6,-10.855,10.8303394324565,4.42146755844373,-22.2207441925907,0.510744192590698,TRUE
6317,6,-19.4122222222222,8.07467472111736,3.29647215094793,-27.8860736551299,-10.9383707893145,TRUE
6318,6,-17.6661111111111,14.1627450912074,5.78191647176088,-32.529000568586,-2.80322165363619,TRUE
6319,6,-16.0227777777778,6.90965489302763,2.8208547977738,-23.2740158819027,-8.77153967365291,TRUE
6320,6,-15.0161111111111,9.17892572185915,3.74728073424378,-24.6488028995881,-5.38341932263415,TRUE
6321,6,-8.71166666666667,6.78613087275969,2.77042632766819,-15.8332742615391,-1.59005907179421,TRUE
6322,6,-15.5011111111111,6.61697032608552,2.70136682367452,-22.4451955994394,-8.55702662278281,TRUE
6323,6,-12.7338888888889,14.1670469622159,5.78367270324589,-27.6012928831184,2.13351510534057,TRUE
6324,6,-11.3111111111111,6.98642005501996,2.85219404392435,-18.6429093121331,-3.9793129100891,TRUE
6325,6,-11.2094444444444,9.92463140466781,4.0517138044396,-21.6247063533338,-0.7941825355551,TRUE
6326,6,-14.6472222222222,10.00770401389,4.08562805513893,-25.1496634879285,-4.14478095651598,TRUE
6327,6,-6.35722222222222,10.1527017568213,4.14482313581177,-17.0118292870651,4.29738484262066,TRUE
6328,6,-12.6188888888889,8.92091566467794,3.64194856947707,-21.9808157279083,-3.25696204986948,TRUE
6329,6,-22.4661111111111,10.2613827131233,4.18919195042801,-33.2347718448752,-11.697450377347,TRUE
6330,6,-9.24444444444444,8.30031369331349,3.38858887560902,-17.9550894565243,-0.533799432364605,TRUE
6331,6,-10.9038888888889,13.755941167634,5.61583946540805,-25.3398638105164,3.53208603273857,TRUE
6332,6,-15.4955555555556,13.7051062125142,5.5950861818846,-29.8781824635279,-1.11292864758325,TRUE
6333,6,-10.9666666666667,12.3988293354207,5.06180087993869,-23.978440064245,2.04510673091165,TRUE
6334,6,-24.0383333333333,4.58194560809658,1.87057146150383,-28.8467903545348,-19.2298763121319,FALSE
6335,6,-13.4816666666667,11.7065172256976,4.77916564467682,-25.76690306237,-1.19643027096331,TRUE
6336,6,-19.6861111111111,9.15155807418525,3.73610793886689,-29.290082314739,-10.0821399074833,TRUE
6337,6,-12.2072222222222,9.41164276997537,3.84228707129902,-22.0841355750037,-2.3303088694407,TRUE
6338,6,-12.1627777777778,7.73090347362574,3.15612812684885,-20.2758634115963,-4.04969214395926,TRUE
6339,6,-9.95777777777778,2.94331760408531,1.20160438016002,-13.0466001710382,-6.86895538451739,FALSE
6340,6,-13.595,10.5137500974253,4.29222050363816,-24.628504061198,-2.56149593880199,TRUE
6341,6,-15.5016666666667,14.277676865186,5.82883717200762,-30.4851696239112,-0.518163709422144,TRUE
6342,6,-17.4416666666667,16.7266109670921,6.82861033256944,-34.9951683502081,0.111835016874767,TRUE
6343,6,-15.3705555555556,6.5623564252372,2.67907079201763,-22.2573262698999,-8.48378484121124,TRUE
6344,6,-9.12388888888889,6.0800319504521,2.48216264973774,-15.5044911093996,-2.74328666837816,TRUE
6345,6,-13.3877777777778,9.77173649225531,3.98929471782658,-23.6425863164227,-3.13296923913289,TRUE
6346,6,-15.66,8.88536399554533,3.62743466133054,-24.9846176503738,-6.33538234962614,TRUE
6347,6,-11.9505555555556,11.333263414817,4.62678541447569,-23.8440860993938,-0.057025011717327,TRUE
6348,6,-18.805,12.1895475715877,4.97636195762862,-31.5971456558317,-6.0128543441683,TRUE
6349,6,-11.5561111111111,12.2892609698543,5.01706978200731,-24.4528995608589,1.34067733863672,TRUE
6350,6,-12.1955555555556,6.07651496123181,2.48072684490097,-18.5724669222334,-5.81864418887773,TRUE
6351,6,-11.04,12.759447741445,5.20902272770793,-24.4302192052627,2.35021920526273,TRUE
6352,6,-18.1711111111111,6.36431323576731,2.59821999847854,-24.850048244187,-11.4921739780352,TRUE
6353,6,-12.1338888888889,10.0545276515755,4.10474372517733,-22.6854685487719,-1.5823092290059,TRUE
6354,6,-10.8344444444444,11.0733061742927,4.52065831543795,-22.4551665952275,0.786277706338611,TRUE
6355,6,-13.6122222222222,9.18210352725264,3.7485780678631,-23.2482489129358,-3.97619553150868,TRUE
6356,6,-13.705,10.7076377205972,4.37137479434018,-24.9419766430893,-2.46802335691072,TRUE
6357,6,-11.7666666666667,9.44292704150102,3.85505882166778,-21.6764108489554,-1.85692248437795,TRUE
6358,6,-18.7966666666667,17.8043449129076,7.26859337352349,-37.4811807632726,-0.112152570060704,TRUE
6359,6,-13.3416666666667,13.7288357926746,5.60477374241848,-27.749196241779,1.06586290844566,TRUE
6360,6,-13.6255555555556,7.20241214738095,2.94037244638443,-21.1840235562369,-6.06708755487422,TRUE
6361,6,-20.9855555555556,13.9406202104444,5.69123436891992,-35.6153392466502,-6.35577186446091,TRUE
6362,6,-13.5122222222222,12.1094361125101,4.9436565914136,-26.2202960577338,-0.804148386710676,TRUE
6363,6,-10.5027777777778,10.2443832668696,4.18225195555613,-21.2535986867848,0.248043131229275,TRUE
6364,6,-13.3761111111111,10.1715814167964,4.15253072472114,-24.050531164001,-2.70169105822125,TRUE
6365,6,-17.9094444444444,10.500399657297,4.28677020927883,-28.9289380779635,-6.8899508109254,TRUE
6366,6,-14.0166666666667,7.0950517968511,2.89654276681702,-21.4624668891902,-6.57086644414308,TRUE
6367,6,-13.1366666666667,8.36682045011392,3.4157401453771,-21.9171062396268,-4.35622709370656,TRUE
6368,6,-16.2816666666667,8.66595965064843,3.53786321260604,-25.3760335779577,-7.18729975537565,TRUE
6369,6,-15.4761111111111,16.2927879636859,6.65150283306499,-32.5743434734715,1.62212125124923,TRUE
6370,6,-13.6633333333333,10.1788473479728,4.15549702870253,-24.3453785133567,-2.98128815330994,TRUE
6371,6,-5.01666666666665,12.3177036099357,5.02868144119679,-17.9433038366086,7.90997050327525,TRUE
6372,6,-13.6727777777778,9.80821229982908,4.00418590391186,-23.9658653288846,-3.37969022667099,TRUE
6373,6,-18.26,12.714143131,5.19052719794363,-31.6026749324102,-4.91732506758985,TRUE
6374,6,-12.9566666666667,7.95154715902649,3.24620553421535,-21.3013036476627,-4.61202968567061,TRUE
6375,6,-14.0561111111111,7.68716951713601,3.13827381387669,-22.1233007723156,-5.98892144990658,TRUE
6376,6,-8.75222222222222,17.8256366776327,7.27728570007347,-27.459080655567,9.95463621112254,TRUE
6377,6,-15.0461111111111,5.7166094911297,2.3337960520032,-21.0453248504703,-9.04689737175196,TRUE
6378,6,-11.4994444444444,6.61453128150998,2.7003710878962,-18.4409693124679,-4.55791957642101,TRUE
6379,6,-10.0844444444444,13.6727514367757,5.581877400001,-24.4331170976359,4.26422820874699,TRUE
6380,6,-18.6538888888889,16.072606843345,6.56161426709339,-35.5210553363312,-1.78672244144654,TRUE
6381,6,-3.83722222222222,10.8838407062268,4.44330936199808,-15.2591125582873,7.58466811384281,TRUE
6382,6,-9.00055555555555,6.53206158257242,2.66670297428986,-15.8555337823024,-2.14557732880869,TRUE
6383,6,-11.0483333333333,8.67590245065799,3.54192234371237,-20.1531345733147,-1.94353209335193,TRUE
6384,6,-7.83388888888889,8.42342432787328,3.43884858170598,-16.673730588526,1.0059528107482,TRUE
6385,6,-15.0694444444444,8.24222769689163,3.36487536686991,-23.7191319417003,-6.41975694718857,TRUE
6386,6,-17.3566666666667,15.4393190696136,6.30307561609586,-33.5592383540449,-1.15409497928848,TRUE
6387,6,-19.4944444444444,8.05363759542968,3.28788378034966,-27.9462187678945,-11.0426701209943,TRUE
6388,6,-18.0238888888889,5.34216619262539,2.18093021551316,-23.6301484856774,-12.4176292921004,TRUE
6389,6,-19.1738888888889,9.52190676905201,3.88730216042177,-29.1665172120989,-9.18126056567889,TRUE
6390,6,-17.7622222222222,10.5873200190221,4.32225529835959,-28.8729331811682,-6.65151126327625,TRUE
6391,6,-15.2666666666667,7.55368136885732,3.08377750554473,-23.1937691075638,-7.33956422576952,TRUE
6392,6,-21.0883333333333,8.71471214543416,3.55776633525816,-30.2338628501863,-11.9428038164803,TRUE
6393,6,-11.6655555555556,8.06351967999271,3.29191812447874,-20.1277004907426,-3.20341062036855,TRUE
6394,6,-18.3816666666667,8.02874384806103,3.27772095054317,-26.8073166044175,-9.95601672891579,TRUE
6395,6,-21.2305555555556,11.9355797544181,4.87268003043627,-33.7561783326628,-8.70493277844829,TRUE
6396,6,-13.5761111111111,15.8334824437423,6.46399213974739,-30.1923318912417,3.04010966901944,TRUE
6397,6,-17.6866666666667,7.86987053401911,3.21286119168523,-25.9455892864336,-9.42774404689977,TRUE
6398,6,-26.4816666666667,9.44286579616827,3.85503381836538,-36.3913465759204,-16.5719867574129,FALSE
6399,6,-14.7138888888889,9.19254853229062,3.75284222331374,-24.3608769401482,-5.06690083762959,TRUE
6400,6,-15.2022222222222,16.6793340749919,6.8093096221911,-32.7061098502502,2.30166540580577,TRUE
6401,6,-5.33277777777778,11.5870353636518,4.73038737875519,-17.4926256491292,6.82707009357359,TRUE
6402,6,-14.9911111111111,9.94543908123309,4.0602085028259,-25.4282093373715,-4.55401288485073,TRUE
6403,6,-15.1038888888889,12.4767781483427,5.09362334955781,-28.1974645488352,-2.01031322894259,TRUE
6404,6,-11.4516666666667,8.0521582338043,3.28727983349512,-19.9018884953028,-3.00144483803054,TRUE
6405,6,-20.8766666666667,9.92781255978487,4.05301250557784,-31.2952669931119,-10.4580663402214,TRUE
6406,6,-8.60777777777778,6.2598962244386,2.55559193210825,-15.177135977754,-2.0384195778016,TRUE
6407,6,-14.1333333333333,6.64073757616995,2.71106976289052,-21.1023600209625,-7.16430664570411,TRUE
6408,6,-17.295,12.2534038354881,5.00243116820138,-30.1541586949994,-4.43584130500058,TRUE
6409,6,-17.7733333333333,14.178878814788,5.78850303683149,-32.653154095338,-2.89351257132866,TRUE
6410,6,-15.1361111111111,10.970698026342,4.47876871444941,-26.649152614491,-3.62306960773124,TRUE
6411,6,-14.5166666666667,11.2467850221,4.59148075848691,-26.3194437031068,-2.71388963022656,TRUE
6412,6,-13.0655555555556,2.61582675833657,1.06790680224053,-15.8106973835475,-10.3204137275636,TRUE
6413,6,-17.5816666666667,11.6054402472863,4.73790114103515,-29.7608292788522,-5.40250405448114,TRUE
6414,6,-14.3083333333333,12.754971623297,5.20719536012608,-27.6938551406831,-0.922811525983551,TRUE
6415,6,-9.85555555555555,9.53781961262442,3.89379855160662,-19.8648833839425,0.153772272831418,TRUE
6416,6,-12.01,13.9988953532452,5.71502509634489,-26.7009397028698,2.68093970286984,TRUE
6417,6,-17.3033333333333,10.8011215467037,4.40953940653418,-28.6384152352926,-5.96825143137405,TRUE
6418,6,-18.2427777777778,12.028201568105,4.91049272753361,-30.8656011871999,-5.61995436835566,TRUE
6419,6,-6.81166666666666,8.90489971245543,3.63541008436207,-16.1567857946169,2.53345246128356,TRUE
6420,6,-12.4716666666667,9.8538720533831,4.02282642024329,-22.8126711904619,-2.13066214287142,TRUE
6421,6,-12.8366666666667,8.60141332056024,3.51151228369182,-21.8632963587386,-3.81003697459469,TRUE
6422,6,-17.09,10.8979773862452,4.44908063744843,-28.5267258719062,-5.65327412809384,TRUE
6423,6,-18.5755555555556,9.2461676545635,3.77473213831782,-28.278813424708,-8.87229768640316,TRUE
6424,6,-18.7533333333333,5.89434267374705,2.40635531996543,-24.9390666089233,-12.5676000577434,TRUE
6425,6,-18.1688888888889,10.1073039963224,4.12628957769718,-28.7758539258927,-7.56192385188509,TRUE
6426,6,-12.3622222222222,11.2507962516569,4.59311833609615,-24.1692087859191,-0.555235658525357,TRUE
6427,6,-15.2433333333333,7.56237793289915,3.08732786294772,-23.1795622584806,-7.30710440818605,TRUE
6428,6,-16.3622222222222,11.6890046466596,4.77201616422293,-28.6290802933366,-4.09536415110789,TRUE
6429,6,-16.9666666666667,6.39927877880695,2.61249462164962,-23.6822978867767,-10.2510354465566,TRUE
6430,6,-10.3883333333333,6.79805944532866,2.77529614702714,-17.5224591973928,-3.25420746927392,TRUE
6431,6,-10.0183333333333,8.21295095159672,3.35292318565292,-18.6372967706566,-1.3993698960101,TRUE
6432,6,-18.9222222222222,10.8935484814875,4.44727254465248,-30.35430024363,-7.49014420081446,TRUE
6433,6,-15.4261111111111,8.91417957006742,3.63919857036792,-24.7809688523725,-6.0712533698497,TRUE
6434,6,-18.8455555555556,4.24327214759066,1.73230860022681,-23.2985965770152,-14.3925145340959,FALSE
6435,6,-12.8444444444444,8.25876818005275,3.37162799084388,-21.5114901142307,-4.1773987746582,TRUE
6436,6,-7.20444444444444,10.8658637058484,4.43597028232595,-18.607469075614,4.19858018672514,TRUE
6437,6,-15.9927777777778,8.90334479386924,3.63477529150745,-25.3362651187465,-6.64929043680904,TRUE
6438,6,-8.44944444444444,8.42939866490201,3.44128759458462,-17.2955558262842,0.396666937395359,TRUE
6439,6,-14.2105555555556,9.92539893777949,4.05202714852032,-24.6266229410471,-3.79448817006402,TRUE
6440,6,-6.26722222222222,13.9712500700016,5.70373895672126,-20.9291499795811,8.39470553513667,TRUE
6441,6,-18.3372222222222,4.84547046983821,1.97815503580458,-23.422231625334,-13.2522128191105,TRUE
6442,6,-12.835,13.4240852781691,5.48035986585363,-26.9227135239136,1.25271352391361,TRUE
6443,6,-12.3972222222222,8.18516772832059,3.34158073224686,-20.9870289548483,-3.80741548959615,TRUE
6444,6,-19.4872222222222,9.47155446978341,3.86674592032444,-29.427009048029,-9.5474353964154,TRUE
6445,6,-9.83166666666667,9.9105265584966,4.04595552510295,-20.2321264472887,0.568793113955353,TRUE
6446,6,-14.3227777777778,9.68936562919867,3.95566695379967,-24.491143397042,-4.15441215851353,TRUE
6447,6,-22.8922222222222,9.30274384055387,3.79782926952935,-32.6548531573223,-13.1295912871221,TRUE
6448,6,-15.7705555555556,13.7831769304575,5.62695841902024,-30.2351126573698,-1.30599845374129,TRUE
6449,6,-14.355,5.8241954141514,2.37771782115478,-20.4671182413292,-8.24288175867076,TRUE
6450,6,-16.6172222222222,7.37296907378317,3.01000202001491,-24.3546787401012,-8.87976570434328,TRUE
6451,6,-20.2894444444444,8.83855931364047,3.60832672995718,-29.5649435935133,-11.0139452953755,TRUE
6452,6,-17.1405555555556,11.8888841484933,4.85361662914532,-29.6171742995789,-4.66393681153222,TRUE
6453,6,-10.0972222222222,5.79562648005341,2.3660546026489,-16.1793592059152,-4.01508523852926,TRUE
6454,6,-11.3588888888889,6.25438643110814,2.55334256840028,-17.9224649153756,-4.79531286240216,TRUE
6455,6,-9.22888888888889,11.2756064466946,4.60324705580638,-21.0619121554911,2.60413437771334,TRUE
6456,6,-16.0633333333333,10.0721561191678,4.11194051693538,-26.6334129353844,-5.49325373128225,TRUE
6457,6,-7.77333333333333,11.4344592254194,4.6680984311562,-19.7730623674258,4.22639570075916,TRUE
6458,6,-14.58,11.7003509918862,4.77664829026472,-26.8587653301777,-2.30123466982226,TRUE
6459,6,-7.86777777777777,8.46768725257419,3.45691884504606,-16.754070568122,1.01851501256648,TRUE
6460,6,-15.2444444444444,9.34604364701192,3.81550634149326,-25.0525157396422,-5.43637314924669,TRUE
6461,6,-10.5144444444445,7.60540996532999,3.1048956166228,-18.4958327180818,-2.53305617080707,TRUE
6462,6,-14.4611111111111,11.2179159614662,4.57969501383586,-26.2335919264318,-2.68863029579045,TRUE
6463,6,-15.4838888888889,8.69750498493464,3.5507415414005,-24.6113605982523,-6.35641717952549,TRUE
6464,6,-11.9338888888889,10.4096705928599,4.249730223827,-22.8581682086132,-1.00960956916457,TRUE
6465,6,-7.86777777777778,5.17228712216116,2.11157737541055,-13.2957602235487,-2.43979533200683,FALSE
6466,6,-12.8177777777778,12.1688107091069,4.96789616897123,-25.5881614310624,-0.0473941244930955,TRUE
6467,6,-19.6055555555556,9.95041767223124,4.06224100408982,-30.0478784926459,-9.16323261846525,TRUE
6468,6,-12.6583333333333,13.7025912796733,5.59405946485165,-27.0383209811504,1.72165431448371,TRUE
6469,6,-8.20722222222223,3.15055227374973,1.28620757977536,-11.5135240636505,-4.90092038079393,FALSE
6470,6,-11.845,9.27754247871948,3.7875408566431,-21.5811837278172,-2.10881627218286,TRUE
6471,6,-11.4355555555556,12.0769351643106,4.93038813487273,-24.1095217376962,1.2384106265851,TRUE
6472,6,-16.6338888888889,11.558237354404,4.71863064071101,-28.7635151029775,-4.50426267480023,TRUE
6473,6,-20.8238888888889,8.43702828585375,3.44440237429505,-29.6780070668743,-11.9697707109034,TRUE
6474,6,-14.8294444444444,6.95016463966995,2.83739283258765,-22.1231949204589,-7.53569396842997,TRUE
6475,6,-17.7188888888889,10.6801901078932,4.36016935337648,-28.9270610289766,-6.51071674880118,TRUE
6476,6,-15.3211111111111,11.0376782314371,4.5061132686744,-26.9044440288853,-3.73777819333692,TRUE
6477,6,-14.8944444444444,9.90490824830838,4.04366185957331,-25.289008170119,-4.49988071876994,TRUE
6478,6,-15.6883333333333,4.66405057624569,1.9040906743893,-20.582954234323,-10.7937124323437,TRUE
6479,6,-11.275,13.030497517576,5.31967833544403,-24.9496685005204,2.39966850052045,TRUE
6480,6,-12.8088888888889,5.79642827444114,2.366381933837,-18.8918673041882,-6.72591047358957,TRUE
6481,6,-17.1677777777778,13.1136444068623,5.35362291085252,-30.9297035872617,-3.4058519682939,TRUE
6482,6,-9.745,8.55790700009192,3.49375090273625,-18.7259726088118,-0.764027391188218,TRUE
6483,6,-20.7877777777778,19.4551768222544,7.94254267835753,-41.2047337155299,-0.370821840025712,TRUE
6484,6,-8.95944444444444,11.6328046521066,4.74907261252261,-21.167324238313,3.24843534942408,TRUE
6485,6,-15.5994444444444,3.55026034517449,1.44938771661913,-19.32521418158,-11.8736747073089,TRUE
6486,6,-16.625,9.78481493607995,3.99463397015991,-26.8935335237088,-6.35646647629116,TRUE
6487,6,-15.9016666666667,11.3697723518694,4.64169012561397,-27.8335109902224,-3.96982234311097,TRUE
6488,6,-7.43444444444444,8.11260710709412,3.31195798267616,-15.9481034751025,1.07921458621359,TRUE
6489,6,-12.4877777777778,9.57128127186664,3.90745921678834,-22.5322214639436,-2.44333409161196,TRUE
6490,6,-13.4611111111111,4.46998019715557,1.82486177389608,-18.1520676396354,-8.77015458258678,TRUE
6491,6,-14.915,5.2584889041963,2.14676910556133,-20.4334456680612,-9.39655433193882,TRUE
6492,6,-20.4711111111111,10.7567949928647,4.39144316670724,-31.759675147678,-9.18254707454427,TRUE
6493,6,-11.8861111111111,19.5866979142781,7.99623593933614,-32.4410899702309,8.66886774800865,TRUE
6494,6,-19.8505555555556,6.33125734981841,2.58472498955013,-26.4948026638084,-13.2063084473027,TRUE
6495,6,-14.6566666666667,11.5377245975491,4.71025634279227,-26.7647660626392,-2.54856727069412,TRUE
6496,6,-7.98222222222222,5.04370660291579,2.05908459824167,-13.2752676885008,-2.68917675594369,FALSE
6497,6,-8.08777777777778,4.90604374065144,2.00288397006189,-13.236354930106,-2.93920062544955,FALSE
6498,6,-9.27333333333333,14.165939746056,5.78322068414145,-24.1395753754636,5.59290870879689,TRUE
6499,6,-9.63611111111111,6.40735286532127,2.61579085366614,-16.3602155653689,-2.91200665685332,TRUE
6500,6,-19.5877777777778,13.6938795195626,5.59050290367954,-33.9586229940485,-5.21693256150709,TRUE
6501,6,-15.5427777777778,10.5314788276052,4.29945822742619,-26.5948870002766,-4.49066855527892,TRUE
6502,6,-7.12555555555556,6.58071919969126,2.68656736329668,-14.0315968198593,-0.219514291251774,TRUE
6503,6,-15.2177777777778,7.49835586917163,3.06119096487899,-23.0868196675097,-7.34873588804585,TRUE
6504,6,-18.9527777777778,8.43265594556639,3.44261737384741,-27.8023074660359,-10.1032480895196,TRUE
6505,6,-12.0605555555556,11.5502554885964,4.71537205764034,-24.1818053151928,0.0606942040817362,TRUE
6506,6,-15.1644444444444,9.38365876680582,3.83086264984472,-25.0119903869529,-5.31689850193602,TRUE
6507,6,-10.7955555555556,6.27830857146401,2.5631087413048,-17.3842363287143,-4.20687478239678,TRUE
6508,6,-8.6738888888889,6.71168679466121,2.74003466004932,-15.7173722150256,-1.63040556275218,TRUE
6509,6,-15.0861111111111,11.1117092227907,4.53633629433584,-26.7471347896686,-3.42508743255365,TRUE
6510,6,-14.7205555555556,14.9964184489596,6.1222621948685,-30.4583315466874,1.01722043557633,TRUE
6511,6,-15.4894444444444,8.12516486442423,3.31708466563824,-24.0162820332018,-6.96260685568703,TRUE
6512,6,-14.3466666666667,13.8815730776851,5.66712847791412,-28.91448419221,0.221150858876628,TRUE
6513,6,-9.77333333333332,10.1883203282539,4.15936435670787,-20.4653197964797,0.918653129813036,TRUE
6514,6,-20.8011111111111,11.5893369893127,4.73132701349653,-32.9633743904607,-8.63884783176153,TRUE
6515,6,-17.7216666666667,10.4750761864108,4.27643194558094,-28.7145849473119,-6.72874838602144,TRUE
6516,6,-15.35,7.3591074338008,3.00434302918908,-23.072909618854,-7.62709038114597,TRUE
6517,6,-15.4261111111111,13.7942705363361,5.63148736465524,-29.9023102383093,-0.949911983912932,TRUE
6518,6,-17.8888888888889,11.7366659408627,4.79147380610266,-30.2057644207836,-5.57201335699421,TRUE
6519,6,-11.8211111111111,11.0650303341788,4.51727971785927,-23.4331483003285,-0.209073921893737,TRUE
6520,6,-17.655,13.8695603951804,5.66222432081768,-32.2102109883921,-3.0997890116079,TRUE
6521,6,-14.2533333333333,16.2841246481214,6.64796604929603,-31.3424741035806,2.83580743691394,TRUE
6522,6,-3.87388888888889,8.81632763473335,3.5992506850492,-13.1260573217779,5.37827954400015,FALSE
6523,6,-14.6272222222222,13.5148819071039,5.51742743439614,-28.8102209645224,-0.444223479922037,TRUE
6524,6,-11.4016666666667,15.3105331571293,6.25049898748833,-27.4690858275673,4.665752494234,TRUE
6525,6,-16.7088888888889,9.07984157146825,3.70682979923463,-26.2375982385968,-7.18017953918096,TRUE
6526,6,-14.8377777777778,6.33466711101755,2.58611701873057,-21.4856032109565,-8.18995234459902,TRUE
6527,6,-18.3444444444444,12.9865855005449,5.30175132956025,-31.9730301092727,-4.7158587796162,TRUE
6528,6,-18.9066666666667,4.64177743733775,1.89499770350687,-23.7779133418739,-14.0354199914594,FALSE
6529,6,-14.5,5.09218006140571,2.07887380480305,-19.8439152412069,-9.15608475879313,TRUE
6530,6,-6.14333333333333,10.5365695450549,4.30153650412226,-17.2007849361565,4.91411826948987,TRUE
6531,6,-11.9522222222222,14.812382157681,6.04712969357068,-27.496863970252,3.59241952580755,TRUE
6532,6,-18.105,11.6331273620735,4.74920435831488,-30.313218457209,-5.89678154279097,TRUE
6533,6,-12.9072222222222,9.26430843294527,3.78213808007986,-22.6295176707439,-3.18492677370054,TRUE
6534,6,-7.71833333333333,8.86921034941793,3.62083996291427,-17.0259987717468,1.58933210508016,TRUE
6535,6,-12.45,9.95757489440967,4.06516292780863,-22.899833981127,-2.00016601887301,TRUE
6536,6,-7.22055555555556,7.24753672074303,2.95879447631741,-14.8263788917582,0.385267780647045,TRUE
6537,6,-6.04666666666667,11.4409657712003,4.67075471734811,-18.0532239017944,5.95989056846102,TRUE
6538,6,-14.2288888888889,5.3501304933895,2.18418162768485,-19.8435065067461,-8.61427127103166,TRUE
6539,6,-16.3977777777778,5.81873474855781,2.3754885137614,-22.5041654020155,-10.29139015354,TRUE
6540,6,-15.7638888888889,11.6563865978492,4.75869990155782,-27.9965164170777,-3.53126136070004,TRUE
6541,6,-6.15666666666667,15.4730515556707,6.3168468458618,-22.3946384271355,10.0813050938022,TRUE
6542,6,-15.8305555555556,12.654135102218,5.16602902277925,-29.1102559238819,-2.5508551872292,TRUE
6543,6,-10.3883333333333,11.8471458822602,4.83657705330873,-22.8211504532242,2.0444837865575,TRUE
6544,6,-13.17,9.13871860699177,3.73086624833469,-22.7604970091577,-3.57950299084225,TRUE
6545,6,-14.2322222222222,10.3723107179466,4.2344781187617,-25.1172947577105,-3.34714968673396,TRUE
6546,6,-12.4227777777778,13.5062968716516,5.51392260834918,-26.5967670779046,1.75121152234903,TRUE
6547,6,-16.2294444444444,7.5448482546162,3.08017140175632,-24.1472771004457,-8.31161178844319,TRUE
6548,6,-17.7555555555556,12.9327779376739,5.27978448400414,-31.327673646211,-4.18343746490006,TRUE
6549,6,-7.42555555555555,9.39008121291745,3.83348460249039,-17.2798414419088,2.42873033079773,TRUE
6550,6,-18.0261111111111,14.0557811620014,5.73824863052125,-32.776748809094,-3.27547341312823,TRUE
6551,6,-17.8711111111111,8.95074662724764,3.65412700894904,-27.2643436254236,-8.47787859679866,TRUE
6552,6,-21.1777777777778,12.2377413796041,4.99603699736224,-34.0204997333641,-8.3350558221914,TRUE
6553,6,-3.18777777777778,16.7156462522282,6.82413400647083,-20.7297726987598,14.3542171432042,TRUE
6554,6,-13.2355555555556,18.3028935983924,7.47212502208569,-32.4432644109326,5.97215329982149,TRUE
6555,6,-17.1583333333333,14.5556061364685,5.94230132187859,-32.4335051732321,-1.88316149343458,TRUE
6556,6,-13.6472222222222,9.98971369107392,4.07828353660438,-24.1307838019921,-3.16366064245238,TRUE
6557,6,-11.3577777777778,13.2019922177874,5.38969075362892,-25.2124189287533,2.49686337319771,TRUE
6558,6,-14.3777777777778,12.7301386335589,5.19705733451841,-27.7372389606513,-1.01831659490427,TRUE
6559,6,-18.9338888888889,8.70401808021679,3.55340050141506,-28.0681956725674,-9.79958210521036,TRUE
6560,6,-15.5116666666667,9.69742273894346,3.95895625507906,-25.6884877040517,-5.33484562928168,TRUE
6561,6,-13.7366666666667,9.36396259900454,3.82282172301115,-23.563542748715,-3.90979058461828,TRUE
6562,6,-11.3872222222222,7.68433772659013,3.13711774022739,-19.4514401015032,-3.32300434294126,TRUE
6563,6,-17.1888888888889,9.69314985307015,3.95721185672594,-27.3612258075532,-7.01655197022454,TRUE
6564,6,-3.95111111111112,7.78779263168159,3.17935302837108,-12.1238982549171,4.22167603269488,FALSE
6565,6,-11.2794444444444,9.70434711678035,3.96178312049349,-21.4635321707156,-1.09535671817331,TRUE
6566,6,-12.68,5.70738469003097,2.33003004272477,-18.6695329043152,-6.69046709568481,TRUE
6567,6,-6.70555555555555,5.95723898264089,2.43203263054783,-12.9572944593166,-0.453816651794506,FALSE
6568,6,-17.9616666666667,9.960553922571,4.06637911096273,-28.4146269461184,-7.50870638721493,TRUE
6569,6,-10.795,10.2234157696926,4.17369201067832,-21.5238168701901,-0.0661831298099251,TRUE
6570,6,-12.0977777777778,5.07713027721879,2.07272975613689,-17.4258992390862,-6.76965631646941,TRUE
6571,6,-10.4161111111111,10.8875585298423,4.44482715713335,-21.8419030637811,1.00968084155888,TRUE
6572,6,-9.96777777777778,12.4526014536306,5.08375325527251,-23.0359815526383,3.10042599708271,TRUE
6573,6,-11.9261111111111,18.7953503016827,7.6731696293314,-31.6506215820266,7.79839935980442,TRUE
6574,6,-8.25666666666667,8.6442718348948,3.52900919890072,-17.3282736111543,0.814940277820995,TRUE
6575,6,-10.5422222222222,9.17479340770538,3.74559372405484,-20.170577412951,-0.91386703149348,TRUE
6576,6,-6.43444444444445,8.46765890948658,3.45690727402899,-15.3207074905424,2.45181860165352,TRUE
6577,6,-13.3311111111111,9.75056663120814,3.98065215824471,-23.5637032430815,-3.09851897914076,TRUE
6578,6,-20.0255555555556,14.6526656909878,5.98192571908428,-35.4025851511593,-4.6485259599518,TRUE
6579,6,-18.245,11.8691283495368,4.84555135799456,-30.7008863045037,-5.78911369549631,TRUE
6580,6,-12.0411111111111,12.859324790753,5.24979736234447,-25.5361448515252,1.45392262930302,TRUE
6581,6,-15.6433333333333,13.1362154198063,5.36283748830094,-29.4289459682292,-1.85772069843746,TRUE
6582,6,-4.29555555555555,10.8913981689255,4.44639468322509,-15.7253769623239,7.13426585121274,TRUE
6583,6,-11.6833333333333,9.95177348795457,4.06279451354105,-22.1270791117648,-1.23958755490184,TRUE
6584,6,-14.285,7.75916311352083,3.16766507652514,-22.427742307095,-6.14225769290495,TRUE
6585,6,-10.1888888888889,5.5190658093021,2.25314918160514,-15.9807932481019,-4.39698452967588,TRUE
6586,6,-8.25777777777777,4.56194581616547,1.86240658063832,-13.0452463045362,-3.47030925101936,FALSE
6587,6,-15.7133333333333,8.81898180063889,3.60033424374275,-24.9682871425179,-6.45837952414882,TRUE
6588,6,-12.4016666666667,6.75003860071268,2.75569171930604,-19.4853977449282,-5.31793558840517,TRUE
6589,6,-13.6861111111111,10.8438407334234,4.42697944148249,-25.0660240501214,-2.30619817210082,TRUE
6590,6,-17.4872222222222,8.31251891671476,3.39357163719732,-26.2106758307322,-8.7637686137122,TRUE
6591,6,-14.6038888888889,6.11431632106763,2.49615918543116,-21.020470349815,-8.18730742796282,TRUE
6592,6,-14.1783333333333,10.5854940051626,4.3215098313231,-25.2871280082562,-3.06953865841041,TRUE
6593,6,-18.3738888888889,11.954696411716,4.88048437309755,-30.9195733674803,-5.82820441029744,TRUE
6594,6,-14.2638888888889,5.22108818656147,2.13150032652479,-19.7430849109064,-8.78469286687139,TRUE
6595,6,-10.3194444444444,9.79573385979079,3.99909160209857,-20.5994366758448,-0.039452213044143,TRUE
6596,6,-16.8344444444444,11.6226286310927,4.74491826933995,-29.0316451591886,-4.63724372970027,TRUE
6597,6,-11.7811111111111,7.36240469975422,3.00568913237777,-19.5074809983709,-4.05474122385134,TRUE
6598,6,-10.2783333333333,6.20772413118439,2.5342927642273,-16.7929402792406,-3.76372638742609,TRUE
6599,6,-13.5633333333333,6.93009443578432,2.82919920616208,-20.8360214220903,-6.29064524457641,TRUE
6600,6,-18.3677777777778,7.05994984768673,2.88221245607872,-25.7767407638185,-10.9588147917371,TRUE
6601,6,-10.6961111111111,9.6886121966098,3.95535936623328,-20.8636860513644,-0.528536170857867,TRUE
6602,6,-12.9783333333333,7.99782796903148,3.26509959578117,-21.3715390457919,-4.58512762087478,TRUE
6603,6,-17.2288888888889,9.76926806462585,3.98828698646672,-27.4811069716049,-6.97667080617286,TRUE
6604,6,-9.01722222222222,15.2083651567399,6.20878907598925,-24.9774226422574,6.94297819781293,TRUE
6605,6,-18.2355555555556,13.7710173378192,5.62199428611293,-32.6873519474886,-3.78375916362253,TRUE
6606,6,-14.9933333333333,15.1417729770621,6.18160293247754,-30.8836495466763,0.89698288000959,TRUE
6607,6,-11.5905555555556,11.6012680181793,4.73619783563479,-23.7653396818184,0.584228570707243,TRUE
6608,6,-15.8427777777778,7.24408829219972,2.95738666125982,-23.4449822101654,-8.24057334539016,TRUE
6609,6,-11.9488888888889,8.94857050450373,3.653238610559,-21.3398377024371,-2.55794007534068,TRUE
6610,6,-13.8838888888889,13.8888251509649,5.67008912443291,-28.4593169985951,0.691539220817354,TRUE
6611,6,-18.7005555555556,9.27327903570652,3.78580031332157,-28.4322650743262,-8.96884603678487,TRUE
6612,6,-16.0577777777778,10.4119466995406,4.25065944048831,-26.984445724973,-5.13110983058251,TRUE
6613,6,-19.9338888888889,14.3051334090896,5.84004625911833,-34.9462057218543,-4.92157205592351,TRUE
6614,6,-7.01111111111111,9.4484812810588,3.85732633047206,-16.9266841103443,2.90446188812205,TRUE
6615,6,-15.3961111111111,5.06920305665789,2.06949348189477,-20.7159134646376,-10.0763087575847,TRUE
6616,6,-10.4744444444444,7.76860938983624,3.17152150268216,-18.6271000105692,-2.3217888783197,TRUE
6617,6,-18.725,8.77303640581628,3.58157711485173,-27.9317370743686,-9.51826292563143,TRUE
6618,6,-23.5661111111111,8.80593320606224,3.59500717731387,-32.8073712600963,-14.3248509621259,FALSE
6619,6,-19.2122222222222,10.1120123652058,4.1282117612447,-29.824128389338,-8.60031605510641,TRUE
6620,6,-16.645,6.80461763151399,2.77797351532585,-23.7860082583754,-9.50399174162462,TRUE
6621,6,-13.4411111111111,2.51912124596095,1.02842694213475,-16.0847667278417,-10.7974554943805,TRUE
6622,6,-19.1883333333333,8.12210967394282,3.31583738934716,-27.7119646963129,-10.6647019703538,TRUE
6623,6,-15.7105555555556,4.66697495013474,1.90528454503018,-20.6082453987287,-10.8128657123824,TRUE
6624,6,-8.91944444444444,7.20397403186963,2.94101008305684,-16.4795515423736,-1.35933734651528,TRUE
6625,6,-18.1027777777778,11.2439100389039,4.59030705151197,-29.9025377043877,-6.30301785116782,TRUE
6626,6,-11.8827777777778,7.81600961464968,3.19087256342985,-20.0851768291608,-3.68037872639473,TRUE
6627,6,-11.3066666666667,6.90979723130699,2.82091290713301,-18.5580541456548,-4.05527918767852,TRUE
6628,6,-16.0616666666667,7.78322205487904,3.177487098205,-24.2296572842812,-7.89367604905214,TRUE
6629,6,-16.2194444444444,12.5929446590218,5.14104812895168,-29.4349293808597,-3.0039595080292,TRUE
6630,6,-11.3038888888889,9.44796825111485,3.85711688687449,-21.2189234962145,-1.38885428156323,TRUE
6631,6,-12.5572222222222,10.180498659838,4.15617117394851,-23.2410003477695,-1.87344409667493,TRUE
6632,6,-12.5583333333333,6.635615938923,2.70897886324008,-19.521985192301,-5.59468147436569,TRUE
6633,6,-16.0655555555556,8.2503687908593,3.36819895456472,-24.7237866069689,-7.40732450414227,TRUE
6634,6,-16.9655555555556,12.9816209682367,5.29972456773248,-30.5889312632442,-3.34217984786694,TRUE
6635,6,-18.79,7.33351090694097,2.99389329085674,-26.4860477113098,-11.0939522886902,TRUE
6636,6,-15.3472222222222,9.03492320982351,3.68849195488273,-24.8287926423344,-5.86565180211001,TRUE
6637,6,-23.4766666666667,7.15562094518087,2.9212700180775,-30.9860303121257,-15.9673030212077,FALSE
6638,6,-15.675,13.1446906476426,5.36629748557641,-29.4695068410435,-1.88049315895645,TRUE
6639,6,-11.5872222222222,7.5158388063451,3.06832834409235,-19.4746113293141,-3.69983311513039,TRUE
6640,6,-9.56222222222222,14.8550430893076,6.06454594597684,-25.1516338723321,6.0271894278877,TRUE
6641,6,-14.5966666666667,12.1992446032076,4.98032075421,-27.3989887330814,-1.79434460025191,TRUE
6642,6,-15.1938888888889,8.46401990563366,3.45542165692705,-24.0763330346499,-6.31144474312788,TRUE
6643,6,-12.6983333333333,10.2644917068504,4.19046119180216,-23.4702567559189,-1.92640991074781,TRUE
6644,6,-11.03,8.41966560433898,3.43731408924878,-19.8658971611997,-2.19410283880031,TRUE
6645,6,-9.13833333333333,8.54945059963244,3.49029859170519,-18.1104314941177,-0.166235172548959,TRUE
6646,6,-19.5533333333333,10.5170247165674,4.29355736130482,-30.5902738965661,-8.51639277010059,TRUE
6647,6,-11.5672222222222,11.8219222758524,4.82627955911342,-23.973568790582,0.839124346137574,TRUE
6648,6,-6.88777777777779,7.31325909007184,2.98562552124114,-14.5625725106925,0.787016955136872,TRUE
6649,6,-7.52111111111111,10.5616807725258,4.3117881198087,-18.6049153310038,3.5626931087816,TRUE
6650,6,-15.6338888888889,3.59404409585678,1.46726235798527,-19.4056068544387,-11.862170923339,TRUE
6651,6,-8.54222222222222,12.7059736898597,5.18719203756405,-21.8763238519417,4.79187940749725,TRUE
6652,6,-9.46166666666667,11.76557025109,4.80327394133996,-21.8088754118604,2.88554207852708,TRUE
6653,6,-23.7261111111111,6.7531636756138,2.75696752579199,-30.8131217543512,-16.639100467871,FALSE
6654,6,-17.4866666666667,9.14012010618873,3.73143840798593,-27.078634459031,-7.89469887430234,TRUE
6655,6,-19.2994444444444,8.41452089259108,3.43521376947277,-28.1299425617789,-10.46894632711,TRUE
6656,6,-14.4511111111111,14.4275964990965,5.89004160625855,-29.5919450753015,0.689722853079251,TRUE
6657,6,-12.1161111111111,10.9974209939657,4.48967832029791,-23.6571966491191,-0.575025573103142,TRUE
6658,6,-8.15666666666666,9.43046788046302,3.8499723904734,-18.0533357613189,1.74000242798557,TRUE
6659,6,-22.3766666666667,13.003017940292,5.30845984499515,-36.022497119416,-8.73083621391738,TRUE
6660,6,-12.9227777777778,10.6185118054727,4.33498929185458,-24.0662225090971,-1.77933304645848,TRUE
6661,6,-16.2794444444445,10.7696605572561,4.39669551137591,-27.5815100628111,-4.97737882607781,TRUE
6662,6,-19.5894444444444,11.7462838410313,4.79540029740434,-31.916413343557,-7.26247554533187,TRUE
6663,6,-16.6761111111111,14.1626051302038,5.78185933292042,-31.5388536885206,-1.81336853370158,TRUE
6664,6,-8.87555555555555,8.66811261442168,3.5387421563859,-17.9721818637616,0.221070752650515,TRUE
6665,6,-6.24666666666667,8.71805126033208,3.5591295232069,-15.3957003696992,2.90236703636592,TRUE
6666,6,-12.545,8.93200257501083,3.64647478166699,-21.9185618378591,-3.17143816214093,TRUE
6667,6,-7.27611111111111,11.4688479352969,4.68213756317495,-19.3119288829591,4.75970666073689,TRUE
6668,6,-14.0433333333333,13.6229084837106,5.56152909962053,-28.3396990151806,0.253032348513983,TRUE
6669,6,-15.0855555555556,8.2317700720148,3.36060605939163,-23.724268448557,-6.4468426625541,TRUE
6670,6,-15.9561111111111,12.5588813048627,5.12714182284876,-29.1358487496574,-2.77637347256482,TRUE
6671,6,-13.8122222222222,9.56687030367861,3.90565844656629,-23.8520368811651,-3.77240756327938,TRUE
6672,6,-19.6222222222222,4.76097406778005,1.94365952411399,-24.6185580895712,-14.6258863548733,FALSE
6673,6,-14.3383333333333,6.53350705551348,2.66729308614696,-21.194828490901,-7.48183817576562,TRUE
6674,6,-20.0577777777778,5.58471750669893,2.27995137483345,-25.9185793680587,-14.1969761874969,FALSE
6675,6,-7.76666666666667,13.2130882923797,5.39422070711211,-21.6329524337823,6.09961910044899,TRUE
6676,6,-8.87888888888888,17.8649386809492,7.29333067573924,-27.6269922452333,9.86921446745553,TRUE
6677,6,-9.36666666666667,10.2044014468703,4.16592944589177,-20.0755292288185,1.34219589548517,TRUE
6678,6,-14.4533333333333,12.2364733481506,4.99551932568911,-27.2947245715199,-1.61194209514675,TRUE
6679,6,-13.8816666666667,5.37182143742283,2.193036918505,-19.5190475342554,-8.24428579907786,TRUE
6680,6,-21.0961111111111,7.9588646361335,3.2491928817348,-29.4484273133774,-12.7437949088449,TRUE
6681,6,-15.9816666666667,12.1423403839622,4.9570897039829,-28.7242714173449,-3.23906191598842,TRUE
6682,6,-17.9666666666667,8.27210949852306,3.37707456130192,-26.6477131915389,-9.28562014179447,TRUE
6683,6,-6.41833333333333,10.5367436989697,4.30160760216027,-17.4759676994816,4.63930103281493,TRUE
6684,6,-10.55,6.71902936111724,2.74303225025262,-17.601188877064,-3.49881112293602,TRUE
6685,6,-16.7211111111111,7.87713559520116,3.21582714049292,-24.9876579450085,-8.45456427721375,TRUE
6686,6,-9.48166666666666,12.9297833186278,5.27856193589799,-23.0506420973673,4.08730876403396,TRUE
6687,6,-15.2011111111111,10.5508400227273,4.30736240223614,-26.2735386618021,-4.12868356042008,TRUE
6688,6,-11.7466666666667,9.7115864363713,3.96473856034062,-21.9383515929252,-1.55498174040821,TRUE
6689,6,-16.7688888888889,12.6295849613634,5.15600646974472,-30.022825464438,-3.5149523133398,TRUE
6690,6,-14.8038888888889,5.3862022970907,2.19890787987981,-20.4563615431455,-9.15141623463229,TRUE
6691,6,-8.74055555555556,16.0733231600502,6.56190670216373,-25.6084737312778,8.1273626201667,TRUE
6692,6,-16.8983333333333,5.15681544711031,2.10526109052043,-22.310079251897,-11.4865874147696,TRUE
6693,6,-19.7694444444444,8.40232518524001,3.4302348927957,-28.5871439518309,-10.951744937058,TRUE
6694,6,-23.8061111111111,9.0559518590855,3.6970768649947,-33.3097497452177,-14.3024724770045,FALSE
6695,6,-11.66,14.0421394381341,5.73267942007342,-26.3963215867669,3.07632158676686,TRUE
6696,6,-15.4666666666667,7.87922782454671,3.2166812895465,-23.7354091606061,-7.19792417272726,TRUE
6697,6,-16.8888888888889,5.95999987571464,2.43315976042534,-23.1435251722395,-10.6342526055383,TRUE
6698,6,-13.9077777777778,10.7086093436111,4.37177145777457,-25.1457740766864,-2.66978147886919,TRUE
6699,6,-6.50611111111111,8.05250559119932,3.28742164155782,-14.9566974689774,1.94447524675514,TRUE
6700,6,-19.0577777777778,8.50935946581871,3.47393145486298,-27.9878028738942,-10.1277526816614,TRUE
6701,6,-15.71,13.4947622761162,5.50921362944067,-29.8718844844802,-1.54811551551981,TRUE
6702,6,-12.4694444444444,8.47981535875154,3.46187012365953,-21.3684649016557,-3.57042398723323,TRUE
6703,6,-13.7988888888889,9.34665612616302,3.81575638505965,-23.6076029415365,-3.99017483624128,TRUE
6704,6,-16.0822222222222,14.6834738043476,5.99450307869583,-31.4915829499837,-0.672861494460749,TRUE
6705,6,-9.46444444444444,8.04984711149961,3.28633632176518,-17.9122408989659,-1.01664798992302,TRUE
6706,6,-14.215,4.42454103081137,1.80631131191596,-18.8582710479156,-9.57172895208443,TRUE
6707,6,-10.8233333333333,10.0710873295787,4.11150418541276,-21.3922913094981,-0.254375357168609,TRUE
6708,6,-6.87777777777778,12.4157705567765,5.06871710459557,-19.9073298968302,6.15177434127469,TRUE
6709,6,-8.89,14.5689894410468,5.94776503309343,-24.1792167567028,6.39921675670279,TRUE
6710,6,-11.8388888888889,5.10886709192585,2.08568625648582,-17.2003160946476,-6.47746168313014,TRUE
6711,6,-19.5283333333333,4.52614319506379,1.84779022177944,-24.278229313506,-14.7784373531607,FALSE
6712,6,-19.6405555555555,10.6665682113512,4.3546082374003,-30.834432391929,-8.44667871918206,TRUE
6713,6,-19.6961111111111,5.44824433155271,2.22423643438583,-25.4136928875038,-13.9785293347184,TRUE
6714,6,-9.05000000000001,6.66738062843606,2.7219467434309,-16.0469868562329,-2.05301314376712,TRUE
6715,6,-9.38,8.4410028366829,3.44602497787641,-18.2382892132781,-0.521710786721862,TRUE
6716,6,-13.4527777777778,9.08932399800671,3.7107009836584,-22.9914383238479,-3.91411723170768,TRUE
6717,6,-14.9505555555556,14.3375557217426,5.8532826128318,-29.9968975189468,0.0957864078357193,TRUE
6718,6,-13.1211111111111,12.8594521512244,5.2498493570392,-26.6162785081431,0.374056285920846,TRUE
6719,6,-16.5772222222222,4.88384794406426,1.99382257404969,-21.702506314556,-11.4519381298885,TRUE
6720,6,-14.7594444444444,11.3273218206966,4.6243597688334,-26.6467396676549,-2.87214922123395,TRUE
6721,6,-20.9816666666667,9.14253909541058,3.7324259562004,-30.5761730325329,-11.3871603008004,TRUE
6722,6,-21.7422222222222,15.2571486584219,6.22870485715376,-37.7536177875614,-5.7308266568831,TRUE
6723,6,-9.09888888888889,12.1909419318273,4.97693120281272,-21.8924978360509,3.69472005827308,TRUE
6724,6,-12.5666666666667,4.33000076982287,1.7677154119874,-17.1107237952958,-8.0226095380375,TRUE
6725,6,-6.88777777777778,14.0289509652427,5.72729524856171,-21.6102589110567,7.83470335550112,TRUE
6726,6,-18.1288888888889,6.98888472001288,2.85320023919427,-25.4632735971949,-10.7945041805829,TRUE
6727,6,-4.435,7.00171431389009,2.85843789896199,-11.7828485413661,2.91284854136612,FALSE
6728,6,-16.1783333333333,9.52363370194848,3.8880071778245,-26.1727739614726,-6.18389270519408,TRUE
6729,6,-8.20333333333333,3.94311382877373,1.60976947970129,-12.3413775174152,-4.06528914925147,FALSE
6730,6,-10.0855555555556,8.40390535317868,3.4308799936553,-18.9049133474939,-1.2661977636172,TRUE
6731,6,-13.19,7.52537869109884,3.07222298573428,-21.0874006021529,-5.29259939784709,TRUE
6732,6,-12.7427777777778,8.45328270664826,3.45103821379689,-21.6139539242509,-3.8716016313047,TRUE
6733,6,-14.3127777777778,4.67912214780444,1.91024361771276,-19.2232153231104,-9.40234023244515,TRUE
6734,6,-18.3761111111111,3.4228567773891,1.39737542787175,-21.9681790035627,-14.7840432186595,FALSE
6735,6,-3.95555555555556,9.53638707889516,3.89321372216062,-13.9633800319917,6.05226892088058,FALSE
6736,6,-12.7816666666667,4.3901185759739,1.79225840357499,-17.3888135636631,-8.17451976967024,TRUE
6737,6,-16.3316666666667,15.1517991230965,6.18569608945599,-32.2325046749888,-0.430828658344522,TRUE
6738,6,-18.3511111111111,13.7832988579443,5.62700819570826,-32.8157961679754,-3.88642605424679,TRUE
6739,6,-17.2338888888889,3.44310287493816,1.40564086258472,-20.8472037576773,-13.6205740201005,TRUE
6740,6,-11.2733333333333,8.821459188945,3.60134563328353,-20.5308870021001,-2.01577966456653,TRUE
6741,6,-17.1905555555556,7.7047657449909,3.14545744381707,-25.2762113253987,-9.10489978571237,TRUE
6742,6,-19.3544444444444,15.4071287492607,6.28993397284233,-35.5232344623847,-3.18565442650419,TRUE
6743,6,-15.8688888888889,8.65755204474149,3.53443082186763,-24.954432558895,-6.78334521888282,TRUE
6744,6,-15.4938888888889,9.51656553750509,3.88512161177377,-25.4809119333526,-5.50686584442517,TRUE
6745,6,-16.2916666666667,8.577162636262,3.50161198328448,-25.2928468263442,-7.29048650698913,TRUE
6746,6,-13.3411111111111,9.43169659927315,3.85047401282709,-23.2390696670741,-3.44315255514812,TRUE
6747,6,-22.8494444444444,16.8653476976599,6.88524936564831,-40.5485413976064,-5.15034749128245,TRUE
6748,6,-10.825,11.1306716878283,4.54407768827042,-22.5059235651882,0.855923565188196,TRUE
6749,6,-14.6633333333333,7.76984026719841,3.17202400626103,-22.8172806260303,-6.50938604063639,TRUE
6750,6,-9.28777777777777,16.3747140659231,6.68494902424769,-26.4719863116636,7.89643075610804,TRUE
6751,6,-14.8516666666667,5.63583248311887,2.30081897657399,-20.7661101349351,-8.93722319839824,TRUE
6752,6,-8.70611111111111,10.7935998354306,4.40646868076558,-20.0332994611874,2.62107723896519,TRUE
6753,6,-19.4222222222222,10.5386675663518,4.30239301773006,-30.4818755633676,-8.36256888107682,TRUE
6754,6,-19.5194444444444,10.3545175147354,4.22721407396887,-30.385844158335,-8.65304473055388,TRUE
6755,6,-15.0688888888889,14.6608668330456,5.98527382130921,-30.4545250552559,0.316747277478118,TRUE
6756,6,-15.7061111111111,5.1936698293496,2.12030682906572,-21.1565333318831,-10.2556888903391,TRUE
6757,6,-12.6505555555556,15.9510341589735,6.51198242653163,-29.3901392951806,4.08902818406954,TRUE
6758,6,-16.4444444444444,10.7670758780164,4.3956403204949,-27.7437976082992,-5.14509128058966,TRUE
6759,6,-13.3777777777778,13.6535754644329,5.57404884207406,-27.706326482163,0.950770926607438,TRUE
6760,6,-12.1316666666667,6.34740253086953,2.59131623211348,-18.7928571033271,-5.47047623000621,TRUE
6761,6,-14.0116666666667,12.5279472025991,5.11451302848262,-27.1589409558094,-0.864392377523965,TRUE
6762,6,-9.54833333333334,7.58050093624718,3.09472654808263,-17.503581184096,-1.59308548257067,TRUE
6763,6,-16.7261111111111,11.629897375427,4.74788572178823,-28.9309399052169,-4.52128231700528,TRUE
6764,6,-16.3105555555555,9.95927561325325,4.06585724336908,-26.7621743316504,-5.85893677946066,TRUE
6765,6,-13.37,7.25541636756062,2.96201132866015,-20.9840925184028,-5.75590748159722,TRUE
6766,6,-17.31,7.14725090895483,2.9178529650971,-24.8105798311362,-9.80942016886384,TRUE
6767,6,-19.5666666666667,7.48517586819293,3.05581025201113,-27.4218769936377,-11.7114563396956,TRUE
6768,6,-8.61611111111112,8.1703989883989,3.33555141942153,-17.190419001707,-0.0418032205152183,TRUE
6769,6,-11.2888888888889,12.2314475688542,4.99346755988311,-24.1250058951636,1.54722811738582,TRUE
6770,6,-10.6177777777778,14.324121484276,5.84779810835236,-25.6500213735767,4.41446581802118,TRUE
6771,6,-18.9394444444444,9.37837759403492,3.82870662008935,-28.7814481360266,-9.09744075286225,TRUE
6772,6,-18.4244444444445,15.5787451593747,6.3599960788869,-34.7733348395493,-2.07555404933959,TRUE
6773,6,-4.94999999999999,11.450582712004,4.67468081699069,-16.9666495955538,7.0666495955538,TRUE
6774,6,-12.36,12.4840908537404,5.09660874903506,-25.4612498736146,0.74124987361466,TRUE
6775,6,-17.6522222222222,9.60999795737444,3.92326523745933,-27.7372965780186,-7.56714786642588,TRUE
6776,6,-18.1094444444444,8.37946760882859,3.42090332630158,-26.9031563965031,-9.31573249238574,TRUE
6777,6,-13.275,4.49555570659637,1.83530293190303,-17.99279637964,-8.55720362036,TRUE
6778,6,-10.3555555555556,11.5384046011891,4.7105339531158,-22.4643685715832,1.75325746047204,TRUE
6779,6,-16.7233333333333,9.43662251255419,3.85248500850305,-26.6264613182525,-6.82020534841418,TRUE
6780,6,-17.5372222222222,10.5584646225285,4.31047513207042,-28.6176512996845,-6.45679314475995,TRUE
6781,6,-19.9622222222222,21.0295429935726,8.58527497636233,-42.0313741304022,2.10692968595776,TRUE
6782,6,-19.9161111111111,11.3704137355911,4.64195196942189,-31.8486285256032,-7.983593696619,TRUE
6783,6,-13.9616666666667,7.62921278886477,3.11461307863908,-21.9680344716516,-5.95529886168173,TRUE
6784,6,-19.8366666666667,9.76669465297469,3.98723639555947,-30.0861841194798,-9.58714921385348,TRUE
6785,6,-9.395,6.7137986432587,2.74089681862897,-16.440699575321,-2.34930042467902,TRUE
6786,6,-16.7838888888889,10.7678838149309,4.39597015935906,-28.0840899305366,-5.48368784724122,TRUE
6787,6,-13.9688888888889,6.14057314251028,2.50687848789813,-20.4130251940273,-7.52475258375052,TRUE
6788,6,-10.215,12.0945368291271,4.93757398444336,-22.9074379965205,2.47743799652051,TRUE
6789,6,-12.8477777777778,8.40336616856382,3.43065987245804,-21.6665697301648,-4.02898582539074,TRUE
6790,6,-8.37166666666667,8.54609091924489,3.48892700793047,-17.3402390591137,0.596905725780356,TRUE
6791,6,-18.3627777777778,8.09387818502811,3.30431193226048,-26.8567820101229,-9.86877354543266,TRUE
6792,6,-16.7261111111111,9.67699021543526,3.95061471228697,-26.8814895301136,-6.57073269210863,TRUE
6793,6,-9.04777777777777,10.071952843122,4.11185752983722,-19.6176440547017,1.52208849914618,TRUE
6794,6,-11.2916666666667,6.92424556660628,2.826811415319,-18.5582167436551,-4.02511658967827,TRUE
6795,6,-10.9266666666667,5.57409045893987,2.27561290075313,-16.7763158542823,-5.07701747905101,TRUE
6796,6,-16.3166666666667,11.4000335282158,4.65404419912482,-28.2802681471855,-4.35306518614784,TRUE
6797,6,-21.935,10.4663657600058,4.27287592889189,-32.9187772487371,-10.9512227512629,TRUE
6798,6,-16.0944444444444,7.10385487422667,2.90013660810642,-23.5494829301067,-8.63940595878217,TRUE
6799,6,-22.2133333333333,10.3209360040647,4.21350447964637,-33.0444914130845,-11.3821752535821,TRUE
6800,6,-11.2672222222222,8.92929745069359,3.64537041928899,-20.6379452062124,-1.89649923823202,TRUE
6801,6,-4.5361111111111,6.09290859813154,2.48741951913977,-10.930226544619,1.85800432239681,FALSE
6802,6,-11.3188888888889,8.01617355840793,3.27258915128166,-19.731347116674,-2.9064306611038,TRUE
6803,6,-10.195,11.5141367698823,4.70062665247155,-22.2783454889513,1.88834548895131,TRUE
6804,6,-17.605,2.54278565531759,1.03808789679944,-20.2734898913065,-14.9365101086934,FALSE
6805,6,-14.45,7.63714926454163,3.11785313126647,-22.4646966254154,-6.43530337458461,TRUE
6806,6,-13.9366666666667,8.51453606748158,3.47604479364226,-22.8721242730616,-5.0012090602717,TRUE
6807,6,-17.5861111111111,10.8890379978453,4.44543114741638,-29.0134556702316,-6.15876655199066,TRUE
6808,6,-11.3672222222222,19.5112847594146,7.96544864778462,-31.8430598289112,9.10861538446675,TRUE
6809,6,-23.3322222222222,11.442877390017,4.67153513246204,-35.340785578266,-11.3236588661784,TRUE
6810,6,-15.3933333333333,5.95710369596203,2.43197739999246,-21.644930262432,-9.1417364042347,TRUE
6811,6,-12.9961111111111,6.67255853533016,2.72406061506859,-19.9985318473787,-5.9936903748435,TRUE
6812,6,-18.4083333333333,7.3924558391196,3.01795745865018,-26.1662399572626,-10.6504267094041,TRUE
6813,6,-11.9566666666667,8.64469034211817,3.52918005375921,-21.0287128075501,-2.88462052578325,TRUE
6814,6,-14.1566666666667,6.37158134915413,2.60118719334361,-20.8432312169655,-7.47010211636778,TRUE
6815,6,-19.9638888888889,10.7798510434291,4.400855759935,-31.2766487666332,-8.65112901114452,TRUE
6816,6,-16.2022222222222,15.3610512757525,6.27112292305368,-32.3226568972665,-0.0817875471779175,TRUE
6817,6,-14.6433333333333,13.6080056502699,5.55544504334528,-28.9240594506325,-0.36260721603418,TRUE
6818,6,-9.045,4.6059564093079,1.88037383005102,-13.878654811735,-4.21134518826495,FALSE
6819,6,-16.3,7.7565570827383,3.16660116891328,-24.4400074455132,-8.15999255448681,TRUE
6820,6,-10.8533333333333,5.50033736339064,2.24550332557874,-16.625583393927,-5.08108327273968,TRUE
6821,6,-8.545,8.48520169340586,3.46406908557402,-17.4496730687659,0.359673068765867,TRUE
6822,6,-16.5077777777778,10.486910500803,4.28126328420035,-27.5131154097199,-5.50244014583568,TRUE
6823,6,-15.5533333333333,8.94137921252768,3.65030277790355,-24.936735348785,-6.1699313178817,TRUE
6824,6,-17.7655555555556,6.87888804537046,2.8082942848148,-24.9845058332217,-10.5466052778894,TRUE
6825,6,-19.255,14.8636347805269,6.06805348922932,-34.8534280770825,-3.65657192291755,TRUE
6826,6,-14.6866666666667,7.85912604697381,3.20847477321708,-22.9343136387958,-6.43901969453751,TRUE
6827,6,-18.0944444444444,6.93276044641725,2.83028760044533,-25.3699303397759,-10.818958549113,TRUE
6828,6,-16.8455555555556,10.4212045937687,4.25443895998021,-27.7819390669041,-5.90917204420697,TRUE
6829,6,-17.9811111111111,6.338356487526,2.58762320038303,-24.6328083074868,-11.3294139147354,TRUE
6830,6,-13.9383333333333,11.8313768805194,4.83013938530571,-26.3546019007917,-1.52206476587491,TRUE
6831,6,-11.6794444444444,14.89734389699,6.08181517839843,-27.3132480697327,3.95435918084379,TRUE
6832,6,-18.4833333333333,4.96526065109711,2.02705917251788,-23.6940548219678,-13.2726118446989,TRUE
6833,6,-16.675,9.68356838498426,3.95330023875974,-26.8372817845725,-6.51271821542753,TRUE
6834,6,-12.5005555555556,15.1005747376518,6.16478382166814,-28.3476368681603,3.34652575704918,TRUE
6835,6,-8.26666666666666,8.57743810496144,3.50172444291011,-17.2681359130151,0.73480257968175,TRUE
6836,6,-9.13388888888889,7.11790806242855,2.9058737981654,-16.6036752911044,-1.6641024866734,TRUE
6837,6,-1.66777777777777,10.7501581728243,4.38873369627164,-12.9493768988587,9.61382134330312,FALSE
6838,6,-16.5505555555556,4.61327380340526,1.88336114368192,-21.3918895014475,-11.7092216096636,TRUE
6839,6,-14.9661111111111,14.1069518585958,5.75913897992777,-29.7704491618185,-0.161773060403743,TRUE
6840,6,-9.21388888888889,12.8438349096049,5.24347364484628,-22.6926669959685,4.2648892181907,TRUE
6841,6,-9.44111111111111,8.01167777314719,3.27075375463467,-17.8488513016143,-1.03337092060796,TRUE
6842,6,-19.325,9.24437095991092,3.77399864079741,-29.02637235375,-9.62362764625003,TRUE
6843,6,-20.6411111111111,11.8853047764721,4.8521553566367,-33.1139735345669,-8.16824868765536,TRUE
6844,6,-14.3761111111111,4.48686052907904,1.8317531405463,-19.0847824615692,-9.66743976065301,TRUE
6845,6,-18.2077777777778,9.33454746071262,3.81081304308972,-28.0037845653502,-8.4117709902054,TRUE
6846,6,-9.13833333333333,13.9008533311208,5.67499960841898,-23.7263842439783,5.44971757731169,TRUE
6847,6,-13.4794444444444,15.4360709475014,6.30174957579634,-29.6786074367154,2.71971854782648,TRUE
6848,6,-8.89722222222222,11.7067481805565,4.77925993160313,-21.1827009901857,3.38825654574123,TRUE
6849,6,-13.65,10.4602132971666,4.27036419645565,-24.6273206349606,-2.67267936503943,TRUE
6850,6,-12.5588888888889,11.1076971644125,4.53469837836168,-24.2157021703949,-0.902075607382901,TRUE
6851,6,-22.1266666666667,10.2130171839667,4.16944680583248,-32.8445708903915,-11.4087624429418,TRUE
6852,6,-11.6933333333333,6.77489516114046,2.76583936760749,-18.803149771993,-4.5835168946737,TRUE
6853,6,-11.1622222222222,11.0740753647962,4.52097233614601,-22.7837515889334,0.459307144488987,TRUE
6854,6,-14.0916666666667,5.10136659250353,2.08262419041903,-19.4452225810146,-8.73811075231873,TRUE
6855,6,-14.2155555555556,9.06055423045207,3.69895577523718,-23.7240240822023,-4.70708702890881,TRUE
6856,6,-17.1011111111111,7.57598945988551,3.0928847455705,-25.0516244577913,-9.15059776443092,TRUE
6857,6,-13.055,7.37129892066369,3.00932018285907,-20.7907037996713,-5.31929620032872,TRUE
6858,6,-12.5688888888889,7.12208698086192,2.90757983447182,-20.0430607970446,-5.09471698073321,TRUE
6859,6,-15.095,7.39892176829391,3.02059716318185,-22.8596922004498,-7.33030779955015,TRUE
6860,6,-9.85666666666667,14.3226761931328,5.84720807071394,-24.88739352243,5.17406018909663,TRUE
6861,6,-14.1911111111111,6.5341464346638,2.66755411159204,-21.0482772559466,-7.33394496627565,TRUE
6862,6,-17.0616666666667,13.8723505578543,5.66336339995943,-31.6198057512099,-2.50352758212344,TRUE
6863,6,-15.2255555555555,7.79796060708373,3.18350408694648,-23.4090133351341,-7.04209777597696,TRUE
6864,6,-13.8266666666667,10.6488672324024,4.34738184300493,-25.0019674648702,-2.65136586846308,TRUE
6865,6,-14.3005555555556,12.2180384708051,4.9879933185279,-27.1226005764387,-1.47851053467244,TRUE
6866,6,-9.67555555555555,6.88336437980623,2.81012174069574,-16.8992034581147,-2.45190765299637,TRUE
6867,6,-16.0733333333333,11.1516908533589,4.55265872666527,-27.7763151599502,-4.37035150671643,TRUE
6868,6,-13.8583333333333,10.4659396244304,4.27270195977171,-24.8416633802102,-2.87500328645649,TRUE
6869,6,-14.14,13.3296238173142,5.44179613594493,-28.1285823002959,-0.151417699704069,TRUE
6870,6,-15.17,10.9537940661875,4.47186770161425,-26.6653018851383,-3.6746981148617,TRUE
6871,6,-13.8838888888889,7.20281223370942,2.94053578094407,-21.4427767544224,-6.32500102335543,TRUE
6872,6,-3.46,12.0033580486647,4.90035040319303,-16.0567517347011,9.13675173470108,TRUE
6873,6,-14.8366666666667,12.2222680201162,4.98972002480359,-27.6631503273375,-2.01018300599578,TRUE
6874,6,-11.6494444444444,4.35459625206729,1.77775647556682,-16.2193129487213,-7.07957594016755,TRUE
6875,6,-11.1288888888889,10.1960736814971,4.16252964991479,-21.8290119972574,-0.428765780520344,TRUE
6876,6,-9.36222222222222,1.94527652037975,0.794155813924525,-11.4036647321616,-7.32077971228287,FALSE
6877,6,-12.2516666666667,10.2998292866112,4.20488769832865,-23.0606746048809,-1.44265872845247,TRUE
6878,6,-18.9844444444444,14.4816330673131,5.91210194285553,-34.181986309179,-3.78690257970987,TRUE
6879,6,-8.38333333333334,11.5710130162498,4.72384628281909,-20.5263667822862,3.75970011561953,TRUE
6880,6,-13.0483333333333,9.46492302017178,3.86403864235719,-22.9811608795735,-3.11550578709313,TRUE
6881,6,-15.9177777777778,9.4594093465282,3.86178769451803,-25.8448190783897,-5.9907364771659,TRUE
6882,6,-6.10388888888889,12.0164756187618,4.90570562876019,-18.7144066691587,6.50662889138087,TRUE
6883,6,-10.5055555555556,12.9694363223125,5.294750206864,-24.1161442615518,3.10503315044067,TRUE
6884,6,-18.3361111111111,8.17190319643178,3.33616550977945,-26.9119975712265,-9.76022465099569,TRUE
6885,6,-11.9405555555556,9.68625565007028,3.95439731013713,-22.1056574518832,-1.77545365922795,TRUE
6886,6,-8.17722222222222,15.8793370162005,6.48271219056338,-24.8415644249425,8.4871199804981,TRUE
6887,6,-14.1127777777778,7.75144643610803,3.16451475616331,-22.2474219285743,-5.97813362698131,TRUE
6888,6,-16.7722222222222,7.69604073293294,3.14189547256013,-24.8487216534533,-8.69572279099118,TRUE
6889,6,-14.2733333333333,8.35751265495768,3.41194025391657,-23.0440049743276,-5.50266169233903,TRUE
6890,6,-16.24,11.2328348059507,4.58578560659236,-28.0281371824288,-4.45186281757123,TRUE
6891,6,-12.4822222222222,10.1965272229033,4.1627148074185,-23.1828212931065,-1.78162315133792,TRUE
6892,6,-13.2955555555556,8.48409038316009,3.46361539506601,-22.1990623757425,-4.39204873536858,TRUE
6893,6,-8.25222222222223,8.14948278295191,3.3270124143048,-16.8045799013707,0.300135456926212,TRUE
6894,6,-14.1144444444444,6.03969229042035,2.46569405249188,-20.4527127880166,-7.77617610087232,TRUE
6895,6,-12.6122222222222,16.0515559185833,6.55302026304674,-29.4572970789669,4.23285263452244,TRUE
6896,6,-14.8644444444445,15.4025063857465,6.28804690083976,-31.0283835893724,1.29949470048345,TRUE
6897,6,-10.3183333333333,6.57030009461769,2.68231378146223,-17.2134404174371,-3.42322624922957,TRUE
6898,6,-14.9044444444444,8.55090681784145,3.49089309029956,-23.8780708125168,-5.93081807637207,TRUE
6899,6,-13.9383333333333,10.3717924626792,4.23426654193476,-24.8228619932734,-3.05380467339326,TRUE
6900,6,-15.3655555555556,7.19230906104775,2.9362478786605,-22.9134210173659,-7.81769009374523,TRUE
6901,6,-17.51,9.42022929657234,3.84579250610326,-27.3959243598153,-7.62407564018471,TRUE
6902,6,-12.4766666666667,4.09795233419489,1.67298203483746,-16.7772038967657,-8.17612943656761,TRUE
6903,6,-13.17,10.5140722631888,4.29235202726034,-24.2038421534321,-2.13615784656787,TRUE
6904,6,-19.7088888888889,14.2658983697591,5.82402862138537,-34.6800310732481,-4.73774670452965,TRUE
6905,6,-16.0772222222222,13.5269778864586,5.52236559728922,-30.2729149163568,-1.88152952808768,TRUE
6906,6,-17.1011111111111,7.21902630143019,2.94715514637254,-24.6770145971784,-9.52520762504379,TRUE
6907,6,-11.3394444444444,14.5259930112527,5.93021181413395,-26.583539215333,3.90465032644416,TRUE
6908,6,-10.6655555555556,9.08311783638359,3.70816732878542,-20.1977031344314,-1.13340797667972,TRUE
6909,6,-6.32388888888889,9.03156770362628,3.68712207521407,-15.8019379212078,3.15416014343006,TRUE
6910,6,-6.16388888888889,14.7137630833881,6.00686862508348,-21.6050362655822,9.27725848780439,TRUE
6911,6,-14.1772222222222,12.0097644378169,4.90296580061245,-26.7806970500226,-1.57374739442179,TRUE
6912,6,-17.595,14.2456115269853,5.81574655250407,-32.5448524485315,-2.64514755146853,TRUE
6913,6,-16.0211111111111,11.8183293925,4.82481277062695,-28.4236871796309,-3.61853504259136,TRUE
6914,6,-9.36388888888889,13.1304129437758,5.36046863738104,-23.1434121986387,4.41563442086095,TRUE
6915,6,-13.4755555555556,10.9429284454831,4.46743183053685,-24.9594546710771,-1.99165644003404,TRUE
6916,6,-12.7338888888889,6.55070256339533,2.67431312284339,-19.6084296252739,-5.85934815250385,TRUE
6917,6,-15.0222222222222,7.69747163876748,3.1424796374209,-23.1002232970334,-6.94422114741108,TRUE
6918,6,-13.5288888888889,10.8562587512492,4.43204907603082,-24.9218337383824,-2.13594403939535,TRUE
6919,6,-14.7072222222222,10.4360583058434,4.26050296254176,-25.6591937484068,-3.75525069603767,TRUE
6920,6,-18.4161111111111,10.9992374314802,4.4904198778079,-29.9591028833843,-6.87311933883788,TRUE
6921,6,-13.3933333333333,11.8816689811566,4.85067104941467,-25.8623802236056,-0.924286443061035,TRUE
6922,6,-13.9711111111111,6.49455794977326,2.65139218031342,-20.786731688973,-7.15549053324927,TRUE
6923,6,-14.5972222222222,12.4066183801078,5.06498074411657,-27.617169720896,-1.57727472354848,TRUE
6924,6,-10.7566666666667,10.5109974154058,4.29109672590948,-21.787281965248,0.27394863191471,TRUE
6925,6,-14.1166666666667,12.0736307712303,4.92903912204667,-26.7871651009406,-1.44616823239273,TRUE
6926,6,-24.3616666666667,12.500629806356,5.10336074816644,-37.4802731066027,-11.2430602267307,TRUE
6927,6,-20.1711111111111,9.84431198807304,4.01892353992373,-30.5020829616502,-9.84013926057198,TRUE
6928,6,-14.4,9.14215778079163,3.73227028515909,-23.9941062007151,-4.80589379928489,TRUE
6929,6,-14.6661111111111,14.6228486990078,5.96975298308166,-30.0118496926565,0.679627470434305,TRUE
6930,6,-9.61333333333333,4.97336148338771,2.03036632345186,-14.8325561240864,-4.39411054258031,TRUE
6931,6,-7.51666666666667,12.951739823068,5.28752564130023,-21.1086840356543,6.07535070232096,TRUE
6932,6,-14.2427777777778,1.90871966007079,0.779231538198666,-16.2458562156262,-12.2396993399293,TRUE
6933,6,-11.7916666666667,13.8700783863843,5.66243578984116,-26.3474212534893,2.76408792015598,TRUE
6934,6,-14.6727777777778,9.76591201104164,3.98691688332826,-24.9214738982531,-4.42408165730241,TRUE
6935,6,-15.5716666666667,8.65081800884878,3.53168166322651,-24.6501433994066,-6.49318993392674,TRUE
6936,6,-17.3283333333333,15.5653019744416,6.35450792161957,-33.6631159710557,-0.993550695611003,TRUE
6937,6,-18.8172222222222,5.85524092555518,2.39039209811195,-24.9619207296774,-12.6725237147671,TRUE
6938,6,-14.2116666666667,7.84712056178004,3.20357355441053,-22.4467146547592,-5.9766186785741,TRUE
6939,6,-11.3927777777778,20.4957412830261,8.36735134058503,-32.9017391462728,10.1161835907173,TRUE
6940,6,-14.6277777777778,11.5901263854036,4.73164928310115,-26.7908694775192,-2.46468607803637,TRUE
6941,6,-11.4227777777778,6.39493981091185,2.61072324542406,-18.1338555303384,-4.7117000252172,TRUE
6942,6,-18.6205555555556,4.40173623151727,1.79700129158977,-23.2398944343312,-14.0012166767799,FALSE
6943,6,-9.86166666666667,11.6639935509051,4.76180542713853,-22.1022772025034,2.37894386917006,TRUE
6944,6,-24.0727777777778,7.35017926211228,3.00069811836027,-31.7863178550628,-16.3592377004928,FALSE
6945,6,-10.9027777777778,5.89091859151456,2.40495744424761,-17.084917699439,-4.72063785611655,TRUE
6946,6,-14.5383333333333,8.47595415802191,3.46029379506252,-23.4333017088861,-5.64336495778058,TRUE
6947,6,-16.0577777777778,7.5640385058855,3.08800578903059,-23.9957493673996,-8.11980618815597,TRUE
6948,6,-19.3183333333333,6.42560459758025,2.62324209215888,-26.0615918059135,-12.5750748607531,TRUE
6949,6,-10.1888888888889,10.0607211287079,4.10727220162867,-20.7469682044095,0.369190426631734,TRUE
6950,6,-17.2188888888889,7.55137093268255,3.08283427392616,-25.1435666757205,-9.29421110205725,TRUE
6951,6,-17.6744444444444,11.7804617277303,4.80935336122086,-30.0372808359553,-5.31160805293364,TRUE
6952,6,-9.11944444444445,7.98657412764048,3.26050523427214,-17.5008399746615,-0.738048914227351,TRUE
6953,6,-16.7105555555556,13.089784382685,5.34388209677174,-30.4474418052991,-2.97366930581202,TRUE
6954,6,-19.815,9.58087881610497,3.91137739781629,-29.869515691145,-9.76048430885501,TRUE
6955,6,-9.39611111111111,12.6784530105507,5.17595676728372,-22.7013315591295,3.90910933690728,TRUE
6956,6,-16.3177777777778,8.19256483151146,3.34460058697892,-24.9153472941243,-7.72020826143121,TRUE
6957,6,-17.8138888888889,10.8972072705027,4.44876623901309,-29.249806573888,-6.37797120388976,TRUE
6958,6,-14.3166666666667,6.92707345613331,2.82796589638403,-21.5861844317104,-7.04714890162293,TRUE
6959,6,-9.91111111111112,13.6673747242055,5.57968236628592,-24.2541412505059,4.4319190282837,TRUE
6960,6,-15.6688888888889,6.97728175873246,2.84846335008722,-22.9910970360989,-8.34668074167891,TRUE
6961,6,-11.5911111111111,11.3653371004738,4.63987944181396,-23.5183009237804,0.336078701558217,TRUE
6962,6,-12.2466666666667,5.89412061106471,2.40626466325499,-18.4321669017635,-6.06116643156988,TRUE
6963,6,-15.5711111111111,13.1416115478306,5.365040448342,-29.3623866350732,-1.77983558714907,TRUE
6964,6,-18.0044444444444,9.14212780159743,3.73225804620431,-27.5985191839247,-8.41036970496418,TRUE
6965,6,-12.3,10.1294624185536,4.13533571569244,-22.9302188750171,-1.66978112498293,TRUE
6966,6,-16.7594444444444,11.6147801273811,4.74171413111699,-28.9484086596738,-4.57048022921509,TRUE
6967,6,-13.4488888888889,6.96154378366263,2.8420383486696,-20.7545810441608,-6.14319673361699,TRUE
6968,6,-14.8294444444444,12.0256027645957,4.9094317704437,-27.4495405768429,-2.20934831204603,TRUE
6969,6,-11.9661111111111,12.0086945199749,4.9025290084825,-24.5684631289963,0.6362409067741,TRUE
6970,6,-5.59111111111112,10.475826706527,4.27673834413535,-16.5848170143148,5.40259479209253,TRUE
6971,6,-11.8044444444444,8.29762473821854,3.38749111428838,-20.5122675712136,-3.09662131767533,TRUE
6972,6,-8.57611111111111,7.73208823789011,3.15661180483438,-16.6904400787735,-0.461782143448694,TRUE
6973,6,-5.14888888888889,9.6265719447479,3.93003153947072,-15.2513565777301,4.95357879995236,TRUE
6974,6,-18.0861111111111,11.3158660328794,4.61968296304111,-29.9613842223031,-6.21083799991909,TRUE
6975,6,-18.4583333333333,5.18333729903386,2.11608859122815,-23.8979122285416,-13.018754438125,TRUE
6976,6,-20.675,10.2055994978792,4.16641854816802,-31.3851198395789,-9.96488016042106,TRUE
6977,6,-23.9661111111111,4.10217580026701,1.67470625764124,-28.2710805970301,-19.6611416251921,FALSE
6978,6,-12.655,7.64161668467842,3.1196769479001,-20.6743848953253,-4.63561510467468,TRUE
6979,6,-17.1577777777778,7.05110950029746,2.87860339936994,-24.5574633881991,-9.75809216735646,TRUE
6980,6,-15.3605555555555,9.41827618496593,3.84499515162885,-25.2444302504424,-5.47668086066872,TRUE
6981,6,-13.1172222222222,12.4887277915668,5.09850177097567,-26.2233382636518,-0.0111061807925967,TRUE
6982,6,-15.0083333333333,8.28914866289389,3.38403077102725,-23.7072613645703,-6.30940530209634,TRUE
6983,6,-16.4711111111111,7.47561329083267,3.05190634615137,-24.316286128591,-8.6259360936312,TRUE
6984,6,-15.13,10.6108552383344,4.33186351140955,-26.2654096568851,-3.99459034311486,TRUE
6985,6,-14.4477777777778,13.5707266106403,5.54022593914635,-28.6893819422685,-0.206173613287033,TRUE
6986,6,-17.1561111111111,11.5604456693535,4.71953218151393,-29.2880548096119,-5.02416741261037,TRUE
6987,6,-15.8122222222222,8.08313956239685,3.29992790792933,-24.2949569612547,-7.32948748318974,TRUE
6988,6,-17.9011111111111,4.54474527664968,1.85538448978595,-22.6705287786762,-13.131693443546,TRUE
6989,6,-12.725,7.67537845610523,3.13346013336813,-20.7798157015266,-4.67018429847335,TRUE
6990,6,-22.8955555555556,12.1435637578406,4.95758914427737,-35.6394441583827,-10.1516669527284,TRUE
6991,6,-20.9394444444444,14.0826407587761,5.74921401498705,-35.7182695605559,-6.16061932833302,TRUE
6992,6,-14.2655555555555,8.7239974697298,3.56155705302826,-23.4208294226524,-5.11028168845871,TRUE
6993,6,-15.7144444444444,6.79674551749804,2.7747597382365,-22.8471914258102,-8.58169746307873,TRUE
6994,6,-6.21722222222222,12.6967447125748,5.18342432336476,-19.5416386342591,7.10719418981467,TRUE
6995,6,-17.6944444444445,13.3408738122386,5.44638892714053,-31.6948328903627,-3.69405599852625,TRUE
6996,6,-6.85055555555556,8.66713188922293,3.53834177700009,-15.9461526557851,2.245041544674,TRUE
6997,6,-11.9988888888889,9.66862455268281,3.94719944476969,-22.1454880832476,-1.85228969453018,TRUE
6998,6,-12.8822222222222,9.30893994840243,3.80035881996606,-22.6513555737272,-3.11308887071722,TRUE
6999,6,-10.2283333333333,7.18050779696131,2.9314300327719,-17.7638141280155,-2.69285253865114,TRUE
7000,6,-16.62,13.686817339648,5.58761978080245,-30.9834339129729,-2.25656608702707,TRUE
7001,6,-10.8605555555556,5.70116846373196,2.32749227896506,-16.8435649304469,-4.8775461806642,TRUE
7002,6,-16.6094444444444,14.4435273341332,5.89654534242794,-31.7669967946956,-1.45189209419327,TRUE
7003,6,-10.8977777777778,10.1430369475083,4.14087749393206,-21.5422422472748,-0.253313308280793,TRUE
7004,6,-12.8072222222222,15.9162249037008,6.49777160757421,-29.5102758887658,3.8958314443214,TRUE
7005,6,-9.41722222222222,7.54013068459299,3.07824546185921,-17.3301040921074,-1.50434035233703,TRUE
7006,6,-15.1222222222222,9.8288248798378,4.01260095446246,-25.4369413494204,-4.80750309502408,TRUE
7007,6,-11.6405555555556,11.2308286854961,4.58496661134632,-23.4265874436814,0.145476332570269,TRUE
7008,6,-18.6072222222222,15.4400900136505,6.30339035268098,-34.8106029657491,-2.40384147869532,TRUE
7009,6,-19.75,5.71922100367601,2.33486219753575,-25.7519543536993,-13.7480456463007,TRUE
7010,6,-8.57888888888889,7.49798481568857,3.06103948292886,-16.4475413818714,-0.71023639590638,TRUE
7011,6,-14.1388888888889,15.8124614243418,6.4554103445133,-30.7330494620735,2.45527168429577,TRUE
7012,6,-21.2522222222222,13.811127666031,5.63836925903533,-35.7461118221086,-6.75833262233584,TRUE
7013,6,-15.2388888888889,10.9727591317299,4.47961015720049,-26.7540933897204,-3.72368438805738,TRUE
7014,6,-11.8427777777778,8.30026168708397,3.38856764415473,-20.5533682126669,-3.1321873428887,TRUE
7015,6,-24.4222222222222,7.26320549579,2.965191226944,-32.0444889293926,-16.7999555150518,FALSE
7016,6,-14.5488888888889,11.8950450312849,4.85613179901274,-27.0319730828869,-2.06580469489085,TRUE
7017,6,-6.29111111111111,9.96653972420087,4.06882280424519,-16.7503531041266,4.16813088190437,TRUE
7018,6,-14.3716666666667,10.5135142131977,4.29212420430551,-25.4049231825494,-3.33841015078398,TRUE
7019,6,-14.745,7.58452715877676,3.09637024654735,-22.7044731121794,-6.78552688782065,TRUE
7020,6,-12.15,6.49775892990122,2.65269897497847,-18.9689798004907,-5.33102019950927,TRUE
7021,6,-13.2933333333333,9.81391574358687,4.00651432507573,-23.5924062815897,-2.99426038507697,TRUE
7022,6,-16.2616666666667,5.3996369219503,2.20439254251176,-21.9282380950596,-10.5950952382738,TRUE
7023,6,-20.3022222222222,12.1349035003564,4.95405360896447,-33.0370224421948,-7.56742200224964,TRUE
7024,6,-16.9722222222222,10.170577535588,4.15212089193397,-27.6455887663937,-6.29885567805072,TRUE
7025,6,-9.81833333333334,9.40418506127281,3.83924247447042,-19.6874203008104,0.0507536341437529,TRUE
7026,6,-17.8188888888889,6.3541680692166,2.59407825157774,-24.4871793226138,-11.1505984551639,TRUE
7027,6,-10.0777777777778,12.6591022442205,5.16805685001029,-23.36269084195,3.20713528639449,TRUE
7028,6,-14.5627777777778,9.0014241877276,3.67481603637986,-24.0091931302009,-5.11636242535468,TRUE
7029,6,-15.5722222222222,10.7335328483872,4.3819464359918,-26.836374135314,-4.3080703091304,TRUE
7030,6,-10.3055555555556,8.94509689821852,3.65182051673131,-19.6928590428691,-0.918252068242028,TRUE
7031,6,-14.1355555555556,6.32297421811626,2.58134341519304,-20.7711100501902,-7.50000106092091,TRUE
7032,6,-11.1566666666667,8.03512621763551,3.28032654201106,-19.589014490516,-2.72431884281736,TRUE
7033,6,-18.1827777777778,7.87985798424387,3.21693855116558,-26.4521815837622,-9.91337397179333,TRUE
7034,6,-8.68055555555556,6.78272263153199,2.76903491901349,-15.7985864206143,-1.56252469049681,TRUE
7035,6,-15.5561111111111,13.7335256324185,5.6066883614765,-29.9685623711961,-1.14365985102608,TRUE
7036,6,-10.7494444444444,14.4339142941841,5.89262083530257,-25.8969085279653,4.39801963907644,TRUE
7037,6,-20.3438888888889,10.2582126267833,4.1878977680991,-31.1092228210663,-9.57855495671149,TRUE
7038,6,-14.77,7.28249896059801,2.973067750969,-22.412513956757,-7.12748604324299,TRUE
7039,6,-10.6161111111111,6.67592371192238,2.72543444265948,-17.6220633836291,-3.61015883859308,TRUE
7040,6,-16.1966666666667,15.2439163821725,6.22330280299599,-32.1941758097127,-0.199157523620613,TRUE
7041,6,-15.1977777777778,11.5440978025168,4.71285819282514,-27.3125654421839,-3.0829901133717,TRUE
7042,6,-14.4783333333333,7.91008098006026,3.22927703754032,-22.7794542282719,-6.17721243839475,TRUE
7043,6,-9.38,6.9883353605212,2.85297596412094,-16.7138081908763,-2.0461918091237,TRUE
7044,6,-17.6844444444444,13.1977384706904,5.3879541686485,-31.5346215616132,-3.83426732727565,TRUE
7045,6,-9.05,8.3165356035097,3.39521144271468,-17.7776688627869,-0.322331137213071,TRUE
7046,6,-11.2711111111111,13.9759992155865,5.70567778728748,-25.9380227911059,3.39580056888367,TRUE
7047,6,-13.8977777777778,7.21300913216812,2.94469864730787,-21.4673666319702,-6.32818892358535,TRUE
7048,6,-13.8183333333333,14.2952983335237,5.83603110633195,-28.8203288874787,1.18366222081206,TRUE
7049,6,-12.4983333333333,10.7406961806228,4.38487085413099,-23.7700027025735,-1.22666396409314,TRUE
7050,6,-15.1388888888889,4.73152860743364,1.93163846526565,-20.1043236407172,-10.1734541370606,TRUE
7051,6,-3.61055555555556,7.09495639847747,2.89650382059407,-11.0562556636259,3.83514455251475,FALSE
7052,6,-15.7916666666667,14.414159512245,5.88455597934747,-30.9183993779623,-0.664933955371009,TRUE
7053,6,-9.45444444444445,4.37343885374054,1.78544893548781,-14.0440870464656,-4.86480184242328,TRUE
7054,6,-23.5033333333333,11.1632315114297,4.55737018059351,-35.2184263378376,-11.7882403288291,TRUE
7055,6,-15.6322222222222,12.4589513856355,5.08634560415808,-28.7070898420396,-2.55735460240484,TRUE
7056,6,-10.9838888888889,9.29527273323302,3.79477920273774,-20.738679377697,-1.22909840008081,TRUE
7057,6,-15.9561111111111,10.724371292977,4.3782062466576,-27.2106485614386,-4.70157366078365,TRUE
7058,6,-18.8338888888889,13.4275899081235,5.48179062504125,-32.9252802963814,-4.74249748139641,TRUE
7059,6,-19.2522222222222,14.0601485161536,5.74003159538773,-34.0074431773044,-4.49700126714,TRUE
7060,6,-17.3127777777778,14.1977987991358,5.79622708809706,-32.2124538456632,-2.41310170989231,TRUE
7061,6,-15.1216666666667,10.2426285146387,4.18153558095765,-25.8706460761433,-4.37268725718999,TRUE
7062,6,-15.5622222222222,13.9820986608936,5.70816787540688,-30.2355348775059,-0.888909566938562,TRUE
7063,6,-10.4366666666667,13.5008775023453,5.5117101600945,-24.6049686874977,3.73163535416436,TRUE
7064,6,-13.9494444444445,6.00955291983491,2.45338970597472,-20.2560834583602,-7.64280543052872,TRUE
7065,6,-12.0972222222222,13.727663136353,5.6042950074799,-26.5035211699973,2.3090767255529,TRUE
7066,6,-14.8005555555555,5.42784279501603,2.21590754197189,-20.496727232398,-9.1043838787131,TRUE
7067,6,-13.0211111111111,5.3834976927094,2.19780372976476,-18.6707454571382,-7.37147676508407,TRUE
7068,6,-8.13333333333333,6.76557101146023,2.76203279944051,-15.2333646770068,-1.03330198965984,TRUE
7069,6,-20.6377777777778,11.9110301199568,4.86265768413595,-33.137637293535,-8.13791826202056,TRUE
7070,6,-17.4966666666667,6.57304056143138,2.68343257235399,-24.3946496943147,-10.5986836390187,TRUE
7071,6,-15.7094444444444,10.7286371541396,4.37994777718459,-26.9684586415108,-4.45043024737809,TRUE
7072,6,-12.0316666666667,9.89386313720671,4.03915271184807,-22.4146392591045,-1.64869407422886,TRUE
7073,6,-15.6572222222222,12.9577462746621,5.28997776489528,-29.255542975582,-2.05890146886243,TRUE
7074,6,-22.4372222222222,16.9978675024142,6.93935034939186,-40.2753901814854,-4.59905426295899,TRUE
7075,6,-13.5005555555556,11.7289846897271,4.7883379484579,-25.8093701087495,-1.19174100236164,TRUE
7076,6,-8.65277777777778,8.61775310150613,3.51818297132953,-17.6965550183225,0.390999462766914,TRUE
7077,6,-14.4127777777778,9.5865149308035,3.91367833200683,-24.473208208558,-4.35234734699761,TRUE
7078,6,-20.8527777777778,12.4183565591277,5.06977283563458,-33.8850437398624,-7.82051181569312,TRUE
7079,6,-6.625,6.62638186846085,2.70520906975988,-13.5789612963234,0.32896129632336,FALSE
7080,6,-10.1683333333333,3.89713213644199,1.59099753241422,-14.2581226906995,-6.07854397596713,TRUE
7081,6,-14.6727777777778,8.53084427674506,3.4827025921946,-23.6253498001967,-5.72020575535882,TRUE
7082,6,-17.6161111111111,12.0887505864229,4.93521176075118,-30.3024768183168,-4.92974540390541,TRUE
7083,6,-14.2011111111111,9.82025925583697,4.00910405310737,-24.5068411672048,-3.89538105501738,TRUE
7084,6,-10.9705555555556,5.07430363768345,2.07157578537883,-16.2957106405944,-5.6454004705167,TRUE
7085,6,-18.1533333333333,8.37188841036212,3.41780913148456,-26.9390914043995,-9.36757526226719,TRUE
7086,6,-13.8705555555555,6.99711604612665,2.85656066400847,-21.2135785108489,-6.52753260026217,TRUE
7087,6,-15.2677777777778,6.58278821934451,2.68741203703305,-22.1759903450453,-8.35956521051023,TRUE
7088,6,-14.8922222222222,11.0387766364588,4.50656169064675,-26.4767078453732,-3.30773659907121,TRUE
7089,6,-10.9366666666667,7.84242791204074,3.20165778817671,-19.1667900208773,-2.70654331245607,TRUE
7090,6,-17.9827777777778,3.62614359994297,1.4803669256532,-21.7881821069387,-14.1773734486169,FALSE
7091,6,-13.615,9.13504892646388,3.72936810753263,-23.2016459156247,-4.02835408437525,TRUE
7092,6,-6.39277777777778,8.75137866387453,3.5727353787287,-15.576786445873,2.79123089031746,TRUE
7093,6,-9.67722222222222,10.5854779804255,4.3215032892516,-20.786000080215,1.43155563577051,TRUE
7094,6,-15.5383333333333,9.25391130519655,3.77789347045071,-25.249717665443,-5.82694900122372,TRUE
7095,6,-22.2305555555556,9.68346917097304,3.95325973480926,-32.3927332214087,-12.0683778897024,TRUE
7096,6,-10.2383333333333,12.9459008956503,5.28514190916384,-23.8242231237901,3.34755645712346,TRUE
7097,6,-15.1038888888889,6.60456691040935,2.69630315042881,-22.0349567907502,-8.17282098702762,TRUE
7098,6,-11.5244444444444,8.47478211235262,3.45981530942168,-20.4181828335003,-2.63070605538863,TRUE
7099,6,-9.17166666666667,14.0581719611367,5.73922467018105,-23.9248133544699,5.58148002113656,TRUE
7100,6,-11.7094444444444,9.27056354913328,3.78469172057026,-21.4383042348255,-1.98058465406338,TRUE
7101,6,-19.9027777777778,4.94770403168837,2.01989171265794,-25.0950747242886,-14.710480831267,FALSE
7102,6,-21.1627777777778,9.58829550758322,3.91440524943319,-31.2250768092902,-11.1004787462654,TRUE
7103,6,-8.58055555555556,9.07956103115775,3.70671526913246,-18.1089704962632,0.94785938515211,TRUE
7104,6,-12.0216666666667,9.43804423007695,3.85306542225124,-21.9262866526241,-2.11704668070926,TRUE
7105,6,-2.80944444444445,13.161787689565,5.37327732371324,-16.6218935306182,11.0030046417293,TRUE
7106,6,-12.8677777777778,13.5497822314057,5.53167543212902,-27.0874021642443,1.35184660868874,TRUE
7107,6,-19.7927777777778,8.75771441940486,3.57532194009276,-28.9834354135322,-10.6021201420234,TRUE
7108,6,-11.3877777777778,19.991162788333,8.16135803272174,-32.3672164908168,9.59166093526124,TRUE
7109,6,-14.4583333333333,7.30231127794481,2.98115609565596,-22.121639042023,-6.79502762464365,TRUE
7110,6,-10.8738888888889,12.9914435801529,5.30373463225515,-24.5075727955992,2.75979501782145,TRUE
7111,6,-17.2911111111111,9.10965438219053,3.71900082824592,-26.8511070869165,-7.73111513530574,TRUE
7112,6,-20.8622222222222,9.30857183619645,3.80020853878726,-30.6309692636588,-11.0934751807857,TRUE
7113,6,-15.6261111111111,7.94440891211945,3.24329135711864,-23.9632569613965,-7.28896526082568,TRUE
7114,6,-3.82277777777778,7.11808039562061,2.90594415289645,-11.292745032587,3.6471894770314,FALSE
7115,6,-9.65166666666666,11.3671549748485,4.64062158591968,-21.5807642214936,2.27743088816026,TRUE
7116,6,-13.1172222222222,9.08146694382862,3.70749335472212,-22.6476372956132,-3.58680714883121,TRUE
7117,6,-14.0777777777778,8.9553307939813,3.65599848718125,-23.4758210800398,-4.67973447551581,TRUE
7118,6,-16.9044444444444,10.9442010350823,4.46795136306518,-28.3896790608463,-5.41920982804258,TRUE
7119,6,-17.7255555555556,9.8356044081731,4.0153686853155,-28.0473893614105,-7.40372174970066,TRUE
7120,6,-6.90833333333333,3.83558701866844,1.56587184329677,-10.9335350506464,-2.88313161602029,FALSE
7121,6,-16.68,11.1383605416397,4.54721664969454,-28.3689925224078,-4.99100747759219,TRUE
7122,6,-14.9855555555556,7.88137824006455,3.21755919300544,-23.25655477218,-6.71455633893113,TRUE
7123,6,-19.2422222222222,7.36901430666625,3.00838749310025,-26.9755284665412,-11.5089159779033,TRUE
7124,6,-10.0038888888889,6.5784717633156,2.68564985123839,-16.9075716133617,-3.10020616441612,TRUE
7125,6,-9.83166666666666,13.2746057903385,5.4193351204874,-23.7625110886175,4.09917775528418,TRUE
7126,6,-17.9172222222222,4.27706203247389,1.74610326296536,-22.4057235531463,-13.4287208912982,TRUE
7127,6,-18.11,11.9621315454693,4.88351975374168,-30.6634871729395,-5.55651282706052,TRUE
7128,6,-11.9266666666667,10.4990107470498,4.2862031890448,-22.9447027282717,-0.908630605061662,TRUE
7129,6,-11.0888888888889,12.4550149947127,5.08473857929324,-24.1596255197793,1.98184774200152,TRUE
7130,6,-12.8511111111111,7.7048154254817,3.1454777257925,-20.9368190174319,-4.76540320479028,TRUE
7131,6,-21.9855555555556,13.9029759670633,5.67586617091378,-36.5758340360092,-7.39527707510196,TRUE
7132,6,-23.2255555555556,7.3779707136754,3.01204393095043,-30.9682609725953,-15.4828501385158,FALSE
7133,6,-11.3772222222222,14.0036727589851,5.71697546407103,-26.0731755049417,3.31873106049724,TRUE
7134,6,-14.8961111111111,10.8891304451665,4.44546888887723,-26.3235526877453,-3.46866953447697,TRUE
7135,6,-16.0322222222222,11.2021112428103,4.57324276446331,-27.7881170025068,-4.27632744193763,TRUE
7136,6,-11.4755555555556,11.1187160862848,4.5391968343788,-23.1439324863876,0.192821375276456,TRUE
7137,6,-17.0855555555556,5.38531858818921,2.19854710723151,-22.7371008141956,-11.4340102969155,TRUE
7138,6,-10,11.1400313185277,4.54789874150282,-21.6907458952204,1.6907458952204,TRUE
7139,6,-15.1183333333333,10.5789515863656,4.31883890003372,-26.2202621607995,-4.01640450586714,TRUE
7140,6,-12.5205555555556,9.85633905817113,4.02383357073056,-22.8641490420992,-2.17696206901197,TRUE
7141,6,-17.1561111111111,8.62527485337692,3.52125371367208,-26.2077819461435,-8.10444027607876,TRUE
7142,6,-8.03388888888889,9.7054217188508,3.96222182495169,-18.2191043408715,2.15132656309368,TRUE
7143,6,-18.5033333333333,14.4498227593897,5.89911543902668,-33.6674923272171,-3.33917433944961,TRUE
7144,6,-11.3005555555556,10.0427425242016,4.09993246707405,-21.8397674827517,-0.761343628359423,TRUE
7145,6,-13.105,8.3352861045344,3.40286630270336,-21.8523463068282,-4.35765369317183,TRUE
7146,6,-9.61333333333333,14.0866374822225,5.75084567050151,-24.3963527534722,5.16968608680558,TRUE
7147,6,-7.10722222222222,10.2055297465348,4.16639007230095,-17.8172688622545,3.60282441781007,TRUE
7148,6,-9.38777777777777,13.4695357779722,5.498914954699,-23.5231886760359,4.74763312048037,TRUE
7149,6,-7.515,11.7142484465145,4.78232190235849,-19.8083498143684,4.77834981436844,TRUE
7150,6,-14.3777777777778,7.41056982864242,3.02535246390635,-22.154693867893,-6.60086168766255,TRUE
7151,6,-14.7955555555556,6.55683245567948,2.67681564088912,-21.6765292193723,-7.9145818917388,TRUE
7152,6,-19.2416666666667,12.8590370729866,5.24967990205822,-32.7363984658026,-5.74693486753078,TRUE
7153,6,-12.0666666666667,9.78359057015595,3.99413412486454,-22.3339152971386,-1.79941803619473,TRUE
7154,6,-13.1366666666667,6.35084806235444,2.59272286445194,-19.8014729668658,-6.47186036646757,TRUE
7155,6,-19.7383333333333,9.1182563513475,3.72251256744888,-29.3073565221453,-10.1693101445214,TRUE
7156,6,-12.4472222222222,13.023515042955,5.31682775211676,-26.1145630650206,1.22011862057619,TRUE
7157,6,-15.85,6.65163605605585,2.71551904867259,-22.8304639408422,-8.86953605915783,TRUE
7158,6,-18.6205555555556,7.02094593711217,2.86628917626525,-25.988586447744,-11.2525246633671,TRUE
7159,6,-11.475,13.0697353114404,5.33569709771071,-25.1908460398326,2.24084603983256,TRUE
7160,6,-13.4461111111111,12.4534035359668,5.08408070401506,-26.5151566197613,-0.377065602460918,TRUE
7161,6,-17.275,10.7271163672049,4.37932691851833,-28.5324182290564,-6.01758177094363,TRUE
7162,6,-17.8133333333333,6.33150675414452,2.5848268084399,-24.4578421753747,-11.1688244912919,TRUE
7163,6,-13.9166666666667,9.16865045200826,3.7430858728931,-23.5385752207526,-4.29475811258078,TRUE
7164,6,-7.21666666666666,9.3288848922759,3.80850130920579,-17.0067309531082,2.57339761977487,TRUE
7165,6,-17.0955555555556,11.994326745344,4.89666338905167,-29.6828295186771,-4.50828159243398,TRUE
7166,6,-16.8755555555556,6.25434272829391,2.55332472680108,-23.4390857187515,-10.3120253923596,TRUE
7167,6,-9.18611111111111,13.0531085129885,5.32890923566684,-22.8845083960709,4.51228617384866,TRUE
7168,6,-13.2655555555556,12.6909323125987,5.18105142101103,-26.5838722279042,0.0527611167931248,TRUE
7169,6,-10.7516666666667,10.986644164621,4.48527869814129,-22.2814426158752,0.778109282541818,TRUE
7170,6,-15.0144444444444,8.9703285376888,3.66212129041066,-24.4282269134711,-5.60066197541779,TRUE
7171,6,-13.4333333333333,13.1638245033712,5.3741088494676,-27.2479199245071,0.381253257840429,TRUE
7172,6,-6.47666666666667,15.0090535640622,6.12742045900895,-22.2277023979014,9.27436906456806,TRUE
7173,6,-10.9911111111111,7.55691932136567,3.08509939412087,-18.9216115747708,-3.0606106474514,TRUE
7174,6,-14.6438888888889,8.60240054782298,3.51191531753413,-23.6715546124351,-5.61622316534272,TRUE
7175,6,-17.5488888888889,7.90897933200448,3.22882729160485,-25.8488536750951,-9.24892410268265,TRUE
7176,6,-13.9561111111111,14.0000757802182,5.7155070036386,-28.6482895961166,0.736067373894427,TRUE
7177,6,-9.88611111111111,11.7450675068618,4.79490373105899,-22.2118035457961,2.43958132357393,TRUE
7178,6,1.04111111111112,9.66070153115572,3.94396488477595,-9.0971733820814,11.1793956043036,FALSE
7179,6,-6.23888888888888,7.96026204668237,3.24976337220245,-14.5926715835887,2.11489380581095,TRUE
7180,6,-13.4972222222222,10.994264245337,4.48838958306682,-25.034994955713,-1.95944948873141,TRUE
7181,6,-12.8883333333333,11.4235578715409,4.66364797207158,-24.8766220981427,-0.900044568523995,TRUE
7182,6,-15.8933333333333,13.7084368182517,5.59644589598315,-30.279455497669,-1.50721116899766,TRUE
7183,6,-13.3944444444444,9.38421408931372,3.83108935930922,-23.2425731621843,-3.54631572670459,TRUE
7184,6,-12.8011111111111,8.82183545191933,3.60149924199957,-22.0590596436532,-3.54316257856908,TRUE
7185,6,-13.1883333333333,10.7440300218824,4.38623188912593,-24.4635013544092,-1.91316531225747,TRUE
7186,6,-19.1044444444444,14.5547456432856,5.9419500270077,-34.3787132521291,-3.83017563675975,TRUE
7187,6,-14.03,7.19361383450628,2.93678055019438,-21.5792347375797,-6.4807652624203,TRUE
7188,6,-11.9677777777778,7.22965764262939,2.95149537324245,-19.5548381721994,-4.38071738335611,TRUE
7189,6,-16.6516666666667,10.9706436051451,4.4787464970888,-28.1646510585029,-5.13868227483044,TRUE
7190,6,-19.6705555555556,9.59341658909129,3.91649592220418,-29.7382288325173,-9.60288227859379,TRUE
7191,6,-4.30944444444444,3.6525251032169,1.49113712926464,-8.142534463375,-0.47635442551387,FALSE
7192,6,-10.6733333333333,7.14741787096726,2.91792112705325,-18.1740883803559,-3.17257828631081,TRUE
7193,6,-13.37,8.48159864386164,3.46259814675713,-22.2708919001618,-4.46910809983814,TRUE
7194,6,-20.3166666666667,9.36177737160822,3.82192960766233,-30.1412494932041,-10.4920838401293,TRUE
7195,6,-11.5522222222222,16.5548221463203,6.75847784016856,-28.9254425947101,5.82099815026562,TRUE
7196,6,-16.3422222222222,11.7973391852507,4.81624355440094,-28.7227704191658,-3.96167402527868,TRUE
7197,6,-12.5255555555556,5.20368743901505,2.12439650108617,-17.986490612937,-7.0646204981741,TRUE
7198,6,-12.8494444444444,6.01324885996346,2.45489856721386,-19.159962109654,-6.53892677923489,TRUE
7199,6,-9.30722222222221,16.0616959692122,6.5571599213812,-26.1629384094872,7.54849396504275,TRUE
7200,6,-13.4655555555556,11.0443996198509,4.50885726400387,-25.0559421378808,-1.87516897323036,TRUE
7201,6,-9.03833333333334,8.39798196658644,3.42846178120527,-17.8514749122729,-0.225191754393762,TRUE
7202,6,-11.1272222222222,11.7419266669423,4.79362148853126,-23.4496185475566,1.19517410311215,TRUE
7203,6,-9.64,12.7542393823474,5.20689642401021,-23.0247533676003,3.74475336760033,TRUE
7204,6,-12.6338888888889,6.31359324233274,2.57751364786654,-19.2595986531993,-6.00817912457846,TRUE
7205,6,-21.0938888888889,7.16963858276046,2.92699269465571,-28.617963142811,-13.5698146349667,TRUE
7206,6,-14.4411111111111,14.7275169011641,6.01248359767789,-29.8966922343632,1.01447001214095,TRUE
7207,6,-15.8638888888889,5.9211494442161,2.41729913818228,-22.0777541447996,-9.65002363297821,TRUE
7208,6,-16.0861111111111,10.639753008133,4.34366097652802,-27.2518471175363,-4.92037510468588,TRUE
7209,6,-7.16777777777778,8.2359695284814,3.362320480315,-15.8108977300635,1.47534217450791,TRUE
7210,6,-20.715,6.69883994932456,2.73478995740278,-27.7450013887802,-13.6849986112198,TRUE
7211,6,-13.325,6.13477691344827,2.50451218729243,-19.7630535357837,-6.88694646421631,TRUE
7212,6,-16.9833333333333,10.1268755738821,4.1342796407776,-27.6108374813573,-6.35582918530942,TRUE
7213,6,-18.1472222222222,19.5910884975419,7.99802838744773,-38.706808715899,2.41236427145451,TRUE
7214,6,-17.7461111111111,9.48636504947241,3.87279231416325,-27.7014406870911,-7.79078153513113,TRUE
7215,6,-8.0961111111111,11.0180509300101,4.4981004564204,-19.6588464392528,3.46662421703058,TRUE
7216,6,-18.3388888888889,6.9912156522522,2.85415183829616,-25.675719760561,-11.0020580172168,TRUE
7217,6,-10.5261111111111,10.3463095764554,4.22386319719779,-21.3838971220405,0.33167489981826,TRUE
7218,6,-17.3994444444444,13.4310736588565,5.4832128603224,-31.4944918241166,-3.30439706477224,TRUE
7219,6,-12.7427777777778,8.56864527517927,3.49813478518319,-21.7350195151772,-3.75053604037832,TRUE
7220,6,-23.0033333333333,14.3000951045788,5.83798937991497,-38.0103627899805,-7.9963038766862,TRUE
7221,6,-2.94388888888889,7.77691181687226,3.17491095432632,-11.1052573178429,5.21747954006509,FALSE
7222,6,-13.5361111111111,10.5472581832998,4.30590012241314,-24.6047797518505,-2.46744247037172,TRUE
7223,6,-12.6866666666667,9.80263003257572,4.00190695284876,-22.9738959875664,-2.39943734576696,TRUE
7224,6,-7.84555555555555,8.15405684079789,3.32887976560091,-16.4027134140265,0.71160230291541,TRUE
7225,6,-12.7166666666667,12.3896598464652,5.05805745174817,-25.7188172757354,0.285483942402081,TRUE
7226,6,-12.3544444444444,7.78407595791038,3.17783570265777,-20.5233311783331,-4.18555771055582,TRUE
7227,6,-18.9377777777778,9.54658185871704,3.89737572359456,-28.9563010194999,-8.91925453605567,TRUE
7228,6,-17.7327777777778,9.12126780093077,3.72374198659306,-27.3049612891102,-8.16059426644536,TRUE
7229,6,-15.7744444444444,3.99309107037348,1.63017260314649,-19.9649365270448,-11.5839523618441,TRUE
7230,6,-21.0144444444444,5.98132525882449,2.44186581162342,-27.2914603448649,-14.7374285440239,FALSE
7231,6,-14.0583333333333,7.28189222966424,2.97282005410252,-21.7002105650246,-6.41645610164204,TRUE
7232,6,-13.6033333333333,7.8087372716578,3.18790364183575,-21.7981005287952,-5.40856613787151,TRUE
7233,6,-19.9633333333333,5.87124972500177,2.3969276631184,-26.1248320454797,-13.801834621187,TRUE
7234,6,-14.8783333333333,20.1343627496212,8.21981917211213,-36.0080511893799,6.25138452271323,TRUE
7235,6,-11.7483333333333,5.57205158706279,2.27478053479484,-17.595842856136,-5.90082381053066,TRUE
7236,6,-10.8283333333333,7.92542147494729,3.23553976835282,-19.14555309034,-2.51111357632666,TRUE
7237,6,-18.3922222222222,6.4197908123298,2.62086862426925,-25.1293795013579,-11.6550649430866,TRUE
7238,6,-2.85777777777776,11.6237581734168,4.74537940306277,-15.0561638744936,9.34060831893808,TRUE
7239,6,-17.9066666666667,8.41382565912928,3.43492994160052,-26.7364351812283,-9.07689815210508,TRUE
7240,6,-13.6166666666667,12.5682262515882,5.13095688137393,-26.8062112253596,-0.427122107973695,TRUE
7241,6,-11.5116666666667,11.8632625735456,4.84315666497394,-23.9613972167896,0.938063883456282,TRUE
7242,6,-20.7344444444444,10.2934576129515,4.2022864734497,-31.5367657212344,-9.93212316765448,TRUE
7243,6,-8.23333333333334,8.0038038179078,3.267539225869,-16.6328103145813,0.166143647914652,TRUE
7244,6,-19.1277777777778,7.73862137210115,3.15927894570741,-27.2489628493215,-11.0065927062341,TRUE
7245,6,-15.8788888888889,9.41495587212569,3.84363963958802,-25.7592791291456,-5.99849864863222,TRUE
7246,6,-17.2461111111111,7.22801814443601,2.95082605090779,-24.8314509576971,-9.66077126452513,TRUE
7247,6,-16.19,14.9793345053184,6.11528770408259,-31.9098474918048,-0.470152508195197,TRUE
7248,6,-9.57055555555556,10.140307340656,4.13976313660099,-20.2121554783389,1.07104436722777,TRUE
7249,6,-12.2388888888889,10.9700976733557,4.47852362136905,-23.7513003604483,-0.726477417329447,TRUE
7250,6,-21.6605555555556,12.3296568243973,5.03356132056631,-34.5997368547648,-8.72137425634626,TRUE
7251,6,-17.5461111111111,9.74471969077879,3.97826515480998,-27.7725672554105,-7.31965496681168,TRUE
7252,6,-11.8722222222222,16.0476125834851,6.55141040323417,-28.7131588025748,4.96871435813033,TRUE
7253,6,-12.1361111111111,11.580097373735,4.7275549562324,-24.2886780085745,0.0164557863523296,TRUE
7254,6,-15.665,7.9156536193938,3.23155205802161,-23.9719690212635,-7.35803097873652,TRUE
7255,6,-18.5866666666667,9.81797218257303,4.0081703593572,-28.8899965865662,-8.28333674676717,TRUE
7256,6,-20.4927777777778,13.5202546683225,5.51962085497873,-34.6814148871855,-6.30414066837009,TRUE
7257,6,-13.7988888888889,7.96983609664638,3.25367196173307,-22.1627189328391,-5.43505884493868,TRUE
7258,6,-12.4833333333333,9.6379799635493,3.93468884364397,-22.5977730036854,-2.36889366298131,TRUE
7259,6,-14.8266666666667,4.44065860981103,1.81289128598899,-19.4868520764133,-10.16648125692,TRUE
7260,6,-10.7427777777778,5.75906760071712,2.35112950265858,-16.7865485705406,-4.69900698501498,TRUE
7261,6,-14.5883333333333,13.746131051641,5.61183450232466,-29.0140131696063,-0.162653497060402,TRUE
7262,6,-21.6333333333333,4.83272363970647,1.97295116419446,-26.7049657586091,-16.5617009080575,FALSE
7263,6,-14.2666666666667,7.91389551499275,3.23083431490542,-22.571790670513,-5.96154266282029,TRUE
7264,6,-14.1111111111111,8.53837628765737,3.48577752277331,-23.0715874942215,-5.15063472800069,TRUE
7265,6,-18.8322222222222,6.69493429282059,2.7331954798119,-25.85812487587,-11.8063195685745,TRUE
7266,6,-11.2488888888889,3.10794370510055,1.26881270446522,-14.5104757798118,-7.98730199796601,TRUE
7267,6,-13.8183333333333,5.92703738998012,2.41970288197478,-20.0383776093745,-7.59828905729212,TRUE
7268,6,-19.6372222222222,11.5644661531524,4.72117353715167,-31.7733851597112,-7.50105928473328,TRUE
7269,6,-16.0894444444444,6.53784450264311,2.66906384152262,-22.9504914736162,-9.22839741527273,TRUE
7270,6,-11.7727777777778,9.72308533946497,3.96943296787082,-21.9765300627625,-1.5690254927931,TRUE
7271,6,-13.3211111111111,8.72352188477075,3.56136289628175,-22.4758858824021,-4.16633633982011,TRUE
7272,6,-11.4955555555556,8.78165528984312,3.58509575952139,-20.711337593998,-2.27977351711309,TRUE
7273,6,-15.1394444444444,5.90551245933894,2.41091536583817,-21.3368996911245,-8.94198919776438,TRUE
7274,6,-9.93888888888888,11.1166742961826,4.53836327706012,-21.6051230924185,1.72734531464076,TRUE
7275,6,-5.73388888888889,10.3745475760347,4.23539131225218,-16.6213088629762,5.15353108519841,TRUE
7276,6,-15.0172222222222,9.48429729527629,3.87194815704759,-24.9703818232543,-5.06406262119019,TRUE
7277,6,-4.82277777777778,8.12625331644066,3.3175290243132,-13.3507576268735,3.70520207131799,FALSE
7278,6,-19.4227777777778,12.5221308830347,5.11213852596367,-32.5639482138766,-6.28160734167897,TRUE
7279,6,-12.1622222222222,5.19454657059441,2.12066475718009,-17.6135645265035,-6.71087991794099,TRUE
7280,6,-16.93,9.99321547628968,4.07971313443228,-27.4172364779785,-6.44276352202148,TRUE
7281,6,-16.7677777777778,5.45505053104885,2.22701505369468,-22.492502222494,-11.0430533330616,TRUE
7282,6,-1.94833333333334,7.63845730497985,3.11838713653923,-9.96440266300302,6.06773599633634,FALSE
7283,6,-14.7088888888889,13.2982875533601,5.42900315975612,-28.6645857969701,-0.753191980807646,TRUE
7284,6,-18.6894444444444,13.9992297274873,5.71516160405756,-33.3807350515609,-3.99815383732798,TRUE
7285,6,-20.1111111111111,10.2585642631287,4.18804132303596,-30.8768140630016,-9.3454081592206,TRUE
7286,6,-15.6244444444444,8.77396493842669,3.58195618670257,-24.8321559540272,-6.41673293486171,TRUE
7287,6,-12.87,13.1050316036755,5.35010674867542,-26.6228872268603,0.882887226860287,TRUE
7288,6,-12.3133333333333,10.8476279025007,4.428525546784,-23.6972206625477,-0.929446004119006,TRUE
7289,6,-18.3694444444445,10.0517753913684,4.10362011965286,-28.9181357843758,-7.82075310451309,TRUE
7290,6,-15.235,5.39548319327277,2.20269678988011,-20.8972123574802,-9.57278764251977,TRUE
7291,6,-17.6444444444444,10.4032479258839,4.24710818101383,-28.561983588541,-6.72690530034791,TRUE
7292,6,-11.4133333333333,8.41320734189868,3.43467751464816,-20.2424529637564,-2.58421370291031,TRUE
7293,6,-17.755,6.07641259296964,2.48068505323294,-24.1318039377751,-11.3781960622249,TRUE
7294,6,-11.5838888888889,8.4379753802982,3.4447890239829,-20.4390009815387,-2.72877679623908,TRUE
7295,6,-20.9566666666667,6.94072618679055,2.83353960033501,-28.240512093844,-13.6728212394893,TRUE
7296,6,-11.8094444444445,7.5397929286823,3.07810757358607,-19.7219718612394,-3.89691702764953,TRUE
7297,6,-19.6294444444444,8.92711983332354,3.64448141072038,-28.9978821591565,-10.2610067297324,TRUE
7298,6,-16.0372222222222,8.29644888335208,3.38701107354931,-24.7438113649871,-7.3306330794573,TRUE
7299,6,-18.3644444444444,12.375905743135,5.05244236257679,-31.3521610072837,-5.37672788160513,TRUE
7300,6,-10.0083333333333,9.49521604692477,3.87640571874208,-19.9729514614885,-0.0437152051782199,TRUE
7301,6,-15.2838888888889,7.49405495240258,3.0594351229606,-23.1484172432792,-7.41936053449861,TRUE
7302,6,-8.68944444444445,13.3581775897208,5.45345316471619,-22.7079920911573,5.32910320226837,TRUE
7303,6,-12.9038888888889,9.86342501177775,4.02672639917678,-23.2549186276899,-2.55285915008785,TRUE
7304,6,-10.67,9.32912762385756,3.80860040395905,-20.4603190176143,-0.879680982385732,TRUE
7305,6,-16.7727777777778,11.0259601580727,4.50132938525586,-28.3438133317325,-5.2017422238231,TRUE
7306,6,-10.3961111111111,11.051714882852,4.51184370761835,-21.9941745911448,1.20195236892262,TRUE
7307,6,-11.6438888888889,14.044740797682,5.73374142066176,-26.3829404350776,3.0951626572998,TRUE
7308,6,-18.6333333333333,9.6409102843617,3.93588514210614,-28.7508481867822,-8.51581847988443,TRUE
7309,6,-22.3516666666667,7.21365949663092,2.94496415748798,-29.9219380365053,-14.7813952968281,FALSE
7310,6,-8.80777777777777,11.2006880079686,4.57266173127228,-20.5621789646956,2.94662340914004,TRUE
7311,6,-7.76833333333333,10.7415055327971,4.38520127077255,-19.0408520655905,3.50418539892387,TRUE
7312,6,-12.9822222222222,14.2109647286354,5.80160205630764,-27.8957150857569,1.93127064131249,TRUE
7313,6,-21.1388888888889,4.63694040249562,1.89302299230165,-26.0050594073414,-16.2727183704364,FALSE
7314,6,-4.42833333333333,5.1456491869885,2.10070248391482,-9.82836098056086,0.971694313894202,FALSE
7315,6,-15.5788888888889,11.2532838993122,4.59413391399871,-27.3884860786947,-3.76929169908304,TRUE
7316,6,-15.3505555555556,9.09474950279108,3.71291593671153,-24.8949098197108,-5.80620129140031,TRUE
7317,6,-5.28666666666666,9.4879263628396,3.87342971767629,-15.2436347405392,4.67030140720589,TRUE
7318,6,-14.5883333333333,11.5974640427217,4.73464486915725,-26.7591254321776,-2.41754123448903,TRUE
7319,6,-12.1777777777778,5.75238604278131,2.34840176805365,-18.2145367055127,-6.14101885004285,TRUE
7320,6,-15.6322222222222,8.24080488697465,3.36429450715365,-24.2804165720424,-6.98402787240203,TRUE
7321,6,-13.5633333333333,12.9904694979734,5.30333696487061,-27.1959950034883,0.069328336821668,TRUE
7322,6,-11.2144444444444,6.47913014280523,2.64509380449312,-18.0138745318286,-4.41501435706028,TRUE
7323,6,-16.1261111111111,11.0927803180801,4.52860860134739,-27.7672701224411,-4.48495209978114,TRUE
7324,6,-9.51055555555556,7.57292734142607,3.09163464094424,-17.4578554059908,-1.5632557051203,TRUE
7325,6,-14.8194444444444,11.7715652535472,4.80572139084444,-27.172944558878,-2.46594433001085,TRUE
7326,6,-11.0216666666667,9.47768390600901,3.86924825218505,-20.9678859413011,-1.07544739203223,TRUE
7327,6,-15.7888888888889,9.02166840117396,3.68308070191112,-25.2565492404043,-6.32122853737352,TRUE
7328,6,-14.4138888888889,13.4025887079353,5.47158392780485,-28.4790431458636,-0.348734631914152,TRUE
7329,6,-17.645,4.59471520094311,1.87578462595335,-22.4668578870415,-12.8231421129585,TRUE
7330,6,-8.85388888888888,17.9541702263992,7.32975930162465,-27.6956350092315,9.98785723145376,TRUE
7331,6,-12.4938888888889,9.42936816939895,3.84952343531149,-22.3894039075569,-2.59837387022088,TRUE
7332,6,-8.83444444444445,10.6196490142182,4.33545355538082,-19.9790826031513,2.31019371426236,TRUE
7333,6,-12.3022222222222,12.0822988369426,4.93257784505535,-24.9818172335836,0.377372789139169,TRUE
7334,6,-17.3916666666667,8.27652604256963,3.37887760785869,-26.0773480702665,-8.70598526306683,TRUE
7335,6,-8.04333333333334,7.76351924780966,3.16944346090159,-16.1906471230033,0.103980456336581,TRUE
7336,6,-11.8477777777778,14.4828948405684,5.91261705962995,-27.0466437923359,3.35108823678037,TRUE
7337,6,-17.8933333333333,10.7809667676162,4.40131125242703,-29.207264091804,-6.5794025748627,TRUE
7338,6,-12.4666666666667,8.37949667011357,3.4209151905215,-21.2604091166736,-3.67292421665976,TRUE
7339,6,-20.5366666666667,11.2512614601406,4.59330825666433,-32.3441414367263,-8.72919189660703,TRUE
7340,6,-21.6916666666667,9.06201369576443,3.69955159945594,-31.2016668082274,-12.1816665251059,TRUE
7341,6,-10.2077777777778,7.62421979007738,3.11257469541984,-18.2089057518853,-2.2066498036703,TRUE
7342,6,-14.4383333333333,15.4842694011984,6.32142651212115,-30.6880775007018,1.81141083403511,TRUE
7343,6,-12.7572222222222,6.6549882433043,2.71688757338609,-19.7412040678345,-5.77324037660991,TRUE
7344,6,-17.2772222222222,15.3731427303401,6.27605923871829,-33.4103461006489,-1.1440983437955,TRUE
7345,6,-18.2805555555556,13.6704475122501,5.58093682675208,-32.6268103882382,-3.9343007228729,TRUE
7346,6,-18.8311111111111,12.1658903253074,4.96670392727758,-31.5984300095544,-6.06379221266782,TRUE
7347,6,-22.1188888888889,7.80916915958177,3.18807995934238,-30.3141093229306,-13.9236684548472,TRUE
7348,6,-13.2194444444444,12.744261526344,5.20282298135432,-26.593726694345,0.15483780545614,TRUE
7349,6,-12.2544444444444,10.5321460652965,4.299730626073,-23.3072538899569,-1.20163499893203,TRUE
7350,6,-10.7561111111111,8.64670943620023,3.5300043454665,-19.8302761612845,-1.68194606093768,TRUE
7351,6,-15.5216666666667,10.4005287792924,4.24599809406632,-26.43635224142,-4.60698109191338,TRUE
7352,6,-8.895,11.4014912767292,4.65463932246336,-20.8601312937628,3.07013129376283,TRUE
7353,6,-18.2711111111111,13.0644142049507,5.33352476508295,-31.9813729921498,-4.56084923007246,TRUE
7354,6,-11.3111111111111,10.0374852243791,4.09778618340907,-21.8448058405039,-0.777416381718307,TRUE
7355,6,-13.8427777777778,12.0038559391309,4.90055366612467,-26.4400520164788,-1.24550353907676,TRUE
7356,6,-11.4572222222222,10.7586898038886,4.39221672006851,-22.7477747410084,-0.166669703435993,TRUE
7357,6,-15.0255555555556,11.3813882509349,4.64643229654966,-26.96959001758,-3.08152109353108,TRUE
7358,6,-17.075,9.7390564795113,3.9759531584915,-27.2955129685591,-6.85448703144093,TRUE
7359,6,-9.1,9.82603525786921,4.01146209606275,-19.4117915984825,1.21179159848247,TRUE
7360,6,-25.4716666666667,6.37602200958142,2.60300008537158,-32.1628914042826,-18.7804419290507,FALSE
7361,6,-16.5966666666667,7.66929491181846,3.13097653681309,-24.6450980800019,-8.54823525333145,TRUE
7362,6,-15.1522222222222,8.55698068938563,3.49337273797397,-24.1322227275652,-6.17222171687923,TRUE
7363,6,-13.6666666666667,11.3788568064732,4.64539883867579,-25.6080445406527,-1.72528879268066,TRUE
7364,6,-10.0088888888889,11.1109364875167,4.53602082648125,-21.6691016315096,1.65132385373182,TRUE
7365,6,-11.6444444444444,7.798961944221,3.18391288112095,-19.8289530629024,-3.45993582598645,TRUE
7366,6,-15.2855555555556,8.95201942870164,3.65464662796673,-24.6801237930764,-5.89098731803477,TRUE
7367,6,-11.6566666666667,2.19022982051351,0.894157579947616,-13.9551718998765,-9.3581614334568,FALSE
7368,6,-13.3122222222222,7.25098082765104,2.96020052707478,-20.9216599269617,-5.70278451748275,TRUE
7369,6,-16.7016666666667,12.1972200384623,4.97949422911381,-29.5018640826825,-3.90146925065085,TRUE
7370,6,-11.4783333333333,12.453356843304,5.08406164181531,-24.5473298410391,1.59066317437243,TRUE
7371,6,-15.2555555555556,5.76775506748671,2.35467614611573,-21.3084432855668,-9.20266782554434,TRUE
7372,6,-12.4255555555556,10.2999798633388,4.20494917102029,-23.2347215143543,-1.61638959675684,TRUE
7373,6,-14.7283333333333,11.5743750971225,4.72521884658776,-26.8748950697782,-2.58177159688847,TRUE
7374,6,-10.03,7.92067982491963,3.23360399783505,-18.3422437004757,-1.71775629952427,TRUE
7375,6,-21.1772222222222,11.4820643549778,4.68753314391575,-33.2269097759152,-9.12753466852922,TRUE
7376,6,-4.43166666666666,10.6331986929825,4.34098518857268,-15.5905243411779,6.72719100784454,TRUE
7377,6,-23.9555555555556,11.1205282981354,4.53993666676878,-35.6258342860906,-12.2852768250205,TRUE
7378,6,-14.4661111111111,6.84088181991723,2.79277830824653,-21.6451763012488,-7.28704592097347,TRUE
7379,6,-17.6711111111111,12.0767631179637,4.9303178972457,-30.3448967416835,-4.99732548053869,TRUE
7380,6,-11.9066666666667,9.37299359270499,3.82650861075055,-21.743020195368,-2.07031313796534,TRUE
7381,6,-14.2194444444444,5.80948703670381,2.3717131512063,-20.3161271902751,-8.12276169861375,TRUE
7382,6,-17.85,5.99109450212007,2.44585408849797,-24.1372680925097,-11.5627319074903,TRUE
7383,6,-12.5477777777778,5.78773671622131,2.36283362005228,-18.621634962115,-6.47392059344058,TRUE
7384,6,-9.84277777777778,11.0798825538634,4.52334311115513,-21.4704014156638,1.78484586010825,TRUE
7385,6,-17.4716666666667,8.24006303913319,3.36399164904059,-26.1190824949226,-8.82425083841068,TRUE
7386,6,-2.09944444444444,10.7027451134259,4.36937739582661,-13.3312866111962,9.13239772230733,FALSE
7387,6,-11.8133333333333,6.85736424907154,2.79950723177147,-19.0096957720576,-4.6169708946091,TRUE
7388,6,-16.7588888888889,13.9574984493269,5.69812488108973,-31.4063852054055,-2.11139257237231,TRUE
7389,6,-11.4516666666667,12.1024832621702,4.94081810214852,-24.1524439332327,1.2491105998994,TRUE
7390,6,-7.86611111111111,6.4895613331177,2.64935232010569,-14.6764880613757,-1.05573416084651,TRUE
7391,6,-13.525,15.4336296227859,6.30075290915476,-29.7216009791059,2.67160097910589,TRUE
7392,6,-10.0016666666667,9.45494573696163,3.85996543354318,-19.9240236963168,-0.0793096370165358,TRUE
7393,6,-20.5705555555556,12.6274349320423,5.15512872394995,-33.8222358137083,-7.31887529740281,TRUE
7394,6,-18.17,10.4973205046706,4.28551315048303,-29.1862622610122,-7.15373773898778,TRUE
7395,6,-20.06,9.50072090831942,3.87865306899568,-30.0303951258954,-10.0896048741047,TRUE
7396,6,-22.685,10.7119716516926,4.37314411430088,-33.9265248248417,-11.4434751751583,TRUE
7397,6,-15.6572222222222,15.5005143164372,6.32805847099611,-31.9240143826093,0.609569938164894,TRUE
7398,6,-13.4061111111111,17.0406651430781,6.95682241302879,-31.2891924397905,4.4769702175683,TRUE
7399,6,-11.4216666666667,8.70848290142689,3.55522325704131,-20.5606589928488,-2.28267434048451,TRUE
7400,6,-15.1094444444444,6.74151562802927,2.75221223027837,-22.1842312114141,-8.03465767747477,TRUE
7401,6,-8.705,7.26643875789387,2.96651120067053,-16.3306598076553,-1.07934019234467,TRUE
7402,6,-21.3472222222222,5.87383744210685,2.39798409420275,-27.5114365769246,-15.1830078675198,FALSE
7403,6,-14.1333333333333,5.91041077722653,2.41291509574192,-20.3359290493802,-7.93073761728649,TRUE
7404,6,-18.7961111111111,15.3353316692991,6.26062293768769,-34.8895547144991,-2.70266750772308,TRUE
7405,6,-19.5844444444445,11.9891402094964,4.89454599465846,-32.166275472,-7.00261341688894,TRUE
7406,6,-7.33666666666666,10.6696801993104,4.35587870116458,-18.5338093341154,3.86047600078212,TRUE
7407,6,-10.9616666666667,5.18550061871239,2.11697176278864,-16.4035158266461,-5.51981750668721,TRUE
7408,6,-14.6033333333333,10.1290646710894,4.13517333597015,-25.2331347979858,-3.97353186868084,TRUE
7409,6,-13.075,12.7465805000574,5.20376969840846,-26.4517158635634,0.301715863563444,TRUE
7410,6,-11.8705555555556,6.47964656672181,2.64530463367422,-18.6705275966031,-5.07058351450804,TRUE
7411,6,-10.365,10.9832492156617,4.48389271603246,-21.891213168775,1.16121316877501,TRUE
7412,6,-11.4577777777778,7.13963792006497,2.91474497539749,-18.9503682670468,-3.96518728850876,TRUE
7413,6,-11.1488888888889,12.4274489501026,5.07348478870633,-24.1906967301145,1.89291895233676,TRUE
7414,6,-20.1744444444444,13.7963326313218,5.63232921140792,-34.6528076076135,-5.69608128127543,TRUE
7415,6,-16.3861111111111,6.00067270920211,2.44976437516492,-22.683430915499,-10.0887913067232,TRUE
7416,6,-16.7505555555555,7.00026615896113,2.85784669218791,-24.0968843515271,-9.40422675958397,TRUE
7417,6,-10.3372222222222,13.1623878982951,5.37352235790121,-24.1503011888287,3.47585674438425,TRUE
7418,6,-19.26,7.48427655525607,3.05544310904206,-27.1142665559237,-11.4057334440763,TRUE
7419,6,-16.8955555555556,12.4544827568527,5.08452129409677,-29.9657336370667,-3.82537747404436,TRUE
7420,6,-12.285,9.98699882625184,4.07717519768192,-22.765712503868,-1.80428749613196,TRUE
7421,6,-18.9794444444444,3.62051280386673,1.47806816278112,-22.7789396155219,-15.179949273367,FALSE
7422,6,-19.4533333333333,10.4832132478549,4.27975388700488,-30.454790936262,-8.4518757304047,TRUE
7423,6,-15.3011111111111,13.7526627186102,5.61450104419873,-29.7336455114895,-0.868576710732746,TRUE
7424,6,-3.81722222222222,12.4031932119052,5.0635824250533,-16.8335752273115,9.19913078286706,TRUE
7425,6,-13.6755555555555,10.3608463117786,4.22979779454244,-24.5485969346209,-2.80251417649022,TRUE
7426,6,-15.8144444444444,5.76092765163801,2.35188886526722,-21.8601672409357,-9.76872164795324,TRUE
7427,6,-20.6977777777778,10.909213163737,4.45366762440149,-32.1462948750258,-9.24926068052978,TRUE
7428,6,-9.29444444444444,6.2581359193601,2.55487329056926,-15.8619553175342,-2.72693357135474,TRUE
7429,6,-21.1488888888889,11.7538288166815,4.7984805208151,-33.4837757543509,-8.81400202342691,TRUE
7430,6,-15.5822222222222,15.3496674834295,6.26647550929883,-31.6907103398856,0.526265895441156,TRUE
7431,6,-21.3372222222222,11.8109069021753,4.8217825516409,-33.7320088648584,-8.94243557958601,TRUE
7432,6,-10.1916666666667,3.74562722829346,1.5291459126657,-14.1224613738026,-6.2608719595307,TRUE
7433,6,-11.7916666666667,13.7940202422805,5.63138518253494,-26.2676031263625,2.68426979302914,TRUE
7434,6,-13.2677777777778,5.85563305873229,2.39055218581114,-19.4128878037646,-7.12266775179098,TRUE
7435,6,-14.3644444444444,11.7957795968006,4.81560685508234,-26.7433559536848,-1.98553293520406,TRUE
7436,6,-16.2505555555556,10.4197682671325,4.25385258208644,-27.1854317345416,-5.31567937656953,TRUE
7437,6,-16.4088888888889,9.34001276864858,3.81304424571144,-26.2106311653923,-6.60714661238551,TRUE
7438,6,-16.4544444444445,14.5480293689049,5.93920811947348,-31.7216649544267,-1.18722393446221,TRUE
7439,6,-12.76,3.51393859429052,1.4345594239141,-16.4476523972545,-9.07234760274553,TRUE
7440,6,-14.2122222222222,11.5303693044194,4.70725355694621,-26.3126027114426,-2.11184173300187,TRUE
7441,6,-18.0577777777778,10.5339094075945,4.30045050755165,-29.112437737543,-7.00311781801253,TRUE
7442,6,-12.0572222222222,10.0049028906757,4.08448450137533,-22.5567238893957,-1.55772055504874,TRUE
7443,6,-7.57,6.310325577091,2.57617962911779,-14.1922805599465,-0.947719440053515,TRUE
7444,6,-14.145,10.2195581009052,4.17211712399068,-24.8697684950777,-3.42023150492233,TRUE
7445,6,-11.2261111111111,9.59041498735219,3.91527052342554,-21.2906344002311,-1.16158782199113,TRUE
7446,6,-14.2194444444444,11.5732429751977,4.72475665974738,-26.3648180917928,-2.07407079709613,TRUE
7447,6,-9.88555555555556,10.0951102941895,4.12131151964703,-20.4797240869589,0.708612975847787,TRUE
7448,6,-5.94833333333333,13.277635289798,5.42057190846269,-19.882357019988,7.98569035332132,TRUE
7449,6,-7.43333333333334,11.6113699067384,4.74032191436951,-19.6187187414804,4.75205207481369,TRUE
7450,6,-12.5905555555556,13.3515338139551,5.45074085461761,-26.6021309871963,1.42101987608524,TRUE
7451,6,-17.5194444444444,8.85092773961305,3.61337611871621,-26.8079234605384,-8.2309654283505,TRUE
7452,6,-19.725,12.7694602252579,5.21311030710785,-33.1257266626199,-6.32427333738013,TRUE
7453,6,-15.9033333333333,10.1369809224553,4.13840513205716,-26.5414423943036,-5.2652242723631,TRUE
7454,6,-10.1583333333333,15.9721155281461,6.52058885945695,-26.9200406131059,6.60337394643921,TRUE
7455,6,-15.3088888888889,9.55025553274575,3.8988754947365,-25.3312674150661,-5.2865103627117,TRUE
7456,6,-5.88055555555556,6.08584712141089,2.48453668334042,-12.2672604237225,0.506149312611408,FALSE
7457,6,-18.9333333333333,12.7628009813242,5.2103916821561,-32.3270715480343,-5.53959511863231,TRUE
7458,6,-10.5177777777778,20.3109803545512,8.29192300739062,-31.8328444430709,10.7972888875154,TRUE
7459,6,-11.26,11.0593710892116,4.5149693407761,-22.8660981758539,0.346098175853916,TRUE
7460,6,-20.8166666666667,7.54933433415747,3.08200283605993,-28.7392071744219,-12.8941261589114,TRUE
7461,6,-14.3944444444444,6.32490866571445,2.582133150118,-21.0320290173321,-7.75685987155674,TRUE
7462,6,-14.9138888888889,8.09699544184046,3.30558454702506,-23.4111644816316,-6.41661329614618,TRUE
7463,6,-24.3433333333333,12.1126026196777,4.94494931255151,-37.0547302143205,-11.6319364523461,TRUE
7464,6,-12.2633333333333,7.82585146237206,3.19489048093752,-20.4760607704787,-4.05060589618799,TRUE
7465,6,-13.4016666666667,12.0140469173935,4.90471411557855,-26.0096356811619,-0.793697652171412,TRUE
7466,6,-20.5172222222222,11.3837411184484,4.64739285068972,-32.4637258672713,-8.57071857717315,TRUE
7467,6,-14.5661111111111,9.9672056524644,4.06909466832034,-25.02605195298,-4.10617026924226,TRUE
7468,6,-8.05666666666666,8.87831890994386,3.62455851717757,-17.3738909531242,1.26055761979089,TRUE
7469,6,-15.8566666666667,11.2296733899275,4.58449496390542,-27.6414861464481,-4.07184718688524,TRUE
7470,6,-7.84555555555556,9.57768417072072,3.91007318929953,-17.8967186719775,2.20560756086637,TRUE
7471,6,-16.8416666666667,10.337582513442,4.22030038864183,-27.6902941866382,-5.9930391466951,TRUE
7472,6,-16.9427777777778,10.7199323000903,4.3763940354002,-28.1926567907646,-5.69289876479092,TRUE
7473,6,-10.6238888888889,9.46344415026501,3.86343489624594,-20.5551644563422,-0.692613321435616,TRUE
7474,6,-13.985,12.1487518791941,4.95970718595063,-26.7343332022796,-1.23566679772041,TRUE
7475,6,-6.19277777777777,14.1656105357959,5.78308628461556,-21.058674334928,8.6731187793725,TRUE
7476,6,-19.7955555555556,12.3289506927875,5.03327304354375,-32.733995815087,-6.85711529602409,TRUE
7477,6,-5.32611111111111,7.97141599485079,3.25431695247413,-13.6915991565444,3.0393769343222,FALSE
7478,6,-16.7788888888889,12.6639166605433,5.17002232724362,-30.0688543731355,-3.48892340464227,TRUE
7479,6,-15.5288888888889,6.29327813064301,2.56922003824863,-22.1332792509636,-8.92449852681414,TRUE
7480,6,-10.4927777777778,5.99929715019153,2.44920280555042,-16.7886540215152,-4.19690153404038,TRUE
7481,6,-15.8677777777778,5.31813737930727,2.17112049355416,-21.4488206814859,-10.2867348740697,TRUE
7482,6,-10.9705555555556,9.03698952249198,3.68933552349719,-20.4542944378252,-1.48681667328589,TRUE
7483,6,-11.2811111111111,17.4614140532988,7.12859243634091,-29.6057413416235,7.04351911940125,TRUE
7484,6,-15.4305555555556,15.949914582379,6.51152536130085,-32.1689643716007,1.30785326048961,TRUE
7485,6,-6.76222222222223,14.10774470781,5.75946265926403,-21.567392317152,8.04294787270752,TRUE
7486,6,-17.3988888888889,4.97669889101719,2.03172881441117,-22.6216140741532,-12.1761637036246,TRUE
7487,6,-11.8105555555556,11.0766487945822,4.52202293445678,-23.434785571201,-0.186325539910145,TRUE
7488,6,-19.9794444444445,10.950581398399,4.47055613548178,-31.4713748415064,-8.48751404738251,TRUE
7489,6,-15.7272222222222,11.6568199240076,4.7588768062212,-27.9603044983254,-3.49413994611904,TRUE
7490,6,-8.29166666666667,8.7484979663178,3.57155933887582,-17.4726522280781,0.889318894744758,TRUE
7491,6,-18.1466666666667,8.66676102512736,3.53819037236708,-27.2418745688968,-9.05145876443656,TRUE
7492,6,-14.9344444444444,15.6613167697663,6.39370579767012,-31.3699884303378,1.50109954144895,TRUE
7493,6,-13.8244444444444,7.30948658074383,2.98408540075722,-21.4952801716185,-6.15360871727044,TRUE
7494,6,-12.8544444444444,8.75398338958815,3.57379875354841,-22.0411866045357,-3.6677022843532,TRUE
7495,6,-11.5855555555556,12.8794845767586,5.25802756051739,-25.1017456938967,1.93063458278557,TRUE
7496,6,-18.7105555555556,10.4266959540651,4.25668079843357,-29.6527018961108,-7.76840921500033,TRUE
7497,6,-12.7511111111111,10.5900764170292,4.32338059313385,-23.8647147323635,-1.63750748985869,TRUE
7498,6,-14.0761111111111,7.01399122917636,2.86344992863978,-21.4368434849266,-6.7153787372956,TRUE
7499,6,-15.9844444444444,9.8237373894204,4.01052399519681,-26.2938245778809,-5.67506431100794,TRUE
7500,6,-15.7761111111111,13.3483549409517,5.44944308514839,-29.7843505201275,-1.76787170209475,TRUE
7501,6,-12.2905555555555,12.8307972241559,5.23815103205014,-25.7556514508632,1.17454033975214,TRUE
7502,6,-16.4977777777778,11.2986810767485,4.61266723407896,-28.355016383536,-4.64053917201961,TRUE
7503,6,-13.5677777777778,6.73263648759341,2.74858733637464,-20.6332464583224,-6.50230909723314,TRUE
7504,6,-16.7183333333333,11.7676794181728,4.80413500519585,-29.0677555136344,-4.36891115303231,TRUE
7505,6,-25.9922222222222,10.631880290829,4.34044695314738,-37.1496963185259,-14.8347481259186,FALSE
7506,6,-15.9766666666667,16.0153259931438,6.53822945792242,-32.7837205484243,0.830387215090965,TRUE
7507,6,-15.105,10.2192445361137,4.17198911170058,-25.82943942901,-4.38056057099001,TRUE
7508,6,-8.45333333333333,10.2926256233394,4.20194681511285,-19.2547814905723,2.34811482390563,TRUE
7509,6,-14.9944444444444,9.98047998548872,4.07451389208457,-25.4683158444849,-4.52057304440403,TRUE
7510,6,-13.8566666666667,12.7853833210689,5.21961088375156,-27.274103593528,-0.439229739805306,TRUE
7511,6,-12.9688888888889,9.74910335858106,3.98005477969622,-23.1999454104135,-2.7378323673643,TRUE
7512,6,-15.1027777777778,1.89334321202431,0.772954129570285,-17.0897196230312,-13.1158359325243,TRUE
7513,6,-17.07,3.6252503361837,1.48000225225054,-20.8744669063361,-13.2655330936639,TRUE
7514,6,-11.4705555555556,12.8172781677558,5.2326319003861,-24.9214640712592,1.98035296014809,TRUE
7515,6,-9.875,7.41994511809592,3.02917990979835,-17.6617548530021,-2.08824514699792,TRUE
7516,6,-11.965,9.46425925962161,3.86376766324731,-21.8971309722625,-2.0328690277375,TRUE
7517,6,-10.7677777777778,9.21736300363291,3.76297268881799,-20.4408070196489,-1.09474853590671,TRUE
7518,6,-17.0827777777778,7.14618512577528,2.91741786093604,-24.5822391380609,-9.58331641749463,TRUE
7519,6,-15.5472222222222,10.2042473546104,4.1658665379901,-26.2559230744647,-4.83852136997972,TRUE
7520,6,-15.0494444444444,6.71601152029542,2.74180022189622,-22.0974662917945,-8.00142259709442,TRUE
7521,6,-13.0566666666667,9.21053092932215,3.7601835061603,-22.7225260862616,-3.39080724707171,TRUE
7522,6,-13.6238888888889,12.4383533059229,5.07793647332856,-26.6771401497424,-0.57063762803536,TRUE
7523,6,-10.9266666666667,9.46834116645807,3.86543409473513,-20.8630813374421,-0.990251995891247,TRUE
7524,6,-15.0805555555555,12.2575532118258,5.00412514399771,-27.944068753967,-2.21704235714407,TRUE
7525,6,-17.475,7.12423461775992,2.90845660356396,-24.951425714858,-9.99857428514198,TRUE
7526,6,-17.93,6.90747453447673,2.81996467012279,-25.1789499581538,-10.6810500418462,TRUE
7527,6,-17.6916666666667,4.92646673026871,2.0112216206593,-22.8616764321725,-12.5216569011608,TRUE
7528,6,-17.8666666666667,10.5647342081516,4.31303467968299,-28.9536752707292,-6.77965806260408,TRUE
7529,6,-12.9205555555556,11.6461561453968,4.75452333683345,-25.1424468823286,-0.698664228782533,TRUE
7530,6,-16.645,9.00143587311367,3.67482080691875,-26.0914276154837,-7.19857238451629,TRUE
7531,6,-11.1316666666667,10.003624620884,4.08396264991809,-21.6298268719632,-0.633506461370091,TRUE
7532,6,-14.8611111111111,6.86081325489323,2.80091528250197,-22.0610930594668,-7.66112916275539,TRUE
7533,6,-21.6211111111111,6.31652213261791,2.57870936231841,-28.2498945572721,-14.9923276649501,FALSE
7534,6,-13.0455555555556,10.6671686687428,4.35485337310392,-24.240062533316,-1.8510485777951,TRUE
7535,6,-16.6138888888889,7.24144135949212,2.95630605550697,-24.2133155357567,-9.01446224202103,TRUE
7536,6,-18.3161111111111,4.31675568333784,1.76230812807284,-22.8462683739294,-13.7859538482928,TRUE
7537,6,-17.4066666666667,6.63291288449753,2.70787534589185,-24.3674818439836,-10.4458514893497,TRUE
7538,6,-16.7988888888889,13.3503059751314,5.4502395915169,-30.8091757827081,-2.78860199506967,TRUE
7539,6,-7.81666666666667,5.18950350868623,2.11860593577737,-13.2627166020473,-2.37061673128608,FALSE
7540,6,-17.8294444444444,12.2632010351959,5.0064308582334,-30.6988846699883,-4.96000421890055,TRUE
7541,6,-14.9627777777778,9.13432681133625,3.72907330526625,-24.5486658800515,-5.37688967550408,TRUE
7542,6,-16.78,9.29139554163481,3.79319634589597,-26.5307216257622,-7.02927837423778,TRUE
7543,6,-17.0044444444444,7.89835388382124,3.22448947054863,-25.2932585066373,-8.71563038225157,TRUE
7544,6,-2.61,11.4177865144208,4.66129182539363,-14.5922320969569,9.3722320969569,TRUE
7545,6,-12.7355555555556,11.8338157022185,4.83113503009514,-25.1543835094244,-0.316727601686695,TRUE
7546,6,-11.4716666666667,9.3201756659649,3.80494578245307,-21.2525911806215,-1.69074215271181,TRUE
7547,6,-17.3238888888889,8.11588823554463,3.31329749775687,-25.840991252682,-8.80678652509582,TRUE
7548,6,-16.7544444444444,7.03196279432284,2.87078678938779,-24.1340368192294,-9.3748520696595,TRUE
7549,6,-11.9516666666667,6.60678733492223,2.6972096349403,-18.8850647611475,-5.01826857218588,TRUE
7550,6,-19.2288888888889,15.7810703293769,6.44259498365812,-35.7901065282421,-2.66767124953568,TRUE
7551,6,-16.0355555555556,9.19371830633808,3.75331978156885,-25.6837712093909,-6.38733990172023,TRUE
7552,6,-19.7644444444444,11.2025373448591,4.57341671989631,-31.5207863914053,-8.00810249748357,TRUE
7553,6,-14.2,9.51220923048082,3.88334315687837,-24.1824513806141,-4.21754861938587,TRUE
7554,6,-15.1566666666667,5.90099878551646,2.40907266621643,-21.3493851031706,-8.96394823016278,TRUE
7555,6,-14.2894444444444,8.58206046656931,3.50361151413442,-23.2957645618046,-5.28312432708426,TRUE
7556,6,-17.2233333333333,6.06619778407822,2.47651487496561,-23.5894174866031,-10.8572491800636,TRUE
7557,6,-19.3183333333333,5.41825709984308,2.21199419830463,-25.0044454400281,-13.6322212266386,TRUE
7558,6,-9.19777777777778,12.3452214176924,5.0399155391708,-22.1532931159114,3.75773756035588,TRUE
7559,6,-15.8677777777778,2.89608599217531,1.18232215534191,-18.9070336341701,-12.8285219213855,TRUE
7560,6,-6.03833333333333,7.4286193572935,3.03272115312183,-13.8341912420983,1.75752457543167,FALSE
7561,6,-16.8044444444444,10.6695797411075,4.35583768927501,-28.0014816874748,-5.60740720141405,TRUE
7562,6,-17.1588888888889,7.50430829343804,3.06362103190987,-25.0341774647898,-9.28360031298799,TRUE
7563,6,-10.7366666666667,7.31268638888761,2.98539171696173,-18.4108603865476,-3.06247294678574,TRUE
7564,6,-17.16,7.9378950470372,3.2406320828345,-25.4903099681147,-8.82969003188535,TRUE
7565,6,-10.7577777777778,9.08067879662129,3.70717159497209,-20.2873657413999,-1.22818981415563,TRUE
7566,6,-18.6155555555556,9.20448723097518,3.75771617664208,-28.2750725027084,-8.9560386084027,TRUE
7567,6,-12.6016666666667,10.7045034655721,4.37009524008429,-23.8353541108281,-1.36797922250527,TRUE
7568,6,-22.8138888888889,8.05987549301867,3.29043039137646,-31.2722094843869,-14.3555682933909,FALSE
7569,6,-9.235,7.54174125193321,3.07890297322253,-17.1495720566525,-1.32042794334754,TRUE
7570,6,-10.9844444444444,18.7403530936339,7.65071711316521,-30.6512388851388,8.68234999624995,TRUE
7571,6,-12.3166666666667,15.6683956492751,6.39659573812798,-28.7596394810071,4.12630614767378,TRUE
7572,6,-16.0694444444444,11.4669425192917,4.68135968034824,-28.1032626048278,-4.03562628406105,TRUE
7573,6,-14.3511111111111,11.4161242044685,4.6606131901974,-26.3315987207596,-2.37062350146266,TRUE
7574,6,-18.9255555555556,5.43319127285313,2.21809104890547,-24.6273401156595,-13.2237709954517,TRUE
7575,6,-10.4416666666667,13.3758606369003,5.46067223849741,-24.4787715333116,3.59543819997827,TRUE
7576,6,-16.3488888888889,8.64356322272159,3.52871990919241,-25.4197521905071,-7.27802558727067,TRUE
7577,6,-6.62277777777778,17.8156999945637,7.27322906619768,-25.3192083017676,12.073652746212,TRUE
7578,6,-14.6938888888889,12.728190657254,5.19626207652205,-28.0513057960023,-1.33647198177548,TRUE
7579,6,-14.615,5.75791928082049,2.35066070302388,-20.6575657049373,-8.57243429506272,TRUE
7580,6,-11.7405555555556,8.18318748455682,3.3407723011156,-20.3282841498003,-3.15282696131086,TRUE
7581,6,-15.9488888888889,12.5644221986204,5.12940388325299,-29.1344413388214,-2.76333643895637,TRUE
7582,6,-12.3088888888889,9.8014045856628,4.00140666624151,-22.5948321821234,-2.02294559565441,TRUE
7583,6,-12.2216666666667,15.6500914800308,6.38912309232565,-28.6454304334435,4.20209710011017,TRUE
7584,6,-9.92833333333334,11.3264610046073,4.62400834213652,-21.8147251854603,1.95805851879359,TRUE
7585,6,-7.12555555555556,11.7699635922531,4.80506751535923,-19.4773748295441,5.22626371843299,TRUE
7586,6,-5.16333333333333,12.3714005315126,5.05060311763376,-18.1463219665308,7.81965529986415,TRUE
7587,6,-7.16888888888888,8.61327597160122,3.51635519069967,-16.2079676697469,1.87018989196914,TRUE
7588,6,-13.6794444444444,10.5971714080622,4.32627711109394,-24.8004938021517,-2.55839508673722,TRUE
7589,6,-17.3694444444444,13.404265227766,5.47226836415967,-31.4363581010805,-3.30253078780836,TRUE
7590,6,-10.66,9.39204557058792,3.83428654815121,-20.5163473533022,-0.803652646697824,TRUE
7591,6,-14.08,6.3460251776648,2.59075393002229,-20.7397449931187,-7.42025500688132,TRUE
7592,6,-10.335,6.09671924526262,2.4889752093166,-16.7331144624183,-3.93688553758167,TRUE
7593,6,-13.1972222222222,8.14376200718254,3.32467691737683,-21.7435763153904,-4.65086812905401,TRUE
7594,6,-14.3483333333333,9.63943584102996,3.93528320313657,-24.4643008534009,-4.23236581326577,TRUE
7595,6,-14.3366666666667,12.9447962946935,5.28469095771158,-27.9213972495115,-0.751936083821807,TRUE
7596,6,-21.585,16.1524265462912,6.59420052436651,-38.53593208848,-4.63406791151999,TRUE
7597,6,-15.6622222222222,3.83968903061848,1.56754648266284,-19.6917287370709,-11.6327157073735,TRUE
7598,6,-15.9916666666667,10.8510308266081,4.42991478473345,-27.3791251457192,-4.60420818761411,TRUE
7599,6,-16.9027777777778,7.97537332227335,3.2559325246292,-25.2724187836471,-8.53313677190848,TRUE
7600,6,-9.07722222222223,12.4438521039582,5.08018134822609,-22.1362441177106,3.98179967326615,TRUE
7601,6,-13.5561111111111,11.8175371407952,4.82448933522285,-25.9578557624561,-1.15436645976614,TRUE
7602,6,-9.315,13.6748950432698,5.58275252368764,-23.6659222302442,5.03592223024424,TRUE
7603,6,-15.9638888888889,11.1180238884968,4.5389142458152,-27.6315394026923,-4.29623837508542,TRUE
7604,6,-16.0177777777778,13.2767734813122,5.42022007662165,-29.9508970518926,-2.08465850366291,TRUE
7605,6,-14.2588888888889,17.1755387645294,7.01188433841494,-32.2835114028011,3.7657336250233,TRUE
7606,6,-16.1933333333333,11.1826739000811,4.56530750252298,-27.9288298734131,-4.45783679325358,TRUE
7607,6,-9.22944444444444,11.100573041598,4.53178996740162,-20.8787814175659,2.41989252867704,TRUE
7608,6,-15.8694444444445,8.86170548337475,3.61777611418198,-25.1692340089596,-6.56965487992932,TRUE
7609,6,-6.64944444444445,10.3055015332516,4.2072033833227,-17.4644050404414,4.16551615155252,TRUE
7610,6,-13.1761111111111,7.6871790568356,3.13827770844275,-21.2433107836164,-5.10891143860583,TRUE
7611,6,-9.84055555555556,10.0170475616247,4.0894425425285,-20.3528022732577,0.671691162146598,TRUE
7612,6,-10.8466666666667,12.4343676066689,5.07630931842183,-23.8957351926732,2.20240185933985,TRUE
7613,6,-18.5644444444444,12.3484127035136,5.04121837615168,-31.523308831656,-5.60558005723293,TRUE
7614,6,-8.72333333333334,7.22255602647397,2.94859615058747,-16.3029410386606,-1.14372562800603,TRUE
7615,6,-9.01555555555556,10.2926331080194,4.20194987072066,-19.8170115674844,1.78590045637333,TRUE
7616,6,-13.9211111111111,5.62126979196641,2.29487378280644,-19.8202719722713,-8.02195024995088,TRUE
7617,6,-15.4438888888889,6.90772849516851,2.82006834914106,-22.6931053624438,-8.19467241533401,TRUE
7618,6,-19.8572222222222,4.87246477288066,1.98917541387392,-24.9705604090209,-14.7438840354236,FALSE
7619,6,-6.39055555555555,12.7483102874532,5.20447588115565,-19.7690867196616,6.98797560855046,TRUE
7620,6,-5.70666666666667,8.66173859889316,3.53613997544299,-14.7966038558079,3.38327052247451,TRUE
7621,6,-14.7722222222222,7.59696859621335,3.10144944211175,-22.7447518222591,-6.79969262218537,TRUE
7622,6,-17.5661111111111,7.24799785892372,2.95898273519135,-25.1724183821554,-9.95980384006677,TRUE
7623,6,-18.2794444444445,7.5233802735699,3.07140713519446,-26.1747478360191,-10.3841410528698,TRUE
7624,6,-13.6783333333333,7.24541533201054,2.95792842299397,-21.281930408594,-6.07473625807267,TRUE
7625,6,-19.8544444444444,8.8253026807814,3.60291473225515,-29.116031610526,-10.5928572783629,TRUE
7626,6,-11.5583333333333,15.0391271540457,6.13969795070783,-27.3409293617164,4.22426269504972,TRUE
7627,6,-8.26944444444445,12.345766060866,5.04013788881531,-21.2255313505354,4.68664246164654,TRUE
7628,6,-15.2644444444444,6.6840924478834,2.72876931515081,-22.2789692796129,-8.24991960927601,TRUE
7629,6,-19.7522222222222,12.221915046645,4.98957592398738,-32.5783354599525,-6.92610898449197,TRUE
7630,6,-10.2905555555556,8.06921431303133,3.29424294868157,-18.7586766416094,-1.8224344695017,TRUE
7631,6,-15.9083333333333,18.4390323619339,7.52770343956735,-35.2589110591422,3.44224439247549,TRUE
7632,6,-3.49388888888888,10.4189895898822,4.2535346884302,-14.4279478962165,7.44017011843876,TRUE
7633,6,-8.89833333333333,10.582408201035,4.32025005706331,-20.003889655427,2.20722298876036,TRUE
7634,6,-19.2288888888889,10.9087668447939,4.45348541545597,-30.6769376031312,-7.78084017464653,TRUE
7635,6,-15.7866666666667,14.2060650584335,5.79960177432389,-30.6950176416678,-0.87831569166555,TRUE
7636,6,-13.1572222222222,15.6629757945526,6.39438309170296,-29.5945072478538,3.28006280340939,TRUE
7637,6,-18.4333333333333,9.01906893445462,3.68201947406683,-27.8982657118287,-8.96840095483796,TRUE
7638,6,-18.7027777777778,5.98816923113741,2.44465985162015,-24.9869759866619,-12.4185795688937,TRUE
7639,6,-14.8705555555556,10.9670847775751,4.47729361181727,-26.3798051869035,-3.36130592420757,TRUE
7640,6,-10.4777777777778,10.0680016039081,4.11024444318292,-21.0434974834489,0.0879419278933202,TRUE
7641,6,-13.7694444444444,5.14908985125491,2.10210712921964,-19.1730828473781,-8.36580604151083,TRUE
7642,6,-8.73666666666667,8.08094878917898,3.29903352850834,-17.2171023302054,-0.256231003127946,TRUE
7643,6,-14.6444444444444,9.33629373684981,3.81152595733741,-24.4422838364323,-4.8466050524566,TRUE
7644,6,-5.68777777777778,14.2838405459015,5.83135348412271,-20.6777491212382,9.3021935656826,TRUE
7645,6,-12.9127777777778,12.5013996401588,5.10367503150039,-26.0321921087433,0.2066365531877,TRUE
7646,6,-10.5527777777778,4.46610564470095,1.82327999448017,-15.2396682128676,-5.86588734268797,TRUE
7647,6,-11.2727777777778,8.07972893293021,3.29853552428017,-19.7519332806935,-2.79362227486206,TRUE
7648,6,-13.5366666666667,16.0376430798156,6.5473403704043,-30.3671408945563,3.29380756122297,TRUE
7649,6,-11.1294444444444,4.54473439716126,1.8553800482534,-15.8988506946867,-6.36003819420223,TRUE
7650,6,-8.37777777777779,10.9573215840504,4.47330780475135,-19.8767815658818,3.1212260103262,TRUE
7651,6,-12.0061111111111,9.74944315598854,3.98019350140693,-22.2375242281455,-1.77469799407675,TRUE
7652,6,-15.5194444444444,10.5691888507569,4.31485327991121,-26.61112790922,-4.42776097966892,TRUE
7653,6,-12.7394444444444,6.99878891639805,2.85724361043694,-20.0842229694216,-5.39466591946734,TRUE
7654,6,-11.1666666666667,11.3259599544095,4.62380378924987,-23.0525326988587,0.71919936552541,TRUE
7655,6,-8.85777777777778,4.7324354390932,1.9320086777404,-13.824164191069,-3.89139136448657,FALSE
7656,6,-12.7588888888889,9.13611458058783,3.72980315900696,-22.3466531399311,-3.17112463784666,TRUE
7657,6,-17.9966666666667,6.24020227592379,2.5475519112946,-24.5453573351811,-11.4479759981522,TRUE
7658,6,-19.2583333333333,8.2914091417295,3.38495360764751,-27.9596335916236,-10.557033075043,TRUE
7659,6,-12.33,7.00151951761584,2.85835837371604,-19.6776441152134,-4.98235588478659,TRUE
7660,6,-20.2966666666667,8.13337923484316,3.320438168319,-28.832124708501,-11.7612086248323,TRUE
7661,6,-19.6244444444445,9.96797397594844,4.06940833506922,-30.0851915923604,-9.16369729652849,TRUE
7662,6,-18.1011111111111,6.32062045711993,2.58038249629013,-24.7341954850684,-11.4680267371538,TRUE
7663,6,-22.1577777777778,9.21777212578848,3.7631397122386,-31.83123636702,-12.4843191885356,TRUE
7664,6,-10.9916666666667,8.75772592248314,3.5753266362048,-20.1823363741614,-1.80099695917192,TRUE
7665,6,-14.2233333333333,8.03994250946831,3.28229278491818,-22.6607355454841,-5.78593112118253,TRUE
7666,6,-16.0044444444444,11.966102803181,4.88514101291348,-28.5620991967618,-3.44678969212707,TRUE
7667,6,-11.4727777777778,12.5306623779284,5.1156214941691,-24.6229014686796,1.67734591312401,TRUE
7668,6,-16.0022222222222,8.0106575306946,3.27033724239754,-24.4088917339343,-7.59555271051015,TRUE
7669,6,-9.49888888888889,9.47815468835027,3.86944044827105,-19.4456022192909,0.447824441513104,TRUE
7670,6,-13.4916666666667,6.81708988091286,2.78306528982117,-20.6457637480709,-6.33756958526244,TRUE
7671,6,-17.4016666666667,10.5262703640833,4.29733188109742,-28.4483099419165,-6.35502339141681,TRUE
7672,6,-17.7855555555555,11.1493355390787,4.55169717363687,-29.4860656314236,-6.08504547968746,TRUE
7673,6,-14.8083333333333,6.58506449812334,2.68834132395313,-21.7189347086777,-7.89773195798894,TRUE
7674,6,-10.1455555555556,11.9799880665247,4.89080964793618,-22.7177819980951,2.42667088698404,TRUE
7675,6,-23.6216666666667,13.8426321758384,5.65123092130608,-38.1486182219624,-9.09471511137099,TRUE
7676,6,-9.45944444444445,11.6693334888533,4.76398544767708,-21.7056589014789,2.78677001259,TRUE
7677,6,-10.3361111111111,9.3496681858334,3.81698605327085,-20.1479861265263,-0.524236095695921,TRUE
7678,6,-8.92,3.46553507172172,1.41479876857296,-12.5568560155743,-5.28314398442574,FALSE
7679,6,-17.7072222222222,13.9935989202471,5.71286283662784,-32.3926036595395,-3.02184078490497,TRUE
7680,6,-3.81444444444444,7.58244483195423,3.09552014018187,-11.7717322886423,4.14284339975344,FALSE
7681,6,-18.0705555555556,10.9379931973459,4.46541702392183,-29.5492754457902,-6.59183566532093,TRUE
7682,6,-14.5144444444444,11.2584225590674,4.59623176305907,-26.3294343269388,-2.69945456195012,TRUE
7683,6,-24.5066666666667,4.61257026444524,1.88307392510422,-29.3472622936999,-19.6660710396334,FALSE
7684,6,-21.61,11.2970959886945,4.6120201245907,-33.465575157862,-9.75442484213802,TRUE
7685,6,-11.4266666666667,5.06661578921824,2.06843723438556,-16.743753849532,-6.10957948380133,TRUE
7686,6,-19.7538888888889,7.13126618542649,2.91132722904312,-27.2376937814605,-12.2700839963172,TRUE
7687,6,-10.7588888888889,9.2351436652885,3.77023161354221,-20.4505777908023,-1.0671999869755,TRUE
7688,6,-20.4411111111111,16.0080958221724,6.53527775298357,-37.2405773937688,-3.64164482845344,TRUE
7689,6,-13.5994444444444,7.14707443384794,2.9177809194364,-21.0998390763139,-6.099049812575,TRUE
7690,6,-19.5883333333333,5.8817362327047,2.40120876196105,-25.7608369604012,-13.4158297062655,TRUE
7691,6,-16.5344444444444,6.71053257256139,2.73956345085026,-23.5767164887733,-9.49217240011563,TRUE
7692,6,-14.6016666666667,11.9930966717432,4.89616121360701,-27.1876497467119,-2.01568358662144,TRUE
7693,6,-12.3522222222222,11.4405389668429,4.67058047519884,-24.358331553646,-0.346112890798468,TRUE
7694,6,-11.13,13.4018676973688,5.47128957647369,-25.1943976027896,2.93439760278956,TRUE
7695,6,-10.8538888888889,11.3680181829291,4.64097398914293,-22.7838923250403,1.07611454726253,TRUE
7696,6,-19.04,10.0827500657751,4.11626547752711,-29.621197267188,-8.45880273281198,TRUE
7697,6,-17.4605555555556,12.0896750101834,4.93558915517104,-30.1478913860018,-4.7732197251093,TRUE
7698,6,-6.87555555555556,14.1315900916535,5.7691974964536,-21.7057498461377,7.95463873502655,TRUE
7699,6,-8.48055555555555,10.3521854733227,4.22626202204884,-19.3445079420739,2.3833968309628,TRUE
7700,6,-19.3994444444445,12.0509882336432,4.91979534478497,-32.0461809927968,-6.7527078960921,TRUE
7701,6,-11.8255555555555,15.8002912303211,6.45044188360977,-28.4069442933905,4.75583318227942,TRUE
7702,6,-14.5394444444444,6.71949383565514,2.74322187118868,-21.5911207576423,-7.48776813124658,TRUE
7703,6,-9.39833333333333,7.83213288674008,3.19745486169744,-17.6176527210798,-1.17901394558688,TRUE
7704,6,-16.8183333333333,11.766631680779,4.80370726819594,-29.166655980672,-4.47001068599471,TRUE
7705,6,-4.47000000000001,18.3545049874229,7.49319528342586,-23.7318716864502,14.7918716864502,TRUE
7706,6,-15.4344444444444,7.86985970979482,3.21285677271417,-23.6933557048846,-7.17553318400429,TRUE
7707,6,-18.4227777777778,8.2917172639439,3.3850793980148,-27.1244013905013,-9.72115416505424,TRUE
7708,6,-10.8527777777778,10.3286181536042,4.21664070406295,-21.6919977790467,-0.0135577765088364,TRUE
7709,6,-19.245,7.88350704530244,3.21842827410454,-27.5182332607115,-10.9717667392885,TRUE
7710,6,-11.3433333333333,8.93208001158371,3.64650639501549,-20.7169764358918,-1.96969023077485,TRUE
7711,6,-18.9955555555556,9.11374387435852,3.72067035643237,-28.5598431901911,-9.43126792092002,TRUE
7712,6,-17.3088888888889,13.8508486168685,5.65458526931032,-31.8444630702347,-2.77331470754312,TRUE
7713,6,-14.8488888888889,6.14071644993632,2.50693699290982,-21.2931755859476,-8.40460219183018,TRUE
7714,6,-12.8388888888889,13.9079445987882,5.67789460632141,-27.4343816285561,1.75660385077833,TRUE
7715,6,-18.6238888888889,6.79724859914058,2.77496512045703,-25.75716382206,-11.4906139557177,TRUE
7716,6,-13.4933333333333,6.66558691255984,2.72121446199085,-20.4884378001979,-6.4982288664688,TRUE
7717,6,-19.3716666666667,10.7293488981288,4.38023834545142,-30.6314277932417,-8.11190554009159,TRUE
7718,6,-10.8011111111111,14.167905148479,5.7840230563207,-25.6694157165907,4.06719349436852,TRUE
7719,6,-12.1716666666667,7.16504625091686,2.92511788303132,-19.6909215638819,-4.65241176945141,TRUE
7720,6,-18.1044444444444,8.91121881342506,3.63798984653019,-27.4561950621643,-8.75269382672458,TRUE
7721,6,-16.0772222222222,11.6045710182892,4.73754627978307,-28.255472634519,-3.89897180992546,TRUE
7722,6,-15.9411111111111,4.9339029701159,2.01425745286439,-21.1189247317394,-10.7632974904828,TRUE
7723,6,-14.5705555555556,12.2031636001429,4.98192067800917,-27.3769903570269,-1.76412075408425,TRUE
7724,6,-13.1666666666667,11.8387212147259,4.8331376971901,-25.5906426401927,-0.742690693140659,TRUE
7725,6,-10.6305555555556,8.69415880964958,3.54937547106078,-19.7545156693175,-1.50659544179364,TRUE
7726,6,-15.7588888888889,10.147850712051,4.14284270507732,-26.4084050944591,-5.10937268331873,TRUE
7727,6,-10.6922222222222,10.4067090895285,4.24852119515474,-21.6133936348029,0.228949190358424,TRUE
7728,6,-10.2222222222222,10.8350625628439,4.42339576835001,-21.5929230361733,1.14847859172886,TRUE
7729,6,-11.7477777777778,7.98947047798029,3.26168766434695,-20.1322128412671,-3.36334271428846,TRUE
7730,6,-12.6116666666667,4.59143441638885,1.87444525126769,-17.4300815814701,-7.79325175186319,TRUE
7731,6,-12.8777777777778,10.3675570178571,4.23253742882679,-23.7578616109708,-1.9976939445848,TRUE
7732,6,-13.0561111111111,6.07740164385576,2.48108883156639,-19.4339529941358,-6.67826922808643,TRUE
7733,6,-20.2188888888889,9.09848770502651,3.71444205138355,-29.7671661556991,-10.6706116220786,TRUE
7734,6,-10.61,10.892720300988,4.44693444137936,-22.0412088992753,0.821208899275298,TRUE
7735,6,-15.495,13.0686081465812,5.3352369345839,-29.2096631528573,-1.78033684714267,TRUE
7736,6,-8.16944444444444,10.8062591773198,4.41163683545022,-19.5099179590768,3.17102907018796,TRUE
7737,6,-15.4077777777778,8.12092651163692,3.31535436535843,-23.9301674880657,-6.88538806748982,TRUE
7738,6,-17.1127777777778,11.0145034520988,4.49665220462765,-28.6717902561676,-5.55376529938795,TRUE
7739,6,-14.9222222222222,8.5213031519485,3.4788074443073,-23.864781448235,-5.97966299620948,TRUE
7740,6,-11.5833333333333,5.27123135519587,2.15197118939822,-17.1151513836131,-6.05151528305358,TRUE
7741,6,-10.9483333333333,19.0162357240099,7.76334572538489,-30.9046488387726,9.00798217210589,TRUE
7742,6,-15.0216666666667,11.4225925739786,4.66325389099198,-27.008942413811,-3.03439091952232,TRUE
7743,6,-12.9383333333333,9.17854569695609,3.74712558972677,-22.570626310133,-3.30604035653369,TRUE
7744,6,-18.1711111111111,5.9342724600097,2.42265658694575,-24.3987481274985,-11.9434740947237,TRUE
7745,6,-11.87,10.6466491337781,4.34647630803347,-23.0429730464544,-0.697026953545558,TRUE
7746,6,-12.7622222222222,9.869261745815,4.02910923586938,-23.1193772377425,-2.4050672067019,TRUE
7747,6,-11.7927777777778,13.2399666694221,5.40519375859009,-25.6872706717042,2.10171511614867,TRUE
7748,6,-11.7255555555556,7.48916570540156,3.05743909623078,-19.5849529598907,-3.86615815122041,TRUE
7749,6,-13.1744444444444,3.30591770191756,1.34963525022207,-16.6437923033998,-9.70509658548913,TRUE
7750,6,-19.6622222222222,10.4519851738354,4.26700507917193,-30.6309079713095,-8.69353647313498,TRUE
7751,6,-10.2911111111111,5.25477419608605,2.14525258232575,-15.8056584320896,-4.77656379013264,TRUE
7752,6,-16.7088888888889,3.65113660638965,1.49057027780861,-20.5405217697631,-12.8772560080147,TRUE
7753,6,-15.8555555555556,9.78206628175974,3.99351183673261,-26.121204543459,-5.58990656765209,TRUE
7754,6,-18.3505555555556,6.76428740327273,2.76150876859234,-25.4492398350494,-11.2518712760617,TRUE
7755,6,-16.3061111111111,7.46132321200966,3.04607244590128,-24.1362896105772,-8.47593261164499,TRUE
7756,6,-9.7561111111111,6.59396033980815,2.69197303611319,-16.6760480997664,-2.83617412245579,TRUE
7757,6,-20.1677777777778,11.1638142957338,4.55760810128935,-31.8834823769011,-8.45207317865447,TRUE
7758,6,-16.1416666666667,12.2539943147802,5.00267223036293,-29.0014450316798,-3.28188830165351,TRUE
7759,6,-16.4227777777778,7.15344374461751,2.92038117966951,-23.9298565913704,-8.91569896418518,TRUE
7760,6,-14.6455555555556,7.58677172354521,3.09728658627691,-22.607384193999,-6.68372691711213,TRUE
7761,6,-4.39555555555556,7.51763546355919,3.06906182632855,-12.2848301387605,3.49371902764942,FALSE
7762,6,-16.095,8.79880339086576,3.59209644244859,-25.3287778668122,-6.86122213318783,TRUE
7763,6,-12.5022222222222,9.64839414771337,3.93894041652552,-22.6275909085965,-2.37685353584797,TRUE
7764,6,-12.2572222222222,6.82206922557361,2.78509809876656,-19.4165448053768,-5.09789963906768,TRUE
7765,6,-11.8844444444444,10.1282809041848,4.13485336447122,-22.5134233961739,-1.25546549271501,TRUE
7766,6,-16.9038888888889,8.68061682822819,3.543846980296,-26.0136375647124,-7.79414021306539,TRUE
7767,6,-9.15222222222221,4.78273221155098,1.95254224911214,-14.1713918611023,-4.13305258334208,TRUE
7768,6,-11.8388888888889,9.46453583217468,3.86388057351929,-21.7713101062456,-1.90646767153219,TRUE
7769,6,-20.5,13.1696389893995,5.37648260344857,-34.3206885200395,-6.67931147996045,TRUE
7770,6,-15.6144444444444,6.24218468403728,2.54836122601793,-22.165215522686,-9.06367336620287,TRUE
7771,6,-18.8694444444444,14.2670282534656,5.82448989447696,-33.8417723690342,-3.8971165198547,TRUE
7772,6,-12.0044444444444,7.80193015055082,3.18512464628084,-20.1920680044115,-3.81682088447737,TRUE
7773,6,-16.9077777777778,14.9792042017765,6.11523450788437,-32.6274885244017,-1.18806703115384,TRUE
7774,6,-13.875,10.8063382121584,4.411669101288,-25.2155564566089,-2.53444354339109,TRUE
7775,6,-18.4055555555555,10.675792901423,4.35837420135219,-29.6091131104574,-7.20199800065367,TRUE
7776,6,-13.0072222222222,7.83260575817288,3.19764791065149,-21.2270378581034,-4.7874065863411,TRUE
7777,6,-21.7127777777778,5.04304159397069,2.05881310947669,-27.0051253599685,-16.4204301955871,FALSE
7778,6,-14.8294444444444,7.43568854068499,3.03560713515638,-22.6327210062054,-7.02616788268346,TRUE
7779,6,-19.7577777777778,15.1933919359213,6.20267628418731,-35.7022647662418,-3.81329078931373,TRUE
7780,6,-12.3805555555556,17.496512213285,7.14292120015368,-30.7420190460522,5.98090793494104,TRUE
7781,6,-22.0716666666667,8.28837358392264,3.38371434636226,-30.7697813024075,-13.3735520309258,TRUE
7782,6,-8.43055555555556,8.01878472828137,3.2736551569186,-16.8457540380677,-0.0153570730434502,TRUE
7783,6,-13.6883333333333,11.5890758427447,4.73122040085658,-25.8503225561672,-1.52634411049945,TRUE
7784,6,-15.2783333333333,8.2575890347405,3.37114660678595,-23.9441415660043,-6.61252510066237,TRUE
7785,6,-13.7877777777778,12.4307036837853,5.07481352816821,-26.8330012525284,-0.74255430302715,TRUE
7786,6,-9.19055555555555,14.9176078536096,6.09008790404641,-24.8456248991257,6.46451378801458,TRUE
7787,6,-18.6438888888889,10.2076262158723,4.16724595232397,-29.3561356385618,-7.93164213921593,TRUE
7788,6,-9.69666666666666,6.8959708042692,2.81526829193161,-16.9335442003489,-2.45978913298439,TRUE
7789,6,-7.26722222222222,12.9774341611664,5.2980153109035,-20.8862041453538,6.35175970090939,TRUE
7790,6,-12.8483333333333,9.28829077686285,3.79192883098553,-22.5957967082904,-3.1008699583763,TRUE
7791,6,-12.6961111111111,8.17813654859146,3.3387102651425,-21.2785390731389,-4.1136831490833,TRUE
7792,6,-21.2238888888889,9.0582008065538,3.69799499395398,-30.729887648621,-11.7178901291568,TRUE
7793,6,-15.5966666666667,8.28429330453453,3.38204857927745,-24.2904993117969,-6.90283402153646,TRUE
7794,6,-20.6077777777778,10.1694214118529,4.15164890639554,-31.2799310444975,-9.93562451105802,TRUE
7795,6,-17.7405555555556,15.1696988055746,6.19300360422754,-33.6601781286131,-1.82093298249802,TRUE
7796,6,-11.2933333333333,11.8017333943413,4.81803748275013,-23.6784929699057,1.09182630323907,TRUE
7797,6,-22.2583333333333,6.50315367939109,2.65490137223519,-29.082974576207,-15.4336920904596,FALSE
7798,6,-15.0494444444445,9.8995565370187,4.04147703258824,-25.4383918935571,-4.66049699533177,TRUE
7799,6,-12.5105555555556,5.35555180958838,2.1863948707551,-18.130862495847,-6.89024861526409,TRUE
7800,6,-11.5633333333333,11.5231481038049,4.70430551414025,-23.656135637266,0.529468970599353,TRUE
7801,6,-24.0394444444444,8.04824657692363,3.28568290626071,-32.485561240939,-15.5933276479499,FALSE
7802,6,-11.4394444444444,7.06455673427936,2.88409320965452,-18.8532420614644,-4.0256468274245,TRUE
7803,6,-14.87,7.02391945031009,2.86750310794497,-22.241151402914,-7.49884859708598,TRUE
7804,6,-13.1533333333333,11.3798277667107,4.64579523153285,-25.0957301675975,-1.21093649906919,TRUE
7805,6,-17.4438888888889,14.3338126147259,5.85175449579119,-32.4863027023729,-2.40147507540492,TRUE
7806,6,-9.14222222222221,9.34851994623669,3.81651728641845,-18.9528922340815,0.668447789637053,TRUE
7807,6,-10.0894444444445,6.98957808825769,2.85348330559488,-17.4245567980981,-2.7543320907908,TRUE
7808,6,-13.5972222222222,4.56544091416598,1.86383344842204,-18.3883586293873,-8.80608581505714,TRUE
7809,6,-18.22,3.06674420191838,1.25199307772314,-21.4383506639375,-15.0016493360625,FALSE
7810,6,-10.8772222222222,16.4376072084942,6.71062504218423,-28.1274330614272,6.37298861698273,TRUE
7811,6,-8.02444444444444,12.2199570224134,4.98877656394213,-20.8485028617622,4.79961397287335,TRUE
7812,6,-10.7327777777778,7.59012967731899,3.09865746516451,-18.6981303725885,-2.76742518296702,TRUE
7813,6,-23.2055555555556,8.34184063532655,3.40554217869405,-31.9597804205998,-14.4513306905113,FALSE
7814,6,-17.995,8.38427860807224,3.42286740851823,-26.7937607861285,-9.1962392138715,TRUE
7815,6,-18.3416666666667,12.177871324661,4.97159514978174,-31.1215588528332,-5.56177448050013,TRUE
7816,6,-22.1616666666667,10.5613950572619,4.31167147704065,-33.2451710467786,-11.0781622865548,TRUE
7817,6,-14.4455555555556,12.7200806542982,5.1929511816797,-27.7944615365275,-1.09664957458358,TRUE
7818,6,-9.68277777777778,8.38244393338222,3.42211840571247,-18.479613190899,-0.885942364656604,TRUE
7819,6,-15.8183333333333,6.54717912115167,2.67287468357087,-22.6891764438528,-8.9474902228139,TRUE
7820,6,-22.0566666666667,10.393305110075,4.24304904345745,-32.9637714654924,-11.1495618678409,TRUE
7821,6,-14.3355555555556,17.3479347046995,7.0822646862723,-32.5410965132557,3.86998540214454,TRUE
7822,6,-8.91555555555555,12.0721200691081,4.92842238048788,-21.5844686051812,3.75335749407007,TRUE
7823,6,-19.7572222222222,9.91096685869114,4.04613527690466,-30.1581440695607,-9.3563003748838,TRUE
7824,6,-11.3366666666667,11.5796244421925,4.72736188273866,-23.4887372529141,0.815403919580811,TRUE
7825,6,-13.745,9.4346083355084,3.85166272416742,-23.6460142357422,-3.84398576425776,TRUE
7826,6,-9.19777777777777,9.5482947091013,3.89807499183575,-19.2180985457389,0.822542990183388,TRUE
7827,6,-15.6627777777778,11.3603161960429,4.63782966616344,-27.5846984743927,-3.74085708116282,TRUE
7828,6,-15.5827777777778,10.3140739696713,4.21070306583615,-26.4067345940743,-4.75882096148122,TRUE
7829,6,-12.2144444444445,8.11752169806269,3.31396435603741,-20.7332610220204,-3.6956278668685,TRUE
7830,6,-14.7722222222222,8.1688771611571,3.33493013605168,-23.3449330530728,-6.19951139137163,TRUE
7831,6,-19.3377777777778,11.4957228116793,4.69310918551449,-31.4017990027193,-7.2737565528363,TRUE
7832,6,-12.0594444444444,8.51331960757617,3.47554817596546,-20.9936254544602,-3.12526343442872,TRUE
7833,6,-13.9555555555556,10.0884760806392,4.11860311330654,-24.5427619068165,-3.36834920429461,TRUE
7834,6,-8.42722222222223,6.06878293369406,2.47757025787687,-14.7960193236333,-2.05842512081117,TRUE
7835,6,-11.8566666666667,8.9596267283359,3.65775229503747,-21.259218275547,-2.45411505778631,TRUE
7836,6,-8.28777777777778,15.5968309696649,6.36737958001951,-24.6556480667775,8.08009251122195,TRUE
7837,6,-9.88222222222222,14.4057910680496,5.88113957631082,-25.0001727899287,5.23572834548422,TRUE
7838,6,-13.7711111111111,8.80060772312323,3.59283305800813,-23.0067825085005,-4.53543971372174,TRUE
7839,6,-9.915,9.64082517215203,3.93585039519204,-20.0324255336627,0.202425533662675,TRUE
7840,6,-16.4144444444444,15.3477369546663,6.26568737423158,-32.5209065964199,-0.307982292468967,TRUE
7841,6,-13.6022222222222,7.49418223740305,3.05948708684444,-21.4668841540284,-5.73756029041604,TRUE
7842,6,-20.5733333333333,8.30181318882943,3.38920104208997,-29.2855519694495,-11.8611146972172,TRUE
7843,6,-12.2366666666667,8.28823315845355,3.38365701790457,-20.9346339349155,-3.53869939841785,TRUE
7844,6,-16.2122222222222,12.9638716210632,5.29247842709203,-29.8169711324021,-2.60747331204239,TRUE
7845,6,-17.0988888888889,8.87265603893137,3.6222466597676,-26.4101703566818,-7.78760742109598,TRUE
7846,6,-11.6766666666667,7.46479440812375,3.04748955578073,-19.510487963048,-3.84284537028535,TRUE
7847,6,-5.98666666666666,4.36152572692936,1.78058542183307,-10.5638072088296,-1.40952612450375,FALSE
7848,6,-16.3688888888889,6.2004288979488,2.53131449773033,-22.8758399570373,-9.86193782074044,TRUE
7849,6,-15.3888888888889,11.2585688189864,4.59629147342093,-27.2040322617548,-3.57374551602297,TRUE
7850,6,-16.5661111111111,8.59123879740717,3.50735855200829,-25.5820632959673,-7.55015892625491,TRUE
7851,6,-17.1522222222222,6.18240070834288,2.52395452014356,-23.6402538656754,-10.664190578769,TRUE
7852,6,-9.045,10.8902218628558,4.44591445828306,-20.4735869492553,2.3835869492553,TRUE
7853,6,-16.1205555555556,5.33802727467603,2.17924050933596,-21.7224716243374,-10.5186394867737,TRUE
7854,6,-14.0505555555556,5.4742546592275,2.23485510619347,-19.7954334968155,-8.30567761429557,TRUE
7855,6,-17.7761111111111,7.54074397056615,3.07849583480931,-25.689636585154,-9.86258563706825,TRUE
7856,6,-4.98111111111111,10.7151433166475,4.37443894109664,-16.2259643941943,6.26374217197207,TRUE
7857,6,-12.0027777777778,13.7372794357652,5.60822084527551,-26.4191684128799,2.41361285732438,TRUE
7858,6,-8.72722222222222,11.9766430868432,4.88944406569959,-21.2959383238694,3.84149387942492,TRUE
7859,6,-14.8672222222222,12.4656601049384,5.08908442734467,-27.949130211174,-1.78531423327039,TRUE
7860,6,-17.6788888888889,5.32798092533567,2.17513910439236,-23.2702619606221,-12.0875158171556,TRUE
7861,6,-19.1216666666667,15.9805224153238,6.52402095677539,-35.8921964334641,-2.3511368998692,TRUE
7862,6,-17.0972222222222,7.53402280522362,3.0757519305483,-25.003694265813,-9.19075017863143,TRUE
7863,6,-11.9311111111111,10.2630226577785,4.18986145502995,-22.7014928612438,-1.16072936097839,TRUE
7864,6,-14.9344444444444,4.70188740668948,1.91953749573455,-19.8687726638025,-10.0001162250864,TRUE
7865,6,-2.70888888888889,5.823544803131,2.37745221031794,-8.8203243558256,3.40254657804782,FALSE
7866,6,-11.5811111111111,11.1682223128674,4.5594076667485,-23.3014416405157,0.139219418293521,TRUE
7867,6,-17.2383333333333,9.66135917514255,3.94423336680931,-27.377307981564,-7.09935868510267,TRUE
7868,6,-10.5961111111111,7.70053920670976,3.14373196678921,-18.6773314010487,-2.51489082117354,TRUE
7869,6,-6.345,9.44013200237276,3.85391775172188,-16.2518109686126,3.56181096861262,TRUE
7870,6,-21.9161111111111,10.211604165342,4.16886994339453,-32.6325324627313,-11.199689759491,TRUE
7871,6,-24.9883333333333,8.754924899735,3.57418312345632,-34.176063547728,-15.8006031189387,FALSE
7872,6,-15.9055555555555,8.15788225968989,3.33044148632387,-24.4667279449493,-7.3443831661618,TRUE
7873,6,-16.0938888888889,13.1112830826763,5.35265890429037,-29.8533366406147,-2.33444113716308,TRUE
7874,6,-9.60555555555555,9.12528761596445,3.72538306920855,-19.1819576040501,-0.0291535070610056,TRUE
7875,6,-17.5894444444444,9.07708749585501,3.70570545257371,-27.1152635690489,-8.06362531984,TRUE
7876,6,-13.2683333333333,8.7324075209023,3.56499044204214,-22.4324330078639,-4.10423365880273,TRUE
7877,6,-6.77611111111111,11.1276057955313,4.54282604298141,-18.4538172196547,4.9015949974325,TRUE
7878,6,-11.6711111111111,7.61219771643342,3.10766670440686,-19.6596226926712,-3.68259952955106,TRUE
7879,6,-10.6244444444444,6.4267187641964,2.62369694877521,-17.3688721631804,-3.88001672570847,TRUE
7880,6,-8.99722222222222,9.19059069959093,3.75204294146108,-18.6421556540695,0.647711209625065,TRUE
7881,6,-13.9366666666667,12.3508633976199,5.04221886783102,-26.8981028996158,-0.975230433717551,TRUE
7882,6,-13.065,9.10385821750562,3.71663455392206,-22.6189132740103,-3.51108672598968,TRUE
7883,6,-16.9483333333333,10.5039503151063,4.28821975925951,-27.9715531537026,-5.9251135129641,TRUE
7884,6,-12.9922222222222,14.9160387453188,6.08944731826915,-28.6456448876292,2.66120044318471,TRUE
7885,6,-17.6316666666667,6.63848233994621,2.71014906655759,-24.5983266290263,-10.665006704307,TRUE
7886,6,-14.43,10.9221802870225,4.45896143031503,-25.8921252585707,-2.96787474142927,TRUE
7887,6,-22.8422222222222,7.31797988721134,2.98755277860296,-30.5219711279038,-15.1624733165406,FALSE
7888,6,-10.4683333333333,7.28157209826437,2.97268936100579,-18.1098746077241,-2.82679205894251,TRUE
7889,6,-18.0355555555556,8.11511940534229,3.31298362414111,-26.5518510815333,-9.51926002957785,TRUE
7890,6,-13.8727777777778,15.2601534019764,6.22993153857317,-29.8873266280918,2.14177107253621,TRUE
7891,6,-18.3694444444444,10.6508571207864,4.34819421153593,-29.5468335024377,-7.19205538645122,TRUE
7892,6,-23.2377777777778,5.44891453682563,2.22451004454275,-28.9560628914699,-17.5194926640856,FALSE
7893,6,-9.71555555555556,12.1776815284112,4.97151766578724,-22.4952485627733,3.06413745166216,TRUE
7894,6,-12.8044444444444,6.20291675716322,2.53233016200153,-19.3140063607196,-6.29488252816934,TRUE
7895,6,-23.4255555555556,8.90420591422745,3.63512684242158,-32.7699465869185,-14.0811645241927,FALSE
7896,6,-11.6216666666667,11.9581859921236,4.88190898833339,-24.1710132353061,0.927679901972805,TRUE
7897,6,-13.3783333333333,10.7572961803193,4.39164777562878,-24.6674233338773,-2.08924333278937,TRUE
7898,6,-20.2072222222222,7.58401869918776,3.09616266878937,-28.1661617387874,-12.248282705657,TRUE
7899,6,-13.8,8.66560224232697,3.53771730126981,-22.8939918342605,-4.70600816573951,TRUE
7900,6,-20.2211111111111,13.0483580349179,5.32696986111566,-33.9145230750771,-6.5276991471451,TRUE
7901,6,-16.1544444444444,9.49579829109619,3.87664341892969,-26.1196736003842,-6.18921528850472,TRUE
7902,6,-11.7616666666667,8.54394984119691,3.48805291647763,-20.7279921355023,-2.795341197831,TRUE
7903,6,-9.34888888888889,10.3954376032451,4.24391963014858,-20.2582316020492,1.56045382427144,TRUE
7904,6,-15.1505555555555,6.82814092696677,2.78757686048052,-22.3162499985469,-7.98486111256422,TRUE
7905,6,-21.2961111111111,9.6900162634118,3.9559325741049,-31.4651595291072,-11.1270626931151,TRUE
7906,6,-16.4483333333333,9.82659989800925,4.01169260943465,-26.7607174853025,-6.13594918136418,TRUE
7907,6,-10.765,11.7991733702926,4.81699235730869,-23.1474730560967,1.61747305609667,TRUE
7908,6,-10.5638888888889,10.4420394807968,4.26294476699145,-21.522137273238,0.394359495460206,TRUE
7909,6,-14.4694444444444,6.92774788374554,2.82824123030376,-21.739669977861,-7.1992189110279,TRUE
7910,6,-17.9911111111111,10.1931795642787,4.16134813150798,-28.6881970297246,-7.29402519249758,TRUE
7911,6,-13.2194444444444,5.84954183074449,2.3880654523983,-19.3581621186901,-7.08072677019877,TRUE
7912,6,-15.5427777777778,6.75782424442353,2.75887019504115,-22.634679388029,-8.45087616752658,TRUE
7913,6,-14.0594444444445,9.16132824350187,3.74009659378794,-23.673668811961,-4.44522007692791,TRUE
7914,6,-17.6233333333333,13.6857034894082,5.58716505334622,-31.9855983321671,-3.26106833449953,TRUE
7915,6,-17.5255555555556,10.2302077021745,4.17646480550297,-28.2615001217558,-6.78961098935528,TRUE
7916,6,-12.0083333333333,6.66692624494642,2.72176124214804,-19.004843343338,-5.01182332332866,TRUE
7917,6,-12.0411111111111,6.06710572281808,2.476885539404,-18.4081480876533,-5.67407413456894,TRUE
7918,6,-16.5994444444444,13.0707623541444,5.33611638613887,-30.3163682994943,-2.88252058939458,TRUE
7919,6,-10.0005555555556,7.66024351706529,3.1272813203788,-18.039488112646,-1.96162299846508,TRUE
7920,6,-13.2894444444444,7.61115158951117,3.10723962487925,-21.2768581831284,-5.30203070576045,TRUE
7921,6,-12.7888888888889,12.9049473143126,5.26842267959436,-26.3318005315085,0.754022753730766,TRUE
7922,6,-11.5377777777778,5.30824669386823,2.16708263813216,-17.1084410436831,-5.96711451187244,TRUE
7923,6,-5.23055555555556,9.828938547115,4.01264735893406,-15.5453939692455,5.08428285813438,TRUE
7924,6,-19.7683333333333,8.75975082091063,3.57615329752619,-28.9611280414051,-10.5755386252616,TRUE
7925,6,-10.1138888888889,10.5379220841612,4.30208867590019,-21.1727598944546,0.94498211667683,TRUE
7926,6,-17.3955555555555,11.3250270868779,4.62342294767485,-29.2804426033126,-5.51066850779847,TRUE
7927,6,-18.2672222222222,12.540579716649,5.11967023074777,-31.4277535218304,-5.10669092261404,TRUE
7928,6,-13.8972222222222,8.3940617678787,3.42686136678455,-22.7062498049224,-5.08819463952202,TRUE
7929,6,-16.1244444444444,10.9701096250304,4.47852850061984,-27.6368684585173,-4.61202043037156,TRUE
7930,6,-11.7055555555555,11.836303414433,4.83215063435386,-24.1269942032841,0.715883092172987,TRUE
7931,6,-17.1488888888889,15.6726040758554,6.39831382108493,-33.5962781760706,-0.701499601707191,TRUE
7932,6,-9.86555555555555,8.42832016126231,3.44084729731745,-18.7105351172381,-1.02057599387302,TRUE
7933,6,-8.17,9.91569731957028,4.04806647947168,-18.5758861615781,2.23588616157814,TRUE
7934,6,-16.9738888888889,8.41076147078958,3.43367899194917,-25.8004417349994,-8.14733604277834,TRUE
7935,6,-14.8888888888889,16.1178159075487,6.58007079026801,-31.8034993395529,2.02572156177515,TRUE
7936,6,-15.3527777777778,9.30557835486428,3.79898645515087,-25.118383353217,-5.58717220233857,TRUE
7937,6,-8.10166666666667,15.5291549101109,6.33975094440129,-24.3985152868028,8.19518195346946,TRUE
7938,6,-6.67611111111111,2.22182049146557,0.907054417358398,-9.00776872030629,-4.34445350191594,FALSE
7939,6,-11.8405555555556,5.24646057056741,2.14185855892021,-17.346378261618,-6.33473284949311,TRUE
7940,6,-14.9022222222222,9.67748651175424,3.95081732441076,-25.0581214722698,-4.74632297217465,TRUE
7941,6,-15.1622222222222,8.61679617353783,3.51779230712238,-24.2049952284522,-6.11944921599228,TRUE
7942,6,-16.8294444444444,7.86290232439415,3.21001643201825,-25.0810543766846,-8.57783451220425,TRUE
7943,6,-16.0094444444444,12.0168778375651,4.90586983389903,-28.6203843274614,-3.39850456142746,TRUE
7944,6,-15.5905555555555,7.71880399966116,3.1511885372873,-23.6909435701716,-7.49016754093945,TRUE
7945,6,-10.0094444444444,10.2514637256598,4.18514254075292,-20.7676958392527,0.748806950363809,TRUE
7946,6,-14.6494444444444,10.0016537336286,4.0831580385654,-25.1455363304131,-4.15335255847582,TRUE
7947,6,-11.1488888888889,8.07641385397881,3.29718214896551,-19.6245654298039,-2.67321234797385,TRUE
7948,6,-20.0833333333333,7.8159352891669,3.19084222017857,-28.2856543849058,-11.8810122817609,TRUE
7949,6,-5.88666666666667,6.91023620757239,2.82109211844292,-13.1385148229928,1.36518148965946,FALSE
7950,6,-17.4594444444444,3.39352155120879,1.38539937193327,-21.0207269050381,-13.8981619838508,TRUE
7951,6,-9.02444444444445,9.99645374157292,4.08103515069823,-19.5150792734226,1.46619038453373,TRUE
7952,6,-15.3233333333333,4.94100844407743,2.01715825046212,-20.5086036915752,-10.1380629750915,TRUE
7953,6,-12.0694444444444,6.60131852710475,2.69497700349794,-18.9971033770938,-5.14178551179506,TRUE
7954,6,-8.56444444444445,12.7233593863442,5.19428971843238,-21.9167912436792,4.78790235479029,TRUE
7955,6,-22.0744444444444,13.7513098635353,5.61394874342714,-36.5055591104916,-7.64332977839731,TRUE
7956,6,-11.7844444444444,9.31045974916066,3.80097927602745,-21.5551727290307,-2.01371615985822,TRUE
7957,6,-14.0716666666667,7.56168463005728,3.08704482324775,-22.0071680151024,-6.13616531823087,TRUE
7958,6,-10.4644444444444,9.00884692749094,3.6778463571988,-19.9186494845209,-1.01023940436802,TRUE
7959,6,-16.0211111111111,14.4485734269537,5.89860540119547,-31.1839590110104,-0.858263211211799,TRUE
7960,6,-8.87777777777778,6.81195702559246,2.78096981041142,-16.0264882578743,-1.72906729768121,TRUE
7961,6,-11.8638888888889,9.59182346623453,3.91584553252141,-21.929890285946,-1.79788749183174,TRUE
7962,6,-12.9311111111111,13.3079526210068,5.43294890710013,-26.8969508856429,1.03472866342064,TRUE
7963,6,-9.60166666666667,13.3450491444081,5.44809349936083,-23.6064368549719,4.40310352163857,TRUE
7964,6,-15.6122222222222,5.8333236825317,2.38144442111593,-21.7339199937203,-9.49052445072416,TRUE
7965,6,-17.0266666666667,8.64925995549779,3.53104559060952,-26.1035083226912,-7.94982501064213,TRUE
7966,6,-19.4072222222222,13.8425767377588,5.65120828880486,-33.9341155988214,-4.88032884562306,TRUE
7967,6,-12.3377777777778,10.3515878903602,4.22601805982598,-23.2011030394375,-1.47445251611811,TRUE
7968,6,-12.5344444444444,8.32338036741928,3.3980058058794,-21.2692964464248,-3.79959244246412,TRUE
7969,6,-14.4288888888889,14.9106859022003,6.08726202921689,-30.0766940899525,1.21891631217468,TRUE
7970,6,-7.275,12.3673212315539,5.04893775039933,-20.253707670435,5.70370767043498,TRUE
7971,6,-15.4633333333333,8.60977712964872,3.51492679445396,-24.498740304748,-6.42792636191861,TRUE
7972,6,-16.0033333333333,9.43256227708628,3.8508274243144,-25.9022003624461,-6.10446630422057,TRUE
7973,6,-21.6688888888889,2.41363687471065,0.985363127901163,-24.2018454469774,-19.1359323308004,FALSE
7974,6,-16.7816666666667,11.5821356215318,4.72838706741096,-28.9363725740109,-4.62696075932238,TRUE
7975,6,-8.90777777777778,19.1396482803707,7.81372869054095,-28.9936068182727,11.1780512627171,TRUE
7976,6,-15.3111111111111,2.17092777572341,0.886277553159597,-17.5893600905954,-13.0328621316269,TRUE
7977,6,-16.2194444444444,3.56532274784434,1.45553691675937,-19.9610212037642,-12.4778676851247,TRUE
7978,6,-12.7211111111111,8.60749587192379,3.51399547488764,-21.7541240493655,-3.68809817285673,TRUE
7979,6,-15.3916666666667,10.7736185502674,4.39831135525645,-26.6978859439618,-4.08544738937151,TRUE
7980,6,-21.4338888888889,6.88945552329118,2.81260843961044,-28.6639290545089,-14.2038487232689,FALSE
7981,6,-20.3027777777778,10.8245456495189,4.41910225646414,-31.6624417680639,-8.94311378749162,TRUE
7982,6,-13.6516666666667,10.6364728385139,4.34232185288862,-24.8139603461888,-2.48937298714455,TRUE
7983,6,-10.0088888888889,7.8526399429793,3.20582683234955,-18.2497291123221,-1.76804866545564,TRUE
7984,6,-14.9166666666667,17.4403279785674,7.11998408237921,-33.2191684188504,3.38583508551702,TRUE
7985,6,-19.345,14.1829025003112,5.79014569956769,-34.2290433609964,-4.46095663900359,TRUE
7986,6,-9.95055555555555,13.4458519694806,5.48924608037062,-24.0611118210941,4.160000709983,TRUE
7987,6,-11.6088888888889,7.63122523049336,3.11543465449362,-19.6173686218421,-3.60040915593571,TRUE
7988,6,-17.5711111111111,12.6384347952614,5.15961939930447,-30.8343350177599,-4.3078872044623,TRUE
7989,6,-14.8411111111111,10.8673267011547,4.4365675476587,-26.2456710616961,-3.43655116052612,TRUE
7990,6,-16.4972222222222,12.0272940369749,4.91012222950122,-29.1190932361321,-3.8753512083123,TRUE
7991,6,-15.4094444444444,10.8360069350428,4.4237813066858,-26.7811363162384,-4.03775257265045,TRUE
7992,6,-14.4638888888889,11.6515750802993,4.75673560774354,-26.6914670390789,-2.23631073869888,TRUE
7993,6,-8.24444444444445,7.1631332891772,2.92433691967138,-15.7616918114323,-0.727197077456548,TRUE
7994,6,-9.88333333333334,9.70593289351071,3.96243051113272,-20.0690852302222,0.302418563555559,TRUE
7995,6,-8.8788888888889,7.90438743614841,3.22695265797162,-17.1740347759291,-0.583743001848717,TRUE
7996,6,-14.5205555555556,9.07288595925406,3.70399018243906,-24.0419654379086,-4.99914567320248,TRUE
7997,6,-14.5311111111111,3.88349708762986,1.58543104704628,-18.6065913623021,-10.4556308599201,TRUE
7998,6,-14.0161111111111,15.5517215076612,6.34896371927278,-30.3366419229877,2.30441970076546,TRUE
7999,6,-12.5116666666667,9.74579014526558,3.97870216602424,-22.7392461840554,-2.2840871492779,TRUE
8000,6,-8.25833333333334,12.2237740580486,4.99033486221486,-21.0863974838855,4.56973081721884,TRUE
8001,6,-21.9644444444444,5.94531474418364,2.42716458058257,-28.2036696273898,-15.7252192614991,FALSE
8002,6,-17.5466666666667,9.61032824043429,3.92340007495388,-27.6320876332773,-7.46124570005607,TRUE
8003,6,-10.5311111111111,7.49736447520554,3.06078622998716,-18.3991125966819,-2.66310962554037,TRUE
8004,6,-15.7244444444444,8.4606857265214,3.45406048400437,-24.6033895838153,-6.84549930507363,TRUE
8005,6,-20.0561111111111,9.25974211703944,3.78027388941758,-29.7736145049782,-10.338607717244,TRUE
8006,6,-15.4161111111111,11.3952564042464,4.65209394643098,-27.3746993074802,-3.45752291474197,TRUE
8007,6,-9.24055555555555,6.5149184071523,2.65970430223148,-16.0775431230356,-2.40356798807555,TRUE
8008,6,-14.0505555555556,11.7921541556083,4.81412677491342,-26.4256623975984,-1.6754487135127,TRUE
8009,6,-9.245,14.182962823206,5.79017032628639,-24.1291066659922,5.63910666599218,TRUE
8010,6,-14.9794444444444,8.29244379384473,3.38537600260478,-23.6818305035394,-6.27705838534952,TRUE
8011,6,-10.1161111111111,7.36159264672369,3.00535761311629,-17.8416288009792,-2.39059342124307,TRUE
8012,6,-15.6033333333333,10.1958054556219,4.16242014715976,-26.3031749559089,-4.90349171075781,TRUE
8013,6,-18.5244444444444,11.6241198790688,4.74552706877685,-30.7232101279627,-6.32567876092623,TRUE
8014,6,-4.49111111111112,12.8877546818963,5.26140381680182,-18.0159801925294,9.03375797030722,TRUE
8015,6,-23.0227777777778,11.5246341791383,4.70491220185462,-35.1171396221289,-10.9284159334266,TRUE
8016,6,-7.88166666666667,9.09126461072508,3.71149323548313,-17.4223637608867,1.65903042755332,TRUE
8017,6,-10.5222222222222,9.5093018009074,3.88215620372538,-20.5016224426215,-0.542822001822927,TRUE
8018,6,-16.8688888888889,12.1463537586236,4.9587281573274,-29.615705417973,-4.12207235980475,TRUE
8019,6,-3.72777777777777,10.9154615450168,4.45621851537715,-15.1828521490325,7.72729659347695,TRUE
8020,6,-14.7022222222222,8.7140406921924,3.55749221562009,-23.8470470921128,-5.55739735233164,TRUE
8021,6,-10.0722222222222,12.0281563502137,4.91047426740679,-22.6949981783776,2.55055373393319,TRUE
8022,6,-11.7683333333333,11.3861187904883,4.64836353123532,-23.7173321921611,0.180665525494463,TRUE
8023,6,-13.1594444444444,13.6589279580413,5.57623398843944,-27.4936102463847,1.17472135749581,TRUE
8024,6,-10.46,9.57361698744117,3.90841276867866,-20.5068948693344,-0.413105130665601,TRUE
8025,6,-11.4355555555556,11.4499027975819,4.67440324309022,-23.4514916246827,0.580380513571633,TRUE
8026,6,-11.64,10.0037210854539,4.08400203141387,-22.1382614386543,-1.1417385613457,TRUE
8027,6,-12.15,11.2138561114761,4.57803758701784,-23.9182202640484,-0.381779735951632,TRUE
8028,6,-20.3372222222222,6.64000783689854,2.71077184808048,-27.3054830954522,-13.3689613489923,TRUE
8029,6,-17.1077777777778,11.4064222975318,4.65665240327623,-29.0780838605118,-5.13747169504372,TRUE
8030,6,-15.3427777777778,11.5998778569559,4.73563030469187,-27.5161030193076,-3.16945253624799,TRUE
8031,6,-9.63722222222222,9.99419907672372,4.08011468762798,-20.1254909255516,0.851046481107186,TRUE
8032,6,-14.6955555555556,10.9950218365033,4.48869886836533,-26.2341233322168,-3.15698777889436,TRUE
8033,6,-19.0522222222222,6.05473172785519,2.47183387711419,-25.4062734874425,-12.698170957002,TRUE
8034,6,-17.5344444444444,7.47297937510473,3.05083105455821,-25.376855336887,-9.69203355200192,TRUE
8035,6,-17.025,10.6869824760989,4.36294232608463,-28.240300293362,-5.80969970663801,TRUE
8036,6,-19.1088888888889,11.7561001974231,4.79940780811987,-31.4461594222529,-6.77161835552485,TRUE
8037,6,-8.4461111111111,11.8766110797963,4.84860616983102,-20.9098500594329,4.01762783721068,TRUE
8038,6,-19.0755555555555,8.57732739174535,3.5016792444289,-28.0769086155092,-10.0742024956019,TRUE
8039,6,-22.8888888888889,12.7897946585318,5.22141180472943,-36.3109552305034,-9.46682254727438,TRUE
8040,6,-14.7755555555556,10.1591501540164,4.1474556829429,-25.4369297982352,-4.11418131287595,TRUE
8041,6,-10.4022222222222,8.43722694482722,3.44448347648136,-19.2565488800146,-1.54789556442983,TRUE
8042,6,-12.2627777777778,9.2701114500472,3.78450715189125,-21.9911631192652,-2.5343924362904,TRUE
8043,6,-21.6055555555556,10.6742101798195,4.35772805796329,-32.8074521459987,-10.4036589651124,TRUE
8044,6,-11.355,11.3289740145444,4.62503427414728,-23.2440290943184,0.534029094318385,TRUE
8045,6,-8.28777777777777,14.880067453053,6.07476209969585,-23.9034508870678,7.32789533151231,TRUE
8046,6,-12.6988888888889,5.14424583249918,2.10012956684364,-18.0974438058999,-7.30033397187787,TRUE
8047,6,-13.5294444444444,9.78377509886574,3.99420945839485,-23.796886725921,-3.26200216296789,TRUE
8048,6,-18.9722222222222,12.0516353277916,4.92005951986481,-31.6196378542362,-6.32480659020822,TRUE
8049,6,-10.1105555555556,14.3174233275663,5.84506359732639,-25.1357698669818,4.91465875587071,TRUE
8050,6,-11.8272222222222,11.7317382280654,4.78946207577726,-24.1389264366842,0.484481992239806,TRUE
8051,6,-14.2383333333333,12.5169468677026,5.11002216056657,-27.3740634789848,-1.10260318768186,TRUE
8052,6,-15.7861111111111,11.0180281391034,4.4980911520717,-27.3488225216631,-4.2233997005592,TRUE
8053,6,-6.64555555555556,12.4531555423902,5.08397946106137,-19.714340810908,6.42322969979689,TRUE
8054,6,-14.1494444444444,5.39030752232053,2.20058383106186,-19.806225268367,-8.49266362052186,TRUE
8055,6,-12.3722222222222,8.92932638162754,3.64538223029332,-21.7429755673656,-3.00146887707883,TRUE
8056,6,-18.6883333333333,5.20127452329394,2.123411432368,-24.146736190961,-13.2299304757057,TRUE
8057,6,-9.54611111111112,10.8716149095128,4.43831820139004,-20.9551712603784,1.86294903815616,TRUE
8058,6,-13.5127777777778,4.8756959237365,1.99049452568705,-18.6295068494424,-8.39604870611312,TRUE
8059,6,-13.7172222222222,10.8427340579695,4.42652764312036,-25.0959737765694,-2.33847066787502,TRUE
8060,6,-9.62166666666667,11.1067588531588,4.53431531439647,-21.2774952509018,2.03416191756846,TRUE
8061,6,-10.2977777777778,7.07414750786007,2.88800862657307,-17.7216402944075,-2.87391526114806,TRUE
8062,6,-6.42166666666667,17.4595579363664,7.12783467977634,-24.7443490219183,11.901015688585,TRUE
8063,6,-10.49,9.0421828731292,3.69145570001662,-19.9791889695189,-1.00081103048114,TRUE
8064,6,-14.9455555555556,8.21355456051268,3.35316960796097,-23.5651524415878,-6.32595866952337,TRUE
8065,6,-13.6938888888889,13.7135790638601,5.59854520896189,-28.085407509035,0.69762973125726,TRUE
8066,6,-15.5144444444444,7.82335667278628,3.19387198735405,-23.7245537604844,-7.30433512840446,TRUE
8067,6,-10.7294444444444,10.1714761119661,4.15248773420417,-21.4037539866923,-0.0551349021966168,TRUE
8068,6,-18.8794444444445,10.8889239171772,4.44538457417867,-30.306669283246,-7.45221960564288,TRUE
8069,6,-13.3294444444444,9.79781549726869,3.99994142704029,-23.6116212204034,-3.04726766848549,TRUE
8070,6,-4.42277777777777,9.10293174182342,3.71625632180865,-13.9757187751877,5.13016321963215,FALSE
8071,6,-18.0505555555556,9.64823839227006,3.93887682963206,-28.1757607866165,-7.92535032449462,TRUE
8072,6,-16.4722222222222,7.97000255588044,3.25373991843081,-24.8362269544252,-8.1082174900192,TRUE
8073,6,-12.7788888888889,6.32520097762967,2.58225248595767,-19.4167802243184,-6.1409975534594,TRUE
8074,6,-6.84166666666667,7.72652336651701,3.15433995560966,-14.9501556599787,1.26682232664538,TRUE
8075,6,-17.5427777777778,12.4315620573275,5.07516395769938,-30.5889020603159,-4.49665349523965,TRUE
8076,6,-11.7333333333333,12.2881142211127,5.01660162379392,-24.6289183440816,1.16225167741496,TRUE
8077,6,-10.095,7.73216966819648,3.15664504861775,-18.2094144235281,-1.98058557647191,TRUE
8078,6,-17.8011111111111,10.0583788547253,4.10631597227948,-28.356732360836,-7.24548986138622,TRUE
8079,6,-15.8088888888889,10.8312282399174,4.42183041257021,-27.1755658277061,-4.44221195007167,TRUE
8080,6,-11.7888888888889,6.85093397255413,2.79688208237602,-18.9785031662614,-4.59927461151642,TRUE
8081,6,-16.8188888888889,14.2576879326623,5.82067672447665,-31.7814147479396,-1.85636302983813,TRUE
8082,6,-9.36277777777778,13.5474190107139,5.53071065132158,-23.5799221162253,4.85436656066976,TRUE
8083,6,-17.6927777777778,10.9017137116993,4.45060598592768,-29.1334246827777,-6.25213087277782,TRUE
8084,6,-14.1855555555556,5.23525640533772,2.13728447761911,-19.6796202113107,-8.69149089980042,TRUE
8085,6,-1.85444444444444,9.170276057075,3.74374952338256,-11.4780589664238,7.76917007753488,FALSE
8086,6,-18.5005555555556,11.538672254961,4.71064322231065,-30.6096494569906,-6.3914616541205,TRUE
8087,6,-12.6222222222222,7.32465081963841,2.99027617536211,-20.3089718421441,-4.93547260230034,TRUE
8088,6,-14.4922222222222,5.44969710337358,2.22482952599813,-20.2113285891404,-8.77311585530408,TRUE
8089,6,-21.9672222222222,10.1220486324913,4.13230905020665,-32.589660805919,-11.3447836385255,TRUE
8090,6,-13.16,4.83186736388969,1.9726015910561,-18.2307338189161,-8.08926618108391,TRUE
8091,6,-16.5933333333333,4.6511666397917,1.89883082935751,-21.474433372226,-11.7122332944407,TRUE
8092,6,-10.5122222222222,11.821724383837,4.82619877003644,-22.9183611156482,1.89391667120376,TRUE
8093,6,-12.1105555555556,12.0122271811622,4.90397121137301,-24.7166148739944,0.495503762883326,TRUE
8094,6,-15.9094444444444,8.14394210213721,3.3247504408342,-24.4559875356767,-7.36290135321223,TRUE
8095,6,-11.5266666666667,10.8097558817127,4.41306435904089,-22.8708097475112,-0.182523585822137,TRUE
8096,6,-16.9105555555556,17.5866655820908,7.17972615884822,-35.3666292043337,1.54551809322256,TRUE
8097,6,-14.1677777777778,9.19198024044551,3.75261021913949,-23.814169443321,-4.5213861122346,TRUE
8098,6,-16.38,9.65473585575725,3.94152940799306,-26.5120239008133,-6.24797609918669,TRUE
8099,6,-15.4177777777778,6.59374237580742,2.69188405268251,-22.3374860272425,-8.49806952831304,TRUE
8100,6,-15.7677777777778,10.3766521397621,4.23625049679607,-26.6574063560471,-4.8781491995085,TRUE
8101,6,-10.7605555555556,8.94530551410854,3.65190568381178,-20.1480779718191,-1.37303313929198,TRUE
8102,6,-13.0672222222222,8.21447487106799,3.35354532317187,-21.6877849149509,-4.44665952949351,TRUE
8103,6,-22.8933333333333,10.5618479022902,4.3118563502493,-33.9773129451573,-11.8093537215094,TRUE
8104,6,-17.2283333333333,8.85822699842105,3.61635602864623,-26.5244724517652,-7.93219421490146,TRUE
8105,6,-10.1261111111111,4.96151250087071,2.02552899659555,-15.3328991573143,-4.91932306490794,TRUE
8106,6,-12.8244444444444,9.94763169283505,4.06110363276405,-23.2638436754644,-2.38504521342452,TRUE
8107,6,-6.79277777777778,3.65042427772545,1.4902794708492,-10.6236631155644,-2.96189243999113,FALSE
8108,6,-15.1072222222222,13.7433249117391,5.61068890050692,-29.5299571952716,-0.684487249172847,TRUE
8109,6,-11.6594444444444,11.3145788779426,4.61915748423861,-23.5333667693717,0.214477880482855,TRUE
8110,6,-13.7711111111111,9.44034478340858,3.854004619216,-23.6781453797262,-3.86407684249602,TRUE
8111,6,-18.4644444444444,11.2722447072773,4.60187463143628,-30.2939397818901,-6.63494910699877,TRUE
8112,6,-10.9477777777778,6.24390713386229,2.5490644132144,-17.5003564562536,-4.3951990993019,TRUE
8113,6,-8.57722222222222,15.1649227446714,6.19105378552865,-24.4918326267496,7.33738818230518,TRUE
8114,6,-9.30888888888889,8.44576729404648,3.44797005945008,-18.1721780935291,-0.445599684248643,TRUE
8115,6,-13.2477777777778,8.0599442144931,3.29045844680091,-21.7061704920403,-4.78938506351528,TRUE
8116,6,-6.07555555555556,6.80319587209379,2.7773930844731,-13.215071768924,1.06396065781291,FALSE
8117,6,-15.4805555555556,10.5297948522101,4.29877074734995,-26.5308975542581,-4.43021355685305,TRUE
8118,6,-19.3494444444444,11.2472245300621,4.59166018686106,-31.1526827162039,-7.54620617268496,TRUE
8119,6,-19.835,7.04451741111878,2.87591219023216,-27.2277676370958,-12.4422323629042,TRUE
8120,6,-15.2594444444445,9.16725680928637,3.74251692063437,-24.8798904601887,-5.63899842870019,TRUE
8121,6,-12.9527777777778,5.78145172721126,2.36026778403334,-19.0200392706515,-6.8855162849041,TRUE
8122,6,-17.7783333333333,11.2701761299458,4.60103013827701,-29.6056578320034,-5.95100883466322,TRUE
8123,6,-10.83,8.06908173214276,3.29418882276047,-19.2979819509442,-2.36201804905576,TRUE
8124,6,-15.2455555555556,8.59677217633757,3.50961754449712,-24.2673146654704,-6.22379644564074,TRUE
8125,6,-16.1588888888889,11.6704608433556,4.76444568822537,-28.4062864319168,-3.91149134586099,TRUE
8126,6,-12.8783333333333,7.23525251037507,2.953779468435,-20.4712651813678,-5.28540148529884,TRUE
8127,6,-16.5955555555556,5.20832993777667,2.12629179326908,-22.0613626165956,-11.1297484945155,TRUE
8128,6,-17.1405555555556,10.9578273224955,4.47351427160701,-28.6400900836083,-5.64102102750276,TRUE
8129,6,-10.395,9.97318332106432,4.07153504130722,-20.8612140203411,0.0712140203410954,TRUE
8130,6,-10.4083333333333,11.8032765225028,4.81866746218404,-22.7951123835954,1.97844571692868,TRUE
8131,6,-16.8388888888889,9.266095825743,3.78286778013392,-26.563060091115,-7.11471768666278,TRUE
8132,6,-12.6327777777778,9.95222083907052,4.06297714386937,-23.0769930224139,-2.18856253314166,TRUE
8133,6,-11.2238888888889,7.87778632658994,3.21609280046994,-19.4911186234976,-2.95665915428014,TRUE
8134,6,-10.9822222222222,11.0236732467836,4.50039575763162,-22.5508578099648,0.586413365520341,TRUE
8135,6,-17.5561111111111,11.1926836056549,4.56939394771153,-29.3021121929649,-5.81011002925735,TRUE
8136,6,-13.5438888888889,12.2180699360809,4.98800616417293,-26.3659669305538,-0.721810847223978,TRUE
8137,6,-10.1088888888889,14.3463331229298,5.8568659718612,-25.1644421699117,4.94666439213394,TRUE
8138,6,-14.6888888888889,11.0127977405414,4.49595585080033,-26.246111332779,-3.13166644499876,TRUE
8139,6,-13.9011111111111,9.12950909393798,3.72710648037447,-23.4819433290441,-4.3202788931781,TRUE
8140,6,-8.64777777777778,11.8072700140712,4.8202977982898,-21.0387477404193,3.7431921848637,TRUE
8141,6,-21.5855555555556,13.8254073143401,5.64419890104591,-36.0944307273026,-7.07668038380849,TRUE
8142,6,-9.26000000000001,10.8785546425576,4.44115133554185,-20.6763429524559,2.15634295245583,TRUE
8143,6,-21.0227777777778,9.17702479423882,3.74650468379248,-30.6534746650611,-11.3920808904944,TRUE
8144,6,-14.2372222222222,8.8746218490121,3.62304919837244,-23.5505666811751,-4.92387776326932,TRUE
8145,6,-10.8894444444444,10.1819171773987,4.15675028131768,-21.5747112128758,-0.20417767601309,TRUE
8146,6,-14.56,12.8392189101293,5.2415891709516,-28.0339339127162,-1.08606608728382,TRUE
8147,6,-12.2122222222222,7.30657258658004,2.98289576762143,-19.8799999000663,-4.54444454437815,TRUE
8148,6,-10.6688888888889,10.7669072556539,4.39557148070365,-21.9680650944267,0.630287316648937,TRUE
8149,6,-11.0877777777778,9.96303203886283,4.06739079770245,-21.543338680786,-0.63221687476957,TRUE
8150,6,-2.57111111111111,7.91301197512796,3.23047361126607,-10.8753078967341,5.73308567451189,FALSE
8151,6,-12.5388888888889,7.91195766381963,3.23004319047682,-20.8419792426494,-4.23579853512841,TRUE
8152,6,-16.1488888888889,11.3957396847665,4.65229124487714,-28.1079842570599,-4.18979352071786,TRUE
8153,6,-19.3405555555556,10.5221044402654,4.29563114982055,-30.3828269618778,-8.29828414923331,TRUE
8154,6,-13.6033333333333,8.6273536563138,3.52210238141727,-22.657185738256,-4.54948092841069,TRUE
8155,6,-13.8155555555556,9.39405690770422,3.83510767309049,-23.6740136777114,-3.95709743339968,TRUE
8156,6,-10.7316666666667,9.10813671638961,3.7183812437772,-20.2900699498911,-1.17326338344223,TRUE
8157,6,-27.8294444444445,10.5588958632923,4.31065118537505,-38.9103260813337,-16.7485628075552,FALSE
8158,6,-16.4638888888889,8.02050744215287,3.2743584519116,-24.8808952487351,-8.04688252904269,TRUE
8159,6,-15.5583333333333,5.33144747908316,2.17655431903357,-21.1533443301168,-9.96332233654987,TRUE
8160,6,-6.33444444444444,15.1265200032065,6.1753759319765,-22.2087536434089,9.53986475452002,TRUE
8161,6,-18.0616666666667,6.86052532812012,2.80079773688907,-25.261346454405,-10.8619868789283,TRUE
8162,6,-13.6827777777778,12.4279368836982,5.07368398676256,-26.7250976739085,-0.640457881647102,TRUE
8163,6,-9.54055555555555,9.03398113708376,3.68810735529723,-19.0211373309593,-0.0599737801518039,TRUE
8164,6,-14.0811111111111,7.44493792725908,3.0393831814131,-21.8940943087901,-6.26812791343209,TRUE
8165,6,-11.6111111111111,14.1188739977012,5.7640061728362,-26.4279606794994,3.20573845727722,TRUE
8166,6,-8.44611111111111,7.31035564317015,2.98444019400707,-16.1178588633686,-0.774363358853624,TRUE
8167,6,-21.6966666666667,9.9857952445795,4.07668383752176,-32.1761160890322,-11.2172172443011,TRUE
8168,6,-12.9305555555556,9.37207208600025,3.82613240721369,-22.7659420222785,-3.09516908883259,TRUE
8169,6,-12.4177777777778,14.7611179442129,6.02620116606036,-27.9086210331429,3.07306547758735,TRUE
8170,6,-16.72,9.61055068372486,3.92349088704698,-26.8056544065276,-6.63434559347241,TRUE
8171,6,-10.3,14.9793699615319,6.11530217902114,-26.0198847008189,5.41988470081892,TRUE
8172,6,-19.9488888888889,8.64352105893751,3.52870269589964,-29.0197079423294,-10.8780698354484,TRUE
8173,6,-13.8716666666667,8.31226824238326,3.39346929983002,-22.5948572085992,-5.14847612473413,TRUE
8174,6,-15.6905555555556,7.65639846190148,3.12571158318143,-23.7254529747198,-7.65565813639135,TRUE
8175,6,-15.9722222222222,13.9189684590117,5.68239507841196,-30.5792837936972,-1.36516065074724,TRUE
8176,6,-13.0972222222222,7.42152078355513,3.02982317252841,-20.8856306347137,-5.3088138097307,TRUE
8177,6,-15.3583333333333,11.7442117658019,4.79455437623422,-27.6831277228516,-3.03353894381506,TRUE
8178,6,-9.32388888888889,10.1447841917064,4.14159080338896,-19.970186978719,1.32240920094119,TRUE
8179,6,-17.4977777777778,10.0590950922075,4.10660837500717,-28.0541506726432,-6.94140488291239,TRUE
8180,6,-11.57,8.8839705837724,3.62686580335633,-20.8931553543983,-2.24684464560171,TRUE
8181,6,-17.1138888888889,4.56707998940567,1.86450259808658,-21.906745400027,-12.3210323777508,TRUE
8182,6,-13.4566666666667,9.24308486262988,3.77347359378106,-23.1566893440935,-3.75664398923979,TRUE
8183,6,-8.17388888888888,8.0019323823594,3.26677521550565,-16.5714019189746,0.223624141196847,TRUE
8184,6,-18.7272222222222,8.45388048089072,3.45128225410946,-27.5990256942899,-9.85541875015449,TRUE
8185,6,-7.21666666666667,11.9650193852283,4.88469870938643,-19.7731844415716,5.33985110823824,TRUE
8186,6,-19.2455555555556,7.63574799265975,3.11728106441622,-27.2587816363169,-11.2323294747942,TRUE
8187,6,-17.8383333333333,9.35751931752095,3.8201912643605,-27.658447606155,-8.0182190605117,TRUE
8188,6,-14.8888888888889,8.68398926931797,3.54522377360559,-24.0021767245855,-5.77560105319233,TRUE
8189,6,-15.96,12.5586455391407,5.1270455718958,-29.1394902175949,-2.78050978240505,TRUE
8190,6,-23.5033333333333,17.7319128503761,7.23902310782025,-42.1118346420476,-4.89483202461906,TRUE
8191,6,-15.8755555555556,12.2188045726734,4.98830607830596,-28.6984045510431,-3.05270656006804,TRUE
8192,6,-7.43777777777778,11.1870319103399,4.56708665276094,-19.1778477691421,4.30229221358655,TRUE
8193,6,-19.6283333333333,6.71910667011951,2.74306381152063,-26.6796033412196,-12.5770633254471,TRUE
8194,6,-10.7016666666667,14.5279417751525,5.93100739366456,-25.9478065398455,4.54447320651214,TRUE
8195,6,-9.42944444444445,14.1684161142022,5.78423165720371,-24.2982852755648,5.43939638667593,TRUE
8196,6,-21.9305555555556,11.4622602806227,4.67944816441606,-33.9594600078052,-9.90165110330595,TRUE
8197,6,-17.71,14.6530347254986,5.98207637679241,-33.0874168735717,-2.33258312642834,TRUE
8198,6,-12.6311111111111,10.368976948714,4.23311711317171,-23.5126850703515,-1.74953715187069,TRUE
8199,6,-15.2683333333333,10.3697218970531,4.23342123705761,-26.1506890679106,-4.38597759875603,TRUE
8200,6,-17.9255555555556,10.344650934805,4.22318605957956,-28.7816009288233,-7.06951018228782,TRUE
8201,6,-13.8794444444444,5.54321022780389,2.26300609918274,-19.6966868169378,-8.0622020719511,TRUE
8202,6,-8.79333333333333,13.4434691289943,5.48827328981564,-22.9013889611414,5.3147222944747,TRUE
8203,6,-11.7672222222222,4.91565454742597,2.00680756549757,-16.9258852977078,-6.60855914673665,TRUE
8204,6,-5.25222222222222,11.0009857470777,4.49113362466181,-16.7970487391933,6.2926042947489,TRUE
8205,6,-9.89888888888889,8.63070865293528,3.5234720530525,-18.9562621468378,-0.841515630939943,TRUE
8206,6,-16.7322222222222,9.35485249403672,3.8191025382321,-26.5495378354342,-6.91490660901025,TRUE
8207,6,-9.86666666666666,10.475886385197,4.27676270785033,-20.8604351987935,1.12710186546017,TRUE
8208,6,-14.5716666666667,5.22838906568957,2.13448089794772,-20.0585244914438,-9.08480884188958,TRUE
8209,6,-14.7822222222222,10.6239981314144,4.3372290750412,-25.9314244995168,-3.63301994492764,TRUE
8210,6,-10.4922222222222,10.3810249262064,4.23803567938651,-21.3864397584318,0.401995313987353,TRUE
8211,6,-13.7311111111111,5.10982307441774,2.08607653470384,-19.093541558968,-8.36868066325427,TRUE
8212,6,-14.2094444444444,7.69960241878809,3.14334952472166,-22.28968163575,-6.12920725313889,TRUE
8213,6,-20.565,8.18752865983109,3.34254457849993,-29.1572843782966,-11.9727156217035,TRUE
8214,6,-12.6944444444444,9.79807819402847,4.00004867254338,-22.9768969037456,-2.41199198514328,TRUE
8215,6,-12.0311111111111,7.21707594425784,2.94635891639113,-19.6049678228512,-4.45725439937097,TRUE
8216,6,-17.4388888888889,7.16135699948509,2.92361175244121,-24.9542721541671,-9.92350562361068,TRUE
8217,6,-12.2561111111111,7.89244432399794,3.22207690285338,-20.5387234706093,-3.9734987516129,TRUE
8218,6,-16.0222222222222,10.5127640231962,4.29181794051984,-27.0546914619806,-4.98975298246388,TRUE
8219,6,-15.9238888888889,5.72038787211212,2.33533856957999,-21.9270677959121,-9.92070998186568,TRUE
8220,6,-15.8344444444444,8.24370808331803,3.36547973209771,-24.485685511977,-7.18320337691189,TRUE
8221,6,-15.7955555555556,16.0039072543991,6.53356777735064,-32.5906262059118,0.999515094800724,TRUE
8222,6,-14.7544444444444,8.8089090424705,3.59622205744025,-23.998827542215,-5.51006134667389,TRUE
8223,6,-9.16388888888889,12.3739991589294,5.0516640028342,-22.1496046143123,3.82182683653455,TRUE
8224,6,-15.0611111111111,10.1236988555823,4.13298275096245,-25.6852814977334,-4.43694072448885,TRUE
8225,6,-10.0416666666667,7.90286129618044,3.2263296139387,-18.335210968033,-1.74812236530033,TRUE
8226,6,-20.0144444444444,6.51505458889611,2.65975989819558,-26.8515749258999,-13.177313962989,TRUE
8227,6,-10.9811111111111,8.43953649771694,3.44542634750032,-19.8378614960182,-2.12436072620402,TRUE
8228,6,-17.125,23.2525877890804,9.49282921375295,-41.5270943456711,7.27709434567108,TRUE
8229,6,-12.3861111111111,8.68923277949764,3.54736442767247,-21.5049016732684,-3.26732054895384,TRUE
8230,6,-10.7255555555556,7.61988120836733,3.11080347685368,-18.7221304673899,-2.72898064372121,TRUE
8231,6,-17.7422222222222,11.7335213368776,4.79019002690156,-30.0557976946216,-5.42864674982284,TRUE
8232,6,-16.5338888888889,6.09077459648485,2.48654831661567,-22.9257648250132,-10.1420129527646,TRUE
8233,6,-19.2216666666667,7.98060948661052,3.25807017976843,-27.5968026900077,-10.8465306433256,TRUE
8234,6,-5.74388888888889,12.7824708821046,5.21842188552331,-19.1582693985021,7.67049162072434,TRUE
8235,6,-16.7694444444444,11.2858133988682,4.60741402658212,-28.6131792504324,-4.92570963845647,TRUE
8236,6,-10.6877777777778,12.7475309446647,5.20415771579458,-24.0654910717859,2.68993551623032,TRUE
8237,6,-11.78,8.72286981318521,3.5610966891717,-20.9340904641294,-2.62590953587061,TRUE
8238,6,-14.6827777777778,8.71867049412841,3.55938232434565,-23.8324613268257,-5.5330942287299,TRUE
8239,6,-13.4855555555556,10.1970781581276,4.16293972578199,-24.1867327974996,-2.78437831361155,TRUE
8240,6,-13.8038888888889,3.928564010575,1.6038295412951,-17.926663975199,-9.68111380257877,TRUE
8241,6,-15.9183333333333,15.7176250326398,6.41669354972724,-32.4129692171069,0.576302550440206,TRUE
8242,6,-16.7222222222222,15.8691742649658,6.4785632647454,-33.3758992715974,-0.0685451728469921,TRUE
8243,6,-20.81,6.92929850546055,2.82887426896807,-28.0818528111083,-13.5381471888917,TRUE
8244,6,-14.1372222222222,4.60851791874649,1.88141956190033,-18.973565173254,-9.30087927119039,TRUE
8245,6,-13.4266666666667,10.6418227344338,4.34450593875205,-24.5945747176368,-2.25875861569655,TRUE
8246,6,-23.4177777777778,8.96323643598714,3.65922595201516,-32.8241175425169,-14.0114380130386,FALSE
8247,6,-11.5555555555556,5.50875007668775,2.24893780140045,-17.3366342173114,-5.77447689379969,TRUE
8248,6,-11.975,10.2800511779963,4.196813319298,-22.763252086144,-1.18674791385602,TRUE
8249,6,-8.39833333333333,9.48394215971866,3.8718031735633,-18.3511202424542,1.55445357578752,TRUE
8250,6,-11.295,6.32683552637318,2.58291978768789,-17.9346066891361,-4.65539331086392,TRUE
8251,6,-7.91555555555555,14.2261458303078,5.80779971511279,-22.8449800082383,7.01386889712715,TRUE
8252,6,-13.0638888888889,9.55232267663308,3.89971940269465,-23.0884367495342,-3.03934102824354,TRUE
8253,6,-13.145,9.82100238151777,4.00940743289616,-23.4515099186681,-2.83849008133192,TRUE
8254,6,-11.8994444444445,3.14855410672311,1.28539183150269,-15.2036493381805,-8.59523955070835,TRUE
8255,6,-21.7711111111111,7.44815492936687,3.04069651702402,-29.5874703454557,-13.9547518767666,TRUE
8256,6,-14.5116666666667,9.69241392934586,3.95691141712358,-24.6832312807465,-4.34010205258685,TRUE
8257,6,-8.33833333333334,4.39755677115777,1.79529503404295,-12.9532861374522,-3.72338052921446,FALSE
8258,6,-6.91833333333333,8.7260567013718,3.56239773082577,-16.0757682315061,2.23910156483943,TRUE
8259,6,-10.9516666666667,4.12519992781495,1.6841058183521,-15.280798492612,-6.62253484072131,TRUE
8260,6,-12.12,12.34711482268,5.04068851852014,-25.0775023448084,0.837502344808382,TRUE
8261,6,-16.5138888888889,9.13357479405071,3.72876629549503,-26.0989877974213,-6.92878998035644,TRUE
8262,6,-11.9844444444444,3.29376088092939,1.34467224883617,-15.4410345021869,-8.52785438670194,TRUE
8263,6,-12.8938888888889,3.60372549001826,1.471214770601,-16.6757668545157,-9.1120109232621,TRUE
8264,6,-7.54222222222223,13.5772132088481,5.5428740817756,-21.7906336540539,6.70618920960945,TRUE
8265,6,-11.8511111111111,6.63557304455535,2.70896135168781,-18.8147179552006,-4.88750426702162,TRUE
8266,6,-13.3694444444444,9.41633956167367,3.84420452848052,-23.2512867778273,-3.48760211106157,TRUE
8267,6,-14.3494444444444,11.1649927932836,4.55808922089937,-26.066385800898,-2.63250308799084,TRUE
8268,6,-11.9494444444444,13.3188637180782,5.43740334382661,-25.9267347131133,2.02784582422439,TRUE
8269,6,-18.9716666666667,6.48442295899266,2.64725458765338,-25.7766512239933,-12.16668210934,TRUE
8270,6,-21.3688888888889,8.93709066920715,3.64855198742436,-30.7477903541367,-11.989987423641,TRUE
8271,6,-15.9394444444444,6.51923288488817,2.66146568039139,-22.780959778628,-9.09792911026089,TRUE
8272,6,-15.5077777777778,8.60597148410249,3.51337314616559,-24.5391909691235,-6.47636458643209,TRUE
8273,6,-15.0827777777778,11.2353694330136,4.58682036375774,-26.8735748881802,-3.29198066737537,TRUE
8274,6,-18.225,15.3446624451487,6.26443221097698,-34.3282356521125,-2.12176434788756,TRUE
8275,6,-7.185,9.12558716527934,3.72550535970426,-16.7617164062215,2.3917164062215,TRUE
8276,6,-15.9966666666667,4.94610014725406,2.01923692957953,-21.1872804396899,-10.8060528936435,TRUE
8277,6,-14.6011111111111,8.85523214242836,3.61513338380703,-23.8941073209279,-5.30811490129432,TRUE
8278,6,-7.85944444444444,15.7044724580352,6.41132403362968,-24.3402775476714,8.62138865878256,TRUE
8279,6,-24.3738888888889,10.0787220126069,4.11462103170728,-34.9508589735228,-13.796918804255,TRUE
8280,6,-9.55222222222223,11.3192757260773,4.62107496446016,-21.4310735869772,2.32662914253279,TRUE
8281,6,-10.4044444444444,4.728629431061,1.93045488146776,-15.3668366972609,-5.44205219162797,TRUE
8282,6,-10.3755555555556,9.00262101752512,3.67530464009868,-19.8232269038231,-0.927884207288049,TRUE
8283,6,-7.43944444444445,8.81653658799233,3.59933598985997,-16.6918321603305,1.81294327144164,TRUE
8284,6,-9.22611111111112,15.789298403478,6.44595408084371,-25.7959635846737,7.3437413624515,TRUE
8285,6,-20.315,7.60142815528767,3.10327004948007,-28.2922096202677,-12.3377903797323,TRUE
8286,6,-11.0116666666667,12.5573751238067,5.12652692700753,-24.1898236651327,2.16649033179935,TRUE
8287,6,-10.5211111111111,8.38338188631842,3.42250132339521,-19.3189308454721,-1.72329137675013,TRUE
8288,6,-14.4,11.5699161621854,4.72339849402243,-26.541882371206,-2.25811762879403,TRUE
8289,6,-12.3983333333333,9.415717061264,3.84395039375246,-22.2795223926005,-2.51714427406622,TRUE
8290,6,-14.0894444444444,8.64261236655437,3.52833172378766,-23.1593098837124,-5.01957900517651,TRUE
8291,6,-14.7311111111111,11.8782188463996,4.84926253779828,-27.196537307007,-2.26568491521519,TRUE
8292,6,-14.8111111111111,13.3352381417167,5.44408817428435,-28.8055852835289,-0.816636938693289,TRUE
8293,6,-8.49,6.27565454753526,2.56202524057304,-15.0758955458588,-1.90410445414119,TRUE
8294,6,-14.4761111111111,7.31832871530004,2.98769518707384,-22.1562260894212,-6.79599613280105,TRUE
8295,6,-13.0716666666667,15.109052290303,6.16824476804533,-28.9276446251627,2.78431129182939,TRUE
8296,6,-18.6511111111111,8.77965948888343,3.58428097719149,-27.8647986848963,-9.43742353732588,TRUE
8297,6,-14.9788888888889,12.9797879911922,5.29897625798758,-28.6003410051398,-1.35743677263794,TRUE
8298,6,-13.1605555555556,13.067035099681,5.33459474087608,-26.8735678969326,0.552456785821503,TRUE
8299,6,-9.30555555555556,8.7114365868901,3.55642909408223,-18.4476475845319,-0.163463526579266,TRUE
8300,6,-6.00555555555556,10.3323203087672,4.21815210257926,-16.8486607303969,4.83754961928582,TRUE
8301,6,-12.1077777777778,11.481714867401,4.68739046620996,-24.1570985667519,-0.0584569888036164,TRUE
8302,6,-12.795,6.97312834306732,2.84676772524235,-20.1128494047837,-5.47715059521632,TRUE
8303,6,-12.2655555555555,11.5840694570253,4.72917655244521,-24.4222908987884,-0.108820212322716,TRUE
8304,6,-18.845,9.32799412759487,3.80813765604756,-28.6341294862385,-9.0558705137615,TRUE
8305,6,-10.5855555555556,6.87832494682202,2.80806440079503,-17.8039148975362,-3.36719621357488,TRUE
8306,6,-23.0111111111111,10.3913078348454,4.24223365925937,-33.9161198981282,-12.106102324094,TRUE
8307,6,-14.8622222222222,5.97042885735529,2.43741737435141,-21.1278030505943,-8.59664139385013,TRUE
8308,6,-13.7583333333333,5.25145344960167,2.14389689325044,-19.2693957446,-8.24727092206662,TRUE
8309,6,-15.4994444444444,11.3172162687683,4.62023419453448,-27.3761345413006,-3.62275434758834,TRUE
8310,6,-12.0327777777778,12.9616187975057,5.29155871572596,-25.6351624946259,1.56960693907039,TRUE
8311,6,-17.4333333333333,11.2545820792146,4.59466389372458,-29.2442928793957,-5.62237378727091,TRUE
8312,6,-22.2055555555556,7.32976600101461,2.99236443941436,-29.8976732291182,-14.513437881993,FALSE
8313,6,-11.6622222222222,14.0446671044234,5.73371133551492,-26.4011964320789,3.07675198763448,TRUE
8314,6,-16.6222222222222,3.16207643921006,1.29091230062357,-19.9406179336046,-13.3038265108398,TRUE
8315,6,-5.64277777777778,8.0633018923644,3.2918292130518,-14.1046941588657,2.81913860331016,TRUE
8316,6,-20.8188888888889,13.9479090693698,5.69421003311561,-35.4563217683139,-6.18145600946384,TRUE
8317,6,-20.8205555555556,15.1206092494342,6.17296287685357,-36.6886617988526,-4.95244931225849,TRUE
8318,6,-18.5105555555556,10.5822861249179,4.32020021969719,-29.6159837666212,-7.40512734448996,TRUE
8319,6,-15.6138888888889,6.22403278221396,2.54095074312989,-22.1456107144252,-9.0821670633526,TRUE
8320,6,-13.9394444444444,11.6338684531494,4.74950690747972,-26.148440629041,-1.73044825984789,TRUE
8321,6,-10.75,10.2911122387773,4.20132897845256,-21.5498599575426,0.0498599575426173,TRUE
8322,6,-10.8627777777778,9.99958386171181,4.08231301689388,-21.3566974663869,-0.368858089168684,TRUE
8323,6,-16.3611111111111,4.80763405275247,1.96270838321205,-21.4064136296471,-11.3158085925751,TRUE
8324,6,-12.3522222222222,10.1015639419881,4.12394621032804,-22.9531634416327,-1.75128100281175,TRUE
8325,6,-15.4038888888889,4.33796081979472,1.77096508878041,-19.9562995776539,-10.8514782001239,TRUE
8326,6,-13.14,7.22482172021489,2.94952111618392,-20.7219854050881,-5.55801459491188,TRUE
8327,6,-11.1127777777778,6.6040783415054,2.696103693009,-18.0433329580187,-4.18222259753685,TRUE
8328,6,-17.4372222222222,15.281577786002,6.23867800672586,-33.4742545846955,-1.40018985974897,TRUE
8329,6,-18.7311111111111,8.77494758874292,3.5823573520143,-27.9398538489573,-9.52236837326496,TRUE
8330,6,-13.0877777777778,9.21746498451395,3.76301432233834,-22.76091404202,-3.41464151353555,TRUE
8331,6,-10.6505555555556,9.80726202966549,4.00379795774209,-20.9426458592852,-0.35846525182596,TRUE
8332,6,-5.80444444444445,9.39849223526285,3.83691838798395,-15.667557157415,4.05866826852606,TRUE
8333,6,-13.5355555555556,4.81166899511162,1.96435564153229,-18.5850924864082,-8.48601862470292,TRUE
8334,6,-8.69611111111111,10.3933894410858,4.24308347144845,-19.6033044099052,2.21108218768295,TRUE
8335,6,-14.0072222222222,7.59742424675529,3.10163546066655,-21.9802299981771,-6.03421444626731,TRUE
8336,6,-11.0527777777778,12.9704368840438,5.2951586844803,-24.6644165089147,2.55886095335916,TRUE
8337,6,-18.0533333333333,7.47309931242275,3.05088001876326,-25.8958700922719,-10.2107965743947,TRUE
8338,6,-12.675,13.0674307174576,5.33475625115705,-26.3884275167716,1.0384275167716,TRUE
8339,6,-14.6605555555556,11.7788702375938,4.80870363809337,-27.0217217805966,-2.29938933051449,TRUE
8340,6,-4.97611111111111,7.55006355136364,3.08230053773773,-12.8994168853918,2.94719466316954,FALSE
8341,6,-13.46,11.1824072145094,4.56519862859422,-25.1952166707361,-1.72478332926389,TRUE
8342,6,-17.8461111111111,12.129389728473,4.95180262101902,-30.5751249823589,-5.11709723986332,TRUE
8343,6,-13.9538888888889,11.8808114980355,4.85032098339639,-26.4220359058133,-1.48574187196447,TRUE
8344,6,-8.88777777777778,3.59776391459822,1.4687809676273,-12.6633994536888,-5.11215610186671,FALSE
8345,6,-10.6022222222222,15.715867801071,6.41597616294331,-27.0950140045599,5.89056956011542,TRUE
8346,6,-19.3994444444444,14.2431304949543,5.8147336754188,-34.3466932095388,-4.4521956793501,TRUE
8347,6,-13.9838888888889,5.84319525095137,2.38547447204746,-20.1159462361082,-7.85183154166956,TRUE
8348,6,-22.4938888888889,11.2041661728854,4.57408168615351,-34.2519401860318,-10.735837591746,TRUE
8349,6,-15.0677777777778,10.0651726632354,4.10908953298945,-25.6305286922838,-4.5050268632718,TRUE
8350,6,-17.9705555555556,10.1150126965739,4.12943664139658,-28.5856103773406,-7.35550073377049,TRUE
8351,6,-11.1727777777778,9.20206774267287,3.75672842467886,-20.8297556276759,-1.51579992787968,TRUE
8352,6,-16.8677777777778,13.2083047388404,5.39226782955734,-30.7290435133239,-3.00651204223163,TRUE
8353,6,-9.53222222222222,11.2147747124876,4.57841260431043,-21.301406498911,2.23696205446653,TRUE
8354,6,-20.1038888888889,10.3427371010164,4.22240474020711,-30.95792581677,-9.24985196100783,TRUE
8355,6,-9.73388888888889,3.87923441282293,1.58369081734355,-13.8048957372162,-5.66288204056154,FALSE
8356,6,-14.6944444444444,16.2256398835186,6.62408974412874,-31.7222092183266,2.3333203294377,TRUE
8357,6,-11.5877777777778,6.14416856925389,2.5083463147197,-18.0356872518815,-5.13986830367404,TRUE
8358,6,-9.81277777777778,6.3747722980395,2.60248989277102,-16.502691023562,-3.1228645319935,TRUE
8359,6,-10.9644444444444,8.41950187670577,3.43724724772242,-19.8001697840306,-2.12871910485828,TRUE
8360,6,-4.39777777777778,12.0838723864435,4.93322024394904,-17.0790241280665,8.28346857251097,TRUE
8361,6,-20.95,8.189353522172,3.34328957543093,-29.544199453875,-12.355800546125,TRUE
8362,6,-12.1355555555556,9.22797694614148,3.7673058127022,-21.8197234469749,-2.45138766413619,TRUE
8363,6,-14.3644444444444,6.6459894896318,2.71321384758298,-21.3389826772382,-7.3899062116507,TRUE
8364,6,-19.3705555555556,7.70705143695382,3.14639057365346,-27.4586100120064,-11.2825010991047,TRUE
8365,6,-9.78833333333334,8.84300395164951,3.6101412458261,-19.0684968439354,-0.508169822731317,TRUE
8366,6,-6.17333333333334,11.7035297619517,4.77794601770972,-18.4554345781088,6.10876791144213,TRUE
8367,6,-14.1005555555556,6.73723630006867,2.75046520195412,-21.1708514432486,-7.03025966786254,TRUE
8368,6,-21.5677777777778,8.71217045712917,3.55672869535275,-30.710639956338,-12.4249155992175,TRUE
8369,6,-8.99222222222222,10.7585477472394,4.39215872568432,-20.2826256616979,2.29818121725344,TRUE
8370,6,-15.1527777777778,10.4519321800467,4.26698344454831,-26.1214079132945,-4.184147642261,TRUE
8371,6,-19.8533333333333,12.4486184864917,5.08212721574707,-32.9173572405257,-6.78930942614096,TRUE
8372,6,-11.0638888888889,6.53076562354136,2.66617390123093,-17.9175070900407,-4.21027068773706,TRUE
8373,6,-12.3222222222222,12.4292351899627,5.07421401807557,-25.3659046072184,0.721460162773976,TRUE
8374,6,-11.7577777777778,15.1712524446975,6.19363787474347,-27.6790307951024,4.16347523954689,TRUE
8375,6,-19.9461111111111,15.2260606150065,6.21601321657555,-35.9248817757155,-3.96734044650674,TRUE
8376,6,-12.6366666666667,11.3956418570142,4.65225130686447,-24.5956593709078,-0.677673962425551,TRUE
8377,6,-8.02777777777777,10.546238227005,4.30548372699942,-19.0953760400302,3.03982048447467,TRUE
8378,6,-12.8672222222222,9.01786089852716,3.68152629546463,-22.330886844761,-3.4035575996834,TRUE
8379,6,-12.5105555555556,7.2493185631223,2.95952191042263,-20.1182488206557,-4.90286229045548,TRUE
8380,6,-13.9883333333333,8.95725571813153,3.65678433417486,-23.3883967196027,-4.58826994706401,TRUE
8381,6,-12.6233333333333,13.3790253755645,5.46196423764687,-26.6637593895235,1.41709272285685,TRUE
8382,6,-11.4255555555556,7.9339054882382,3.23900335227511,-19.7516787384791,-3.09943237263204,TRUE
8383,6,-13.6316666666667,17.7730946158012,7.25583549315333,-32.2833855877319,5.02005225439854,TRUE
8384,6,-18.3716666666667,9.31379305713367,3.80234009330902,-28.1458930434385,-8.59744028989482,TRUE
8385,6,-12.7922222222222,12.7636079306522,5.21072111783976,-26.1868072783077,0.602362833863213,TRUE
8386,6,-24.035,14.5250197551979,5.92981448401338,-39.2780734012979,-8.79192659870209,TRUE
8387,6,-9.20666666666667,11.2118207461788,4.57720665261475,-20.9727509458318,2.55941761249851,TRUE
8388,6,-9.76499999999999,2.71957737729801,1.11026281506611,-12.6190214251914,-6.91097857480862,FALSE
8389,6,-14.9883333333333,16.187165663643,6.60838270963759,-31.9757218896608,1.99905522299414,TRUE
8390,6,-10.0344444444444,7.84808020874933,3.20396532864519,-18.2704995202683,-1.79838936862058,TRUE
8391,6,-12.66,11.4943006166825,4.69252857683834,-24.722528722825,-0.597471277175046,TRUE
8392,6,-20.7883333333333,15.6129290795944,6.37395160587795,-37.1730975526281,-4.40356911403856,TRUE
8393,6,-10.5133333333333,7.36782524825941,3.00790206203839,-18.2453917373822,-2.78127492928443,TRUE
8394,6,-8.38055555555556,8.26989114980539,3.37616892423028,-17.0592740662217,0.298162955110593,TRUE
8395,6,-17.0844444444444,10.9689020349282,4.47803550402502,-28.5956011704257,-5.57328771846322,TRUE
8396,6,-23.4161111111111,7.67149222530812,3.13187358628886,-31.4668484635344,-15.3653737586878,FALSE
8397,6,-18.435,13.7471847218904,5.61226466140271,-32.8617855953854,-4.00821440461462,TRUE
8398,6,-14.7761111111111,8.25257115938667,3.36909806775099,-23.4366534065492,-6.11556881567301,TRUE
8399,6,-22.005,11.1403574149725,4.54803186981895,-33.6960881124517,-10.3139118875483,TRUE
8400,6,-15.5744444444444,9.7310396079685,3.97268028438928,-25.786544222286,-5.36234466660286,TRUE
8401,6,-17.3755555555556,13.1384777854407,5.3637610952036,-31.1635423975787,-3.58756871353243,TRUE
8402,6,-12.2311111111111,10.57039107164,4.31534408453153,-23.3240562293285,-1.13816599289376,TRUE
8403,6,-15.3833333333333,6.02462207205655,2.45954166160794,-21.7057864526535,-9.0608802140132,TRUE
8404,6,-12.3183333333333,5.75698869973607,2.35028079488703,-18.3599224533148,-6.27674421335185,TRUE
8405,6,-19.3977777777778,8.49115714314778,3.4665003877501,-28.3087007077544,-10.4868548478011,TRUE
8406,6,-15.2722222222222,7.39315739696487,3.01824386844117,-23.0308650859578,-7.51357935848667,TRUE
8407,6,-11.6605555555556,9.71923989178547,3.9678630704296,-21.860272290694,-1.4608388204171,TRUE
8408,6,-12.3622222222222,5.62963968322689,2.2982907766049,-18.2701667455733,-6.4542776988712,TRUE
8409,6,-11.1938888888889,13.0205658550305,5.31562375118833,-24.8581347487706,2.47035697099281,TRUE
8410,6,-13.2477777777778,8.80309810784227,3.59384975331227,-22.4860626736484,-4.00949288190719,TRUE
8411,6,-9.35888888888888,10.0425527225494,4.09985498087402,-19.8979016314667,1.18012385368894,TRUE
8412,6,-15.9344444444444,8.44642453393194,3.44823837650975,-24.7984233800445,-7.07046550884444,TRUE
8413,6,-16.7805555555556,9.94476108124087,4.05993171048814,-27.2169422644602,-6.34416884665086,TRUE
8414,6,-10.1438888888889,4.78493674248988,1.95344224509922,-15.1653720411056,-5.12240573667223,TRUE
8415,6,-16.4366666666667,9.47999296764858,3.87019092265198,-26.3853091528804,-6.48802418045294,TRUE
8416,6,-11.6144444444444,6.295013076208,2.56992832680958,-18.2206555202284,-5.00823336866052,TRUE
8417,6,-17.0472222222222,6.96972226982672,2.84537720166467,-24.3614971723551,-9.73294727208933,TRUE
8418,6,-15.3311111111111,5.27976795225223,2.15545624055286,-20.8718877705852,-9.79033445163698,TRUE
8419,6,-15.4288888888889,11.6020129798749,4.73650196497347,-27.6044548045054,-3.25332297327238,TRUE
8420,6,-16.6583333333333,7.49880279333531,3.06137342090478,-24.527844241211,-8.7888224254557,TRUE
8421,6,-16.1077777777778,6.60768127650326,2.69757458506253,-23.0421140064137,-9.17344154914186,TRUE
8422,6,-20.8677777777778,4.76893683314411,1.94691030946123,-25.8724700548919,-15.8630855006637,FALSE
8423,6,-8.57388888888889,9.85549647357964,4.02348958701152,-18.9165981371326,1.76882035935477,TRUE
8424,6,-15.1138888888889,10.0366825897508,4.0974585091942,-25.6467413048969,-4.58103647288084,TRUE
8425,6,-14.0055555555556,10.375181640534,4.23565016800007,-24.8936409395264,-3.11747017158467,TRUE
8426,6,-9.47055555555556,12.0437604715594,4.91684462327036,-22.1097070327804,3.16859592166931,TRUE
8427,6,-20.1816666666667,15.8188517282387,6.45801917515477,-36.7825334525105,-3.58079988082281,TRUE
8428,6,-10.0294444444444,10.4904660243198,4.28271482059778,-21.0385133694835,0.979624480594644,TRUE
8429,6,-21.0372222222222,4.61601098432482,1.88447859311302,-25.881428663324,-16.1930157811204,FALSE
8430,6,-20.2611111111111,6.90261871938362,2.81798229191222,-27.5049652038455,-13.0172570183768,TRUE
8431,6,-17.5916666666667,9.7798620190221,3.99261195023824,-27.8550024226936,-7.32833091063978,TRUE
8432,6,-15.4744444444444,8.96004877632227,3.65792459540639,-24.8774389655234,-6.07144992336545,TRUE
8433,6,-10.5927777777778,13.1911789409382,5.38527625184094,-24.4360710906437,3.25051553508814,TRUE
8434,6,-13.4311111111111,8.23200250152934,3.3607009483436,-22.0700679239289,-4.79215429829332,TRUE
8435,6,-16.5516666666667,11.4411255759407,4.67081995736017,-28.5583916065843,-4.54494172674902,TRUE
8436,6,-10.8744444444444,8.7745978487568,3.58221457126285,-20.0828201526845,-1.66606873620443,TRUE
8437,6,-14.4211111111111,10.4186402752559,4.25339208133119,-25.3548035352204,-3.48741868700183,TRUE
8438,6,-11.7922222222222,8.07177404888766,3.29528795646896,-20.2630295863124,-3.32141485813201,TRUE
8439,6,-3.20333333333334,6.60550544789892,2.69668630675447,-10.1353861698855,3.72871950321887,FALSE
8440,6,-12.2355555555556,9.9659002306569,4.0685617320991,-22.6941264412545,-1.77698466985659,TRUE
8441,6,-16.1894444444444,9.95473922124346,4.06400526908621,-26.6363025690877,-5.74258631980116,TRUE
8442,6,-15.5577777777778,6.51429834770891,2.65945116402373,-22.394114632779,-8.72144092277653,TRUE
8443,6,-13.6583333333333,7.80331119176696,3.18568845399639,-21.8474062071728,-5.46926045949388,TRUE
8444,6,-16.6627777777778,11.3254704914123,4.62360396681802,-28.5481301500562,-4.77742540549938,TRUE
8445,6,-8.30111111111112,10.1659977193402,4.15025118978016,-18.969671432888,2.36744921066575,TRUE
8446,6,-14.6994444444444,8.13646481155235,3.32169784973562,-23.238140600447,-6.16074828844185,TRUE
8447,6,-22.2216666666667,8.04126102603869,3.28283106705399,-30.6604525770982,-13.7828807562351,TRUE
8448,6,-15.6266666666667,5.2277898453043,2.13423626724982,-21.1128956482153,-10.140437685118,TRUE
8449,6,-11.4927777777778,13.3689320468792,5.45784365346599,-25.5226115351204,2.53705597956484,TRUE
8450,6,-19.6427777777778,11.6802519791439,4.76844290267267,-31.900450487657,-7.38510506789852,TRUE
8451,6,-8.28333333333334,12.5793372021122,5.13549290793079,-21.4845381194993,4.91787145283265,TRUE
8452,6,-17.0555555555556,7.23106282849414,2.95206903796952,-24.6440906021044,-9.46702050900674,TRUE
8453,6,-8.88444444444445,7.04164111763939,2.87473794833633,-16.2741935966522,-1.49469529223668,TRUE
8454,6,-10.6055555555556,6.87511960838716,2.80675582685864,-17.8205511011448,-3.39056000996635,TRUE
8455,6,-6.985,10.5651516789869,4.31320511143782,-18.0724467128358,4.10244671283576,TRUE
8456,6,-9.00888888888889,10.9265055238609,4.46072720086017,-20.4755532051489,2.45777542737109,TRUE
8457,6,-9.41388888888888,7.38558458279571,3.01515228000261,-17.164584571541,-1.66319320623674,TRUE
8458,6,-14.7066666666667,17.5586826891364,7.16830219063736,-33.133374070271,3.72004073693772,TRUE
8459,6,-17.915,6.81199456840652,2.78098513720108,-25.0637498788637,-10.7662501211363,TRUE
8460,6,-14.8183333333333,9.18575388547094,3.7500683203653,-24.4581908400596,-5.17847582660711,TRUE
8461,6,-13.3227777777778,12.9562066493531,5.28934921549492,-26.9194827934662,0.273927237910659,TRUE
8462,6,-10.0255555555556,11.8154043832931,4.82361864061862,-22.4250620151665,2.37395090405541,TRUE
8463,6,-18.6572222222222,7.30983824617105,2.9842289675667,-26.3284269996289,-10.9860174448156,TRUE
8464,6,-14.3844444444444,10.6274559862999,4.33864073838687,-25.5372755178934,-3.23161337099544,TRUE
8465,6,-17.3811111111111,9.64474955994577,3.93745251979996,-27.5026550371893,-7.25956718503292,TRUE
8466,6,-13.28,3.22733670729012,1.31755469350246,-16.6668821625748,-9.8931178374252,TRUE
8467,6,-11.1855555555555,9.09304365781683,3.71221952841699,-20.7281196451987,-1.64299146591242,TRUE
8468,6,-7.07611111111112,14.1224216394697,5.76545449152339,-21.8966837012089,7.7444614789867,TRUE
8469,6,-9.74111111111111,9.3821015572008,3.83022692168557,-19.5870228623612,0.104800640139018,TRUE
8470,6,-13.3955555555556,6.48637500771739,2.64805150820815,-20.2025886623848,-6.58852244872634,TRUE
8471,6,-12.105,6.11788734413732,2.49761704949456,-18.5253290198063,-5.68467098019371,TRUE
8472,6,-14.3838888888889,11.4970536161163,4.69365248415083,-26.4493067074363,-2.3184710703415,TRUE
8473,6,-8.76444444444444,5.08771534260786,2.07705109098642,-14.1036742506227,-3.42521463826615,TRUE
8474,6,-13.9388888888889,10.8134526640902,4.41457356412671,-25.2869115049133,-2.5908662728645,TRUE
8475,6,-15.9711111111111,13.4178981077376,5.47783396410219,-30.0523315978639,-1.88989062435835,TRUE
8476,6,-15.0033333333333,9.1783167181013,3.74703210950075,-24.635386011562,-5.37128065510468,TRUE
8477,6,-12.8983333333333,11.2889528596175,4.60869570606599,-24.7453628013216,-1.05130386534503,TRUE
8478,6,-11.4172222222222,8.64762097449458,3.53037647941686,-20.4923438731689,-2.34210057127556,TRUE
8479,6,-14.9905555555556,10.6373571104996,4.34268285541508,-26.1537772216148,-3.82733388949632,TRUE
8480,6,-11.5111111111111,9.60858705456662,3.92268923880003,-21.5947048152165,-1.42751740700572,TRUE
8481,6,-15.1205555555556,12.2543857757433,5.0028320436319,-27.980744733655,-2.2603663774561,TRUE
8482,6,-15.6461111111111,10.7310625789842,4.38093795273102,-26.9076706354512,-4.38455158677102,TRUE
8483,6,-20.4988888888889,9.35493611039806,3.81913667446867,-30.3162922520905,-10.6814855256872,TRUE
8484,6,-11.7483333333333,10.0286965476299,4.09419822115076,-22.272804912118,-1.22386175454867,TRUE
8485,6,-19.8655555555555,17.5112693450268,7.14894577395942,-38.2425057060446,-1.48860540506646,TRUE
8486,6,-15.3033333333333,11.69485584919,4.77440490765312,-27.5763318649193,-3.03033480174735,TRUE
8487,6,-10.1405555555556,6.31260974968767,2.5771121386755,-16.7652332076327,-3.51587790347845,TRUE
8488,6,-5.04388888888888,11.6618903397475,4.76094679477896,-17.2822922399786,7.19451446220084,TRUE
8489,6,-11.5816666666667,8.98934103381456,3.66988310945145,-21.0154015267311,-2.14793180660225,TRUE
8490,6,-8.67,9.71630794077669,3.96666610644254,-18.8666398412554,1.52663984125541,TRUE
8491,6,-11.84,14.8225320973772,6.05127338909999,-27.3952934564898,3.71529345648982,TRUE
8492,6,-4.00666666666666,12.1844098931563,4.97426450919203,-16.7934206596461,8.78008732631275,TRUE
8493,6,-10.3872222222222,10.4987517600198,4.28609745803255,-21.4049864936077,0.630542049163225,TRUE
8494,6,-12.5822222222222,8.06344802637644,3.29188887201239,-21.0442919615506,-4.12015248289385,TRUE
8495,6,-10.4927777777778,5.99783939493277,2.44860767945811,-16.7871242011924,-4.19843135436317,TRUE
8496,6,-10.0372222222222,10.49341749578,4.28391975377576,-21.0493885266018,0.974944082157322,TRUE
8497,6,-6.53555555555555,12.6942938478789,5.1824237620425,-19.857399942832,6.78628883172091,TRUE
8498,6,-16.95,11.2556664248132,4.59510657596148,-28.7620974969796,-5.13790250302043,TRUE
8499,6,-18.1872222222222,5.02511311831404,2.05149383993924,-23.4607550230898,-12.9136894213546,TRUE
8500,6,-14.0583333333333,9.95200789344096,4.06289020918014,-24.5023251052364,-3.61434156143023,TRUE
8501,6,-8.97111111111111,7.80564743322755,3.18664222057879,-17.1626357200027,-0.779586502219505,TRUE
8502,6,-9.96,13.6556306660985,5.5748878746406,-24.2907055062603,4.37070550626027,TRUE
8503,6,-17.5522222222222,13.3381858947521,5.44529158942175,-31.549789871733,-3.55465457271149,TRUE
8504,6,-13.9222222222222,13.9834056679363,5.7087014587977,-28.5969064972781,0.752462052833677,TRUE
8505,6,-20.4855555555556,10.3970259992764,4.24456809011293,-31.3965651881214,-9.57454592298974,TRUE
8506,6,-9.60833333333333,6.38409751735601,2.60629689761518,-16.3080327966182,-2.90863387004847,TRUE
8507,6,-12.1838888888889,11.2553865458409,4.59499231584951,-23.9956926709001,-0.372085106877698,TRUE
8508,6,-12.6138888888889,6.20918653346856,2.53488978745978,-19.130030531873,-6.09774724590478,TRUE
8509,6,-16.005,9.99261032519087,4.07946608253072,-26.4916014108479,-5.5183985891521,TRUE
8510,6,-8.07,11.0348262836853,4.50494896588021,-19.6503399821603,3.51033998216026,TRUE
8511,6,-12.3777777777778,8.94044136784376,3.64991990441462,-21.7601955855934,-2.99535996996213,TRUE
8512,6,-13.4094444444444,7.36312023734705,3.00598124937681,-21.1365652423558,-5.68232364653308,TRUE
8513,6,-19.3805555555555,7.00568131881124,2.86005742193931,-26.7325672132696,-12.0285438978415,TRUE
8514,6,-13.4666666666667,11.0354517603746,4.50520431566937,-25.0476630463567,-1.88567028697666,TRUE
8515,6,-9.69944444444445,11.1672754892074,4.55902112760791,-21.4187813433555,2.01989245446664,TRUE
8516,6,-17.4694444444444,10.8180962417745,4.416469296778,-28.8223401963875,-6.11654869250144,TRUE
8517,6,-17.0333333333333,7.96701477621602,3.25252016249052,-25.3942025830723,-8.67246408359432,TRUE
8518,6,-8.08722222222222,4.52555676951179,1.84755081455035,-12.8365027865204,-3.33794165792401,FALSE
8519,6,-15.0794444444444,8.41802970261296,3.43664623516576,-23.9136248320695,-6.24526405681941,TRUE
8520,6,-10.7772222222222,9.58050228714936,3.91122368051386,-20.8313427704617,-0.72310167398269,TRUE
8521,6,-10.0344444444444,7.80274472126221,3.18545719338123,-18.2229228439473,-1.84596604494162,TRUE
8522,6,-13.9211111111111,8.10451415136216,3.30865404733379,-22.4262771055919,-5.41594511663031,TRUE
8523,6,-10.6877777777778,13.8102156498838,5.63799693000236,-25.1807102754151,3.80515471985959,TRUE
8524,6,-17.33,8.44547400156505,3.44785032329593,-26.1929814130573,-8.46701858694269,TRUE
8525,6,-19.6688888888889,12.6368529251492,5.15897360353543,-32.9304527246643,-6.4073250531135,TRUE
8526,6,-11.6655555555556,6.0438665573425,2.46739818982679,-18.0082045236062,-5.3229065875049,TRUE
8527,6,-21.06,21.240866795454,8.67154755721475,-43.3509226374327,1.23092263743267,TRUE
8528,6,-14.6733333333333,9.31515253051,3.80289509599083,-24.4489863899178,-4.89768027674888,TRUE
8529,6,-16.1811111111111,8.54417947862536,3.48814666556523,-25.1476775696485,-7.21454465257377,TRUE
8530,6,-14.3377777777778,7.27158202767357,2.96861093176548,-21.9688351160455,-6.70672043951003,TRUE
8531,6,-11.6933333333333,11.0472864440901,4.5100358050644,-23.2867494519013,-0.0999172147653802,TRUE
8532,6,-17.8722222222222,10.2637958468193,4.19017710813408,-28.6434153844908,-7.10102905995367,TRUE
8533,6,-14.0877777777778,9.36213524236306,3.8220757077862,-23.9127361666398,-4.26281938891575,TRUE
8534,6,-11.6261111111111,14.4889905202639,5.91510561044485,-26.8313741491911,3.57915192696886,TRUE
8535,6,-11.955,6.79729382426074,2.77498358353502,-19.0883223940241,-4.82167760597591,TRUE
8536,6,-14.7038888888889,17.3005240019122,7.0629093479097,-32.8596753653715,3.4518975875937,TRUE
8537,6,-13.5333333333333,12.6855830681044,5.17886760109096,-26.8460363178632,-0.220630348803505,TRUE
8538,6,-12.8694444444444,6.14232001650721,2.50759164622104,-19.3154139814136,-6.42347490747528,TRUE
8539,6,-17.6688888888889,11.7654684312783,4.80323237357593,-30.0159907807435,-5.3217869970343,TRUE
8540,6,-15.1477777777778,6.44638698692416,2.63172646708028,-21.9128460304177,-8.38270952513789,TRUE
8541,6,-13.46,16.8873714815407,6.8942405377672,-31.1822094968919,4.2622094968919,TRUE
8542,6,-9.03944444444444,7.64983236320806,3.12303098461482,-17.0674511656247,-1.01143772326419,TRUE
8543,6,-21.1938888888889,9.68613841566428,3.95434944939129,-31.3588677552526,-11.0289100225252,TRUE
8544,6,-15.5022222222222,10.5848318449178,4.32123950553514,-26.6103220025849,-4.39412244185955,TRUE
8545,6,-13.2838888888889,7.54386414884947,3.07976964225942,-21.2006887892251,-5.36708898855267,TRUE
8546,6,-10.545,6.44697818964651,2.631967824581,-17.3106886818471,-3.77931131815286,TRUE
8547,6,-16.7722222222222,13.9006069678296,5.67489903102652,-31.3600145904491,-2.18442985399534,TRUE
8548,6,-16.9844444444445,6.76590001130396,2.76216711306428,-24.0848210522795,-9.88406783660943,TRUE
8549,6,-11.495,17.309840457574,7.06671277500681,-29.6605634970916,6.67056349709159,TRUE
8550,6,-8.32722222222223,9.7193779903098,3.96791944891607,-18.5270838828739,1.87263943842948,TRUE
8551,6,-11.1177777777778,2.46725638596276,1.00725320170535,-13.7070045619681,-8.52855099358749,FALSE
8552,6,-7.74277777777778,7.9415513224689,3.24212475102896,-16.0769247716397,0.591369216084167,TRUE
8553,6,-7.74833333333333,6.87972504295533,2.80863598764794,-14.9681619860956,-0.528504680571081,TRUE
8554,6,-15.0116666666667,9.91225005289471,4.0466591387446,-25.4139351437352,-4.60939818959811,TRUE
8555,6,-12.0811111111111,8.68395958500925,3.5452116550373,-21.1943677950362,-2.96785442718607,TRUE
8556,6,-17.405,7.99685181111223,3.26470108097941,-25.7971812975479,-9.01281870245207,TRUE
8557,6,-16.7988888888889,10.5534212813069,4.30841619663848,-27.8740253043291,-5.72375247344872,TRUE
8558,6,-11.0255555555556,12.9968622994025,5.3059468151253,-24.664926059369,2.61381494825787,TRUE
8559,6,-9.86666666666667,7.03286412336949,2.87115475543023,-17.2472049282764,-2.4861284050569,TRUE
8560,6,-13.76,7.31191660540822,2.98507745417224,-21.4333858816626,-6.08661411833735,TRUE
8561,6,-16.4116666666667,4.2490368843356,1.73466204414791,-20.870757408321,-11.9525759250123,TRUE
8562,6,-14.0894444444444,7.64915199850914,3.1227532268896,-22.1167371666615,-6.06215172222737,TRUE
8563,6,-10.7194444444444,8.36909351700029,3.41666812104757,-19.502269454807,-1.93661943408191,TRUE
8564,6,-15.3866666666667,9.51072680947383,3.88273796103652,-25.3675623418427,-5.40577099149061,TRUE
8565,6,-17.55,5.45656627885666,2.22763385514599,-23.2763151244868,-11.8236848755132,TRUE
8566,6,-14.9872222222222,10.3707673383017,4.23384803666013,-25.8706750801052,-4.10376936433921,TRUE
8567,6,-7.73055555555555,4.87374846233102,1.98969947789752,-12.845240891814,-2.61587021929713,FALSE
8568,6,-7.09277777777778,15.0487701109377,6.14363467137399,-22.8854934687972,8.69993791324169,TRUE
8569,6,-15.4166666666667,7.99536726972424,3.26409501949565,-23.8072900335731,-7.0260432997602,TRUE
8570,6,-15.3066666666667,18.9704491834596,7.74465344847896,-35.2149321446248,4.60159881129149,TRUE
8571,6,-9.99277777777778,6.5571106159367,2.6769291993386,-16.8740433528821,-3.1115122026735,TRUE
8572,6,-17.2433333333333,5.53593673695389,2.26003670897752,-23.0529426453022,-11.4337240213644,TRUE
8573,6,-26.5461111111111,9.26353194381463,3.78182107971971,-36.2675916842651,-16.8246305379571,FALSE
8574,6,-22.3361111111111,9.7549865121307,3.9824565670754,-32.5733416236457,-12.0988805985765,TRUE
8575,6,-10.8916666666667,4.59758620244242,1.87695670740736,-15.7165374850038,-6.06679584832955,TRUE
8576,6,-7.50111111111111,8.35406159812011,3.41053136586234,-16.2681610900648,1.26593886784254,TRUE
8577,6,-10.7127777777778,8.44654759628432,3.44828861650472,-19.5768858593963,-1.84866969615926,TRUE
8578,6,-20.2472222222222,5.47158373037629,2.23376470405601,-25.9892971955541,-14.5051472488903,FALSE
8579,6,-15.59,8.37225284960851,3.41795791318388,-24.3761405265999,-6.80385947340011,TRUE
8580,6,-13.5405555555556,11.5793665949715,4.72725661705146,-25.6923555477396,-1.3887555633715,TRUE
8581,6,-18.4561111111111,6.44847937860518,2.63258068240704,-25.2233751941537,-11.6888470280685,TRUE
8582,6,-18.43,4.00563048165399,1.63529179636518,-22.6336513877014,-14.2263486122986,FALSE
8583,6,-16.7261111111111,12.7255689096431,5.19519175254187,-30.0807766628428,-3.37144555937941,TRUE
8584,6,-16.8616666666667,11.2788286921412,4.6045625320014,-28.698071472481,-5.02526186085232,TRUE
8585,6,-6.12333333333334,8.91656261621533,3.6401714448839,-15.4806919281539,3.23402526148721,TRUE
8586,6,-14.1938888888889,16.641143312307,6.79371830861349,-31.6576977694406,3.26991999166281,TRUE
8587,6,-13.5627777777778,4.75077510245161,1.93949581395415,-18.548410487421,-8.57714506813457,TRUE
8588,6,-13.785,10.6560173402428,4.35030086230741,-24.9678043762004,-2.60219562379956,TRUE
8589,6,-14.2511111111111,6.03627613927905,2.46429941462848,-20.5857944239243,-7.91642779829793,TRUE
8590,6,-9.41611111111111,9.28715969417912,3.79146706841352,-19.1623874875882,0.330165265365945,TRUE
8591,6,-15.59,9.48023628397521,3.87029025612636,-25.5388978310386,-5.64110216896135,TRUE
8592,6,-8.41888888888888,5.2489845226023,2.14288895802367,-13.9273603201701,-2.91041745760762,FALSE
8593,6,-15.0527777777778,11.0725585554091,4.52035310130678,-26.6727153506593,-3.43284020489629,TRUE
8594,6,-9.36666666666667,11.2633357995459,4.59823758508506,-21.1868126788265,2.45347934549317,TRUE
8595,6,-12.6122222222222,8.98726226183273,3.6690344543436,-22.0437755448817,-3.18066889956276,TRUE
8596,6,-14.5861111111111,11.0098635407159,4.49475796873768,-26.1402543011298,-3.03196792109246,TRUE
8597,6,-16.1277777777778,13.8689476756396,5.66197417911264,-30.6823457564466,-1.57320979910899,TRUE
8598,6,-17.42,7.11515752929383,2.90475089771529,-24.8868998947152,-9.95310010528481,TRUE
8599,6,-14.5711111111111,11.0792778879545,4.52309625733152,-26.1981001910421,-2.94412203118011,TRUE
8600,6,-16.8522222222222,10.7457674699632,4.38694119933466,-28.1292135832365,-5.57523086120796,TRUE
8601,6,-10.9011111111111,9.85499730349288,4.02328580167695,-21.2432965124754,-0.558925709746861,TRUE
8602,6,-3.41222222222223,3.68403623258009,1.50400149395775,-7.2783811433599,0.453936698915452,FALSE
8603,6,-9.3161111111111,7.64957759666554,3.12292697660937,-17.3438504712018,-1.28837175102042,TRUE
8604,6,-12.7833333333333,10.3887385610039,4.24118475760585,-23.6856458328125,-1.88102083385414,TRUE
8605,6,-18.2405555555556,5.7244929583003,2.33701446399852,-24.2480424863295,-12.2330686247816,TRUE
8606,6,-15.2355555555556,18.9947218009713,7.75456270308322,-35.1692935834041,4.69818247229301,TRUE
8607,6,-11.9072222222222,5.89400238158028,2.40621639627009,-18.0925983830844,-5.72184606136006,TRUE
8608,6,-13.3044444444445,12.189580006741,4.97637519922452,-26.096624138882,-0.512264750006871,TRUE
8609,6,-16.9461111111111,12.7859487835786,5.21984173285449,-30.3641414544832,-3.52808076773897,TRUE
8610,6,-11.4333333333333,8.0016337220734,3.26665328795446,-19.8305329386707,-3.03613372799594,TRUE
8611,6,-13.1066666666667,5.85917438249147,2.3919979251818,-19.2554930840188,-6.95784024931457,TRUE
8612,6,-10.6511111111111,6.76117171524011,2.7602367942794,-17.7465256765407,-3.55569654568149,TRUE
8613,6,-12.1672222222222,13.5935709341122,5.54955209515057,-26.4328000339337,2.09835558948929,TRUE
8614,6,-14.7955555555556,10.942413235087,4.46722149677342,-26.2789139909254,-3.31219712018574,TRUE
8615,6,-10.7161111111111,10.8991235971148,4.44954857607647,-22.1540398575547,0.721817635332499,TRUE
8616,6,-11.0883333333333,7.9591623651962,3.24931442911567,-19.440961983089,-2.73570468357762,TRUE
8617,6,-14.405,15.0901101903053,6.16051168810345,-30.2410994436639,1.43109944366395,TRUE
8618,6,-14.8372222222222,7.82725903966862,3.19546512196253,-23.0514268211485,-6.62301762329595,TRUE
8619,6,-14.1194444444445,12.560587462671,5.12783835885726,-27.3009725858021,-0.937916303086848,TRUE
8620,6,-13.1205555555556,10.1122303104633,4.12830073702348,-23.7326904421921,-2.50842066891898,TRUE
8621,6,-14.6772222222222,4.58336965642173,1.87115282679811,-19.487173690489,-9.86727075395545,TRUE
8622,6,-13.9,8.42659968327808,3.44014491512161,-22.7431740307682,-5.05682596923176,TRUE
8623,6,-10.6533333333333,10.4438581632141,4.26368724097921,-21.6134903078288,0.306823641162127,TRUE
8624,6,-9.87611111111111,9.34536591440239,3.81522965831403,-19.6834711695541,-0.0687510526681212,TRUE
8625,6,-10.65,14.6463096603433,5.97933088043953,-26.0203593505171,4.72035935051714,TRUE
8626,6,-18.21,12.2382970856061,4.99626386338758,-31.0533051332702,-5.36669486672977,TRUE
8627,6,-5.76222222222222,11.9405873048684,4.87472435434705,-18.2931001012407,6.76865565679626,TRUE
8628,6,-16.5,12.4758883896543,5.09326010709433,-29.5926419154678,-3.40735808453225,TRUE
8629,6,-9.27055555555556,13.6122564733514,5.55718043460135,-23.5557426380953,5.0146315269842,TRUE
8630,6,-12.2366666666667,13.0944318955298,5.3457794359455,-25.9784301820263,1.50509684869298,TRUE
8631,6,-14.7533333333333,9.15143825976126,3.73605902483312,-24.3571787994345,-5.14948786723217,TRUE
8632,6,-8.33666666666667,7.41786492193003,3.02833067326979,-16.1212384876743,-0.552094845659052,TRUE
8633,6,-18.8827777777778,15.4388902043101,6.30290053256886,-35.0848993986217,-2.68065615693381,TRUE
8634,6,-9.73055555555555,7.10122443797678,2.89906273700423,-17.1828335676687,-2.27827754344239,TRUE
8635,6,-17.21,12.5349674466625,5.11737903112014,-30.3646415834636,-4.0553584165364,TRUE
8636,6,-11.9861111111111,13.0079010889821,5.31045338209995,-25.6370661141307,1.66484389190845,TRUE
8637,6,-5.76833333333334,13.6742624013956,5.58249424872405,-20.1185916466476,8.58192497998088,TRUE
8638,6,-11.2655555555556,13.3406992431543,5.44631765961027,-25.265760802455,2.7346496913439,TRUE
8639,6,-18.7144444444444,7.50162194807575,3.06252433600812,-26.5869138737811,-10.8419750151078,TRUE
8640,6,-16.1044444444444,8.6260529577339,3.52157137344561,-25.1569318499206,-7.05195703896833,TRUE
8641,6,-18.7966666666667,9.38892231420743,3.8330114840732,-28.6497363634106,-8.94359696992272,TRUE
8642,6,-15.3044444444444,13.8952155901338,5.67269801029893,-29.8865789087691,-0.722309980119766,TRUE
8643,6,-11.2777777777778,10.1276033507257,4.13457675442984,-21.9060456807593,-0.649509874796291,TRUE
8644,6,-24.1388888888889,7.36361103042572,3.00618161481215,-31.8665247425488,-16.4112530352289,FALSE
8645,6,-19.8444444444444,11.3028923863008,4.61438649400431,-31.7061025485375,-7.98278634035144,TRUE
8646,6,-10.3288888888889,9.95601586237446,4.06452645564548,-20.7770867662344,0.119308988456618,TRUE
8647,6,-13.7377777777778,13.5335611912947,5.52505322023415,-27.9403792266356,0.464823671080058,TRUE
8648,6,-11.7366666666667,10.6251682339622,4.33770676740602,-22.8870968912773,-0.586236442056034,TRUE
8649,6,-11.4044444444444,11.0139547174718,4.49642818465425,-22.9628810611598,0.153992172270923,TRUE
8650,6,-16.9905555555556,14.6574592942625,5.98388269942634,-32.3726157292793,-1.60849538183183,TRUE
8651,6,-9.27222222222222,10.5747806211375,4.31713611060977,-20.3697738901253,1.82532944568085,TRUE
8652,6,-13.1183333333333,6.50879737995687,2.65720540334306,-19.9488972767217,-6.28776938994499,TRUE
8653,6,-13.0122222222222,12.5408978354231,5.11980010219342,-26.1730873670096,0.148642922565134,TRUE
8654,6,-9.80833333333334,15.7859295647175,6.44457875817888,-26.3746504274356,6.75798376076892,TRUE
8655,6,-18.3522222222222,10.5634789443349,4.31252222037575,-29.4379135076981,-7.26653093674635,TRUE
8656,6,-10.7222222222222,10.4930621876588,4.28377469984269,-21.7340156535962,0.289571209151809,TRUE
8657,6,-14.5294444444444,12.6077863801465,5.14710723622838,-27.7605048119654,-1.29838407692354,TRUE
8658,6,-15.3433333333333,3.97866029936935,1.62428126555398,-19.5186812505308,-11.1679854161359,TRUE
8659,6,-14.3677777777778,13.2233955408446,5.39842862367729,-28.2448803387818,-0.49067521677379,TRUE
8660,6,-14.1572222222222,10.6598472819302,4.35186442945385,-25.3440458757281,-2.97039856871637,TRUE
8661,6,-15.4994444444444,10.838981997436,4.42499587082182,-26.8742584527447,-4.12463043614419,TRUE
8662,6,-14.2283333333333,7.84834129680349,3.20407191739696,-22.4646624042664,-5.99200426240028,TRUE
8663,6,-19.9783333333333,9.89939453816354,4.04141089683257,-30.3671107750738,-9.58955589159287,TRUE
8664,6,-11.9827777777778,7.33279707635245,2.9936018707393,-19.6780763698271,-4.28747918572844,TRUE
8665,6,-16.3838888888889,11.0214141896918,4.49947350143586,-27.9501537416068,-4.81762403617095,TRUE
8666,6,-15.9416666666667,11.1911823921038,4.56878107984565,-27.6860923215168,-4.19724101181657,TRUE
8667,6,-25.01,10.1584128244087,4.14715466939103,-35.6706004627109,-14.3493995372891,FALSE
8668,6,-6.30277777777777,8.34204489097026,3.40562556571141,-15.0572169959742,2.45166144041863,TRUE
8669,6,-18.6438888888889,14.8808822045329,6.07509472059469,-34.2604170274197,-3.0273607503581,TRUE
8670,6,-16.4794444444444,11.6023015756294,4.73661978369688,-28.6553132227312,-4.30357566615764,TRUE
8671,6,-10.1755555555556,8.95252234268624,3.65485194174119,-19.5706515689356,-0.78045954217553,TRUE
8672,6,-5.04388888888889,6.23399440938924,2.54501756039444,-11.5860648010143,1.4982870232365,FALSE
8673,6,-14.8616666666667,9.47507554939098,3.86818339505482,-24.8051486389046,-4.91818469442875,TRUE
8674,6,-11.9561111111111,9.25592648983262,3.77871616613335,-21.6696102497988,-2.24261197242343,TRUE
8675,6,-14.2877777777778,14.0391094473287,5.73144243150701,-29.0209195842049,0.445364028649363,TRUE
8676,6,-20.3333333333333,8.26699945566709,3.37498839504178,-29.0090171971111,-11.6576494695556,TRUE
8677,6,-12.7683333333333,12.6381710614225,5.15951173041561,-26.0312804682922,0.494613801625517,TRUE
8678,6,-7.99611111111111,9.75391873765312,3.98202064997033,-18.2322210630535,2.23999884083133,TRUE
8679,6,-19.3788888888889,14.8323274065905,6.05527230734088,-34.9444618919709,-3.81331588580682,TRUE
8680,6,-6.72777777777778,9.96346496325821,4.06756753834676,-17.1837930070759,3.72823745152031,TRUE
8681,6,-15.9,8.49231966740145,3.46697498628928,-24.8121429243607,-6.98785707563932,TRUE
8682,6,-16.3327777777778,11.3792007953433,4.64553927154392,-28.2745166459437,-4.39103890961182,TRUE
8683,6,-15.6388888888889,18.5732619843888,7.58250245346417,-35.1303319644317,3.85255418665388,TRUE
8684,6,-15.6305555555555,17.0855125656104,6.97513129660928,-33.5607013677977,2.29959025668664,TRUE
8685,6,-12.2855555555555,12.4676111347526,5.08988093193098,-25.369511024729,0.798399913617871,TRUE
8686,6,-11.6966666666667,13.6042628939935,5.55391706949382,-25.9734650021379,2.58013166880461,TRUE
8687,6,-9.96388888888888,8.27277581163841,3.37734658249218,-18.6456346664917,-1.28214311128611,TRUE
8688,6,-14.0844444444444,9.33939366736803,3.81279149867203,-23.8855370139993,-4.28335187488957,TRUE
8689,6,-11.5344444444444,11.8348163702915,4.83154355112523,-23.9543225350527,0.885433646163831,TRUE
8690,6,-20.3088888888889,5.76773927083188,2.3546696971584,-26.3617600413275,-14.2560177364502,FALSE
8691,6,-10.5655555555556,9.22012259900814,3.7640992889123,-20.2414808151651,-0.889630295946031,TRUE
8692,6,-16.4377777777778,8.20674564453377,3.35038987965267,-25.0502291447127,-7.82532641084289,TRUE
8693,6,-5.86,11.7840702268406,4.81082652481378,-18.2266232790837,6.50662327908367,TRUE
8694,6,-10.865,6.49272028249074,2.65064195578689,-17.6786920643213,-4.05130793567869,TRUE
8695,6,-15.9827777777778,8.38510780866668,3.42320592824336,-24.7824087565627,-7.18314679899285,TRUE
8696,6,-18.2872222222222,9.02295280977395,3.68360505952632,-27.7562304778986,-8.81821396654584,TRUE
8697,6,-13.2361111111111,17.3679195218805,7.09042345372168,-31.4626248482178,4.99040262599552,TRUE
8698,6,-7.83111111111111,12.5396442740023,5.1192883378864,-20.9906607238667,5.32843850164449,TRUE
8699,6,-10.4705555555556,6.73795234858869,2.7507575275383,-17.5416028900854,-3.39950822102574,TRUE
8700,6,-16.5144444444444,6.9940001800485,2.85528861700875,-23.8541974988263,-9.17469139006261,TRUE
8701,6,-17.7133333333333,8.57478240734616,3.50064025889868,-26.7120155959555,-8.71465107071118,TRUE
8702,6,-15.7977777777778,11.9416073116304,4.87514077036389,-28.3297260882452,-3.26582946731035,TRUE
8703,6,-19.2711111111111,6.17686100311896,2.52169294495622,-25.7533291904678,-12.7888930317544,TRUE
8704,6,-13.5211111111111,4.72105104430813,1.92736101803143,-18.4755503347762,-8.566671887446,TRUE
8705,6,-13.0944444444444,8.20260058129716,3.34869766467245,-21.7025458342892,-4.48634305459969,TRUE
8706,6,-10.7405555555556,6.65484666044787,2.71682977242699,-17.7243888190723,-3.75672229203879,TRUE
8707,6,-11.3311111111111,11.6640745056809,4.76183847678734,-23.5718066037747,0.909584381552518,TRUE
8708,6,-11.9688888888889,8.78782583822432,3.58761487534924,-21.1911465207203,-2.74663125705748,TRUE
8709,6,-15.2344444444444,13.5484378216607,5.53112657914895,-29.45265795941,-1.01623092947894,TRUE
8710,6,-20.4605555555555,5.67127162564551,2.31528694592599,-26.4121901230388,-14.5089209880723,FALSE
8711,6,-7.94444444444444,11.1182893701558,4.53902262824863,-19.6123735641626,3.72348467527368,TRUE
8712,6,-3.32222222222223,9.63067983447036,3.93170857842733,-13.429000876943,6.78455643249853,FALSE
8713,6,-16.0094444444444,13.5413956964342,5.52825164356399,-30.2202677022166,-1.79862118667226,TRUE
8714,6,-12.4366666666667,7.65106586619726,3.12353456010145,-20.4659678698457,-4.40736546348762,TRUE
8715,6,-11.3977777777778,3.40794540036248,1.39128788369217,-14.9741971397378,-7.8213584158178,TRUE
8716,6,-6.14500000000001,13.5270507174,5.52239533039651,-20.3407691255201,8.05076912552007,TRUE
8717,6,-15.7527777777778,13.6223517983687,5.56130183378134,-30.048559254187,-1.45699630136854,TRUE
8718,6,-11.4794444444444,7.25733143997363,2.96279315369888,-19.0955467080904,-3.86334218079847,TRUE
8719,6,-23.9077777777778,4.45132722612863,1.81724673036226,-28.5791592137165,-19.2363963418391,FALSE
8720,6,-17.0783333333333,8.76470567421151,3.57817610791577,-26.2763278410495,-7.88033882561722,TRUE
8721,6,-16.3011111111111,15.577047454746,6.35930299387451,-32.6482198744726,0.0459976522503247,TRUE
8722,6,-14.1111111111111,12.2868046052425,5.01606697535376,-27.0053217642907,-1.21690045793156,TRUE
8723,6,-15.6816666666667,6.75510958871546,2.75776194148913,-22.7707194204678,-8.59261391286556,TRUE
8724,6,-13.36,9.93355995267222,4.05535886889873,-23.7846318453777,-2.93536815462231,TRUE
8725,6,-21.3288888888889,7.59200681028459,3.09942380148869,-29.2962114139346,-13.3615663638432,TRUE
8726,6,-12.0744444444444,13.9189700555539,5.6823957301976,-26.6815076913877,2.53261880249885,TRUE
8727,6,-7.79277777777778,10.6867122928256,4.3628320242252,-19.0077945311835,3.42223897562793,TRUE
8728,6,-14.62,12.3755657109753,5.05230354502886,-27.6073597209721,-1.63264027902786,TRUE
8729,6,-16.3283333333333,8.99151124363665,3.67076909390127,-25.7643456889311,-6.89232097773557,TRUE
8730,6,-15.6127777777778,4.15884568208625,1.69784164001473,-19.9772186573866,-11.2483368981689,TRUE
8731,6,-18.5266666666667,5.91026489348075,2.4128555389521,-24.7291092871114,-12.3242240462219,TRUE
8732,6,-8.445,5.68571455491744,2.32118324711055,-14.4117914922057,-2.47820850779431,TRUE
8733,6,-13.2883333333333,11.5287969402227,4.70661164195094,-25.3870637275268,-1.18960293913984,TRUE
8734,6,-17.7927777777778,10.7103661970109,4.37248869017165,-29.0326177812582,-6.55293777429732,TRUE
8735,6,-13.6816666666667,10.4010580124225,4.24621415258694,-24.5969076375285,-2.76642569580483,TRUE
8736,6,-10.3283333333333,15.0971414144827,6.16338217335375,-26.1718115942412,5.5151449275745,TRUE
8737,6,-20.3438888888889,9.85695049003306,4.02408318674293,-30.6881240338198,-9.99965374395801,TRUE
8738,6,-13.4555555555555,9.37979522796306,3.82928536671702,-23.2990469627063,-3.61206414840484,TRUE
8739,6,-13.1166666666667,13.5286285746601,5.52303948792557,-27.3140916518302,1.08075831849689,TRUE
8740,6,-11.0766666666667,8.41396114931738,3.43498525523818,-19.9065773694605,-2.24675596387283,TRUE
8741,6,-9.80722222222222,9.59311336710217,3.91637213234549,-19.8745772872218,0.26013284277736,TRUE
8742,6,-18.9194444444444,7.72862311056667,3.15519717252835,-27.0301369839969,-10.808751904892,TRUE
8743,6,-7.45777777777777,6.428917194699,2.6245944542696,-14.204512607835,-0.711042947720536,TRUE
8744,6,-12.1616666666667,16.8306981105624,6.87110373095047,-29.8244011082208,5.50106777488752,TRUE
8745,6,-18.1816666666667,13.3535541253173,5.45156564327744,-32.1953622850547,-4.16797104827868,TRUE
8746,6,-19.2611111111111,4.87724132711956,1.99112543397626,-24.379461984164,-14.1427602380583,FALSE
8747,6,-11.1844444444444,11.4730677224081,4.68386028404924,-23.2246906112798,0.855801722390876,TRUE
8748,6,-14.435,8.7443113571688,3.5698501628479,-23.6115919845602,-5.25840801543984,TRUE
8749,6,-10.7744444444444,11.9793451252408,4.89054716825615,-23.3459961614863,1.79710727259743,TRUE
8750,6,-8.56166666666667,12.3998119609398,5.06220203512705,-21.5744712664854,4.4511379331521,TRUE
8751,6,-17.1388888888889,8.4369893700081,3.44438648696759,-25.9929662271989,-8.28481155057882,TRUE
8752,6,-13.6872222222222,10.5064527086224,4.28924135713451,-24.7130681435322,-2.6613763009122,TRUE
8753,6,-14.3461111111111,12.1634683315184,4.96571515245374,-27.1108882829527,-1.58133393926954,TRUE
8754,6,-11.3994444444444,4.43015194957197,1.80860195990791,-16.0486037904799,-6.75028509840894,TRUE
8755,6,-12.9916666666667,14.3236388533082,5.84760107508484,-28.0234037723271,2.0400704389938,TRUE
8756,6,-13.5288888888889,11.671339572106,4.76480442773551,-25.7772086011853,-1.2805691765925,TRUE
8757,6,-10.5922222222222,10.4418726857391,4.26287667319431,-21.5502955658933,0.365851121448829,TRUE
8758,6,-17.3061111111111,6.35719589360196,2.59531435570689,-23.9775790516574,-10.6346431705648,TRUE
8759,6,-15.4155555555556,9.38448072716432,3.8311982137559,-25.2639640925588,-5.56714701855234,TRUE
8760,6,-13.4338888888889,8.34747238301423,3.40784133005987,-22.1940239106715,-4.6737538671063,TRUE
8761,6,-12.695,12.2255189846666,4.99104722552366,-25.5248953387341,0.134895338734138,TRUE
8762,6,-15.695,12.9416543249565,5.28340825393777,-29.2764332878234,-2.1135667121766,TRUE
8763,6,-8.89611111111112,11.9784713208817,4.89019043912036,-21.4667458267163,3.67452360449406,TRUE
8764,6,-8.66111111111111,10.5716784469253,4.31586965329093,-19.7554072468348,2.43318502461254,TRUE
8765,6,-14.8588888888889,8.66897089026698,3.53909254603249,-23.9564159023559,-5.7613618754219,TRUE
8766,6,-6.66888888888889,8.0246425096329,3.27604658614128,-15.090234735922,1.75245695814423,TRUE
8767,6,-15.7822222222222,12.0028199772973,4.90013073647713,-28.3784092856535,-3.18603515879093,TRUE
8768,6,-17.6888888888889,7.19946561802924,2.9391695308138,-25.2442646966545,-10.1335130811232,TRUE
8769,6,-7.54833333333333,5.32090666877158,2.17225105124376,-13.1322824281024,-1.96438423856423,FALSE
8770,6,-13.8077777777778,13.347871019033,5.44924552485236,-27.8155093418857,0.19995378633017,TRUE
8771,6,-14.4166666666667,4.90402465101652,2.00205968017014,-19.5631249143719,-9.27020841896146,TRUE
8772,6,-9.33388888888889,8.13388233575159,3.3206435584048,-17.869874902747,-0.797902875030781,TRUE
8773,6,-22.7272222222222,10.5713252436678,4.31572545866485,-33.8211476938593,-11.6332967505852,TRUE
8774,6,-12.3955555555556,4.00615119627398,1.63550437721861,-16.5997533997374,-8.19135771137372,TRUE
8775,6,-9.68833333333333,13.3639895490331,5.45582588716971,-23.7129802572862,4.3363135906195,TRUE
8776,6,-11.4827777777778,9.59313097230783,3.91637931964061,-21.5501513183076,-1.41540423724792,TRUE
8777,6,-18.8511111111111,10.5528952671065,4.30820145224042,-29.9256955085023,-7.77652671371992,TRUE
8778,6,-15.1505555555556,9.90425305202359,4.04339437681013,-25.5444316948977,-4.75667941621343,TRUE
8779,6,-7.90166666666667,4.70735393943468,1.92176919838254,-12.8417316603142,-2.96160167301916,FALSE
8780,6,-13.4894444444444,6.2284463611782,2.54275257919687,-20.0257980370453,-6.95309085184358,TRUE
8781,6,-6.96500000000001,12.6976307063781,5.1837860288203,-20.2903462055108,6.36034620551077,TRUE
8782,6,-24.5466666666667,12.0583932963264,4.92281844896615,-37.2011743517144,-11.892158981619,TRUE
8783,6,-16.4488888888889,6.97893072569674,2.84913653803142,-23.7728275208002,-9.12495025697757,TRUE
8784,6,-9.835,14.397069570653,5.87757903990838,-24.9437979175052,5.27379791750521,TRUE
8785,6,-16.2255555555556,8.17889551540132,3.33902011204515,-24.8087800044031,-7.64233110670798,TRUE
8786,6,-7.77055555555555,7.52218124886265,3.0709176354075,-15.6646006478693,0.123489536758194,TRUE
8787,6,-15.0533333333333,10.4813035660859,4.27897426268735,-26.0527868481527,-4.05387981851394,TRUE
8788,6,-16.6255555555556,6.45676997565489,2.63596530447951,-23.4015200866181,-9.84959102449299,TRUE
8789,6,-19.74,8.7841921148795,3.5861314140057,-28.9584442730478,-10.5215557269522,TRUE
8790,6,-12.5233333333333,8.02437508816454,3.27593741178398,-20.9443985387467,-4.10226812791999,TRUE
8791,6,-22.8794444444444,12.5919430001298,5.14063920342141,-36.0938782043194,-9.66501068456945,TRUE
8792,6,-15.7855555555556,7.28616609035893,2.9745648504248,-23.4319179289798,-8.13919318213132,TRUE
8793,6,-15.7222222222222,4.44006039331633,1.8126470651277,-20.381779842259,-11.0626646021855,TRUE
8794,6,-15.7627777777778,11.2037058187938,4.5738937473826,-27.52034596293,-4.00520959262555,TRUE
8795,6,-7.70333333333333,13.6844554148128,5.58665552902629,-22.0642885582055,6.65762189153883,TRUE
8796,6,-23.1638888888889,10.7664646867879,4.39539080272073,-34.4626006468857,-11.8651771308921,TRUE
8797,6,-5.04833333333333,1.85925642245615,0.75903825600168,-6.99950328676432,-3.09716337990235,FALSE
8798,6,-8.96277777777777,11.7090805060131,4.7802120994836,-21.2507041711992,3.3251486156437,TRUE
8799,6,-20.1466666666667,13.0351802612946,5.32159005756181,-33.8262494053379,-6.46708392799547,TRUE
8800,6,-14.3761111111111,6.30833149860534,2.57536554998497,-20.996299014026,-7.75592320819623,TRUE
8801,6,-15.6288888888889,11.9562860578148,4.88113334339981,-28.1762415987512,-3.08153617902659,TRUE
8802,6,-9.86611111111111,8.47420541451571,3.45957987351565,-18.7592442929034,-0.9729779293188,TRUE
8803,6,-22.1394444444445,7.27395671531638,2.96958039393605,-29.7729938645582,-14.5058950243307,FALSE
8804,6,-8.37888888888889,7.32563100556052,2.99067633458915,-16.0666671508512,-0.691110626926624,TRUE
8805,6,-18.7777777777778,16.6903732288562,6.81381633788436,-36.2932502873053,-1.2623052682503,TRUE
8806,6,-14.3694444444444,13.4796438160438,5.50304154396166,-28.5154630781043,-0.223425810784597,TRUE
8807,6,-8.51666666666667,7.7132082963072,3.1489041009591,-16.6111823507528,-0.422150982580506,TRUE
8808,6,-13.8927777777778,5.83940652108744,2.38392772955748,-20.020859096848,-7.76469645870759,TRUE
8809,6,-9.97000000000001,11.8962955952216,4.85664233960201,-22.4543965803632,2.51439658036315,TRUE
8810,6,-17.8266666666667,13.2073900188914,5.39189439670188,-31.6869724624977,-3.96636087083558,TRUE
8811,6,-7.59555555555556,9.59217543780501,3.91598922431335,-17.661926324123,2.47081521301187,TRUE
8812,6,-20.1772222222222,10.542884997669,4.30411477685548,-31.2413014861008,-9.11314295834367,TRUE
8813,6,-11.7377777777778,7.4057076086749,3.02336747091675,-19.5095912809701,-3.96596427458548,TRUE
8814,6,-11.2416666666667,6.64741812870063,2.71379708704052,-18.2177041642158,-4.26562916911757,TRUE
8815,6,-18.4177777777778,5.39156529185137,2.20109731332262,-24.0758785498728,-12.7596770056827,TRUE
8816,6,-22.0888888888889,9.49157934795461,3.87492104260458,-32.0496905355331,-12.1280872422446,TRUE
8817,6,-10.2427777777778,7.3081842756876,2.98355373694435,-17.9122468196118,-2.57330873594379,TRUE
8818,6,-11.66,10.3485814379449,4.22479068076707,-22.5201701833454,-0.799829816654592,TRUE
8819,6,-12.7383333333333,16.665240038942,6.80355575606799,-30.2274301776206,4.75076351095392,TRUE
8820,6,-15.1527777777778,14.4073336906616,5.88176934935503,-30.2723472286322,-0.0332083269233117,TRUE
8821,6,-18.7944444444444,11.492078946758,4.6916215838897,-30.8546416676706,-6.7342472212183,TRUE
8822,6,-10.52,16.648237277395,6.79661440773326,-27.9912535403432,6.95125354034318,TRUE
8823,6,-13.5772222222222,12.4297959966573,5.07444296644993,-26.6214931377509,-0.532951306693585,TRUE
8824,6,-9.45333333333334,4.60668596233296,1.88067166882631,-14.2877537640141,-4.6189129026526,TRUE
8825,6,-19.9666666666667,8.84300677874268,3.61014239998205,-29.246833144121,-10.6865001892123,TRUE
8826,6,-17.4283333333333,5.45889070945533,2.2285827999642,-23.1570877981328,-11.6995788685338,TRUE
8827,6,-18.5933333333333,12.5391210041037,5.11907471384487,-31.7523338080081,-5.43433285865856,TRUE
8828,6,-13.8361111111111,10.7144200686462,4.3741436763365,-25.0802053919652,-2.59201683025706,TRUE
8829,6,-11.2344444444444,9.11176130471348,3.71986097576406,-20.7966514998359,-1.67223738905299,TRUE
8830,6,-11.5272222222222,7.6216648565248,3.11153164816475,-19.5256689580021,-3.52877548644239,TRUE
8831,6,-18.3838888888889,8.85665736209941,3.61571522730127,-27.6783807750232,-9.08939700275462,TRUE
8832,6,-22.8305555555556,8.24729003751917,3.36694205877685,-31.4855556534873,-14.1755554576238,FALSE
8833,6,-18.2061111111111,12.9169644553487,5.27332865687857,-31.7616339698236,-4.65058825239861,TRUE
8834,6,-13.4,11.0768182354963,4.52209210842029,-25.0244078329795,-1.77559216702048,TRUE
8835,6,-16.1266666666667,14.324136118997,5.84780408295221,-31.1589256206635,-1.09440771266984,TRUE
8836,6,-4.33222222222221,9.31918014197164,3.8045393614847,-14.1121019978182,5.44765755337375,TRUE
8837,6,-10.6116666666667,5.32229472230834,2.17281772172722,-16.1970724342873,-5.026260899046,TRUE
8838,6,-19.7238888888889,10.8151144066824,4.41525196769919,-31.0736553968139,-8.37412238096385,TRUE
8839,6,-14.5611111111111,9.65536987418956,3.94178824493417,-24.6938003734636,-4.42842184875857,TRUE
8840,6,-14.0922222222222,6.70268193973018,2.73635844341786,-21.1262555326622,-7.05818891178222,TRUE
8841,6,-12.6666666666667,8.99360217043205,3.67162271119097,-22.1048733153639,-3.2284600179694,TRUE
8842,6,-11.2911111111111,6.74026365019011,2.75170111246583,-18.364584007916,-4.21763821430621,TRUE
8843,6,-8.84888888888889,9.30439028193242,3.79850142640749,-18.6132476582506,0.915469880472838,TRUE
8844,6,-11.2822222222222,5.69929924217459,2.32672917245977,-17.2632699693924,-5.30117447505203,TRUE
8845,6,-16.8016666666667,9.88309842329036,4.03475803579439,-27.1733423846674,-6.42999094866596,TRUE
8846,6,-20.7716666666667,11.6562760872511,4.75865478579508,-33.0041782210953,-8.53915511223803,TRUE
8847,6,-20.0438888888889,10.0555975382795,4.10518050459522,-30.5965913260097,-9.49118645176811,TRUE
8848,6,-4.55777777777778,10.3018446388481,4.20571046243404,-15.3689006984563,6.25334514290077,TRUE
8849,6,-13.7233333333333,7.61547868197105,3.10900615297867,-21.7152880770618,-5.73137858960482,TRUE
8850,6,-15.56,5.81911753523581,2.37564478576831,-21.6667893342201,-9.45321066577987,TRUE
8851,6,-11.2361111111111,10.1015423281501,4.12393738651561,-21.8370296481896,-0.63519257403258,TRUE
8852,6,-15.2977777777778,13.2052115413518,5.39100503697056,-29.1557974016382,-1.43975815391739,TRUE
8853,6,-15.8827777777778,7.13256457435944,2.91185729410535,-23.3679452459701,-8.39761030958545,TRUE
8854,6,-11.9677777777778,8.22056247512343,3.35603057712052,-20.5947290191638,-3.3408265363917,TRUE
8855,6,-17.9972222222222,11.7672013885426,4.80393985041651,-30.3461427411923,-5.64830170325212,TRUE
8856,6,-20.8116666666667,7.77976256421464,3.17607476705539,-28.9760267714821,-12.6473065618513,TRUE
8857,6,-19.65,7.63075618795411,3.11524316867881,-27.6579875029959,-11.6420124970041,TRUE
8858,6,-10.5638888888889,9.79666188423762,3.9994704664925,-20.8448550222184,-0.282922755559392,TRUE
8859,6,-8.22555555555556,11.1493112227052,4.55168724651897,-19.9260401129547,3.47492900184357,TRUE
8860,6,-14.7888888888889,11.0363282273019,4.50556213179408,-26.3708050642096,-3.20697271356821,TRUE
8861,6,-9.83222222222222,8.74882129627038,3.57169133777622,-19.0135470976093,-0.650897346835098,TRUE
8862,6,-17.6033333333333,13.1182551346503,5.35550523258976,-31.3700978048838,-3.83656886178286,TRUE
8863,6,-18.7183333333333,4.34762297762301,1.774909648196,-23.2808838348816,-14.155782831785,FALSE
8864,6,-13.6761111111111,10.5316237888385,4.29951740760188,-24.7283724610946,-2.62384976112758,TRUE
8865,6,-19.3188888888889,16.4053680464883,6.69746345940935,-36.5352668024845,-2.10251097529327,TRUE
8866,6,-21.5561111111111,9.97025429669378,4.07033927211522,-32.0192513088876,-11.0929709133346,TRUE
8867,6,-21.6966666666667,11.2331428272669,4.58591135576812,-33.4851270976425,-9.90820623569085,TRUE
8868,6,-19.1038888888889,7.11839945077127,2.90607440661627,-26.5741909715443,-11.6335868062335,TRUE
8869,6,-13.73,5.27126761056789,2.15198599059187,-19.2618560979593,-8.19814390204071,TRUE
8870,6,-13.9761111111111,9.95769326627334,4.06521125291961,-24.4260693158906,-3.52615290633162,TRUE
8871,6,-8.70222222222222,6.38669890968433,2.60735891158605,-15.4046516793298,-1.99979276511467,TRUE
8872,6,-11.1716666666667,8.39449627897814,3.42703875519809,-19.9811502408005,-2.36218309253278,TRUE
8873,6,-15.5127777777778,11.786305502888,4.81173907243884,-27.8817468352106,-3.14380872034497,TRUE
8874,6,-15.4727777777778,9.73060953136297,3.9725047063503,-25.6844262179016,-5.26112933765392,TRUE
8875,6,-8.53888888888889,7.1998116230501,2.93931078677205,-16.094627806655,-0.98314997112277,TRUE
8876,6,-11.165,13.4435325631985,5.48829918672105,-25.2731221979227,2.94312219792268,TRUE
8877,6,-14.615,11.4337152025636,4.66779468509726,-26.6139482299908,-2.61605177000926,TRUE
8878,6,-16.3705555555556,10.9466097068487,4.46893469919611,-27.8583179179539,-4.8827931931572,TRUE
8879,6,-19.4483333333333,10.8067982204619,4.41185689889148,-30.7893725390505,-8.10729412761615,TRUE
8880,6,-8.17555555555556,4.86779606377656,1.9872694213635,-13.2839942326281,-3.06711687848305,FALSE
8881,6,-12.0688888888889,10.1091876070273,4.12705855854736,-22.6778306540981,-1.45994712367965,TRUE
8882,6,-7.71166666666667,3.01605758123637,1.23130035148032,-10.8768249843946,-4.54650834893875,FALSE
8883,6,-7.26055555555556,14.1747630850931,5.78682279721954,-22.1360571241342,7.61494601302311,TRUE
8884,6,-13.3822222222222,7.3374714587116,2.9955101793464,-21.0824262777137,-5.6820181667307,TRUE
8885,6,-14.8644444444444,6.5008777754894,2.65397223835807,-21.6866972726507,-8.04219161623814,TRUE
8886,6,-10.9072222222222,4.17636919220866,1.70499558306513,-15.2900528978896,-6.52439154655485,TRUE
8887,6,-14.2172222222222,7.70379889453297,3.14506272877048,-22.3018633447364,-6.13258109970804,TRUE
8888,6,-8.055,12.2100575574219,4.98473512428286,-20.8686695659398,4.75866956593984,TRUE
8889,6,-9.46611111111112,7.57950113182968,3.09431837963838,-17.4203097314851,-1.5119124907371,TRUE
8890,6,-19.2383333333333,9.7932506803864,3.99807784835181,-29.5157196277664,-8.96094703890025,TRUE
8891,6,-6.68944444444444,11.1369815213732,4.54665366702823,-18.3769897738364,4.99810088494756,TRUE
8892,6,-10.5233333333333,12.7043675779456,5.18653634512082,-23.8557494519685,2.80908278530181,TRUE
8893,6,-19.3688888888889,9.44912145632049,3.85758768092825,-29.2851337108575,-9.45264406692032,TRUE
8894,6,-8.60166666666666,7.77110052266301,3.17253850340001,-16.7569365163635,-0.446396816969793,TRUE
8895,6,-6.11388888888889,4.1116784443375,1.6785856958379,-10.4288307881687,-1.79894698960904,FALSE
8896,6,-19.8094444444444,9.65163208228805,3.94026229778027,-29.938211134761,-9.68067775412787,TRUE
8897,6,-20.4166666666667,5.79317376074827,2.36505328418559,-26.4962296793062,-14.3371036540272,FALSE
8898,6,-15.1755555555556,6.73892759904609,2.75115567187031,-22.2476263526732,-8.10348475843792,TRUE
8899,6,-16.67,7.95757612453552,3.24866684907768,-25.0209639922729,-8.31903600772707,TRUE
8900,6,-13.2794444444444,10.5732964305087,4.31653019232283,-24.3754385498052,-2.18345033908365,TRUE
8901,6,-16.9544444444444,6.63607302440118,2.70916546760514,-23.9185759852034,-9.99031290368551,TRUE
8902,6,-7.805,12.7588955896138,5.20879731266676,-21.1946397574524,5.58463975745241,TRUE
8903,6,-21.0033333333333,13.7901470461905,5.62980395685255,-35.4752051230119,-6.53146154365472,TRUE
8904,6,-8.17166666666666,4.47164337178676,1.82554076209601,-12.8643685899243,-3.47896474340899,FALSE
8905,6,-7.25388888888889,13.7979987947796,5.63300941979124,-21.7340005833725,7.22622280559471,TRUE
8906,6,-8.59888888888889,12.9462759410087,5.28529502079024,-22.1851722653113,4.98739448753356,TRUE
8907,6,-11.5611111111111,5.10693674945783,2.08489819747324,-16.9205125466867,-6.2017096755355,TRUE
8908,6,-9.31,15.3354362326099,6.26066562548058,-25.403553335853,6.78355333585303,TRUE
8909,6,-22.8488888888889,9.06234251459588,3.69968583918175,-32.3592341046504,-13.3385436731274,TRUE
8910,6,-9.82,9.73984964520044,3.97627696702814,-20.0413453449016,0.401345344901594,TRUE
8911,6,-14.4483333333333,13.3347630483468,5.44389421822828,-28.4423089258365,-0.454357740830172,TRUE
8912,6,-15.8061111111111,9.86983494552223,4.02934324366995,-26.163867662833,-5.44835455938925,TRUE
8913,6,-8.93444444444445,10.8594087554765,4.43333505987157,-20.3306950206399,2.46180613175104,TRUE
8914,6,-24.015,4.85740522867462,1.98302738069665,-29.1125341643883,-18.9174658356118,FALSE
8915,6,-11.8177777777778,7.43085509261265,3.03363388824381,-19.6159819468681,-4.01957360868749,TRUE
8916,6,-17.81,5.52880417048349,2.25712485090936,-23.6121241425109,-12.0078758574891,TRUE
8917,6,-10.1988888888889,9.59145584284185,3.91569545089982,-20.2645044888557,-0.133273288922073,TRUE
8918,6,-18.8727777777778,7.81840774260525,3.19185159506802,-27.0776935101064,-10.6678620454491,TRUE
8919,6,-13.065,9.23444536023204,3.76994653169668,-22.7559560756996,-3.37404392430039,TRUE
8920,6,-14.0405555555555,14.3444470737583,5.85609599551117,-29.0941295493591,1.01301843824803,TRUE
8921,6,-13.5522222222222,9.56127133960906,3.90337267905653,-23.586161128724,-3.51828331572047,TRUE
8922,6,-10.7994444444444,8.27631222671511,3.37879031790161,-19.4849014620662,-2.11398742682272,TRUE
8923,6,-15.3227777777778,4.30411555847897,1.75714781870796,-19.8396700430764,-10.8058855124791,TRUE
8924,6,-19.1577777777778,7.79618130644503,3.18277769050251,-27.339368295852,-10.9761872597035,TRUE
8925,6,-25.8466666666667,10.7102723276924,4.37245036818284,-37.0864081603388,-14.6069251729946,FALSE
8926,6,-6.70888888888889,11.2531885193421,4.59409497528896,-18.5183859835548,5.10060820577699,TRUE
8927,6,-15.6183333333333,10.6858264901587,4.36247039680076,-26.8324204938505,-4.40424617281615,TRUE
8928,6,-4.36222222222223,5.90362776102463,2.41014594097331,-10.5576995993208,1.83325515487635,FALSE
8929,6,-4.97055555555556,6.5312280338103,2.66636267943271,-11.8246590265239,1.88354791541274,FALSE
8930,6,-3.78444444444444,9.84960206001951,4.02108320275231,-14.1209678850218,6.55207899613294,TRUE
8931,6,-12.0988888888889,15.5587294063732,6.35182468194167,-28.4267740394346,4.22899626165678,TRUE
8932,6,-20.0666666666667,7.96529779034587,3.25181920594429,-28.4257340502404,-11.707599283093,TRUE
8933,6,-16.4938888888889,9.49994957101626,3.8783381718603,-26.4634745459279,-6.52430323184987,TRUE
8934,6,-18.6411111111111,8.10945967967634,3.31067305081349,-27.1514671192629,-10.1307551029593,TRUE
8935,6,-17.8294444444444,14.0916715224382,5.75290080881371,-32.6177467657984,-3.04114212309047,TRUE
8936,6,-16.9672222222222,8.64319447546685,3.52856936875605,-26.0376985473292,-7.89674589711524,TRUE
8937,6,-20.6311111111111,8.35632685565366,3.41145615337787,-29.400538332054,-11.8616838901682,TRUE
8938,6,-13.4111111111111,6.1353640358052,2.50475187899094,-19.8497807940212,-6.97244142820107,TRUE
8939,6,-11.165,6.50758318340142,2.65670970967501,-17.9942897222492,-4.33571027775079,TRUE
8940,6,-13.9983333333333,10.3627089444154,4.23055821113217,-24.8733294254717,-3.12333724119494,TRUE
8941,6,-11.6261111111111,4.80209279222978,1.96044617307665,-16.6655984333647,-6.58662378885755,TRUE
8942,6,-10.9438888888889,9.12095472991644,3.72361417588667,-20.5157438523411,-1.37203392543672,TRUE
8943,6,-17.6705555555556,4.78227394385496,1.95235516210867,-22.6892442719829,-12.6518668391282,TRUE
8944,6,-16.3622222222222,3.87263371000304,1.58099609170147,-20.426302057762,-12.2981423866824,TRUE
8945,6,-12.3661111111111,16.6257438151623,6.78743149023015,-29.8137592105227,5.08153698830043,TRUE
8946,6,-15.8455555555556,8.96269519649001,3.65900499191572,-25.2513273242767,-6.4397837868344,TRUE
8947,6,-11.94,6.06840890733862,2.47741756225667,-18.3084045848234,-5.57159541517661,TRUE
8948,6,-13.7594444444444,10.0956856388518,4.12154640312182,-24.3542167630416,-3.1646721258473,TRUE
8949,6,-13.7383333333333,6.2872003131583,2.56673877965074,-20.3363454171268,-7.14032124953983,TRUE
8950,6,-15.8172222222222,10.1418208789517,4.14038103602275,-26.4604105060354,-5.17403393840908,TRUE
8951,6,-10.065,12.4244430682246,5.0722576425683,-23.1036533616535,2.97365336165355,TRUE
8952,6,-7.71055555555555,12.3810511879452,5.0545429816242,-20.7036719315617,5.28256082045062,TRUE
8953,6,-9.58277777777778,12.7202682390771,5.19302776284501,-22.9318806169022,3.76632506134668,TRUE
8954,6,-13.2327777777778,11.0028053830056,4.49187648791862,-24.7795138855432,-1.68604167001235,TRUE
8955,6,-10.2633333333333,10.5545309912115,4.30886923380996,-21.3396343178974,0.812967651230727,TRUE
8956,6,-18.2772222222222,5.97941409863566,2.44108558374353,-24.552232483027,-12.0022119614175,TRUE
8957,6,-7.92722222222222,7.84382146566233,3.2022267040604,-16.1588080212694,0.30436357682498,TRUE
8958,6,-18.1294444444444,4.81663848511555,1.96638442733088,-23.1841965352193,-13.0746923536696,TRUE
8959,6,-22.2866666666667,5.13215397707867,2.09519308753968,-27.672531959647,-16.9008013736864,FALSE
8960,6,-13.7838888888889,7.36195306715297,3.00550475414039,-21.5097848168008,-6.05799296097702,TRUE
8961,6,-10.5677777777778,9.19222827940759,3.75271148062173,-20.2144297442478,-0.921125811307713,TRUE
8962,6,-15.8244444444444,13.3365360597898,5.44461804711886,-29.8202806983458,-1.82860819054305,TRUE
8963,6,-10.2077777777778,15.0171538458401,6.13072738519704,-25.9673142334034,5.55175867784784,TRUE
8964,6,-10.3161111111111,15.0762098709879,6.15483690650524,-26.1376230642775,5.50540084205526,TRUE
8965,6,-18.6533333333333,8.66497342433573,3.53746058739987,-27.7466652635828,-9.56000140308387,TRUE
8966,6,-15.2516666666667,10.0020324045777,4.083312630333,-25.748155943425,-4.75517738990831,TRUE
8967,6,-14.455,13.9250812485162,5.68489061427714,-29.0684765506402,0.158476550640168,TRUE
8968,6,-4.44722222222222,12.8206998277814,5.2340287872421,-17.9017215499043,9.0072771054599,TRUE
8969,6,-23.5188888888889,6.07776591508085,2.48123754467129,-29.8971130511198,-17.140664726658,FALSE
8970,6,-10.9322222222222,11.4421893139511,4.67125422658441,-22.9400634867195,1.07561904227502,TRUE
8971,6,-19.8077777777778,16.3081626005938,6.65777950229914,-36.9221448320597,-2.69341072349582,TRUE
8972,6,-18.3505555555556,8.15663286102971,3.32993142145675,-26.9104167814669,-9.79069432964423,TRUE
8973,6,-9.91444444444444,3.3001964026852,1.34729953959122,-13.3777881680788,-6.45110072081008,FALSE
8974,6,-11.3394444444444,10.5155921092161,4.29297250180275,-22.3748815784648,-0.304007310424115,TRUE
8975,6,-13.2927777777778,7.17216267296047,2.92802315016484,-20.8195009019141,-5.76605465364142,TRUE
8976,6,-17.5055555555556,14.4302160862648,5.89111104824175,-32.6491386078822,-2.3619725032289,TRUE
8977,6,-20.8922222222222,10.9231219930052,4.4593458801726,-32.3553357406135,-9.4291087038309,TRUE
8978,6,-14.7655555555556,13.3537604635742,5.45164988051811,-28.7794677126643,-0.751643398446822,TRUE
8979,6,-11.8533333333333,3.99193965663589,1.6297025404565,-16.0426170813212,-7.66404958534549,TRUE
8980,6,-14.47,20.9419489701094,8.54951486602863,-36.4472276181158,7.50722761811582,TRUE
8981,6,-12.695,9.19621002853288,3.75433702289518,-22.3458305559113,-3.04416944408873,TRUE
8982,6,-13.2833333333333,6.51629922237735,2.66026801768655,-20.1217699775226,-6.44489668914406,TRUE
8983,6,-12.6577777777778,8.12810833990205,3.31828633447008,-21.1877043546068,-4.12785120094879,TRUE
8984,6,-12.9927777777778,8.61223017101369,3.51592824439764,-22.030759058227,-3.95479649732853,TRUE
8985,6,-11.9105555555556,13.4367643950249,5.4855360936346,-26.01157499658,2.19046388546892,TRUE
8986,6,-9.51277777777778,7.59305220921416,3.09985058381454,-17.4811973817181,-1.54435817383751,TRUE
8987,6,-8.29666666666667,7.14967318600415,2.91884185556152,-15.7997885216681,-0.793544811665241,TRUE
8988,6,-13.745,12.0954887366232,4.93796259905132,-26.4384369621728,-1.05156303782721,TRUE
8989,6,-16.8072222222222,2.90904674471948,1.18761336041119,-19.8600795542542,-13.7543648901902,TRUE
8990,6,-12.0144444444444,7.62713916562768,3.11376652549748,-20.0186361153007,-4.01025277358823,TRUE
8991,6,-15.0272222222222,9.89023837858245,4.03767291033637,-25.4063908637737,-4.64805358067073,TRUE
8992,6,-18.5661111111111,10.1983409144531,4.16345524389314,-29.2686135345476,-7.86360868767465,TRUE
8993,6,-17.3916666666667,5.99919689069574,2.44916187478266,-23.6874376945159,-11.0958956388174,TRUE
8994,6,-8.52055555555555,15.1049016939927,6.16655029419725,-24.3721777303568,7.33106661924566,TRUE
8995,6,-12.4077777777778,10.9288740228537,4.46169413652496,-23.8769276812939,-0.938627874261664,TRUE
8996,6,-22.0494444444444,17.6045641072822,7.18703320115943,-40.52430144346,-3.57458744542891,TRUE
8997,6,-20.0138888888889,8.80173554013744,3.59329348737614,-29.2507438576482,-10.7770339201295,TRUE
8998,6,-12.0733333333333,5.31357004909756,2.16925588880406,-17.6495831179402,-6.49708354872649,TRUE
8999,6,-15.415,8.70428266238331,3.55350851663223,-24.5495844456338,-6.28041555436626,TRUE
9000,6,-13.4511111111111,9.27935598020722,3.78828121552522,-23.1891979920225,-3.71302423019972,TRUE
9001,6,-6.76944444444444,11.7755666844845,4.80735496818401,-19.1271438031142,5.58825491422536,TRUE
9002,6,-16.8427777777778,9.25438932895368,3.77808862283236,-26.5546637650549,-7.1308917905007,TRUE
9003,6,-10.4933333333333,15.3328960807221,6.25962861281485,-26.5842209432645,5.59755427659786,TRUE
9004,6,-7.01333333333334,11.1697528073712,4.56003248851324,-18.7352700182169,4.70860335155026,TRUE
9005,6,-5.99777777777778,6.58040446803714,2.68643887463693,-12.9034887514667,0.907933195911162,FALSE
9006,6,-9.55222222222222,13.9544033140744,5.69686129741416,-24.1964703934946,5.09202594905013,TRUE
9007,6,-8.9511111111111,9.95186116968784,4.06283030945876,-19.3949489058785,1.49272668365625,TRUE
9008,6,-11.6183333333333,9.33788668692107,3.81217627648079,-21.4178444238985,-1.81882224276813,TRUE
9009,6,-13.0255555555556,9.02009107287521,3.68243676032966,-22.4915606025384,-3.55955050857271,TRUE
9010,6,-10.94,13.3295119523893,5.44175046728056,-24.9284649052568,3.04846490525683,TRUE
9011,6,-11.2322222222222,10.3358757445805,4.21960360317189,-22.0790585981214,-0.385385846323013,TRUE
9012,6,-22.8038888888889,6.93039983347656,2.82932388424785,-30.0768974728684,-15.5308803049094,FALSE
9013,6,-15.9322222222222,10.8242293370355,4.41897312243355,-27.291554262915,-4.57289018152945,TRUE
9014,6,-16.6666666666667,7.58679144595688,3.09729463791776,-24.6285160025118,-8.70481733082152,TRUE
9015,6,-17.7905555555556,11.6197734567067,4.74375264927788,-29.9847599485409,-5.59635116257021,TRUE
9016,6,-15.3433333333333,10.3641255192022,4.23113652536719,-26.2198160295396,-4.4668506371271,TRUE
9017,6,-11.9288888888889,9.24610300292728,3.77470574439785,-21.63207891031,-2.22569886746772,TRUE
9018,6,-13.3133333333333,6.62603383966943,2.70506698760075,-20.2669293958393,-6.35973727082741,TRUE
9019,6,-12.4105555555556,7.84197350916964,3.20147227898141,-20.6402020431984,-4.18090906791276,TRUE
9020,6,-15.1716666666667,7.53180272061226,3.07484558480103,-23.0758088743427,-7.26752445899063,TRUE
9021,6,-19.2544444444444,8.68446113384044,3.54541641149022,-28.3682274715881,-10.1406614173008,TRUE
9022,6,-11.7438888888889,8.41582858313671,3.43574763190248,-20.5757593432879,-2.91201843448991,TRUE
9023,6,-15.0716666666667,9.60355854184618,3.92063635707833,-25.1499832703076,-4.99335006302578,TRUE
9024,6,-13.72,11.5332789979452,4.70844143435392,-25.8234340253076,-1.61656597469243,TRUE
9025,6,-9.2438888888889,9.97883436004352,4.07384206830983,-19.7160333109372,1.22825553315941,TRUE
9026,6,-11.46,10.4453743084891,4.26430620469584,-22.4217480713824,-0.498251928617654,TRUE
9027,6,-19.9966666666667,4.87994626564223,1.99222972050395,-25.1178561986089,-14.8754771347244,FALSE
9028,6,-10.6194444444444,6.20763057916685,2.53425457177607,-17.1339532135303,-4.1049356753586,TRUE
9029,6,-8.47111111111111,10.0378828371252,4.0979485081329,-19.0052231094905,2.06300088726824,TRUE
9030,6,-3.82555555555556,4.81360417828318,1.96514567675382,-8.87712333659814,1.22601222548703,FALSE
9031,6,-13.9483333333333,11.0003064098738,4.49085628640966,-25.4924469296312,-2.40421973703549,TRUE
9032,6,-13.1205555555556,10.8683379934901,4.43698040602579,-24.5261767923597,-1.71493431875144,TRUE
9033,6,-14.9955555555556,12.5678598313611,5.13080729094263,-28.1847155798031,-1.80639553130806,TRUE
9034,6,-21.2411111111111,12.6462287161328,5.16280125417621,-34.5125142360969,-7.96970798612535,TRUE
9035,6,-8.2688888888889,4.40488550319941,1.79828697637021,-12.8915327256075,-3.64624505217029,FALSE
9036,6,-12.0744444444444,12.1621443041132,4.96517462052904,-24.8378321347388,0.688943245849925,TRUE
9037,6,-14.4788888888889,8.50299912231408,3.47133485550045,-23.4022392138496,-5.55553856392823,TRUE
9038,6,-7.42277777777777,6.98295875420748,2.85078097378487,-14.7509435663668,-0.094611989188782,TRUE
9039,6,-17.365,11.2404418161486,4.58889115550119,-29.1611202500435,-5.5688797499565,TRUE
9040,6,-2.38222222222222,11.854246808946,4.83947599448892,-14.8224913076534,10.058046863209,TRUE
9041,6,-4.49722222222222,6.92151409789849,2.82569629788859,-11.7609057985994,2.76646135415496,FALSE
9042,6,-12.6566666666667,11.8660687115264,4.8443022660074,-25.1093420779971,-0.203991255336208,TRUE
9043,6,-11.9161111111111,9.25906412757351,3.77999710137716,-21.6329029986692,-2.19931922355305,TRUE
9044,6,-13.0016666666667,10.1540946858343,4.14539179670006,-23.6577355208596,-2.34559781247371,TRUE
9045,6,-12.9838888888889,6.54649810260474,2.67259665891331,-19.8540173142737,-6.11376046350405,TRUE
9046,6,-18.7783333333333,7.95983549522923,3.24958923330091,-27.131668389736,-10.4249982769307,TRUE
9047,6,-15.1977777777778,8.74682410088667,3.5708759861751,-24.3770067251494,-6.01854883040616,TRUE
9048,6,-18.5194444444444,7.82574537924284,3.19484717268137,-26.7320605541732,-10.3068283347157,TRUE
9049,6,-9.59555555555555,10.1146783695043,4.12930015294195,-20.2102595225984,1.01914841148728,TRUE
9050,6,-11.0988888888889,15.3444323115247,6.26433825931842,-27.2018830305744,5.00410525279664,TRUE
9051,6,-9.80555555555555,9.20600182650588,3.75833450767822,-19.4666619732383,-0.14444913787276,TRUE
9052,6,-7.19166666666667,9.49368439191725,3.87578042320368,-17.1546774214689,2.77134408813552,TRUE
9053,6,-7.93444444444444,11.6353615551266,4.7501164638094,-20.1450075434699,4.27611865458099,TRUE
9054,6,-18.4372222222222,5.70557755053642,2.32929228111549,-24.4248586499456,-12.4495857944989,TRUE
9055,6,-10.1572222222222,8.78026104817357,3.58452656274331,-19.371541093766,-0.94290335067841,TRUE
9056,6,-12.0272222222222,8.21371925951174,3.35323684604578,-20.6469919492539,-3.40745249519055,TRUE
9057,6,-15.09,9.18058313325829,3.74795736961407,-24.7244311350692,-5.45556886493081,TRUE
9058,6,-9.12277777777778,6.46310534810788,2.63855170945289,-15.9053908744845,-2.34016468107103,TRUE
9059,6,-13.8394444444444,8.10203195820973,3.30764069622271,-22.342005536966,-5.3368833519229,TRUE
9060,6,-20.4794444444444,10.7689614513536,4.39641010258637,-31.7807763961609,-9.17811249272794,TRUE
9061,6,-15.9938888888889,10.3319987130955,4.21802081169608,-26.8366565697708,-5.15112120800701,TRUE
9062,6,-11.8355555555555,12.7145969773444,5.19071247993787,-25.1787067704946,1.50759565938345,TRUE
9063,6,-15.3261111111111,10.9119771946378,4.45479603529156,-26.7775288808963,-3.87469334132597,TRUE
9064,6,-15.1327777777778,9.36236447263823,3.82216929065416,-24.9579767290603,-5.30757882649525,TRUE
9065,6,-15.5016666666667,6.71713819684808,2.74226018567274,-22.5508708885457,-8.45246244478764,TRUE
9066,6,-15.7955555555556,10.3488837114963,4.22491408342769,-26.6560429555388,-4.93506815557228,TRUE
9067,6,-15.5177777777778,10.7354231229901,4.38271813736692,-26.783913412407,-4.25164214314857,TRUE
9068,6,-13.9694444444444,7.8459006753468,3.2030755378596,-22.2032122402373,-5.73567664865154,TRUE
9069,6,-8.22722222222222,14.0202940873684,5.72376109296874,-22.9406185193295,6.48617407488507,TRUE
9070,6,-6.21333333333333,7.90664839795528,3.22787569176408,-14.5108519542741,2.08418528760743,TRUE
9071,6,-18.485,14.0854720663999,5.75036989148427,-33.2667963912394,-3.70320360876057,TRUE
9072,6,-7.24388888888889,8.15458410048311,3.32909501846603,-15.801600072465,1.31382229468722,TRUE
9073,6,-16.1805555555555,6.05618560432835,2.47242741969891,-22.5361325705627,-9.82497854054837,TRUE
9074,6,-15.055,12.9061962293741,5.26893254703315,-28.5992222985964,-1.51077770140362,TRUE
9075,6,-11.7438888888889,13.8640012529118,5.65995481049011,-26.2932659152571,2.80548813747936,TRUE
9076,6,-11.0433333333333,11.3932389307577,4.65127031632817,-22.9998043211209,0.913137654454236,TRUE
9077,6,-11.505,11.2301607290368,4.58469391926368,-23.2903309108115,0.28033091081147,TRUE
9078,6,-15.6722222222222,15.3648108303308,6.27265775478321,-31.7966023078312,0.452157863386757,TRUE
9079,6,-16.905,4.72027059017218,1.92704239896464,-21.8586201872795,-11.9513798127205,TRUE
9080,6,-7.78666666666667,9.80541664364934,4.00304458205575,-18.0768203565415,2.50348702320821,TRUE
9081,6,-16.4988888888889,8.01120317407418,3.27056000037446,-24.9061310182102,-8.09164675956762,TRUE
9082,6,-11.1305555555556,4.39697998209714,1.79505956089498,-15.7449030566775,-6.51620805443362,TRUE
9083,6,-6.49944444444444,4.41028314367768,1.800490553868,-11.1277527574523,-1.87113613143659,FALSE
9084,6,-2.46611111111111,5.03790495109786,2.05671608380513,-7.75306811720164,2.82084589497942,FALSE
9085,6,-14.8377777777778,5.4942647538306,2.2430241931072,-20.6036550254719,-9.07190053008361,TRUE
9086,6,-12.9955555555556,13.3180246561095,5.43706079821229,-26.9719652826903,0.980854171579223,TRUE
9087,6,-12.2138888888889,8.33344411037482,3.40211431173667,-20.9593021413975,-3.46847563638028,TRUE
9088,6,-17.8211111111111,6.4760037974962,2.64381747936531,-24.6172603003054,-11.0249619219169,TRUE
9089,6,-19.0905555555556,5.86617286431913,2.39485504342379,-25.2467264291628,-12.9343846819484,TRUE
9090,6,-13.2405555555556,12.4823182349481,5.09588508044347,-26.3399451798336,-0.141165931277472,TRUE
9091,6,-5.94666666666667,13.2715774830609,5.41809881921831,-19.8743330750318,7.98099974169848,TRUE
9092,6,-15.0055555555556,6.54874633181943,2.67351449464678,-21.878043352805,-8.13306775830615,TRUE
9093,6,-11.3222222222222,6.369183330404,2.60020820628837,-18.0062702061796,-4.63817423826486,TRUE
9094,6,-5.43111111111111,13.5145055677498,5.51727379449822,-19.6137149094805,8.75149268725826,TRUE
9095,6,-16.7094444444444,10.6063342534684,4.33001782706677,-27.8401096186837,-5.57877927020517,TRUE
9096,6,-20.6677777777778,11.622271467922,4.74477245808609,-32.8646036727613,-8.4709518827942,TRUE
9097,6,-15.7088888888889,11.5947895705435,4.73355302046263,-27.8768743013115,-3.54090347646625,TRUE
9098,6,-9.57722222222222,8.33144202982271,3.4012969657739,-18.3205344200455,-0.833910024398936,TRUE
9099,6,-12.04,11.0096856348298,4.49468533896382,-23.5939564892412,-0.486043510758769,TRUE
9100,6,-18.0405555555556,14.8517698783181,6.06320966318608,-33.6265321813963,-2.45457892971485,TRUE
9101,6,-14.4416666666667,7.03872897301463,2.87354907027169,-21.8283597105167,-7.05497362281665,TRUE
9102,6,-14.8444444444444,7.75204880923365,3.16476067396206,-22.9797207470675,-6.70916814182143,TRUE
9103,6,-12.9077777777778,12.7780390891155,5.21661261361181,-26.3175074058796,0.501951850324028,TRUE
9104,6,-15.8716666666667,11.1345270318151,4.54565162586221,-27.5566361672387,-4.18669716609459,TRUE
9105,6,-18.1272222222222,18.2160624378799,7.43667634924748,-37.243807363104,0.989362918659506,TRUE
9106,6,-8.91,7.61753240885786,3.10984458346929,-16.9041099979182,-0.915890002081859,TRUE
9107,6,-17.47,7.08819801579436,2.89374472241739,-24.9086076204146,-10.0313923795854,TRUE
9108,6,-13.9705555555556,12.4097075651222,5.06624189861762,-26.9937449550816,-0.947366156029476,TRUE
9109,6,-18.3527777777778,3.81797527299289,1.55868187823265,-22.3594971014981,-14.3460584540574,FALSE
9110,6,-11.1811111111111,10.6240512604743,4.33725076488907,-22.3303691439347,-0.0318530782875523,TRUE
9111,6,-9.87944444444445,12.3548648837734,5.04385246771249,-22.8450799795756,3.08619109068667,TRUE
9112,6,-10.5755555555556,11.8768223708882,4.84869242905806,-23.0395162402795,1.8884051291684,TRUE
9113,6,-12.7177777777778,8.75294227780114,3.57337372144119,-21.9034273580546,-3.53212819750093,TRUE
9114,6,-15.8361111111111,8.75007591501459,3.57220353373373,-25.0187526281229,-6.65346959409934,TRUE
9115,6,-16.1888888888889,7.22260761364902,2.9486172109635,-23.7685507316363,-8.60922704614151,TRUE
9116,6,-14.7588888888889,8.86835890284271,3.62049236130552,-24.0656607889209,-5.4521169888569,TRUE
9117,6,-16.3044444444444,8.2373344304161,3.36287769919649,-24.9489967734654,-7.65989211542351,TRUE
9118,6,-12.5566666666667,11.9606627464089,4.88292011903624,-25.1086124295243,-0.0047209038090017,TRUE
9119,6,-17.1461111111111,10.7198174562954,4.37634715061729,-28.3958696029267,-5.89635261929557,TRUE
9120,6,-13.2311111111111,5.5559136329047,2.26819224259821,-19.0616848896653,-7.40053733255695,TRUE
9121,6,-18.2772222222222,8.18038831370266,3.33962954439967,-26.8620132668104,-9.69243117763404,TRUE
9122,6,-13.0983333333333,8.79486737945617,3.59048957251937,-22.3279806094932,-3.86868605717343,TRUE
9123,6,-15.5622222222222,12.0130404453136,4.90430322507253,-28.1691350090463,-2.95530943539819,TRUE
9124,6,-9.30444444444444,10.7145605326307,4.37420102051806,-20.54868613321,1.9397972443211,TRUE
9125,6,-11.3383333333333,5.90238134616491,2.40963709423762,-17.532502678256,-5.14416398841064,TRUE
9126,6,-6.26555555555555,16.0211174068154,6.54059379265322,-23.0786871532255,10.5475760421144,TRUE
9127,6,-10.5661111111111,12.8008682720555,5.22593258851978,-23.9997984974199,2.8675762751977,TRUE
9128,6,-8.61444444444444,13.0277279790567,5.31854767607813,-22.2862064925366,5.05731760364772,TRUE
9129,6,-12.7666666666667,11.4505794128022,4.67467947009719,-24.7833127999205,-0.750020533412835,TRUE
9130,6,-15.215,11.6280294977266,4.74712316391026,-27.4178685766761,-3.0121314233239,TRUE
9131,6,-16.7677777777778,11.453282628267,4.67578305318947,-28.7872607616827,-4.74829479387282,TRUE
9132,6,-7.21944444444446,10.4881832801739,4.28178289420265,-18.2261177764201,3.78722888753116,TRUE
9133,6,-19.6872222222222,13.4768871144748,5.50191612525879,-33.830347875007,-5.54409656943745,TRUE
9134,6,-17.1322222222222,9.5684083586832,3.90628635489256,-27.173650970903,-7.09079347354143,TRUE
9135,6,-11.8122222222222,9.64089199807354,3.93587767676026,-21.9297178853886,-1.69472655905583,TRUE
9136,6,-14.1638888888889,7.08418596175599,2.89210680821498,-21.5982861168064,-6.72949166097134,TRUE
9137,6,-18.1366666666667,5.22870580970515,2.1346102081506,-23.6238568939024,-12.6494764394309,TRUE
9138,6,-12.2127777777778,9.3263879912302,3.80748195362243,-22.0002217272727,-2.42533382828289,TRUE
9139,6,-13.6305555555556,4.75983539242303,1.94319466184609,-18.6256964564026,-8.63541465470854,TRUE
9140,6,-17.0088888888889,10.0378677830319,4.09794236232506,-27.5429850889662,-6.47479268881153,TRUE
9141,6,-17.985,10.2772109813682,4.19565381388001,-28.7702714825782,-7.19972851742181,TRUE
9142,6,-17.1338888888889,11.5631559353485,4.72063864297309,-29.2686768371184,-4.9991009406594,TRUE
9143,6,-20.45,12.8899947418315,5.2623183174409,-33.9772198801498,-6.92278011985016,TRUE
9144,6,-7.48388888888889,9.260210560761,3.78046513076609,-17.2018838842927,2.23410610651488,TRUE
9145,6,-14.2888888888889,6.91588338268966,2.82339756803049,-21.5466633920478,-7.03111438572996,TRUE
9146,6,-16.9411111111111,5.91166141966374,2.4134256683789,-23.1450192959043,-10.7372029263179,TRUE
9147,6,-8.85222222222223,9.19372966674489,3.7533244194355,-18.5004497980733,0.796005353628889,TRUE
9148,6,-12.2111111111111,10.1898589384341,4.15999249168364,-22.9047122466165,-1.5175099756057,TRUE
9149,6,-17.8933333333333,8.28001959203264,3.38030384345462,-26.5826809922494,-9.20398567441727,TRUE
9150,6,-12.8138888888889,10.4300526080844,4.2580511466986,-23.7595578218027,-1.8682199559751,TRUE
9151,6,-5.68611111111112,11.5715905785902,4.72408207165721,-17.8297506745683,6.45752845234608,TRUE
9152,6,-13.3616666666667,9.49625253572283,3.87682886352197,-23.3273725231068,-3.39596081022652,TRUE
9153,6,-13.7722222222222,9.59493122357764,3.91711426914391,-23.8414850105954,-3.70295943384907,TRUE
9154,6,-7.26277777777777,7.68168598874164,3.13603517278398,-15.3242128288529,0.798657273297324,TRUE
9155,6,-15.0572222222222,5.15074597258243,2.1027832379204,-20.4625986179009,-9.65184582654352,TRUE
9156,6,-20.7605555555556,17.1071274836175,6.98395554993421,-38.7133848331078,-2.80772627800327,TRUE
9157,6,-20.2738888888889,3.70028912784253,1.51063671066373,-24.1571041775665,-16.3906736002113,FALSE
9158,6,-11.5555555555556,11.0171278101502,4.49772359431571,-23.1173221288164,0.006211017705267,TRUE
9159,6,-16.53,8.60568726676338,3.51325711492278,-25.5611149235405,-7.49888507645945,TRUE
9160,6,-11.9872222222222,6.19592784430644,2.52947695027555,-18.4894497242613,-5.48499472018314,TRUE
9161,6,-7.04666666666667,13.4839679290301,5.50480685569608,-21.1972231786052,7.10388984527192,TRUE
9162,6,-15.6505555555556,14.7645267699558,6.02759281334239,-31.1449761541455,-0.15613495696563,TRUE
9163,6,-8.25944444444445,11.2292054565399,4.58430393089989,-20.0437728582519,3.52488396936296,TRUE
9164,6,-12.1072222222222,10.7771033866901,4.39973403376854,-23.4170986110585,-0.797345833385915,TRUE
9165,6,-10.9766666666667,8.65158354162854,3.53199419067515,-20.0559467767892,-1.89738655654416,TRUE
9166,6,-13.72,5.37164448232052,2.19296467688699,-19.3571951645978,-8.08280483540223,TRUE
9167,6,-14.4361111111111,7.03846808353658,2.87344256258827,-21.8225303682448,-7.04969185397744,TRUE
9168,6,-18.7483333333333,12.1033950700711,4.94119034616529,-31.4500674836073,-6.04659918305934,TRUE
9169,6,-14.155,8.64607007707998,3.52974332819866,-23.2284940839259,-5.08150591607405,TRUE
9170,6,-6.98666666666666,5.95280102136801,2.43022084044503,-13.2337482156995,-0.739585117633855,FALSE
9171,6,-16.9016666666667,8.41532642794616,3.43554262790439,-25.7330101415119,-8.07032319182141,TRUE
9172,6,-19.555,6.29967468295873,2.57183141979638,-26.1661031320473,-12.9438968679527,TRUE
9173,6,-16.7338888888889,6.93143256530765,2.8297454952524,-24.0079812584584,-9.4597965193194,TRUE
9174,6,-9.91277777777778,6.89139992766078,2.8134022393703,-17.1448584706416,-2.68069708491396,TRUE
9175,6,-16.2938888888889,13.6205508807939,5.56056661226019,-30.5877804182107,-1.9999973595671,TRUE
9176,6,-14.8988888888889,8.70329865093733,3.55310679564161,-24.0324406778412,-5.76533709993662,TRUE
9177,6,-10.7983333333333,15.5646843491569,6.35425577715294,-27.1324678130698,5.53580114640312,TRUE
9178,6,-18.5527777777778,12.9542264946262,5.28854082071281,-32.1474047485233,-4.95815080703226,TRUE
9179,6,-14.105,5.08248047490375,2.07491396519542,-19.4387361494395,-8.77126385056053,TRUE
9180,6,-12.1466666666667,7.49294097430672,3.05898034330735,-20.0100259727411,-4.28330736059226,TRUE
9181,6,-18.0277777777778,8.51712253617949,3.47710071506652,-26.9659497166058,-9.08960583894975,TRUE
9182,6,-22.0683333333333,8.49706766413501,3.46891334783889,-30.9854589746843,-13.1512076919823,TRUE
9183,6,-18.4522222222222,6.55669824315958,2.67676084885731,-25.3330550386373,-11.5713894058072,TRUE
9184,6,-17.7233333333333,9.98750063273535,4.07738005932096,-28.2045724508095,-7.24209421585717,TRUE
9185,6,-19.4066666666667,7.89745162835596,3.22412112629737,-27.694533869818,-11.1187994635153,TRUE
9186,6,-14.1511111111111,10.6874704764591,4.36314155139744,-25.3669235294434,-2.9352986927788,TRUE
9187,6,-5.36555555555555,12.0525627826463,4.92043815172371,-18.0139444917485,7.28283338063734,TRUE
9188,6,-12.9838888888889,8.18724412096625,3.34242841599478,-21.5758746619597,-4.39190311581804,TRUE
9189,6,-8.93277777777778,13.1230208948781,5.35745084605554,-22.7045436079626,4.83898805240699,TRUE
9190,6,-16.2277777777778,9.75943478934141,3.98427256864218,-26.4696764709534,-5.98587908460214,TRUE
9191,6,-18.88,11.2743502399621,4.60273421155537,-30.7117049584861,-7.04829504151393,TRUE
9192,6,-18.2627777777778,14.2809877368738,5.83018882971413,-33.2497552817707,-3.27580027378489,TRUE
9193,6,-15.8588888888889,12.2159519875842,4.98714151531989,-28.678744279918,-3.03903349785984,TRUE
9194,6,-20.0344444444444,10.0699501635458,4.11103993932387,-30.6022090380458,-9.46667985084308,TRUE
9195,6,-13.5444444444444,6.46403887043685,2.63893281834781,-20.3280372127539,-6.76085167613503,TRUE
9196,6,-5.30666666666666,12.0742865443701,4.9293068403099,-17.9778532926451,7.3645199593118,TRUE
9197,6,-10.7283333333333,5.34064113920583,2.18030761506176,-16.3329924847106,-5.12367418195606,TRUE
9198,6,-13.6344444444444,7.14789096063903,2.91811426510298,-21.1356959686294,-6.13319292025951,TRUE
9199,6,-16.7311111111111,11.2032155436963,4.5736935934122,-28.4881647841027,-4.97405743811954,TRUE
9200,6,-13.155,4.78249342219446,1.95244476376556,-18.173919044819,-8.13608095518101,TRUE
9201,6,-6.33055555555555,5.98476562862988,2.44327033671504,-12.6111819026642,-0.049929208446855,FALSE
9202,6,-16.4705555555556,7.42241273042269,3.03018730831228,-24.2599000088788,-8.68121110223232,TRUE
9203,6,-14.8322222222222,12.0987559813518,4.93929644612632,-27.5290879474575,-2.13535649698691,TRUE
9204,6,-16.9505555555556,9.30677421539259,3.79947466316718,-26.7174161096535,-7.18369500145759,TRUE
9205,6,-17.17,10.5614628616389,4.31169915806166,-28.2535755364417,-6.08642446355832,TRUE
9206,6,-14.4872222222222,5.58297468168147,2.27923986949949,-20.3461948298157,-8.62824961462875,TRUE
9207,6,-16.7727777777778,11.6846043848146,4.77021976484714,-29.0350180572872,-4.5105374982684,TRUE
9208,6,-9.34666666666666,9.76756036866707,3.98758982251091,-19.5970926323814,0.90375929904812,TRUE
9209,6,-16.5233333333333,6.40886504079397,2.61640819671776,-23.249024718426,-9.7976419482407,TRUE
9210,6,-13.2772222222222,10.7053285624323,4.37043208446697,-24.5117755524352,-2.04266889200929,TRUE
9211,6,-16.4566666666667,16.8644656007832,6.88488925110637,-34.1548379159284,1.24150458259506,TRUE
9212,6,-12.8661111111111,15.0362785609659,6.13853501745277,-28.6457177243926,2.91349550217041,TRUE
9213,6,-13.0044444444444,10.6054572255496,4.32965978191826,-24.1341892343286,-1.87469965456027,TRUE
9214,6,-21.1622222222222,13.541682755546,5.52836883495563,-35.373346730057,-6.9510977143874,TRUE
9215,6,-14.5483333333333,11.5956629344289,4.73390956977579,-26.7172352849439,-2.37943138172276,TRUE
9216,6,-16.0088888888889,9.62340703508705,3.9287394705122,-26.108035208735,-5.90974256904279,TRUE
9217,6,-9.60999999999999,10.5225854448631,4.29582751912528,-20.65277618969,1.43277618969005,TRUE
9218,6,-15.9,11.3547298025488,4.6355490305696,-27.8160581361837,-3.98394186381624,TRUE
9219,6,-16.555,15.2701916963882,6.23402965510598,-32.5800833942335,-0.529916605766459,TRUE
9220,6,-11.0933333333333,6.71862089023236,2.74286549271216,-18.1440935464929,-4.04257312017381,TRUE
9221,6,-18.84,3.37733754441111,1.37879227882526,-22.3842983870638,-15.2957016129362,FALSE
9222,6,-18.4333333333333,7.6315636958912,3.11557283241366,-26.4421682639379,-10.4244984027288,TRUE
9223,6,-17.5027777777778,11.1963232887044,4.57087984209432,-29.2525984727416,-5.75295708281392,TRUE
9224,6,-16.25,3.76267871484015,1.53610715289826,-20.1986891448313,-12.3013108551687,TRUE
9225,6,-8.81444444444445,9.90276968364948,4.04278879420727,-19.2067638841477,1.5778749952588,TRUE
9226,6,-5.15388888888888,7.06575478917438,2.88458231351729,-12.5689437874142,2.26116600963645,FALSE
9227,6,-11.5988888888889,5.22375585045714,2.13258939574973,-17.0808844524738,-6.11689332530401,TRUE
9228,6,-8.42722222222222,8.83416962498247,3.60653464706688,-17.6981146755654,0.843670231120919,TRUE
9229,6,-10.9755555555555,8.82075952050154,3.6010599948376,-20.2323749673217,-1.71873614378943,TRUE
9230,6,-11.6311111111111,11.8072909051365,4.82030632703148,-24.022102997581,0.759880775358821,TRUE
9231,6,-10.2183333333333,10.9319035142305,4.46293092120049,-21.6906624930709,1.25399582640427,TRUE
9232,6,-17.7777777777778,5.81819470537294,2.3752680420544,-23.8835986614503,-11.6719568941053,TRUE
9233,6,-11.16,13.0853821750328,5.34208490302345,-24.8922664161391,2.57226641613907,TRUE
9234,6,-11.8355555555556,8.47957065649662,3.46177022438228,-20.7343192134993,-2.93679189761182,TRUE
9235,6,-13.0511111111111,7.5494078256853,3.08203283885054,-20.9737287434949,-5.12849347872731,TRUE
9236,6,-9.46833333333334,13.7922870152528,5.63067759556389,-23.9424508828142,5.00578421614755,TRUE
9237,6,-8.95777777777777,12.7528455502931,5.20632739445683,-22.3410684083442,4.42551285278869,TRUE
9238,6,-16.2177777777778,8.90224882117289,3.63432786252777,-25.5601149659386,-6.87544058961693,TRUE
9239,6,-7.935,9.82041201896449,4.00916641839303,-18.2408903711642,2.3708903711642,TRUE
9240,6,-13.9811111111111,6.7457060141715,2.75392294825731,-21.0602954186434,-6.90192680357886,TRUE
9241,6,-8.01222222222222,10.368740557114,4.23302060670512,-18.8935481036926,2.86910365924816,TRUE
9242,6,-21.3877777777778,7.81969413060999,3.19237676077183,-29.5940434915253,-13.1815120640302,TRUE
9243,6,-15.3605555555556,10.1782081847372,4.15523609140427,-26.0419299748998,-4.67918113621131,TRUE
9244,6,-15.8605555555555,2.15275886730045,0.878860127356332,-18.1197374350028,-13.6013736761083,TRUE
9245,6,-8.90222222222222,6.60361371326897,2.69591400932578,-15.8322898050325,-1.9721546394119,TRUE
9246,6,-13.5016666666667,8.47480599581292,3.45982505980352,-22.3954301198769,-4.60790321345642,TRUE
9247,6,-16.9422222222222,9.8452250505662,4.01929629612565,-27.2741522730831,-6.6102921713613,TRUE
9248,6,-14.0016666666667,9.82189928453533,4.00977359201979,-24.3091178273269,-3.69421550600643,TRUE
9249,6,-8.72222222222222,14.6131176484489,5.96578029832656,-24.0577486924974,6.61330424805302,TRUE
9250,6,-15.1161111111111,11.4290610903699,4.66589465175057,-27.1101751498938,-3.12204707232848,TRUE
9251,6,-9.65888888888888,6.33765384793902,2.58733634897283,-16.30984871024,-3.00792906753775,TRUE
9252,6,-12.5444444444444,13.2006627218597,5.38914798918927,-26.3976903750103,1.30880148612145,TRUE
9253,6,-12.4377777777778,7.51029476168595,3.06606499733799,-20.3193487668151,-4.55620678874043,TRUE
9254,6,-12.1244444444444,11.0636601672456,4.51672034955114,-23.7350437316495,-0.513845157239386,TRUE
9255,6,-9.31944444444444,6.87671575896734,2.80740745260432,-16.5361150473391,-2.10277384154976,TRUE
9256,6,-12.1827777777778,13.7804804652034,5.62585759168994,-26.6445051128526,2.27894955729704,TRUE
9257,6,-7.43333333333333,9.02466718376794,3.68430494977859,-16.9041407141791,2.03747404751246,TRUE
9258,6,-16.7744444444445,10.0601432873972,4.10703629890141,-27.3319173526994,-6.21697153618948,TRUE
9259,6,-15.6016666666667,14.2689746964836,5.82528452651155,-30.5760372579305,-0.6272960754028,TRUE
9260,6,-21.1822222222222,10.7895850330393,4.40482964455277,-32.5051972955819,-9.85924714886252,TRUE
9261,6,-16.0233333333333,6.90590793773305,2.81932510968034,-23.270639249031,-8.77602741763569,TRUE
9262,6,-23.2005555555556,13.232431777294,5.40211765175998,-37.0871410651401,-9.31397004597105,TRUE
9263,6,-18.1527777777778,10.9573596610105,4.47332334960524,-29.6518215252008,-6.65373403035475,TRUE
9264,6,-14.8,9.51709993176026,3.88533977731488,-24.7875838568409,-4.81241614315914,TRUE
9265,6,-18.9694444444444,13.1787165816987,5.38018851498627,-32.7996593133673,-5.13922957552163,TRUE
9266,6,-5.215,9.53842026286906,3.89404376604216,-15.2249581721608,4.79495817216081,TRUE
9267,6,-15.4727777777778,8.93559335010935,3.6479407094624,-24.8501079030001,-6.09544765255547,TRUE
9268,6,-20.6266666666667,10.698922479494,4.36781681205882,-31.854497225132,-9.39883610820135,TRUE
9269,6,-11.3961111111111,8.24652665380109,3.36663040867897,-20.0503100869621,-2.74191213526008,TRUE
9270,6,-16.3077777777778,12.8499614641301,5.24597480025765,-29.7929853095259,-2.82257024602963,TRUE
9271,6,-21.5605555555556,10.8393393436781,4.42514175681426,-32.9357445757381,-10.185366535373,TRUE
9272,6,-15.0661111111111,13.3094458381451,5.43355851044412,-29.0335179209259,-1.09870430129635,TRUE
9273,6,-20.7311111111111,9.03201925661431,3.68730642094948,-30.209634019229,-11.2525882029932,TRUE
9274,6,-13.4405555555556,7.18370081555512,2.93273357715424,-20.979387217749,-5.90172389336216,TRUE
9275,6,-9.27888888888889,10.8264418422196,4.41987637389258,-20.6405428113753,2.08276503359748,TRUE
9276,6,-11.3666666666667,4.53671050676834,1.85210430871762,-16.1276523603599,-6.6056809729734,TRUE
9277,6,-16.1483333333333,8.86818978146048,3.62042331779034,-25.4549277513593,-6.84173891530733,TRUE
9278,6,-4.95833333333333,14.1703728093355,5.78503047464683,-19.829227590063,9.91256092339634,TRUE
9279,6,-14.5122222222222,8.55717338239073,3.49345140456389,-23.4924249464723,-5.53201949797213,TRUE
9280,6,-18.2761111111111,8.59602399476168,3.5093121006478,-27.2970850526151,-9.25513716960716,TRUE
9281,6,-12.0794444444444,15.7394051019396,6.42558522578505,-28.5969371091806,4.43804822029168,TRUE
9282,6,-14.8833333333333,4.96236054939807,2.02587521095708,-20.0910113518855,-9.67565531478119,TRUE
9283,6,-8.01555555555556,5.43494522784081,2.21880709803074,-13.7191807785343,-2.31193033257681,FALSE
9284,6,-14.2222222222222,7.76169244621491,3.16869767227352,-22.3676189011916,-6.07682554325285,TRUE
9285,6,-14.5822222222222,7.42999436717796,3.03328249855654,-22.3795231153652,-6.78492132907926,TRUE
9286,6,-17.545,10.3572848758736,4.22834384442262,-28.4143038812974,-6.6756961187026,TRUE
9287,6,-15.1466666666667,3.21319778413966,1.31178250229729,-18.5187109393776,-11.7746223939557,TRUE
9288,6,-13.5611111111111,13.3216453215837,5.43853892870248,-27.5413204936347,0.419098271412473,TRUE
9289,6,-7.32888888888888,13.443099455221,5.48812237112966,-21.4365565678641,6.77877879008632,TRUE
9290,6,-19.5194444444444,5.11399101231846,2.08777808822657,-24.8862488748792,-14.1526400140097,FALSE
9291,6,-15.2855555555556,9.95190850857075,4.06284963547678,-25.7294430294338,-4.84166808167732,TRUE
9292,6,-17.3038888888889,4.65978941663757,1.90235106326389,-22.1940379771185,-12.4137398006593,TRUE
9293,6,-20.03,11.5675021792376,4.72241298961076,-32.1693490514664,-7.89065094853359,TRUE
9294,6,-19.3594444444444,9.68349510287517,3.95327032146398,-29.5216493241599,-9.19723956472901,TRUE
9295,6,-22.49,7.11966228911956,2.9065899582131,-29.9616273502255,-15.0183726497745,FALSE
9296,6,-13.8605555555556,10.3007676988264,4.20527080351126,-24.6705482969933,-3.05056281411779,TRUE
9297,6,-20.0711111111111,10.4420001631587,4.26292871563294,-31.0293182341296,-9.11290398809264,TRUE
9298,6,-15.1311111111111,14.4316495810295,5.89169627002883,-30.2761985239334,0.0139763017112227,TRUE
9299,6,-14.3705555555556,10.2171473332643,4.17113293222257,-25.0927941051513,-3.64831700595979,TRUE
9300,6,-15.3261111111111,13.4028380770089,5.47168573230284,-29.3915270648792,-1.26069515734305,TRUE
9301,6,-18.5822222222222,9.4877119748925,3.87334219416338,-28.5389653097423,-8.62547913470212,TRUE
9302,6,-9.62666666666667,14.1921051605774,5.79390266988911,-24.5203676273284,5.26703429399502,TRUE
9303,6,-6.45388888888888,6.59229463225959,2.69129301385408,-13.3720778246771,0.464300046899317,FALSE
9304,6,-18.1877777777778,8.16757183192347,3.33439723762356,-26.7591187496088,-9.61643680594676,TRUE
9305,6,-17.1572222222222,7.02815525556289,2.86923236819817,-24.5328188301322,-9.78162561431226,TRUE
9306,6,-13.0761111111111,8.1024269112317,3.30780193511874,-21.57908668141,-4.57313554081223,TRUE
9307,6,-12.4961111111111,4.41873708285608,1.80394186008527,-17.1332912891903,-7.85893093303192,TRUE
9308,6,-12.1866666666667,10.7436275686257,4.38606758827185,-23.4614123389515,-0.911920994381873,TRUE
9309,6,-11.1411111111111,10.3576671905227,4.22849992372452,-22.0108162070269,-0.271406015195321,TRUE
9310,6,-16.3266666666667,11.9078230121584,4.86134838785991,-28.8231605291992,-3.8301728041341,TRUE
9311,6,-13.0472222222222,7.39109627011271,3.01740241692735,-20.8037020659808,-5.29074237846367,TRUE
9312,6,-15.0572222222222,7.59378032534716,3.1001478359811,-23.0264059371825,-7.08803850726199,TRUE
9313,6,-9.83611111111112,13.1824461423628,5.38171110175157,-23.670239913916,3.99801769169375,TRUE
9314,6,-25.2527777777778,10.1493508093795,4.1434551172472,-35.9038682389478,-14.6016873166078,FALSE
9315,6,-10.2038888888889,10.0732460655092,4.11238548566596,-20.7751123194762,0.367334541698456,TRUE
9316,6,-14.5616666666667,12.2717271717463,5.00991163890438,-27.4400545237772,-1.68327880955611,TRUE
9317,6,-11.0894444444444,5.63889091406641,2.30206757577982,-17.0070975391514,-5.17179134973751,TRUE
9318,6,-14.7961111111111,9.38906110953159,3.83306814702701,-24.6493264646149,-4.94289575760732,TRUE
9319,6,-15.9783333333333,12.299472572251,5.02123865122866,-28.8858382025767,-3.07082846408996,TRUE
9320,6,-14.4,9.71368816556192,3.96559658768971,-24.5938905557765,-4.20610944422349,TRUE
9321,6,-12.9677777777778,15.0889433643265,6.16003533339233,-28.802652712674,2.86709715711845,TRUE
9322,6,-11.2872222222222,10.8417879658429,4.42614140262705,-22.6649809137732,0.0905364693287201,TRUE
9323,6,-19.1683333333333,7.69899813107019,3.14310282529388,-27.247936363571,-11.0887303030957,TRUE
9324,6,-13.6788888888889,10.2434585449917,4.1818744394303,-24.4287393618002,-2.92903841597757,TRUE
9325,6,-15.165,7.69776901301785,3.14260103995024,-23.2433131499479,-7.08668685005213,TRUE
9326,6,-15.42,15.7850428500457,6.44421675842997,-31.9853865441232,1.1453865441232,TRUE
9327,6,-12.3383333333333,9.75351463718478,3.98185567664495,-22.5740192078422,-2.10264745882448,TRUE
9328,6,-7.10833333333334,3.64191082324162,1.48680386761023,-10.930284348566,-3.28638231810066,FALSE
9329,6,-13.2216666666667,8.55513302708444,3.49261843299816,-22.1997281693403,-4.24360516399303,TRUE
9330,6,-15.0411111111111,12.564611620945,5.12948121459317,-28.226862347582,-1.85535987464022,TRUE
9331,6,-10.2472222222222,10.6473359039645,4.34675668078802,-21.4209159897867,0.926471545342254,TRUE
9332,6,-17.7227777777778,11.2674097223742,4.59990075711516,-29.5471991097477,-5.89835644580783,TRUE
9333,6,-15.9655555555556,6.83328379385836,2.7896764270971,-23.1366471063542,-8.79446400475695,TRUE
9334,6,-15.68,18.1034827834008,7.39071589776535,-34.6784400391441,3.31844003914414,TRUE
9335,6,-12.4594444444444,9.89619824122525,4.04010601407169,-22.8448675782622,-2.07402131062672,TRUE
9336,6,-12.89,14.8435283316782,6.05984506585954,-28.4673276530689,2.68732765306888,TRUE
9337,6,-14.8077777777778,11.2630928585687,4.59813840484641,-26.6276688390177,-2.98788671653787,TRUE
9338,6,-8.67333333333333,10.3957848295462,4.24406138469238,-19.5830404381491,2.23637377148241,TRUE
9339,6,-18.015,4.70429626334623,1.92052090734664,-22.951856159385,-13.078143840615,TRUE
9340,6,-15.6072222222222,4.83820141818868,1.97518745789537,-20.6846032234647,-10.5298412209797,TRUE
9341,6,-19.7677777777778,8.64454398685904,3.52912030447487,-28.8396703282362,-10.6958852273194,TRUE
9342,6,-10.1927777777778,14.1886806867175,5.79250463429004,-25.0828849735229,4.69732941796737,TRUE
9343,6,-9.52444444444444,14.2436216784397,5.81493420023704,-24.4722086749942,5.42331978610528,TRUE
9344,6,-15.2405555555556,12.1520731503662,4.96106308922883,-27.993374218173,-2.48773689293816,TRUE
9345,6,-11.9866666666667,8.02480460129024,3.27611275978328,-20.4081826184619,-3.5651507148714,TRUE
9346,6,-7.84666666666666,12.0111420495028,4.90352820822812,-20.4515872092681,4.75825387593482,TRUE
9347,6,-14.3316666666667,2.63548920190035,1.07593396121179,-17.0974429637019,-11.5658903696314,TRUE
9348,6,-15.7016666666667,8.58882756194866,3.50637416925445,-24.7150884150965,-6.68824491823682,TRUE
9349,6,-19.3427777777778,13.3208201977484,5.43820207330727,-33.3221212459412,-5.36343430961438,TRUE
9350,6,-13.315,9.22546614299545,3.76628078161014,-22.9965329651132,-3.63346703488683,TRUE
9351,6,-11.4088888888889,6.86930715143389,2.80438290124408,-18.617784634996,-4.1999931427818,TRUE
9352,6,-14.1627777777778,8.01624029820206,3.27261639768852,-22.5753060446814,-5.75024951087412,TRUE
9353,6,-9.16222222222222,12.1257308905331,4.95030890668501,-21.8873963785354,3.56295193409091,TRUE
9354,6,-13.3261111111111,8.16208318089518,3.33215650522431,-21.8916920969381,-4.76053012528413,TRUE
9355,6,-11.0288888888889,9.31807315958656,3.80408743781842,-20.8076069577172,-1.25017082006056,TRUE
9356,6,-21.5533333333333,9.91779836679716,4.04892422841023,-31.9614244087525,-11.1452422579142,TRUE
9357,6,-12.6661111111111,10.4764072333276,4.27697534320923,-23.6604262398292,-1.67179598239307,TRUE
9358,6,-19.3661111111111,12.8492367982031,5.24567895663177,-32.8505581526084,-5.88166406961383,TRUE
9359,6,-12.1638888888889,9.40753868310273,3.84061158484935,-22.036495266637,-2.29128251114076,TRUE
9360,6,-14.4011111111111,14.0611171781013,5.74042704997193,-29.1573486145643,0.355126392342067,TRUE
9361,6,-14.8122222222222,12.4247506868198,5.0723832273339,-27.8511984097931,-1.77324603465139,TRUE
9362,6,-18.6,10.9605512837833,4.47462632414604,-30.1023931501099,-7.09760684989011,TRUE
9363,6,-6.42388888888889,5.53173326932553,2.25832065050422,-12.2290869321174,-0.618690845660349,FALSE
9364,6,-13.5172222222222,13.7330398701116,5.60649004984512,-27.9291637060298,0.894719261585379,TRUE
9365,6,-8.23555555555556,11.8350860047885,4.8316536289477,-20.6557166102148,4.18460549910367,TRUE
9366,6,-13.7683333333333,9.24294103026135,3.7734148744625,-23.4682050679465,-4.06846159872016,TRUE
9367,6,-12.96,12.754818523035,5.20713285720583,-26.3453611384783,0.425361138478335,TRUE
9368,6,-16.2111111111111,8.50789402500646,3.4733331911566,-25.139598321411,-7.28262390081124,TRUE
9369,6,-12.6755555555556,4.61703159408085,1.88489525530115,-17.5208330609098,-7.83027805020135,TRUE
9370,6,-11.6277777777778,10.3805481907624,4.2378410529565,-22.5214950108216,-0.734060544733932,TRUE
9371,6,-20.8205555555556,12.2617724686961,5.00584764840205,-33.6884965925006,-7.95261451861049,TRUE
9372,6,-14.3455555555556,6.40605014954758,2.61525902217857,-21.0682928934518,-7.62281821765933,TRUE
9373,6,-17.92,11.2164749859798,4.57910673805695,-29.690968604289,-6.14903139571095,TRUE
9374,6,-21.9866666666667,8.67206652291009,3.54035633276694,-31.0874423473574,-12.885890985976,TRUE
9375,6,-18.0961111111111,12.269289106757,5.00891630304043,-30.9719403759294,-5.22028184629279,TRUE
9376,6,-14.7388888888889,12.2235564322276,4.99024601684546,-27.5667246551483,-1.91105312262949,TRUE
9377,6,-4.08999999999999,6.81429510498172,2.78192432732506,-11.2411641439366,3.06116414393657,FALSE
9378,6,-7.61222222222222,4.36122442881796,1.78046241739417,-12.1890465714088,-3.03539787303564,FALSE
9379,6,-8.76666666666667,11.5922951423205,4.73253467440488,-20.9320343372109,3.39870100387752,TRUE
9380,6,-13.1144444444444,7.75715058415043,3.16684346485017,-21.2550747314919,-4.97381415739704,TRUE
9381,6,-12.3811111111111,8.52365927330553,3.47976932682344,-21.3261429348478,-3.43607928737437,TRUE
9382,6,-20.1222222222222,8.01905665459658,3.27376617037192,-28.5377060739009,-11.7067383705435,TRUE
9383,6,-13.3977777777778,9.83336851217813,4.0144558845979,-23.7172651546885,-3.07829040086711,TRUE
9384,6,-11.7588888888889,18.5016305187368,7.55325903006832,-31.1751593514385,7.6573815736607,TRUE
9385,6,-9.72499999999999,9.42571912965325,3.84803372107347,-19.6166855863075,0.166685586307489,TRUE
9386,6,-19.0861111111111,8.49906044916251,3.46972689891963,-28.0053280520926,-10.1668941701296,TRUE
9387,6,-13.8205555555556,11.6206215968121,4.744098901026,-26.0156500169952,-1.62546109411593,TRUE
9388,6,-14.8794444444444,6.68267857696021,2.72819210476349,-21.8924855130759,-7.86640337581302,TRUE
9389,6,-10.9894444444444,8.58429765888254,3.50452484407174,-19.9981123511514,-1.98077653773745,TRUE
9390,6,-13.755,6.85567947844057,2.79881942704155,-20.949594380379,-6.56040561962095,TRUE
9391,6,-18.5122222222222,3.27768188183639,1.33810802494408,-21.9519384052627,-15.0725060391818,FALSE
9392,6,-9.93277777777778,13.4479006898089,5.49008246694229,-24.045484043445,4.17992848788948,TRUE
9393,6,-6.98333333333333,11.3102521830614,4.61739111844998,-18.8527150704493,4.88604840378262,TRUE
9394,6,-15.7966666666667,11.5463741302435,4.71378749972807,-27.9138431905172,-3.67949014281618,TRUE
9395,6,-24.2283333333333,15.3324195017544,6.25943405026601,-40.3187208043106,-8.13794586235608,TRUE
9396,6,-16.1061111111111,6.27065136317739,2.55998269911206,-22.6867561369918,-9.52546608523041,TRUE
9397,6,-15.3083333333333,8.68312251823425,3.54486992395741,-24.4207115695517,-6.19595509711494,TRUE
9398,6,-17.9877777777778,15.4185388652992,6.29459213320901,-34.1685419781441,-1.80701357741145,TRUE
9399,6,-21.6872222222222,10.3682784206158,4.23283194026976,-32.5680631211809,-10.8063813232636,TRUE
9400,6,-7.54222222222221,10.9740628892082,4.48014241396216,-19.0587949326172,3.97435048817275,TRUE
9401,6,-19.3244444444444,9.88851537371998,4.03696949654681,-29.7018049032855,-8.94708398560334,TRUE
9402,6,-13.8472222222222,8.02737356152661,3.27716153340805,-22.271434132447,-5.42301031199744,TRUE
9403,6,-14.0366666666667,11.5215623940506,4.70365815084387,-26.1278048702686,-1.94552846306472,TRUE
9404,6,-23.1611111111111,7.1725345486691,2.92817496778715,-30.6882244948697,-15.6339977273525,FALSE
9405,6,-20.2844444444444,7.34108398494896,2.99698498700706,-27.9884396137195,-12.5804492751694,TRUE
9406,6,-7.21166666666667,8.89859208589264,3.63283500660093,-16.5501663464987,2.12683301316541,TRUE
9407,6,-10.6116666666667,10.9428171773898,4.46738640552799,-22.0954490134855,0.872115680152193,TRUE
9408,6,-21.215,10.6229993149037,4.33682130990822,-32.3631540836505,-10.0668459163494,TRUE
9409,6,-9.84055555555556,11.1614068043348,4.55662524704142,-21.5537336474021,1.87262253629095,TRUE
9410,6,-17.1416666666667,11.4126161671099,4.65918103994285,-29.1184728168849,-5.16486051644845,TRUE
9411,6,-2.69333333333333,4.08983400912827,1.66966774250758,-6.98535090377121,1.59868423710455,FALSE
9412,6,-16.72,8.94037583102634,3.64989314912094,-26.1023490311437,-7.33765096885628,TRUE
9413,6,-17.7555555555555,10.8558520146031,4.43188302649041,-29.1480735611167,-6.3630375499944,TRUE
9414,6,-21.3211111111111,11.6505364047549,4.75631157022818,-33.5475992381665,-9.09462298405572,TRUE
9415,6,-12.1938888888889,8.87506830437983,3.62323146301308,-21.5077018740163,-2.88007590376147,TRUE
9416,6,-16.0055555555556,12.2662671432522,5.00768259160578,-28.8782134641696,-3.13289764694155,TRUE
9417,6,-15.3655555555556,5.51687700169687,2.25225560464215,-21.1551629020587,-9.57594820905236,TRUE
9418,6,-11.2266666666667,12.9238876160044,5.27615502538087,-24.789454936912,2.33612160357866,TRUE
9419,6,-12.2211111111111,8.97855956442077,3.66548159300275,-21.6435315129432,-2.79869070927899,TRUE
9420,6,-19.5494444444444,9.50391297581432,3.87995622509352,-29.5231894397339,-9.57569944915499,TRUE
9421,6,-7.04944444444445,5.60826549405891,2.28956480041702,-12.9349581319087,-1.16393075698016,FALSE
9422,6,-10.8094444444444,6.54759749549122,2.67304548417976,-17.6807266119066,-3.93816227698226,TRUE
9423,6,-10.9727777777778,9.22195506306473,3.76484738923074,-20.6506260904771,-1.29492946507843,TRUE
9424,6,-20.7455555555556,4.39984225306453,1.79622807812426,-25.3629068258417,-16.1282042852694,FALSE
9425,6,-9.265,15.513199361977,6.33323711915221,-25.5451042992703,7.01510429927033,TRUE
9426,6,-13.1427777777778,10.6803236356846,4.36022386586903,-24.3510900466887,-1.93446550886692,TRUE
9427,6,-14.2744444444444,10.8805730377416,4.44197534192521,-25.6929055727418,-2.8559833161471,TRUE
9428,6,-15.4994444444445,9.43687905487276,3.85258974146604,-25.4028416540159,-5.59604723487305,TRUE
9429,6,-13.8277777777778,5.96465055944573,2.43505839410804,-20.0872946543856,-7.56826090116991,TRUE
9430,6,-16.5822222222222,14.5843999863883,5.95405636188421,-31.8876113544366,-1.27683309000784,TRUE
9431,6,-21.255,6.49340135145757,2.65092000102829,-28.0694068023683,-14.4405931976317,FALSE
9432,6,-19.475,6.04625972537293,2.468375196584,-25.8201604438741,-13.129839556126,TRUE
9433,6,-10.8288888888889,9.0263622958696,3.68499697639624,-20.3014751807878,-1.35630259698999,TRUE
9434,6,-11.035,7.14728938518341,2.91786867295164,-18.5356202094617,-3.53437979053827,TRUE
9435,6,-13.0688888888889,16.2710280583027,6.64261938889163,-30.1442856310193,4.00650785324152,TRUE
9436,6,-13.9733333333333,16.5180083545202,6.74344867260069,-31.3079200006665,3.3612533339998,TRUE
9437,6,-14.9288888888889,9.47510531554878,3.86819554703785,-24.8724020987937,-4.98537567898411,TRUE
9438,6,-13.7066666666667,8.63856932599374,3.52668115939051,-22.7722891950767,-4.64104413825661,TRUE
9439,6,-15.8844444444444,9.79622845037067,3.99929351785728,-26.1649557168264,-5.60393317206245,TRUE
9440,6,-17.17,7.82306078207245,3.19375119047597,-25.3797987977794,-8.96020120222062,TRUE
9441,6,-12.8944444444444,13.0999349729797,5.34802605790673,-26.6419830854092,0.853094196520269,TRUE
9442,6,-20.9177777777778,9.41070965954727,3.84190613056194,-30.7937118912201,-11.0418436643355,TRUE
9443,6,-18.6994444444444,8.92884872923882,3.64518722952218,-28.0696965241476,-9.32919236474126,TRUE
9444,6,-17.0705555555556,7.37585472762058,3.0111800832609,-24.8110403814159,-9.33007072969523,TRUE
9445,6,-16.4661111111111,8.37091350827154,3.41741112937271,-25.250846085178,-7.68137613704424,TRUE
9446,6,-7.13333333333333,5.18772611287664,2.11788031697663,-12.5775180062051,-1.68914866046152,FALSE
9447,6,-10.3838888888889,8.905846124046,3.635796455276,-19.7300012148923,-1.0377765628855,TRUE
9448,6,-14.2172222222222,6.24307382150337,2.54872421486845,-20.7689263930095,-7.66551805143497,TRUE
9449,6,-15.1488888888889,5.52792855182428,2.25676738108864,-20.9500941259719,-9.3476836518059,TRUE
9450,6,-15.2094444444445,10.9089560385883,4.4535626534991,-26.6576917053975,-3.76119718349139,TRUE
9451,6,-17.215,7.97003548019427,3.25375335972565,-25.5790392841514,-8.85096071584863,TRUE
9452,6,-7.68222222222221,12.1330242939886,4.95328642617738,-20.4150503360577,5.05060589161328,TRUE
9453,6,-9.14,7.20589881817514,2.94179587377557,-16.7021270372773,-1.57787296272266,TRUE
9454,6,-7.66777777777778,6.53423825932524,2.6675915988531,-14.5250402866856,-0.810515268869971,TRUE
9455,6,-11.7933333333333,6.42126501901646,2.62147046662888,-18.5320376975066,-5.0546289691601,TRUE
9456,6,-12.395,8.94197734781792,3.65054696561325,-21.7790297199427,-3.01097028005731,TRUE
9457,6,-14.4133333333333,10.3425842461586,4.22234233747275,-25.267209849879,-3.55945681678772,TRUE
9458,6,-21.7111111111111,15.691030228434,6.40583626637498,-38.177837459515,-5.24438476270725,TRUE
9459,6,-11.0494444444444,7.24872016800718,2.95927761663986,-18.656509732384,-3.4423791565049,TRUE
9460,6,-10.0505555555556,7.06318984175993,2.88353517812021,-17.4629187068497,-2.63819240426142,TRUE
9461,6,-16.0994444444444,5.61029467107533,2.29039320846502,-21.9870876225894,-10.2118012662995,TRUE
9462,6,-16.8972222222222,9.49985997947494,3.87830159626671,-26.8667138587048,-6.92773058573968,TRUE
9463,6,-6.81166666666668,9.57681105587866,3.90971674165789,-16.8619135052556,3.23858017192228,TRUE
9464,6,-14.115,10.9236407748414,4.45955767197035,-25.5786579465396,-2.65134205346044,TRUE
9465,6,-16.3111111111111,5.49181518935898,2.24202416259928,-22.0744176985465,-10.5478045236757,TRUE
9466,6,-16.2538888888889,14.8455586200298,6.06067392760823,-31.8333471989132,-0.674430578864584,TRUE
9467,6,-12.4261111111111,11.1806854126344,4.56449570592226,-24.1595208615948,-0.692701360627405,TRUE
9468,6,-9.57333333333333,12.0656181864927,4.92576799802532,-22.2354230756159,3.08875640894921,TRUE
9469,6,-9.67777777777778,7.58751186465605,3.09758874762011,-17.6403831466815,-1.71517240887409,TRUE
9470,6,-11.62,7.96390775101436,3.25125172476352,-19.9776086267583,-3.26239137324166,TRUE
9471,6,-9.91888888888889,13.1460854615723,5.36686691597874,-23.7148594973813,3.87708171960354,TRUE
9472,6,-5.65277777777777,8.35228975036631,3.40980801204589,-14.4179683165501,3.11241276099457,TRUE
9473,6,-8.31111111111111,6.30521077863087,2.57409152139038,-14.9280240192627,-1.69419820295957,TRUE
9474,6,-20.0816666666667,7.9864620869736,3.26045949386143,-28.4629446174148,-11.7003887159185,TRUE
9475,6,-6.80444444444444,10.6028571970361,4.32859832472246,-17.9314606717418,4.3225717828529,TRUE
9476,6,-10.4683333333333,13.2145621275252,5.39482239779066,-24.3361657955779,3.39949912891126,TRUE
9477,6,-9.12555555555556,7.05553735780681,2.88041106462855,-16.5298879174556,-1.72122319365555,TRUE
9478,6,-11.4483333333333,10.246799988289,4.18323857794413,-22.2016904359296,-0.694976230737074,TRUE
9479,6,-18.3538888888889,9.89566423949098,4.03988800877658,-28.7387516222549,-7.96902615552287,TRUE
9480,6,-15.9466666666667,10.0203892139976,4.09080676639706,-26.4624202334651,-5.43091309986825,TRUE
9481,6,-21.6022222222222,8.44500790517798,3.44766004024272,-30.4647144971193,-12.7397299473251,TRUE
9482,6,-13.1638888888889,9.53543459748756,3.89282487325427,-23.1707137973895,-3.15706398038822,TRUE
9483,6,-21.2772222222222,12.4107626082573,5.06667261817389,-34.3015188216159,-8.25292562282854,TRUE
9484,6,-11.2366666666667,11.4037120662041,4.65554595596995,-23.2041285360531,0.730795202719783,TRUE
9485,6,-14.0161111111111,5.88767957184669,2.40363512000542,-20.1948518900946,-7.83737033212768,TRUE
9486,6,-16.5561111111111,10.4605093176759,4.27048504632251,-27.5337424005443,-5.57847982167796,TRUE
9487,6,-15.1088888888889,13.8716179728677,5.66306432339102,-29.6662591726379,-0.551518605139865,TRUE
9488,6,-15.2944444444445,7.23181264096866,2.95237514763041,-22.8837663709273,-7.70512251796164,TRUE
9489,6,-14.4083333333333,7.37615429761486,3.01130238219894,-22.1491325386223,-6.66753412804437,TRUE
9490,6,-12.4161111111111,8.84425222432102,3.61065085101028,-21.6975846035429,-3.1346376186793,TRUE
9491,6,-13.65,6.89902150871975,2.81651373680826,-20.8900790516595,-6.40992094834053,TRUE
9492,6,-19.845,5.08151060217333,2.07451801631126,-25.17771833043,-14.51228166957,FALSE
9493,6,-17.8527777777778,16.2875791007431,6.64937632367331,-34.9455437737226,-0.760011781833011,TRUE
9494,6,-16.9683333333333,10.1473450824451,4.14263628265509,-27.6173189131745,-6.31934775349223,TRUE
9495,6,-10.9088888888889,5.88281174899163,2.40164783964656,-17.0825212010795,-4.73525657669825,TRUE
9496,6,-12.8922222222222,15.1234453256696,6.17412070012833,-28.7633047449983,2.97886030055381,TRUE
9497,6,-11.6111111111111,12.3553541550332,5.04405221186789,-24.5772601049399,1.35503788271766,TRUE
9498,6,-12.5416666666667,6.0382237086378,2.46509450648975,-18.8783938281761,-6.20493950515725,TRUE
9499,6,-15.4033333333333,13.2577405482399,5.41244991423238,-29.3164787691504,-1.49018789751625,TRUE
9500,6,-10.7983333333333,4.76796147915088,1.9465121228609,-15.8020020392054,-5.79466462746124,TRUE
9501,6,-8.48555555555556,11.814849727105,4.82339220317807,-20.8844799391949,3.91336882808381,TRUE
9502,6,-20.64,8.46913428607409,3.45750959399864,-29.5278113588712,-11.7521886411288,TRUE
9503,6,-15.3872222222222,14.7458472371289,6.01996692599913,-30.862039853327,0.0875954088825157,TRUE
9504,6,-17.9438888888889,8.7946568164152,3.59040361051787,-27.1733151926892,-8.71446258508862,TRUE
9505,6,-15.7722222222222,5.10532126170187,2.0842386773586,-21.1299283073709,-10.4145161370735,TRUE
9506,6,-12.8533333333333,6.72154380415029,2.74405876732233,-19.9071609565307,-5.79950571013599,TRUE
9507,6,-17.4444444444445,11.5914293369745,4.73218121085253,-29.6089035080014,-5.2799853808875,TRUE
9508,6,-11.5094444444444,10.2229711742541,4.17351050535058,-22.237794740336,-0.781094148552915,TRUE
9509,6,-15.1977777777778,6.35272948045577,2.59349095017545,-21.864558505186,-8.5309970503696,TRUE
9510,6,-14.8194444444445,6.13231854527639,2.50350856268893,-21.2549180810526,-8.38397080783631,TRUE
9511,6,-14.1094444444444,11.1501504557197,4.55202986196241,-25.8108097228791,-2.40807916600979,TRUE
9512,6,-13.1333333333333,14.3631223779666,5.86372015652811,-28.206505856959,1.93983919029235,TRUE
9513,6,-16.8833333333333,9.83656263358519,4.01575987920187,-27.2061727350867,-6.56049393157995,TRUE
9514,6,-10.455,11.310341334863,4.61742751452059,-22.324475296194,1.41447529619397,TRUE
9515,6,-5.06444444444445,12.0183632952368,4.90647626945408,-17.6769432196837,7.54805433079484,TRUE
9516,6,-13.66,12.1619905169069,4.96511183716495,-26.4232263005191,-0.896773699480931,TRUE
9517,6,-12.7188888888889,9.03603272500755,3.68894491255986,-22.2016236737782,-3.23615410399954,TRUE
9518,6,-12.9866666666667,12.0904461823743,4.93590398489964,-25.6748117926946,-0.298521540638749,TRUE
9519,6,-9.9038888888889,10.84350177483,4.4268410622162,-21.2834461126708,1.47566833489302,TRUE
9520,6,-12.0333333333333,11.0472108093702,4.51000492731931,-23.6266700781306,-0.439996588536038,TRUE
9521,6,-10.8538888888889,18.5240793943291,7.56242374515172,-30.2937180015606,8.58594022378287,TRUE
9522,6,-18.2711111111111,10.152708159056,4.14482574951314,-28.9257248946873,-7.61649732753496,TRUE
9523,6,-8.50666666666667,12.6221648081636,5.15297720488594,-21.7528162689944,4.73948293566111,TRUE
9524,6,-10.5527777777778,9.66064396672665,3.94394138419619,-20.6910018608068,-0.414553694748715,TRUE
9525,6,-10.1994444444444,9.13181019335199,3.72804590027643,-19.7826915181135,-0.616197370775428,TRUE
9526,6,-14.7711111111111,4.12500487092866,1.68402618671174,-19.1000382374082,-10.442183984814,TRUE
9527,6,-20.81,8.69935655347248,3.55149744109074,-29.9394148113767,-11.6805851886233,TRUE
9528,6,-15.595,15.4761161866349,6.31809797621381,-31.8361878934258,0.646187893425772,TRUE
9529,6,-10.3055555555556,11.8731846643634,4.84720734158811,-22.7656987014049,2.15458759029383,TRUE
9530,6,-20.0922222222222,9.53268218444471,3.89170120533488,-30.09615865038,-10.0882857940644,TRUE
9531,6,-8.87222222222223,5.35249502222683,2.18514694254044,-14.4893212609129,-3.25512318353155,TRUE
9532,6,-16.8533333333333,6.08785859085296,2.48535786230146,-23.2421491092214,-10.4645175574453,TRUE
9533,6,-10.4772222222222,14.2964439116348,5.8364987866374,-25.4804199868657,4.52597554242124,TRUE
9534,6,-17.0688888888889,9.02519428332996,3.68452013727368,-26.5402494268008,-7.59752835097694,TRUE
9535,6,-13.8788888888889,13.123688280132,5.35772330494452,-27.6513550969446,-0.106422680833139,TRUE
9536,6,-13.6472222222222,10.1018852842574,4.12407739776014,-24.2485006696627,-3.04594377478173,TRUE
9537,6,-11.6744444444444,8.17321116457545,3.33669948553809,-20.2517035329457,-3.09718535594321,TRUE
9538,6,-5.61388888888888,9.57153846142398,3.90756421398545,-15.6586024789424,4.43082470116461,TRUE
9539,6,-12.7977777777778,11.5441345696836,4.7128732029581,-24.912604026959,-0.682951528596556,TRUE
9540,6,-14.2472222222222,9.75208727895194,3.98127296008652,-24.4814101761306,-4.0130342683138,TRUE
9541,6,-11.8627777777778,5.27636971860458,2.15406891747561,-17.3999882097494,-6.32556734580618,TRUE
9542,6,-7.90444444444445,12.1700664960599,4.96840884184797,-20.6761459653137,4.8672570764248,TRUE
9543,6,-9.10611111111111,5.86884823705892,2.39594725977116,-15.2650896162215,-2.94713260600076,TRUE
9544,6,-25.3005555555556,5.5838124835861,2.2795819006948,-31.1604073823269,-19.4407037287842,FALSE
9545,6,-14.6222222222222,5.57246471168396,2.27494919221518,-20.4701652927261,-8.77427915171838,TRUE
9546,6,-15.3266666666667,10.0069593561459,4.08532404988791,-25.8283264619967,-4.82500687133662,TRUE
9547,6,-13.8577777777778,9.88798095707144,4.03675132186365,-24.2345774007414,-3.48097815481421,TRUE
9548,6,-6.44388888888889,10.2118818413033,4.16898330413105,-17.1606016435592,4.27282386578145,TRUE
9549,6,-12.9533333333333,4.00095544144701,1.63338321919283,-17.1520785672236,-8.75458809944307,TRUE
9550,6,-17.1911111111111,13.8851872578365,5.66860396078237,-31.7627214861143,-2.61950073610788,TRUE
9551,6,-12.5433333333333,9.23783644703793,3.771330937088,-22.237848136385,-2.84881853028165,TRUE
9552,6,-12.1672222222222,10.2741417412122,4.19440080183329,-22.9492727347933,-1.38517170965117,TRUE
9553,6,-14.9838888888889,13.3982535207917,5.46981409506465,-29.0444936459696,-0.923284131808218,TRUE
9554,6,-19.4666666666667,7.77333590623171,3.17345109492046,-27.6242824075494,-11.309050925784,TRUE
9555,6,-11.6494444444445,10.6929132121683,4.36536353894615,-22.8709686636085,-0.427920225280412,TRUE
9556,6,-12.72,6.86088656402688,2.80094521083046,-19.9200588815733,-5.51994111842669,TRUE
9557,6,-19.7566666666667,8.9896046137253,3.66999071549941,-29.1906781368834,-10.32265519645,TRUE
9558,6,-13.9027777777778,6.40326320165192,2.61412125546456,-20.6225903932258,-7.18296516232979,TRUE
9559,6,-8.115,8.57274615666803,3.49980896304038,-17.1115453485888,0.881545348588753,TRUE
9560,6,-14.8188888888889,10.3214965897321,4.21373333778673,-25.6506352672186,-3.98714251055914,TRUE
9561,6,-12.9077777777778,8.50108245830864,3.47055238069684,-21.8291166872214,-3.98643886833412,TRUE
9562,6,-15.5911111111111,9.55395570586497,3.90038608408684,-25.6173727308334,-5.56484949138883,TRUE
9563,6,-14.9616666666667,9.23952229404866,3.77201918124811,-24.6579506576548,-5.2653826756785,TRUE
9564,6,-17.3516666666667,9.85162857377173,4.02191052352725,-27.6903168030004,-7.01301653033297,TRUE
9565,6,-10.1011111111111,13.034946475902,5.32149461507494,-23.7804485070592,3.57822628483699,TRUE
9566,6,-19.6372222222222,7.57643463984557,3.09306648952815,-27.5882027566187,-11.6862416878258,TRUE
9567,6,-9.50944444444444,10.3426167797058,4.22235561923775,-20.3633551028539,1.34446621396505,TRUE
9568,6,-10.125,11.1548486219123,4.55394788027886,-21.8312957014793,1.58129570147932,TRUE
9569,6,-10.2883333333333,2.51761681843056,1.02781276216735,-12.9304101501959,-7.64625651647076,FALSE
9570,6,-16.2355555555555,10.0983456657606,4.12263235455991,-26.8331194011938,-5.63799170991727,TRUE
9571,6,-16.7344444444445,9.99686276714776,4.08120213468992,-27.2255085194385,-6.2433803694504,TRUE
9572,6,-9.42833333333333,6.99207702411173,2.85450349188527,-16.766068159334,-2.09059850733264,TRUE
9573,6,-13.2666666666667,9.22231352029775,3.76499372878333,-22.9448911571617,-3.58844217617161,TRUE
9574,6,-14.9766666666667,11.9033341734341,4.85951582712456,-27.4684497818602,-2.48488355147311,TRUE
9575,6,-15.9988888888889,9.69018143773873,3.9560000062415,-26.1681106467104,-5.82966713106736,TRUE
9576,6,-10.2144444444444,12.1041318320401,4.94149112797961,-22.9169517789868,2.48806289009794,TRUE
9577,6,-13.5705555555556,15.391541604497,6.28357054763934,-29.7229878682566,2.58187675714545,TRUE
9578,6,-8.95055555555555,12.9020271304192,5.26723051951204,-22.4904026531224,4.58929154201131,TRUE
9579,6,-18.0227777777778,14.3975419841439,5.87777190190843,-33.1320714628371,-2.91348409271846,TRUE
9580,6,-15.145,4.934568651643,2.01452921620982,-20.3235122105476,-9.96648778945237,TRUE
9581,6,-19.1444444444444,7.75918227841244,3.16767290055938,-27.2872068638598,-11.0016820250291,TRUE
9582,6,-19.4472222222222,6.32359581836744,2.58159718243294,-26.0834290463142,-12.8110153981302,TRUE
9583,6,-6.85277777777777,12.0788613180523,4.93117448384494,-19.5287653343029,5.82320977874731,TRUE
9584,6,-13.8472222222222,6.99996806871023,2.85772499735258,-21.1932381916606,-6.50120625278384,TRUE
9585,6,-11.6766666666667,12.466006221365,5.08922572878415,-24.7589378825322,1.40560454919885,TRUE
9586,6,-12.1933333333333,8.91842611924573,3.64093221681033,-21.552647554649,-2.83401911201764,TRUE
9587,6,-18.8622222222222,8.3083084698168,3.39185272944914,-27.5812572376976,-10.1431872067468,TRUE
9588,6,-13.2155555555555,20.1040120558246,8.20742855325529,-34.3134223118364,7.88231120072532,TRUE
9589,6,-16.6333333333333,6.04487036898044,2.46780799421193,-22.9770357370926,-10.2896309295741,TRUE
9590,6,-20.395,8.11930559428164,3.31469262861916,-28.915688661846,-11.874311338154,TRUE
9591,6,-8.51833333333333,16.0913527847861,6.56926726563986,-25.4051724398274,8.36850577316073,TRUE
9592,6,-5.97777777777778,12.25727696181,5.00401236540103,-18.8410010695772,6.88544551402161,TRUE
9593,6,-16.4294444444444,9.86763743347507,4.02844611313342,-26.7848948487049,-6.07399404018397,TRUE
9594,6,-13.7144444444445,4.22088651386921,1.72316970352908,-18.1439931840551,-9.28489570483379,TRUE
9595,6,-16.2266666666667,8.02966887375951,3.27809859070321,-24.6532873593533,-7.80004597397999,TRUE
9596,6,-12.6294444444444,8.7042207939384,3.55348325894536,-21.7639639631271,-3.49492492576177,TRUE
9597,6,-17.2305555555556,6.44112461424993,2.62957811243224,-23.9901012867607,-10.4710098243504,TRUE
9598,6,-10.7294444444444,14.6603373337976,5.98505765414644,-26.1145249354294,4.65563604654047,TRUE
9599,6,-16.3177777777778,9.88902212144955,4.0371763754411,-26.6956700357467,-5.93988551980883,TRUE
9600,6,-12.7605555555556,12.5159878940083,5.10963066119531,-25.8952793200346,0.374168208923463,TRUE
9601,6,-13.1727777777778,9.74894989596696,3.97999212884637,-23.4036732501657,-2.9418823053898,TRUE
9602,6,-13.7505555555556,10.770631347773,4.39709183494481,-25.0536399560894,-2.44747115502169,TRUE
9603,6,-12.55,12.9292247769668,5.27833391221974,-26.1183892771752,1.01838927717522,TRUE
9604,6,-15.23,8.95677298038876,3.65658725731663,-24.6295567840773,-5.83044321592266,TRUE
9605,6,-7.39222222222222,6.45940715087235,2.63704192675369,-14.1709542989466,-0.613490145497802,TRUE
9606,6,-12.9916666666667,9.32315081456431,3.80616038178265,-22.7757134075957,-3.20761992573761,TRUE
9607,6,-11.6983333333333,4.33020027763664,1.7677968607113,-16.2425998325727,-7.15406683409395,TRUE
9608,6,-15.5388888888889,7.71512588409337,3.14968695289462,-23.6354169579405,-7.4423608198373,TRUE
9609,6,-14.9944444444444,10.6472412006672,4.3467180183288,-26.1680388269935,-3.82085006189537,TRUE
9610,6,-13.13,9.3347925049843,3.81091308199472,-22.9262639457644,-3.33373605423557,TRUE
9611,6,-11.7972222222222,6.77356673373018,2.76529703938824,-18.9056445618125,-4.68879988263194,TRUE
9612,6,-27.0277777777778,6.2984670680577,2.5713384130775,-33.6376135957087,-20.4179419598469,FALSE
9613,6,-17.3722222222222,10.5953991412765,4.32555358620842,-28.4914117000011,-6.25303274444335,TRUE
9614,6,-17.8288888888889,5.32053199790592,2.17209809250337,-23.4124447906983,-12.2453329870794,TRUE
9615,6,-16.3933333333333,10.1523906325336,4.14469611985317,-27.0476138932602,-5.73905277340646,TRUE
9616,6,-10.4416666666667,7.41301640509599,3.02635127456101,-18.221150281308,-2.66218305202533,TRUE
9617,6,-12.5938888888889,6.79943638731808,2.77585828124039,-19.7294597649461,-5.45831801283169,TRUE
9618,6,-17.2022222222222,6.96521282012471,2.8435362265329,-24.5117647951215,-9.89267964932293,TRUE
9619,6,-9.77611111111111,11.6520324248446,4.7569223178723,-22.0041692149666,2.45194699274442,TRUE
9620,6,-19.0022222222222,9.13302838095926,3.72854322328456,-28.5867477053824,-9.41769673906206,TRUE
9621,6,-1.75611111111111,14.8167746402765,6.0489229170812,-17.3053624869243,13.793140264702,TRUE
9622,6,-19.5566666666667,17.3869928394763,7.09821010302363,-37.8031966230294,-1.31013671030396,TRUE
9623,6,-17.5144444444445,15.8033855257054,6.45170512441057,-34.099080446136,-0.929808442752915,TRUE
9624,6,-11.9483333333333,11.8143409558986,4.82318449820279,-24.3467237943361,0.450057127669423,TRUE
9625,6,-15.4644444444444,7.79618643716035,3.18277978510827,-23.6460403468742,-7.28284854201468,TRUE
9626,6,-15.685,11.5153329184276,4.70111497807032,-27.7696007698654,-3.60039923013463,TRUE
9627,6,-18.4855555555556,11.2042889935886,4.57413182749564,-30.2437357451218,-6.72737536598932,TRUE
9628,6,-14.1572222222222,12.3856945109476,5.05643861030203,-27.1552114668747,-1.1592329775697,TRUE
9629,6,-6.60666666666666,9.70535774141731,3.96219570627384,-16.7918149784504,3.57848164511706,TRUE
9630,6,-1.09111111111111,14.0299106937312,5.72768705607645,-15.8145994176705,13.6323771954482,TRUE
9631,6,-17.5438888888889,7.23754759467496,2.9547164326769,-25.1392292801842,-9.94854849759353,TRUE
9632,6,-12.3577777777778,8.54636106231227,3.48903729337591,-21.3266336679876,-3.38892188756798,TRUE
9633,6,-10.9772222222222,10.8082804504832,4.41246201676374,-22.3198169329503,0.365372488505828,TRUE
9634,6,-11.5244444444444,11.3566113229581,4.6363171580602,-23.442477115203,0.39358822631409,TRUE
9635,6,-13.7583333333333,11.7709857512256,4.80548481001233,-26.1112252973773,-1.40544136928942,TRUE
9636,6,-15.8444444444444,6.6605420755927,2.71915491592335,-22.8342546795982,-8.85463420929069,TRUE
9637,6,-11.3083333333333,6.36496757432606,2.59848713107653,-17.9879571526134,-4.62870951405327,TRUE
9638,6,-19.0294444444444,10.6395930199247,4.3435956616155,-30.1950125535419,-7.86387633534696,TRUE
9639,6,-19.0183333333333,9.37020235759198,3.82536909378739,-28.8517576404277,-9.18490902623893,TRUE
9640,6,-20.4411111111111,9.58342937149945,3.91241865769582,-30.4983034459886,-10.3839187762336,TRUE
9641,6,-14.2244444444444,9.15291275233474,3.73666098390555,-23.829837295603,-4.61905159328592,TRUE
9642,6,-18.1394444444445,3.76061426227547,1.53526434366798,-22.0859670791775,-14.1929218097114,FALSE
9643,6,-19.2677777777778,11.1242249501141,4.54144581861953,-30.9419359066476,-7.59361964890793,TRUE
9644,6,-23.8966666666667,14.081528168333,5.74875980184068,-38.6743241907145,-9.1190091426188,TRUE
9645,6,-14.0766666666667,8.10701781037749,3.3096761618467,-22.5844600901483,-5.56887324318502,TRUE
9646,6,-11.3755555555556,11.8731408681138,4.84718946184409,-23.8356527400597,1.08454162894862,TRUE
9647,6,-12.505,14.6064670228255,5.9630651917853,-27.8335470667185,2.82354706671848,TRUE
9648,6,-9.31111111111112,4.2896830583087,1.75125577518632,-13.8128573963583,-4.80936482586396,FALSE
9649,6,-9.60722222222223,7.80399083565344,3.18596591745117,-17.7970083385786,-1.41743610586586,TRUE
9650,6,-12.5461111111111,9.88927823827776,4.03728093469838,-22.9242721472076,-2.16795007501467,TRUE
9651,6,-9.95944444444445,11.1627398900025,4.55716947698627,-21.6740215239016,1.7551326350127,TRUE
9652,6,-14.5955555555556,10.9946289243969,4.48853846266958,-26.1337109962489,-3.05740011486219,TRUE
9653,6,-13.3494444444444,7.0306087666453,2.87023400990319,-20.7276158543272,-5.97127303456171,TRUE
9654,6,-17.3461111111111,6.51398987365455,2.65932523001839,-24.1821242424457,-10.5100979797765,TRUE
9655,6,-15.7633333333333,8.42482469319754,3.43942027845564,-24.6046446262506,-6.92202204041608,TRUE
9656,6,-11.2938888888889,11.5572869589645,4.71824264339758,-23.4225177241314,0.834739946353583,TRUE
9657,6,-12.9333333333333,9.88527906648175,4.03564827964939,-23.307297496017,-2.55936917064968,TRUE
9658,6,-9.83111111111111,10.1872544914748,4.15892923066491,-20.5219790471552,0.859756824933022,TRUE
9659,6,-13.7133333333333,6.80237148190084,2.77705652858615,-20.8519844022521,-6.57468226441453,TRUE
9660,6,-12.7555555555556,4.2923993117896,1.75236468102637,-17.2601523740126,-8.25095873709855,TRUE
9661,6,-21.0366666666667,7.53865800023083,3.07764424098596,-28.9480030490959,-13.1253302842374,TRUE
9662,6,-26.0116666666667,10.1053287922759,4.12548320402188,-36.616558854148,-15.4067744791853,FALSE
9663,6,-18.285,10.6967674764129,4.36693703573501,-29.5105690214279,-7.0594309785721,TRUE
9664,6,-16.8738888888889,5.80737975593379,2.37085285743442,-22.9683601791763,-10.7794175986015,TRUE
9665,6,-10.7155555555556,8.03714229663107,3.28114960281444,-19.1500191245557,-2.28109198655544,TRUE
9666,6,-13.9705555555556,5.46796546224428,2.23228755227668,-19.708833389355,-8.23227772175609,TRUE
9667,6,-11.9488888888889,9.75612347119414,3.98292072866938,-22.1873125667857,-1.71046521099204,TRUE
9668,6,-11.4255555555556,9.34362400943176,3.81451852858762,-21.231087596841,-1.62002351427006,TRUE
9669,6,-18.1,6.51834505240573,2.66110322429822,-24.9405836111342,-11.2594163888658,TRUE
9670,6,-15.1211111111111,5.26285966484495,2.14855346112417,-20.6441436111704,-9.5980786110518,TRUE
9671,6,-17.2138888888889,7.78257724141036,3.17722385420875,-25.3812028162683,-9.04657496150949,TRUE
9672,6,-6.92277777777778,11.7078703664893,4.77971806209178,-19.2094342076537,5.36387865209816,TRUE
9673,6,-15.8727777777778,6.97350299878577,2.84692067779891,-23.1910203596251,-8.55453519593047,TRUE
9674,6,-9.895,4.59261133658063,1.874925726924,-14.714650016798,-5.07534998320196,TRUE
9675,6,-11.0344444444444,10.9693246356812,4.47820803006,-22.5460446627174,0.477155773828466,TRUE
9676,6,-18.8444444444444,8.15922509029344,3.33098969462216,-27.4070260481319,-10.281862840757,TRUE
9677,6,-14.2277777777778,10.0707834113597,4.11138011131945,-24.7964168113319,-3.6591387442236,TRUE
9678,6,-15.1866666666667,13.0780353604388,5.33908557852511,-28.9112230737311,-1.46211025960223,TRUE
9679,6,-14.7633333333333,11.8810717810586,4.85042724349561,-27.2317535005387,-2.29491316612799,TRUE
9680,6,-15.7283333333333,9.14309107711634,3.73265130178815,-25.3234189684742,-6.13324769819247,TRUE
9681,6,-15.2194444444444,10.1541412277983,4.1454107973773,-25.8755621414332,-4.5633267474557,TRUE
9682,6,-15.8172222222222,8.86657002871314,3.61976205650026,-25.1221168139873,-6.5123276304571,TRUE
9683,6,-9.73388888888888,8.08524895972541,3.30078906578263,-18.2188373046567,-1.24894047312111,TRUE
9684,6,-10.9388888888889,14.8784481966615,6.07410104104222,-26.5528626928116,4.67508491503386,TRUE
9685,6,-16.0172222222222,9.41411196417772,3.84329511561096,-25.8967268354015,-6.13771760904294,TRUE
9686,6,-6.43055555555555,5.05813642303903,2.06497554763869,-11.7387441893487,-1.1223669217624,FALSE
9687,6,-23.5427777777778,8.50194054101549,3.47090269149499,-32.465017189796,-14.6205383657596,FALSE
9688,6,-13.0488888888889,12.6686338238566,5.17194810110212,-26.3438047324357,0.24602695465795,TRUE
9689,6,-22.2538888888889,12.1747999146993,4.97034125191559,-35.030557827977,-9.47721994980082,TRUE
9690,6,-9.65944444444445,9.35738173652027,3.82013509715217,-19.4794143348606,0.160525445971693,TRUE
9691,6,-13.4511111111111,10.668722024199,4.35548752781342,-24.6472482354488,-2.25497398677341,TRUE
9692,6,-22.3394444444444,6.46726746922674,2.64025088828437,-29.1264254193909,-15.552463469498,FALSE
9693,6,-19.9155555555556,8.51016585989739,3.47426066386704,-28.8464269103579,-10.9846842007532,TRUE
9694,6,-23.2411111111111,11.3508491442842,4.63396475846721,-35.1530967462057,-11.3291254760165,TRUE
9695,6,-15.6688888888889,8.61054616067908,3.51524075005741,-24.7051029088751,-6.63267486890273,TRUE
9696,6,-13.4988888888889,5.37624018422899,2.19484086433461,-19.1409069468597,-7.85687083091803,TRUE
9697,6,-16.1316666666667,9.54018279582618,3.89476331710879,-26.1434745037292,-6.11985882960417,TRUE
9698,6,-13.4261111111111,6.25570225799956,2.55387975247925,-19.9910680132336,-6.86115420898859,TRUE
9699,6,-17.2777777777778,11.2801951651096,4.60512039225475,-29.1156166090262,-5.43993894652935,TRUE
9700,6,-1.17944444444444,9.45071788376515,3.85823941970338,-11.0973646142699,8.73847572538106,FALSE
9701,6,-10.5838888888889,6.8468550498805,2.79521686916758,-17.7692225994353,-3.3985551783425,TRUE
9702,6,-11.4888888888889,7.23572515498748,2.95397242479001,-19.0823167470246,-3.89546103075312,TRUE
9703,6,-11.4144444444444,13.0854940324802,5.34213056863511,-25.1468282477753,2.31793935888646,TRUE
9704,6,-14.0361111111111,9.61521743364633,3.92539607972444,-24.1266629713288,-3.94555925089345,TRUE
9705,6,-7.41,9.57621033835643,3.90947149975638,-17.4596164242116,2.63961642421161,TRUE
9706,6,-20.495,18.665758043362,7.62026381141464,-40.0835117363792,-0.90648826362078,TRUE
9707,6,-20.4233333333333,3.69182700930943,1.50718206523889,-24.2976681732333,-16.5489984934334,FALSE
9708,6,-18.8666666666667,8.31455778205378,3.39440400048646,-27.5922599331284,-10.1410734002049,TRUE
9709,6,-14.4038888888889,12.8588085531828,5.24958660923898,-27.8983808711982,-0.909396906579536,TRUE
9710,6,-13.3055555555556,12.9681409044827,5.29422135474957,-26.9147848039127,0.303673692801581,TRUE
9711,6,-13.5283333333333,12.4451382296685,5.08070640684862,-26.5887049349794,-0.467961731687236,TRUE
9712,6,-13.5533333333333,8.99570168963427,3.67247983631608,-22.9937432923081,-4.1129233743586,TRUE
9713,6,-9.90944444444444,10.1086962378751,4.12685795793098,-20.517870549353,0.69898166046411,TRUE
9714,6,-9.52388888888888,9.08118969608588,3.70738016880511,-19.0540130086176,0.00623523083981503,TRUE
9715,6,-4.57722222222222,9.51123999782869,3.88294746930508,-14.5586564555479,5.40421201110341,TRUE
9716,6,-16.0722222222222,12.4529039302605,5.08387674083955,-29.1407434268383,-3.00370101760613,TRUE
9717,6,-10.9522222222222,6.39360328476541,2.61017761090962,-17.6618973766111,-4.24254706783338,TRUE
9718,6,-11.2377777777778,7.92863745241588,3.23685268565654,-19.5583724961571,-2.91718305939846,TRUE
9719,6,-18.7677777777778,7.98578644750692,3.26018366520419,-27.1483466883899,-10.3872088671657,TRUE
9720,6,-6.96611111111112,11.2117760346812,4.57718839922231,-18.7321484684372,4.79992624621501,TRUE
9721,6,-16.8888888888889,5.95228085757111,2.43000848446418,-23.1354245594946,-10.6423532182831,TRUE
9722,6,-15.6238888888889,5.26966894033588,2.15133333620264,-21.1540672853303,-10.0937104924475,TRUE
9723,6,-18.8627777777778,13.487412307064,5.50621301714014,-33.0169489427824,-4.70860661277312,TRUE
9724,6,-16.6216666666667,9.92072706788951,4.05011986562447,-27.0328312253907,-6.21050210794263,TRUE
9725,6,-15.0588888888889,7.90386056632148,3.22673756426549,-23.3534818599551,-6.76429591782267,TRUE
9726,6,-12.7455555555556,17.3028788441778,7.06387070823893,-30.903813287438,5.41270217632685,TRUE
9727,6,-21.7738888888889,4.21713826963086,1.72163948922653,-26.1995040874088,-17.348273690369,FALSE
9728,6,-17.5322222222222,6.8099321800071,2.78014317066275,-24.6788077571962,-10.3856366872482,TRUE
9729,6,-9.01166666666667,8.24106944246653,3.36440251148094,-17.6601386504488,-0.363194682884568,TRUE
9730,6,-6.80888888888889,9.44098857033442,3.8542674441279,-16.7165987704485,3.09882099267069,TRUE
9731,6,-6.47277777777777,7.58251099326357,3.0955471504233,-14.4301350540117,1.48457949845612,TRUE
9732,6,-12.9233333333333,9.61509669449269,3.92534678817138,-23.01375848558,-2.83290818108663,TRUE
9733,6,-15.3383333333333,13.4225867270226,5.47974808490993,-29.4244742242657,-1.25219244240098,TRUE
9734,6,-22.05,8.89705144665605,3.63220604326637,-31.386882878109,-12.713117121891,TRUE
9735,6,-12.3066666666667,19.1395653033187,7.81369481530132,-32.3924086280859,7.77907529475254,TRUE
9736,6,-18.8194444444444,8.79642387353879,3.59112500856772,-28.0507251609679,-9.58816372792096,TRUE
9737,6,-15.8927777777778,7.49070043206662,3.05806564576812,-23.7537857789727,-8.03176977658282,TRUE
9738,6,-12.0422222222222,9.25669071336852,3.77902815908541,-21.7565233643253,-2.32792108011912,TRUE
9739,6,-4.62944444444445,4.15218786594177,1.69512359795552,-8.98689837450739,-0.271990514381503,FALSE
9740,6,-10.1805555555556,10.4958542962165,4.2849145733882,-21.1952791251606,0.834168014049473,TRUE
9741,6,-12.2561111111111,7.61971111049542,3.11073403468826,-20.2525075161764,-4.25971470604581,TRUE
9742,6,-9.09222222222222,9.21765520115649,3.76309197795747,-18.7655581065884,0.581113662143986,TRUE
9743,6,-17.5844444444444,11.5817140674747,4.72821496868781,-29.738707957937,-5.43018093095185,TRUE
9744,6,-17.2211111111111,11.23678773131,4.58739938161261,-29.0133966342937,-5.42882558792848,TRUE
9745,6,-9.04277777777777,14.2429421768064,5.81465679485688,-23.9898289150961,5.9042733595406,TRUE
9746,6,-14.9816666666667,11.6316321105662,4.74859392444324,-27.1883159536534,-2.77501737967991,TRUE
9747,6,-15.0188888888889,10.085417121692,4.11735429854574,-25.6028850596097,-4.43489271816811,TRUE
9748,6,-12.5338888888889,4.75138128064609,1.93974328516577,-17.5201577435335,-7.54762003424426,TRUE
9749,6,-13.9355555555556,5.23279685856073,2.13628037185209,-19.4270390752649,-8.44407203584618,TRUE
9750,6,-11.8227777777778,13.811185067291,5.6383926930016,-26.3167276165922,2.67117206103666,TRUE
9751,6,-9.80333333333333,10.1034887263977,4.12473200027276,-20.4062944901023,0.799627823435662,TRUE
9752,6,-21.7016666666667,9.86066501025385,4.02559963327297,-32.0497999615024,-11.353533371831,TRUE
9753,6,-10.0688888888889,7.89352073726482,3.22251634672941,-18.3526308748326,-1.78514690294516,TRUE
9754,6,-13.6272222222222,7.27081240047926,2.96829673277911,-21.2574718862828,-5.99697255816162,TRUE
9755,6,-3.23722222222222,12.1297704323182,4.95195804271302,-15.9666356176535,9.49219117320902,TRUE
9756,6,-18.3427777777778,12.4575848232966,5.0857877074194,-31.4162112783725,-5.26934427718302,TRUE
9757,6,-12.3744444444444,6.77745434565275,2.76688415030962,-19.4869465825404,-5.26194230634853,TRUE
9758,6,-12.4988888888889,16.0072377611111,6.53492745102219,-29.2974546916876,4.29967691390988,TRUE
9759,6,-14.9611111111111,13.8234421933929,5.64339664377867,-29.4679240148995,-0.454298207322729,TRUE
9760,6,-13.045,9.92609462197719,4.05231116040473,-23.4617974612827,-2.62820253871728,TRUE
9761,6,-8.60944444444444,13.228551179033,5.40053340415396,-22.4919575159097,5.27306862702087,TRUE
9762,6,-10.8838888888889,14.3125457657363,5.84307234104765,-25.9039845130949,4.13620673531715,TRUE
9763,6,-8.12833333333333,4.7034751927579,1.9201857066826,-13.0643278319801,-3.19233883468656,FALSE
9764,6,-13.2983333333333,7.34131709345582,2.99708015315647,-21.0025731349835,-5.5940935316832,TRUE
9765,6,-17.3755555555556,3.32385496853455,1.35695810865405,-20.8637274213811,-13.88738368973,TRUE
9766,6,-20.1638888888889,14.264830476333,5.82359265571976,-35.1339103878271,-5.19386738995063,TRUE
9767,6,-22.7411111111111,14.8065004743287,6.04472850639707,-38.2795804110084,-7.20264181121378,TRUE
9768,6,-14.8611111111111,4.66393809119702,1.90404475256048,-19.7556139662817,-9.96660825594051,TRUE
9769,6,-17.7894444444444,7.83155509366979,3.19721897866425,-26.0081574755504,-9.57073141333843,TRUE
9770,6,-4.97222222222222,14.6309428065114,5.97305738863283,-20.326455048655,10.3820106042106,TRUE
9771,6,-15.54,6.87878800694166,2.80825344429726,-22.7588452937736,-8.32115470622635,TRUE
9772,6,-14.275,10.7182724043259,4.37571638579203,-25.5231370592132,-3.02686294078682,TRUE
9773,6,-14.3433333333333,6.9382332044981,2.83252184457596,-21.6245625360434,-7.06210413062331,TRUE
9774,6,-13.8911111111111,6.4912774523173,2.65005292283516,-20.7032890180261,-7.07893320419613,TRUE
9775,6,-20.7311111111111,9.54999887531504,3.89877071477918,-30.7532202918333,-10.7090019303889,TRUE
9776,6,-5.37777777777778,7.91833250309872,3.2326457077145,-13.6875581150764,2.93200255952079,FALSE
9777,6,-11.8427777777778,14.6976387244371,6.00028588310693,-27.2670036775175,3.5814481219619,TRUE
9778,6,-18.7927777777778,10.0473440197821,4.10181101977838,-29.3368186784329,-8.24873687712262,TRUE
9779,6,-12.8077777777778,12.3236963550654,5.03112796915118,-25.7407039480396,0.12514839248408,TRUE
9780,6,-9.09166666666667,12.1461838085512,4.95865877550088,-21.8383048440878,3.65497151075449,TRUE
9781,6,-19.8094444444444,9.24081030998825,3.77254501155354,-29.5070801252644,-10.1118087636245,TRUE
9782,6,-7.23333333333334,6.28427066394962,2.56554275536964,-13.8282709388349,-0.638395727831812,FALSE
9783,6,-20.2216666666667,9.99174164553463,4.0791114455461,-30.7073564541237,-9.73597687920968,TRUE
9784,6,-14.8983333333333,15.3106126954838,6.2505314588856,-30.965835964618,1.16916929795133,TRUE
9785,6,-11.3922222222222,13.5829295918184,5.54520778535089,-25.6466326300743,2.86218818562982,TRUE
9786,6,-12.5655555555556,6.12075146681505,2.49878632268142,-18.9888902877769,-6.14222082333422,TRUE
9787,6,-21.3272222222222,14.7587773381984,6.0252456176563,-36.8156091622168,-5.83883528222764,TRUE
9788,6,-15.6,7.73870847679953,3.15931450605161,-23.7212764823186,-7.47872351768141,TRUE
9789,6,-13.4344444444444,5.2959949927245,2.16208090208496,-18.9922503385202,-7.87663855036868,TRUE
9790,6,-13.9094444444444,10.3547299802053,4.22730081263373,-24.7760671271713,-3.04282176171754,TRUE
9791,6,-15.1738888888889,7.49581021242807,3.06015170486533,-23.0402592757072,-7.30751850207058,TRUE
9792,6,-9.46722222222222,12.8532732392556,5.247326826791,-22.9559052488183,4.02146080437386,TRUE
9793,6,-21.0938888888889,3.67652095006901,1.50093339272025,-24.9521610047156,-17.2356167730622,FALSE
9794,6,-10.4511111111111,8.46999453408368,3.45786078877793,-19.3398252449027,-1.56239697731952,TRUE
9795,6,-10.1772222222222,4.86373400984455,1.98561109478999,-15.2813980351273,-5.07304640931715,TRUE
9796,6,-17.5805555555556,13.3241982734283,5.43958116692866,-31.5634440967317,-3.59766701437936,TRUE
9797,6,-5.75222222222223,7.50382115004428,3.06342215645216,-13.626999572484,2.12255512803952,FALSE
9798,6,-9.14944444444445,10.5901244178331,4.32340018937998,-20.2630984394512,1.96420955056234,TRUE
9799,6,-10.5544444444444,14.4472299023672,5.8980569095798,-25.7158824017595,4.60699351287063,TRUE
9800,6,-20.9155555555555,15.8107761657347,6.45472234056797,-37.5079475582955,-4.32316355281562,TRUE
9801,6,-13.0333333333333,15.760857703677,6.43434321377036,-29.5733391229012,3.50667245623453,TRUE
9802,6,-8.16333333333333,8.36326996123194,3.41429066436072,-16.9400468967216,0.613380230054972,TRUE
9803,6,-16.6466666666667,12.3968893947904,5.06100890249278,-29.6564042214083,-3.63692911192507,TRUE
9804,6,-15.8394444444444,12.1376251414383,4.95516471428338,-28.5771008515673,-3.10178803732159,TRUE
9805,6,-3.08222222222222,7.56534692357687,3.0885399483163,-11.0215669120012,4.85712246755679,FALSE
9806,6,-10.1611111111111,5.08883469160852,2.07750806330238,-15.5015156020242,-4.82070662019804,TRUE
9807,6,-18.4577777777778,15.2984841175947,6.24557998769659,-34.5125522471643,-2.40300330839125,TRUE
9808,6,-8.57166666666667,6.76803163572852,2.76303734509151,-15.6742802771437,-1.46905305618964,TRUE
9809,6,-17.68,6.28031209415584,2.56392667601864,-24.2707833412769,-11.0892166587231,TRUE
9810,6,-14.575,10.8323389800069,4.4222838703129,-25.9428425890538,-3.20715741094621,TRUE
9811,6,-10.4633333333333,14.4222981679219,5.88787857161423,-25.5986070399572,4.6719403732905,TRUE
9812,6,-12.6066666666667,9.85257033581705,4.02229499627228,-22.946305121655,-2.26702821167831,TRUE
9813,6,-16.8066666666667,4.11000621789203,1.67790301225027,-21.1198536719167,-12.4934796614167,TRUE
9814,6,-15.8194444444444,7.90759955617004,3.22826400047922,-24.117961244715,-7.52092764417393,TRUE
9815,6,-18.8083333333333,6.63792964711136,2.70992343065261,-25.7744132801342,-11.8422533865325,TRUE
9816,6,-9.86833333333333,8.48413781385266,3.46363475856516,-18.7718899289795,-0.964776737687153,TRUE
9817,6,-12.0111111111111,7.72777750619058,3.1548519559874,-20.120916243294,-3.90130597892821,TRUE
9818,6,-13.4938888888889,9.30140763938846,3.79728376768786,-23.2551175668639,-3.73266021091386,TRUE
9819,6,-12.9433333333333,11.0104182986438,4.49498444771338,-24.4980587060931,-1.38860796057358,TRUE
9820,6,-8.40555555555555,11.1769066813212,4.56295304532351,-20.1349997707256,3.32388865961448,TRUE
9821,6,-13.1466666666667,5.29683763097274,2.16242490770928,-18.7053568553517,-7.58797647798167,TRUE
9822,6,-11.5116666666667,11.27001779551,4.60096549851425,-23.3388250035368,0.315491670203446,TRUE
9823,6,-14.7827777777778,9.92986548340503,4.05385060813622,-25.203532515436,-4.36202304011958,TRUE
9824,6,-20.0116666666667,13.2536245357009,5.41076955914981,-33.9204926122311,-6.10284072110226,TRUE
9825,6,-16.4666666666667,13.8175886302768,5.64100693664343,-30.9673366327007,-1.96599670063263,TRUE
9826,6,-21.4966666666667,8.45887095171559,3.45331960529232,-30.3737073166779,-12.6196260166555,TRUE
9827,6,-22.0605555555556,9.80579362002477,4.00319848201657,-32.3511048578742,-11.7700062532369,TRUE
9828,6,-13.3638888888889,10.6768146345594,4.35879132215841,-24.5685186869585,-2.15925909081929,TRUE
9829,6,-12.5783333333333,3.73335223209503,1.52413466645224,-16.4962462219791,-8.66042044468758,TRUE
9830,6,-15.1272222222222,10.5224892316234,4.29578824023464,-26.1698974423095,-4.08454700213496,TRUE
9831,6,-12.5116666666667,13.733589115741,5.60671427843439,-26.9241845484129,1.90085121507953,TRUE
9832,6,-14.0333333333333,10.1175062803703,4.13045464271859,-24.6510050108254,-3.41566165584124,TRUE
9833,6,-13.4755555555556,7.56305983541543,3.08760624848426,-21.4125000935064,-5.53861101760474,TRUE
9834,6,-6.56833333333333,8.61333017285804,3.5163773182701,-15.607468994922,2.47080232825533,TRUE
9835,6,-16.3033333333333,8.94136032404714,3.65029506671366,-25.6867155265403,-6.91995114012635,TRUE
9836,6,-16.515,12.6346276821546,5.15806515188701,-29.7742285864694,-3.2557714135306,TRUE
9837,6,-15.7905555555556,13.7372724798333,5.60821800552822,-30.2069388908549,-1.37417222025621,TRUE
9838,6,-18.1861111111111,13.5204969364076,5.5197197605103,-32.3750024652817,-3.9972197569405,TRUE
9839,6,-17.2416666666667,12.1092973922244,4.94359995909414,-29.9495949241665,-4.53373840916686,TRUE
9840,6,-15.7744444444444,9.43593807776457,3.85220558917025,-25.6768541591022,-5.87203472978671,TRUE
9841,6,-18.5844444444444,9.35109421206753,3.81756822604309,-28.3978159826132,-8.77107290627573,TRUE
9842,6,-12.6238888888889,9.02080297403154,3.68272739275971,-22.0906410303173,-3.1571367474605,TRUE
9843,6,-8.29666666666666,7.45062115233056,3.04170334833285,-16.1156140432852,-0.477719290048089,TRUE
9844,6,-14.1688888888889,8.05940793708176,3.29023951246452,-22.6267188145231,-5.71105896325472,TRUE
9845,6,-10.8844444444444,10.4517419423572,4.2669057803368,-21.8528749377498,0.0839860488609272,TRUE
9846,6,-17.6505555555556,4.80404894815782,1.96124477039015,-22.6920957375572,-12.6090153735539,TRUE
9847,6,-7.23722222222222,10.7781062893806,4.40014346707743,-18.5481510928853,4.07370664844081,TRUE
9848,6,-11.6955555555555,11.4140349602616,4.65976025982157,-23.6738506378728,0.282739526761727,TRUE
9849,6,-13.0366666666667,11.7636160351408,4.80247613601953,-25.3818245879953,-0.691508745337995,TRUE
9850,6,-14.7472222222222,12.5898035315474,5.13976576903012,-27.9594107475164,-1.53503369692808,TRUE
9851,6,-9.87222222222221,13.3877852564968,5.46554044406215,-23.921841209664,4.17739676521957,TRUE
9852,6,-14.3022222222222,12.2883098316456,5.01668148145961,-27.1980125136354,-1.40643193080909,TRUE
9853,6,-13.3438888888889,8.11277659461137,3.31202717566533,-21.857725785788,-4.83005199198974,TRUE
9854,6,-12.6105555555556,14.685244660568,5.99522602772046,-28.0217746829478,2.8006635718367,TRUE
9855,6,-9.64722222222223,9.13654600836459,3.72997928865928,-19.2354392289494,-0.0590052154950342,TRUE
9856,6,-15.7711111111111,8.855846447195,3.61538417267783,-25.0647519942438,-6.47747022797845,TRUE
9857,6,-13.3838888888889,7.24572714445223,2.95805571989023,-20.9878131912388,-5.77996458653896,TRUE
9858,6,-19.6094444444444,15.565003111206,6.35438591121455,-35.9439134444359,-3.27497544445301,TRUE
9859,6,-15.7177777777778,9.07624192093883,3.70536024805973,-25.242709525929,-6.19284602962658,TRUE
9860,6,-10.6455555555556,7.94687238734464,3.24429706666793,-18.9852866645403,-2.30582444657081,TRUE
9861,6,-11.6361111111111,9.3037931133649,3.79825763336068,-21.3998431904951,-1.87237903172717,TRUE
9862,6,-20.9511111111111,7.53657413083887,3.07679350486914,-28.8602606067315,-13.0419616154907,TRUE
9863,6,-18.1433333333333,11.8340067414023,4.83121302151533,-30.5623617705303,-5.72430489613639,TRUE
9864,6,-11.8088888888889,10.8817544881669,4.44245766704161,-23.2285898733693,-0.389187904408441,TRUE
9865,6,-14.3533333333333,11.6817793545713,4.76906645107979,-26.6126089254216,-2.09405774124508,TRUE
9866,6,-16.1255555555555,6.67422660244173,2.72474160061527,-23.1297268208998,-9.12138429021131,TRUE
9867,6,-8.97777777777779,9.86786786982357,4.02854018837875,-19.3334700101551,1.37791445459953,TRUE
9868,6,-12.425,6.91517260972004,2.82310739618074,-19.6820285926727,-5.16797140732727,TRUE
9869,6,-18.0077777777778,4.4073749640885,1.79930329452236,-22.6330341434775,-13.382521412078,TRUE
9870,6,-14.0044444444444,11.7078280871611,4.77970080162833,-26.2910565048865,-1.71783238400234,TRUE
9871,6,-18.1894444444444,5.35059847812131,2.18437268165157,-23.8045531821582,-12.5743357067307,TRUE
9872,6,-15.48,11.8001647822769,4.81739709955644,-27.8635134791669,-3.09648652083315,TRUE
9873,6,-15.5611111111111,5.88781063503864,2.40368862632948,-21.7399894324793,-9.38223278974296,TRUE
9874,6,-16.5894444444445,7.63009929065049,3.1149749914776,-24.5967425759981,-8.58214631289076,TRUE
9875,6,-15.2238888888889,8.36682932555475,3.41574376876064,-24.0043377760529,-6.44344000172486,TRUE
9876,6,-15.9666666666667,3.03070142229667,1.23727867455901,-19.1471927531082,-12.7861405802251,TRUE
9877,6,-7.53222222222222,5.10746802531642,2.08511508993427,-12.8921811976184,-2.17226324682601,FALSE
9878,6,-5.94055555555555,8.8223210391891,3.60169748217232,-15.1990136806848,3.31790256957366,TRUE
9879,6,-9.62055555555556,12.5709593758643,5.13207267468726,-22.8129683522721,3.57185724116098,TRUE
9880,6,-11.07,6.399449281861,2.61256422922995,-17.7858101520917,-4.35418984790831,TRUE
9881,6,-14.3488888888889,6.5800883704524,2.68630982833834,-21.2542681385067,-7.44350963927105,TRUE
9882,6,-9.39777777777778,8.19050036910422,3.34375777373044,-17.993180773697,-0.802374781858596,TRUE
9883,6,-15.7977777777778,5.1367281703723,2.09706049413206,-21.1884433922242,-10.4071121633314,TRUE
9884,6,-17.9988888888889,11.4278903791784,4.66541671090801,-29.9917243416231,-6.00605343615463,TRUE
9885,6,-14.1316666666667,13.3972552329863,5.46940654577469,-28.1912237849454,-0.0721095483879086,TRUE
9886,6,-16.3622222222222,11.3729618279822,4.64299222378452,-28.2974136956834,-4.42703074876109,TRUE
9887,6,-10.4894444444444,9.62863655206966,3.9308744118803,-20.5940788057915,-0.384810083097358,TRUE
9888,6,-17.7727777777778,7.37681093899184,3.01157045491854,-25.5142660859304,-10.0312894696252,TRUE
9889,6,-15.9672222222222,4.28782328443214,1.75049652568057,-20.4670167944812,-11.4674276499633,TRUE
9890,6,-11.4127777777778,10.9952956438786,4.48881064975821,-22.9516328976571,0.126077342101517,TRUE
9891,6,-10.9772222222222,10.5797465663128,4.31916344923812,-22.079985329978,0.125540885533592,TRUE
9892,6,-10.8344444444444,6.63284509649323,2.70784767155498,-17.7951884826137,-3.87370040627513,TRUE
9893,6,-11.1761111111111,9.71828183640771,3.96747194595946,-21.3748224287912,-0.977399793431072,TRUE
9894,6,-8.13944444444444,6.35998127763375,2.59645148397615,-14.8138354662645,-1.46505342262438,TRUE
9895,6,-22.7977777777778,11.5317460693256,4.70781561886557,-34.8996030931585,-10.695952462397,TRUE
9896,6,-21.4494444444444,9.2635820805433,3.78184154795348,-31.1709776328684,-11.7279112560205,TRUE
9897,6,-11.7761111111111,7.94217614082261,3.24237983205371,-20.1109138116219,-3.44130841060031,TRUE
9898,6,-12.05,14.411935331523,5.88364796137,-27.1743985767763,3.07439857677634,TRUE
9899,6,-16.6377777777778,4.88039828368622,1.99241425609767,-21.7594416735653,-11.5161138819903,TRUE
9900,6,-17.3783333333333,11.8169713641957,4.82425835789333,-29.7794842385506,-4.97718242811607,TRUE
9901,6,-20.0077777777778,8.81166012020857,3.59734518022375,-29.2550479545748,-10.7605076009808,TRUE
9902,6,-14.7905555555556,7.61450645272027,3.1086092420491,-22.7814900072581,-6.79962110385296,TRUE
9903,6,-14.8461111111111,4.42845567095682,1.80790945706312,-19.4934903219127,-10.1987319003095,TRUE
9904,6,-11.4877777777778,14.6417706377134,5.9774778322105,-26.8533737161768,3.87781816062126,TRUE
9905,6,-13.7961111111111,16.4433034551613,6.71295052514812,-31.0522997945821,3.4600775723599,TRUE
9906,6,-13.0355555555556,4.96405733097284,2.02656791913427,-18.2450142371654,-7.82609687394572,TRUE
9907,6,-19.2694444444444,12.6161808654454,5.15053427050097,-32.5093142840166,-6.02957460487232,TRUE
9908,6,-17.9388888888889,11.5324796729674,4.70811511129821,-30.0414840740769,-5.83629370370087,TRUE
9909,6,-9.36944444444444,6.28786358936949,2.56700956103006,-15.9681525939331,-2.77073629495581,TRUE
9910,6,-10.7611111111111,7.4332339804023,3.03460506511714,-18.5618117698312,-2.96041045239105,TRUE
9911,6,-15.8627777777778,8.28197142839437,3.38110067731256,-24.5541737633351,-7.17138179222048,TRUE
9912,6,-9.39555555555555,6.21497248288059,2.53725189141595,-15.9177691800633,-2.87334193104782,TRUE
9913,6,-13.8372222222222,10.3689235306846,4.23309530535252,-24.7187401226788,-2.95570432176568,TRUE
9914,6,-13.8233333333333,3.61393168477522,1.47538143216267,-17.6159220434858,-10.0307446231809,TRUE
9915,6,-8.72888888888889,8.38915666975111,3.42485886885941,-17.5327688867968,0.0749911090190292,TRUE
9916,6,-10.4666666666667,11.416835132577,4.66090342538233,-22.4479003496096,1.51456701627623,TRUE
9917,6,-16.3555555555556,13.4940750235331,5.50893305974851,-30.5167188126815,-2.19439229842965,TRUE
9918,6,-19.2416666666667,14.6595834032061,5.98474986327131,-34.6259559560188,-3.85737737731453,TRUE
9919,6,-18.3988888888889,10.7414759314158,4.38518918605924,-29.6713765564016,-7.12640122137622,TRUE
9920,6,-18.7616666666667,10.8475920010951,4.42851089009655,-30.1455163196665,-7.37781701366689,TRUE
9921,6,-17.185,5.56738907488161,2.27287707216761,-23.0276165163483,-11.3423834836517,TRUE
9922,6,-19.2188888888889,6.06421733217502,2.47570635886178,-25.5828946853483,-12.8548830924295,TRUE
9923,6,-14.6261111111111,14.5769506667458,5.95101518987504,-29.9236826617997,0.671460439577467,TRUE
9924,6,-12.5516666666667,11.3461597517006,4.63205032196167,-24.4587310860547,-0.644602247278666,TRUE
9925,6,-13.3188888888889,11.0621544348622,4.51610563687972,-24.9279080068667,-1.7098697709111,TRUE
9926,6,-14.9572222222222,6.39261950017942,2.6097759825342,-21.6658649580046,-8.24857948643988,TRUE
9927,6,-8.57944444444445,10.8667460971875,4.43633051708167,-19.9833950885336,2.82450619964474,TRUE
9928,6,-13.7844444444444,4.34053691848609,1.77201677666723,-18.339558582988,-9.22933030590085,TRUE
9929,6,-18.66,14.5691294638126,5.9478221971482,-33.9493637015836,-3.37063629841636,TRUE
9930,6,-12.4744444444444,3.07877224206639,1.2569035045512,-15.7054177623914,-9.24347112649751,TRUE
9931,6,-14.5311111111111,4.58305849681031,1.87102579641869,-19.340736037392,-9.72148618483025,TRUE
9932,6,-8.96333333333334,7.64166212286306,3.1196954979613,-16.982765913109,-0.943900753557644,TRUE
9933,6,-16.9594444444444,9.66649986446126,3.94633204443547,-27.1038139152598,-6.8150749736291,TRUE
9934,6,-17.9494444444444,9.64149352576701,3.93612324941279,-28.0675713722107,-7.83131751667816,TRUE
9935,6,-8.40944444444445,10.0200950132259,4.09068665943495,-18.9248892664677,2.10600037757882,TRUE
9936,6,-16.7783333333333,8.00690778154851,3.26880641371898,-25.1810677246508,-8.37559894201584,TRUE
9937,6,-12.4694444444444,13.0358087021296,5.32184661745837,-26.1496866913255,1.2107978024366,TRUE
9938,6,-16.1844444444444,7.21044941322943,2.94365364642708,-23.7513470383545,-8.61754185053439,TRUE
9939,6,-11.5722222222222,7.70606937323985,3.1459896478211,-19.659246066011,-3.48519837843341,TRUE
9940,6,-19.7494444444444,10.3492671595983,4.22507062545982,-30.610334248532,-8.88855464035686,TRUE
9941,6,-14.5494444444445,9.73715345506105,3.97517625201297,-24.7679603113218,-4.33092857756707,TRUE
9942,6,-13.7222222222222,7.44551189693545,3.03961750355225,-21.5358077641358,-5.9086366803086,TRUE
9943,6,-19.5483333333333,19.3055073028973,7.88144035294546,-39.808220743266,0.71155407659932,TRUE
9944,6,-15.0905555555556,8.57312789195704,3.49996480581952,-24.0875015107616,-6.09360960034951,TRUE
9945,6,-11.01,8.79449246845875,3.5903365157456,-20.2392538311974,-1.78074616880258,TRUE
9946,6,-18.5988888888889,13.7770194594181,5.62444464199482,-33.0569841211427,-4.14079365663502,TRUE
9947,6,-21.3511111111111,4.34615726394743,1.77431127309364,-25.9121234404904,-16.7900987817319,FALSE
9948,6,-14.7527777777778,10.1919023230682,4.16082669996727,-25.4485233139442,-4.05703224161133,TRUE
9949,6,-12.3738888888889,13.1395929949932,5.36421637759692,-26.1630460715624,1.41526829378457,TRUE
9950,6,-15.9361111111111,5.84845104533069,2.38762014111785,-22.0736840762681,-9.79853814595417,TRUE
9951,6,-18.7283333333333,14.5793678799109,5.95200201301738,-34.0284415936666,-3.42822507300007,TRUE
9952,6,-16.4477777777778,7.52346127986512,3.071440205876,-24.3431661802457,-8.55238937530987,TRUE
9953,6,-15.7466666666667,12.406939276962,5.06511174970869,-28.7669509259359,-2.72638240739744,TRUE
9954,6,-12.9683333333333,11.6766611951648,4.76697697125174,-25.2222377465297,-0.71442892013699,TRUE
9955,6,-11.475,12.5941313934529,5.14153261125441,-24.6917303378223,1.74173033782233,TRUE
9956,6,-14.1922222222222,11.5112197764069,4.69943579487192,-26.2725065142591,-2.11193793018536,TRUE
9957,6,-6.79444444444444,10.4593640483682,4.27001749208549,-17.7708738474487,4.18198495855985,TRUE
9958,6,-18.2122222222222,5.67801908597891,2.31804158507208,-24.1709378150581,-12.2535066293863,TRUE
9959,6,-13.0761111111111,11.3273261367106,4.62436153083874,-24.9634108637005,-1.18881135852171,TRUE
9960,6,-15.0677777777778,2.72967288774206,1.11438428994625,-17.9323937914321,-12.2031617641235,TRUE
9961,6,-12.5911111111111,7.60562676697448,3.10498412552353,-20.572726904121,-4.60949531810123,TRUE
9962,6,-18.45,4.38002739717458,1.78813869708141,-23.0465568543159,-13.8534431456841,TRUE
9963,6,-12.415,11.6571585541055,4.75901505137978,-24.6484376465967,-0.18156235340332,TRUE
9964,6,-9.86666666666667,10.5639466530691,4.31271316166689,-20.9528487823572,1.21951544902389,TRUE
9965,6,-12.6694444444444,16.208079112545,6.61692058939956,-29.6787803194029,4.33989143051399,TRUE
9966,6,-19.235,9.33578699890314,3.81131908243697,-29.0323076031265,-9.43769239687347,TRUE
9967,6,-19.0016666666667,14.6393126356549,5.97647435707213,-34.3646830901025,-3.63865024323083,TRUE
9968,6,-17.2838888888889,9.08112729582418,3.70735469400494,-26.813947523559,-7.75383025421875,TRUE
9969,6,-5.725,8.12045531016854,3.31516199816451,-14.2468952146735,2.79689521467346,TRUE
9970,6,-18.6894444444445,9.28615442872204,3.7910566705092,-28.4346658595233,-8.94422302936561,TRUE
9971,6,-16.6683333333333,12.274704386574,5.0111270817681,-29.5498455857916,-3.78682108087504,TRUE
9972,6,-19.305,6.52004797187533,2.66179843826048,-26.1473707155175,-12.4626292844825,TRUE
9973,6,-16.7011111111111,15.3788526759843,6.2783903142662,-32.8402272099988,-0.561995012223456,TRUE
9974,6,-18.2027777777778,4.6441999271094,1.89598668081481,-23.0765667000887,-13.3289888554668,TRUE
9975,6,-13.7211111111111,10.410556963789,4.25009208324354,-24.6463206200786,-2.79590160214357,TRUE
9976,6,-12.8772222222222,9.78111296022803,3.99312264484703,-23.141870760534,-2.61257368391042,TRUE
9977,6,-11.9616666666667,11.3111777066365,4.61776896186732,-23.832019681208,-0.0913136521253683,TRUE
9978,6,-9.19944444444445,7.60476967776487,3.10463422031893,-17.1801607774912,-1.2187281113977,TRUE
9979,6,-11.7633333333333,12.3671099651005,5.0488515012309,-24.7418192932226,1.21515262655594,TRUE
9980,6,-21.1111111111111,8.10305337968805,3.30805768979508,-29.6147441197354,-12.6074781024869,TRUE
9981,6,-11.2261111111111,7.26317788319707,2.96517995415014,-18.8483488406424,-3.60387338157984,TRUE
9982,6,-17.2383333333333,8.84018344455211,3.60898977862534,-26.5155369032648,-7.96112976340191,TRUE
9983,6,-14.7277777777778,8.91775000687871,3.64065619509234,-24.0863824626789,-5.3691730928766,TRUE
9984,6,-16.6411111111111,16.8083284470879,6.86197135407876,-34.2803700305627,0.998147808340462,TRUE
9985,6,-16.8355555555555,6.86418067188621,2.80229002473264,-24.0390713913181,-9.632039719793,TRUE
9986,6,-4.32,5.72512280314677,2.33727159708035,-10.3281479124034,1.68814791240342,FALSE
9987,6,-16.2166666666667,14.9145754213789,6.08884991877229,-31.8685536677784,-0.564779665554966,TRUE
9988,6,-11.29,7.99206411941801,3.26274651402998,-19.6771569232512,-2.90284307674883,TRUE
9989,6,-12.9811111111111,9.26328875284142,3.78172179742064,-22.7023364709905,-3.25988575123171,TRUE
9990,6,-14.4922222222222,10.0886824746383,4.11868737330382,-25.0796451707017,-3.90479927374277,TRUE
9991,6,-18.27,6.61237560269463,2.69949103570504,-25.2092626218464,-11.3307373781536,TRUE
9992,6,-15.4561111111111,6.44806445262338,2.6324112895843,-22.2229397560405,-8.68928246618175,TRUE
9993,6,-13.7738888888889,6.45503538734311,2.63525716176657,-20.5480330811565,-6.99974469662124,TRUE
9994,6,-19.6261111111111,9.27585477742359,3.78685185547424,-29.3605237050389,-9.89169851718337,TRUE
9995,6,-17.9972222222222,11.9474790305397,4.87753788957067,-30.5353325237805,-5.45911192066397,TRUE
9996,6,-11.6777777777778,15.6060221519581,6.37113186447808,-28.0552936210488,4.6997380654933,TRUE
9997,6,-13.1166666666667,5.41893511474143,2.21227099672779,-18.8034903063601,-7.42984302697317,TRUE
9998,6,-15.9188888888889,6.36611992998584,2.59895757830465,-22.5997220312682,-9.23805574650962,TRUE
9999,6,-14.77,5.6135253332168,2.29171212076135,-20.6610335501367,-8.87896644986331,TRUE
10000,6,-16.395,9.54785717670026,3.89789636998101,-26.4148616058659,-6.3751383941341,TRUE
