"experiment","discoveries","false_discoveries","fdp","any_false","method"
1,3,0,0,FALSE,"none"
2,4,1,0.25,TRUE,"none"
3,3,0,0,FALSE,"none"
4,4,1,0.25,TRUE,"none"
5,4,0,0,FALSE,"none"
6,6,3,0.5,TRUE,"none"
7,5,2,0.4,TRUE,"none"
8,4,0,0,FALSE,"none"
9,3,0,0,FALSE,"none"
10,4,0,0,FALSE,"none"
11,5,1,0.2,TRUE,"none"
12,3,1,0.333333333333333,TRUE,"none"
13,3,0,0,FALSE,"none"
14,5,2,0.4,TRUE,"none"
15,4,0,0,FALSE,"none"
16,4,0,0,FALSE,"none"
17,5,1,0.2,TRUE,"none"
18,6,2,0.333333333333333,TRUE,"none"
19,4,0,0,FALSE,"none"
20,4,1,0.25,TRUE,"none"
21,3,1,0.333333333333333,TRUE,"none"
22,6,2,0.333333333333333,TRUE,"none"
23,4,0,0,FALSE,"none"
24,3,0,0,FALSE,"none"
25,4,0,0,FALSE,"none"
26,4,1,0.25,TRUE,"none"
27,4,1,0.25,TRUE,"none"
28,4,0,0,FALSE,"none"
29,1,0,0,FALSE,"none"
30,6,2,0.333333333333333,TRUE,"none"
31,4,0,0,FALSE,"none"
32,4,1,0.25,TRUE,"none"
33,6,3,0.5,TRUE,"none"
34,4,0,0,FALSE,"none"
35,5,2,0.4,TRUE,"none"
36,6,3,0.5,TRUE,"none"
37,4,0,0,FALSE,"none"
38,2,0,0,FALSE,"none"
39,5,1,0.2,TRUE,"none"
40,3,0,0,FALSE,"none"
41,7,3,0.428571428571429,TRUE,"none"
42,5,2,0.4,TRUE,"none"
43,4,0,0,FALSE,"none"
44,5,1,0.2,TRUE,"none"
45,4,1,0.25,TRUE,"none"
46,5,1,0.2,TRUE,"none"
47,4,0,0,FALSE,"none"
48,3,1,0.333333333333333,TRUE,"none"
49,5,1,0.2,TRUE,"none"
50,5,1,0.2,TRUE,"none"
51,2,0,0,FALSE,"none"
52,4,0,0,FALSE,"none"
53,2,0,0,FALSE,"none"
54,5,1,0.2,TRUE,"none"
55,5,1,0.2,TRUE,"none"
56,3,0,0,FALSE,"none"
57,5,2,0.4,TRUE,"none"
58,4,0,0,FALSE,"none"
59,5,1,0.2,TRUE,"none"
60,4,0,0,FALSE,"none"
61,5,1,0.2,TRUE,"none"
62,3,0,0,FALSE,"none"
63,2,0,0,FALSE,"none"
64,5,2,0.4,TRUE,"none"
65,4,0,0,FALSE,"none"
66,3,0,0,FALSE,"none"
67,6,3,0.5,TRUE,"none"
68,4,1,0.25,TRUE,"none"
69,4,0,0,FALSE,"none"
70,3,1,0.333333333333333,TRUE,"none"
71,4,0,0,FALSE,"none"
72,4,0,0,FALSE,"none"
73,3,0,0,FALSE,"none"
74,4,0,0,FALSE,"none"
75,4,0,0,FALSE,"none"
76,5,1,0.2,TRUE,"none"
77,6,3,0.5,TRUE,"none"
78,4,1,0.25,TRUE,"none"
79,5,1,0.2,TRUE,"none"
80,5,2,0.4,TRUE,"none"
81,4,1,0.25,TRUE,"none"
82,5,1,0.2,TRUE,"none"
83,5,1,0.2,TRUE,"none"
84,3,1,0.333333333333333,TRUE,"none"
85,4,0,0,FALSE,"none"
86,4,0,0,FALSE,"none"
87,7,3,0.428571428571429,TRUE,"none"
88,4,0,0,FALSE,"none"
89,6,2,0.333333333333333,TRUE,"none"
90,6,2,0.333333333333333,TRUE,"none"
91,4,1,0.25,TRUE,"none"
92,4,0,0,FALSE,"none"
93,3,0,0,FALSE,"none"
94,5,2,0.4,TRUE,"none"
95,4,1,0.25,TRUE,"none"
96,5,1,0.2,TRUE,"none"
97,5,1,0.2,TRUE,"none"
98,6,2,0.333333333333333,TRUE,"none"
99,4,1,0.25,TRUE,"none"
100,5,1,0.2,TRUE,"none"
101,4,1,0.25,TRUE,"none"
102,5,2,0.4,TRUE,"none"
103,7,3,0.428571428571429,TRUE,"none"
104,7,3,0.428571428571429,TRUE,"none"
105,6,2,0.333333333333333,TRUE,"none"
106,3,0,0,FALSE,"none"
107,4,1,0.25,TRUE,"none"
108,3,0,0,FALSE,"none"
109,5,1,0.2,TRUE,"none"
110,4,1,0.25,TRUE,"none"
111,7,3,0.428571428571429,TRUE,"none"
112,4,1,0.25,TRUE,"none"
113,4,0,0,FALSE,"none"
114,3,0,0,FALSE,"none"
115,5,1,0.2,TRUE,"none"
116,5,1,0.2,TRUE,"none"
117,4,0,0,FALSE,"none"
118,4,0,0,FALSE,"none"
119,4,1,0.25,TRUE,"none"
120,4,0,0,FALSE,"none"
121,4,1,0.25,TRUE,"none"
122,3,0,0,FALSE,"none"
123,5,1,0.2,TRUE,"none"
124,4,1,0.25,TRUE,"none"
125,4,1,0.25,TRUE,"none"
126,5,2,0.4,TRUE,"none"
127,4,1,0.25,TRUE,"none"
128,2,0,0,FALSE,"none"
129,4,1,0.25,TRUE,"none"
130,5,1,0.2,TRUE,"none"
131,6,2,0.333333333333333,TRUE,"none"
132,3,0,0,FALSE,"none"
133,3,1,0.333333333333333,TRUE,"none"
134,5,1,0.2,TRUE,"none"
135,3,0,0,FALSE,"none"
136,3,0,0,FALSE,"none"
137,5,2,0.4,TRUE,"none"
138,4,0,0,FALSE,"none"
139,5,1,0.2,TRUE,"none"
140,6,3,0.5,TRUE,"none"
141,4,0,0,FALSE,"none"
142,5,2,0.4,TRUE,"none"
143,6,2,0.333333333333333,TRUE,"none"
144,5,1,0.2,TRUE,"none"
145,5,1,0.2,TRUE,"none"
146,4,1,0.25,TRUE,"none"
147,7,3,0.428571428571429,TRUE,"none"
148,5,1,0.2,TRUE,"none"
149,5,2,0.4,TRUE,"none"
150,5,1,0.2,TRUE,"none"
151,4,1,0.25,TRUE,"none"
152,3,0,0,FALSE,"none"
153,2,0,0,FALSE,"none"
154,4,1,0.25,TRUE,"none"
155,4,0,0,FALSE,"none"
156,3,0,0,FALSE,"none"
157,3,0,0,FALSE,"none"
158,5,1,0.2,TRUE,"none"
159,5,1,0.2,TRUE,"none"
160,4,1,0.25,TRUE,"none"
161,5,1,0.2,TRUE,"none"
162,4,1,0.25,TRUE,"none"
163,5,1,0.2,TRUE,"none"
164,4,1,0.25,TRUE,"none"
165,3,0,0,FALSE,"none"
166,4,1,0.25,TRUE,"none"
167,3,1,0.333333333333333,TRUE,"none"
168,5,2,0.4,TRUE,"none"
169,3,1,0.333333333333333,TRUE,"none"
170,5,2,0.4,TRUE,"none"
171,6,2,0.333333333333333,TRUE,"none"
172,4,2,0.5,TRUE,"none"
173,4,1,0.25,TRUE,"none"
174,4,0,0,FALSE,"none"
175,6,2,0.333333333333333,TRUE,"none"
176,4,1,0.25,TRUE,"none"
177,5,2,0.4,TRUE,"none"
178,4,0,0,FALSE,"none"
179,4,1,0.25,TRUE,"none"
180,4,1,0.25,TRUE,"none"
181,3,0,0,FALSE,"none"
182,4,0,0,FALSE,"none"
183,4,0,0,FALSE,"none"
184,4,1,0.25,TRUE,"none"
185,4,0,0,FALSE,"none"
186,4,0,0,FALSE,"none"
187,4,1,0.25,TRUE,"none"
188,4,0,0,FALSE,"none"
189,5,1,0.2,TRUE,"none"
190,4,1,0.25,TRUE,"none"
191,3,0,0,FALSE,"none"
192,5,1,0.2,TRUE,"none"
193,3,0,0,FALSE,"none"
194,4,0,0,FALSE,"none"
195,4,0,0,FALSE,"none"
196,5,1,0.2,TRUE,"none"
197,4,2,0.5,TRUE,"none"
198,4,1,0.25,TRUE,"none"
199,7,3,0.428571428571429,TRUE,"none"
200,4,0,0,FALSE,"none"
201,5,2,0.4,TRUE,"none"
202,2,0,0,FALSE,"none"
203,3,0,0,FALSE,"none"
204,4,0,0,FALSE,"none"
205,4,0,0,FALSE,"none"
206,4,0,0,FALSE,"none"
207,3,0,0,FALSE,"none"
208,4,0,0,FALSE,"none"
209,5,1,0.2,TRUE,"none"
210,6,2,0.333333333333333,TRUE,"none"
211,4,0,0,FALSE,"none"
212,7,3,0.428571428571429,TRUE,"none"
213,7,3,0.428571428571429,TRUE,"none"
214,2,0,0,FALSE,"none"
215,5,1,0.2,TRUE,"none"
216,5,1,0.2,TRUE,"none"
217,6,2,0.333333333333333,TRUE,"none"
218,5,2,0.4,TRUE,"none"
219,5,2,0.4,TRUE,"none"
220,4,1,0.25,TRUE,"none"
221,4,0,0,FALSE,"none"
222,6,3,0.5,TRUE,"none"
223,4,0,0,FALSE,"none"
224,4,1,0.25,TRUE,"none"
225,4,1,0.25,TRUE,"none"
226,4,0,0,FALSE,"none"
227,2,0,0,FALSE,"none"
228,6,2,0.333333333333333,TRUE,"none"
229,4,1,0.25,TRUE,"none"
230,5,1,0.2,TRUE,"none"
231,4,1,0.25,TRUE,"none"
232,5,1,0.2,TRUE,"none"
233,5,1,0.2,TRUE,"none"
234,6,2,0.333333333333333,TRUE,"none"
235,2,0,0,FALSE,"none"
236,4,0,0,FALSE,"none"
237,7,4,0.571428571428571,TRUE,"none"
238,4,0,0,FALSE,"none"
239,4,0,0,FALSE,"none"
240,5,2,0.4,TRUE,"none"
241,3,0,0,FALSE,"none"
242,4,0,0,FALSE,"none"
243,3,0,0,FALSE,"none"
244,5,1,0.2,TRUE,"none"
245,6,2,0.333333333333333,TRUE,"none"
246,3,1,0.333333333333333,TRUE,"none"
247,5,1,0.2,TRUE,"none"
248,3,0,0,FALSE,"none"
249,2,0,0,FALSE,"none"
250,4,1,0.25,TRUE,"none"
251,3,0,0,FALSE,"none"
252,4,0,0,FALSE,"none"
253,5,1,0.2,TRUE,"none"
254,6,2,0.333333333333333,TRUE,"none"
255,5,1,0.2,TRUE,"none"
256,7,3,0.428571428571429,TRUE,"none"
257,4,1,0.25,TRUE,"none"
258,4,1,0.25,TRUE,"none"
259,4,1,0.25,TRUE,"none"
260,4,0,0,FALSE,"none"
261,3,0,0,FALSE,"none"
262,4,1,0.25,TRUE,"none"
263,4,0,0,FALSE,"none"
264,4,1,0.25,TRUE,"none"
265,6,3,0.5,TRUE,"none"
266,3,0,0,FALSE,"none"
267,3,0,0,FALSE,"none"
268,4,1,0.25,TRUE,"none"
269,5,1,0.2,TRUE,"none"
270,5,1,0.2,TRUE,"none"
271,4,1,0.25,TRUE,"none"
272,4,0,0,FALSE,"none"
273,3,1,0.333333333333333,TRUE,"none"
274,3,0,0,FALSE,"none"
275,5,1,0.2,TRUE,"none"
276,5,1,0.2,TRUE,"none"
277,5,1,0.2,TRUE,"none"
278,4,1,0.25,TRUE,"none"
279,4,0,0,FALSE,"none"
280,3,1,0.333333333333333,TRUE,"none"
281,5,2,0.4,TRUE,"none"
282,3,0,0,FALSE,"none"
283,5,2,0.4,TRUE,"none"
284,2,0,0,FALSE,"none"
285,4,0,0,FALSE,"none"
286,3,0,0,FALSE,"none"
287,5,1,0.2,TRUE,"none"
288,5,1,0.2,TRUE,"none"
289,2,0,0,FALSE,"none"
290,4,0,0,FALSE,"none"
291,4,1,0.25,TRUE,"none"
292,5,2,0.4,TRUE,"none"
293,4,0,0,FALSE,"none"
294,5,1,0.2,TRUE,"none"
295,4,2,0.5,TRUE,"none"
296,5,1,0.2,TRUE,"none"
297,5,1,0.2,TRUE,"none"
298,3,0,0,FALSE,"none"
299,4,1,0.25,TRUE,"none"
300,4,0,0,FALSE,"none"
301,2,0,0,FALSE,"none"
302,4,1,0.25,TRUE,"none"
303,5,2,0.4,TRUE,"none"
304,4,0,0,FALSE,"none"
305,4,0,0,FALSE,"none"
306,3,1,0.333333333333333,TRUE,"none"
307,2,0,0,FALSE,"none"
308,4,0,0,FALSE,"none"
309,3,0,0,FALSE,"none"
310,4,1,0.25,TRUE,"none"
311,4,0,0,FALSE,"none"
312,4,0,0,FALSE,"none"
313,1,0,0,FALSE,"none"
314,3,0,0,FALSE,"none"
315,3,1,0.333333333333333,TRUE,"none"
316,4,1,0.25,TRUE,"none"
317,5,2,0.4,TRUE,"none"
318,5,1,0.2,TRUE,"none"
319,8,4,0.5,TRUE,"none"
320,3,0,0,FALSE,"none"
321,6,2,0.333333333333333,TRUE,"none"
322,6,2,0.333333333333333,TRUE,"none"
323,4,1,0.25,TRUE,"none"
324,5,2,0.4,TRUE,"none"
325,4,0,0,FALSE,"none"
326,2,0,0,FALSE,"none"
327,5,1,0.2,TRUE,"none"
328,5,1,0.2,TRUE,"none"
329,3,0,0,FALSE,"none"
330,6,2,0.333333333333333,TRUE,"none"
331,3,1,0.333333333333333,TRUE,"none"
332,5,1,0.2,TRUE,"none"
333,6,2,0.333333333333333,TRUE,"none"
334,3,0,0,FALSE,"none"
335,5,1,0.2,TRUE,"none"
336,4,0,0,FALSE,"none"
337,3,0,0,FALSE,"none"
338,3,0,0,FALSE,"none"
339,5,1,0.2,TRUE,"none"
340,4,1,0.25,TRUE,"none"
341,5,2,0.4,TRUE,"none"
342,2,0,0,FALSE,"none"
343,2,0,0,FALSE,"none"
344,3,0,0,FALSE,"none"
345,4,0,0,FALSE,"none"
346,4,1,0.25,TRUE,"none"
347,4,0,0,FALSE,"none"
348,4,0,0,FALSE,"none"
349,5,1,0.2,TRUE,"none"
350,6,2,0.333333333333333,TRUE,"none"
351,3,0,0,FALSE,"none"
352,4,0,0,FALSE,"none"
353,5,1,0.2,TRUE,"none"
354,3,0,0,FALSE,"none"
355,3,0,0,FALSE,"none"
356,4,1,0.25,TRUE,"none"
357,5,2,0.4,TRUE,"none"
358,6,3,0.5,TRUE,"none"
359,3,0,0,FALSE,"none"
360,5,1,0.2,TRUE,"none"
361,4,0,0,FALSE,"none"
362,3,0,0,FALSE,"none"
363,4,0,0,FALSE,"none"
364,4,0,0,FALSE,"none"
365,3,0,0,FALSE,"none"
366,5,1,0.2,TRUE,"none"
367,4,0,0,FALSE,"none"
368,4,1,0.25,TRUE,"none"
369,5,2,0.4,TRUE,"none"
370,3,0,0,FALSE,"none"
371,3,1,0.333333333333333,TRUE,"none"
372,4,0,0,FALSE,"none"
373,3,0,0,FALSE,"none"
374,4,1,0.25,TRUE,"none"
375,3,0,0,FALSE,"none"
376,3,0,0,FALSE,"none"
377,3,0,0,FALSE,"none"
378,3,0,0,FALSE,"none"
379,4,0,0,FALSE,"none"
380,5,1,0.2,TRUE,"none"
381,4,1,0.25,TRUE,"none"
382,5,1,0.2,TRUE,"none"
383,5,1,0.2,TRUE,"none"
384,4,0,0,FALSE,"none"
385,3,1,0.333333333333333,TRUE,"none"
386,5,1,0.2,TRUE,"none"
387,4,1,0.25,TRUE,"none"
388,4,0,0,FALSE,"none"
389,3,0,0,FALSE,"none"
390,4,1,0.25,TRUE,"none"
391,5,1,0.2,TRUE,"none"
392,4,1,0.25,TRUE,"none"
393,6,2,0.333333333333333,TRUE,"none"
394,3,0,0,FALSE,"none"
395,5,2,0.4,TRUE,"none"
396,4,0,0,FALSE,"none"
397,4,0,0,FALSE,"none"
398,5,1,0.2,TRUE,"none"
399,7,3,0.428571428571429,TRUE,"none"
400,5,1,0.2,TRUE,"none"
401,4,0,0,FALSE,"none"
402,6,2,0.333333333333333,TRUE,"none"
403,5,1,0.2,TRUE,"none"
404,4,0,0,FALSE,"none"
405,5,1,0.2,TRUE,"none"
406,3,0,0,FALSE,"none"
407,4,1,0.25,TRUE,"none"
408,1,0,0,FALSE,"none"
409,4,1,0.25,TRUE,"none"
410,5,1,0.2,TRUE,"none"
411,3,0,0,FALSE,"none"
412,3,0,0,FALSE,"none"
413,4,1,0.25,TRUE,"none"
414,4,1,0.25,TRUE,"none"
415,2,0,0,FALSE,"none"
416,4,0,0,FALSE,"none"
417,4,0,0,FALSE,"none"
418,4,1,0.25,TRUE,"none"
419,4,0,0,FALSE,"none"
420,7,3,0.428571428571429,TRUE,"none"
421,4,1,0.25,TRUE,"none"
422,4,0,0,FALSE,"none"
423,4,0,0,FALSE,"none"
424,5,1,0.2,TRUE,"none"
425,5,1,0.2,TRUE,"none"
426,7,3,0.428571428571429,TRUE,"none"
427,4,0,0,FALSE,"none"
428,4,1,0.25,TRUE,"none"
429,3,1,0.333333333333333,TRUE,"none"
430,5,1,0.2,TRUE,"none"
431,3,0,0,FALSE,"none"
432,4,0,0,FALSE,"none"
433,2,0,0,FALSE,"none"
434,4,0,0,FALSE,"none"
435,4,0,0,FALSE,"none"
436,7,3,0.428571428571429,TRUE,"none"
437,4,0,0,FALSE,"none"
438,3,1,0.333333333333333,TRUE,"none"
439,4,1,0.25,TRUE,"none"
440,4,0,0,FALSE,"none"
441,6,2,0.333333333333333,TRUE,"none"
442,3,1,0.333333333333333,TRUE,"none"
443,4,0,0,FALSE,"none"
444,4,0,0,FALSE,"none"
445,4,2,0.5,TRUE,"none"
446,4,0,0,FALSE,"none"
447,4,1,0.25,TRUE,"none"
448,4,0,0,FALSE,"none"
449,2,0,0,FALSE,"none"
450,3,0,0,FALSE,"none"
451,5,2,0.4,TRUE,"none"
452,6,2,0.333333333333333,TRUE,"none"
453,4,1,0.25,TRUE,"none"
454,7,4,0.571428571428571,TRUE,"none"
455,3,0,0,FALSE,"none"
456,4,0,0,FALSE,"none"
457,5,1,0.2,TRUE,"none"
458,6,2,0.333333333333333,TRUE,"none"
459,4,1,0.25,TRUE,"none"
460,3,0,0,FALSE,"none"
461,5,2,0.4,TRUE,"none"
462,5,1,0.2,TRUE,"none"
463,4,1,0.25,TRUE,"none"
464,3,0,0,FALSE,"none"
465,3,0,0,FALSE,"none"
466,7,3,0.428571428571429,TRUE,"none"
467,4,0,0,FALSE,"none"
468,4,1,0.25,TRUE,"none"
469,3,1,0.333333333333333,TRUE,"none"
470,3,0,0,FALSE,"none"
471,3,0,0,FALSE,"none"
472,4,1,0.25,TRUE,"none"
473,4,1,0.25,TRUE,"none"
474,4,0,0,FALSE,"none"
475,4,1,0.25,TRUE,"none"
476,4,0,0,FALSE,"none"
477,6,2,0.333333333333333,TRUE,"none"
478,6,2,0.333333333333333,TRUE,"none"
479,3,0,0,FALSE,"none"
480,5,1,0.2,TRUE,"none"
481,6,2,0.333333333333333,TRUE,"none"
482,3,1,0.333333333333333,TRUE,"none"
483,7,3,0.428571428571429,TRUE,"none"
484,3,0,0,FALSE,"none"
485,4,0,0,FALSE,"none"
486,5,1,0.2,TRUE,"none"
487,5,1,0.2,TRUE,"none"
488,4,0,0,FALSE,"none"
489,4,1,0.25,TRUE,"none"
490,3,0,0,FALSE,"none"
491,4,0,0,FALSE,"none"
492,5,3,0.6,TRUE,"none"
493,6,2,0.333333333333333,TRUE,"none"
494,4,0,0,FALSE,"none"
495,5,1,0.2,TRUE,"none"
496,7,3,0.428571428571429,TRUE,"none"
497,6,2,0.333333333333333,TRUE,"none"
498,7,3,0.428571428571429,TRUE,"none"
499,5,2,0.4,TRUE,"none"
500,3,0,0,FALSE,"none"
501,6,3,0.5,TRUE,"none"
502,2,0,0,FALSE,"none"
503,3,0,0,FALSE,"none"
504,3,0,0,FALSE,"none"
505,4,1,0.25,TRUE,"none"
506,6,2,0.333333333333333,TRUE,"none"
507,7,3,0.428571428571429,TRUE,"none"
508,5,1,0.2,TRUE,"none"
509,4,1,0.25,TRUE,"none"
510,3,0,0,FALSE,"none"
511,4,0,0,FALSE,"none"
512,3,0,0,FALSE,"none"
513,4,1,0.25,TRUE,"none"
514,4,1,0.25,TRUE,"none"
515,6,3,0.5,TRUE,"none"
516,4,1,0.25,TRUE,"none"
517,3,0,0,FALSE,"none"
518,3,0,0,FALSE,"none"
519,2,0,0,FALSE,"none"
520,4,0,0,FALSE,"none"
521,5,2,0.4,TRUE,"none"
522,4,0,0,FALSE,"none"
523,4,0,0,FALSE,"none"
524,6,2,0.333333333333333,TRUE,"none"
525,3,0,0,FALSE,"none"
526,4,0,0,FALSE,"none"
527,4,0,0,FALSE,"none"
528,4,1,0.25,TRUE,"none"
529,2,0,0,FALSE,"none"
530,4,0,0,FALSE,"none"
531,5,1,0.2,TRUE,"none"
532,4,1,0.25,TRUE,"none"
533,4,1,0.25,TRUE,"none"
534,5,1,0.2,TRUE,"none"
535,2,0,0,FALSE,"none"
536,7,3,0.428571428571429,TRUE,"none"
537,3,0,0,FALSE,"none"
538,3,0,0,FALSE,"none"
539,4,0,0,FALSE,"none"
540,2,0,0,FALSE,"none"
541,4,1,0.25,TRUE,"none"
542,4,1,0.25,TRUE,"none"
543,4,1,0.25,TRUE,"none"
544,5,1,0.2,TRUE,"none"
545,5,1,0.2,TRUE,"none"
546,1,0,0,FALSE,"none"
547,6,2,0.333333333333333,TRUE,"none"
548,4,1,0.25,TRUE,"none"
549,2,0,0,FALSE,"none"
550,3,0,0,FALSE,"none"
551,5,1,0.2,TRUE,"none"
552,5,1,0.2,TRUE,"none"
553,5,1,0.2,TRUE,"none"
554,3,0,0,FALSE,"none"
555,3,0,0,FALSE,"none"
556,4,0,0,FALSE,"none"
557,6,3,0.5,TRUE,"none"
558,4,0,0,FALSE,"none"
559,5,1,0.2,TRUE,"none"
560,4,0,0,FALSE,"none"
561,3,0,0,FALSE,"none"
562,4,0,0,FALSE,"none"
563,2,0,0,FALSE,"none"
564,5,1,0.2,TRUE,"none"
565,4,0,0,FALSE,"none"
566,5,1,0.2,TRUE,"none"
567,5,1,0.2,TRUE,"none"
568,2,0,0,FALSE,"none"
569,4,1,0.25,TRUE,"none"
570,4,1,0.25,TRUE,"none"
571,6,2,0.333333333333333,TRUE,"none"
572,5,1,0.2,TRUE,"none"
573,2,0,0,FALSE,"none"
574,5,2,0.4,TRUE,"none"
575,4,0,0,FALSE,"none"
576,3,0,0,FALSE,"none"
577,6,2,0.333333333333333,TRUE,"none"
578,7,3,0.428571428571429,TRUE,"none"
579,4,0,0,FALSE,"none"
580,7,3,0.428571428571429,TRUE,"none"
581,4,1,0.25,TRUE,"none"
582,3,0,0,FALSE,"none"
583,7,4,0.571428571428571,TRUE,"none"
584,7,3,0.428571428571429,TRUE,"none"
585,5,2,0.4,TRUE,"none"
586,5,1,0.2,TRUE,"none"
587,3,0,0,FALSE,"none"
588,4,0,0,FALSE,"none"
589,4,0,0,FALSE,"none"
590,4,0,0,FALSE,"none"
591,5,2,0.4,TRUE,"none"
592,6,2,0.333333333333333,TRUE,"none"
593,4,0,0,FALSE,"none"
594,3,0,0,FALSE,"none"
595,3,0,0,FALSE,"none"
596,4,0,0,FALSE,"none"
597,6,2,0.333333333333333,TRUE,"none"
598,6,3,0.5,TRUE,"none"
599,5,1,0.2,TRUE,"none"
600,5,1,0.2,TRUE,"none"
601,5,2,0.4,TRUE,"none"
602,4,0,0,FALSE,"none"
603,3,0,0,FALSE,"none"
604,4,0,0,FALSE,"none"
605,4,0,0,FALSE,"none"
606,5,1,0.2,TRUE,"none"
607,5,1,0.2,TRUE,"none"
608,4,1,0.25,TRUE,"none"
609,3,1,0.333333333333333,TRUE,"none"
610,5,1,0.2,TRUE,"none"
611,3,0,0,FALSE,"none"
612,2,0,0,FALSE,"none"
613,3,0,0,FALSE,"none"
614,5,1,0.2,TRUE,"none"
615,5,1,0.2,TRUE,"none"
616,3,0,0,FALSE,"none"
617,5,2,0.4,TRUE,"none"
618,7,4,0.571428571428571,TRUE,"none"
619,4,0,0,FALSE,"none"
620,4,1,0.25,TRUE,"none"
621,6,2,0.333333333333333,TRUE,"none"
622,5,2,0.4,TRUE,"none"
623,7,3,0.428571428571429,TRUE,"none"
624,1,0,0,FALSE,"none"
625,5,1,0.2,TRUE,"none"
626,3,0,0,FALSE,"none"
627,4,0,0,FALSE,"none"
628,3,0,0,FALSE,"none"
629,2,0,0,FALSE,"none"
630,5,2,0.4,TRUE,"none"
631,4,0,0,FALSE,"none"
632,3,0,0,FALSE,"none"
633,3,0,0,FALSE,"none"
634,2,0,0,FALSE,"none"
635,4,0,0,FALSE,"none"
636,6,2,0.333333333333333,TRUE,"none"
637,4,1,0.25,TRUE,"none"
638,5,1,0.2,TRUE,"none"
639,5,1,0.2,TRUE,"none"
640,3,0,0,FALSE,"none"
641,2,1,0.5,TRUE,"none"
642,5,2,0.4,TRUE,"none"
643,4,0,0,FALSE,"none"
644,4,0,0,FALSE,"none"
645,4,1,0.25,TRUE,"none"
646,4,1,0.25,TRUE,"none"
647,2,0,0,FALSE,"none"
648,4,1,0.25,TRUE,"none"
649,1,0,0,FALSE,"none"
650,4,1,0.25,TRUE,"none"
651,4,1,0.25,TRUE,"none"
652,3,0,0,FALSE,"none"
653,4,1,0.25,TRUE,"none"
654,4,1,0.25,TRUE,"none"
655,5,1,0.2,TRUE,"none"
656,3,0,0,FALSE,"none"
657,5,1,0.2,TRUE,"none"
658,3,0,0,FALSE,"none"
659,4,0,0,FALSE,"none"
660,4,0,0,FALSE,"none"
661,3,0,0,FALSE,"none"
662,5,2,0.4,TRUE,"none"
663,5,1,0.2,TRUE,"none"
664,2,0,0,FALSE,"none"
665,4,1,0.25,TRUE,"none"
666,5,2,0.4,TRUE,"none"
667,5,2,0.4,TRUE,"none"
668,4,1,0.25,TRUE,"none"
669,3,0,0,FALSE,"none"
670,4,0,0,FALSE,"none"
671,4,0,0,FALSE,"none"
672,3,0,0,FALSE,"none"
673,4,0,0,FALSE,"none"
674,3,1,0.333333333333333,TRUE,"none"
675,4,0,0,FALSE,"none"
676,4,0,0,FALSE,"none"
677,6,2,0.333333333333333,TRUE,"none"
678,4,0,0,FALSE,"none"
679,4,0,0,FALSE,"none"
680,4,1,0.25,TRUE,"none"
681,3,0,0,FALSE,"none"
682,4,0,0,FALSE,"none"
683,3,1,0.333333333333333,TRUE,"none"
684,4,1,0.25,TRUE,"none"
685,4,0,0,FALSE,"none"
686,5,1,0.2,TRUE,"none"
687,4,0,0,FALSE,"none"
688,4,0,0,FALSE,"none"
689,5,2,0.4,TRUE,"none"
690,2,0,0,FALSE,"none"
691,3,1,0.333333333333333,TRUE,"none"
692,4,0,0,FALSE,"none"
693,4,0,0,FALSE,"none"
694,3,0,0,FALSE,"none"
695,2,1,0.5,TRUE,"none"
696,6,3,0.5,TRUE,"none"
697,5,2,0.4,TRUE,"none"
698,3,0,0,FALSE,"none"
699,5,1,0.2,TRUE,"none"
700,3,1,0.333333333333333,TRUE,"none"
701,4,0,0,FALSE,"none"
702,6,2,0.333333333333333,TRUE,"none"
703,5,2,0.4,TRUE,"none"
704,3,0,0,FALSE,"none"
705,5,2,0.4,TRUE,"none"
706,3,0,0,FALSE,"none"
707,4,1,0.25,TRUE,"none"
708,5,1,0.2,TRUE,"none"
709,4,1,0.25,TRUE,"none"
710,5,1,0.2,TRUE,"none"
711,4,1,0.25,TRUE,"none"
712,3,0,0,FALSE,"none"
713,3,0,0,FALSE,"none"
714,3,0,0,FALSE,"none"
715,4,1,0.25,TRUE,"none"
716,6,2,0.333333333333333,TRUE,"none"
717,5,1,0.2,TRUE,"none"
718,3,0,0,FALSE,"none"
719,2,0,0,FALSE,"none"
720,6,2,0.333333333333333,TRUE,"none"
721,5,1,0.2,TRUE,"none"
722,3,0,0,FALSE,"none"
723,4,0,0,FALSE,"none"
724,5,1,0.2,TRUE,"none"
725,6,2,0.333333333333333,TRUE,"none"
726,5,1,0.2,TRUE,"none"
727,4,0,0,FALSE,"none"
728,4,0,0,FALSE,"none"
729,4,0,0,FALSE,"none"
730,6,2,0.333333333333333,TRUE,"none"
731,3,0,0,FALSE,"none"
732,3,0,0,FALSE,"none"
733,4,0,0,FALSE,"none"
734,3,0,0,FALSE,"none"
735,4,1,0.25,TRUE,"none"
736,4,0,0,FALSE,"none"
737,5,1,0.2,TRUE,"none"
738,4,2,0.5,TRUE,"none"
739,5,1,0.2,TRUE,"none"
740,2,0,0,FALSE,"none"
741,3,1,0.333333333333333,TRUE,"none"
742,2,0,0,FALSE,"none"
743,4,0,0,FALSE,"none"
744,4,0,0,FALSE,"none"
745,4,0,0,FALSE,"none"
746,5,2,0.4,TRUE,"none"
747,5,1,0.2,TRUE,"none"
748,4,1,0.25,TRUE,"none"
749,4,1,0.25,TRUE,"none"
750,6,2,0.333333333333333,TRUE,"none"
751,4,0,0,FALSE,"none"
752,4,0,0,FALSE,"none"
753,3,1,0.333333333333333,TRUE,"none"
754,5,1,0.2,TRUE,"none"
755,4,0,0,FALSE,"none"
756,4,0,0,FALSE,"none"
757,6,2,0.333333333333333,TRUE,"none"
758,4,0,0,FALSE,"none"
759,5,1,0.2,TRUE,"none"
760,4,0,0,FALSE,"none"
761,4,1,0.25,TRUE,"none"
762,4,1,0.25,TRUE,"none"
763,4,0,0,FALSE,"none"
764,5,1,0.2,TRUE,"none"
765,4,1,0.25,TRUE,"none"
766,5,1,0.2,TRUE,"none"
767,4,0,0,FALSE,"none"
768,4,2,0.5,TRUE,"none"
769,5,1,0.2,TRUE,"none"
770,4,0,0,FALSE,"none"
771,5,1,0.2,TRUE,"none"
772,3,0,0,FALSE,"none"
773,7,3,0.428571428571429,TRUE,"none"
774,3,0,0,FALSE,"none"
775,2,0,0,FALSE,"none"
776,4,0,0,FALSE,"none"
777,1,0,0,FALSE,"none"
778,3,0,0,FALSE,"none"
779,4,1,0.25,TRUE,"none"
780,4,0,0,FALSE,"none"
781,4,0,0,FALSE,"none"
782,4,0,0,FALSE,"none"
783,2,0,0,FALSE,"none"
784,5,1,0.2,TRUE,"none"
785,4,1,0.25,TRUE,"none"
786,5,1,0.2,TRUE,"none"
787,5,2,0.4,TRUE,"none"
788,5,1,0.2,TRUE,"none"
789,4,0,0,FALSE,"none"
790,7,3,0.428571428571429,TRUE,"none"
791,3,1,0.333333333333333,TRUE,"none"
792,3,0,0,FALSE,"none"
793,7,3,0.428571428571429,TRUE,"none"
794,4,0,0,FALSE,"none"
795,5,2,0.4,TRUE,"none"
796,4,1,0.25,TRUE,"none"
797,4,0,0,FALSE,"none"
798,4,1,0.25,TRUE,"none"
799,5,1,0.2,TRUE,"none"
800,4,0,0,FALSE,"none"
801,3,1,0.333333333333333,TRUE,"none"
802,2,0,0,FALSE,"none"
803,5,1,0.2,TRUE,"none"
804,6,2,0.333333333333333,TRUE,"none"
805,5,1,0.2,TRUE,"none"
806,3,1,0.333333333333333,TRUE,"none"
807,4,0,0,FALSE,"none"
808,3,0,0,FALSE,"none"
809,4,1,0.25,TRUE,"none"
810,4,0,0,FALSE,"none"
811,5,1,0.2,TRUE,"none"
812,4,0,0,FALSE,"none"
813,4,1,0.25,TRUE,"none"
814,4,1,0.25,TRUE,"none"
815,3,0,0,FALSE,"none"
816,4,2,0.5,TRUE,"none"
817,5,3,0.6,TRUE,"none"
818,6,2,0.333333333333333,TRUE,"none"
819,3,0,0,FALSE,"none"
820,4,1,0.25,TRUE,"none"
821,6,2,0.333333333333333,TRUE,"none"
822,3,0,0,FALSE,"none"
823,2,0,0,FALSE,"none"
824,2,0,0,FALSE,"none"
825,5,1,0.2,TRUE,"none"
826,4,0,0,FALSE,"none"
827,5,1,0.2,TRUE,"none"
828,4,0,0,FALSE,"none"
829,5,1,0.2,TRUE,"none"
830,4,0,0,FALSE,"none"
831,4,2,0.5,TRUE,"none"
832,3,1,0.333333333333333,TRUE,"none"
833,3,1,0.333333333333333,TRUE,"none"
834,5,1,0.2,TRUE,"none"
835,7,4,0.571428571428571,TRUE,"none"
836,5,1,0.2,TRUE,"none"
837,3,0,0,FALSE,"none"
838,3,1,0.333333333333333,TRUE,"none"
839,4,1,0.25,TRUE,"none"
840,3,0,0,FALSE,"none"
841,4,1,0.25,TRUE,"none"
842,4,0,0,FALSE,"none"
843,4,0,0,FALSE,"none"
844,5,1,0.2,TRUE,"none"
845,5,1,0.2,TRUE,"none"
846,6,2,0.333333333333333,TRUE,"none"
847,3,1,0.333333333333333,TRUE,"none"
848,3,0,0,FALSE,"none"
849,5,1,0.2,TRUE,"none"
850,6,2,0.333333333333333,TRUE,"none"
851,5,1,0.2,TRUE,"none"
852,5,1,0.2,TRUE,"none"
853,4,1,0.25,TRUE,"none"
854,6,2,0.333333333333333,TRUE,"none"
855,4,0,0,FALSE,"none"
856,4,1,0.25,TRUE,"none"
857,5,1,0.2,TRUE,"none"
858,3,0,0,FALSE,"none"
859,3,0,0,FALSE,"none"
860,6,2,0.333333333333333,TRUE,"none"
861,4,1,0.25,TRUE,"none"
862,5,1,0.2,TRUE,"none"
863,5,1,0.2,TRUE,"none"
864,2,0,0,FALSE,"none"
865,3,0,0,FALSE,"none"
866,6,2,0.333333333333333,TRUE,"none"
867,6,2,0.333333333333333,TRUE,"none"
868,2,0,0,FALSE,"none"
869,4,0,0,FALSE,"none"
870,5,1,0.2,TRUE,"none"
871,6,2,0.333333333333333,TRUE,"none"
872,3,1,0.333333333333333,TRUE,"none"
873,3,1,0.333333333333333,TRUE,"none"
874,5,2,0.4,TRUE,"none"
875,5,1,0.2,TRUE,"none"
876,4,0,0,FALSE,"none"
877,3,0,0,FALSE,"none"
878,5,1,0.2,TRUE,"none"
879,3,0,0,FALSE,"none"
880,3,0,0,FALSE,"none"
881,4,0,0,FALSE,"none"
882,2,0,0,FALSE,"none"
883,3,0,0,FALSE,"none"
884,4,1,0.25,TRUE,"none"
885,5,1,0.2,TRUE,"none"
886,5,2,0.4,TRUE,"none"
887,3,0,0,FALSE,"none"
888,4,0,0,FALSE,"none"
889,5,1,0.2,TRUE,"none"
890,3,0,0,FALSE,"none"
891,7,3,0.428571428571429,TRUE,"none"
892,5,1,0.2,TRUE,"none"
893,5,1,0.2,TRUE,"none"
894,2,0,0,FALSE,"none"
895,4,0,0,FALSE,"none"
896,4,0,0,FALSE,"none"
897,6,2,0.333333333333333,TRUE,"none"
898,3,2,0.666666666666667,TRUE,"none"
899,3,0,0,FALSE,"none"
900,6,3,0.5,TRUE,"none"
901,3,1,0.333333333333333,TRUE,"none"
902,5,2,0.4,TRUE,"none"
903,2,0,0,FALSE,"none"
904,5,2,0.4,TRUE,"none"
905,4,0,0,FALSE,"none"
906,3,0,0,FALSE,"none"
907,5,1,0.2,TRUE,"none"
908,5,1,0.2,TRUE,"none"
909,4,0,0,FALSE,"none"
910,4,1,0.25,TRUE,"none"
911,5,1,0.2,TRUE,"none"
912,4,0,0,FALSE,"none"
913,4,1,0.25,TRUE,"none"
914,3,0,0,FALSE,"none"
915,4,0,0,FALSE,"none"
916,6,3,0.5,TRUE,"none"
917,5,1,0.2,TRUE,"none"
918,7,4,0.571428571428571,TRUE,"none"
919,3,0,0,FALSE,"none"
920,4,0,0,FALSE,"none"
921,6,3,0.5,TRUE,"none"
922,5,2,0.4,TRUE,"none"
923,4,0,0,FALSE,"none"
924,4,1,0.25,TRUE,"none"
925,4,0,0,FALSE,"none"
926,5,2,0.4,TRUE,"none"
927,6,2,0.333333333333333,TRUE,"none"
928,3,0,0,FALSE,"none"
929,5,2,0.4,TRUE,"none"
930,6,2,0.333333333333333,TRUE,"none"
931,3,0,0,FALSE,"none"
932,4,1,0.25,TRUE,"none"
933,4,1,0.25,TRUE,"none"
934,3,0,0,FALSE,"none"
935,3,1,0.333333333333333,TRUE,"none"
936,4,0,0,FALSE,"none"
937,6,2,0.333333333333333,TRUE,"none"
938,4,1,0.25,TRUE,"none"
939,4,1,0.25,TRUE,"none"
940,3,0,0,FALSE,"none"
941,4,1,0.25,TRUE,"none"
942,4,1,0.25,TRUE,"none"
943,3,0,0,FALSE,"none"
944,4,0,0,FALSE,"none"
945,3,1,0.333333333333333,TRUE,"none"
946,4,1,0.25,TRUE,"none"
947,6,2,0.333333333333333,TRUE,"none"
948,4,0,0,FALSE,"none"
949,6,3,0.5,TRUE,"none"
950,6,2,0.333333333333333,TRUE,"none"
951,3,0,0,FALSE,"none"
952,3,1,0.333333333333333,TRUE,"none"
953,5,1,0.2,TRUE,"none"
954,3,0,0,FALSE,"none"
955,6,2,0.333333333333333,TRUE,"none"
956,3,0,0,FALSE,"none"
957,4,1,0.25,TRUE,"none"
958,5,2,0.4,TRUE,"none"
959,6,2,0.333333333333333,TRUE,"none"
960,7,3,0.428571428571429,TRUE,"none"
961,4,0,0,FALSE,"none"
962,3,0,0,FALSE,"none"
963,4,0,0,FALSE,"none"
964,4,0,0,FALSE,"none"
965,4,0,0,FALSE,"none"
966,5,1,0.2,TRUE,"none"
967,4,1,0.25,TRUE,"none"
968,3,0,0,FALSE,"none"
969,5,1,0.2,TRUE,"none"
970,5,1,0.2,TRUE,"none"
971,4,1,0.25,TRUE,"none"
972,5,1,0.2,TRUE,"none"
973,4,1,0.25,TRUE,"none"
974,7,3,0.428571428571429,TRUE,"none"
975,4,0,0,FALSE,"none"
976,4,0,0,FALSE,"none"
977,4,0,0,FALSE,"none"
978,3,0,0,FALSE,"none"
979,5,1,0.2,TRUE,"none"
980,3,0,0,FALSE,"none"
981,4,1,0.25,TRUE,"none"
982,7,3,0.428571428571429,TRUE,"none"
983,5,1,0.2,TRUE,"none"
984,5,1,0.2,TRUE,"none"
985,4,0,0,FALSE,"none"
986,6,2,0.333333333333333,TRUE,"none"
987,3,0,0,FALSE,"none"
988,4,0,0,FALSE,"none"
989,4,0,0,FALSE,"none"
990,3,1,0.333333333333333,TRUE,"none"
991,4,0,0,FALSE,"none"
992,7,3,0.428571428571429,TRUE,"none"
993,4,1,0.25,TRUE,"none"
994,5,1,0.2,TRUE,"none"
995,4,1,0.25,TRUE,"none"
996,4,1,0.25,TRUE,"none"
997,4,1,0.25,TRUE,"none"
998,3,0,0,FALSE,"none"
999,6,2,0.333333333333333,TRUE,"none"
1000,6,2,0.333333333333333,TRUE,"none"
1001,4,0,0,FALSE,"none"
1002,5,2,0.4,TRUE,"none"
1003,3,0,0,FALSE,"none"
1004,4,0,0,FALSE,"none"
1005,4,0,0,FALSE,"none"
1006,6,2,0.333333333333333,TRUE,"none"
1007,4,1,0.25,TRUE,"none"
1008,3,0,0,FALSE,"none"
1009,3,0,0,FALSE,"none"
1010,4,0,0,FALSE,"none"
1011,5,2,0.4,TRUE,"none"
1012,5,2,0.4,TRUE,"none"
1013,4,1,0.25,TRUE,"none"
1014,8,4,0.5,TRUE,"none"
1015,4,0,0,FALSE,"none"
1016,6,2,0.333333333333333,TRUE,"none"
1017,4,0,0,FALSE,"none"
1018,3,1,0.333333333333333,TRUE,"none"
1019,4,0,0,FALSE,"none"
1020,5,2,0.4,TRUE,"none"
1021,3,1,0.333333333333333,TRUE,"none"
1022,4,0,0,FALSE,"none"
1023,3,0,0,FALSE,"none"
1024,5,1,0.2,TRUE,"none"
1025,3,0,0,FALSE,"none"
1026,4,1,0.25,TRUE,"none"
1027,4,0,0,FALSE,"none"
1028,3,0,0,FALSE,"none"
1029,5,1,0.2,TRUE,"none"
1030,3,0,0,FALSE,"none"
1031,3,0,0,FALSE,"none"
1032,7,3,0.428571428571429,TRUE,"none"
1033,4,0,0,FALSE,"none"
1034,5,1,0.2,TRUE,"none"
1035,4,0,0,FALSE,"none"
1036,5,1,0.2,TRUE,"none"
1037,4,1,0.25,TRUE,"none"
1038,3,0,0,FALSE,"none"
1039,4,0,0,FALSE,"none"
1040,3,0,0,FALSE,"none"
1041,4,1,0.25,TRUE,"none"
1042,4,1,0.25,TRUE,"none"
1043,5,2,0.4,TRUE,"none"
1044,5,1,0.2,TRUE,"none"
1045,2,0,0,FALSE,"none"
1046,6,2,0.333333333333333,TRUE,"none"
1047,4,1,0.25,TRUE,"none"
1048,4,1,0.25,TRUE,"none"
1049,4,1,0.25,TRUE,"none"
1050,3,0,0,FALSE,"none"
1051,7,3,0.428571428571429,TRUE,"none"
1052,5,1,0.2,TRUE,"none"
1053,5,1,0.2,TRUE,"none"
1054,4,0,0,FALSE,"none"
1055,3,0,0,FALSE,"none"
1056,6,2,0.333333333333333,TRUE,"none"
1057,5,1,0.2,TRUE,"none"
1058,7,3,0.428571428571429,TRUE,"none"
1059,3,0,0,FALSE,"none"
1060,6,2,0.333333333333333,TRUE,"none"
1061,0,0,0,FALSE,"none"
1062,4,1,0.25,TRUE,"none"
1063,5,1,0.2,TRUE,"none"
1064,3,0,0,FALSE,"none"
1065,7,4,0.571428571428571,TRUE,"none"
1066,4,0,0,FALSE,"none"
1067,4,1,0.25,TRUE,"none"
1068,3,0,0,FALSE,"none"
1069,5,1,0.2,TRUE,"none"
1070,5,1,0.2,TRUE,"none"
1071,3,0,0,FALSE,"none"
1072,5,1,0.2,TRUE,"none"
1073,5,1,0.2,TRUE,"none"
1074,4,0,0,FALSE,"none"
1075,4,1,0.25,TRUE,"none"
1076,2,1,0.5,TRUE,"none"
1077,3,0,0,FALSE,"none"
1078,4,0,0,FALSE,"none"
1079,3,0,0,FALSE,"none"
1080,4,0,0,FALSE,"none"
1081,4,1,0.25,TRUE,"none"
1082,7,3,0.428571428571429,TRUE,"none"
1083,5,1,0.2,TRUE,"none"
1084,5,1,0.2,TRUE,"none"
1085,3,0,0,FALSE,"none"
1086,7,3,0.428571428571429,TRUE,"none"
1087,4,1,0.25,TRUE,"none"
1088,4,1,0.25,TRUE,"none"
1089,4,0,0,FALSE,"none"
1090,3,0,0,FALSE,"none"
1091,3,0,0,FALSE,"none"
1092,5,1,0.2,TRUE,"none"
1093,5,1,0.2,TRUE,"none"
1094,5,1,0.2,TRUE,"none"
1095,4,0,0,FALSE,"none"
1096,3,1,0.333333333333333,TRUE,"none"
1097,4,1,0.25,TRUE,"none"
1098,5,1,0.2,TRUE,"none"
1099,3,1,0.333333333333333,TRUE,"none"
1100,3,1,0.333333333333333,TRUE,"none"
1101,3,0,0,FALSE,"none"
1102,5,1,0.2,TRUE,"none"
1103,3,0,0,FALSE,"none"
1104,4,1,0.25,TRUE,"none"
1105,4,1,0.25,TRUE,"none"
1106,3,1,0.333333333333333,TRUE,"none"
1107,4,1,0.25,TRUE,"none"
1108,4,0,0,FALSE,"none"
1109,4,0,0,FALSE,"none"
1110,2,0,0,FALSE,"none"
1111,4,1,0.25,TRUE,"none"
1112,5,2,0.4,TRUE,"none"
1113,4,0,0,FALSE,"none"
1114,4,0,0,FALSE,"none"
1115,4,0,0,FALSE,"none"
1116,5,2,0.4,TRUE,"none"
1117,4,1,0.25,TRUE,"none"
1118,5,1,0.2,TRUE,"none"
1119,4,0,0,FALSE,"none"
1120,6,2,0.333333333333333,TRUE,"none"
1121,4,1,0.25,TRUE,"none"
1122,1,0,0,FALSE,"none"
1123,3,1,0.333333333333333,TRUE,"none"
1124,5,1,0.2,TRUE,"none"
1125,4,0,0,FALSE,"none"
1126,5,1,0.2,TRUE,"none"
1127,2,0,0,FALSE,"none"
1128,3,2,0.666666666666667,TRUE,"none"
1129,5,2,0.4,TRUE,"none"
1130,5,1,0.2,TRUE,"none"
1131,4,0,0,FALSE,"none"
1132,2,0,0,FALSE,"none"
1133,6,2,0.333333333333333,TRUE,"none"
1134,2,0,0,FALSE,"none"
1135,5,1,0.2,TRUE,"none"
1136,2,0,0,FALSE,"none"
1137,3,0,0,FALSE,"none"
1138,4,1,0.25,TRUE,"none"
1139,3,0,0,FALSE,"none"
1140,5,1,0.2,TRUE,"none"
1141,6,3,0.5,TRUE,"none"
1142,4,0,0,FALSE,"none"
1143,5,1,0.2,TRUE,"none"
1144,6,2,0.333333333333333,TRUE,"none"
1145,4,1,0.25,TRUE,"none"
1146,6,2,0.333333333333333,TRUE,"none"
1147,4,0,0,FALSE,"none"
1148,4,1,0.25,TRUE,"none"
1149,2,0,0,FALSE,"none"
1150,5,1,0.2,TRUE,"none"
1151,5,1,0.2,TRUE,"none"
1152,3,0,0,FALSE,"none"
1153,3,0,0,FALSE,"none"
1154,2,0,0,FALSE,"none"
1155,5,1,0.2,TRUE,"none"
1156,3,0,0,FALSE,"none"
1157,5,2,0.4,TRUE,"none"
1158,5,1,0.2,TRUE,"none"
1159,5,1,0.2,TRUE,"none"
1160,4,0,0,FALSE,"none"
1161,4,2,0.5,TRUE,"none"
1162,5,1,0.2,TRUE,"none"
1163,4,1,0.25,TRUE,"none"
1164,4,0,0,FALSE,"none"
1165,2,0,0,FALSE,"none"
1166,4,0,0,FALSE,"none"
1167,2,0,0,FALSE,"none"
1168,3,0,0,FALSE,"none"
1169,3,0,0,FALSE,"none"
1170,5,1,0.2,TRUE,"none"
1171,5,2,0.4,TRUE,"none"
1172,4,0,0,FALSE,"none"
1173,3,1,0.333333333333333,TRUE,"none"
1174,2,0,0,FALSE,"none"
1175,4,0,0,FALSE,"none"
1176,2,0,0,FALSE,"none"
1177,3,0,0,FALSE,"none"
1178,2,0,0,FALSE,"none"
1179,4,0,0,FALSE,"none"
1180,5,1,0.2,TRUE,"none"
1181,3,1,0.333333333333333,TRUE,"none"
1182,3,0,0,FALSE,"none"
1183,5,2,0.4,TRUE,"none"
1184,4,1,0.25,TRUE,"none"
1185,5,1,0.2,TRUE,"none"
1186,3,0,0,FALSE,"none"
1187,5,2,0.4,TRUE,"none"
1188,3,0,0,FALSE,"none"
1189,3,0,0,FALSE,"none"
1190,5,1,0.2,TRUE,"none"
1191,4,0,0,FALSE,"none"
1192,5,1,0.2,TRUE,"none"
1193,5,1,0.2,TRUE,"none"
1194,4,2,0.5,TRUE,"none"
1195,3,0,0,FALSE,"none"
1196,5,1,0.2,TRUE,"none"
1197,5,1,0.2,TRUE,"none"
1198,4,1,0.25,TRUE,"none"
1199,4,2,0.5,TRUE,"none"
1200,3,1,0.333333333333333,TRUE,"none"
1201,1,0,0,FALSE,"none"
1202,7,3,0.428571428571429,TRUE,"none"
1203,3,0,0,FALSE,"none"
1204,4,1,0.25,TRUE,"none"
1205,4,1,0.25,TRUE,"none"
1206,4,1,0.25,TRUE,"none"
1207,5,1,0.2,TRUE,"none"
1208,6,2,0.333333333333333,TRUE,"none"
1209,3,1,0.333333333333333,TRUE,"none"
1210,5,2,0.4,TRUE,"none"
1211,3,0,0,FALSE,"none"
1212,4,0,0,FALSE,"none"
1213,3,0,0,FALSE,"none"
1214,3,0,0,FALSE,"none"
1215,5,1,0.2,TRUE,"none"
1216,4,1,0.25,TRUE,"none"
1217,4,0,0,FALSE,"none"
1218,5,1,0.2,TRUE,"none"
1219,4,0,0,FALSE,"none"
1220,4,1,0.25,TRUE,"none"
1221,4,0,0,FALSE,"none"
1222,5,2,0.4,TRUE,"none"
1223,6,3,0.5,TRUE,"none"
1224,4,0,0,FALSE,"none"
1225,6,2,0.333333333333333,TRUE,"none"
1226,5,1,0.2,TRUE,"none"
1227,6,2,0.333333333333333,TRUE,"none"
1228,5,1,0.2,TRUE,"none"
1229,6,2,0.333333333333333,TRUE,"none"
1230,3,0,0,FALSE,"none"
1231,5,1,0.2,TRUE,"none"
1232,4,0,0,FALSE,"none"
1233,4,0,0,FALSE,"none"
1234,6,3,0.5,TRUE,"none"
1235,5,1,0.2,TRUE,"none"
1236,4,0,0,FALSE,"none"
1237,4,0,0,FALSE,"none"
1238,4,0,0,FALSE,"none"
1239,5,1,0.2,TRUE,"none"
1240,5,1,0.2,TRUE,"none"
1241,4,0,0,FALSE,"none"
1242,4,0,0,FALSE,"none"
1243,5,1,0.2,TRUE,"none"
1244,3,0,0,FALSE,"none"
1245,4,0,0,FALSE,"none"
1246,4,0,0,FALSE,"none"
1247,4,1,0.25,TRUE,"none"
1248,5,1,0.2,TRUE,"none"
1249,6,3,0.5,TRUE,"none"
1250,5,1,0.2,TRUE,"none"
1251,5,1,0.2,TRUE,"none"
1252,4,1,0.25,TRUE,"none"
1253,4,0,0,FALSE,"none"
1254,4,1,0.25,TRUE,"none"
1255,4,1,0.25,TRUE,"none"
1256,4,0,0,FALSE,"none"
1257,4,0,0,FALSE,"none"
1258,2,0,0,FALSE,"none"
1259,4,1,0.25,TRUE,"none"
1260,6,2,0.333333333333333,TRUE,"none"
1261,6,2,0.333333333333333,TRUE,"none"
1262,5,1,0.2,TRUE,"none"
1263,4,1,0.25,TRUE,"none"
1264,4,0,0,FALSE,"none"
1265,5,2,0.4,TRUE,"none"
1266,4,0,0,FALSE,"none"
1267,6,2,0.333333333333333,TRUE,"none"
1268,4,0,0,FALSE,"none"
1269,5,1,0.2,TRUE,"none"
1270,5,1,0.2,TRUE,"none"
1271,5,1,0.2,TRUE,"none"
1272,4,1,0.25,TRUE,"none"
1273,7,3,0.428571428571429,TRUE,"none"
1274,2,0,0,FALSE,"none"
1275,4,0,0,FALSE,"none"
1276,4,0,0,FALSE,"none"
1277,3,1,0.333333333333333,TRUE,"none"
1278,4,0,0,FALSE,"none"
1279,3,0,0,FALSE,"none"
1280,4,1,0.25,TRUE,"none"
1281,6,2,0.333333333333333,TRUE,"none"
1282,3,1,0.333333333333333,TRUE,"none"
1283,4,0,0,FALSE,"none"
1284,5,1,0.2,TRUE,"none"
1285,3,1,0.333333333333333,TRUE,"none"
1286,4,1,0.25,TRUE,"none"
1287,3,0,0,FALSE,"none"
1288,3,0,0,FALSE,"none"
1289,3,0,0,FALSE,"none"
1290,4,0,0,FALSE,"none"
1291,4,1,0.25,TRUE,"none"
1292,4,0,0,FALSE,"none"
1293,3,0,0,FALSE,"none"
1294,4,1,0.25,TRUE,"none"
1295,3,0,0,FALSE,"none"
1296,4,1,0.25,TRUE,"none"
1297,3,0,0,FALSE,"none"
1298,3,0,0,FALSE,"none"
1299,5,1,0.2,TRUE,"none"
1300,6,3,0.5,TRUE,"none"
1301,5,1,0.2,TRUE,"none"
1302,6,2,0.333333333333333,TRUE,"none"
1303,4,0,0,FALSE,"none"
1304,6,2,0.333333333333333,TRUE,"none"
1305,4,0,0,FALSE,"none"
1306,4,0,0,FALSE,"none"
1307,3,0,0,FALSE,"none"
1308,4,0,0,FALSE,"none"
1309,4,0,0,FALSE,"none"
1310,5,1,0.2,TRUE,"none"
1311,6,2,0.333333333333333,TRUE,"none"
1312,4,1,0.25,TRUE,"none"
1313,3,1,0.333333333333333,TRUE,"none"
1314,5,1,0.2,TRUE,"none"
1315,3,0,0,FALSE,"none"
1316,4,0,0,FALSE,"none"
1317,6,2,0.333333333333333,TRUE,"none"
1318,4,1,0.25,TRUE,"none"
1319,5,1,0.2,TRUE,"none"
1320,3,0,0,FALSE,"none"
1321,2,0,0,FALSE,"none"
1322,4,1,0.25,TRUE,"none"
1323,3,0,0,FALSE,"none"
1324,5,1,0.2,TRUE,"none"
1325,2,0,0,FALSE,"none"
1326,4,1,0.25,TRUE,"none"
1327,3,0,0,FALSE,"none"
1328,2,0,0,FALSE,"none"
1329,6,2,0.333333333333333,TRUE,"none"
1330,4,0,0,FALSE,"none"
1331,6,2,0.333333333333333,TRUE,"none"
1332,4,0,0,FALSE,"none"
1333,4,0,0,FALSE,"none"
1334,7,3,0.428571428571429,TRUE,"none"
1335,3,0,0,FALSE,"none"
1336,4,0,0,FALSE,"none"
1337,3,0,0,FALSE,"none"
1338,4,1,0.25,TRUE,"none"
1339,3,0,0,FALSE,"none"
1340,4,1,0.25,TRUE,"none"
1341,4,2,0.5,TRUE,"none"
1342,2,0,0,FALSE,"none"
1343,4,0,0,FALSE,"none"
1344,4,0,0,FALSE,"none"
1345,5,1,0.2,TRUE,"none"
1346,3,0,0,FALSE,"none"
1347,5,1,0.2,TRUE,"none"
1348,3,0,0,FALSE,"none"
1349,4,0,0,FALSE,"none"
1350,5,1,0.2,TRUE,"none"
1351,4,0,0,FALSE,"none"
1352,6,2,0.333333333333333,TRUE,"none"
1353,5,2,0.4,TRUE,"none"
1354,4,0,0,FALSE,"none"
1355,4,1,0.25,TRUE,"none"
1356,3,0,0,FALSE,"none"
1357,4,0,0,FALSE,"none"
1358,3,0,0,FALSE,"none"
1359,4,0,0,FALSE,"none"
1360,4,1,0.25,TRUE,"none"
1361,4,0,0,FALSE,"none"
1362,4,0,0,FALSE,"none"
1363,4,0,0,FALSE,"none"
1364,4,0,0,FALSE,"none"
1365,3,1,0.333333333333333,TRUE,"none"
1366,4,0,0,FALSE,"none"
1367,5,1,0.2,TRUE,"none"
1368,4,1,0.25,TRUE,"none"
1369,5,1,0.2,TRUE,"none"
1370,4,0,0,FALSE,"none"
1371,3,0,0,FALSE,"none"
1372,4,1,0.25,TRUE,"none"
1373,5,1,0.2,TRUE,"none"
1374,4,0,0,FALSE,"none"
1375,4,1,0.25,TRUE,"none"
1376,4,1,0.25,TRUE,"none"
1377,3,0,0,FALSE,"none"
1378,4,1,0.25,TRUE,"none"
1379,5,1,0.2,TRUE,"none"
1380,3,1,0.333333333333333,TRUE,"none"
1381,4,0,0,FALSE,"none"
1382,3,0,0,FALSE,"none"
1383,4,1,0.25,TRUE,"none"
1384,4,1,0.25,TRUE,"none"
1385,3,0,0,FALSE,"none"
1386,5,1,0.2,TRUE,"none"
1387,4,0,0,FALSE,"none"
1388,6,2,0.333333333333333,TRUE,"none"
1389,4,0,0,FALSE,"none"
1390,3,1,0.333333333333333,TRUE,"none"
1391,4,1,0.25,TRUE,"none"
1392,3,1,0.333333333333333,TRUE,"none"
1393,4,0,0,FALSE,"none"
1394,5,1,0.2,TRUE,"none"
1395,5,1,0.2,TRUE,"none"
1396,6,2,0.333333333333333,TRUE,"none"
1397,4,1,0.25,TRUE,"none"
1398,6,3,0.5,TRUE,"none"
1399,3,1,0.333333333333333,TRUE,"none"
1400,5,1,0.2,TRUE,"none"
1401,1,0,0,FALSE,"none"
1402,5,1,0.2,TRUE,"none"
1403,3,0,0,FALSE,"none"
1404,5,1,0.2,TRUE,"none"
1405,5,1,0.2,TRUE,"none"
1406,3,1,0.333333333333333,TRUE,"none"
1407,5,1,0.2,TRUE,"none"
1408,5,2,0.4,TRUE,"none"
1409,3,1,0.333333333333333,TRUE,"none"
1410,7,3,0.428571428571429,TRUE,"none"
1411,5,1,0.2,TRUE,"none"
1412,6,2,0.333333333333333,TRUE,"none"
1413,5,1,0.2,TRUE,"none"
1414,6,2,0.333333333333333,TRUE,"none"
1415,5,2,0.4,TRUE,"none"
1416,3,0,0,FALSE,"none"
1417,3,0,0,FALSE,"none"
1418,5,1,0.2,TRUE,"none"
1419,7,3,0.428571428571429,TRUE,"none"
1420,4,0,0,FALSE,"none"
1421,2,1,0.5,TRUE,"none"
1422,3,0,0,FALSE,"none"
1423,3,0,0,FALSE,"none"
1424,2,1,0.5,TRUE,"none"
1425,4,2,0.5,TRUE,"none"
1426,4,1,0.25,TRUE,"none"
1427,5,1,0.2,TRUE,"none"
1428,2,0,0,FALSE,"none"
1429,6,2,0.333333333333333,TRUE,"none"
1430,2,0,0,FALSE,"none"
1431,5,1,0.2,TRUE,"none"
1432,6,2,0.333333333333333,TRUE,"none"
1433,4,1,0.25,TRUE,"none"
1434,5,1,0.2,TRUE,"none"
1435,5,1,0.2,TRUE,"none"
1436,6,2,0.333333333333333,TRUE,"none"
1437,5,1,0.2,TRUE,"none"
1438,4,0,0,FALSE,"none"
1439,4,0,0,FALSE,"none"
1440,4,0,0,FALSE,"none"
1441,2,0,0,FALSE,"none"
1442,5,1,0.2,TRUE,"none"
1443,5,1,0.2,TRUE,"none"
1444,3,1,0.333333333333333,TRUE,"none"
1445,4,0,0,FALSE,"none"
1446,3,0,0,FALSE,"none"
1447,4,1,0.25,TRUE,"none"
1448,4,0,0,FALSE,"none"
1449,3,1,0.333333333333333,TRUE,"none"
1450,7,3,0.428571428571429,TRUE,"none"
1451,5,1,0.2,TRUE,"none"
1452,2,0,0,FALSE,"none"
1453,6,3,0.5,TRUE,"none"
1454,5,1,0.2,TRUE,"none"
1455,5,1,0.2,TRUE,"none"
1456,3,0,0,FALSE,"none"
1457,4,0,0,FALSE,"none"
1458,4,1,0.25,TRUE,"none"
1459,6,2,0.333333333333333,TRUE,"none"
1460,5,2,0.4,TRUE,"none"
1461,2,0,0,FALSE,"none"
1462,4,0,0,FALSE,"none"
1463,3,0,0,FALSE,"none"
1464,4,0,0,FALSE,"none"
1465,4,1,0.25,TRUE,"none"
1466,3,0,0,FALSE,"none"
1467,4,0,0,FALSE,"none"
1468,4,1,0.25,TRUE,"none"
1469,3,1,0.333333333333333,TRUE,"none"
1470,6,2,0.333333333333333,TRUE,"none"
1471,4,1,0.25,TRUE,"none"
1472,4,0,0,FALSE,"none"
1473,4,0,0,FALSE,"none"
1474,3,0,0,FALSE,"none"
1475,3,0,0,FALSE,"none"
1476,5,3,0.6,TRUE,"none"
1477,6,2,0.333333333333333,TRUE,"none"
1478,7,3,0.428571428571429,TRUE,"none"
1479,4,0,0,FALSE,"none"
1480,4,0,0,FALSE,"none"
1481,4,1,0.25,TRUE,"none"
1482,5,1,0.2,TRUE,"none"
1483,3,0,0,FALSE,"none"
1484,3,0,0,FALSE,"none"
1485,6,2,0.333333333333333,TRUE,"none"
1486,6,2,0.333333333333333,TRUE,"none"
1487,4,0,0,FALSE,"none"
1488,3,1,0.333333333333333,TRUE,"none"
1489,4,1,0.25,TRUE,"none"
1490,5,1,0.2,TRUE,"none"
1491,4,1,0.25,TRUE,"none"
1492,4,0,0,FALSE,"none"
1493,5,2,0.4,TRUE,"none"
1494,4,1,0.25,TRUE,"none"
1495,4,0,0,FALSE,"none"
1496,5,1,0.2,TRUE,"none"
1497,4,0,0,FALSE,"none"
1498,3,1,0.333333333333333,TRUE,"none"
1499,3,0,0,FALSE,"none"
1500,6,2,0.333333333333333,TRUE,"none"
1501,4,0,0,FALSE,"none"
1502,4,1,0.25,TRUE,"none"
1503,5,1,0.2,TRUE,"none"
1504,3,0,0,FALSE,"none"
1505,4,0,0,FALSE,"none"
1506,5,1,0.2,TRUE,"none"
1507,4,0,0,FALSE,"none"
1508,3,0,0,FALSE,"none"
1509,4,0,0,FALSE,"none"
1510,4,1,0.25,TRUE,"none"
1511,5,2,0.4,TRUE,"none"
1512,4,1,0.25,TRUE,"none"
1513,4,0,0,FALSE,"none"
1514,3,0,0,FALSE,"none"
1515,2,1,0.5,TRUE,"none"
1516,6,2,0.333333333333333,TRUE,"none"
1517,4,1,0.25,TRUE,"none"
1518,5,1,0.2,TRUE,"none"
1519,2,0,0,FALSE,"none"
1520,2,0,0,FALSE,"none"
1521,3,2,0.666666666666667,TRUE,"none"
1522,3,1,0.333333333333333,TRUE,"none"
1523,6,2,0.333333333333333,TRUE,"none"
1524,2,0,0,FALSE,"none"
1525,3,0,0,FALSE,"none"
1526,5,1,0.2,TRUE,"none"
1527,4,0,0,FALSE,"none"
1528,5,1,0.2,TRUE,"none"
1529,4,1,0.25,TRUE,"none"
1530,5,1,0.2,TRUE,"none"
1531,3,0,0,FALSE,"none"
1532,3,0,0,FALSE,"none"
1533,5,1,0.2,TRUE,"none"
1534,4,0,0,FALSE,"none"
1535,4,0,0,FALSE,"none"
1536,4,0,0,FALSE,"none"
1537,4,0,0,FALSE,"none"
1538,4,0,0,FALSE,"none"
1539,5,1,0.2,TRUE,"none"
1540,6,2,0.333333333333333,TRUE,"none"
1541,2,0,0,FALSE,"none"
1542,3,0,0,FALSE,"none"
1543,4,1,0.25,TRUE,"none"
1544,5,2,0.4,TRUE,"none"
1545,3,0,0,FALSE,"none"
1546,4,0,0,FALSE,"none"
1547,4,1,0.25,TRUE,"none"
1548,4,1,0.25,TRUE,"none"
1549,5,2,0.4,TRUE,"none"
1550,4,0,0,FALSE,"none"
1551,4,0,0,FALSE,"none"
1552,3,0,0,FALSE,"none"
1553,5,1,0.2,TRUE,"none"
1554,3,0,0,FALSE,"none"
1555,4,0,0,FALSE,"none"
1556,1,0,0,FALSE,"none"
1557,3,0,0,FALSE,"none"
1558,4,0,0,FALSE,"none"
1559,4,2,0.5,TRUE,"none"
1560,3,1,0.333333333333333,TRUE,"none"
1561,8,4,0.5,TRUE,"none"
1562,3,0,0,FALSE,"none"
1563,3,0,0,FALSE,"none"
1564,4,0,0,FALSE,"none"
1565,3,0,0,FALSE,"none"
1566,6,2,0.333333333333333,TRUE,"none"
1567,3,0,0,FALSE,"none"
1568,3,0,0,FALSE,"none"
1569,2,0,0,FALSE,"none"
1570,4,1,0.25,TRUE,"none"
1571,4,0,0,FALSE,"none"
1572,3,0,0,FALSE,"none"
1573,3,0,0,FALSE,"none"
1574,3,1,0.333333333333333,TRUE,"none"
1575,4,1,0.25,TRUE,"none"
1576,5,1,0.2,TRUE,"none"
1577,7,3,0.428571428571429,TRUE,"none"
1578,3,1,0.333333333333333,TRUE,"none"
1579,5,1,0.2,TRUE,"none"
1580,3,0,0,FALSE,"none"
1581,4,2,0.5,TRUE,"none"
1582,4,0,0,FALSE,"none"
1583,3,1,0.333333333333333,TRUE,"none"
1584,5,1,0.2,TRUE,"none"
1585,1,0,0,FALSE,"none"
1586,5,1,0.2,TRUE,"none"
1587,5,1,0.2,TRUE,"none"
1588,3,0,0,FALSE,"none"
1589,3,0,0,FALSE,"none"
1590,1,0,0,FALSE,"none"
1591,4,0,0,FALSE,"none"
1592,4,1,0.25,TRUE,"none"
1593,4,1,0.25,TRUE,"none"
1594,4,0,0,FALSE,"none"
1595,3,0,0,FALSE,"none"
1596,4,0,0,FALSE,"none"
1597,5,2,0.4,TRUE,"none"
1598,4,2,0.5,TRUE,"none"
1599,4,1,0.25,TRUE,"none"
1600,4,0,0,FALSE,"none"
1601,5,2,0.4,TRUE,"none"
1602,5,1,0.2,TRUE,"none"
1603,5,2,0.4,TRUE,"none"
1604,5,2,0.4,TRUE,"none"
1605,3,0,0,FALSE,"none"
1606,4,0,0,FALSE,"none"
1607,4,0,0,FALSE,"none"
1608,3,0,0,FALSE,"none"
1609,5,1,0.2,TRUE,"none"
1610,6,2,0.333333333333333,TRUE,"none"
1611,5,2,0.4,TRUE,"none"
1612,4,0,0,FALSE,"none"
1613,5,1,0.2,TRUE,"none"
1614,4,0,0,FALSE,"none"
1615,2,0,0,FALSE,"none"
1616,4,0,0,FALSE,"none"
1617,3,1,0.333333333333333,TRUE,"none"
1618,2,0,0,FALSE,"none"
1619,3,0,0,FALSE,"none"
1620,4,0,0,FALSE,"none"
1621,4,0,0,FALSE,"none"
1622,4,1,0.25,TRUE,"none"
1623,6,2,0.333333333333333,TRUE,"none"
1624,3,0,0,FALSE,"none"
1625,3,0,0,FALSE,"none"
1626,2,0,0,FALSE,"none"
1627,3,0,0,FALSE,"none"
1628,5,1,0.2,TRUE,"none"
1629,3,1,0.333333333333333,TRUE,"none"
1630,4,0,0,FALSE,"none"
1631,7,3,0.428571428571429,TRUE,"none"
1632,5,1,0.2,TRUE,"none"
1633,3,0,0,FALSE,"none"
1634,4,0,0,FALSE,"none"
1635,2,0,0,FALSE,"none"
1636,4,0,0,FALSE,"none"
1637,4,1,0.25,TRUE,"none"
1638,4,1,0.25,TRUE,"none"
1639,4,1,0.25,TRUE,"none"
1640,4,0,0,FALSE,"none"
1641,7,3,0.428571428571429,TRUE,"none"
1642,5,1,0.2,TRUE,"none"
1643,4,0,0,FALSE,"none"
1644,4,0,0,FALSE,"none"
1645,4,0,0,FALSE,"none"
1646,5,1,0.2,TRUE,"none"
1647,6,2,0.333333333333333,TRUE,"none"
1648,4,2,0.5,TRUE,"none"
1649,4,0,0,FALSE,"none"
1650,4,1,0.25,TRUE,"none"
1651,5,1,0.2,TRUE,"none"
1652,6,2,0.333333333333333,TRUE,"none"
1653,5,1,0.2,TRUE,"none"
1654,4,0,0,FALSE,"none"
1655,4,0,0,FALSE,"none"
1656,6,2,0.333333333333333,TRUE,"none"
1657,3,0,0,FALSE,"none"
1658,3,0,0,FALSE,"none"
1659,4,1,0.25,TRUE,"none"
1660,5,1,0.2,TRUE,"none"
1661,5,1,0.2,TRUE,"none"
1662,7,4,0.571428571428571,TRUE,"none"
1663,5,1,0.2,TRUE,"none"
1664,4,0,0,FALSE,"none"
1665,3,0,0,FALSE,"none"
1666,4,0,0,FALSE,"none"
1667,5,2,0.4,TRUE,"none"
1668,4,0,0,FALSE,"none"
1669,2,1,0.5,TRUE,"none"
1670,3,1,0.333333333333333,TRUE,"none"
1671,6,2,0.333333333333333,TRUE,"none"
1672,3,0,0,FALSE,"none"
1673,4,1,0.25,TRUE,"none"
1674,5,1,0.2,TRUE,"none"
1675,3,0,0,FALSE,"none"
1676,5,1,0.2,TRUE,"none"
1677,5,3,0.6,TRUE,"none"
1678,3,0,0,FALSE,"none"
1679,3,0,0,FALSE,"none"
1680,4,0,0,FALSE,"none"
1681,3,0,0,FALSE,"none"
1682,5,1,0.2,TRUE,"none"
1683,4,0,0,FALSE,"none"
1684,6,2,0.333333333333333,TRUE,"none"
1685,4,1,0.25,TRUE,"none"
1686,3,0,0,FALSE,"none"
1687,2,0,0,FALSE,"none"
1688,5,1,0.2,TRUE,"none"
1689,3,2,0.666666666666667,TRUE,"none"
1690,5,1,0.2,TRUE,"none"
1691,4,0,0,FALSE,"none"
1692,5,1,0.2,TRUE,"none"
1693,3,0,0,FALSE,"none"
1694,4,1,0.25,TRUE,"none"
1695,3,0,0,FALSE,"none"
1696,5,1,0.2,TRUE,"none"
1697,7,3,0.428571428571429,TRUE,"none"
1698,4,0,0,FALSE,"none"
1699,5,2,0.4,TRUE,"none"
1700,5,1,0.2,TRUE,"none"
1701,4,0,0,FALSE,"none"
1702,4,0,0,FALSE,"none"
1703,6,2,0.333333333333333,TRUE,"none"
1704,6,2,0.333333333333333,TRUE,"none"
1705,5,1,0.2,TRUE,"none"
1706,3,0,0,FALSE,"none"
1707,6,2,0.333333333333333,TRUE,"none"
1708,6,3,0.5,TRUE,"none"
1709,4,1,0.25,TRUE,"none"
1710,5,2,0.4,TRUE,"none"
1711,4,0,0,FALSE,"none"
1712,4,0,0,FALSE,"none"
1713,1,0,0,FALSE,"none"
1714,5,1,0.2,TRUE,"none"
1715,4,1,0.25,TRUE,"none"
1716,6,2,0.333333333333333,TRUE,"none"
1717,3,0,0,FALSE,"none"
1718,4,1,0.25,TRUE,"none"
1719,3,0,0,FALSE,"none"
1720,3,0,0,FALSE,"none"
1721,4,1,0.25,TRUE,"none"
1722,3,0,0,FALSE,"none"
1723,5,1,0.2,TRUE,"none"
1724,4,1,0.25,TRUE,"none"
1725,5,1,0.2,TRUE,"none"
1726,3,0,0,FALSE,"none"
1727,2,0,0,FALSE,"none"
1728,6,2,0.333333333333333,TRUE,"none"
1729,4,0,0,FALSE,"none"
1730,4,0,0,FALSE,"none"
1731,2,0,0,FALSE,"none"
1732,4,0,0,FALSE,"none"
1733,6,2,0.333333333333333,TRUE,"none"
1734,4,1,0.25,TRUE,"none"
1735,4,0,0,FALSE,"none"
1736,4,2,0.5,TRUE,"none"
1737,3,0,0,FALSE,"none"
1738,4,0,0,FALSE,"none"
1739,3,0,0,FALSE,"none"
1740,4,1,0.25,TRUE,"none"
1741,6,2,0.333333333333333,TRUE,"none"
1742,4,1,0.25,TRUE,"none"
1743,4,0,0,FALSE,"none"
1744,3,0,0,FALSE,"none"
1745,4,2,0.5,TRUE,"none"
1746,3,0,0,FALSE,"none"
1747,4,1,0.25,TRUE,"none"
1748,3,0,0,FALSE,"none"
1749,5,1,0.2,TRUE,"none"
1750,3,1,0.333333333333333,TRUE,"none"
1751,3,0,0,FALSE,"none"
1752,4,0,0,FALSE,"none"
1753,4,1,0.25,TRUE,"none"
1754,5,1,0.2,TRUE,"none"
1755,4,1,0.25,TRUE,"none"
1756,5,2,0.4,TRUE,"none"
1757,4,0,0,FALSE,"none"
1758,5,1,0.2,TRUE,"none"
1759,5,2,0.4,TRUE,"none"
1760,5,1,0.2,TRUE,"none"
1761,3,0,0,FALSE,"none"
1762,4,0,0,FALSE,"none"
1763,4,1,0.25,TRUE,"none"
1764,5,2,0.4,TRUE,"none"
1765,2,0,0,FALSE,"none"
1766,3,0,0,FALSE,"none"
1767,3,0,0,FALSE,"none"
1768,4,0,0,FALSE,"none"
1769,3,0,0,FALSE,"none"
1770,6,2,0.333333333333333,TRUE,"none"
1771,3,0,0,FALSE,"none"
1772,5,1,0.2,TRUE,"none"
1773,4,1,0.25,TRUE,"none"
1774,3,0,0,FALSE,"none"
1775,4,0,0,FALSE,"none"
1776,3,0,0,FALSE,"none"
1777,4,1,0.25,TRUE,"none"
1778,4,0,0,FALSE,"none"
1779,5,1,0.2,TRUE,"none"
1780,6,3,0.5,TRUE,"none"
1781,2,0,0,FALSE,"none"
1782,3,0,0,FALSE,"none"
1783,5,1,0.2,TRUE,"none"
1784,6,2,0.333333333333333,TRUE,"none"
1785,5,2,0.4,TRUE,"none"
1786,5,1,0.2,TRUE,"none"
1787,5,2,0.4,TRUE,"none"
1788,6,2,0.333333333333333,TRUE,"none"
1789,5,1,0.2,TRUE,"none"
1790,5,1,0.2,TRUE,"none"
1791,3,0,0,FALSE,"none"
1792,3,0,0,FALSE,"none"
1793,4,0,0,FALSE,"none"
1794,5,1,0.2,TRUE,"none"
1795,5,2,0.4,TRUE,"none"
1796,6,2,0.333333333333333,TRUE,"none"
1797,5,3,0.6,TRUE,"none"
1798,1,0,0,FALSE,"none"
1799,4,1,0.25,TRUE,"none"
1800,4,1,0.25,TRUE,"none"
1801,4,0,0,FALSE,"none"
1802,4,0,0,FALSE,"none"
1803,4,0,0,FALSE,"none"
1804,4,0,0,FALSE,"none"
1805,4,1,0.25,TRUE,"none"
1806,5,1,0.2,TRUE,"none"
1807,4,0,0,FALSE,"none"
1808,5,2,0.4,TRUE,"none"
1809,3,0,0,FALSE,"none"
1810,6,2,0.333333333333333,TRUE,"none"
1811,4,0,0,FALSE,"none"
1812,5,1,0.2,TRUE,"none"
1813,4,0,0,FALSE,"none"
1814,3,0,0,FALSE,"none"
1815,5,1,0.2,TRUE,"none"
1816,4,0,0,FALSE,"none"
1817,4,0,0,FALSE,"none"
1818,4,0,0,FALSE,"none"
1819,4,1,0.25,TRUE,"none"
1820,5,1,0.2,TRUE,"none"
1821,5,1,0.2,TRUE,"none"
1822,4,0,0,FALSE,"none"
1823,3,0,0,FALSE,"none"
1824,3,0,0,FALSE,"none"
1825,6,3,0.5,TRUE,"none"
1826,4,1,0.25,TRUE,"none"
1827,4,0,0,FALSE,"none"
1828,4,0,0,FALSE,"none"
1829,6,2,0.333333333333333,TRUE,"none"
1830,4,0,0,FALSE,"none"
1831,6,2,0.333333333333333,TRUE,"none"
1832,6,2,0.333333333333333,TRUE,"none"
1833,5,1,0.2,TRUE,"none"
1834,7,4,0.571428571428571,TRUE,"none"
1835,2,0,0,FALSE,"none"
1836,3,0,0,FALSE,"none"
1837,5,1,0.2,TRUE,"none"
1838,4,0,0,FALSE,"none"
1839,6,3,0.5,TRUE,"none"
1840,4,1,0.25,TRUE,"none"
1841,4,0,0,FALSE,"none"
1842,5,1,0.2,TRUE,"none"
1843,2,0,0,FALSE,"none"
1844,3,0,0,FALSE,"none"
1845,1,0,0,FALSE,"none"
1846,4,1,0.25,TRUE,"none"
1847,4,0,0,FALSE,"none"
1848,3,0,0,FALSE,"none"
1849,5,1,0.2,TRUE,"none"
1850,3,0,0,FALSE,"none"
1851,3,0,0,FALSE,"none"
1852,5,1,0.2,TRUE,"none"
1853,3,0,0,FALSE,"none"
1854,5,1,0.2,TRUE,"none"
1855,3,0,0,FALSE,"none"
1856,5,1,0.2,TRUE,"none"
1857,1,0,0,FALSE,"none"
1858,3,0,0,FALSE,"none"
1859,5,1,0.2,TRUE,"none"
1860,4,0,0,FALSE,"none"
1861,6,2,0.333333333333333,TRUE,"none"
1862,6,2,0.333333333333333,TRUE,"none"
1863,5,1,0.2,TRUE,"none"
1864,4,1,0.25,TRUE,"none"
1865,4,0,0,FALSE,"none"
1866,4,0,0,FALSE,"none"
1867,4,1,0.25,TRUE,"none"
1868,5,1,0.2,TRUE,"none"
1869,4,0,0,FALSE,"none"
1870,4,1,0.25,TRUE,"none"
1871,5,2,0.4,TRUE,"none"
1872,3,0,0,FALSE,"none"
1873,3,0,0,FALSE,"none"
1874,3,0,0,FALSE,"none"
1875,3,0,0,FALSE,"none"
1876,6,2,0.333333333333333,TRUE,"none"
1877,6,2,0.333333333333333,TRUE,"none"
1878,6,2,0.333333333333333,TRUE,"none"
1879,3,0,0,FALSE,"none"
1880,7,3,0.428571428571429,TRUE,"none"
1881,4,0,0,FALSE,"none"
1882,6,3,0.5,TRUE,"none"
1883,3,0,0,FALSE,"none"
1884,4,0,0,FALSE,"none"
1885,5,1,0.2,TRUE,"none"
1886,2,1,0.5,TRUE,"none"
1887,4,1,0.25,TRUE,"none"
1888,4,1,0.25,TRUE,"none"
1889,4,0,0,FALSE,"none"
1890,4,1,0.25,TRUE,"none"
1891,4,1,0.25,TRUE,"none"
1892,5,1,0.2,TRUE,"none"
1893,5,1,0.2,TRUE,"none"
1894,3,0,0,FALSE,"none"
1895,7,3,0.428571428571429,TRUE,"none"
1896,4,1,0.25,TRUE,"none"
1897,3,0,0,FALSE,"none"
1898,2,1,0.5,TRUE,"none"
1899,4,2,0.5,TRUE,"none"
1900,3,0,0,FALSE,"none"
1901,5,1,0.2,TRUE,"none"
1902,5,1,0.2,TRUE,"none"
1903,8,4,0.5,TRUE,"none"
1904,4,0,0,FALSE,"none"
1905,3,0,0,FALSE,"none"
1906,6,3,0.5,TRUE,"none"
1907,4,0,0,FALSE,"none"
1908,2,0,0,FALSE,"none"
1909,2,0,0,FALSE,"none"
1910,5,2,0.4,TRUE,"none"
1911,3,0,0,FALSE,"none"
1912,4,0,0,FALSE,"none"
1913,5,1,0.2,TRUE,"none"
1914,2,0,0,FALSE,"none"
1915,3,0,0,FALSE,"none"
1916,3,1,0.333333333333333,TRUE,"none"
1917,7,3,0.428571428571429,TRUE,"none"
1918,5,1,0.2,TRUE,"none"
1919,4,0,0,FALSE,"none"
1920,3,1,0.333333333333333,TRUE,"none"
1921,4,0,0,FALSE,"none"
1922,3,1,0.333333333333333,TRUE,"none"
1923,5,2,0.4,TRUE,"none"
1924,4,1,0.25,TRUE,"none"
1925,4,0,0,FALSE,"none"
1926,4,0,0,FALSE,"none"
1927,4,0,0,FALSE,"none"
1928,4,1,0.25,TRUE,"none"
1929,3,0,0,FALSE,"none"
1930,4,0,0,FALSE,"none"
1931,5,1,0.2,TRUE,"none"
1932,3,0,0,FALSE,"none"
1933,4,1,0.25,TRUE,"none"
1934,4,0,0,FALSE,"none"
1935,5,1,0.2,TRUE,"none"
1936,3,0,0,FALSE,"none"
1937,3,1,0.333333333333333,TRUE,"none"
1938,5,1,0.2,TRUE,"none"
1939,4,0,0,FALSE,"none"
1940,4,1,0.25,TRUE,"none"
1941,4,0,0,FALSE,"none"
1942,5,1,0.2,TRUE,"none"
1943,5,1,0.2,TRUE,"none"
1944,4,0,0,FALSE,"none"
1945,5,1,0.2,TRUE,"none"
1946,4,0,0,FALSE,"none"
1947,4,1,0.25,TRUE,"none"
1948,5,1,0.2,TRUE,"none"
1949,4,1,0.25,TRUE,"none"
1950,4,1,0.25,TRUE,"none"
1951,5,1,0.2,TRUE,"none"
1952,3,0,0,FALSE,"none"
1953,4,1,0.25,TRUE,"none"
1954,4,0,0,FALSE,"none"
1955,6,2,0.333333333333333,TRUE,"none"
1956,5,1,0.2,TRUE,"none"
1957,3,1,0.333333333333333,TRUE,"none"
1958,3,0,0,FALSE,"none"
1959,5,1,0.2,TRUE,"none"
1960,5,1,0.2,TRUE,"none"
1961,4,0,0,FALSE,"none"
1962,4,0,0,FALSE,"none"
1963,6,2,0.333333333333333,TRUE,"none"
1964,2,0,0,FALSE,"none"
1965,4,0,0,FALSE,"none"
1966,4,0,0,FALSE,"none"
1967,5,1,0.2,TRUE,"none"
1968,4,0,0,FALSE,"none"
1969,3,0,0,FALSE,"none"
1970,5,1,0.2,TRUE,"none"
1971,3,1,0.333333333333333,TRUE,"none"
1972,5,1,0.2,TRUE,"none"
1973,4,2,0.5,TRUE,"none"
1974,4,0,0,FALSE,"none"
1975,3,0,0,FALSE,"none"
1976,3,0,0,FALSE,"none"
1977,5,2,0.4,TRUE,"none"
1978,3,0,0,FALSE,"none"
1979,5,1,0.2,TRUE,"none"
1980,3,0,0,FALSE,"none"
1981,5,2,0.4,TRUE,"none"
1982,3,0,0,FALSE,"none"
1983,4,0,0,FALSE,"none"
1984,3,0,0,FALSE,"none"
1985,5,2,0.4,TRUE,"none"
1986,5,1,0.2,TRUE,"none"
1987,4,0,0,FALSE,"none"
1988,5,1,0.2,TRUE,"none"
1989,4,0,0,FALSE,"none"
1990,6,2,0.333333333333333,TRUE,"none"
1991,3,0,0,FALSE,"none"
1992,4,1,0.25,TRUE,"none"
1993,5,1,0.2,TRUE,"none"
1994,3,0,0,FALSE,"none"
1995,4,0,0,FALSE,"none"
1996,4,0,0,FALSE,"none"
1997,5,1,0.2,TRUE,"none"
1998,3,0,0,FALSE,"none"
1999,3,1,0.333333333333333,TRUE,"none"
2000,5,1,0.2,TRUE,"none"
2001,5,1,0.2,TRUE,"none"
2002,6,3,0.5,TRUE,"none"
2003,5,1,0.2,TRUE,"none"
2004,7,3,0.428571428571429,TRUE,"none"
2005,5,1,0.2,TRUE,"none"
2006,6,2,0.333333333333333,TRUE,"none"
2007,2,0,0,FALSE,"none"
2008,4,0,0,FALSE,"none"
2009,5,1,0.2,TRUE,"none"
2010,4,0,0,FALSE,"none"
2011,4,0,0,FALSE,"none"
2012,4,0,0,FALSE,"none"
2013,5,2,0.4,TRUE,"none"
2014,7,3,0.428571428571429,TRUE,"none"
2015,4,0,0,FALSE,"none"
2016,4,1,0.25,TRUE,"none"
2017,2,0,0,FALSE,"none"
2018,3,0,0,FALSE,"none"
2019,4,0,0,FALSE,"none"
2020,4,0,0,FALSE,"none"
2021,4,0,0,FALSE,"none"
2022,3,0,0,FALSE,"none"
2023,5,1,0.2,TRUE,"none"
2024,3,0,0,FALSE,"none"
2025,4,0,0,FALSE,"none"
2026,4,1,0.25,TRUE,"none"
2027,3,0,0,FALSE,"none"
2028,7,3,0.428571428571429,TRUE,"none"
2029,5,1,0.2,TRUE,"none"
2030,5,1,0.2,TRUE,"none"
2031,3,0,0,FALSE,"none"
2032,4,1,0.25,TRUE,"none"
2033,1,0,0,FALSE,"none"
2034,3,0,0,FALSE,"none"
2035,5,2,0.4,TRUE,"none"
2036,4,0,0,FALSE,"none"
2037,6,3,0.5,TRUE,"none"
2038,5,1,0.2,TRUE,"none"
2039,4,2,0.5,TRUE,"none"
2040,5,2,0.4,TRUE,"none"
2041,3,2,0.666666666666667,TRUE,"none"
2042,5,1,0.2,TRUE,"none"
2043,4,0,0,FALSE,"none"
2044,2,0,0,FALSE,"none"
2045,4,0,0,FALSE,"none"
2046,3,0,0,FALSE,"none"
2047,4,0,0,FALSE,"none"
2048,4,0,0,FALSE,"none"
2049,4,0,0,FALSE,"none"
2050,3,0,0,FALSE,"none"
2051,4,1,0.25,TRUE,"none"
2052,3,0,0,FALSE,"none"
2053,3,0,0,FALSE,"none"
2054,3,0,0,FALSE,"none"
2055,5,1,0.2,TRUE,"none"
2056,3,0,0,FALSE,"none"
2057,5,1,0.2,TRUE,"none"
2058,3,0,0,FALSE,"none"
2059,3,0,0,FALSE,"none"
2060,6,2,0.333333333333333,TRUE,"none"
2061,3,0,0,FALSE,"none"
2062,5,2,0.4,TRUE,"none"
2063,4,1,0.25,TRUE,"none"
2064,5,1,0.2,TRUE,"none"
2065,2,0,0,FALSE,"none"
2066,4,0,0,FALSE,"none"
2067,4,1,0.25,TRUE,"none"
2068,5,3,0.6,TRUE,"none"
2069,5,1,0.2,TRUE,"none"
2070,4,0,0,FALSE,"none"
2071,5,1,0.2,TRUE,"none"
2072,2,0,0,FALSE,"none"
2073,7,3,0.428571428571429,TRUE,"none"
2074,5,1,0.2,TRUE,"none"
2075,4,1,0.25,TRUE,"none"
2076,5,2,0.4,TRUE,"none"
2077,3,0,0,FALSE,"none"
2078,4,0,0,FALSE,"none"
2079,6,2,0.333333333333333,TRUE,"none"
2080,5,1,0.2,TRUE,"none"
2081,5,1,0.2,TRUE,"none"
2082,5,1,0.2,TRUE,"none"
2083,5,1,0.2,TRUE,"none"
2084,4,0,0,FALSE,"none"
2085,5,1,0.2,TRUE,"none"
2086,6,2,0.333333333333333,TRUE,"none"
2087,6,3,0.5,TRUE,"none"
2088,5,1,0.2,TRUE,"none"
2089,5,2,0.4,TRUE,"none"
2090,4,1,0.25,TRUE,"none"
2091,4,1,0.25,TRUE,"none"
2092,4,1,0.25,TRUE,"none"
2093,4,0,0,FALSE,"none"
2094,3,0,0,FALSE,"none"
2095,4,2,0.5,TRUE,"none"
2096,4,1,0.25,TRUE,"none"
2097,3,0,0,FALSE,"none"
2098,2,0,0,FALSE,"none"
2099,5,1,0.2,TRUE,"none"
2100,3,0,0,FALSE,"none"
2101,4,1,0.25,TRUE,"none"
2102,4,0,0,FALSE,"none"
2103,3,0,0,FALSE,"none"
2104,6,2,0.333333333333333,TRUE,"none"
2105,4,1,0.25,TRUE,"none"
2106,4,0,0,FALSE,"none"
2107,3,0,0,FALSE,"none"
2108,4,1,0.25,TRUE,"none"
2109,3,1,0.333333333333333,TRUE,"none"
2110,4,0,0,FALSE,"none"
2111,5,2,0.4,TRUE,"none"
2112,4,1,0.25,TRUE,"none"
2113,4,1,0.25,TRUE,"none"
2114,3,0,0,FALSE,"none"
2115,4,0,0,FALSE,"none"
2116,5,2,0.4,TRUE,"none"
2117,5,2,0.4,TRUE,"none"
2118,5,1,0.2,TRUE,"none"
2119,3,1,0.333333333333333,TRUE,"none"
2120,4,2,0.5,TRUE,"none"
2121,4,1,0.25,TRUE,"none"
2122,6,2,0.333333333333333,TRUE,"none"
2123,6,2,0.333333333333333,TRUE,"none"
2124,5,1,0.2,TRUE,"none"
2125,3,0,0,FALSE,"none"
2126,4,1,0.25,TRUE,"none"
2127,5,1,0.2,TRUE,"none"
2128,5,1,0.2,TRUE,"none"
2129,4,1,0.25,TRUE,"none"
2130,4,1,0.25,TRUE,"none"
2131,5,1,0.2,TRUE,"none"
2132,4,0,0,FALSE,"none"
2133,3,1,0.333333333333333,TRUE,"none"
2134,4,1,0.25,TRUE,"none"
2135,3,0,0,FALSE,"none"
2136,4,1,0.25,TRUE,"none"
2137,6,2,0.333333333333333,TRUE,"none"
2138,6,2,0.333333333333333,TRUE,"none"
2139,4,1,0.25,TRUE,"none"
2140,3,0,0,FALSE,"none"
2141,3,0,0,FALSE,"none"
2142,5,1,0.2,TRUE,"none"
2143,2,1,0.5,TRUE,"none"
2144,5,1,0.2,TRUE,"none"
2145,5,1,0.2,TRUE,"none"
2146,5,1,0.2,TRUE,"none"
2147,4,0,0,FALSE,"none"
2148,5,1,0.2,TRUE,"none"
2149,4,0,0,FALSE,"none"
2150,3,0,0,FALSE,"none"
2151,5,1,0.2,TRUE,"none"
2152,5,1,0.2,TRUE,"none"
2153,4,1,0.25,TRUE,"none"
2154,3,0,0,FALSE,"none"
2155,7,3,0.428571428571429,TRUE,"none"
2156,3,0,0,FALSE,"none"
2157,4,0,0,FALSE,"none"
2158,4,1,0.25,TRUE,"none"
2159,5,1,0.2,TRUE,"none"
2160,3,0,0,FALSE,"none"
2161,5,2,0.4,TRUE,"none"
2162,6,2,0.333333333333333,TRUE,"none"
2163,5,1,0.2,TRUE,"none"
2164,4,0,0,FALSE,"none"
2165,3,0,0,FALSE,"none"
2166,3,1,0.333333333333333,TRUE,"none"
2167,5,1,0.2,TRUE,"none"
2168,4,0,0,FALSE,"none"
2169,5,1,0.2,TRUE,"none"
2170,3,0,0,FALSE,"none"
2171,5,3,0.6,TRUE,"none"
2172,5,1,0.2,TRUE,"none"
2173,5,2,0.4,TRUE,"none"
2174,3,0,0,FALSE,"none"
2175,5,2,0.4,TRUE,"none"
2176,4,0,0,FALSE,"none"
2177,4,0,0,FALSE,"none"
2178,6,2,0.333333333333333,TRUE,"none"
2179,4,0,0,FALSE,"none"
2180,5,1,0.2,TRUE,"none"
2181,4,1,0.25,TRUE,"none"
2182,5,2,0.4,TRUE,"none"
2183,3,0,0,FALSE,"none"
2184,4,1,0.25,TRUE,"none"
2185,4,1,0.25,TRUE,"none"
2186,6,2,0.333333333333333,TRUE,"none"
2187,5,2,0.4,TRUE,"none"
2188,6,2,0.333333333333333,TRUE,"none"
2189,4,1,0.25,TRUE,"none"
2190,6,3,0.5,TRUE,"none"
2191,5,2,0.4,TRUE,"none"
2192,4,0,0,FALSE,"none"
2193,7,3,0.428571428571429,TRUE,"none"
2194,3,1,0.333333333333333,TRUE,"none"
2195,4,1,0.25,TRUE,"none"
2196,5,1,0.2,TRUE,"none"
2197,3,1,0.333333333333333,TRUE,"none"
2198,4,1,0.25,TRUE,"none"
2199,4,2,0.5,TRUE,"none"
2200,3,0,0,FALSE,"none"
2201,3,0,0,FALSE,"none"
2202,3,0,0,FALSE,"none"
2203,2,0,0,FALSE,"none"
2204,2,2,1,TRUE,"none"
2205,6,2,0.333333333333333,TRUE,"none"
2206,5,1,0.2,TRUE,"none"
2207,4,0,0,FALSE,"none"
2208,2,0,0,FALSE,"none"
2209,3,0,0,FALSE,"none"
2210,4,0,0,FALSE,"none"
2211,4,1,0.25,TRUE,"none"
2212,5,1,0.2,TRUE,"none"
2213,4,0,0,FALSE,"none"
2214,6,3,0.5,TRUE,"none"
2215,4,0,0,FALSE,"none"
2216,4,1,0.25,TRUE,"none"
2217,2,1,0.5,TRUE,"none"
2218,4,0,0,FALSE,"none"
2219,4,0,0,FALSE,"none"
2220,3,0,0,FALSE,"none"
2221,4,1,0.25,TRUE,"none"
2222,5,1,0.2,TRUE,"none"
2223,5,1,0.2,TRUE,"none"
2224,3,0,0,FALSE,"none"
2225,3,0,0,FALSE,"none"
2226,6,2,0.333333333333333,TRUE,"none"
2227,4,0,0,FALSE,"none"
2228,2,0,0,FALSE,"none"
2229,3,0,0,FALSE,"none"
2230,6,2,0.333333333333333,TRUE,"none"
2231,5,1,0.2,TRUE,"none"
2232,5,1,0.2,TRUE,"none"
2233,4,1,0.25,TRUE,"none"
2234,3,0,0,FALSE,"none"
2235,6,2,0.333333333333333,TRUE,"none"
2236,5,1,0.2,TRUE,"none"
2237,4,1,0.25,TRUE,"none"
2238,5,1,0.2,TRUE,"none"
2239,3,0,0,FALSE,"none"
2240,2,0,0,FALSE,"none"
2241,2,0,0,FALSE,"none"
2242,5,2,0.4,TRUE,"none"
2243,4,0,0,FALSE,"none"
2244,6,2,0.333333333333333,TRUE,"none"
2245,5,1,0.2,TRUE,"none"
2246,4,1,0.25,TRUE,"none"
2247,2,0,0,FALSE,"none"
2248,3,1,0.333333333333333,TRUE,"none"
2249,4,1,0.25,TRUE,"none"
2250,4,0,0,FALSE,"none"
2251,5,2,0.4,TRUE,"none"
2252,5,1,0.2,TRUE,"none"
2253,2,1,0.5,TRUE,"none"
2254,3,0,0,FALSE,"none"
2255,3,0,0,FALSE,"none"
2256,5,1,0.2,TRUE,"none"
2257,2,1,0.5,TRUE,"none"
2258,5,2,0.4,TRUE,"none"
2259,3,0,0,FALSE,"none"
2260,4,1,0.25,TRUE,"none"
2261,3,0,0,FALSE,"none"
2262,6,2,0.333333333333333,TRUE,"none"
2263,5,2,0.4,TRUE,"none"
2264,4,1,0.25,TRUE,"none"
2265,5,2,0.4,TRUE,"none"
2266,2,0,0,FALSE,"none"
2267,3,0,0,FALSE,"none"
2268,4,0,0,FALSE,"none"
2269,6,2,0.333333333333333,TRUE,"none"
2270,2,1,0.5,TRUE,"none"
2271,6,2,0.333333333333333,TRUE,"none"
2272,4,0,0,FALSE,"none"
2273,5,1,0.2,TRUE,"none"
2274,2,0,0,FALSE,"none"
2275,3,0,0,FALSE,"none"
2276,4,1,0.25,TRUE,"none"
2277,5,1,0.2,TRUE,"none"
2278,2,0,0,FALSE,"none"
2279,5,2,0.4,TRUE,"none"
2280,2,0,0,FALSE,"none"
2281,4,0,0,FALSE,"none"
2282,5,1,0.2,TRUE,"none"
2283,4,1,0.25,TRUE,"none"
2284,6,2,0.333333333333333,TRUE,"none"
2285,3,0,0,FALSE,"none"
2286,2,0,0,FALSE,"none"
2287,3,1,0.333333333333333,TRUE,"none"
2288,2,0,0,FALSE,"none"
2289,4,1,0.25,TRUE,"none"
2290,4,0,0,FALSE,"none"
2291,4,0,0,FALSE,"none"
2292,4,0,0,FALSE,"none"
2293,4,0,0,FALSE,"none"
2294,2,1,0.5,TRUE,"none"
2295,5,1,0.2,TRUE,"none"
2296,4,0,0,FALSE,"none"
2297,4,1,0.25,TRUE,"none"
2298,4,0,0,FALSE,"none"
2299,4,1,0.25,TRUE,"none"
2300,5,1,0.2,TRUE,"none"
2301,5,2,0.4,TRUE,"none"
2302,4,0,0,FALSE,"none"
2303,2,0,0,FALSE,"none"
2304,3,0,0,FALSE,"none"
2305,3,0,0,FALSE,"none"
2306,4,0,0,FALSE,"none"
2307,4,1,0.25,TRUE,"none"
2308,4,0,0,FALSE,"none"
2309,3,0,0,FALSE,"none"
2310,3,0,0,FALSE,"none"
2311,4,0,0,FALSE,"none"
2312,3,1,0.333333333333333,TRUE,"none"
2313,5,2,0.4,TRUE,"none"
2314,5,1,0.2,TRUE,"none"
2315,4,1,0.25,TRUE,"none"
2316,4,1,0.25,TRUE,"none"
2317,5,1,0.2,TRUE,"none"
2318,3,1,0.333333333333333,TRUE,"none"
2319,3,0,0,FALSE,"none"
2320,5,1,0.2,TRUE,"none"
2321,6,2,0.333333333333333,TRUE,"none"
2322,4,0,0,FALSE,"none"
2323,6,2,0.333333333333333,TRUE,"none"
2324,4,0,0,FALSE,"none"
2325,4,0,0,FALSE,"none"
2326,5,1,0.2,TRUE,"none"
2327,4,0,0,FALSE,"none"
2328,5,1,0.2,TRUE,"none"
2329,4,0,0,FALSE,"none"
2330,3,0,0,FALSE,"none"
2331,4,0,0,FALSE,"none"
2332,3,0,0,FALSE,"none"
2333,4,0,0,FALSE,"none"
2334,5,1,0.2,TRUE,"none"
2335,5,1,0.2,TRUE,"none"
2336,4,0,0,FALSE,"none"
2337,4,0,0,FALSE,"none"
2338,4,1,0.25,TRUE,"none"
2339,5,1,0.2,TRUE,"none"
2340,4,0,0,FALSE,"none"
2341,6,2,0.333333333333333,TRUE,"none"
2342,3,1,0.333333333333333,TRUE,"none"
2343,4,1,0.25,TRUE,"none"
2344,5,1,0.2,TRUE,"none"
2345,4,0,0,FALSE,"none"
2346,6,2,0.333333333333333,TRUE,"none"
2347,5,1,0.2,TRUE,"none"
2348,4,0,0,FALSE,"none"
2349,4,0,0,FALSE,"none"
2350,4,1,0.25,TRUE,"none"
2351,6,2,0.333333333333333,TRUE,"none"
2352,5,1,0.2,TRUE,"none"
2353,4,1,0.25,TRUE,"none"
2354,3,0,0,FALSE,"none"
2355,4,0,0,FALSE,"none"
2356,8,4,0.5,TRUE,"none"
2357,4,0,0,FALSE,"none"
2358,4,0,0,FALSE,"none"
2359,2,0,0,FALSE,"none"
2360,4,0,0,FALSE,"none"
2361,4,0,0,FALSE,"none"
2362,4,0,0,FALSE,"none"
2363,5,1,0.2,TRUE,"none"
2364,6,3,0.5,TRUE,"none"
2365,4,0,0,FALSE,"none"
2366,5,1,0.2,TRUE,"none"
2367,4,0,0,FALSE,"none"
2368,2,1,0.5,TRUE,"none"
2369,5,1,0.2,TRUE,"none"
2370,6,2,0.333333333333333,TRUE,"none"
2371,4,0,0,FALSE,"none"
2372,5,2,0.4,TRUE,"none"
2373,6,2,0.333333333333333,TRUE,"none"
2374,4,0,0,FALSE,"none"
2375,4,1,0.25,TRUE,"none"
2376,3,1,0.333333333333333,TRUE,"none"
2377,4,1,0.25,TRUE,"none"
2378,4,0,0,FALSE,"none"
2379,3,0,0,FALSE,"none"
2380,5,2,0.4,TRUE,"none"
2381,3,0,0,FALSE,"none"
2382,4,0,0,FALSE,"none"
2383,5,1,0.2,TRUE,"none"
2384,2,0,0,FALSE,"none"
2385,6,2,0.333333333333333,TRUE,"none"
2386,5,1,0.2,TRUE,"none"
2387,4,1,0.25,TRUE,"none"
2388,3,1,0.333333333333333,TRUE,"none"
2389,4,0,0,FALSE,"none"
2390,5,1,0.2,TRUE,"none"
2391,4,1,0.25,TRUE,"none"
2392,4,0,0,FALSE,"none"
2393,5,1,0.2,TRUE,"none"
2394,5,2,0.4,TRUE,"none"
2395,5,1,0.2,TRUE,"none"
2396,5,2,0.4,TRUE,"none"
2397,5,2,0.4,TRUE,"none"
2398,3,0,0,FALSE,"none"
2399,1,0,0,FALSE,"none"
2400,4,0,0,FALSE,"none"
2401,5,1,0.2,TRUE,"none"
2402,5,1,0.2,TRUE,"none"
2403,5,1,0.2,TRUE,"none"
2404,5,1,0.2,TRUE,"none"
2405,4,0,0,FALSE,"none"
2406,5,2,0.4,TRUE,"none"
2407,4,2,0.5,TRUE,"none"
2408,3,0,0,FALSE,"none"
2409,8,5,0.625,TRUE,"none"
2410,3,0,0,FALSE,"none"
2411,4,0,0,FALSE,"none"
2412,6,2,0.333333333333333,TRUE,"none"
2413,4,0,0,FALSE,"none"
2414,4,0,0,FALSE,"none"
2415,4,1,0.25,TRUE,"none"
2416,5,1,0.2,TRUE,"none"
2417,4,0,0,FALSE,"none"
2418,4,1,0.25,TRUE,"none"
2419,5,1,0.2,TRUE,"none"
2420,5,1,0.2,TRUE,"none"
2421,4,1,0.25,TRUE,"none"
2422,3,1,0.333333333333333,TRUE,"none"
2423,6,2,0.333333333333333,TRUE,"none"
2424,4,0,0,FALSE,"none"
2425,3,1,0.333333333333333,TRUE,"none"
2426,5,1,0.2,TRUE,"none"
2427,2,0,0,FALSE,"none"
2428,4,1,0.25,TRUE,"none"
2429,5,3,0.6,TRUE,"none"
2430,4,0,0,FALSE,"none"
2431,7,3,0.428571428571429,TRUE,"none"
2432,5,1,0.2,TRUE,"none"
2433,4,0,0,FALSE,"none"
2434,4,0,0,FALSE,"none"
2435,4,1,0.25,TRUE,"none"
2436,4,0,0,FALSE,"none"
2437,2,1,0.5,TRUE,"none"
2438,3,0,0,FALSE,"none"
2439,4,1,0.25,TRUE,"none"
2440,4,1,0.25,TRUE,"none"
2441,3,0,0,FALSE,"none"
2442,4,0,0,FALSE,"none"
2443,3,0,0,FALSE,"none"
2444,4,0,0,FALSE,"none"
2445,4,0,0,FALSE,"none"
2446,5,1,0.2,TRUE,"none"
2447,5,3,0.6,TRUE,"none"
2448,5,2,0.4,TRUE,"none"
2449,6,2,0.333333333333333,TRUE,"none"
2450,4,1,0.25,TRUE,"none"
2451,5,2,0.4,TRUE,"none"
2452,3,0,0,FALSE,"none"
2453,4,0,0,FALSE,"none"
2454,3,0,0,FALSE,"none"
2455,2,0,0,FALSE,"none"
2456,4,0,0,FALSE,"none"
2457,3,0,0,FALSE,"none"
2458,1,0,0,FALSE,"none"
2459,5,1,0.2,TRUE,"none"
2460,4,0,0,FALSE,"none"
2461,4,1,0.25,TRUE,"none"
2462,4,0,0,FALSE,"none"
2463,4,0,0,FALSE,"none"
2464,6,2,0.333333333333333,TRUE,"none"
2465,3,0,0,FALSE,"none"
2466,5,1,0.2,TRUE,"none"
2467,4,0,0,FALSE,"none"
2468,4,0,0,FALSE,"none"
2469,4,1,0.25,TRUE,"none"
2470,4,0,0,FALSE,"none"
2471,5,1,0.2,TRUE,"none"
2472,5,1,0.2,TRUE,"none"
2473,7,3,0.428571428571429,TRUE,"none"
2474,4,1,0.25,TRUE,"none"
2475,5,1,0.2,TRUE,"none"
2476,5,1,0.2,TRUE,"none"
2477,6,2,0.333333333333333,TRUE,"none"
2478,4,2,0.5,TRUE,"none"
2479,2,0,0,FALSE,"none"
2480,4,1,0.25,TRUE,"none"
2481,5,1,0.2,TRUE,"none"
2482,4,0,0,FALSE,"none"
2483,3,0,0,FALSE,"none"
2484,5,2,0.4,TRUE,"none"
2485,6,3,0.5,TRUE,"none"
2486,4,1,0.25,TRUE,"none"
2487,4,0,0,FALSE,"none"
2488,2,0,0,FALSE,"none"
2489,3,1,0.333333333333333,TRUE,"none"
2490,4,0,0,FALSE,"none"
2491,3,0,0,FALSE,"none"
2492,3,0,0,FALSE,"none"
2493,4,0,0,FALSE,"none"
2494,4,1,0.25,TRUE,"none"
2495,4,2,0.5,TRUE,"none"
2496,4,0,0,FALSE,"none"
2497,2,0,0,FALSE,"none"
2498,4,0,0,FALSE,"none"
2499,5,1,0.2,TRUE,"none"
2500,4,2,0.5,TRUE,"none"
2501,3,0,0,FALSE,"none"
2502,4,1,0.25,TRUE,"none"
2503,2,0,0,FALSE,"none"
2504,3,0,0,FALSE,"none"
2505,3,0,0,FALSE,"none"
2506,4,1,0.25,TRUE,"none"
2507,4,1,0.25,TRUE,"none"
2508,3,1,0.333333333333333,TRUE,"none"
2509,4,1,0.25,TRUE,"none"
2510,5,2,0.4,TRUE,"none"
2511,4,1,0.25,TRUE,"none"
2512,4,0,0,FALSE,"none"
2513,4,1,0.25,TRUE,"none"
2514,2,0,0,FALSE,"none"
2515,1,0,0,FALSE,"none"
2516,5,1,0.2,TRUE,"none"
2517,4,1,0.25,TRUE,"none"
2518,6,2,0.333333333333333,TRUE,"none"
2519,3,0,0,FALSE,"none"
2520,5,1,0.2,TRUE,"none"
2521,5,1,0.2,TRUE,"none"
2522,5,1,0.2,TRUE,"none"
2523,5,1,0.2,TRUE,"none"
2524,4,0,0,FALSE,"none"
2525,4,0,0,FALSE,"none"
2526,5,1,0.2,TRUE,"none"
2527,4,0,0,FALSE,"none"
2528,5,2,0.4,TRUE,"none"
2529,4,0,0,FALSE,"none"
2530,4,0,0,FALSE,"none"
2531,2,0,0,FALSE,"none"
2532,5,1,0.2,TRUE,"none"
2533,5,1,0.2,TRUE,"none"
2534,5,1,0.2,TRUE,"none"
2535,5,1,0.2,TRUE,"none"
2536,5,2,0.4,TRUE,"none"
2537,5,1,0.2,TRUE,"none"
2538,4,0,0,FALSE,"none"
2539,6,3,0.5,TRUE,"none"
2540,5,1,0.2,TRUE,"none"
2541,2,0,0,FALSE,"none"
2542,3,1,0.333333333333333,TRUE,"none"
2543,5,1,0.2,TRUE,"none"
2544,5,1,0.2,TRUE,"none"
2545,5,1,0.2,TRUE,"none"
2546,5,2,0.4,TRUE,"none"
2547,6,2,0.333333333333333,TRUE,"none"
2548,3,0,0,FALSE,"none"
2549,5,1,0.2,TRUE,"none"
2550,2,0,0,FALSE,"none"
2551,4,0,0,FALSE,"none"
2552,4,0,0,FALSE,"none"
2553,5,1,0.2,TRUE,"none"
2554,3,0,0,FALSE,"none"
2555,3,1,0.333333333333333,TRUE,"none"
2556,4,0,0,FALSE,"none"
2557,3,0,0,FALSE,"none"
2558,5,1,0.2,TRUE,"none"
2559,3,0,0,FALSE,"none"
2560,4,1,0.25,TRUE,"none"
2561,7,4,0.571428571428571,TRUE,"none"
2562,6,2,0.333333333333333,TRUE,"none"
2563,2,0,0,FALSE,"none"
2564,3,1,0.333333333333333,TRUE,"none"
2565,4,0,0,FALSE,"none"
2566,2,0,0,FALSE,"none"
2567,6,2,0.333333333333333,TRUE,"none"
2568,4,1,0.25,TRUE,"none"
2569,5,2,0.4,TRUE,"none"
2570,4,1,0.25,TRUE,"none"
2571,5,1,0.2,TRUE,"none"
2572,7,3,0.428571428571429,TRUE,"none"
2573,5,1,0.2,TRUE,"none"
2574,5,1,0.2,TRUE,"none"
2575,1,0,0,FALSE,"none"
2576,3,0,0,FALSE,"none"
2577,4,0,0,FALSE,"none"
2578,5,1,0.2,TRUE,"none"
2579,3,1,0.333333333333333,TRUE,"none"
2580,4,0,0,FALSE,"none"
2581,5,2,0.4,TRUE,"none"
2582,3,1,0.333333333333333,TRUE,"none"
2583,6,2,0.333333333333333,TRUE,"none"
2584,2,0,0,FALSE,"none"
2585,3,0,0,FALSE,"none"
2586,3,0,0,FALSE,"none"
2587,4,2,0.5,TRUE,"none"
2588,3,1,0.333333333333333,TRUE,"none"
2589,5,1,0.2,TRUE,"none"
2590,4,0,0,FALSE,"none"
2591,4,1,0.25,TRUE,"none"
2592,4,2,0.5,TRUE,"none"
2593,6,2,0.333333333333333,TRUE,"none"
2594,3,0,0,FALSE,"none"
2595,5,1,0.2,TRUE,"none"
2596,4,0,0,FALSE,"none"
2597,4,0,0,FALSE,"none"
2598,7,3,0.428571428571429,TRUE,"none"
2599,5,1,0.2,TRUE,"none"
2600,4,1,0.25,TRUE,"none"
2601,6,3,0.5,TRUE,"none"
2602,3,0,0,FALSE,"none"
2603,2,1,0.5,TRUE,"none"
2604,3,0,0,FALSE,"none"
2605,4,1,0.25,TRUE,"none"
2606,5,1,0.2,TRUE,"none"
2607,3,0,0,FALSE,"none"
2608,5,1,0.2,TRUE,"none"
2609,4,0,0,FALSE,"none"
2610,3,0,0,FALSE,"none"
2611,5,2,0.4,TRUE,"none"
2612,5,1,0.2,TRUE,"none"
2613,5,1,0.2,TRUE,"none"
2614,4,1,0.25,TRUE,"none"
2615,4,0,0,FALSE,"none"
2616,5,1,0.2,TRUE,"none"
2617,6,2,0.333333333333333,TRUE,"none"
2618,6,2,0.333333333333333,TRUE,"none"
2619,2,0,0,FALSE,"none"
2620,3,1,0.333333333333333,TRUE,"none"
2621,5,1,0.2,TRUE,"none"
2622,4,0,0,FALSE,"none"
2623,3,0,0,FALSE,"none"
2624,5,2,0.4,TRUE,"none"
2625,5,1,0.2,TRUE,"none"
2626,3,0,0,FALSE,"none"
2627,5,1,0.2,TRUE,"none"
2628,3,0,0,FALSE,"none"
2629,6,2,0.333333333333333,TRUE,"none"
2630,4,0,0,FALSE,"none"
2631,3,0,0,FALSE,"none"
2632,4,1,0.25,TRUE,"none"
2633,4,1,0.25,TRUE,"none"
2634,3,0,0,FALSE,"none"
2635,5,1,0.2,TRUE,"none"
2636,4,1,0.25,TRUE,"none"
2637,5,1,0.2,TRUE,"none"
2638,5,1,0.2,TRUE,"none"
2639,4,0,0,FALSE,"none"
2640,4,0,0,FALSE,"none"
2641,6,2,0.333333333333333,TRUE,"none"
2642,3,0,0,FALSE,"none"
2643,2,0,0,FALSE,"none"
2644,3,0,0,FALSE,"none"
2645,4,0,0,FALSE,"none"
2646,4,0,0,FALSE,"none"
2647,4,0,0,FALSE,"none"
2648,3,0,0,FALSE,"none"
2649,5,1,0.2,TRUE,"none"
2650,2,0,0,FALSE,"none"
2651,4,0,0,FALSE,"none"
2652,3,0,0,FALSE,"none"
2653,3,0,0,FALSE,"none"
2654,4,0,0,FALSE,"none"
2655,2,0,0,FALSE,"none"
2656,4,1,0.25,TRUE,"none"
2657,5,1,0.2,TRUE,"none"
2658,4,1,0.25,TRUE,"none"
2659,5,1,0.2,TRUE,"none"
2660,3,0,0,FALSE,"none"
2661,4,0,0,FALSE,"none"
2662,4,0,0,FALSE,"none"
2663,3,0,0,FALSE,"none"
2664,2,1,0.5,TRUE,"none"
2665,6,3,0.5,TRUE,"none"
2666,4,1,0.25,TRUE,"none"
2667,4,0,0,FALSE,"none"
2668,3,1,0.333333333333333,TRUE,"none"
2669,5,1,0.2,TRUE,"none"
2670,2,0,0,FALSE,"none"
2671,6,2,0.333333333333333,TRUE,"none"
2672,2,0,0,FALSE,"none"
2673,5,1,0.2,TRUE,"none"
2674,4,1,0.25,TRUE,"none"
2675,4,0,0,FALSE,"none"
2676,4,1,0.25,TRUE,"none"
2677,4,0,0,FALSE,"none"
2678,4,0,0,FALSE,"none"
2679,4,2,0.5,TRUE,"none"
2680,4,0,0,FALSE,"none"
2681,3,0,0,FALSE,"none"
2682,4,1,0.25,TRUE,"none"
2683,3,0,0,FALSE,"none"
2684,4,0,0,FALSE,"none"
2685,4,0,0,FALSE,"none"
2686,5,1,0.2,TRUE,"none"
2687,4,0,0,FALSE,"none"
2688,5,3,0.6,TRUE,"none"
2689,4,0,0,FALSE,"none"
2690,4,0,0,FALSE,"none"
2691,6,2,0.333333333333333,TRUE,"none"
2692,4,0,0,FALSE,"none"
2693,5,1,0.2,TRUE,"none"
2694,4,1,0.25,TRUE,"none"
2695,4,1,0.25,TRUE,"none"
2696,4,1,0.25,TRUE,"none"
2697,4,0,0,FALSE,"none"
2698,6,3,0.5,TRUE,"none"
2699,3,0,0,FALSE,"none"
2700,3,0,0,FALSE,"none"
2701,2,0,0,FALSE,"none"
2702,3,0,0,FALSE,"none"
2703,2,0,0,FALSE,"none"
2704,3,0,0,FALSE,"none"
2705,4,0,0,FALSE,"none"
2706,3,0,0,FALSE,"none"
2707,4,1,0.25,TRUE,"none"
2708,3,0,0,FALSE,"none"
2709,4,0,0,FALSE,"none"
2710,5,1,0.2,TRUE,"none"
2711,4,0,0,FALSE,"none"
2712,5,1,0.2,TRUE,"none"
2713,3,0,0,FALSE,"none"
2714,2,0,0,FALSE,"none"
2715,2,0,0,FALSE,"none"
2716,2,0,0,FALSE,"none"
2717,4,0,0,FALSE,"none"
2718,4,1,0.25,TRUE,"none"
2719,3,0,0,FALSE,"none"
2720,3,0,0,FALSE,"none"
2721,5,1,0.2,TRUE,"none"
2722,5,2,0.4,TRUE,"none"
2723,4,0,0,FALSE,"none"
2724,6,2,0.333333333333333,TRUE,"none"
2725,4,0,0,FALSE,"none"
2726,4,2,0.5,TRUE,"none"
2727,4,0,0,FALSE,"none"
2728,6,2,0.333333333333333,TRUE,"none"
2729,5,1,0.2,TRUE,"none"
2730,4,0,0,FALSE,"none"
2731,4,0,0,FALSE,"none"
2732,5,1,0.2,TRUE,"none"
2733,4,0,0,FALSE,"none"
2734,3,0,0,FALSE,"none"
2735,4,1,0.25,TRUE,"none"
2736,3,0,0,FALSE,"none"
2737,5,1,0.2,TRUE,"none"
2738,6,2,0.333333333333333,TRUE,"none"
2739,4,1,0.25,TRUE,"none"
2740,3,0,0,FALSE,"none"
2741,5,1,0.2,TRUE,"none"
2742,3,0,0,FALSE,"none"
2743,3,0,0,FALSE,"none"
2744,6,2,0.333333333333333,TRUE,"none"
2745,4,1,0.25,TRUE,"none"
2746,4,0,0,FALSE,"none"
2747,4,1,0.25,TRUE,"none"
2748,3,1,0.333333333333333,TRUE,"none"
2749,4,2,0.5,TRUE,"none"
2750,4,0,0,FALSE,"none"
2751,3,0,0,FALSE,"none"
2752,4,0,0,FALSE,"none"
2753,5,1,0.2,TRUE,"none"
2754,4,0,0,FALSE,"none"
2755,4,0,0,FALSE,"none"
2756,3,0,0,FALSE,"none"
2757,5,1,0.2,TRUE,"none"
2758,4,1,0.25,TRUE,"none"
2759,5,1,0.2,TRUE,"none"
2760,5,1,0.2,TRUE,"none"
2761,4,1,0.25,TRUE,"none"
2762,4,0,0,FALSE,"none"
2763,3,0,0,FALSE,"none"
2764,5,1,0.2,TRUE,"none"
2765,4,0,0,FALSE,"none"
2766,4,0,0,FALSE,"none"
2767,4,1,0.25,TRUE,"none"
2768,4,0,0,FALSE,"none"
2769,5,1,0.2,TRUE,"none"
2770,4,1,0.25,TRUE,"none"
2771,3,0,0,FALSE,"none"
2772,3,0,0,FALSE,"none"
2773,3,0,0,FALSE,"none"
2774,7,3,0.428571428571429,TRUE,"none"
2775,7,3,0.428571428571429,TRUE,"none"
2776,4,0,0,FALSE,"none"
2777,4,0,0,FALSE,"none"
2778,5,2,0.4,TRUE,"none"
2779,5,1,0.2,TRUE,"none"
2780,4,0,0,FALSE,"none"
2781,5,1,0.2,TRUE,"none"
2782,7,3,0.428571428571429,TRUE,"none"
2783,4,0,0,FALSE,"none"
2784,5,1,0.2,TRUE,"none"
2785,5,3,0.6,TRUE,"none"
2786,5,1,0.2,TRUE,"none"
2787,5,2,0.4,TRUE,"none"
2788,4,1,0.25,TRUE,"none"
2789,5,1,0.2,TRUE,"none"
2790,4,0,0,FALSE,"none"
2791,3,0,0,FALSE,"none"
2792,4,1,0.25,TRUE,"none"
2793,6,2,0.333333333333333,TRUE,"none"
2794,5,1,0.2,TRUE,"none"
2795,7,4,0.571428571428571,TRUE,"none"
2796,4,2,0.5,TRUE,"none"
2797,4,0,0,FALSE,"none"
2798,5,1,0.2,TRUE,"none"
2799,5,1,0.2,TRUE,"none"
2800,3,0,0,FALSE,"none"
2801,3,0,0,FALSE,"none"
2802,5,2,0.4,TRUE,"none"
2803,3,1,0.333333333333333,TRUE,"none"
2804,3,1,0.333333333333333,TRUE,"none"
2805,4,2,0.5,TRUE,"none"
2806,4,1,0.25,TRUE,"none"
2807,4,0,0,FALSE,"none"
2808,3,1,0.333333333333333,TRUE,"none"
2809,5,1,0.2,TRUE,"none"
2810,4,1,0.25,TRUE,"none"
2811,4,0,0,FALSE,"none"
2812,2,0,0,FALSE,"none"
2813,5,1,0.2,TRUE,"none"
2814,1,0,0,FALSE,"none"
2815,3,0,0,FALSE,"none"
2816,5,2,0.4,TRUE,"none"
2817,5,2,0.4,TRUE,"none"
2818,6,2,0.333333333333333,TRUE,"none"
2819,4,1,0.25,TRUE,"none"
2820,5,2,0.4,TRUE,"none"
2821,4,0,0,FALSE,"none"
2822,5,1,0.2,TRUE,"none"
2823,4,0,0,FALSE,"none"
2824,5,1,0.2,TRUE,"none"
2825,3,0,0,FALSE,"none"
2826,5,1,0.2,TRUE,"none"
2827,3,0,0,FALSE,"none"
2828,4,1,0.25,TRUE,"none"
2829,3,0,0,FALSE,"none"
2830,4,1,0.25,TRUE,"none"
2831,2,0,0,FALSE,"none"
2832,6,3,0.5,TRUE,"none"
2833,4,0,0,FALSE,"none"
2834,4,1,0.25,TRUE,"none"
2835,5,1,0.2,TRUE,"none"
2836,5,1,0.2,TRUE,"none"
2837,5,1,0.2,TRUE,"none"
2838,5,1,0.2,TRUE,"none"
2839,4,0,0,FALSE,"none"
2840,4,0,0,FALSE,"none"
2841,3,1,0.333333333333333,TRUE,"none"
2842,3,0,0,FALSE,"none"
2843,4,1,0.25,TRUE,"none"
2844,2,0,0,FALSE,"none"
2845,5,1,0.2,TRUE,"none"
2846,6,2,0.333333333333333,TRUE,"none"
2847,3,0,0,FALSE,"none"
2848,4,0,0,FALSE,"none"
2849,4,0,0,FALSE,"none"
2850,4,0,0,FALSE,"none"
2851,4,1,0.25,TRUE,"none"
2852,4,0,0,FALSE,"none"
2853,3,1,0.333333333333333,TRUE,"none"
2854,3,0,0,FALSE,"none"
2855,6,2,0.333333333333333,TRUE,"none"
2856,4,1,0.25,TRUE,"none"
2857,4,1,0.25,TRUE,"none"
2858,5,1,0.2,TRUE,"none"
2859,5,2,0.4,TRUE,"none"
2860,2,0,0,FALSE,"none"
2861,3,0,0,FALSE,"none"
2862,5,1,0.2,TRUE,"none"
2863,4,0,0,FALSE,"none"
2864,4,1,0.25,TRUE,"none"
2865,6,3,0.5,TRUE,"none"
2866,5,1,0.2,TRUE,"none"
2867,5,1,0.2,TRUE,"none"
2868,4,0,0,FALSE,"none"
2869,4,1,0.25,TRUE,"none"
2870,6,2,0.333333333333333,TRUE,"none"
2871,5,2,0.4,TRUE,"none"
2872,4,1,0.25,TRUE,"none"
2873,4,0,0,FALSE,"none"
2874,5,1,0.2,TRUE,"none"
2875,5,1,0.2,TRUE,"none"
2876,6,2,0.333333333333333,TRUE,"none"
2877,4,0,0,FALSE,"none"
2878,4,1,0.25,TRUE,"none"
2879,5,1,0.2,TRUE,"none"
2880,4,1,0.25,TRUE,"none"
2881,4,0,0,FALSE,"none"
2882,5,3,0.6,TRUE,"none"
2883,5,2,0.4,TRUE,"none"
2884,4,0,0,FALSE,"none"
2885,4,0,0,FALSE,"none"
2886,4,0,0,FALSE,"none"
2887,4,1,0.25,TRUE,"none"
2888,6,3,0.5,TRUE,"none"
2889,5,1,0.2,TRUE,"none"
2890,6,2,0.333333333333333,TRUE,"none"
2891,4,0,0,FALSE,"none"
2892,2,0,0,FALSE,"none"
2893,3,1,0.333333333333333,TRUE,"none"
2894,4,0,0,FALSE,"none"
2895,2,0,0,FALSE,"none"
2896,3,1,0.333333333333333,TRUE,"none"
2897,4,0,0,FALSE,"none"
2898,5,1,0.2,TRUE,"none"
2899,4,0,0,FALSE,"none"
2900,4,0,0,FALSE,"none"
2901,4,0,0,FALSE,"none"
2902,4,0,0,FALSE,"none"
2903,6,2,0.333333333333333,TRUE,"none"
2904,4,0,0,FALSE,"none"
2905,5,1,0.2,TRUE,"none"
2906,3,1,0.333333333333333,TRUE,"none"
2907,4,0,0,FALSE,"none"
2908,5,1,0.2,TRUE,"none"
2909,2,0,0,FALSE,"none"
2910,5,1,0.2,TRUE,"none"
2911,4,0,0,FALSE,"none"
2912,5,1,0.2,TRUE,"none"
2913,5,1,0.2,TRUE,"none"
2914,4,0,0,FALSE,"none"
2915,6,2,0.333333333333333,TRUE,"none"
2916,3,0,0,FALSE,"none"
2917,4,0,0,FALSE,"none"
2918,4,0,0,FALSE,"none"
2919,5,1,0.2,TRUE,"none"
2920,3,0,0,FALSE,"none"
2921,4,0,0,FALSE,"none"
2922,4,1,0.25,TRUE,"none"
2923,6,2,0.333333333333333,TRUE,"none"
2924,2,0,0,FALSE,"none"
2925,2,0,0,FALSE,"none"
2926,5,1,0.2,TRUE,"none"
2927,7,3,0.428571428571429,TRUE,"none"
2928,3,0,0,FALSE,"none"
2929,6,2,0.333333333333333,TRUE,"none"
2930,4,0,0,FALSE,"none"
2931,3,0,0,FALSE,"none"
2932,4,0,0,FALSE,"none"
2933,2,0,0,FALSE,"none"
2934,3,0,0,FALSE,"none"
2935,5,1,0.2,TRUE,"none"
2936,4,1,0.25,TRUE,"none"
2937,3,0,0,FALSE,"none"
2938,5,2,0.4,TRUE,"none"
2939,4,0,0,FALSE,"none"
2940,5,1,0.2,TRUE,"none"
2941,5,1,0.2,TRUE,"none"
2942,3,0,0,FALSE,"none"
2943,3,0,0,FALSE,"none"
2944,3,0,0,FALSE,"none"
2945,4,1,0.25,TRUE,"none"
2946,5,2,0.4,TRUE,"none"
2947,4,0,0,FALSE,"none"
2948,4,1,0.25,TRUE,"none"
2949,4,1,0.25,TRUE,"none"
2950,3,0,0,FALSE,"none"
2951,5,1,0.2,TRUE,"none"
2952,4,1,0.25,TRUE,"none"
2953,3,0,0,FALSE,"none"
2954,4,1,0.25,TRUE,"none"
2955,4,1,0.25,TRUE,"none"
2956,5,2,0.4,TRUE,"none"
2957,6,2,0.333333333333333,TRUE,"none"
2958,4,1,0.25,TRUE,"none"
2959,5,1,0.2,TRUE,"none"
2960,7,3,0.428571428571429,TRUE,"none"
2961,2,0,0,FALSE,"none"
2962,4,1,0.25,TRUE,"none"
2963,3,0,0,FALSE,"none"
2964,5,1,0.2,TRUE,"none"
2965,5,1,0.2,TRUE,"none"
2966,3,0,0,FALSE,"none"
2967,3,0,0,FALSE,"none"
2968,4,0,0,FALSE,"none"
2969,6,2,0.333333333333333,TRUE,"none"
2970,5,1,0.2,TRUE,"none"
2971,3,0,0,FALSE,"none"
2972,4,0,0,FALSE,"none"
2973,7,3,0.428571428571429,TRUE,"none"
2974,5,2,0.4,TRUE,"none"
2975,5,2,0.4,TRUE,"none"
2976,6,2,0.333333333333333,TRUE,"none"
2977,2,1,0.5,TRUE,"none"
2978,3,0,0,FALSE,"none"
2979,5,2,0.4,TRUE,"none"
2980,6,2,0.333333333333333,TRUE,"none"
2981,4,0,0,FALSE,"none"
2982,5,1,0.2,TRUE,"none"
2983,3,0,0,FALSE,"none"
2984,3,0,0,FALSE,"none"
2985,7,4,0.571428571428571,TRUE,"none"
2986,4,0,0,FALSE,"none"
2987,5,1,0.2,TRUE,"none"
2988,4,0,0,FALSE,"none"
2989,4,0,0,FALSE,"none"
2990,2,0,0,FALSE,"none"
2991,5,2,0.4,TRUE,"none"
2992,4,0,0,FALSE,"none"
2993,4,1,0.25,TRUE,"none"
2994,5,2,0.4,TRUE,"none"
2995,4,0,0,FALSE,"none"
2996,3,1,0.333333333333333,TRUE,"none"
2997,3,0,0,FALSE,"none"
2998,6,2,0.333333333333333,TRUE,"none"
2999,4,0,0,FALSE,"none"
3000,4,0,0,FALSE,"none"
3001,4,0,0,FALSE,"none"
3002,6,2,0.333333333333333,TRUE,"none"
3003,4,0,0,FALSE,"none"
3004,6,2,0.333333333333333,TRUE,"none"
3005,4,0,0,FALSE,"none"
3006,4,0,0,FALSE,"none"
3007,5,3,0.6,TRUE,"none"
3008,3,0,0,FALSE,"none"
3009,3,0,0,FALSE,"none"
3010,3,0,0,FALSE,"none"
3011,5,2,0.4,TRUE,"none"
3012,4,0,0,FALSE,"none"
3013,4,1,0.25,TRUE,"none"
3014,4,1,0.25,TRUE,"none"
3015,3,0,0,FALSE,"none"
3016,5,1,0.2,TRUE,"none"
3017,4,0,0,FALSE,"none"
3018,3,1,0.333333333333333,TRUE,"none"
3019,2,0,0,FALSE,"none"
3020,3,0,0,FALSE,"none"
3021,3,0,0,FALSE,"none"
3022,4,0,0,FALSE,"none"
3023,4,0,0,FALSE,"none"
3024,4,1,0.25,TRUE,"none"
3025,3,0,0,FALSE,"none"
3026,4,0,0,FALSE,"none"
3027,7,3,0.428571428571429,TRUE,"none"
3028,5,1,0.2,TRUE,"none"
3029,4,1,0.25,TRUE,"none"
3030,4,1,0.25,TRUE,"none"
3031,6,2,0.333333333333333,TRUE,"none"
3032,3,0,0,FALSE,"none"
3033,6,2,0.333333333333333,TRUE,"none"
3034,5,1,0.2,TRUE,"none"
3035,4,1,0.25,TRUE,"none"
3036,4,0,0,FALSE,"none"
3037,6,2,0.333333333333333,TRUE,"none"
3038,4,1,0.25,TRUE,"none"
3039,4,0,0,FALSE,"none"
3040,3,0,0,FALSE,"none"
3041,3,0,0,FALSE,"none"
3042,5,1,0.2,TRUE,"none"
3043,3,0,0,FALSE,"none"
3044,5,1,0.2,TRUE,"none"
3045,3,0,0,FALSE,"none"
3046,4,0,0,FALSE,"none"
3047,5,2,0.4,TRUE,"none"
3048,2,0,0,FALSE,"none"
3049,6,2,0.333333333333333,TRUE,"none"
3050,3,0,0,FALSE,"none"
3051,4,0,0,FALSE,"none"
3052,3,0,0,FALSE,"none"
3053,5,1,0.2,TRUE,"none"
3054,6,2,0.333333333333333,TRUE,"none"
3055,4,0,0,FALSE,"none"
3056,3,0,0,FALSE,"none"
3057,3,0,0,FALSE,"none"
3058,5,1,0.2,TRUE,"none"
3059,4,0,0,FALSE,"none"
3060,6,3,0.5,TRUE,"none"
3061,4,0,0,FALSE,"none"
3062,3,0,0,FALSE,"none"
3063,5,1,0.2,TRUE,"none"
3064,8,4,0.5,TRUE,"none"
3065,4,1,0.25,TRUE,"none"
3066,5,2,0.4,TRUE,"none"
3067,6,2,0.333333333333333,TRUE,"none"
3068,4,0,0,FALSE,"none"
3069,4,0,0,FALSE,"none"
3070,2,0,0,FALSE,"none"
3071,4,1,0.25,TRUE,"none"
3072,5,2,0.4,TRUE,"none"
3073,4,0,0,FALSE,"none"
3074,5,2,0.4,TRUE,"none"
3075,3,0,0,FALSE,"none"
3076,4,1,0.25,TRUE,"none"
3077,3,0,0,FALSE,"none"
3078,3,0,0,FALSE,"none"
3079,2,0,0,FALSE,"none"
3080,3,0,0,FALSE,"none"
3081,5,1,0.2,TRUE,"none"
3082,3,0,0,FALSE,"none"
3083,5,1,0.2,TRUE,"none"
3084,5,1,0.2,TRUE,"none"
3085,5,1,0.2,TRUE,"none"
3086,4,1,0.25,TRUE,"none"
3087,6,3,0.5,TRUE,"none"
3088,5,1,0.2,TRUE,"none"
3089,3,0,0,FALSE,"none"
3090,5,1,0.2,TRUE,"none"
3091,3,0,0,FALSE,"none"
3092,4,0,0,FALSE,"none"
3093,2,0,0,FALSE,"none"
3094,4,0,0,FALSE,"none"
3095,4,1,0.25,TRUE,"none"
3096,2,0,0,FALSE,"none"
3097,5,1,0.2,TRUE,"none"
3098,4,1,0.25,TRUE,"none"
3099,4,0,0,FALSE,"none"
3100,4,1,0.25,TRUE,"none"
3101,3,0,0,FALSE,"none"
3102,6,2,0.333333333333333,TRUE,"none"
3103,5,1,0.2,TRUE,"none"
3104,2,0,0,FALSE,"none"
3105,4,1,0.25,TRUE,"none"
3106,4,0,0,FALSE,"none"
3107,5,2,0.4,TRUE,"none"
3108,4,0,0,FALSE,"none"
3109,3,0,0,FALSE,"none"
3110,5,1,0.2,TRUE,"none"
3111,4,0,0,FALSE,"none"
3112,4,1,0.25,TRUE,"none"
3113,4,0,0,FALSE,"none"
3114,5,2,0.4,TRUE,"none"
3115,4,1,0.25,TRUE,"none"
3116,4,0,0,FALSE,"none"
3117,5,1,0.2,TRUE,"none"
3118,4,1,0.25,TRUE,"none"
3119,4,0,0,FALSE,"none"
3120,4,1,0.25,TRUE,"none"
3121,5,1,0.2,TRUE,"none"
3122,4,0,0,FALSE,"none"
3123,4,1,0.25,TRUE,"none"
3124,5,2,0.4,TRUE,"none"
3125,3,0,0,FALSE,"none"
3126,3,1,0.333333333333333,TRUE,"none"
3127,4,0,0,FALSE,"none"
3128,4,1,0.25,TRUE,"none"
3129,5,2,0.4,TRUE,"none"
3130,6,2,0.333333333333333,TRUE,"none"
3131,4,0,0,FALSE,"none"
3132,5,1,0.2,TRUE,"none"
3133,4,0,0,FALSE,"none"
3134,2,0,0,FALSE,"none"
3135,4,0,0,FALSE,"none"
3136,5,1,0.2,TRUE,"none"
3137,4,0,0,FALSE,"none"
3138,4,0,0,FALSE,"none"
3139,5,1,0.2,TRUE,"none"
3140,2,0,0,FALSE,"none"
3141,4,0,0,FALSE,"none"
3142,4,1,0.25,TRUE,"none"
3143,3,0,0,FALSE,"none"
3144,3,0,0,FALSE,"none"
3145,5,1,0.2,TRUE,"none"
3146,4,0,0,FALSE,"none"
3147,3,0,0,FALSE,"none"
3148,4,0,0,FALSE,"none"
3149,4,0,0,FALSE,"none"
3150,5,1,0.2,TRUE,"none"
3151,3,0,0,FALSE,"none"
3152,3,0,0,FALSE,"none"
3153,4,1,0.25,TRUE,"none"
3154,3,0,0,FALSE,"none"
3155,3,2,0.666666666666667,TRUE,"none"
3156,4,0,0,FALSE,"none"
3157,4,0,0,FALSE,"none"
3158,3,0,0,FALSE,"none"
3159,7,4,0.571428571428571,TRUE,"none"
3160,3,1,0.333333333333333,TRUE,"none"
3161,4,1,0.25,TRUE,"none"
3162,5,1,0.2,TRUE,"none"
3163,6,2,0.333333333333333,TRUE,"none"
3164,5,1,0.2,TRUE,"none"
3165,5,1,0.2,TRUE,"none"
3166,5,1,0.2,TRUE,"none"
3167,4,0,0,FALSE,"none"
3168,4,0,0,FALSE,"none"
3169,4,0,0,FALSE,"none"
3170,6,2,0.333333333333333,TRUE,"none"
3171,4,1,0.25,TRUE,"none"
3172,3,0,0,FALSE,"none"
3173,4,0,0,FALSE,"none"
3174,3,0,0,FALSE,"none"
3175,3,0,0,FALSE,"none"
3176,3,0,0,FALSE,"none"
3177,4,1,0.25,TRUE,"none"
3178,3,0,0,FALSE,"none"
3179,5,2,0.4,TRUE,"none"
3180,5,1,0.2,TRUE,"none"
3181,4,0,0,FALSE,"none"
3182,4,0,0,FALSE,"none"
3183,5,1,0.2,TRUE,"none"
3184,5,2,0.4,TRUE,"none"
3185,3,1,0.333333333333333,TRUE,"none"
3186,3,1,0.333333333333333,TRUE,"none"
3187,5,2,0.4,TRUE,"none"
3188,3,0,0,FALSE,"none"
3189,4,1,0.25,TRUE,"none"
3190,3,0,0,FALSE,"none"
3191,5,1,0.2,TRUE,"none"
3192,4,1,0.25,TRUE,"none"
3193,2,0,0,FALSE,"none"
3194,4,0,0,FALSE,"none"
3195,5,1,0.2,TRUE,"none"
3196,4,0,0,FALSE,"none"
3197,5,1,0.2,TRUE,"none"
3198,2,0,0,FALSE,"none"
3199,5,1,0.2,TRUE,"none"
3200,4,0,0,FALSE,"none"
3201,4,1,0.25,TRUE,"none"
3202,3,0,0,FALSE,"none"
3203,4,1,0.25,TRUE,"none"
3204,4,1,0.25,TRUE,"none"
3205,5,1,0.2,TRUE,"none"
3206,6,2,0.333333333333333,TRUE,"none"
3207,5,2,0.4,TRUE,"none"
3208,4,0,0,FALSE,"none"
3209,4,0,0,FALSE,"none"
3210,2,0,0,FALSE,"none"
3211,4,0,0,FALSE,"none"
3212,4,0,0,FALSE,"none"
3213,4,0,0,FALSE,"none"
3214,4,2,0.5,TRUE,"none"
3215,5,2,0.4,TRUE,"none"
3216,2,0,0,FALSE,"none"
3217,5,1,0.2,TRUE,"none"
3218,6,2,0.333333333333333,TRUE,"none"
3219,6,3,0.5,TRUE,"none"
3220,5,1,0.2,TRUE,"none"
3221,4,0,0,FALSE,"none"
3222,6,2,0.333333333333333,TRUE,"none"
3223,4,0,0,FALSE,"none"
3224,3,1,0.333333333333333,TRUE,"none"
3225,4,0,0,FALSE,"none"
3226,7,4,0.571428571428571,TRUE,"none"
3227,5,1,0.2,TRUE,"none"
3228,2,0,0,FALSE,"none"
3229,6,3,0.5,TRUE,"none"
3230,6,2,0.333333333333333,TRUE,"none"
3231,3,0,0,FALSE,"none"
3232,6,3,0.5,TRUE,"none"
3233,3,0,0,FALSE,"none"
3234,3,0,0,FALSE,"none"
3235,5,1,0.2,TRUE,"none"
3236,3,0,0,FALSE,"none"
3237,3,0,0,FALSE,"none"
3238,5,1,0.2,TRUE,"none"
3239,3,0,0,FALSE,"none"
3240,8,5,0.625,TRUE,"none"
3241,5,1,0.2,TRUE,"none"
3242,2,0,0,FALSE,"none"
3243,4,2,0.5,TRUE,"none"
3244,5,1,0.2,TRUE,"none"
3245,5,1,0.2,TRUE,"none"
3246,3,1,0.333333333333333,TRUE,"none"
3247,4,1,0.25,TRUE,"none"
3248,3,0,0,FALSE,"none"
3249,3,0,0,FALSE,"none"
3250,3,0,0,FALSE,"none"
3251,4,0,0,FALSE,"none"
3252,3,1,0.333333333333333,TRUE,"none"
3253,7,3,0.428571428571429,TRUE,"none"
3254,3,0,0,FALSE,"none"
3255,5,3,0.6,TRUE,"none"
3256,6,3,0.5,TRUE,"none"
3257,4,2,0.5,TRUE,"none"
3258,4,0,0,FALSE,"none"
3259,2,0,0,FALSE,"none"
3260,3,0,0,FALSE,"none"
3261,3,0,0,FALSE,"none"
3262,4,0,0,FALSE,"none"
3263,4,2,0.5,TRUE,"none"
3264,5,1,0.2,TRUE,"none"
3265,4,0,0,FALSE,"none"
3266,2,0,0,FALSE,"none"
3267,2,0,0,FALSE,"none"
3268,5,1,0.2,TRUE,"none"
3269,4,0,0,FALSE,"none"
3270,3,0,0,FALSE,"none"
3271,3,0,0,FALSE,"none"
3272,3,0,0,FALSE,"none"
3273,5,1,0.2,TRUE,"none"
3274,4,0,0,FALSE,"none"
3275,5,1,0.2,TRUE,"none"
3276,2,0,0,FALSE,"none"
3277,5,2,0.4,TRUE,"none"
3278,4,2,0.5,TRUE,"none"
3279,5,1,0.2,TRUE,"none"
3280,3,0,0,FALSE,"none"
3281,3,0,0,FALSE,"none"
3282,4,0,0,FALSE,"none"
3283,5,1,0.2,TRUE,"none"
3284,4,0,0,FALSE,"none"
3285,4,2,0.5,TRUE,"none"
3286,5,2,0.4,TRUE,"none"
3287,3,0,0,FALSE,"none"
3288,5,1,0.2,TRUE,"none"
3289,5,1,0.2,TRUE,"none"
3290,6,2,0.333333333333333,TRUE,"none"
3291,4,1,0.25,TRUE,"none"
3292,3,0,0,FALSE,"none"
3293,3,1,0.333333333333333,TRUE,"none"
3294,3,0,0,FALSE,"none"
3295,4,1,0.25,TRUE,"none"
3296,4,1,0.25,TRUE,"none"
3297,4,1,0.25,TRUE,"none"
3298,5,1,0.2,TRUE,"none"
3299,4,1,0.25,TRUE,"none"
3300,4,1,0.25,TRUE,"none"
3301,5,1,0.2,TRUE,"none"
3302,3,0,0,FALSE,"none"
3303,4,0,0,FALSE,"none"
3304,5,1,0.2,TRUE,"none"
3305,2,1,0.5,TRUE,"none"
3306,4,1,0.25,TRUE,"none"
3307,4,0,0,FALSE,"none"
3308,4,0,0,FALSE,"none"
3309,3,0,0,FALSE,"none"
3310,5,1,0.2,TRUE,"none"
3311,4,1,0.25,TRUE,"none"
3312,5,2,0.4,TRUE,"none"
3313,5,1,0.2,TRUE,"none"
3314,5,2,0.4,TRUE,"none"
3315,8,4,0.5,TRUE,"none"
3316,5,2,0.4,TRUE,"none"
3317,2,1,0.5,TRUE,"none"
3318,7,3,0.428571428571429,TRUE,"none"
3319,4,1,0.25,TRUE,"none"
3320,3,0,0,FALSE,"none"
3321,6,2,0.333333333333333,TRUE,"none"
3322,4,0,0,FALSE,"none"
3323,3,0,0,FALSE,"none"
3324,5,1,0.2,TRUE,"none"
3325,4,0,0,FALSE,"none"
3326,2,0,0,FALSE,"none"
3327,3,0,0,FALSE,"none"
3328,4,1,0.25,TRUE,"none"
3329,5,1,0.2,TRUE,"none"
3330,5,1,0.2,TRUE,"none"
3331,3,0,0,FALSE,"none"
3332,4,0,0,FALSE,"none"
3333,3,0,0,FALSE,"none"
3334,4,0,0,FALSE,"none"
3335,4,0,0,FALSE,"none"
3336,5,1,0.2,TRUE,"none"
3337,3,0,0,FALSE,"none"
3338,4,0,0,FALSE,"none"
3339,4,1,0.25,TRUE,"none"
3340,4,0,0,FALSE,"none"
3341,4,1,0.25,TRUE,"none"
3342,3,0,0,FALSE,"none"
3343,3,0,0,FALSE,"none"
3344,4,2,0.5,TRUE,"none"
3345,5,2,0.4,TRUE,"none"
3346,4,1,0.25,TRUE,"none"
3347,4,1,0.25,TRUE,"none"
3348,5,1,0.2,TRUE,"none"
3349,5,1,0.2,TRUE,"none"
3350,5,2,0.4,TRUE,"none"
3351,4,1,0.25,TRUE,"none"
3352,4,2,0.5,TRUE,"none"
3353,7,3,0.428571428571429,TRUE,"none"
3354,5,1,0.2,TRUE,"none"
3355,3,0,0,FALSE,"none"
3356,5,1,0.2,TRUE,"none"
3357,4,1,0.25,TRUE,"none"
3358,3,0,0,FALSE,"none"
3359,4,1,0.25,TRUE,"none"
3360,5,1,0.2,TRUE,"none"
3361,4,0,0,FALSE,"none"
3362,3,0,0,FALSE,"none"
3363,4,0,0,FALSE,"none"
3364,2,0,0,FALSE,"none"
3365,4,0,0,FALSE,"none"
3366,4,1,0.25,TRUE,"none"
3367,4,1,0.25,TRUE,"none"
3368,3,0,0,FALSE,"none"
3369,5,1,0.2,TRUE,"none"
3370,4,0,0,FALSE,"none"
3371,5,1,0.2,TRUE,"none"
3372,6,2,0.333333333333333,TRUE,"none"
3373,3,0,0,FALSE,"none"
3374,5,2,0.4,TRUE,"none"
3375,4,0,0,FALSE,"none"
3376,4,1,0.25,TRUE,"none"
3377,5,2,0.4,TRUE,"none"
3378,4,0,0,FALSE,"none"
3379,5,1,0.2,TRUE,"none"
3380,3,0,0,FALSE,"none"
3381,5,2,0.4,TRUE,"none"
3382,4,0,0,FALSE,"none"
3383,5,1,0.2,TRUE,"none"
3384,3,0,0,FALSE,"none"
3385,4,0,0,FALSE,"none"
3386,5,1,0.2,TRUE,"none"
3387,4,0,0,FALSE,"none"
3388,4,0,0,FALSE,"none"
3389,3,0,0,FALSE,"none"
3390,5,2,0.4,TRUE,"none"
3391,3,1,0.333333333333333,TRUE,"none"
3392,4,1,0.25,TRUE,"none"
3393,4,0,0,FALSE,"none"
3394,5,1,0.2,TRUE,"none"
3395,5,1,0.2,TRUE,"none"
3396,2,0,0,FALSE,"none"
3397,4,1,0.25,TRUE,"none"
3398,5,1,0.2,TRUE,"none"
3399,4,0,0,FALSE,"none"
3400,4,0,0,FALSE,"none"
3401,4,0,0,FALSE,"none"
3402,4,0,0,FALSE,"none"
3403,5,1,0.2,TRUE,"none"
3404,2,0,0,FALSE,"none"
3405,5,1,0.2,TRUE,"none"
3406,4,3,0.75,TRUE,"none"
3407,3,0,0,FALSE,"none"
3408,5,1,0.2,TRUE,"none"
3409,5,1,0.2,TRUE,"none"
3410,5,1,0.2,TRUE,"none"
3411,4,0,0,FALSE,"none"
3412,3,0,0,FALSE,"none"
3413,2,0,0,FALSE,"none"
3414,3,0,0,FALSE,"none"
3415,4,0,0,FALSE,"none"
3416,4,2,0.5,TRUE,"none"
3417,4,1,0.25,TRUE,"none"
3418,5,1,0.2,TRUE,"none"
3419,4,0,0,FALSE,"none"
3420,4,0,0,FALSE,"none"
3421,5,1,0.2,TRUE,"none"
3422,5,2,0.4,TRUE,"none"
3423,4,1,0.25,TRUE,"none"
3424,4,1,0.25,TRUE,"none"
3425,4,0,0,FALSE,"none"
3426,5,1,0.2,TRUE,"none"
3427,2,1,0.5,TRUE,"none"
3428,4,0,0,FALSE,"none"
3429,3,0,0,FALSE,"none"
3430,6,3,0.5,TRUE,"none"
3431,5,1,0.2,TRUE,"none"
3432,5,2,0.4,TRUE,"none"
3433,1,0,0,FALSE,"none"
3434,3,0,0,FALSE,"none"
3435,3,0,0,FALSE,"none"
3436,5,1,0.2,TRUE,"none"
3437,4,0,0,FALSE,"none"
3438,3,1,0.333333333333333,TRUE,"none"
3439,6,2,0.333333333333333,TRUE,"none"
3440,4,0,0,FALSE,"none"
3441,6,2,0.333333333333333,TRUE,"none"
3442,5,1,0.2,TRUE,"none"
3443,3,0,0,FALSE,"none"
3444,4,1,0.25,TRUE,"none"
3445,5,1,0.2,TRUE,"none"
3446,5,1,0.2,TRUE,"none"
3447,5,1,0.2,TRUE,"none"
3448,5,2,0.4,TRUE,"none"
3449,5,1,0.2,TRUE,"none"
3450,4,0,0,FALSE,"none"
3451,5,2,0.4,TRUE,"none"
3452,6,2,0.333333333333333,TRUE,"none"
3453,4,0,0,FALSE,"none"
3454,3,0,0,FALSE,"none"
3455,6,2,0.333333333333333,TRUE,"none"
3456,5,1,0.2,TRUE,"none"
3457,4,0,0,FALSE,"none"
3458,4,0,0,FALSE,"none"
3459,5,2,0.4,TRUE,"none"
3460,4,0,0,FALSE,"none"
3461,5,1,0.2,TRUE,"none"
3462,4,0,0,FALSE,"none"
3463,6,3,0.5,TRUE,"none"
3464,3,0,0,FALSE,"none"
3465,5,1,0.2,TRUE,"none"
3466,3,0,0,FALSE,"none"
3467,4,2,0.5,TRUE,"none"
3468,6,2,0.333333333333333,TRUE,"none"
3469,3,1,0.333333333333333,TRUE,"none"
3470,5,2,0.4,TRUE,"none"
3471,5,2,0.4,TRUE,"none"
3472,5,1,0.2,TRUE,"none"
3473,5,1,0.2,TRUE,"none"
3474,4,0,0,FALSE,"none"
3475,4,0,0,FALSE,"none"
3476,4,1,0.25,TRUE,"none"
3477,5,1,0.2,TRUE,"none"
3478,5,2,0.4,TRUE,"none"
3479,5,1,0.2,TRUE,"none"
3480,3,0,0,FALSE,"none"
3481,4,1,0.25,TRUE,"none"
3482,3,0,0,FALSE,"none"
3483,3,0,0,FALSE,"none"
3484,4,1,0.25,TRUE,"none"
3485,7,3,0.428571428571429,TRUE,"none"
3486,4,0,0,FALSE,"none"
3487,5,2,0.4,TRUE,"none"
3488,4,0,0,FALSE,"none"
3489,2,0,0,FALSE,"none"
3490,4,1,0.25,TRUE,"none"
3491,6,2,0.333333333333333,TRUE,"none"
3492,5,1,0.2,TRUE,"none"
3493,4,2,0.5,TRUE,"none"
3494,6,2,0.333333333333333,TRUE,"none"
3495,4,0,0,FALSE,"none"
3496,3,0,0,FALSE,"none"
3497,4,0,0,FALSE,"none"
3498,4,2,0.5,TRUE,"none"
3499,6,2,0.333333333333333,TRUE,"none"
3500,4,0,0,FALSE,"none"
3501,5,2,0.4,TRUE,"none"
3502,4,0,0,FALSE,"none"
3503,3,0,0,FALSE,"none"
3504,4,1,0.25,TRUE,"none"
3505,1,0,0,FALSE,"none"
3506,4,0,0,FALSE,"none"
3507,4,0,0,FALSE,"none"
3508,5,1,0.2,TRUE,"none"
3509,2,0,0,FALSE,"none"
3510,4,0,0,FALSE,"none"
3511,4,0,0,FALSE,"none"
3512,4,0,0,FALSE,"none"
3513,4,0,0,FALSE,"none"
3514,4,1,0.25,TRUE,"none"
3515,3,0,0,FALSE,"none"
3516,3,0,0,FALSE,"none"
3517,5,1,0.2,TRUE,"none"
3518,5,2,0.4,TRUE,"none"
3519,6,2,0.333333333333333,TRUE,"none"
3520,4,0,0,FALSE,"none"
3521,3,1,0.333333333333333,TRUE,"none"
3522,3,1,0.333333333333333,TRUE,"none"
3523,4,0,0,FALSE,"none"
3524,5,1,0.2,TRUE,"none"
3525,3,0,0,FALSE,"none"
3526,4,0,0,FALSE,"none"
3527,3,0,0,FALSE,"none"
3528,3,0,0,FALSE,"none"
3529,4,0,0,FALSE,"none"
3530,3,1,0.333333333333333,TRUE,"none"
3531,5,1,0.2,TRUE,"none"
3532,4,1,0.25,TRUE,"none"
3533,4,1,0.25,TRUE,"none"
3534,5,2,0.4,TRUE,"none"
3535,4,0,0,FALSE,"none"
3536,4,1,0.25,TRUE,"none"
3537,6,2,0.333333333333333,TRUE,"none"
3538,4,0,0,FALSE,"none"
3539,4,0,0,FALSE,"none"
3540,4,0,0,FALSE,"none"
3541,5,1,0.2,TRUE,"none"
3542,4,1,0.25,TRUE,"none"
3543,3,1,0.333333333333333,TRUE,"none"
3544,4,0,0,FALSE,"none"
3545,4,0,0,FALSE,"none"
3546,2,0,0,FALSE,"none"
3547,3,0,0,FALSE,"none"
3548,4,1,0.25,TRUE,"none"
3549,7,3,0.428571428571429,TRUE,"none"
3550,4,0,0,FALSE,"none"
3551,3,0,0,FALSE,"none"
3552,2,0,0,FALSE,"none"
3553,6,2,0.333333333333333,TRUE,"none"
3554,4,1,0.25,TRUE,"none"
3555,3,0,0,FALSE,"none"
3556,5,1,0.2,TRUE,"none"
3557,6,2,0.333333333333333,TRUE,"none"
3558,3,0,0,FALSE,"none"
3559,4,1,0.25,TRUE,"none"
3560,5,1,0.2,TRUE,"none"
3561,3,0,0,FALSE,"none"
3562,5,2,0.4,TRUE,"none"
3563,6,2,0.333333333333333,TRUE,"none"
3564,4,0,0,FALSE,"none"
3565,5,1,0.2,TRUE,"none"
3566,4,1,0.25,TRUE,"none"
3567,5,2,0.4,TRUE,"none"
3568,5,1,0.2,TRUE,"none"
3569,4,2,0.5,TRUE,"none"
3570,5,1,0.2,TRUE,"none"
3571,6,3,0.5,TRUE,"none"
3572,4,0,0,FALSE,"none"
3573,5,3,0.6,TRUE,"none"
3574,5,1,0.2,TRUE,"none"
3575,3,1,0.333333333333333,TRUE,"none"
3576,3,0,0,FALSE,"none"
3577,4,0,0,FALSE,"none"
3578,4,1,0.25,TRUE,"none"
3579,4,1,0.25,TRUE,"none"
3580,5,2,0.4,TRUE,"none"
3581,4,1,0.25,TRUE,"none"
3582,3,0,0,FALSE,"none"
3583,5,2,0.4,TRUE,"none"
3584,3,0,0,FALSE,"none"
3585,3,0,0,FALSE,"none"
3586,4,1,0.25,TRUE,"none"
3587,4,0,0,FALSE,"none"
3588,2,0,0,FALSE,"none"
3589,3,0,0,FALSE,"none"
3590,4,0,0,FALSE,"none"
3591,3,0,0,FALSE,"none"
3592,4,0,0,FALSE,"none"
3593,5,1,0.2,TRUE,"none"
3594,3,0,0,FALSE,"none"
3595,3,0,0,FALSE,"none"
3596,4,0,0,FALSE,"none"
3597,4,0,0,FALSE,"none"
3598,4,0,0,FALSE,"none"
3599,5,1,0.2,TRUE,"none"
3600,3,1,0.333333333333333,TRUE,"none"
3601,3,0,0,FALSE,"none"
3602,3,0,0,FALSE,"none"
3603,3,0,0,FALSE,"none"
3604,4,1,0.25,TRUE,"none"
3605,5,2,0.4,TRUE,"none"
3606,4,1,0.25,TRUE,"none"
3607,4,1,0.25,TRUE,"none"
3608,5,2,0.4,TRUE,"none"
3609,3,0,0,FALSE,"none"
3610,1,0,0,FALSE,"none"
3611,3,1,0.333333333333333,TRUE,"none"
3612,4,0,0,FALSE,"none"
3613,5,1,0.2,TRUE,"none"
3614,4,1,0.25,TRUE,"none"
3615,3,0,0,FALSE,"none"
3616,3,1,0.333333333333333,TRUE,"none"
3617,2,0,0,FALSE,"none"
3618,4,0,0,FALSE,"none"
3619,3,1,0.333333333333333,TRUE,"none"
3620,4,1,0.25,TRUE,"none"
3621,3,1,0.333333333333333,TRUE,"none"
3622,6,2,0.333333333333333,TRUE,"none"
3623,3,0,0,FALSE,"none"
3624,4,0,0,FALSE,"none"
3625,1,0,0,FALSE,"none"
3626,5,2,0.4,TRUE,"none"
3627,5,1,0.2,TRUE,"none"
3628,7,3,0.428571428571429,TRUE,"none"
3629,5,1,0.2,TRUE,"none"
3630,4,1,0.25,TRUE,"none"
3631,4,1,0.25,TRUE,"none"
3632,6,2,0.333333333333333,TRUE,"none"
3633,5,1,0.2,TRUE,"none"
3634,4,0,0,FALSE,"none"
3635,3,0,0,FALSE,"none"
3636,4,0,0,FALSE,"none"
3637,5,1,0.2,TRUE,"none"
3638,3,0,0,FALSE,"none"
3639,3,0,0,FALSE,"none"
3640,4,0,0,FALSE,"none"
3641,3,0,0,FALSE,"none"
3642,5,1,0.2,TRUE,"none"
3643,5,3,0.6,TRUE,"none"
3644,5,1,0.2,TRUE,"none"
3645,3,0,0,FALSE,"none"
3646,3,0,0,FALSE,"none"
3647,4,0,0,FALSE,"none"
3648,4,1,0.25,TRUE,"none"
3649,5,1,0.2,TRUE,"none"
3650,2,0,0,FALSE,"none"
3651,4,0,0,FALSE,"none"
3652,5,1,0.2,TRUE,"none"
3653,5,1,0.2,TRUE,"none"
3654,4,1,0.25,TRUE,"none"
3655,5,2,0.4,TRUE,"none"
3656,4,0,0,FALSE,"none"
3657,5,1,0.2,TRUE,"none"
3658,4,0,0,FALSE,"none"
3659,3,1,0.333333333333333,TRUE,"none"
3660,3,0,0,FALSE,"none"
3661,5,2,0.4,TRUE,"none"
3662,3,0,0,FALSE,"none"
3663,5,1,0.2,TRUE,"none"
3664,3,0,0,FALSE,"none"
3665,4,0,0,FALSE,"none"
3666,3,0,0,FALSE,"none"
3667,4,0,0,FALSE,"none"
3668,5,1,0.2,TRUE,"none"
3669,4,1,0.25,TRUE,"none"
3670,5,1,0.2,TRUE,"none"
3671,3,1,0.333333333333333,TRUE,"none"
3672,5,1,0.2,TRUE,"none"
3673,2,0,0,FALSE,"none"
3674,3,0,0,FALSE,"none"
3675,5,1,0.2,TRUE,"none"
3676,4,1,0.25,TRUE,"none"
3677,6,2,0.333333333333333,TRUE,"none"
3678,5,1,0.2,TRUE,"none"
3679,5,2,0.4,TRUE,"none"
3680,3,0,0,FALSE,"none"
3681,4,1,0.25,TRUE,"none"
3682,4,0,0,FALSE,"none"
3683,3,0,0,FALSE,"none"
3684,4,0,0,FALSE,"none"
3685,4,1,0.25,TRUE,"none"
3686,5,1,0.2,TRUE,"none"
3687,5,1,0.2,TRUE,"none"
3688,4,0,0,FALSE,"none"
3689,6,2,0.333333333333333,TRUE,"none"
3690,5,1,0.2,TRUE,"none"
3691,3,1,0.333333333333333,TRUE,"none"
3692,6,2,0.333333333333333,TRUE,"none"
3693,4,0,0,FALSE,"none"
3694,5,1,0.2,TRUE,"none"
3695,4,0,0,FALSE,"none"
3696,7,3,0.428571428571429,TRUE,"none"
3697,4,0,0,FALSE,"none"
3698,5,2,0.4,TRUE,"none"
3699,5,1,0.2,TRUE,"none"
3700,4,1,0.25,TRUE,"none"
3701,4,1,0.25,TRUE,"none"
3702,3,0,0,FALSE,"none"
3703,4,0,0,FALSE,"none"
3704,4,0,0,FALSE,"none"
3705,4,2,0.5,TRUE,"none"
3706,4,0,0,FALSE,"none"
3707,4,1,0.25,TRUE,"none"
3708,3,0,0,FALSE,"none"
3709,5,1,0.2,TRUE,"none"
3710,4,0,0,FALSE,"none"
3711,4,1,0.25,TRUE,"none"
3712,3,0,0,FALSE,"none"
3713,3,1,0.333333333333333,TRUE,"none"
3714,7,3,0.428571428571429,TRUE,"none"
3715,5,1,0.2,TRUE,"none"
3716,4,1,0.25,TRUE,"none"
3717,4,0,0,FALSE,"none"
3718,4,1,0.25,TRUE,"none"
3719,4,0,0,FALSE,"none"
3720,3,0,0,FALSE,"none"
3721,2,0,0,FALSE,"none"
3722,3,0,0,FALSE,"none"
3723,3,0,0,FALSE,"none"
3724,3,0,0,FALSE,"none"
3725,3,1,0.333333333333333,TRUE,"none"
3726,5,1,0.2,TRUE,"none"
3727,3,0,0,FALSE,"none"
3728,2,0,0,FALSE,"none"
3729,4,0,0,FALSE,"none"
3730,4,0,0,FALSE,"none"
3731,4,0,0,FALSE,"none"
3732,2,0,0,FALSE,"none"
3733,4,1,0.25,TRUE,"none"
3734,3,0,0,FALSE,"none"
3735,4,0,0,FALSE,"none"
3736,6,3,0.5,TRUE,"none"
3737,6,2,0.333333333333333,TRUE,"none"
3738,4,1,0.25,TRUE,"none"
3739,4,1,0.25,TRUE,"none"
3740,5,1,0.2,TRUE,"none"
3741,3,0,0,FALSE,"none"
3742,4,0,0,FALSE,"none"
3743,3,0,0,FALSE,"none"
3744,4,1,0.25,TRUE,"none"
3745,4,1,0.25,TRUE,"none"
3746,4,1,0.25,TRUE,"none"
3747,5,1,0.2,TRUE,"none"
3748,5,3,0.6,TRUE,"none"
3749,3,0,0,FALSE,"none"
3750,5,1,0.2,TRUE,"none"
3751,4,0,0,FALSE,"none"
3752,3,0,0,FALSE,"none"
3753,4,1,0.25,TRUE,"none"
3754,6,2,0.333333333333333,TRUE,"none"
3755,4,1,0.25,TRUE,"none"
3756,3,0,0,FALSE,"none"
3757,4,0,0,FALSE,"none"
3758,3,1,0.333333333333333,TRUE,"none"
3759,4,0,0,FALSE,"none"
3760,3,0,0,FALSE,"none"
3761,4,0,0,FALSE,"none"
3762,3,0,0,FALSE,"none"
3763,4,1,0.25,TRUE,"none"
3764,6,3,0.5,TRUE,"none"
3765,4,0,0,FALSE,"none"
3766,4,1,0.25,TRUE,"none"
3767,4,0,0,FALSE,"none"
3768,5,2,0.4,TRUE,"none"
3769,4,1,0.25,TRUE,"none"
3770,4,0,0,FALSE,"none"
3771,3,0,0,FALSE,"none"
3772,1,0,0,FALSE,"none"
3773,3,0,0,FALSE,"none"
3774,5,1,0.2,TRUE,"none"
3775,6,2,0.333333333333333,TRUE,"none"
3776,6,2,0.333333333333333,TRUE,"none"
3777,3,0,0,FALSE,"none"
3778,4,0,0,FALSE,"none"
3779,4,1,0.25,TRUE,"none"
3780,3,0,0,FALSE,"none"
3781,4,0,0,FALSE,"none"
3782,6,2,0.333333333333333,TRUE,"none"
3783,3,1,0.333333333333333,TRUE,"none"
3784,5,2,0.4,TRUE,"none"
3785,5,1,0.2,TRUE,"none"
3786,5,1,0.2,TRUE,"none"
3787,4,0,0,FALSE,"none"
3788,3,1,0.333333333333333,TRUE,"none"
3789,3,0,0,FALSE,"none"
3790,5,1,0.2,TRUE,"none"
3791,4,1,0.25,TRUE,"none"
3792,3,0,0,FALSE,"none"
3793,2,0,0,FALSE,"none"
3794,4,0,0,FALSE,"none"
3795,4,1,0.25,TRUE,"none"
3796,5,1,0.2,TRUE,"none"
3797,3,1,0.333333333333333,TRUE,"none"
3798,6,2,0.333333333333333,TRUE,"none"
3799,6,2,0.333333333333333,TRUE,"none"
3800,3,1,0.333333333333333,TRUE,"none"
3801,4,0,0,FALSE,"none"
3802,4,1,0.25,TRUE,"none"
3803,5,3,0.6,TRUE,"none"
3804,5,2,0.4,TRUE,"none"
3805,3,0,0,FALSE,"none"
3806,4,1,0.25,TRUE,"none"
3807,4,1,0.25,TRUE,"none"
3808,3,0,0,FALSE,"none"
3809,4,0,0,FALSE,"none"
3810,3,1,0.333333333333333,TRUE,"none"
3811,3,0,0,FALSE,"none"
3812,3,0,0,FALSE,"none"
3813,5,1,0.2,TRUE,"none"
3814,4,0,0,FALSE,"none"
3815,5,2,0.4,TRUE,"none"
3816,4,0,0,FALSE,"none"
3817,4,1,0.25,TRUE,"none"
3818,4,0,0,FALSE,"none"
3819,3,1,0.333333333333333,TRUE,"none"
3820,4,0,0,FALSE,"none"
3821,4,0,0,FALSE,"none"
3822,4,0,0,FALSE,"none"
3823,4,1,0.25,TRUE,"none"
3824,3,1,0.333333333333333,TRUE,"none"
3825,4,1,0.25,TRUE,"none"
3826,4,0,0,FALSE,"none"
3827,3,0,0,FALSE,"none"
3828,3,0,0,FALSE,"none"
3829,3,0,0,FALSE,"none"
3830,3,1,0.333333333333333,TRUE,"none"
3831,2,0,0,FALSE,"none"
3832,2,0,0,FALSE,"none"
3833,5,1,0.2,TRUE,"none"
3834,4,0,0,FALSE,"none"
3835,6,2,0.333333333333333,TRUE,"none"
3836,3,0,0,FALSE,"none"
3837,3,0,0,FALSE,"none"
3838,4,1,0.25,TRUE,"none"
3839,7,3,0.428571428571429,TRUE,"none"
3840,6,2,0.333333333333333,TRUE,"none"
3841,4,1,0.25,TRUE,"none"
3842,4,0,0,FALSE,"none"
3843,3,0,0,FALSE,"none"
3844,4,0,0,FALSE,"none"
3845,4,0,0,FALSE,"none"
3846,4,0,0,FALSE,"none"
3847,5,2,0.4,TRUE,"none"
3848,4,0,0,FALSE,"none"
3849,5,2,0.4,TRUE,"none"
3850,5,2,0.4,TRUE,"none"
3851,4,1,0.25,TRUE,"none"
3852,4,0,0,FALSE,"none"
3853,4,0,0,FALSE,"none"
3854,4,0,0,FALSE,"none"
3855,5,2,0.4,TRUE,"none"
3856,5,1,0.2,TRUE,"none"
3857,4,0,0,FALSE,"none"
3858,4,0,0,FALSE,"none"
3859,3,0,0,FALSE,"none"
3860,6,3,0.5,TRUE,"none"
3861,4,0,0,FALSE,"none"
3862,4,1,0.25,TRUE,"none"
3863,4,0,0,FALSE,"none"
3864,3,1,0.333333333333333,TRUE,"none"
3865,7,3,0.428571428571429,TRUE,"none"
3866,5,1,0.2,TRUE,"none"
3867,7,3,0.428571428571429,TRUE,"none"
3868,4,1,0.25,TRUE,"none"
3869,3,0,0,FALSE,"none"
3870,4,1,0.25,TRUE,"none"
3871,3,0,0,FALSE,"none"
3872,3,1,0.333333333333333,TRUE,"none"
3873,4,0,0,FALSE,"none"
3874,4,0,0,FALSE,"none"
3875,6,2,0.333333333333333,TRUE,"none"
3876,4,1,0.25,TRUE,"none"
3877,4,0,0,FALSE,"none"
3878,3,1,0.333333333333333,TRUE,"none"
3879,4,0,0,FALSE,"none"
3880,5,2,0.4,TRUE,"none"
3881,4,1,0.25,TRUE,"none"
3882,4,0,0,FALSE,"none"
3883,1,0,0,FALSE,"none"
3884,5,2,0.4,TRUE,"none"
3885,4,1,0.25,TRUE,"none"
3886,3,0,0,FALSE,"none"
3887,5,1,0.2,TRUE,"none"
3888,4,1,0.25,TRUE,"none"
3889,3,0,0,FALSE,"none"
3890,4,0,0,FALSE,"none"
3891,5,1,0.2,TRUE,"none"
3892,2,0,0,FALSE,"none"
3893,2,0,0,FALSE,"none"
3894,4,1,0.25,TRUE,"none"
3895,5,2,0.4,TRUE,"none"
3896,4,0,0,FALSE,"none"
3897,4,1,0.25,TRUE,"none"
3898,3,0,0,FALSE,"none"
3899,3,1,0.333333333333333,TRUE,"none"
3900,7,3,0.428571428571429,TRUE,"none"
3901,1,0,0,FALSE,"none"
3902,4,0,0,FALSE,"none"
3903,4,0,0,FALSE,"none"
3904,4,1,0.25,TRUE,"none"
3905,4,0,0,FALSE,"none"
3906,3,1,0.333333333333333,TRUE,"none"
3907,6,2,0.333333333333333,TRUE,"none"
3908,4,0,0,FALSE,"none"
3909,2,1,0.5,TRUE,"none"
3910,4,1,0.25,TRUE,"none"
3911,6,3,0.5,TRUE,"none"
3912,3,0,0,FALSE,"none"
3913,3,0,0,FALSE,"none"
3914,4,0,0,FALSE,"none"
3915,4,1,0.25,TRUE,"none"
3916,4,0,0,FALSE,"none"
3917,6,2,0.333333333333333,TRUE,"none"
3918,4,0,0,FALSE,"none"
3919,4,1,0.25,TRUE,"none"
3920,5,1,0.2,TRUE,"none"
3921,2,0,0,FALSE,"none"
3922,4,0,0,FALSE,"none"
3923,5,1,0.2,TRUE,"none"
3924,5,2,0.4,TRUE,"none"
3925,5,2,0.4,TRUE,"none"
3926,6,2,0.333333333333333,TRUE,"none"
3927,3,0,0,FALSE,"none"
3928,3,1,0.333333333333333,TRUE,"none"
3929,5,1,0.2,TRUE,"none"
3930,4,1,0.25,TRUE,"none"
3931,2,1,0.5,TRUE,"none"
3932,5,1,0.2,TRUE,"none"
3933,4,1,0.25,TRUE,"none"
3934,5,1,0.2,TRUE,"none"
3935,4,0,0,FALSE,"none"
3936,4,0,0,FALSE,"none"
3937,4,1,0.25,TRUE,"none"
3938,4,2,0.5,TRUE,"none"
3939,2,0,0,FALSE,"none"
3940,5,1,0.2,TRUE,"none"
3941,6,2,0.333333333333333,TRUE,"none"
3942,5,1,0.2,TRUE,"none"
3943,3,1,0.333333333333333,TRUE,"none"
3944,4,0,0,FALSE,"none"
3945,3,0,0,FALSE,"none"
3946,4,1,0.25,TRUE,"none"
3947,2,0,0,FALSE,"none"
3948,4,0,0,FALSE,"none"
3949,6,2,0.333333333333333,TRUE,"none"
3950,4,1,0.25,TRUE,"none"
3951,4,1,0.25,TRUE,"none"
3952,4,0,0,FALSE,"none"
3953,4,0,0,FALSE,"none"
3954,3,0,0,FALSE,"none"
3955,5,1,0.2,TRUE,"none"
3956,4,1,0.25,TRUE,"none"
3957,4,1,0.25,TRUE,"none"
3958,5,1,0.2,TRUE,"none"
3959,4,1,0.25,TRUE,"none"
3960,3,0,0,FALSE,"none"
3961,3,1,0.333333333333333,TRUE,"none"
3962,3,0,0,FALSE,"none"
3963,5,1,0.2,TRUE,"none"
3964,5,1,0.2,TRUE,"none"
3965,4,0,0,FALSE,"none"
3966,7,3,0.428571428571429,TRUE,"none"
3967,4,0,0,FALSE,"none"
3968,5,2,0.4,TRUE,"none"
3969,3,0,0,FALSE,"none"
3970,4,1,0.25,TRUE,"none"
3971,5,1,0.2,TRUE,"none"
3972,3,0,0,FALSE,"none"
3973,5,2,0.4,TRUE,"none"
3974,4,1,0.25,TRUE,"none"
3975,2,0,0,FALSE,"none"
3976,4,1,0.25,TRUE,"none"
3977,3,0,0,FALSE,"none"
3978,4,0,0,FALSE,"none"
3979,4,1,0.25,TRUE,"none"
3980,4,3,0.75,TRUE,"none"
3981,5,1,0.2,TRUE,"none"
3982,3,0,0,FALSE,"none"
3983,5,1,0.2,TRUE,"none"
3984,3,1,0.333333333333333,TRUE,"none"
3985,5,2,0.4,TRUE,"none"
3986,5,1,0.2,TRUE,"none"
3987,5,2,0.4,TRUE,"none"
3988,2,0,0,FALSE,"none"
3989,4,0,0,FALSE,"none"
3990,4,1,0.25,TRUE,"none"
3991,5,1,0.2,TRUE,"none"
3992,4,1,0.25,TRUE,"none"
3993,5,2,0.4,TRUE,"none"
3994,4,0,0,FALSE,"none"
3995,1,0,0,FALSE,"none"
3996,4,0,0,FALSE,"none"
3997,3,0,0,FALSE,"none"
3998,5,1,0.2,TRUE,"none"
3999,5,2,0.4,TRUE,"none"
4000,4,1,0.25,TRUE,"none"
4001,3,1,0.333333333333333,TRUE,"none"
4002,5,1,0.2,TRUE,"none"
4003,5,1,0.2,TRUE,"none"
4004,3,0,0,FALSE,"none"
4005,3,0,0,FALSE,"none"
4006,5,1,0.2,TRUE,"none"
4007,7,3,0.428571428571429,TRUE,"none"
4008,6,3,0.5,TRUE,"none"
4009,5,2,0.4,TRUE,"none"
4010,3,0,0,FALSE,"none"
4011,5,2,0.4,TRUE,"none"
4012,5,2,0.4,TRUE,"none"
4013,4,0,0,FALSE,"none"
4014,5,1,0.2,TRUE,"none"
4015,3,1,0.333333333333333,TRUE,"none"
4016,4,0,0,FALSE,"none"
4017,4,0,0,FALSE,"none"
4018,6,2,0.333333333333333,TRUE,"none"
4019,5,2,0.4,TRUE,"none"
4020,3,0,0,FALSE,"none"
4021,4,2,0.5,TRUE,"none"
4022,4,0,0,FALSE,"none"
4023,4,1,0.25,TRUE,"none"
4024,7,3,0.428571428571429,TRUE,"none"
4025,7,3,0.428571428571429,TRUE,"none"
4026,4,0,0,FALSE,"none"
4027,4,0,0,FALSE,"none"
4028,4,0,0,FALSE,"none"
4029,4,1,0.25,TRUE,"none"
4030,3,0,0,FALSE,"none"
4031,4,0,0,FALSE,"none"
4032,4,0,0,FALSE,"none"
4033,4,0,0,FALSE,"none"
4034,4,1,0.25,TRUE,"none"
4035,4,0,0,FALSE,"none"
4036,5,1,0.2,TRUE,"none"
4037,3,0,0,FALSE,"none"
4038,5,2,0.4,TRUE,"none"
4039,7,3,0.428571428571429,TRUE,"none"
4040,4,0,0,FALSE,"none"
4041,4,0,0,FALSE,"none"
4042,5,2,0.4,TRUE,"none"
4043,5,1,0.2,TRUE,"none"
4044,4,1,0.25,TRUE,"none"
4045,4,0,0,FALSE,"none"
4046,5,1,0.2,TRUE,"none"
4047,3,1,0.333333333333333,TRUE,"none"
4048,4,1,0.25,TRUE,"none"
4049,5,2,0.4,TRUE,"none"
4050,2,0,0,FALSE,"none"
4051,4,0,0,FALSE,"none"
4052,7,3,0.428571428571429,TRUE,"none"
4053,5,1,0.2,TRUE,"none"
4054,4,0,0,FALSE,"none"
4055,4,0,0,FALSE,"none"
4056,4,1,0.25,TRUE,"none"
4057,3,0,0,FALSE,"none"
4058,5,1,0.2,TRUE,"none"
4059,5,1,0.2,TRUE,"none"
4060,5,1,0.2,TRUE,"none"
4061,4,0,0,FALSE,"none"
4062,8,4,0.5,TRUE,"none"
4063,3,0,0,FALSE,"none"
4064,3,0,0,FALSE,"none"
4065,4,0,0,FALSE,"none"
4066,3,0,0,FALSE,"none"
4067,5,1,0.2,TRUE,"none"
4068,4,0,0,FALSE,"none"
4069,5,2,0.4,TRUE,"none"
4070,6,2,0.333333333333333,TRUE,"none"
4071,4,0,0,FALSE,"none"
4072,3,0,0,FALSE,"none"
4073,5,2,0.4,TRUE,"none"
4074,3,0,0,FALSE,"none"
4075,5,1,0.2,TRUE,"none"
4076,5,1,0.2,TRUE,"none"
4077,4,0,0,FALSE,"none"
4078,4,0,0,FALSE,"none"
4079,3,0,0,FALSE,"none"
4080,3,1,0.333333333333333,TRUE,"none"
4081,2,1,0.5,TRUE,"none"
4082,5,2,0.4,TRUE,"none"
4083,3,0,0,FALSE,"none"
4084,5,1,0.2,TRUE,"none"
4085,5,1,0.2,TRUE,"none"
4086,5,1,0.2,TRUE,"none"
4087,2,1,0.5,TRUE,"none"
4088,4,1,0.25,TRUE,"none"
4089,4,1,0.25,TRUE,"none"
4090,4,0,0,FALSE,"none"
4091,3,1,0.333333333333333,TRUE,"none"
4092,4,1,0.25,TRUE,"none"
4093,3,0,0,FALSE,"none"
4094,6,2,0.333333333333333,TRUE,"none"
4095,5,1,0.2,TRUE,"none"
4096,5,2,0.4,TRUE,"none"
4097,3,0,0,FALSE,"none"
4098,3,1,0.333333333333333,TRUE,"none"
4099,5,2,0.4,TRUE,"none"
4100,4,0,0,FALSE,"none"
4101,4,0,0,FALSE,"none"
4102,4,0,0,FALSE,"none"
4103,6,2,0.333333333333333,TRUE,"none"
4104,4,0,0,FALSE,"none"
4105,3,0,0,FALSE,"none"
4106,4,0,0,FALSE,"none"
4107,2,0,0,FALSE,"none"
4108,3,0,0,FALSE,"none"
4109,4,0,0,FALSE,"none"
4110,3,1,0.333333333333333,TRUE,"none"
4111,5,1,0.2,TRUE,"none"
4112,4,0,0,FALSE,"none"
4113,4,1,0.25,TRUE,"none"
4114,4,1,0.25,TRUE,"none"
4115,4,1,0.25,TRUE,"none"
4116,3,1,0.333333333333333,TRUE,"none"
4117,4,0,0,FALSE,"none"
4118,3,0,0,FALSE,"none"
4119,6,2,0.333333333333333,TRUE,"none"
4120,4,1,0.25,TRUE,"none"
4121,7,3,0.428571428571429,TRUE,"none"
4122,3,1,0.333333333333333,TRUE,"none"
4123,4,0,0,FALSE,"none"
4124,3,0,0,FALSE,"none"
4125,8,4,0.5,TRUE,"none"
4126,6,2,0.333333333333333,TRUE,"none"
4127,3,0,0,FALSE,"none"
4128,4,1,0.25,TRUE,"none"
4129,6,2,0.333333333333333,TRUE,"none"
4130,4,0,0,FALSE,"none"
4131,5,1,0.2,TRUE,"none"
4132,5,1,0.2,TRUE,"none"
4133,3,0,0,FALSE,"none"
4134,5,1,0.2,TRUE,"none"
4135,3,0,0,FALSE,"none"
4136,4,1,0.25,TRUE,"none"
4137,4,0,0,FALSE,"none"
4138,5,1,0.2,TRUE,"none"
4139,5,1,0.2,TRUE,"none"
4140,5,1,0.2,TRUE,"none"
4141,2,1,0.5,TRUE,"none"
4142,3,0,0,FALSE,"none"
4143,2,0,0,FALSE,"none"
4144,4,1,0.25,TRUE,"none"
4145,5,1,0.2,TRUE,"none"
4146,5,1,0.2,TRUE,"none"
4147,4,1,0.25,TRUE,"none"
4148,3,0,0,FALSE,"none"
4149,4,0,0,FALSE,"none"
4150,3,0,0,FALSE,"none"
4151,4,0,0,FALSE,"none"
4152,4,1,0.25,TRUE,"none"
4153,4,1,0.25,TRUE,"none"
4154,5,1,0.2,TRUE,"none"
4155,4,1,0.25,TRUE,"none"
4156,4,1,0.25,TRUE,"none"
4157,5,1,0.2,TRUE,"none"
4158,5,1,0.2,TRUE,"none"
4159,4,0,0,FALSE,"none"
4160,3,1,0.333333333333333,TRUE,"none"
4161,6,2,0.333333333333333,TRUE,"none"
4162,5,1,0.2,TRUE,"none"
4163,4,0,0,FALSE,"none"
4164,3,0,0,FALSE,"none"
4165,4,0,0,FALSE,"none"
4166,4,0,0,FALSE,"none"
4167,2,0,0,FALSE,"none"
4168,4,0,0,FALSE,"none"
4169,4,0,0,FALSE,"none"
4170,4,0,0,FALSE,"none"
4171,4,0,0,FALSE,"none"
4172,4,0,0,FALSE,"none"
4173,5,1,0.2,TRUE,"none"
4174,4,0,0,FALSE,"none"
4175,5,1,0.2,TRUE,"none"
4176,3,0,0,FALSE,"none"
4177,5,1,0.2,TRUE,"none"
4178,3,1,0.333333333333333,TRUE,"none"
4179,4,1,0.25,TRUE,"none"
4180,6,2,0.333333333333333,TRUE,"none"
4181,3,0,0,FALSE,"none"
4182,5,2,0.4,TRUE,"none"
4183,5,2,0.4,TRUE,"none"
4184,4,0,0,FALSE,"none"
4185,6,2,0.333333333333333,TRUE,"none"
4186,5,1,0.2,TRUE,"none"
4187,7,3,0.428571428571429,TRUE,"none"
4188,3,0,0,FALSE,"none"
4189,8,4,0.5,TRUE,"none"
4190,5,1,0.2,TRUE,"none"
4191,5,1,0.2,TRUE,"none"
4192,4,0,0,FALSE,"none"
4193,5,2,0.4,TRUE,"none"
4194,4,1,0.25,TRUE,"none"
4195,4,0,0,FALSE,"none"
4196,5,1,0.2,TRUE,"none"
4197,4,0,0,FALSE,"none"
4198,4,0,0,FALSE,"none"
4199,5,1,0.2,TRUE,"none"
4200,5,2,0.4,TRUE,"none"
4201,6,3,0.5,TRUE,"none"
4202,4,1,0.25,TRUE,"none"
4203,5,1,0.2,TRUE,"none"
4204,4,0,0,FALSE,"none"
4205,4,1,0.25,TRUE,"none"
4206,4,1,0.25,TRUE,"none"
4207,3,0,0,FALSE,"none"
4208,2,0,0,FALSE,"none"
4209,4,2,0.5,TRUE,"none"
4210,5,1,0.2,TRUE,"none"
4211,5,2,0.4,TRUE,"none"
4212,7,3,0.428571428571429,TRUE,"none"
4213,4,0,0,FALSE,"none"
4214,3,0,0,FALSE,"none"
4215,5,1,0.2,TRUE,"none"
4216,4,1,0.25,TRUE,"none"
4217,5,1,0.2,TRUE,"none"
4218,3,0,0,FALSE,"none"
4219,4,1,0.25,TRUE,"none"
4220,4,0,0,FALSE,"none"
4221,5,1,0.2,TRUE,"none"
4222,3,0,0,FALSE,"none"
4223,4,1,0.25,TRUE,"none"
4224,4,0,0,FALSE,"none"
4225,7,3,0.428571428571429,TRUE,"none"
4226,4,0,0,FALSE,"none"
4227,5,1,0.2,TRUE,"none"
4228,5,1,0.2,TRUE,"none"
4229,8,4,0.5,TRUE,"none"
4230,4,0,0,FALSE,"none"
4231,3,0,0,FALSE,"none"
4232,7,3,0.428571428571429,TRUE,"none"
4233,6,3,0.5,TRUE,"none"
4234,5,1,0.2,TRUE,"none"
4235,5,2,0.4,TRUE,"none"
4236,5,2,0.4,TRUE,"none"
4237,2,1,0.5,TRUE,"none"
4238,5,1,0.2,TRUE,"none"
4239,4,1,0.25,TRUE,"none"
4240,5,1,0.2,TRUE,"none"
4241,5,1,0.2,TRUE,"none"
4242,2,1,0.5,TRUE,"none"
4243,3,0,0,FALSE,"none"
4244,5,2,0.4,TRUE,"none"
4245,5,2,0.4,TRUE,"none"
4246,3,0,0,FALSE,"none"
4247,5,1,0.2,TRUE,"none"
4248,2,0,0,FALSE,"none"
4249,3,0,0,FALSE,"none"
4250,4,0,0,FALSE,"none"
4251,3,0,0,FALSE,"none"
4252,4,1,0.25,TRUE,"none"
4253,5,1,0.2,TRUE,"none"
4254,4,1,0.25,TRUE,"none"
4255,3,1,0.333333333333333,TRUE,"none"
4256,4,1,0.25,TRUE,"none"
4257,4,1,0.25,TRUE,"none"
4258,4,1,0.25,TRUE,"none"
4259,4,1,0.25,TRUE,"none"
4260,5,1,0.2,TRUE,"none"
4261,3,0,0,FALSE,"none"
4262,5,1,0.2,TRUE,"none"
4263,5,1,0.2,TRUE,"none"
4264,3,1,0.333333333333333,TRUE,"none"
4265,4,0,0,FALSE,"none"
4266,7,3,0.428571428571429,TRUE,"none"
4267,4,1,0.25,TRUE,"none"
4268,5,2,0.4,TRUE,"none"
4269,5,1,0.2,TRUE,"none"
4270,5,2,0.4,TRUE,"none"
4271,5,1,0.2,TRUE,"none"
4272,4,0,0,FALSE,"none"
4273,3,0,0,FALSE,"none"
4274,5,2,0.4,TRUE,"none"
4275,4,0,0,FALSE,"none"
4276,3,1,0.333333333333333,TRUE,"none"
4277,5,1,0.2,TRUE,"none"
4278,6,2,0.333333333333333,TRUE,"none"
4279,4,0,0,FALSE,"none"
4280,5,1,0.2,TRUE,"none"
4281,6,2,0.333333333333333,TRUE,"none"
4282,3,0,0,FALSE,"none"
4283,5,1,0.2,TRUE,"none"
4284,5,1,0.2,TRUE,"none"
4285,5,1,0.2,TRUE,"none"
4286,3,0,0,FALSE,"none"
4287,5,1,0.2,TRUE,"none"
4288,5,1,0.2,TRUE,"none"
4289,3,0,0,FALSE,"none"
4290,3,1,0.333333333333333,TRUE,"none"
4291,5,1,0.2,TRUE,"none"
4292,2,0,0,FALSE,"none"
4293,5,1,0.2,TRUE,"none"
4294,2,0,0,FALSE,"none"
4295,4,0,0,FALSE,"none"
4296,5,1,0.2,TRUE,"none"
4297,5,1,0.2,TRUE,"none"
4298,6,2,0.333333333333333,TRUE,"none"
4299,5,2,0.4,TRUE,"none"
4300,4,0,0,FALSE,"none"
4301,4,0,0,FALSE,"none"
4302,3,0,0,FALSE,"none"
4303,3,0,0,FALSE,"none"
4304,6,2,0.333333333333333,TRUE,"none"
4305,5,2,0.4,TRUE,"none"
4306,3,0,0,FALSE,"none"
4307,6,2,0.333333333333333,TRUE,"none"
4308,4,1,0.25,TRUE,"none"
4309,5,1,0.2,TRUE,"none"
4310,4,3,0.75,TRUE,"none"
4311,5,1,0.2,TRUE,"none"
4312,5,1,0.2,TRUE,"none"
4313,4,1,0.25,TRUE,"none"
4314,4,0,0,FALSE,"none"
4315,3,0,0,FALSE,"none"
4316,4,0,0,FALSE,"none"
4317,5,1,0.2,TRUE,"none"
4318,3,1,0.333333333333333,TRUE,"none"
4319,4,0,0,FALSE,"none"
4320,5,1,0.2,TRUE,"none"
4321,5,1,0.2,TRUE,"none"
4322,5,1,0.2,TRUE,"none"
4323,4,1,0.25,TRUE,"none"
4324,4,0,0,FALSE,"none"
4325,4,1,0.25,TRUE,"none"
4326,4,0,0,FALSE,"none"
4327,3,0,0,FALSE,"none"
4328,4,1,0.25,TRUE,"none"
4329,7,3,0.428571428571429,TRUE,"none"
4330,4,1,0.25,TRUE,"none"
4331,4,1,0.25,TRUE,"none"
4332,5,2,0.4,TRUE,"none"
4333,4,0,0,FALSE,"none"
4334,4,1,0.25,TRUE,"none"
4335,2,0,0,FALSE,"none"
4336,3,1,0.333333333333333,TRUE,"none"
4337,3,0,0,FALSE,"none"
4338,3,0,0,FALSE,"none"
4339,3,0,0,FALSE,"none"
4340,4,0,0,FALSE,"none"
4341,5,1,0.2,TRUE,"none"
4342,4,0,0,FALSE,"none"
4343,4,0,0,FALSE,"none"
4344,5,1,0.2,TRUE,"none"
4345,5,1,0.2,TRUE,"none"
4346,4,2,0.5,TRUE,"none"
4347,3,0,0,FALSE,"none"
4348,3,0,0,FALSE,"none"
4349,4,1,0.25,TRUE,"none"
4350,4,0,0,FALSE,"none"
4351,5,1,0.2,TRUE,"none"
4352,4,0,0,FALSE,"none"
4353,5,1,0.2,TRUE,"none"
4354,6,2,0.333333333333333,TRUE,"none"
4355,4,0,0,FALSE,"none"
4356,4,1,0.25,TRUE,"none"
4357,3,0,0,FALSE,"none"
4358,3,0,0,FALSE,"none"
4359,4,2,0.5,TRUE,"none"
4360,4,0,0,FALSE,"none"
4361,4,0,0,FALSE,"none"
4362,3,0,0,FALSE,"none"
4363,3,0,0,FALSE,"none"
4364,5,2,0.4,TRUE,"none"
4365,3,0,0,FALSE,"none"
4366,4,0,0,FALSE,"none"
4367,4,0,0,FALSE,"none"
4368,5,1,0.2,TRUE,"none"
4369,5,1,0.2,TRUE,"none"
4370,3,1,0.333333333333333,TRUE,"none"
4371,3,1,0.333333333333333,TRUE,"none"
4372,4,1,0.25,TRUE,"none"
4373,4,1,0.25,TRUE,"none"
4374,6,2,0.333333333333333,TRUE,"none"
4375,4,0,0,FALSE,"none"
4376,2,0,0,FALSE,"none"
4377,3,0,0,FALSE,"none"
4378,4,1,0.25,TRUE,"none"
4379,4,1,0.25,TRUE,"none"
4380,4,1,0.25,TRUE,"none"
4381,4,1,0.25,TRUE,"none"
4382,4,2,0.5,TRUE,"none"
4383,3,1,0.333333333333333,TRUE,"none"
4384,2,0,0,FALSE,"none"
4385,4,0,0,FALSE,"none"
4386,4,0,0,FALSE,"none"
4387,3,0,0,FALSE,"none"
4388,5,1,0.2,TRUE,"none"
4389,4,0,0,FALSE,"none"
4390,4,1,0.25,TRUE,"none"
4391,3,1,0.333333333333333,TRUE,"none"
4392,4,1,0.25,TRUE,"none"
4393,5,1,0.2,TRUE,"none"
4394,4,2,0.5,TRUE,"none"
4395,1,0,0,FALSE,"none"
4396,5,1,0.2,TRUE,"none"
4397,4,1,0.25,TRUE,"none"
4398,4,0,0,FALSE,"none"
4399,5,1,0.2,TRUE,"none"
4400,7,3,0.428571428571429,TRUE,"none"
4401,2,0,0,FALSE,"none"
4402,5,1,0.2,TRUE,"none"
4403,3,0,0,FALSE,"none"
4404,4,1,0.25,TRUE,"none"
4405,3,0,0,FALSE,"none"
4406,4,0,0,FALSE,"none"
4407,3,0,0,FALSE,"none"
4408,5,1,0.2,TRUE,"none"
4409,3,2,0.666666666666667,TRUE,"none"
4410,4,1,0.25,TRUE,"none"
4411,4,0,0,FALSE,"none"
4412,2,1,0.5,TRUE,"none"
4413,6,2,0.333333333333333,TRUE,"none"
4414,3,0,0,FALSE,"none"
4415,3,1,0.333333333333333,TRUE,"none"
4416,2,0,0,FALSE,"none"
4417,4,1,0.25,TRUE,"none"
4418,5,2,0.4,TRUE,"none"
4419,4,0,0,FALSE,"none"
4420,4,1,0.25,TRUE,"none"
4421,5,1,0.2,TRUE,"none"
4422,4,1,0.25,TRUE,"none"
4423,4,1,0.25,TRUE,"none"
4424,4,0,0,FALSE,"none"
4425,5,2,0.4,TRUE,"none"
4426,5,1,0.2,TRUE,"none"
4427,4,1,0.25,TRUE,"none"
4428,2,0,0,FALSE,"none"
4429,3,0,0,FALSE,"none"
4430,6,2,0.333333333333333,TRUE,"none"
4431,5,1,0.2,TRUE,"none"
4432,2,0,0,FALSE,"none"
4433,4,0,0,FALSE,"none"
4434,5,2,0.4,TRUE,"none"
4435,3,1,0.333333333333333,TRUE,"none"
4436,5,1,0.2,TRUE,"none"
4437,6,2,0.333333333333333,TRUE,"none"
4438,5,2,0.4,TRUE,"none"
4439,6,2,0.333333333333333,TRUE,"none"
4440,4,0,0,FALSE,"none"
4441,2,0,0,FALSE,"none"
4442,4,1,0.25,TRUE,"none"
4443,3,0,0,FALSE,"none"
4444,4,0,0,FALSE,"none"
4445,5,3,0.6,TRUE,"none"
4446,5,1,0.2,TRUE,"none"
4447,4,0,0,FALSE,"none"
4448,5,1,0.2,TRUE,"none"
4449,4,1,0.25,TRUE,"none"
4450,4,0,0,FALSE,"none"
4451,5,1,0.2,TRUE,"none"
4452,4,0,0,FALSE,"none"
4453,4,0,0,FALSE,"none"
4454,4,0,0,FALSE,"none"
4455,4,0,0,FALSE,"none"
4456,3,0,0,FALSE,"none"
4457,5,1,0.2,TRUE,"none"
4458,5,1,0.2,TRUE,"none"
4459,3,0,0,FALSE,"none"
4460,3,0,0,FALSE,"none"
4461,4,2,0.5,TRUE,"none"
4462,5,1,0.2,TRUE,"none"
4463,5,1,0.2,TRUE,"none"
4464,6,2,0.333333333333333,TRUE,"none"
4465,8,4,0.5,TRUE,"none"
4466,4,1,0.25,TRUE,"none"
4467,6,3,0.5,TRUE,"none"
4468,3,0,0,FALSE,"none"
4469,5,1,0.2,TRUE,"none"
4470,3,0,0,FALSE,"none"
4471,4,1,0.25,TRUE,"none"
4472,5,1,0.2,TRUE,"none"
4473,4,0,0,FALSE,"none"
4474,5,2,0.4,TRUE,"none"
4475,3,1,0.333333333333333,TRUE,"none"
4476,4,1,0.25,TRUE,"none"
4477,4,0,0,FALSE,"none"
4478,3,1,0.333333333333333,TRUE,"none"
4479,4,1,0.25,TRUE,"none"
4480,4,1,0.25,TRUE,"none"
4481,4,1,0.25,TRUE,"none"
4482,3,0,0,FALSE,"none"
4483,4,0,0,FALSE,"none"
4484,4,0,0,FALSE,"none"
4485,4,0,0,FALSE,"none"
4486,5,2,0.4,TRUE,"none"
4487,3,0,0,FALSE,"none"
4488,4,0,0,FALSE,"none"
4489,7,3,0.428571428571429,TRUE,"none"
4490,3,0,0,FALSE,"none"
4491,4,0,0,FALSE,"none"
4492,4,0,0,FALSE,"none"
4493,3,0,0,FALSE,"none"
4494,4,1,0.25,TRUE,"none"
4495,7,3,0.428571428571429,TRUE,"none"
4496,3,0,0,FALSE,"none"
4497,5,1,0.2,TRUE,"none"
4498,4,0,0,FALSE,"none"
4499,4,1,0.25,TRUE,"none"
4500,5,2,0.4,TRUE,"none"
4501,4,0,0,FALSE,"none"
4502,5,1,0.2,TRUE,"none"
4503,3,0,0,FALSE,"none"
4504,4,2,0.5,TRUE,"none"
4505,3,0,0,FALSE,"none"
4506,4,0,0,FALSE,"none"
4507,4,0,0,FALSE,"none"
4508,3,2,0.666666666666667,TRUE,"none"
4509,4,0,0,FALSE,"none"
4510,4,1,0.25,TRUE,"none"
4511,5,1,0.2,TRUE,"none"
4512,3,0,0,FALSE,"none"
4513,4,1,0.25,TRUE,"none"
4514,4,0,0,FALSE,"none"
4515,4,0,0,FALSE,"none"
4516,4,0,0,FALSE,"none"
4517,3,0,0,FALSE,"none"
4518,8,4,0.5,TRUE,"none"
4519,6,2,0.333333333333333,TRUE,"none"
4520,5,2,0.4,TRUE,"none"
4521,5,1,0.2,TRUE,"none"
4522,5,2,0.4,TRUE,"none"
4523,5,2,0.4,TRUE,"none"
4524,5,1,0.2,TRUE,"none"
4525,5,2,0.4,TRUE,"none"
4526,3,0,0,FALSE,"none"
4527,4,0,0,FALSE,"none"
4528,4,0,0,FALSE,"none"
4529,4,2,0.5,TRUE,"none"
4530,3,0,0,FALSE,"none"
4531,4,0,0,FALSE,"none"
4532,5,1,0.2,TRUE,"none"
4533,4,1,0.25,TRUE,"none"
4534,4,0,0,FALSE,"none"
4535,3,0,0,FALSE,"none"
4536,4,2,0.5,TRUE,"none"
4537,4,0,0,FALSE,"none"
4538,3,1,0.333333333333333,TRUE,"none"
4539,4,0,0,FALSE,"none"
4540,4,1,0.25,TRUE,"none"
4541,4,0,0,FALSE,"none"
4542,5,1,0.2,TRUE,"none"
4543,2,0,0,FALSE,"none"
4544,4,0,0,FALSE,"none"
4545,3,0,0,FALSE,"none"
4546,2,0,0,FALSE,"none"
4547,3,0,0,FALSE,"none"
4548,3,1,0.333333333333333,TRUE,"none"
4549,5,1,0.2,TRUE,"none"
4550,3,0,0,FALSE,"none"
4551,6,2,0.333333333333333,TRUE,"none"
4552,4,0,0,FALSE,"none"
4553,3,1,0.333333333333333,TRUE,"none"
4554,5,1,0.2,TRUE,"none"
4555,4,0,0,FALSE,"none"
4556,3,0,0,FALSE,"none"
4557,5,1,0.2,TRUE,"none"
4558,4,0,0,FALSE,"none"
4559,7,3,0.428571428571429,TRUE,"none"
4560,5,2,0.4,TRUE,"none"
4561,4,1,0.25,TRUE,"none"
4562,6,2,0.333333333333333,TRUE,"none"
4563,3,0,0,FALSE,"none"
4564,4,0,0,FALSE,"none"
4565,2,0,0,FALSE,"none"
4566,4,0,0,FALSE,"none"
4567,5,2,0.4,TRUE,"none"
4568,7,3,0.428571428571429,TRUE,"none"
4569,5,1,0.2,TRUE,"none"
4570,5,1,0.2,TRUE,"none"
4571,4,0,0,FALSE,"none"
4572,6,2,0.333333333333333,TRUE,"none"
4573,4,1,0.25,TRUE,"none"
4574,4,1,0.25,TRUE,"none"
4575,4,1,0.25,TRUE,"none"
4576,5,1,0.2,TRUE,"none"
4577,4,0,0,FALSE,"none"
4578,5,1,0.2,TRUE,"none"
4579,4,0,0,FALSE,"none"
4580,3,1,0.333333333333333,TRUE,"none"
4581,4,1,0.25,TRUE,"none"
4582,3,0,0,FALSE,"none"
4583,1,0,0,FALSE,"none"
4584,3,0,0,FALSE,"none"
4585,6,2,0.333333333333333,TRUE,"none"
4586,5,1,0.2,TRUE,"none"
4587,4,1,0.25,TRUE,"none"
4588,5,1,0.2,TRUE,"none"
4589,4,1,0.25,TRUE,"none"
4590,4,0,0,FALSE,"none"
4591,4,0,0,FALSE,"none"
4592,5,1,0.2,TRUE,"none"
4593,5,1,0.2,TRUE,"none"
4594,2,0,0,FALSE,"none"
4595,5,1,0.2,TRUE,"none"
4596,3,0,0,FALSE,"none"
4597,3,0,0,FALSE,"none"
4598,4,0,0,FALSE,"none"
4599,5,1,0.2,TRUE,"none"
4600,5,1,0.2,TRUE,"none"
4601,4,0,0,FALSE,"none"
4602,5,1,0.2,TRUE,"none"
4603,4,0,0,FALSE,"none"
4604,3,0,0,FALSE,"none"
4605,4,0,0,FALSE,"none"
4606,4,2,0.5,TRUE,"none"
4607,3,0,0,FALSE,"none"
4608,4,0,0,FALSE,"none"
4609,3,0,0,FALSE,"none"
4610,3,0,0,FALSE,"none"
4611,5,1,0.2,TRUE,"none"
4612,6,2,0.333333333333333,TRUE,"none"
4613,5,1,0.2,TRUE,"none"
4614,6,2,0.333333333333333,TRUE,"none"
4615,4,0,0,FALSE,"none"
4616,6,2,0.333333333333333,TRUE,"none"
4617,4,2,0.5,TRUE,"none"
4618,4,0,0,FALSE,"none"
4619,5,2,0.4,TRUE,"none"
4620,7,3,0.428571428571429,TRUE,"none"
4621,5,1,0.2,TRUE,"none"
4622,4,0,0,FALSE,"none"
4623,5,2,0.4,TRUE,"none"
4624,2,0,0,FALSE,"none"
4625,4,1,0.25,TRUE,"none"
4626,4,0,0,FALSE,"none"
4627,2,0,0,FALSE,"none"
4628,6,2,0.333333333333333,TRUE,"none"
4629,4,0,0,FALSE,"none"
4630,3,0,0,FALSE,"none"
4631,3,0,0,FALSE,"none"
4632,4,0,0,FALSE,"none"
4633,5,2,0.4,TRUE,"none"
4634,3,0,0,FALSE,"none"
4635,4,0,0,FALSE,"none"
4636,4,0,0,FALSE,"none"
4637,5,1,0.2,TRUE,"none"
4638,6,2,0.333333333333333,TRUE,"none"
4639,3,0,0,FALSE,"none"
4640,3,0,0,FALSE,"none"
4641,4,0,0,FALSE,"none"
4642,1,0,0,FALSE,"none"
4643,4,0,0,FALSE,"none"
4644,5,1,0.2,TRUE,"none"
4645,6,2,0.333333333333333,TRUE,"none"
4646,5,1,0.2,TRUE,"none"
4647,5,1,0.2,TRUE,"none"
4648,4,1,0.25,TRUE,"none"
4649,3,0,0,FALSE,"none"
4650,3,0,0,FALSE,"none"
4651,4,1,0.25,TRUE,"none"
4652,4,0,0,FALSE,"none"
4653,7,3,0.428571428571429,TRUE,"none"
4654,3,1,0.333333333333333,TRUE,"none"
4655,8,4,0.5,TRUE,"none"
4656,7,3,0.428571428571429,TRUE,"none"
4657,4,0,0,FALSE,"none"
4658,2,0,0,FALSE,"none"
4659,5,1,0.2,TRUE,"none"
4660,5,1,0.2,TRUE,"none"
4661,4,1,0.25,TRUE,"none"
4662,4,1,0.25,TRUE,"none"
4663,8,4,0.5,TRUE,"none"
4664,2,0,0,FALSE,"none"
4665,2,0,0,FALSE,"none"
4666,6,2,0.333333333333333,TRUE,"none"
4667,4,0,0,FALSE,"none"
4668,4,0,0,FALSE,"none"
4669,4,0,0,FALSE,"none"
4670,2,0,0,FALSE,"none"
4671,4,0,0,FALSE,"none"
4672,6,2,0.333333333333333,TRUE,"none"
4673,4,0,0,FALSE,"none"
4674,3,0,0,FALSE,"none"
4675,5,2,0.4,TRUE,"none"
4676,4,2,0.5,TRUE,"none"
4677,4,0,0,FALSE,"none"
4678,5,1,0.2,TRUE,"none"
4679,5,3,0.6,TRUE,"none"
4680,5,2,0.4,TRUE,"none"
4681,5,1,0.2,TRUE,"none"
4682,5,1,0.2,TRUE,"none"
4683,4,0,0,FALSE,"none"
4684,2,0,0,FALSE,"none"
4685,4,0,0,FALSE,"none"
4686,4,0,0,FALSE,"none"
4687,4,1,0.25,TRUE,"none"
4688,4,1,0.25,TRUE,"none"
4689,5,1,0.2,TRUE,"none"
4690,4,0,0,FALSE,"none"
4691,5,1,0.2,TRUE,"none"
4692,4,0,0,FALSE,"none"
4693,4,0,0,FALSE,"none"
4694,3,0,0,FALSE,"none"
4695,7,3,0.428571428571429,TRUE,"none"
4696,4,0,0,FALSE,"none"
4697,4,0,0,FALSE,"none"
4698,5,1,0.2,TRUE,"none"
4699,4,1,0.25,TRUE,"none"
4700,3,0,0,FALSE,"none"
4701,2,0,0,FALSE,"none"
4702,4,0,0,FALSE,"none"
4703,3,1,0.333333333333333,TRUE,"none"
4704,3,1,0.333333333333333,TRUE,"none"
4705,4,0,0,FALSE,"none"
4706,4,1,0.25,TRUE,"none"
4707,5,1,0.2,TRUE,"none"
4708,5,2,0.4,TRUE,"none"
4709,4,1,0.25,TRUE,"none"
4710,5,1,0.2,TRUE,"none"
4711,4,0,0,FALSE,"none"
4712,4,1,0.25,TRUE,"none"
4713,4,0,0,FALSE,"none"
4714,4,0,0,FALSE,"none"
4715,4,0,0,FALSE,"none"
4716,3,1,0.333333333333333,TRUE,"none"
4717,4,0,0,FALSE,"none"
4718,5,1,0.2,TRUE,"none"
4719,6,2,0.333333333333333,TRUE,"none"
4720,3,0,0,FALSE,"none"
4721,5,1,0.2,TRUE,"none"
4722,5,1,0.2,TRUE,"none"
4723,6,2,0.333333333333333,TRUE,"none"
4724,5,1,0.2,TRUE,"none"
4725,3,0,0,FALSE,"none"
4726,4,0,0,FALSE,"none"
4727,4,1,0.25,TRUE,"none"
4728,4,1,0.25,TRUE,"none"
4729,5,1,0.2,TRUE,"none"
4730,4,0,0,FALSE,"none"
4731,4,1,0.25,TRUE,"none"
4732,7,3,0.428571428571429,TRUE,"none"
4733,6,3,0.5,TRUE,"none"
4734,5,2,0.4,TRUE,"none"
4735,3,0,0,FALSE,"none"
4736,1,0,0,FALSE,"none"
4737,4,0,0,FALSE,"none"
4738,4,0,0,FALSE,"none"
4739,4,0,0,FALSE,"none"
4740,5,3,0.6,TRUE,"none"
4741,5,1,0.2,TRUE,"none"
4742,3,0,0,FALSE,"none"
4743,3,0,0,FALSE,"none"
4744,6,2,0.333333333333333,TRUE,"none"
4745,5,1,0.2,TRUE,"none"
4746,4,1,0.25,TRUE,"none"
4747,2,0,0,FALSE,"none"
4748,4,0,0,FALSE,"none"
4749,5,2,0.4,TRUE,"none"
4750,3,0,0,FALSE,"none"
4751,5,1,0.2,TRUE,"none"
4752,7,3,0.428571428571429,TRUE,"none"
4753,3,0,0,FALSE,"none"
4754,3,1,0.333333333333333,TRUE,"none"
4755,2,0,0,FALSE,"none"
4756,5,1,0.2,TRUE,"none"
4757,4,1,0.25,TRUE,"none"
4758,3,0,0,FALSE,"none"
4759,5,2,0.4,TRUE,"none"
4760,4,0,0,FALSE,"none"
4761,4,1,0.25,TRUE,"none"
4762,4,1,0.25,TRUE,"none"
4763,1,0,0,FALSE,"none"
4764,5,1,0.2,TRUE,"none"
4765,4,0,0,FALSE,"none"
4766,2,0,0,FALSE,"none"
4767,5,1,0.2,TRUE,"none"
4768,2,0,0,FALSE,"none"
4769,4,1,0.25,TRUE,"none"
4770,5,1,0.2,TRUE,"none"
4771,3,0,0,FALSE,"none"
4772,4,1,0.25,TRUE,"none"
4773,2,0,0,FALSE,"none"
4774,4,1,0.25,TRUE,"none"
4775,3,1,0.333333333333333,TRUE,"none"
4776,6,2,0.333333333333333,TRUE,"none"
4777,4,0,0,FALSE,"none"
4778,4,0,0,FALSE,"none"
4779,5,1,0.2,TRUE,"none"
4780,4,0,0,FALSE,"none"
4781,5,2,0.4,TRUE,"none"
4782,5,1,0.2,TRUE,"none"
4783,5,2,0.4,TRUE,"none"
4784,4,0,0,FALSE,"none"
4785,5,2,0.4,TRUE,"none"
4786,4,0,0,FALSE,"none"
4787,4,0,0,FALSE,"none"
4788,7,3,0.428571428571429,TRUE,"none"
4789,3,1,0.333333333333333,TRUE,"none"
4790,7,4,0.571428571428571,TRUE,"none"
4791,7,3,0.428571428571429,TRUE,"none"
4792,4,0,0,FALSE,"none"
4793,5,1,0.2,TRUE,"none"
4794,5,1,0.2,TRUE,"none"
4795,4,0,0,FALSE,"none"
4796,2,0,0,FALSE,"none"
4797,4,0,0,FALSE,"none"
4798,4,1,0.25,TRUE,"none"
4799,4,1,0.25,TRUE,"none"
4800,4,0,0,FALSE,"none"
4801,6,2,0.333333333333333,TRUE,"none"
4802,4,0,0,FALSE,"none"
4803,5,1,0.2,TRUE,"none"
4804,7,3,0.428571428571429,TRUE,"none"
4805,3,0,0,FALSE,"none"
4806,2,0,0,FALSE,"none"
4807,3,0,0,FALSE,"none"
4808,6,2,0.333333333333333,TRUE,"none"
4809,5,2,0.4,TRUE,"none"
4810,5,2,0.4,TRUE,"none"
4811,2,0,0,FALSE,"none"
4812,2,0,0,FALSE,"none"
4813,4,2,0.5,TRUE,"none"
4814,2,0,0,FALSE,"none"
4815,3,0,0,FALSE,"none"
4816,7,4,0.571428571428571,TRUE,"none"
4817,4,0,0,FALSE,"none"
4818,3,1,0.333333333333333,TRUE,"none"
4819,5,2,0.4,TRUE,"none"
4820,4,1,0.25,TRUE,"none"
4821,4,1,0.25,TRUE,"none"
4822,3,1,0.333333333333333,TRUE,"none"
4823,4,0,0,FALSE,"none"
4824,6,2,0.333333333333333,TRUE,"none"
4825,4,1,0.25,TRUE,"none"
4826,4,1,0.25,TRUE,"none"
4827,2,0,0,FALSE,"none"
4828,5,2,0.4,TRUE,"none"
4829,5,1,0.2,TRUE,"none"
4830,5,1,0.2,TRUE,"none"
4831,4,0,0,FALSE,"none"
4832,5,1,0.2,TRUE,"none"
4833,4,0,0,FALSE,"none"
4834,6,2,0.333333333333333,TRUE,"none"
4835,3,1,0.333333333333333,TRUE,"none"
4836,3,0,0,FALSE,"none"
4837,2,0,0,FALSE,"none"
4838,4,2,0.5,TRUE,"none"
4839,2,0,0,FALSE,"none"
4840,4,0,0,FALSE,"none"
4841,5,2,0.4,TRUE,"none"
4842,6,2,0.333333333333333,TRUE,"none"
4843,3,0,0,FALSE,"none"
4844,4,0,0,FALSE,"none"
4845,5,1,0.2,TRUE,"none"
4846,3,0,0,FALSE,"none"
4847,5,1,0.2,TRUE,"none"
4848,5,1,0.2,TRUE,"none"
4849,3,0,0,FALSE,"none"
4850,5,2,0.4,TRUE,"none"
4851,4,0,0,FALSE,"none"
4852,4,1,0.25,TRUE,"none"
4853,5,1,0.2,TRUE,"none"
4854,5,1,0.2,TRUE,"none"
4855,4,0,0,FALSE,"none"
4856,4,1,0.25,TRUE,"none"
4857,5,1,0.2,TRUE,"none"
4858,3,0,0,FALSE,"none"
4859,5,1,0.2,TRUE,"none"
4860,4,1,0.25,TRUE,"none"
4861,3,0,0,FALSE,"none"
4862,4,0,0,FALSE,"none"
4863,3,2,0.666666666666667,TRUE,"none"
4864,4,0,0,FALSE,"none"
4865,4,3,0.75,TRUE,"none"
4866,3,0,0,FALSE,"none"
4867,2,0,0,FALSE,"none"
4868,4,0,0,FALSE,"none"
4869,3,0,0,FALSE,"none"
4870,3,0,0,FALSE,"none"
4871,4,0,0,FALSE,"none"
4872,5,1,0.2,TRUE,"none"
4873,3,1,0.333333333333333,TRUE,"none"
4874,5,2,0.4,TRUE,"none"
4875,2,0,0,FALSE,"none"
4876,6,2,0.333333333333333,TRUE,"none"
4877,4,1,0.25,TRUE,"none"
4878,6,2,0.333333333333333,TRUE,"none"
4879,2,0,0,FALSE,"none"
4880,3,0,0,FALSE,"none"
4881,3,0,0,FALSE,"none"
4882,2,0,0,FALSE,"none"
4883,4,1,0.25,TRUE,"none"
4884,4,1,0.25,TRUE,"none"
4885,2,1,0.5,TRUE,"none"
4886,4,1,0.25,TRUE,"none"
4887,5,2,0.4,TRUE,"none"
4888,6,2,0.333333333333333,TRUE,"none"
4889,4,1,0.25,TRUE,"none"
4890,6,2,0.333333333333333,TRUE,"none"
4891,4,0,0,FALSE,"none"
4892,5,1,0.2,TRUE,"none"
4893,3,0,0,FALSE,"none"
4894,4,1,0.25,TRUE,"none"
4895,5,1,0.2,TRUE,"none"
4896,3,1,0.333333333333333,TRUE,"none"
4897,6,3,0.5,TRUE,"none"
4898,4,1,0.25,TRUE,"none"
4899,3,1,0.333333333333333,TRUE,"none"
4900,4,0,0,FALSE,"none"
4901,2,0,0,FALSE,"none"
4902,5,2,0.4,TRUE,"none"
4903,4,0,0,FALSE,"none"
4904,5,1,0.2,TRUE,"none"
4905,5,1,0.2,TRUE,"none"
4906,6,2,0.333333333333333,TRUE,"none"
4907,6,2,0.333333333333333,TRUE,"none"
4908,4,0,0,FALSE,"none"
4909,4,0,0,FALSE,"none"
4910,2,0,0,FALSE,"none"
4911,5,2,0.4,TRUE,"none"
4912,4,0,0,FALSE,"none"
4913,6,2,0.333333333333333,TRUE,"none"
4914,4,0,0,FALSE,"none"
4915,5,1,0.2,TRUE,"none"
4916,4,0,0,FALSE,"none"
4917,4,0,0,FALSE,"none"
4918,4,0,0,FALSE,"none"
4919,5,2,0.4,TRUE,"none"
4920,4,0,0,FALSE,"none"
4921,3,1,0.333333333333333,TRUE,"none"
4922,5,1,0.2,TRUE,"none"
4923,5,2,0.4,TRUE,"none"
4924,5,2,0.4,TRUE,"none"
4925,4,1,0.25,TRUE,"none"
4926,5,1,0.2,TRUE,"none"
4927,6,2,0.333333333333333,TRUE,"none"
4928,4,2,0.5,TRUE,"none"
4929,3,0,0,FALSE,"none"
4930,5,2,0.4,TRUE,"none"
4931,5,1,0.2,TRUE,"none"
4932,4,0,0,FALSE,"none"
4933,3,1,0.333333333333333,TRUE,"none"
4934,1,0,0,FALSE,"none"
4935,4,0,0,FALSE,"none"
4936,4,1,0.25,TRUE,"none"
4937,3,1,0.333333333333333,TRUE,"none"
4938,3,0,0,FALSE,"none"
4939,4,2,0.5,TRUE,"none"
4940,3,0,0,FALSE,"none"
4941,3,0,0,FALSE,"none"
4942,4,1,0.25,TRUE,"none"
4943,4,1,0.25,TRUE,"none"
4944,4,0,0,FALSE,"none"
4945,6,2,0.333333333333333,TRUE,"none"
4946,5,1,0.2,TRUE,"none"
4947,3,0,0,FALSE,"none"
4948,5,1,0.2,TRUE,"none"
4949,4,1,0.25,TRUE,"none"
4950,6,2,0.333333333333333,TRUE,"none"
4951,4,0,0,FALSE,"none"
4952,6,2,0.333333333333333,TRUE,"none"
4953,1,0,0,FALSE,"none"
4954,5,1,0.2,TRUE,"none"
4955,3,0,0,FALSE,"none"
4956,5,1,0.2,TRUE,"none"
4957,5,1,0.2,TRUE,"none"
4958,4,1,0.25,TRUE,"none"
4959,3,0,0,FALSE,"none"
4960,2,0,0,FALSE,"none"
4961,3,0,0,FALSE,"none"
4962,5,2,0.4,TRUE,"none"
4963,6,2,0.333333333333333,TRUE,"none"
4964,4,1,0.25,TRUE,"none"
4965,1,0,0,FALSE,"none"
4966,5,1,0.2,TRUE,"none"
4967,5,2,0.4,TRUE,"none"
4968,7,3,0.428571428571429,TRUE,"none"
4969,5,1,0.2,TRUE,"none"
4970,3,1,0.333333333333333,TRUE,"none"
4971,5,1,0.2,TRUE,"none"
4972,2,0,0,FALSE,"none"
4973,3,0,0,FALSE,"none"
4974,6,3,0.5,TRUE,"none"
4975,4,0,0,FALSE,"none"
4976,4,0,0,FALSE,"none"
4977,4,0,0,FALSE,"none"
4978,4,1,0.25,TRUE,"none"
4979,5,1,0.2,TRUE,"none"
4980,3,0,0,FALSE,"none"
4981,4,0,0,FALSE,"none"
4982,4,1,0.25,TRUE,"none"
4983,2,0,0,FALSE,"none"
4984,4,0,0,FALSE,"none"
4985,4,0,0,FALSE,"none"
4986,5,2,0.4,TRUE,"none"
4987,6,3,0.5,TRUE,"none"
4988,5,1,0.2,TRUE,"none"
4989,6,3,0.5,TRUE,"none"
4990,3,0,0,FALSE,"none"
4991,5,2,0.4,TRUE,"none"
4992,4,0,0,FALSE,"none"
4993,7,3,0.428571428571429,TRUE,"none"
4994,3,1,0.333333333333333,TRUE,"none"
4995,2,1,0.5,TRUE,"none"
4996,4,0,0,FALSE,"none"
4997,7,3,0.428571428571429,TRUE,"none"
4998,2,0,0,FALSE,"none"
4999,5,1,0.2,TRUE,"none"
5000,3,0,0,FALSE,"none"
5001,4,1,0.25,TRUE,"none"
5002,4,0,0,FALSE,"none"
5003,3,0,0,FALSE,"none"
5004,3,0,0,FALSE,"none"
5005,3,0,0,FALSE,"none"
5006,2,0,0,FALSE,"none"
5007,6,2,0.333333333333333,TRUE,"none"
5008,4,1,0.25,TRUE,"none"
5009,5,1,0.2,TRUE,"none"
5010,4,0,0,FALSE,"none"
5011,4,1,0.25,TRUE,"none"
5012,5,2,0.4,TRUE,"none"
5013,5,1,0.2,TRUE,"none"
5014,4,0,0,FALSE,"none"
5015,3,0,0,FALSE,"none"
5016,3,1,0.333333333333333,TRUE,"none"
5017,4,0,0,FALSE,"none"
5018,6,2,0.333333333333333,TRUE,"none"
5019,4,0,0,FALSE,"none"
5020,5,2,0.4,TRUE,"none"
5021,4,1,0.25,TRUE,"none"
5022,4,0,0,FALSE,"none"
5023,6,3,0.5,TRUE,"none"
5024,4,1,0.25,TRUE,"none"
5025,4,1,0.25,TRUE,"none"
5026,5,1,0.2,TRUE,"none"
5027,4,1,0.25,TRUE,"none"
5028,4,0,0,FALSE,"none"
5029,6,2,0.333333333333333,TRUE,"none"
5030,4,1,0.25,TRUE,"none"
5031,2,0,0,FALSE,"none"
5032,3,0,0,FALSE,"none"
5033,7,3,0.428571428571429,TRUE,"none"
5034,5,1,0.2,TRUE,"none"
5035,6,2,0.333333333333333,TRUE,"none"
5036,4,1,0.25,TRUE,"none"
5037,4,2,0.5,TRUE,"none"
5038,5,1,0.2,TRUE,"none"
5039,4,1,0.25,TRUE,"none"
5040,3,0,0,FALSE,"none"
5041,4,0,0,FALSE,"none"
5042,5,2,0.4,TRUE,"none"
5043,4,0,0,FALSE,"none"
5044,5,1,0.2,TRUE,"none"
5045,6,2,0.333333333333333,TRUE,"none"
5046,4,0,0,FALSE,"none"
5047,5,1,0.2,TRUE,"none"
5048,5,1,0.2,TRUE,"none"
5049,5,1,0.2,TRUE,"none"
5050,5,2,0.4,TRUE,"none"
5051,4,0,0,FALSE,"none"
5052,3,1,0.333333333333333,TRUE,"none"
5053,7,3,0.428571428571429,TRUE,"none"
5054,5,2,0.4,TRUE,"none"
5055,4,0,0,FALSE,"none"
5056,4,0,0,FALSE,"none"
5057,3,0,0,FALSE,"none"
5058,3,0,0,FALSE,"none"
5059,6,2,0.333333333333333,TRUE,"none"
5060,5,2,0.4,TRUE,"none"
5061,1,0,0,FALSE,"none"
5062,5,2,0.4,TRUE,"none"
5063,3,0,0,FALSE,"none"
5064,4,1,0.25,TRUE,"none"
5065,3,0,0,FALSE,"none"
5066,5,1,0.2,TRUE,"none"
5067,3,1,0.333333333333333,TRUE,"none"
5068,5,1,0.2,TRUE,"none"
5069,4,0,0,FALSE,"none"
5070,4,0,0,FALSE,"none"
5071,3,1,0.333333333333333,TRUE,"none"
5072,4,0,0,FALSE,"none"
5073,4,0,0,FALSE,"none"
5074,3,0,0,FALSE,"none"
5075,4,0,0,FALSE,"none"
5076,4,1,0.25,TRUE,"none"
5077,5,2,0.4,TRUE,"none"
5078,4,1,0.25,TRUE,"none"
5079,6,2,0.333333333333333,TRUE,"none"
5080,4,0,0,FALSE,"none"
5081,3,0,0,FALSE,"none"
5082,5,1,0.2,TRUE,"none"
5083,4,1,0.25,TRUE,"none"
5084,5,2,0.4,TRUE,"none"
5085,4,0,0,FALSE,"none"
5086,6,3,0.5,TRUE,"none"
5087,3,0,0,FALSE,"none"
5088,4,1,0.25,TRUE,"none"
5089,2,0,0,FALSE,"none"
5090,3,0,0,FALSE,"none"
5091,5,1,0.2,TRUE,"none"
5092,5,1,0.2,TRUE,"none"
5093,5,2,0.4,TRUE,"none"
5094,3,0,0,FALSE,"none"
5095,3,0,0,FALSE,"none"
5096,4,2,0.5,TRUE,"none"
5097,5,1,0.2,TRUE,"none"
5098,5,1,0.2,TRUE,"none"
5099,6,2,0.333333333333333,TRUE,"none"
5100,3,0,0,FALSE,"none"
5101,3,0,0,FALSE,"none"
5102,4,1,0.25,TRUE,"none"
5103,6,2,0.333333333333333,TRUE,"none"
5104,4,1,0.25,TRUE,"none"
5105,5,1,0.2,TRUE,"none"
5106,5,1,0.2,TRUE,"none"
5107,4,0,0,FALSE,"none"
5108,4,1,0.25,TRUE,"none"
5109,4,0,0,FALSE,"none"
5110,4,1,0.25,TRUE,"none"
5111,6,2,0.333333333333333,TRUE,"none"
5112,1,0,0,FALSE,"none"
5113,6,3,0.5,TRUE,"none"
5114,3,0,0,FALSE,"none"
5115,5,2,0.4,TRUE,"none"
5116,4,1,0.25,TRUE,"none"
5117,3,0,0,FALSE,"none"
5118,2,0,0,FALSE,"none"
5119,3,0,0,FALSE,"none"
5120,4,0,0,FALSE,"none"
5121,5,1,0.2,TRUE,"none"
5122,3,0,0,FALSE,"none"
5123,3,0,0,FALSE,"none"
5124,3,1,0.333333333333333,TRUE,"none"
5125,4,0,0,FALSE,"none"
5126,4,2,0.5,TRUE,"none"
5127,4,1,0.25,TRUE,"none"
5128,5,1,0.2,TRUE,"none"
5129,3,0,0,FALSE,"none"
5130,5,2,0.4,TRUE,"none"
5131,5,1,0.2,TRUE,"none"
5132,3,0,0,FALSE,"none"
5133,3,0,0,FALSE,"none"
5134,6,2,0.333333333333333,TRUE,"none"
5135,6,2,0.333333333333333,TRUE,"none"
5136,3,0,0,FALSE,"none"
5137,4,0,0,FALSE,"none"
5138,4,2,0.5,TRUE,"none"
5139,5,2,0.4,TRUE,"none"
5140,4,1,0.25,TRUE,"none"
5141,3,0,0,FALSE,"none"
5142,4,0,0,FALSE,"none"
5143,5,1,0.2,TRUE,"none"
5144,5,1,0.2,TRUE,"none"
5145,4,1,0.25,TRUE,"none"
5146,2,0,0,FALSE,"none"
5147,5,2,0.4,TRUE,"none"
5148,3,0,0,FALSE,"none"
5149,5,1,0.2,TRUE,"none"
5150,5,1,0.2,TRUE,"none"
5151,4,0,0,FALSE,"none"
5152,5,1,0.2,TRUE,"none"
5153,2,0,0,FALSE,"none"
5154,3,0,0,FALSE,"none"
5155,2,0,0,FALSE,"none"
5156,4,0,0,FALSE,"none"
5157,4,1,0.25,TRUE,"none"
5158,5,1,0.2,TRUE,"none"
5159,5,1,0.2,TRUE,"none"
5160,3,0,0,FALSE,"none"
5161,5,2,0.4,TRUE,"none"
5162,4,0,0,FALSE,"none"
5163,3,0,0,FALSE,"none"
5164,4,0,0,FALSE,"none"
5165,4,0,0,FALSE,"none"
5166,4,1,0.25,TRUE,"none"
5167,6,2,0.333333333333333,TRUE,"none"
5168,3,2,0.666666666666667,TRUE,"none"
5169,5,1,0.2,TRUE,"none"
5170,5,3,0.6,TRUE,"none"
5171,5,1,0.2,TRUE,"none"
5172,6,4,0.666666666666667,TRUE,"none"
5173,4,0,0,FALSE,"none"
5174,5,2,0.4,TRUE,"none"
5175,4,1,0.25,TRUE,"none"
5176,5,2,0.4,TRUE,"none"
5177,5,2,0.4,TRUE,"none"
5178,6,2,0.333333333333333,TRUE,"none"
5179,2,0,0,FALSE,"none"
5180,3,2,0.666666666666667,TRUE,"none"
5181,3,0,0,FALSE,"none"
5182,5,2,0.4,TRUE,"none"
5183,5,2,0.4,TRUE,"none"
5184,3,0,0,FALSE,"none"
5185,3,0,0,FALSE,"none"
5186,4,0,0,FALSE,"none"
5187,4,1,0.25,TRUE,"none"
5188,3,0,0,FALSE,"none"
5189,4,1,0.25,TRUE,"none"
5190,4,1,0.25,TRUE,"none"
5191,5,1,0.2,TRUE,"none"
5192,2,0,0,FALSE,"none"
5193,4,1,0.25,TRUE,"none"
5194,5,2,0.4,TRUE,"none"
5195,4,1,0.25,TRUE,"none"
5196,5,1,0.2,TRUE,"none"
5197,4,0,0,FALSE,"none"
5198,5,1,0.2,TRUE,"none"
5199,5,1,0.2,TRUE,"none"
5200,4,1,0.25,TRUE,"none"
5201,2,0,0,FALSE,"none"
5202,4,1,0.25,TRUE,"none"
5203,2,0,0,FALSE,"none"
5204,4,1,0.25,TRUE,"none"
5205,3,0,0,FALSE,"none"
5206,5,1,0.2,TRUE,"none"
5207,4,0,0,FALSE,"none"
5208,3,0,0,FALSE,"none"
5209,4,0,0,FALSE,"none"
5210,4,1,0.25,TRUE,"none"
5211,2,0,0,FALSE,"none"
5212,6,3,0.5,TRUE,"none"
5213,5,1,0.2,TRUE,"none"
5214,4,1,0.25,TRUE,"none"
5215,4,1,0.25,TRUE,"none"
5216,1,0,0,FALSE,"none"
5217,5,2,0.4,TRUE,"none"
5218,2,0,0,FALSE,"none"
5219,5,1,0.2,TRUE,"none"
5220,5,2,0.4,TRUE,"none"
5221,5,1,0.2,TRUE,"none"
5222,4,1,0.25,TRUE,"none"
5223,5,1,0.2,TRUE,"none"
5224,5,1,0.2,TRUE,"none"
5225,4,0,0,FALSE,"none"
5226,1,0,0,FALSE,"none"
5227,6,2,0.333333333333333,TRUE,"none"
5228,3,1,0.333333333333333,TRUE,"none"
5229,4,1,0.25,TRUE,"none"
5230,5,1,0.2,TRUE,"none"
5231,3,0,0,FALSE,"none"
5232,2,1,0.5,TRUE,"none"
5233,4,1,0.25,TRUE,"none"
5234,7,4,0.571428571428571,TRUE,"none"
5235,5,1,0.2,TRUE,"none"
5236,4,0,0,FALSE,"none"
5237,4,1,0.25,TRUE,"none"
5238,1,0,0,FALSE,"none"
5239,6,2,0.333333333333333,TRUE,"none"
5240,5,1,0.2,TRUE,"none"
5241,5,1,0.2,TRUE,"none"
5242,5,1,0.2,TRUE,"none"
5243,3,0,0,FALSE,"none"
5244,4,2,0.5,TRUE,"none"
5245,3,0,0,FALSE,"none"
5246,2,0,0,FALSE,"none"
5247,4,2,0.5,TRUE,"none"
5248,5,2,0.4,TRUE,"none"
5249,5,1,0.2,TRUE,"none"
5250,4,1,0.25,TRUE,"none"
5251,7,3,0.428571428571429,TRUE,"none"
5252,4,2,0.5,TRUE,"none"
5253,4,0,0,FALSE,"none"
5254,3,0,0,FALSE,"none"
5255,2,0,0,FALSE,"none"
5256,6,2,0.333333333333333,TRUE,"none"
5257,6,3,0.5,TRUE,"none"
5258,3,0,0,FALSE,"none"
5259,2,0,0,FALSE,"none"
5260,5,2,0.4,TRUE,"none"
5261,3,0,0,FALSE,"none"
5262,5,1,0.2,TRUE,"none"
5263,4,1,0.25,TRUE,"none"
5264,6,2,0.333333333333333,TRUE,"none"
5265,2,0,0,FALSE,"none"
5266,4,1,0.25,TRUE,"none"
5267,3,0,0,FALSE,"none"
5268,5,1,0.2,TRUE,"none"
5269,3,0,0,FALSE,"none"
5270,4,0,0,FALSE,"none"
5271,5,1,0.2,TRUE,"none"
5272,3,0,0,FALSE,"none"
5273,5,1,0.2,TRUE,"none"
5274,5,1,0.2,TRUE,"none"
5275,2,0,0,FALSE,"none"
5276,3,0,0,FALSE,"none"
5277,4,1,0.25,TRUE,"none"
5278,8,4,0.5,TRUE,"none"
5279,5,1,0.2,TRUE,"none"
5280,4,0,0,FALSE,"none"
5281,4,1,0.25,TRUE,"none"
5282,4,1,0.25,TRUE,"none"
5283,3,0,0,FALSE,"none"
5284,5,1,0.2,TRUE,"none"
5285,4,1,0.25,TRUE,"none"
5286,3,0,0,FALSE,"none"
5287,4,0,0,FALSE,"none"
5288,4,0,0,FALSE,"none"
5289,4,0,0,FALSE,"none"
5290,3,0,0,FALSE,"none"
5291,5,1,0.2,TRUE,"none"
5292,4,0,0,FALSE,"none"
5293,6,3,0.5,TRUE,"none"
5294,4,0,0,FALSE,"none"
5295,3,0,0,FALSE,"none"
5296,6,2,0.333333333333333,TRUE,"none"
5297,3,0,0,FALSE,"none"
5298,4,1,0.25,TRUE,"none"
5299,4,1,0.25,TRUE,"none"
5300,6,2,0.333333333333333,TRUE,"none"
5301,5,2,0.4,TRUE,"none"
5302,3,0,0,FALSE,"none"
5303,6,3,0.5,TRUE,"none"
5304,6,2,0.333333333333333,TRUE,"none"
5305,4,0,0,FALSE,"none"
5306,4,0,0,FALSE,"none"
5307,6,2,0.333333333333333,TRUE,"none"
5308,5,2,0.4,TRUE,"none"
5309,3,0,0,FALSE,"none"
5310,5,2,0.4,TRUE,"none"
5311,4,0,0,FALSE,"none"
5312,5,1,0.2,TRUE,"none"
5313,4,0,0,FALSE,"none"
5314,3,1,0.333333333333333,TRUE,"none"
5315,4,0,0,FALSE,"none"
5316,4,0,0,FALSE,"none"
5317,3,0,0,FALSE,"none"
5318,5,1,0.2,TRUE,"none"
5319,4,0,0,FALSE,"none"
5320,4,2,0.5,TRUE,"none"
5321,3,0,0,FALSE,"none"
5322,4,2,0.5,TRUE,"none"
5323,2,0,0,FALSE,"none"
5324,5,1,0.2,TRUE,"none"
5325,5,1,0.2,TRUE,"none"
5326,6,3,0.5,TRUE,"none"
5327,5,1,0.2,TRUE,"none"
5328,4,0,0,FALSE,"none"
5329,3,0,0,FALSE,"none"
5330,2,0,0,FALSE,"none"
5331,1,0,0,FALSE,"none"
5332,5,2,0.4,TRUE,"none"
5333,5,1,0.2,TRUE,"none"
5334,4,0,0,FALSE,"none"
5335,5,1,0.2,TRUE,"none"
5336,3,0,0,FALSE,"none"
5337,5,1,0.2,TRUE,"none"
5338,3,0,0,FALSE,"none"
5339,3,0,0,FALSE,"none"
5340,2,0,0,FALSE,"none"
5341,3,0,0,FALSE,"none"
5342,2,0,0,FALSE,"none"
5343,4,0,0,FALSE,"none"
5344,4,1,0.25,TRUE,"none"
5345,4,1,0.25,TRUE,"none"
5346,5,1,0.2,TRUE,"none"
5347,5,1,0.2,TRUE,"none"
5348,4,0,0,FALSE,"none"
5349,4,0,0,FALSE,"none"
5350,3,0,0,FALSE,"none"
5351,4,0,0,FALSE,"none"
5352,4,1,0.25,TRUE,"none"
5353,4,0,0,FALSE,"none"
5354,4,0,0,FALSE,"none"
5355,7,3,0.428571428571429,TRUE,"none"
5356,4,0,0,FALSE,"none"
5357,5,2,0.4,TRUE,"none"
5358,3,0,0,FALSE,"none"
5359,4,1,0.25,TRUE,"none"
5360,4,1,0.25,TRUE,"none"
5361,5,1,0.2,TRUE,"none"
5362,5,1,0.2,TRUE,"none"
5363,7,3,0.428571428571429,TRUE,"none"
5364,5,2,0.4,TRUE,"none"
5365,4,0,0,FALSE,"none"
5366,4,0,0,FALSE,"none"
5367,4,3,0.75,TRUE,"none"
5368,4,0,0,FALSE,"none"
5369,4,1,0.25,TRUE,"none"
5370,5,1,0.2,TRUE,"none"
5371,5,1,0.2,TRUE,"none"
5372,3,2,0.666666666666667,TRUE,"none"
5373,5,1,0.2,TRUE,"none"
5374,7,3,0.428571428571429,TRUE,"none"
5375,2,1,0.5,TRUE,"none"
5376,2,0,0,FALSE,"none"
5377,4,0,0,FALSE,"none"
5378,4,2,0.5,TRUE,"none"
5379,3,0,0,FALSE,"none"
5380,3,0,0,FALSE,"none"
5381,5,1,0.2,TRUE,"none"
5382,5,1,0.2,TRUE,"none"
5383,5,1,0.2,TRUE,"none"
5384,4,0,0,FALSE,"none"
5385,3,1,0.333333333333333,TRUE,"none"
5386,4,1,0.25,TRUE,"none"
5387,2,0,0,FALSE,"none"
5388,3,1,0.333333333333333,TRUE,"none"
5389,4,0,0,FALSE,"none"
5390,4,0,0,FALSE,"none"
5391,4,1,0.25,TRUE,"none"
5392,7,4,0.571428571428571,TRUE,"none"
5393,5,1,0.2,TRUE,"none"
5394,6,2,0.333333333333333,TRUE,"none"
5395,5,2,0.4,TRUE,"none"
5396,6,2,0.333333333333333,TRUE,"none"
5397,4,0,0,FALSE,"none"
5398,4,0,0,FALSE,"none"
5399,4,1,0.25,TRUE,"none"
5400,4,0,0,FALSE,"none"
5401,3,0,0,FALSE,"none"
5402,4,0,0,FALSE,"none"
5403,4,2,0.5,TRUE,"none"
5404,3,1,0.333333333333333,TRUE,"none"
5405,5,2,0.4,TRUE,"none"
5406,4,1,0.25,TRUE,"none"
5407,5,1,0.2,TRUE,"none"
5408,4,0,0,FALSE,"none"
5409,4,1,0.25,TRUE,"none"
5410,3,1,0.333333333333333,TRUE,"none"
5411,4,0,0,FALSE,"none"
5412,5,1,0.2,TRUE,"none"
5413,5,1,0.2,TRUE,"none"
5414,4,1,0.25,TRUE,"none"
5415,2,0,0,FALSE,"none"
5416,5,2,0.4,TRUE,"none"
5417,5,1,0.2,TRUE,"none"
5418,6,2,0.333333333333333,TRUE,"none"
5419,5,1,0.2,TRUE,"none"
5420,2,0,0,FALSE,"none"
5421,6,2,0.333333333333333,TRUE,"none"
5422,4,0,0,FALSE,"none"
5423,5,2,0.4,TRUE,"none"
5424,4,0,0,FALSE,"none"
5425,4,0,0,FALSE,"none"
5426,3,0,0,FALSE,"none"
5427,4,0,0,FALSE,"none"
5428,4,1,0.25,TRUE,"none"
5429,1,0,0,FALSE,"none"
5430,6,2,0.333333333333333,TRUE,"none"
5431,4,1,0.25,TRUE,"none"
5432,2,0,0,FALSE,"none"
5433,3,0,0,FALSE,"none"
5434,4,0,0,FALSE,"none"
5435,7,3,0.428571428571429,TRUE,"none"
5436,5,2,0.4,TRUE,"none"
5437,6,2,0.333333333333333,TRUE,"none"
5438,3,1,0.333333333333333,TRUE,"none"
5439,5,2,0.4,TRUE,"none"
5440,3,0,0,FALSE,"none"
5441,4,0,0,FALSE,"none"
5442,4,1,0.25,TRUE,"none"
5443,4,0,0,FALSE,"none"
5444,4,1,0.25,TRUE,"none"
5445,3,0,0,FALSE,"none"
5446,3,0,0,FALSE,"none"
5447,4,1,0.25,TRUE,"none"
5448,4,0,0,FALSE,"none"
5449,4,1,0.25,TRUE,"none"
5450,4,0,0,FALSE,"none"
5451,4,0,0,FALSE,"none"
5452,4,1,0.25,TRUE,"none"
5453,5,2,0.4,TRUE,"none"
5454,5,1,0.2,TRUE,"none"
5455,6,2,0.333333333333333,TRUE,"none"
5456,6,2,0.333333333333333,TRUE,"none"
5457,4,0,0,FALSE,"none"
5458,3,1,0.333333333333333,TRUE,"none"
5459,4,0,0,FALSE,"none"
5460,7,3,0.428571428571429,TRUE,"none"
5461,3,1,0.333333333333333,TRUE,"none"
5462,6,2,0.333333333333333,TRUE,"none"
5463,5,1,0.2,TRUE,"none"
5464,4,1,0.25,TRUE,"none"
5465,5,2,0.4,TRUE,"none"
5466,3,0,0,FALSE,"none"
5467,3,0,0,FALSE,"none"
5468,6,2,0.333333333333333,TRUE,"none"
5469,4,1,0.25,TRUE,"none"
5470,1,0,0,FALSE,"none"
5471,8,4,0.5,TRUE,"none"
5472,4,1,0.25,TRUE,"none"
5473,5,1,0.2,TRUE,"none"
5474,5,1,0.2,TRUE,"none"
5475,4,0,0,FALSE,"none"
5476,3,0,0,FALSE,"none"
5477,4,1,0.25,TRUE,"none"
5478,5,1,0.2,TRUE,"none"
5479,4,1,0.25,TRUE,"none"
5480,4,0,0,FALSE,"none"
5481,6,2,0.333333333333333,TRUE,"none"
5482,3,0,0,FALSE,"none"
5483,4,0,0,FALSE,"none"
5484,3,0,0,FALSE,"none"
5485,4,0,0,FALSE,"none"
5486,3,0,0,FALSE,"none"
5487,6,2,0.333333333333333,TRUE,"none"
5488,4,0,0,FALSE,"none"
5489,2,0,0,FALSE,"none"
5490,3,0,0,FALSE,"none"
5491,4,0,0,FALSE,"none"
5492,4,0,0,FALSE,"none"
5493,4,0,0,FALSE,"none"
5494,2,0,0,FALSE,"none"
5495,5,2,0.4,TRUE,"none"
5496,3,0,0,FALSE,"none"
5497,3,0,0,FALSE,"none"
5498,3,0,0,FALSE,"none"
5499,4,0,0,FALSE,"none"
5500,5,1,0.2,TRUE,"none"
5501,5,1,0.2,TRUE,"none"
5502,3,0,0,FALSE,"none"
5503,3,0,0,FALSE,"none"
5504,6,2,0.333333333333333,TRUE,"none"
5505,4,0,0,FALSE,"none"
5506,4,2,0.5,TRUE,"none"
5507,4,2,0.5,TRUE,"none"
5508,4,0,0,FALSE,"none"
5509,4,0,0,FALSE,"none"
5510,5,1,0.2,TRUE,"none"
5511,3,1,0.333333333333333,TRUE,"none"
5512,5,1,0.2,TRUE,"none"
5513,4,1,0.25,TRUE,"none"
5514,6,2,0.333333333333333,TRUE,"none"
5515,5,1,0.2,TRUE,"none"
5516,4,1,0.25,TRUE,"none"
5517,3,0,0,FALSE,"none"
5518,4,0,0,FALSE,"none"
5519,4,0,0,FALSE,"none"
5520,4,1,0.25,TRUE,"none"
5521,4,1,0.25,TRUE,"none"
5522,7,3,0.428571428571429,TRUE,"none"
5523,5,1,0.2,TRUE,"none"
5524,3,0,0,FALSE,"none"
5525,3,2,0.666666666666667,TRUE,"none"
5526,4,0,0,FALSE,"none"
5527,6,2,0.333333333333333,TRUE,"none"
5528,4,0,0,FALSE,"none"
5529,4,1,0.25,TRUE,"none"
5530,2,0,0,FALSE,"none"
5531,4,0,0,FALSE,"none"
5532,4,0,0,FALSE,"none"
5533,5,1,0.2,TRUE,"none"
5534,4,1,0.25,TRUE,"none"
5535,6,2,0.333333333333333,TRUE,"none"
5536,5,1,0.2,TRUE,"none"
5537,4,1,0.25,TRUE,"none"
5538,4,0,0,FALSE,"none"
5539,4,2,0.5,TRUE,"none"
5540,4,0,0,FALSE,"none"
5541,4,0,0,FALSE,"none"
5542,3,0,0,FALSE,"none"
5543,5,1,0.2,TRUE,"none"
5544,4,0,0,FALSE,"none"
5545,5,1,0.2,TRUE,"none"
5546,5,1,0.2,TRUE,"none"
5547,4,0,0,FALSE,"none"
5548,3,0,0,FALSE,"none"
5549,1,0,0,FALSE,"none"
5550,4,1,0.25,TRUE,"none"
5551,5,1,0.2,TRUE,"none"
5552,6,2,0.333333333333333,TRUE,"none"
5553,3,0,0,FALSE,"none"
5554,5,1,0.2,TRUE,"none"
5555,2,0,0,FALSE,"none"
5556,2,0,0,FALSE,"none"
5557,5,2,0.4,TRUE,"none"
5558,5,2,0.4,TRUE,"none"
5559,3,0,0,FALSE,"none"
5560,5,1,0.2,TRUE,"none"
5561,7,3,0.428571428571429,TRUE,"none"
5562,4,0,0,FALSE,"none"
5563,3,0,0,FALSE,"none"
5564,5,1,0.2,TRUE,"none"
5565,4,0,0,FALSE,"none"
5566,5,1,0.2,TRUE,"none"
5567,4,0,0,FALSE,"none"
5568,3,0,0,FALSE,"none"
5569,4,0,0,FALSE,"none"
5570,5,1,0.2,TRUE,"none"
5571,4,2,0.5,TRUE,"none"
5572,3,1,0.333333333333333,TRUE,"none"
5573,4,0,0,FALSE,"none"
5574,5,2,0.4,TRUE,"none"
5575,4,1,0.25,TRUE,"none"
5576,6,2,0.333333333333333,TRUE,"none"
5577,3,1,0.333333333333333,TRUE,"none"
5578,4,0,0,FALSE,"none"
5579,4,1,0.25,TRUE,"none"
5580,5,1,0.2,TRUE,"none"
5581,4,0,0,FALSE,"none"
5582,6,2,0.333333333333333,TRUE,"none"
5583,4,1,0.25,TRUE,"none"
5584,3,1,0.333333333333333,TRUE,"none"
5585,3,1,0.333333333333333,TRUE,"none"
5586,4,0,0,FALSE,"none"
5587,4,0,0,FALSE,"none"
5588,4,0,0,FALSE,"none"
5589,5,1,0.2,TRUE,"none"
5590,5,3,0.6,TRUE,"none"
5591,5,1,0.2,TRUE,"none"
5592,4,0,0,FALSE,"none"
5593,3,0,0,FALSE,"none"
5594,3,1,0.333333333333333,TRUE,"none"
5595,4,0,0,FALSE,"none"
5596,4,1,0.25,TRUE,"none"
5597,5,3,0.6,TRUE,"none"
5598,7,3,0.428571428571429,TRUE,"none"
5599,5,1,0.2,TRUE,"none"
5600,3,0,0,FALSE,"none"
5601,6,2,0.333333333333333,TRUE,"none"
5602,6,2,0.333333333333333,TRUE,"none"
5603,3,0,0,FALSE,"none"
5604,5,1,0.2,TRUE,"none"
5605,4,2,0.5,TRUE,"none"
5606,5,2,0.4,TRUE,"none"
5607,3,0,0,FALSE,"none"
5608,5,1,0.2,TRUE,"none"
5609,5,1,0.2,TRUE,"none"
5610,2,0,0,FALSE,"none"
5611,3,0,0,FALSE,"none"
5612,5,1,0.2,TRUE,"none"
5613,4,0,0,FALSE,"none"
5614,5,1,0.2,TRUE,"none"
5615,5,2,0.4,TRUE,"none"
5616,3,0,0,FALSE,"none"
5617,4,0,0,FALSE,"none"
5618,4,1,0.25,TRUE,"none"
5619,4,1,0.25,TRUE,"none"
5620,5,1,0.2,TRUE,"none"
5621,1,0,0,FALSE,"none"
5622,3,0,0,FALSE,"none"
5623,3,0,0,FALSE,"none"
5624,4,1,0.25,TRUE,"none"
5625,4,0,0,FALSE,"none"
5626,4,1,0.25,TRUE,"none"
5627,5,1,0.2,TRUE,"none"
5628,4,1,0.25,TRUE,"none"
5629,3,0,0,FALSE,"none"
5630,5,2,0.4,TRUE,"none"
5631,6,2,0.333333333333333,TRUE,"none"
5632,4,0,0,FALSE,"none"
5633,5,2,0.4,TRUE,"none"
5634,5,1,0.2,TRUE,"none"
5635,5,2,0.4,TRUE,"none"
5636,5,1,0.2,TRUE,"none"
5637,4,0,0,FALSE,"none"
5638,6,2,0.333333333333333,TRUE,"none"
5639,3,0,0,FALSE,"none"
5640,2,1,0.5,TRUE,"none"
5641,4,1,0.25,TRUE,"none"
5642,4,0,0,FALSE,"none"
5643,3,1,0.333333333333333,TRUE,"none"
5644,4,0,0,FALSE,"none"
5645,3,0,0,FALSE,"none"
5646,5,1,0.2,TRUE,"none"
5647,6,2,0.333333333333333,TRUE,"none"
5648,5,1,0.2,TRUE,"none"
5649,5,2,0.4,TRUE,"none"
5650,4,0,0,FALSE,"none"
5651,5,1,0.2,TRUE,"none"
5652,5,1,0.2,TRUE,"none"
5653,4,0,0,FALSE,"none"
5654,3,0,0,FALSE,"none"
5655,4,0,0,FALSE,"none"
5656,4,0,0,FALSE,"none"
5657,7,3,0.428571428571429,TRUE,"none"
5658,5,1,0.2,TRUE,"none"
5659,6,2,0.333333333333333,TRUE,"none"
5660,6,2,0.333333333333333,TRUE,"none"
5661,4,1,0.25,TRUE,"none"
5662,4,1,0.25,TRUE,"none"
5663,4,1,0.25,TRUE,"none"
5664,3,0,0,FALSE,"none"
5665,4,1,0.25,TRUE,"none"
5666,5,2,0.4,TRUE,"none"
5667,2,0,0,FALSE,"none"
5668,3,0,0,FALSE,"none"
5669,6,3,0.5,TRUE,"none"
5670,5,1,0.2,TRUE,"none"
5671,6,2,0.333333333333333,TRUE,"none"
5672,4,0,0,FALSE,"none"
5673,4,0,0,FALSE,"none"
5674,7,3,0.428571428571429,TRUE,"none"
5675,5,1,0.2,TRUE,"none"
5676,4,0,0,FALSE,"none"
5677,4,0,0,FALSE,"none"
5678,6,2,0.333333333333333,TRUE,"none"
5679,1,0,0,FALSE,"none"
5680,5,1,0.2,TRUE,"none"
5681,3,0,0,FALSE,"none"
5682,2,0,0,FALSE,"none"
5683,3,0,0,FALSE,"none"
5684,2,0,0,FALSE,"none"
5685,5,3,0.6,TRUE,"none"
5686,3,0,0,FALSE,"none"
5687,4,1,0.25,TRUE,"none"
5688,4,0,0,FALSE,"none"
5689,4,0,0,FALSE,"none"
5690,2,1,0.5,TRUE,"none"
5691,4,0,0,FALSE,"none"
5692,5,1,0.2,TRUE,"none"
5693,3,0,0,FALSE,"none"
5694,1,0,0,FALSE,"none"
5695,5,1,0.2,TRUE,"none"
5696,2,0,0,FALSE,"none"
5697,5,2,0.4,TRUE,"none"
5698,3,0,0,FALSE,"none"
5699,5,1,0.2,TRUE,"none"
5700,3,0,0,FALSE,"none"
5701,4,0,0,FALSE,"none"
5702,4,1,0.25,TRUE,"none"
5703,4,0,0,FALSE,"none"
5704,6,3,0.5,TRUE,"none"
5705,4,0,0,FALSE,"none"
5706,4,0,0,FALSE,"none"
5707,2,0,0,FALSE,"none"
5708,4,0,0,FALSE,"none"
5709,3,1,0.333333333333333,TRUE,"none"
5710,7,3,0.428571428571429,TRUE,"none"
5711,5,1,0.2,TRUE,"none"
5712,3,0,0,FALSE,"none"
5713,4,1,0.25,TRUE,"none"
5714,2,0,0,FALSE,"none"
5715,4,0,0,FALSE,"none"
5716,3,1,0.333333333333333,TRUE,"none"
5717,5,1,0.2,TRUE,"none"
5718,5,1,0.2,TRUE,"none"
5719,3,0,0,FALSE,"none"
5720,3,1,0.333333333333333,TRUE,"none"
5721,4,1,0.25,TRUE,"none"
5722,2,0,0,FALSE,"none"
5723,3,0,0,FALSE,"none"
5724,4,0,0,FALSE,"none"
5725,5,1,0.2,TRUE,"none"
5726,4,0,0,FALSE,"none"
5727,4,0,0,FALSE,"none"
5728,3,0,0,FALSE,"none"
5729,3,1,0.333333333333333,TRUE,"none"
5730,6,2,0.333333333333333,TRUE,"none"
5731,4,1,0.25,TRUE,"none"
5732,1,0,0,FALSE,"none"
5733,8,4,0.5,TRUE,"none"
5734,4,2,0.5,TRUE,"none"
5735,3,0,0,FALSE,"none"
5736,4,0,0,FALSE,"none"
5737,4,0,0,FALSE,"none"
5738,6,2,0.333333333333333,TRUE,"none"
5739,3,0,0,FALSE,"none"
5740,4,1,0.25,TRUE,"none"
5741,4,0,0,FALSE,"none"
5742,3,0,0,FALSE,"none"
5743,4,0,0,FALSE,"none"
5744,2,0,0,FALSE,"none"
5745,3,1,0.333333333333333,TRUE,"none"
5746,5,2,0.4,TRUE,"none"
5747,6,2,0.333333333333333,TRUE,"none"
5748,5,2,0.4,TRUE,"none"
5749,4,0,0,FALSE,"none"
5750,6,2,0.333333333333333,TRUE,"none"
5751,5,1,0.2,TRUE,"none"
5752,6,2,0.333333333333333,TRUE,"none"
5753,3,0,0,FALSE,"none"
5754,6,2,0.333333333333333,TRUE,"none"
5755,6,3,0.5,TRUE,"none"
5756,4,1,0.25,TRUE,"none"
5757,4,0,0,FALSE,"none"
5758,6,3,0.5,TRUE,"none"
5759,4,0,0,FALSE,"none"
5760,4,0,0,FALSE,"none"
5761,4,1,0.25,TRUE,"none"
5762,7,3,0.428571428571429,TRUE,"none"
5763,5,1,0.2,TRUE,"none"
5764,2,1,0.5,TRUE,"none"
5765,4,1,0.25,TRUE,"none"
5766,4,0,0,FALSE,"none"
5767,4,0,0,FALSE,"none"
5768,4,1,0.25,TRUE,"none"
5769,2,0,0,FALSE,"none"
5770,6,2,0.333333333333333,TRUE,"none"
5771,5,1,0.2,TRUE,"none"
5772,4,0,0,FALSE,"none"
5773,5,1,0.2,TRUE,"none"
5774,3,0,0,FALSE,"none"
5775,5,1,0.2,TRUE,"none"
5776,2,0,0,FALSE,"none"
5777,4,0,0,FALSE,"none"
5778,4,1,0.25,TRUE,"none"
5779,5,1,0.2,TRUE,"none"
5780,4,1,0.25,TRUE,"none"
5781,5,1,0.2,TRUE,"none"
5782,3,2,0.666666666666667,TRUE,"none"
5783,5,2,0.4,TRUE,"none"
5784,6,2,0.333333333333333,TRUE,"none"
5785,4,0,0,FALSE,"none"
5786,5,1,0.2,TRUE,"none"
5787,6,3,0.5,TRUE,"none"
5788,4,1,0.25,TRUE,"none"
5789,4,1,0.25,TRUE,"none"
5790,4,1,0.25,TRUE,"none"
5791,6,3,0.5,TRUE,"none"
5792,6,2,0.333333333333333,TRUE,"none"
5793,5,1,0.2,TRUE,"none"
5794,3,0,0,FALSE,"none"
5795,3,0,0,FALSE,"none"
5796,4,0,0,FALSE,"none"
5797,5,1,0.2,TRUE,"none"
5798,2,0,0,FALSE,"none"
5799,2,0,0,FALSE,"none"
5800,3,0,0,FALSE,"none"
5801,5,1,0.2,TRUE,"none"
5802,3,0,0,FALSE,"none"
5803,3,0,0,FALSE,"none"
5804,2,0,0,FALSE,"none"
5805,5,1,0.2,TRUE,"none"
5806,5,1,0.2,TRUE,"none"
5807,5,1,0.2,TRUE,"none"
5808,3,0,0,FALSE,"none"
5809,4,1,0.25,TRUE,"none"
5810,5,2,0.4,TRUE,"none"
5811,5,1,0.2,TRUE,"none"
5812,6,2,0.333333333333333,TRUE,"none"
5813,5,1,0.2,TRUE,"none"
5814,5,1,0.2,TRUE,"none"
5815,4,1,0.25,TRUE,"none"
5816,3,0,0,FALSE,"none"
5817,3,1,0.333333333333333,TRUE,"none"
5818,4,1,0.25,TRUE,"none"
5819,7,3,0.428571428571429,TRUE,"none"
5820,5,1,0.2,TRUE,"none"
5821,3,0,0,FALSE,"none"
5822,5,1,0.2,TRUE,"none"
5823,5,2,0.4,TRUE,"none"
5824,4,0,0,FALSE,"none"
5825,3,1,0.333333333333333,TRUE,"none"
5826,6,2,0.333333333333333,TRUE,"none"
5827,6,3,0.5,TRUE,"none"
5828,4,0,0,FALSE,"none"
5829,5,3,0.6,TRUE,"none"
5830,3,1,0.333333333333333,TRUE,"none"
5831,5,1,0.2,TRUE,"none"
5832,4,0,0,FALSE,"none"
5833,4,0,0,FALSE,"none"
5834,6,2,0.333333333333333,TRUE,"none"
5835,2,0,0,FALSE,"none"
5836,4,1,0.25,TRUE,"none"
5837,4,1,0.25,TRUE,"none"
5838,5,1,0.2,TRUE,"none"
5839,2,0,0,FALSE,"none"
5840,4,1,0.25,TRUE,"none"
5841,2,0,0,FALSE,"none"
5842,3,0,0,FALSE,"none"
5843,5,2,0.4,TRUE,"none"
5844,5,1,0.2,TRUE,"none"
5845,3,1,0.333333333333333,TRUE,"none"
5846,7,3,0.428571428571429,TRUE,"none"
5847,7,3,0.428571428571429,TRUE,"none"
5848,3,1,0.333333333333333,TRUE,"none"
5849,7,4,0.571428571428571,TRUE,"none"
5850,4,0,0,FALSE,"none"
5851,3,0,0,FALSE,"none"
5852,5,1,0.2,TRUE,"none"
5853,6,3,0.5,TRUE,"none"
5854,5,1,0.2,TRUE,"none"
5855,2,0,0,FALSE,"none"
5856,3,0,0,FALSE,"none"
5857,3,0,0,FALSE,"none"
5858,5,1,0.2,TRUE,"none"
5859,2,0,0,FALSE,"none"
5860,6,2,0.333333333333333,TRUE,"none"
5861,5,1,0.2,TRUE,"none"
5862,4,1,0.25,TRUE,"none"
5863,7,4,0.571428571428571,TRUE,"none"
5864,5,2,0.4,TRUE,"none"
5865,3,0,0,FALSE,"none"
5866,5,3,0.6,TRUE,"none"
5867,6,3,0.5,TRUE,"none"
5868,4,0,0,FALSE,"none"
5869,4,1,0.25,TRUE,"none"
5870,3,0,0,FALSE,"none"
5871,4,0,0,FALSE,"none"
5872,5,1,0.2,TRUE,"none"
5873,4,0,0,FALSE,"none"
5874,4,0,0,FALSE,"none"
5875,5,1,0.2,TRUE,"none"
5876,5,1,0.2,TRUE,"none"
5877,4,1,0.25,TRUE,"none"
5878,6,2,0.333333333333333,TRUE,"none"
5879,3,1,0.333333333333333,TRUE,"none"
5880,4,0,0,FALSE,"none"
5881,4,0,0,FALSE,"none"
5882,5,2,0.4,TRUE,"none"
5883,5,2,0.4,TRUE,"none"
5884,6,2,0.333333333333333,TRUE,"none"
5885,5,1,0.2,TRUE,"none"
5886,5,2,0.4,TRUE,"none"
5887,4,0,0,FALSE,"none"
5888,6,2,0.333333333333333,TRUE,"none"
5889,3,0,0,FALSE,"none"
5890,3,0,0,FALSE,"none"
5891,4,1,0.25,TRUE,"none"
5892,3,1,0.333333333333333,TRUE,"none"
5893,3,0,0,FALSE,"none"
5894,4,0,0,FALSE,"none"
5895,3,0,0,FALSE,"none"
5896,3,0,0,FALSE,"none"
5897,3,0,0,FALSE,"none"
5898,2,0,0,FALSE,"none"
5899,5,1,0.2,TRUE,"none"
5900,5,1,0.2,TRUE,"none"
5901,4,1,0.25,TRUE,"none"
5902,5,1,0.2,TRUE,"none"
5903,4,0,0,FALSE,"none"
5904,5,1,0.2,TRUE,"none"
5905,5,2,0.4,TRUE,"none"
5906,4,0,0,FALSE,"none"
5907,3,0,0,FALSE,"none"
5908,3,0,0,FALSE,"none"
5909,3,0,0,FALSE,"none"
5910,4,1,0.25,TRUE,"none"
5911,4,0,0,FALSE,"none"
5912,4,0,0,FALSE,"none"
5913,6,2,0.333333333333333,TRUE,"none"
5914,4,1,0.25,TRUE,"none"
5915,3,0,0,FALSE,"none"
5916,4,0,0,FALSE,"none"
5917,4,2,0.5,TRUE,"none"
5918,5,1,0.2,TRUE,"none"
5919,7,3,0.428571428571429,TRUE,"none"
5920,5,1,0.2,TRUE,"none"
5921,5,2,0.4,TRUE,"none"
5922,5,1,0.2,TRUE,"none"
5923,3,0,0,FALSE,"none"
5924,7,3,0.428571428571429,TRUE,"none"
5925,2,0,0,FALSE,"none"
5926,4,1,0.25,TRUE,"none"
5927,3,0,0,FALSE,"none"
5928,5,2,0.4,TRUE,"none"
5929,4,0,0,FALSE,"none"
5930,6,2,0.333333333333333,TRUE,"none"
5931,4,1,0.25,TRUE,"none"
5932,3,0,0,FALSE,"none"
5933,4,0,0,FALSE,"none"
5934,4,0,0,FALSE,"none"
5935,4,1,0.25,TRUE,"none"
5936,5,2,0.4,TRUE,"none"
5937,6,2,0.333333333333333,TRUE,"none"
5938,4,0,0,FALSE,"none"
5939,5,1,0.2,TRUE,"none"
5940,4,0,0,FALSE,"none"
5941,4,1,0.25,TRUE,"none"
5942,5,2,0.4,TRUE,"none"
5943,3,1,0.333333333333333,TRUE,"none"
5944,2,1,0.5,TRUE,"none"
5945,5,2,0.4,TRUE,"none"
5946,3,1,0.333333333333333,TRUE,"none"
5947,5,2,0.4,TRUE,"none"
5948,8,4,0.5,TRUE,"none"
5949,5,2,0.4,TRUE,"none"
5950,5,3,0.6,TRUE,"none"
5951,4,0,0,FALSE,"none"
5952,4,0,0,FALSE,"none"
5953,4,0,0,FALSE,"none"
5954,4,0,0,FALSE,"none"
5955,2,0,0,FALSE,"none"
5956,4,0,0,FALSE,"none"
5957,3,0,0,FALSE,"none"
5958,3,0,0,FALSE,"none"
5959,7,3,0.428571428571429,TRUE,"none"
5960,2,0,0,FALSE,"none"
5961,5,1,0.2,TRUE,"none"
5962,5,2,0.4,TRUE,"none"
5963,5,2,0.4,TRUE,"none"
5964,5,2,0.4,TRUE,"none"
5965,3,0,0,FALSE,"none"
5966,3,1,0.333333333333333,TRUE,"none"
5967,4,0,0,FALSE,"none"
5968,6,2,0.333333333333333,TRUE,"none"
5969,4,0,0,FALSE,"none"
5970,5,1,0.2,TRUE,"none"
5971,3,0,0,FALSE,"none"
5972,5,2,0.4,TRUE,"none"
5973,5,1,0.2,TRUE,"none"
5974,7,3,0.428571428571429,TRUE,"none"
5975,3,0,0,FALSE,"none"
5976,4,2,0.5,TRUE,"none"
5977,4,1,0.25,TRUE,"none"
5978,3,0,0,FALSE,"none"
5979,3,0,0,FALSE,"none"
5980,4,1,0.25,TRUE,"none"
5981,8,4,0.5,TRUE,"none"
5982,3,0,0,FALSE,"none"
5983,5,2,0.4,TRUE,"none"
5984,3,1,0.333333333333333,TRUE,"none"
5985,4,0,0,FALSE,"none"
5986,4,1,0.25,TRUE,"none"
5987,4,0,0,FALSE,"none"
5988,2,0,0,FALSE,"none"
5989,4,0,0,FALSE,"none"
5990,4,1,0.25,TRUE,"none"
5991,2,0,0,FALSE,"none"
5992,4,0,0,FALSE,"none"
5993,3,0,0,FALSE,"none"
5994,6,2,0.333333333333333,TRUE,"none"
5995,4,0,0,FALSE,"none"
5996,6,2,0.333333333333333,TRUE,"none"
5997,4,0,0,FALSE,"none"
5998,5,1,0.2,TRUE,"none"
5999,5,1,0.2,TRUE,"none"
6000,3,0,0,FALSE,"none"
6001,4,0,0,FALSE,"none"
6002,5,1,0.2,TRUE,"none"
6003,5,2,0.4,TRUE,"none"
6004,5,1,0.2,TRUE,"none"
6005,5,1,0.2,TRUE,"none"
6006,3,0,0,FALSE,"none"
6007,5,1,0.2,TRUE,"none"
6008,3,0,0,FALSE,"none"
6009,3,0,0,FALSE,"none"
6010,4,0,0,FALSE,"none"
6011,5,2,0.4,TRUE,"none"
6012,4,0,0,FALSE,"none"
6013,4,0,0,FALSE,"none"
6014,3,1,0.333333333333333,TRUE,"none"
6015,4,0,0,FALSE,"none"
6016,4,0,0,FALSE,"none"
6017,4,1,0.25,TRUE,"none"
6018,3,0,0,FALSE,"none"
6019,5,1,0.2,TRUE,"none"
6020,4,0,0,FALSE,"none"
6021,4,0,0,FALSE,"none"
6022,4,1,0.25,TRUE,"none"
6023,6,2,0.333333333333333,TRUE,"none"
6024,4,1,0.25,TRUE,"none"
6025,5,1,0.2,TRUE,"none"
6026,4,0,0,FALSE,"none"
6027,4,1,0.25,TRUE,"none"
6028,5,1,0.2,TRUE,"none"
6029,4,1,0.25,TRUE,"none"
6030,4,1,0.25,TRUE,"none"
6031,5,1,0.2,TRUE,"none"
6032,3,0,0,FALSE,"none"
6033,5,1,0.2,TRUE,"none"
6034,2,0,0,FALSE,"none"
6035,4,0,0,FALSE,"none"
6036,5,1,0.2,TRUE,"none"
6037,6,2,0.333333333333333,TRUE,"none"
6038,6,3,0.5,TRUE,"none"
6039,4,0,0,FALSE,"none"
6040,4,1,0.25,TRUE,"none"
6041,4,1,0.25,TRUE,"none"
6042,5,1,0.2,TRUE,"none"
6043,2,1,0.5,TRUE,"none"
6044,3,0,0,FALSE,"none"
6045,5,2,0.4,TRUE,"none"
6046,5,1,0.2,TRUE,"none"
6047,3,0,0,FALSE,"none"
6048,5,1,0.2,TRUE,"none"
6049,4,1,0.25,TRUE,"none"
6050,6,2,0.333333333333333,TRUE,"none"
6051,4,1,0.25,TRUE,"none"
6052,2,0,0,FALSE,"none"
6053,3,0,0,FALSE,"none"
6054,4,1,0.25,TRUE,"none"
6055,3,0,0,FALSE,"none"
6056,3,0,0,FALSE,"none"
6057,6,2,0.333333333333333,TRUE,"none"
6058,4,0,0,FALSE,"none"
6059,3,0,0,FALSE,"none"
6060,4,0,0,FALSE,"none"
6061,2,1,0.5,TRUE,"none"
6062,4,0,0,FALSE,"none"
6063,3,0,0,FALSE,"none"
6064,4,1,0.25,TRUE,"none"
6065,4,1,0.25,TRUE,"none"
6066,3,1,0.333333333333333,TRUE,"none"
6067,4,1,0.25,TRUE,"none"
6068,4,1,0.25,TRUE,"none"
6069,5,1,0.2,TRUE,"none"
6070,4,1,0.25,TRUE,"none"
6071,4,1,0.25,TRUE,"none"
6072,4,1,0.25,TRUE,"none"
6073,1,0,0,FALSE,"none"
6074,4,0,0,FALSE,"none"
6075,5,1,0.2,TRUE,"none"
6076,5,1,0.2,TRUE,"none"
6077,4,1,0.25,TRUE,"none"
6078,3,0,0,FALSE,"none"
6079,5,2,0.4,TRUE,"none"
6080,5,2,0.4,TRUE,"none"
6081,3,0,0,FALSE,"none"
6082,4,1,0.25,TRUE,"none"
6083,3,0,0,FALSE,"none"
6084,3,0,0,FALSE,"none"
6085,5,1,0.2,TRUE,"none"
6086,2,0,0,FALSE,"none"
6087,4,1,0.25,TRUE,"none"
6088,4,2,0.5,TRUE,"none"
6089,5,2,0.4,TRUE,"none"
6090,5,1,0.2,TRUE,"none"
6091,5,1,0.2,TRUE,"none"
6092,2,0,0,FALSE,"none"
6093,4,1,0.25,TRUE,"none"
6094,4,0,0,FALSE,"none"
6095,4,0,0,FALSE,"none"
6096,4,0,0,FALSE,"none"
6097,5,2,0.4,TRUE,"none"
6098,6,2,0.333333333333333,TRUE,"none"
6099,3,1,0.333333333333333,TRUE,"none"
6100,4,1,0.25,TRUE,"none"
6101,3,0,0,FALSE,"none"
6102,5,1,0.2,TRUE,"none"
6103,6,2,0.333333333333333,TRUE,"none"
6104,4,0,0,FALSE,"none"
6105,5,1,0.2,TRUE,"none"
6106,3,0,0,FALSE,"none"
6107,4,1,0.25,TRUE,"none"
6108,2,0,0,FALSE,"none"
6109,5,1,0.2,TRUE,"none"
6110,4,0,0,FALSE,"none"
6111,4,0,0,FALSE,"none"
6112,5,1,0.2,TRUE,"none"
6113,4,1,0.25,TRUE,"none"
6114,4,1,0.25,TRUE,"none"
6115,4,0,0,FALSE,"none"
6116,3,0,0,FALSE,"none"
6117,4,1,0.25,TRUE,"none"
6118,4,0,0,FALSE,"none"
6119,5,1,0.2,TRUE,"none"
6120,4,0,0,FALSE,"none"
6121,7,3,0.428571428571429,TRUE,"none"
6122,7,3,0.428571428571429,TRUE,"none"
6123,4,0,0,FALSE,"none"
6124,4,0,0,FALSE,"none"
6125,4,0,0,FALSE,"none"
6126,5,2,0.4,TRUE,"none"
6127,5,1,0.2,TRUE,"none"
6128,4,0,0,FALSE,"none"
6129,4,2,0.5,TRUE,"none"
6130,4,1,0.25,TRUE,"none"
6131,4,1,0.25,TRUE,"none"
6132,2,0,0,FALSE,"none"
6133,5,2,0.4,TRUE,"none"
6134,6,3,0.5,TRUE,"none"
6135,4,1,0.25,TRUE,"none"
6136,4,0,0,FALSE,"none"
6137,5,1,0.2,TRUE,"none"
6138,3,1,0.333333333333333,TRUE,"none"
6139,3,0,0,FALSE,"none"
6140,4,1,0.25,TRUE,"none"
6141,5,1,0.2,TRUE,"none"
6142,4,0,0,FALSE,"none"
6143,3,0,0,FALSE,"none"
6144,4,0,0,FALSE,"none"
6145,3,1,0.333333333333333,TRUE,"none"
6146,5,1,0.2,TRUE,"none"
6147,4,0,0,FALSE,"none"
6148,4,1,0.25,TRUE,"none"
6149,4,0,0,FALSE,"none"
6150,5,2,0.4,TRUE,"none"
6151,4,1,0.25,TRUE,"none"
6152,4,0,0,FALSE,"none"
6153,4,0,0,FALSE,"none"
6154,5,2,0.4,TRUE,"none"
6155,6,2,0.333333333333333,TRUE,"none"
6156,6,3,0.5,TRUE,"none"
6157,4,1,0.25,TRUE,"none"
6158,6,2,0.333333333333333,TRUE,"none"
6159,6,2,0.333333333333333,TRUE,"none"
6160,3,1,0.333333333333333,TRUE,"none"
6161,6,3,0.5,TRUE,"none"
6162,3,0,0,FALSE,"none"
6163,4,1,0.25,TRUE,"none"
6164,6,2,0.333333333333333,TRUE,"none"
6165,3,0,0,FALSE,"none"
6166,4,0,0,FALSE,"none"
6167,5,1,0.2,TRUE,"none"
6168,4,0,0,FALSE,"none"
6169,4,1,0.25,TRUE,"none"
6170,5,1,0.2,TRUE,"none"
6171,3,0,0,FALSE,"none"
6172,3,0,0,FALSE,"none"
6173,4,0,0,FALSE,"none"
6174,5,1,0.2,TRUE,"none"
6175,5,1,0.2,TRUE,"none"
6176,4,0,0,FALSE,"none"
6177,6,2,0.333333333333333,TRUE,"none"
6178,2,0,0,FALSE,"none"
6179,4,1,0.25,TRUE,"none"
6180,5,1,0.2,TRUE,"none"
6181,3,0,0,FALSE,"none"
6182,3,0,0,FALSE,"none"
6183,5,4,0.8,TRUE,"none"
6184,3,1,0.333333333333333,TRUE,"none"
6185,5,1,0.2,TRUE,"none"
6186,3,0,0,FALSE,"none"
6187,3,0,0,FALSE,"none"
6188,3,0,0,FALSE,"none"
6189,3,0,0,FALSE,"none"
6190,4,0,0,FALSE,"none"
6191,4,0,0,FALSE,"none"
6192,5,1,0.2,TRUE,"none"
6193,4,1,0.25,TRUE,"none"
6194,4,1,0.25,TRUE,"none"
6195,3,1,0.333333333333333,TRUE,"none"
6196,7,3,0.428571428571429,TRUE,"none"
6197,6,2,0.333333333333333,TRUE,"none"
6198,4,1,0.25,TRUE,"none"
6199,4,0,0,FALSE,"none"
6200,5,2,0.4,TRUE,"none"
6201,3,0,0,FALSE,"none"
6202,6,2,0.333333333333333,TRUE,"none"
6203,4,1,0.25,TRUE,"none"
6204,4,1,0.25,TRUE,"none"
6205,1,0,0,FALSE,"none"
6206,5,1,0.2,TRUE,"none"
6207,5,1,0.2,TRUE,"none"
6208,3,0,0,FALSE,"none"
6209,4,0,0,FALSE,"none"
6210,5,1,0.2,TRUE,"none"
6211,6,2,0.333333333333333,TRUE,"none"
6212,5,1,0.2,TRUE,"none"
6213,4,1,0.25,TRUE,"none"
6214,4,0,0,FALSE,"none"
6215,4,0,0,FALSE,"none"
6216,5,1,0.2,TRUE,"none"
6217,4,0,0,FALSE,"none"
6218,6,2,0.333333333333333,TRUE,"none"
6219,3,0,0,FALSE,"none"
6220,4,1,0.25,TRUE,"none"
6221,3,0,0,FALSE,"none"
6222,4,0,0,FALSE,"none"
6223,4,1,0.25,TRUE,"none"
6224,5,1,0.2,TRUE,"none"
6225,3,0,0,FALSE,"none"
6226,5,1,0.2,TRUE,"none"
6227,4,0,0,FALSE,"none"
6228,4,0,0,FALSE,"none"
6229,4,1,0.25,TRUE,"none"
6230,6,2,0.333333333333333,TRUE,"none"
6231,5,2,0.4,TRUE,"none"
6232,5,1,0.2,TRUE,"none"
6233,3,0,0,FALSE,"none"
6234,5,1,0.2,TRUE,"none"
6235,5,1,0.2,TRUE,"none"
6236,6,2,0.333333333333333,TRUE,"none"
6237,3,0,0,FALSE,"none"
6238,4,0,0,FALSE,"none"
6239,5,1,0.2,TRUE,"none"
6240,5,2,0.4,TRUE,"none"
6241,4,0,0,FALSE,"none"
6242,3,0,0,FALSE,"none"
6243,3,0,0,FALSE,"none"
6244,6,2,0.333333333333333,TRUE,"none"
6245,4,1,0.25,TRUE,"none"
6246,4,0,0,FALSE,"none"
6247,3,0,0,FALSE,"none"
6248,4,0,0,FALSE,"none"
6249,5,1,0.2,TRUE,"none"
6250,5,1,0.2,TRUE,"none"
6251,6,2,0.333333333333333,TRUE,"none"
6252,4,0,0,FALSE,"none"
6253,3,0,0,FALSE,"none"
6254,4,0,0,FALSE,"none"
6255,3,1,0.333333333333333,TRUE,"none"
6256,6,2,0.333333333333333,TRUE,"none"
6257,5,2,0.4,TRUE,"none"
6258,6,2,0.333333333333333,TRUE,"none"
6259,3,0,0,FALSE,"none"
6260,3,1,0.333333333333333,TRUE,"none"
6261,4,1,0.25,TRUE,"none"
6262,3,1,0.333333333333333,TRUE,"none"
6263,4,1,0.25,TRUE,"none"
6264,5,1,0.2,TRUE,"none"
6265,4,0,0,FALSE,"none"
6266,5,1,0.2,TRUE,"none"
6267,5,1,0.2,TRUE,"none"
6268,4,0,0,FALSE,"none"
6269,6,2,0.333333333333333,TRUE,"none"
6270,6,2,0.333333333333333,TRUE,"none"
6271,4,1,0.25,TRUE,"none"
6272,3,0,0,FALSE,"none"
6273,5,2,0.4,TRUE,"none"
6274,5,1,0.2,TRUE,"none"
6275,5,1,0.2,TRUE,"none"
6276,3,0,0,FALSE,"none"
6277,5,2,0.4,TRUE,"none"
6278,3,0,0,FALSE,"none"
6279,3,1,0.333333333333333,TRUE,"none"
6280,3,0,0,FALSE,"none"
6281,4,1,0.25,TRUE,"none"
6282,2,0,0,FALSE,"none"
6283,5,1,0.2,TRUE,"none"
6284,4,0,0,FALSE,"none"
6285,4,0,0,FALSE,"none"
6286,4,0,0,FALSE,"none"
6287,3,0,0,FALSE,"none"
6288,4,1,0.25,TRUE,"none"
6289,2,0,0,FALSE,"none"
6290,4,1,0.25,TRUE,"none"
6291,3,1,0.333333333333333,TRUE,"none"
6292,5,2,0.4,TRUE,"none"
6293,3,0,0,FALSE,"none"
6294,4,2,0.5,TRUE,"none"
6295,3,1,0.333333333333333,TRUE,"none"
6296,5,2,0.4,TRUE,"none"
6297,5,2,0.4,TRUE,"none"
6298,4,0,0,FALSE,"none"
6299,3,0,0,FALSE,"none"
6300,5,1,0.2,TRUE,"none"
6301,2,1,0.5,TRUE,"none"
6302,4,0,0,FALSE,"none"
6303,4,0,0,FALSE,"none"
6304,4,0,0,FALSE,"none"
6305,6,3,0.5,TRUE,"none"
6306,3,1,0.333333333333333,TRUE,"none"
6307,7,4,0.571428571428571,TRUE,"none"
6308,5,1,0.2,TRUE,"none"
6309,4,0,0,FALSE,"none"
6310,6,2,0.333333333333333,TRUE,"none"
6311,4,1,0.25,TRUE,"none"
6312,3,0,0,FALSE,"none"
6313,3,1,0.333333333333333,TRUE,"none"
6314,4,0,0,FALSE,"none"
6315,3,0,0,FALSE,"none"
6316,5,1,0.2,TRUE,"none"
6317,6,2,0.333333333333333,TRUE,"none"
6318,5,1,0.2,TRUE,"none"
6319,5,1,0.2,TRUE,"none"
6320,4,1,0.25,TRUE,"none"
6321,2,0,0,FALSE,"none"
6322,3,0,0,FALSE,"none"
6323,4,0,0,FALSE,"none"
6324,4,0,0,FALSE,"none"
6325,5,1,0.2,TRUE,"none"
6326,5,1,0.2,TRUE,"none"
6327,4,0,0,FALSE,"none"
6328,3,0,0,FALSE,"none"
6329,4,1,0.25,TRUE,"none"
6330,3,0,0,FALSE,"none"
6331,6,2,0.333333333333333,TRUE,"none"
6332,5,3,0.6,TRUE,"none"
6333,6,2,0.333333333333333,TRUE,"none"
6334,3,0,0,FALSE,"none"
6335,6,2,0.333333333333333,TRUE,"none"
6336,3,0,0,FALSE,"none"
6337,2,0,0,FALSE,"none"
6338,4,0,0,FALSE,"none"
6339,3,0,0,FALSE,"none"
6340,4,0,0,FALSE,"none"
6341,4,1,0.25,TRUE,"none"
6342,6,2,0.333333333333333,TRUE,"none"
6343,4,1,0.25,TRUE,"none"
6344,2,0,0,FALSE,"none"
6345,4,1,0.25,TRUE,"none"
6346,4,0,0,FALSE,"none"
6347,2,0,0,FALSE,"none"
6348,5,1,0.2,TRUE,"none"
6349,4,0,0,FALSE,"none"
6350,4,0,0,FALSE,"none"
6351,5,2,0.4,TRUE,"none"
6352,3,0,0,FALSE,"none"
6353,4,0,0,FALSE,"none"
6354,4,0,0,FALSE,"none"
6355,3,1,0.333333333333333,TRUE,"none"
6356,5,1,0.2,TRUE,"none"
6357,6,2,0.333333333333333,TRUE,"none"
6358,7,3,0.428571428571429,TRUE,"none"
6359,4,1,0.25,TRUE,"none"
6360,3,0,0,FALSE,"none"
6361,5,1,0.2,TRUE,"none"
6362,5,1,0.2,TRUE,"none"
6363,6,3,0.5,TRUE,"none"
6364,4,1,0.25,TRUE,"none"
6365,3,0,0,FALSE,"none"
6366,4,0,0,FALSE,"none"
6367,6,3,0.5,TRUE,"none"
6368,4,1,0.25,TRUE,"none"
6369,4,0,0,FALSE,"none"
6370,5,1,0.2,TRUE,"none"
6371,4,0,0,FALSE,"none"
6372,4,1,0.25,TRUE,"none"
6373,5,1,0.2,TRUE,"none"
6374,4,1,0.25,TRUE,"none"
6375,4,0,0,FALSE,"none"
6376,3,0,0,FALSE,"none"
6377,4,0,0,FALSE,"none"
6378,5,1,0.2,TRUE,"none"
6379,5,1,0.2,TRUE,"none"
6380,3,0,0,FALSE,"none"
6381,5,1,0.2,TRUE,"none"
6382,3,0,0,FALSE,"none"
6383,4,1,0.25,TRUE,"none"
6384,6,2,0.333333333333333,TRUE,"none"
6385,4,1,0.25,TRUE,"none"
6386,1,0,0,FALSE,"none"
6387,4,1,0.25,TRUE,"none"
6388,2,0,0,FALSE,"none"
6389,3,0,0,FALSE,"none"
6390,5,2,0.4,TRUE,"none"
6391,4,1,0.25,TRUE,"none"
6392,4,1,0.25,TRUE,"none"
6393,3,1,0.333333333333333,TRUE,"none"
6394,4,1,0.25,TRUE,"none"
6395,4,0,0,FALSE,"none"
6396,4,1,0.25,TRUE,"none"
6397,6,3,0.5,TRUE,"none"
6398,5,1,0.2,TRUE,"none"
6399,4,0,0,FALSE,"none"
6400,6,3,0.5,TRUE,"none"
6401,3,0,0,FALSE,"none"
6402,3,0,0,FALSE,"none"
6403,2,0,0,FALSE,"none"
6404,3,0,0,FALSE,"none"
6405,4,1,0.25,TRUE,"none"
6406,4,1,0.25,TRUE,"none"
6407,5,1,0.2,TRUE,"none"
6408,4,0,0,FALSE,"none"
6409,3,0,0,FALSE,"none"
6410,2,0,0,FALSE,"none"
6411,5,1,0.2,TRUE,"none"
6412,2,0,0,FALSE,"none"
6413,4,0,0,FALSE,"none"
6414,4,0,0,FALSE,"none"
6415,6,2,0.333333333333333,TRUE,"none"
6416,4,0,0,FALSE,"none"
6417,3,0,0,FALSE,"none"
6418,5,1,0.2,TRUE,"none"
6419,4,0,0,FALSE,"none"
6420,6,2,0.333333333333333,TRUE,"none"
6421,6,2,0.333333333333333,TRUE,"none"
6422,5,2,0.4,TRUE,"none"
6423,5,1,0.2,TRUE,"none"
6424,4,0,0,FALSE,"none"
6425,5,1,0.2,TRUE,"none"
6426,5,1,0.2,TRUE,"none"
6427,3,1,0.333333333333333,TRUE,"none"
6428,5,1,0.2,TRUE,"none"
6429,4,1,0.25,TRUE,"none"
6430,7,3,0.428571428571429,TRUE,"none"
6431,3,0,0,FALSE,"none"
6432,5,2,0.4,TRUE,"none"
6433,5,1,0.2,TRUE,"none"
6434,4,1,0.25,TRUE,"none"
6435,3,2,0.666666666666667,TRUE,"none"
6436,6,2,0.333333333333333,TRUE,"none"
6437,5,1,0.2,TRUE,"none"
6438,5,1,0.2,TRUE,"none"
6439,5,1,0.2,TRUE,"none"
6440,4,0,0,FALSE,"none"
6441,4,1,0.25,TRUE,"none"
6442,4,1,0.25,TRUE,"none"
6443,4,1,0.25,TRUE,"none"
6444,6,2,0.333333333333333,TRUE,"none"
6445,5,1,0.2,TRUE,"none"
6446,5,1,0.2,TRUE,"none"
6447,4,0,0,FALSE,"none"
6448,6,2,0.333333333333333,TRUE,"none"
6449,5,1,0.2,TRUE,"none"
6450,1,0,0,FALSE,"none"
6451,3,0,0,FALSE,"none"
6452,5,2,0.4,TRUE,"none"
6453,4,1,0.25,TRUE,"none"
6454,5,2,0.4,TRUE,"none"
6455,3,1,0.333333333333333,TRUE,"none"
6456,2,0,0,FALSE,"none"
6457,4,0,0,FALSE,"none"
6458,5,1,0.2,TRUE,"none"
6459,3,0,0,FALSE,"none"
6460,5,1,0.2,TRUE,"none"
6461,4,1,0.25,TRUE,"none"
6462,5,2,0.4,TRUE,"none"
6463,2,0,0,FALSE,"none"
6464,4,1,0.25,TRUE,"none"
6465,5,1,0.2,TRUE,"none"
6466,6,3,0.5,TRUE,"none"
6467,4,3,0.75,TRUE,"none"
6468,6,2,0.333333333333333,TRUE,"none"
6469,4,0,0,FALSE,"none"
6470,5,2,0.4,TRUE,"none"
6471,4,0,0,FALSE,"none"
6472,3,0,0,FALSE,"none"
6473,5,1,0.2,TRUE,"none"
6474,4,0,0,FALSE,"none"
6475,3,0,0,FALSE,"none"
6476,5,2,0.4,TRUE,"none"
6477,3,0,0,FALSE,"none"
6478,5,1,0.2,TRUE,"none"
6479,5,1,0.2,TRUE,"none"
6480,5,1,0.2,TRUE,"none"
6481,4,1,0.25,TRUE,"none"
6482,2,0,0,FALSE,"none"
6483,4,0,0,FALSE,"none"
6484,3,0,0,FALSE,"none"
6485,3,0,0,FALSE,"none"
6486,3,0,0,FALSE,"none"
6487,3,1,0.333333333333333,TRUE,"none"
6488,5,1,0.2,TRUE,"none"
6489,3,0,0,FALSE,"none"
6490,4,0,0,FALSE,"none"
6491,4,1,0.25,TRUE,"none"
6492,5,1,0.2,TRUE,"none"
6493,4,0,0,FALSE,"none"
6494,3,0,0,FALSE,"none"
6495,4,0,0,FALSE,"none"
6496,3,0,0,FALSE,"none"
6497,3,0,0,FALSE,"none"
6498,2,0,0,FALSE,"none"
6499,4,1,0.25,TRUE,"none"
6500,4,0,0,FALSE,"none"
6501,5,1,0.2,TRUE,"none"
6502,4,0,0,FALSE,"none"
6503,4,0,0,FALSE,"none"
6504,4,1,0.25,TRUE,"none"
6505,5,2,0.4,TRUE,"none"
6506,4,1,0.25,TRUE,"none"
6507,4,0,0,FALSE,"none"
6508,4,0,0,FALSE,"none"
6509,1,0,0,FALSE,"none"
6510,5,1,0.2,TRUE,"none"
6511,4,1,0.25,TRUE,"none"
6512,3,0,0,FALSE,"none"
6513,4,0,0,FALSE,"none"
6514,3,1,0.333333333333333,TRUE,"none"
6515,4,1,0.25,TRUE,"none"
6516,3,1,0.333333333333333,TRUE,"none"
6517,3,0,0,FALSE,"none"
6518,3,0,0,FALSE,"none"
6519,5,1,0.2,TRUE,"none"
6520,3,0,0,FALSE,"none"
6521,3,0,0,FALSE,"none"
6522,5,1,0.2,TRUE,"none"
6523,6,2,0.333333333333333,TRUE,"none"
6524,2,0,0,FALSE,"none"
6525,3,0,0,FALSE,"none"
6526,4,0,0,FALSE,"none"
6527,5,1,0.2,TRUE,"none"
6528,3,0,0,FALSE,"none"
6529,5,1,0.2,TRUE,"none"
6530,4,0,0,FALSE,"none"
6531,4,2,0.5,TRUE,"none"
6532,5,1,0.2,TRUE,"none"
6533,5,2,0.4,TRUE,"none"
6534,5,1,0.2,TRUE,"none"
6535,5,2,0.4,TRUE,"none"
6536,6,2,0.333333333333333,TRUE,"none"
6537,3,1,0.333333333333333,TRUE,"none"
6538,4,0,0,FALSE,"none"
6539,5,1,0.2,TRUE,"none"
6540,4,0,0,FALSE,"none"
6541,6,2,0.333333333333333,TRUE,"none"
6542,4,0,0,FALSE,"none"
6543,5,1,0.2,TRUE,"none"
6544,5,2,0.4,TRUE,"none"
6545,1,0,0,FALSE,"none"
6546,4,0,0,FALSE,"none"
6547,4,0,0,FALSE,"none"
6548,4,1,0.25,TRUE,"none"
6549,5,1,0.2,TRUE,"none"
6550,3,1,0.333333333333333,TRUE,"none"
6551,3,0,0,FALSE,"none"
6552,4,1,0.25,TRUE,"none"
6553,4,0,0,FALSE,"none"
6554,6,2,0.333333333333333,TRUE,"none"
6555,3,1,0.333333333333333,TRUE,"none"
6556,7,3,0.428571428571429,TRUE,"none"
6557,4,0,0,FALSE,"none"
6558,2,0,0,FALSE,"none"
6559,4,0,0,FALSE,"none"
6560,4,0,0,FALSE,"none"
6561,7,3,0.428571428571429,TRUE,"none"
6562,3,0,0,FALSE,"none"
6563,5,1,0.2,TRUE,"none"
6564,6,2,0.333333333333333,TRUE,"none"
6565,5,1,0.2,TRUE,"none"
6566,8,4,0.5,TRUE,"none"
6567,3,0,0,FALSE,"none"
6568,4,1,0.25,TRUE,"none"
6569,4,0,0,FALSE,"none"
6570,3,0,0,FALSE,"none"
6571,4,0,0,FALSE,"none"
6572,4,0,0,FALSE,"none"
6573,5,1,0.2,TRUE,"none"
6574,2,0,0,FALSE,"none"
6575,5,1,0.2,TRUE,"none"
6576,3,0,0,FALSE,"none"
6577,7,3,0.428571428571429,TRUE,"none"
6578,3,0,0,FALSE,"none"
6579,5,1,0.2,TRUE,"none"
6580,5,2,0.4,TRUE,"none"
6581,5,1,0.2,TRUE,"none"
6582,4,0,0,FALSE,"none"
6583,4,0,0,FALSE,"none"
6584,3,1,0.333333333333333,TRUE,"none"
6585,3,1,0.333333333333333,TRUE,"none"
6586,4,0,0,FALSE,"none"
6587,4,0,0,FALSE,"none"
6588,5,1,0.2,TRUE,"none"
6589,3,1,0.333333333333333,TRUE,"none"
6590,4,1,0.25,TRUE,"none"
6591,3,1,0.333333333333333,TRUE,"none"
6592,4,0,0,FALSE,"none"
6593,4,1,0.25,TRUE,"none"
6594,4,0,0,FALSE,"none"
6595,4,1,0.25,TRUE,"none"
6596,4,1,0.25,TRUE,"none"
6597,4,1,0.25,TRUE,"none"
6598,5,2,0.4,TRUE,"none"
6599,3,0,0,FALSE,"none"
6600,6,2,0.333333333333333,TRUE,"none"
6601,4,1,0.25,TRUE,"none"
6602,3,0,0,FALSE,"none"
6603,6,2,0.333333333333333,TRUE,"none"
6604,5,2,0.4,TRUE,"none"
6605,4,1,0.25,TRUE,"none"
6606,6,2,0.333333333333333,TRUE,"none"
6607,5,1,0.2,TRUE,"none"
6608,5,1,0.2,TRUE,"none"
6609,4,0,0,FALSE,"none"
6610,3,0,0,FALSE,"none"
6611,3,1,0.333333333333333,TRUE,"none"
6612,5,2,0.4,TRUE,"none"
6613,4,0,0,FALSE,"none"
6614,5,1,0.2,TRUE,"none"
6615,3,0,0,FALSE,"none"
6616,5,1,0.2,TRUE,"none"
6617,5,1,0.2,TRUE,"none"
6618,3,0,0,FALSE,"none"
6619,4,0,0,FALSE,"none"
6620,4,0,0,FALSE,"none"
6621,4,1,0.25,TRUE,"none"
6622,5,2,0.4,TRUE,"none"
6623,5,1,0.2,TRUE,"none"
6624,7,3,0.428571428571429,TRUE,"none"
6625,3,1,0.333333333333333,TRUE,"none"
6626,3,0,0,FALSE,"none"
6627,4,1,0.25,TRUE,"none"
6628,4,3,0.75,TRUE,"none"
6629,4,0,0,FALSE,"none"
6630,4,1,0.25,TRUE,"none"
6631,3,0,0,FALSE,"none"
6632,4,0,0,FALSE,"none"
6633,2,0,0,FALSE,"none"
6634,4,0,0,FALSE,"none"
6635,4,0,0,FALSE,"none"
6636,4,1,0.25,TRUE,"none"
6637,3,0,0,FALSE,"none"
6638,5,2,0.4,TRUE,"none"
6639,3,1,0.333333333333333,TRUE,"none"
6640,7,3,0.428571428571429,TRUE,"none"
6641,4,0,0,FALSE,"none"
6642,5,1,0.2,TRUE,"none"
6643,10,6,0.6,TRUE,"none"
6644,3,0,0,FALSE,"none"
6645,5,1,0.2,TRUE,"none"
6646,3,0,0,FALSE,"none"
6647,4,1,0.25,TRUE,"none"
6648,5,1,0.2,TRUE,"none"
6649,3,0,0,FALSE,"none"
6650,4,0,0,FALSE,"none"
6651,4,0,0,FALSE,"none"
6652,6,2,0.333333333333333,TRUE,"none"
6653,3,0,0,FALSE,"none"
6654,2,0,0,FALSE,"none"
6655,4,1,0.25,TRUE,"none"
6656,6,3,0.5,TRUE,"none"
6657,5,1,0.2,TRUE,"none"
6658,6,2,0.333333333333333,TRUE,"none"
6659,4,0,0,FALSE,"none"
6660,5,1,0.2,TRUE,"none"
6661,5,2,0.4,TRUE,"none"
6662,4,0,0,FALSE,"none"
6663,4,0,0,FALSE,"none"
6664,5,2,0.4,TRUE,"none"
6665,5,1,0.2,TRUE,"none"
6666,3,1,0.333333333333333,TRUE,"none"
6667,3,1,0.333333333333333,TRUE,"none"
6668,5,1,0.2,TRUE,"none"
6669,3,0,0,FALSE,"none"
6670,4,0,0,FALSE,"none"
6671,4,1,0.25,TRUE,"none"
6672,3,0,0,FALSE,"none"
6673,4,0,0,FALSE,"none"
6674,3,0,0,FALSE,"none"
6675,5,1,0.2,TRUE,"none"
6676,4,0,0,FALSE,"none"
6677,4,0,0,FALSE,"none"
6678,4,0,0,FALSE,"none"
6679,6,2,0.333333333333333,TRUE,"none"
6680,5,3,0.6,TRUE,"none"
6681,3,0,0,FALSE,"none"
6682,3,0,0,FALSE,"none"
6683,4,1,0.25,TRUE,"none"
6684,4,0,0,FALSE,"none"
6685,3,0,0,FALSE,"none"
6686,3,0,0,FALSE,"none"
6687,3,0,0,FALSE,"none"
6688,3,0,0,FALSE,"none"
6689,3,1,0.333333333333333,TRUE,"none"
6690,4,0,0,FALSE,"none"
6691,4,0,0,FALSE,"none"
6692,8,4,0.5,TRUE,"none"
6693,4,0,0,FALSE,"none"
6694,4,0,0,FALSE,"none"
6695,4,0,0,FALSE,"none"
6696,3,0,0,FALSE,"none"
6697,4,0,0,FALSE,"none"
6698,4,0,0,FALSE,"none"
6699,4,1,0.25,TRUE,"none"
6700,4,1,0.25,TRUE,"none"
6701,3,0,0,FALSE,"none"
6702,4,0,0,FALSE,"none"
6703,5,1,0.2,TRUE,"none"
6704,5,1,0.2,TRUE,"none"
6705,4,0,0,FALSE,"none"
6706,3,0,0,FALSE,"none"
6707,4,0,0,FALSE,"none"
6708,5,1,0.2,TRUE,"none"
6709,2,0,0,FALSE,"none"
6710,2,0,0,FALSE,"none"
6711,3,0,0,FALSE,"none"
6712,5,1,0.2,TRUE,"none"
6713,4,0,0,FALSE,"none"
6714,5,2,0.4,TRUE,"none"
6715,4,1,0.25,TRUE,"none"
6716,3,0,0,FALSE,"none"
6717,4,1,0.25,TRUE,"none"
6718,4,1,0.25,TRUE,"none"
6719,6,2,0.333333333333333,TRUE,"none"
6720,3,0,0,FALSE,"none"
6721,5,1,0.2,TRUE,"none"
6722,6,2,0.333333333333333,TRUE,"none"
6723,4,0,0,FALSE,"none"
6724,4,0,0,FALSE,"none"
6725,6,3,0.5,TRUE,"none"
6726,3,0,0,FALSE,"none"
6727,4,0,0,FALSE,"none"
6728,4,1,0.25,TRUE,"none"
6729,3,0,0,FALSE,"none"
6730,4,0,0,FALSE,"none"
6731,3,2,0.666666666666667,TRUE,"none"
6732,4,1,0.25,TRUE,"none"
6733,4,0,0,FALSE,"none"
6734,5,1,0.2,TRUE,"none"
6735,5,2,0.4,TRUE,"none"
6736,6,2,0.333333333333333,TRUE,"none"
6737,3,0,0,FALSE,"none"
6738,5,1,0.2,TRUE,"none"
6739,5,2,0.4,TRUE,"none"
6740,3,0,0,FALSE,"none"
6741,6,2,0.333333333333333,TRUE,"none"
6742,4,0,0,FALSE,"none"
6743,3,0,0,FALSE,"none"
6744,5,1,0.2,TRUE,"none"
6745,7,3,0.428571428571429,TRUE,"none"
6746,3,0,0,FALSE,"none"
6747,3,1,0.333333333333333,TRUE,"none"
6748,3,1,0.333333333333333,TRUE,"none"
6749,4,0,0,FALSE,"none"
6750,5,1,0.2,TRUE,"none"
6751,4,1,0.25,TRUE,"none"
6752,4,0,0,FALSE,"none"
6753,5,1,0.2,TRUE,"none"
6754,3,0,0,FALSE,"none"
6755,4,1,0.25,TRUE,"none"
6756,5,2,0.4,TRUE,"none"
6757,5,2,0.4,TRUE,"none"
6758,3,0,0,FALSE,"none"
6759,5,2,0.4,TRUE,"none"
6760,4,0,0,FALSE,"none"
6761,4,0,0,FALSE,"none"
6762,5,1,0.2,TRUE,"none"
6763,5,1,0.2,TRUE,"none"
6764,6,2,0.333333333333333,TRUE,"none"
6765,2,0,0,FALSE,"none"
6766,4,0,0,FALSE,"none"
6767,3,0,0,FALSE,"none"
6768,4,1,0.25,TRUE,"none"
6769,4,0,0,FALSE,"none"
6770,5,1,0.2,TRUE,"none"
6771,6,3,0.5,TRUE,"none"
6772,5,2,0.4,TRUE,"none"
6773,3,0,0,FALSE,"none"
6774,4,0,0,FALSE,"none"
6775,4,0,0,FALSE,"none"
6776,4,1,0.25,TRUE,"none"
6777,4,0,0,FALSE,"none"
6778,5,2,0.4,TRUE,"none"
6779,4,1,0.25,TRUE,"none"
6780,4,1,0.25,TRUE,"none"
6781,5,1,0.2,TRUE,"none"
6782,4,0,0,FALSE,"none"
6783,4,1,0.25,TRUE,"none"
6784,6,2,0.333333333333333,TRUE,"none"
6785,3,1,0.333333333333333,TRUE,"none"
6786,3,0,0,FALSE,"none"
6787,4,1,0.25,TRUE,"none"
6788,5,1,0.2,TRUE,"none"
6789,4,1,0.25,TRUE,"none"
6790,3,0,0,FALSE,"none"
6791,2,0,0,FALSE,"none"
6792,5,2,0.4,TRUE,"none"
6793,4,0,0,FALSE,"none"
6794,4,1,0.25,TRUE,"none"
6795,3,1,0.333333333333333,TRUE,"none"
6796,4,0,0,FALSE,"none"
6797,6,2,0.333333333333333,TRUE,"none"
6798,5,2,0.4,TRUE,"none"
6799,3,0,0,FALSE,"none"
6800,4,1,0.25,TRUE,"none"
6801,3,0,0,FALSE,"none"
6802,3,1,0.333333333333333,TRUE,"none"
6803,4,0,0,FALSE,"none"
6804,3,0,0,FALSE,"none"
6805,5,2,0.4,TRUE,"none"
6806,5,1,0.2,TRUE,"none"
6807,5,2,0.4,TRUE,"none"
6808,5,1,0.2,TRUE,"none"
6809,4,2,0.5,TRUE,"none"
6810,4,1,0.25,TRUE,"none"
6811,3,1,0.333333333333333,TRUE,"none"
6812,3,0,0,FALSE,"none"
6813,2,0,0,FALSE,"none"
6814,4,1,0.25,TRUE,"none"
6815,4,0,0,FALSE,"none"
6816,5,1,0.2,TRUE,"none"
6817,4,0,0,FALSE,"none"
6818,3,0,0,FALSE,"none"
6819,3,1,0.333333333333333,TRUE,"none"
6820,3,1,0.333333333333333,TRUE,"none"
6821,2,0,0,FALSE,"none"
6822,3,0,0,FALSE,"none"
6823,5,1,0.2,TRUE,"none"
6824,6,2,0.333333333333333,TRUE,"none"
6825,3,0,0,FALSE,"none"
6826,5,1,0.2,TRUE,"none"
6827,3,1,0.333333333333333,TRUE,"none"
6828,7,3,0.428571428571429,TRUE,"none"
6829,5,2,0.4,TRUE,"none"
6830,5,1,0.2,TRUE,"none"
6831,5,2,0.4,TRUE,"none"
6832,6,2,0.333333333333333,TRUE,"none"
6833,3,0,0,FALSE,"none"
6834,4,0,0,FALSE,"none"
6835,7,3,0.428571428571429,TRUE,"none"
6836,4,0,0,FALSE,"none"
6837,2,0,0,FALSE,"none"
6838,6,2,0.333333333333333,TRUE,"none"
6839,3,0,0,FALSE,"none"
6840,4,0,0,FALSE,"none"
6841,5,1,0.2,TRUE,"none"
6842,4,1,0.25,TRUE,"none"
6843,3,0,0,FALSE,"none"
6844,4,0,0,FALSE,"none"
6845,3,0,0,FALSE,"none"
6846,5,1,0.2,TRUE,"none"
6847,4,1,0.25,TRUE,"none"
6848,4,0,0,FALSE,"none"
6849,3,0,0,FALSE,"none"
6850,4,0,0,FALSE,"none"
6851,6,2,0.333333333333333,TRUE,"none"
6852,5,1,0.2,TRUE,"none"
6853,3,0,0,FALSE,"none"
6854,4,0,0,FALSE,"none"
6855,5,1,0.2,TRUE,"none"
6856,4,1,0.25,TRUE,"none"
6857,2,0,0,FALSE,"none"
6858,3,0,0,FALSE,"none"
6859,6,3,0.5,TRUE,"none"
6860,3,0,0,FALSE,"none"
6861,5,2,0.4,TRUE,"none"
6862,3,0,0,FALSE,"none"
6863,7,4,0.571428571428571,TRUE,"none"
6864,5,1,0.2,TRUE,"none"
6865,5,1,0.2,TRUE,"none"
6866,4,0,0,FALSE,"none"
6867,5,1,0.2,TRUE,"none"
6868,3,0,0,FALSE,"none"
6869,4,1,0.25,TRUE,"none"
6870,8,4,0.5,TRUE,"none"
6871,2,0,0,FALSE,"none"
6872,4,1,0.25,TRUE,"none"
6873,4,0,0,FALSE,"none"
6874,4,1,0.25,TRUE,"none"
6875,3,1,0.333333333333333,TRUE,"none"
6876,4,1,0.25,TRUE,"none"
6877,5,1,0.2,TRUE,"none"
6878,6,2,0.333333333333333,TRUE,"none"
6879,2,0,0,FALSE,"none"
6880,4,1,0.25,TRUE,"none"
6881,4,2,0.5,TRUE,"none"
6882,4,0,0,FALSE,"none"
6883,4,0,0,FALSE,"none"
6884,5,2,0.4,TRUE,"none"
6885,4,0,0,FALSE,"none"
6886,3,1,0.333333333333333,TRUE,"none"
6887,4,0,0,FALSE,"none"
6888,4,1,0.25,TRUE,"none"
6889,5,1,0.2,TRUE,"none"
6890,4,0,0,FALSE,"none"
6891,4,0,0,FALSE,"none"
6892,4,2,0.5,TRUE,"none"
6893,4,0,0,FALSE,"none"
6894,4,2,0.5,TRUE,"none"
6895,5,1,0.2,TRUE,"none"
6896,4,0,0,FALSE,"none"
6897,5,2,0.4,TRUE,"none"
6898,5,1,0.2,TRUE,"none"
6899,4,0,0,FALSE,"none"
6900,4,1,0.25,TRUE,"none"
6901,1,0,0,FALSE,"none"
6902,4,0,0,FALSE,"none"
6903,2,0,0,FALSE,"none"
6904,5,1,0.2,TRUE,"none"
6905,5,1,0.2,TRUE,"none"
6906,2,0,0,FALSE,"none"
6907,5,1,0.2,TRUE,"none"
6908,4,2,0.5,TRUE,"none"
6909,3,1,0.333333333333333,TRUE,"none"
6910,5,2,0.4,TRUE,"none"
6911,7,3,0.428571428571429,TRUE,"none"
6912,6,2,0.333333333333333,TRUE,"none"
6913,4,0,0,FALSE,"none"
6914,4,0,0,FALSE,"none"
6915,4,1,0.25,TRUE,"none"
6916,4,0,0,FALSE,"none"
6917,4,1,0.25,TRUE,"none"
6918,9,5,0.555555555555556,TRUE,"none"
6919,2,0,0,FALSE,"none"
6920,6,2,0.333333333333333,TRUE,"none"
6921,4,0,0,FALSE,"none"
6922,4,0,0,FALSE,"none"
6923,4,2,0.5,TRUE,"none"
6924,5,1,0.2,TRUE,"none"
6925,5,1,0.2,TRUE,"none"
6926,6,2,0.333333333333333,TRUE,"none"
6927,3,1,0.333333333333333,TRUE,"none"
6928,3,0,0,FALSE,"none"
6929,5,1,0.2,TRUE,"none"
6930,4,0,0,FALSE,"none"
6931,5,2,0.4,TRUE,"none"
6932,4,0,0,FALSE,"none"
6933,5,2,0.4,TRUE,"none"
6934,3,0,0,FALSE,"none"
6935,3,0,0,FALSE,"none"
6936,3,0,0,FALSE,"none"
6937,3,1,0.333333333333333,TRUE,"none"
6938,2,0,0,FALSE,"none"
6939,4,1,0.25,TRUE,"none"
6940,6,2,0.333333333333333,TRUE,"none"
6941,3,0,0,FALSE,"none"
6942,3,0,0,FALSE,"none"
6943,7,3,0.428571428571429,TRUE,"none"
6944,5,1,0.2,TRUE,"none"
6945,1,0,0,FALSE,"none"
6946,4,0,0,FALSE,"none"
6947,2,0,0,FALSE,"none"
6948,5,2,0.4,TRUE,"none"
6949,5,1,0.2,TRUE,"none"
6950,5,1,0.2,TRUE,"none"
6951,5,1,0.2,TRUE,"none"
6952,6,2,0.333333333333333,TRUE,"none"
6953,4,0,0,FALSE,"none"
6954,5,1,0.2,TRUE,"none"
6955,5,1,0.2,TRUE,"none"
6956,4,1,0.25,TRUE,"none"
6957,4,1,0.25,TRUE,"none"
6958,5,2,0.4,TRUE,"none"
6959,1,0,0,FALSE,"none"
6960,3,0,0,FALSE,"none"
6961,3,1,0.333333333333333,TRUE,"none"
6962,2,0,0,FALSE,"none"
6963,5,1,0.2,TRUE,"none"
6964,5,1,0.2,TRUE,"none"
6965,4,0,0,FALSE,"none"
6966,3,1,0.333333333333333,TRUE,"none"
6967,2,0,0,FALSE,"none"
6968,4,1,0.25,TRUE,"none"
6969,5,1,0.2,TRUE,"none"
6970,4,0,0,FALSE,"none"
6971,5,1,0.2,TRUE,"none"
6972,4,1,0.25,TRUE,"none"
6973,6,2,0.333333333333333,TRUE,"none"
6974,7,3,0.428571428571429,TRUE,"none"
6975,4,0,0,FALSE,"none"
6976,6,2,0.333333333333333,TRUE,"none"
6977,5,1,0.2,TRUE,"none"
6978,6,3,0.5,TRUE,"none"
6979,3,0,0,FALSE,"none"
6980,5,1,0.2,TRUE,"none"
6981,2,0,0,FALSE,"none"
6982,5,1,0.2,TRUE,"none"
6983,4,0,0,FALSE,"none"
6984,4,0,0,FALSE,"none"
6985,3,0,0,FALSE,"none"
6986,3,0,0,FALSE,"none"
6987,3,0,0,FALSE,"none"
6988,6,2,0.333333333333333,TRUE,"none"
6989,3,1,0.333333333333333,TRUE,"none"
6990,2,0,0,FALSE,"none"
6991,4,0,0,FALSE,"none"
6992,3,0,0,FALSE,"none"
6993,4,1,0.25,TRUE,"none"
6994,4,1,0.25,TRUE,"none"
6995,6,2,0.333333333333333,TRUE,"none"
6996,5,2,0.4,TRUE,"none"
6997,4,1,0.25,TRUE,"none"
6998,4,2,0.5,TRUE,"none"
6999,6,2,0.333333333333333,TRUE,"none"
7000,4,1,0.25,TRUE,"none"
7001,4,1,0.25,TRUE,"none"
7002,3,0,0,FALSE,"none"
7003,4,1,0.25,TRUE,"none"
7004,4,0,0,FALSE,"none"
7005,7,3,0.428571428571429,TRUE,"none"
7006,3,0,0,FALSE,"none"
7007,5,1,0.2,TRUE,"none"
7008,4,0,0,FALSE,"none"
7009,3,1,0.333333333333333,TRUE,"none"
7010,4,0,0,FALSE,"none"
7011,5,1,0.2,TRUE,"none"
7012,5,1,0.2,TRUE,"none"
7013,4,0,0,FALSE,"none"
7014,3,0,0,FALSE,"none"
7015,4,0,0,FALSE,"none"
7016,3,0,0,FALSE,"none"
7017,4,2,0.5,TRUE,"none"
7018,5,1,0.2,TRUE,"none"
7019,3,0,0,FALSE,"none"
7020,4,0,0,FALSE,"none"
7021,5,1,0.2,TRUE,"none"
7022,4,1,0.25,TRUE,"none"
7023,2,0,0,FALSE,"none"
7024,3,0,0,FALSE,"none"
7025,3,0,0,FALSE,"none"
7026,4,0,0,FALSE,"none"
7027,4,1,0.25,TRUE,"none"
7028,3,1,0.333333333333333,TRUE,"none"
7029,3,0,0,FALSE,"none"
7030,4,2,0.5,TRUE,"none"
7031,3,0,0,FALSE,"none"
7032,4,1,0.25,TRUE,"none"
7033,4,2,0.5,TRUE,"none"
7034,5,2,0.4,TRUE,"none"
7035,4,0,0,FALSE,"none"
7036,4,0,0,FALSE,"none"
7037,4,0,0,FALSE,"none"
7038,3,0,0,FALSE,"none"
7039,5,1,0.2,TRUE,"none"
7040,6,2,0.333333333333333,TRUE,"none"
7041,3,0,0,FALSE,"none"
7042,3,0,0,FALSE,"none"
7043,6,2,0.333333333333333,TRUE,"none"
7044,4,1,0.25,TRUE,"none"
7045,6,3,0.5,TRUE,"none"
7046,4,0,0,FALSE,"none"
7047,4,0,0,FALSE,"none"
7048,4,0,0,FALSE,"none"
7049,4,0,0,FALSE,"none"
7050,2,0,0,FALSE,"none"
7051,3,0,0,FALSE,"none"
7052,5,1,0.2,TRUE,"none"
7053,4,0,0,FALSE,"none"
7054,5,1,0.2,TRUE,"none"
7055,5,1,0.2,TRUE,"none"
7056,5,1,0.2,TRUE,"none"
7057,5,1,0.2,TRUE,"none"
7058,3,0,0,FALSE,"none"
7059,4,0,0,FALSE,"none"
7060,5,1,0.2,TRUE,"none"
7061,3,1,0.333333333333333,TRUE,"none"
7062,3,1,0.333333333333333,TRUE,"none"
7063,2,0,0,FALSE,"none"
7064,5,1,0.2,TRUE,"none"
7065,4,0,0,FALSE,"none"
7066,3,1,0.333333333333333,TRUE,"none"
7067,6,4,0.666666666666667,TRUE,"none"
7068,4,0,0,FALSE,"none"
7069,4,0,0,FALSE,"none"
7070,4,1,0.25,TRUE,"none"
7071,4,1,0.25,TRUE,"none"
7072,5,3,0.6,TRUE,"none"
7073,3,0,0,FALSE,"none"
7074,3,0,0,FALSE,"none"
7075,2,0,0,FALSE,"none"
7076,7,3,0.428571428571429,TRUE,"none"
7077,4,1,0.25,TRUE,"none"
7078,4,0,0,FALSE,"none"
7079,3,0,0,FALSE,"none"
7080,4,1,0.25,TRUE,"none"
7081,6,3,0.5,TRUE,"none"
7082,5,1,0.2,TRUE,"none"
7083,3,1,0.333333333333333,TRUE,"none"
7084,5,1,0.2,TRUE,"none"
7085,5,1,0.2,TRUE,"none"
7086,2,0,0,FALSE,"none"
7087,5,1,0.2,TRUE,"none"
7088,4,1,0.25,TRUE,"none"
7089,4,1,0.25,TRUE,"none"
7090,3,0,0,FALSE,"none"
7091,4,1,0.25,TRUE,"none"
7092,5,1,0.2,TRUE,"none"
7093,4,1,0.25,TRUE,"none"
7094,3,0,0,FALSE,"none"
7095,4,1,0.25,TRUE,"none"
7096,3,0,0,FALSE,"none"
7097,4,1,0.25,TRUE,"none"
7098,4,1,0.25,TRUE,"none"
7099,6,3,0.5,TRUE,"none"
7100,4,1,0.25,TRUE,"none"
7101,4,0,0,FALSE,"none"
7102,5,1,0.2,TRUE,"none"
7103,6,2,0.333333333333333,TRUE,"none"
7104,3,0,0,FALSE,"none"
7105,4,2,0.5,TRUE,"none"
7106,5,1,0.2,TRUE,"none"
7107,5,1,0.2,TRUE,"none"
7108,3,0,0,FALSE,"none"
7109,3,0,0,FALSE,"none"
7110,5,1,0.2,TRUE,"none"
7111,4,1,0.25,TRUE,"none"
7112,6,2,0.333333333333333,TRUE,"none"
7113,5,1,0.2,TRUE,"none"
7114,4,1,0.25,TRUE,"none"
7115,5,1,0.2,TRUE,"none"
7116,6,3,0.5,TRUE,"none"
7117,3,0,0,FALSE,"none"
7118,4,1,0.25,TRUE,"none"
7119,3,0,0,FALSE,"none"
7120,6,3,0.5,TRUE,"none"
7121,3,1,0.333333333333333,TRUE,"none"
7122,4,0,0,FALSE,"none"
7123,4,2,0.5,TRUE,"none"
7124,3,0,0,FALSE,"none"
7125,4,0,0,FALSE,"none"
7126,7,3,0.428571428571429,TRUE,"none"
7127,5,1,0.2,TRUE,"none"
7128,4,1,0.25,TRUE,"none"
7129,2,0,0,FALSE,"none"
7130,5,2,0.4,TRUE,"none"
7131,2,0,0,FALSE,"none"
7132,4,0,0,FALSE,"none"
7133,4,0,0,FALSE,"none"
7134,3,1,0.333333333333333,TRUE,"none"
7135,5,1,0.2,TRUE,"none"
7136,6,3,0.5,TRUE,"none"
7137,4,1,0.25,TRUE,"none"
7138,0,0,0,FALSE,"none"
7139,5,1,0.2,TRUE,"none"
7140,5,1,0.2,TRUE,"none"
7141,4,1,0.25,TRUE,"none"
7142,5,1,0.2,TRUE,"none"
7143,3,1,0.333333333333333,TRUE,"none"
7144,5,1,0.2,TRUE,"none"
7145,3,1,0.333333333333333,TRUE,"none"
7146,4,0,0,FALSE,"none"
7147,5,1,0.2,TRUE,"none"
7148,3,0,0,FALSE,"none"
7149,4,0,0,FALSE,"none"
7150,5,2,0.4,TRUE,"none"
7151,3,0,0,FALSE,"none"
7152,4,1,0.25,TRUE,"none"
7153,4,0,0,FALSE,"none"
7154,3,0,0,FALSE,"none"
7155,4,1,0.25,TRUE,"none"
7156,4,0,0,FALSE,"none"
7157,6,3,0.5,TRUE,"none"
7158,4,0,0,FALSE,"none"
7159,5,2,0.4,TRUE,"none"
7160,4,0,0,FALSE,"none"
7161,3,0,0,FALSE,"none"
7162,4,0,0,FALSE,"none"
7163,3,0,0,FALSE,"none"
7164,5,1,0.2,TRUE,"none"
7165,3,0,0,FALSE,"none"
7166,4,0,0,FALSE,"none"
7167,4,0,0,FALSE,"none"
7168,4,1,0.25,TRUE,"none"
7169,2,0,0,FALSE,"none"
7170,4,1,0.25,TRUE,"none"
7171,5,1,0.2,TRUE,"none"
7172,3,0,0,FALSE,"none"
7173,3,1,0.333333333333333,TRUE,"none"
7174,4,0,0,FALSE,"none"
7175,3,0,0,FALSE,"none"
7176,5,1,0.2,TRUE,"none"
7177,4,0,0,FALSE,"none"
7178,4,0,0,FALSE,"none"
7179,7,3,0.428571428571429,TRUE,"none"
7180,2,0,0,FALSE,"none"
7181,3,0,0,FALSE,"none"
7182,2,0,0,FALSE,"none"
7183,4,0,0,FALSE,"none"
7184,2,0,0,FALSE,"none"
7185,4,0,0,FALSE,"none"
7186,4,0,0,FALSE,"none"
7187,6,2,0.333333333333333,TRUE,"none"
7188,7,3,0.428571428571429,TRUE,"none"
7189,5,1,0.2,TRUE,"none"
7190,2,0,0,FALSE,"none"
7191,3,0,0,FALSE,"none"
7192,5,1,0.2,TRUE,"none"
7193,4,1,0.25,TRUE,"none"
7194,5,1,0.2,TRUE,"none"
7195,3,0,0,FALSE,"none"
7196,4,0,0,FALSE,"none"
7197,5,1,0.2,TRUE,"none"
7198,5,1,0.2,TRUE,"none"
7199,3,1,0.333333333333333,TRUE,"none"
7200,4,0,0,FALSE,"none"
7201,3,1,0.333333333333333,TRUE,"none"
7202,5,1,0.2,TRUE,"none"
7203,3,0,0,FALSE,"none"
7204,3,0,0,FALSE,"none"
7205,5,2,0.4,TRUE,"none"
7206,3,0,0,FALSE,"none"
7207,4,0,0,FALSE,"none"
7208,4,0,0,FALSE,"none"
7209,4,0,0,FALSE,"none"
7210,4,0,0,FALSE,"none"
7211,6,2,0.333333333333333,TRUE,"none"
7212,6,2,0.333333333333333,TRUE,"none"
7213,5,1,0.2,TRUE,"none"
7214,4,1,0.25,TRUE,"none"
7215,2,0,0,FALSE,"none"
7216,4,1,0.25,TRUE,"none"
7217,4,0,0,FALSE,"none"
7218,3,1,0.333333333333333,TRUE,"none"
7219,4,1,0.25,TRUE,"none"
7220,4,1,0.25,TRUE,"none"
7221,3,1,0.333333333333333,TRUE,"none"
7222,5,1,0.2,TRUE,"none"
7223,4,2,0.5,TRUE,"none"
7224,3,0,0,FALSE,"none"
7225,6,2,0.333333333333333,TRUE,"none"
7226,5,2,0.4,TRUE,"none"
7227,5,1,0.2,TRUE,"none"
7228,5,1,0.2,TRUE,"none"
7229,4,0,0,FALSE,"none"
7230,5,1,0.2,TRUE,"none"
7231,4,0,0,FALSE,"none"
7232,4,1,0.25,TRUE,"none"
7233,4,0,0,FALSE,"none"
7234,6,2,0.333333333333333,TRUE,"none"
7235,3,0,0,FALSE,"none"
7236,3,0,0,FALSE,"none"
7237,5,1,0.2,TRUE,"none"
7238,4,1,0.25,TRUE,"none"
7239,3,0,0,FALSE,"none"
7240,6,2,0.333333333333333,TRUE,"none"
7241,6,2,0.333333333333333,TRUE,"none"
7242,5,1,0.2,TRUE,"none"
7243,5,2,0.4,TRUE,"none"
7244,8,4,0.5,TRUE,"none"
7245,4,0,0,FALSE,"none"
7246,5,2,0.4,TRUE,"none"
7247,4,1,0.25,TRUE,"none"
7248,5,1,0.2,TRUE,"none"
7249,2,0,0,FALSE,"none"
7250,3,0,0,FALSE,"none"
7251,3,1,0.333333333333333,TRUE,"none"
7252,2,0,0,FALSE,"none"
7253,6,2,0.333333333333333,TRUE,"none"
7254,4,0,0,FALSE,"none"
7255,3,0,0,FALSE,"none"
7256,4,0,0,FALSE,"none"
7257,4,1,0.25,TRUE,"none"
7258,4,2,0.5,TRUE,"none"
7259,3,0,0,FALSE,"none"
7260,7,3,0.428571428571429,TRUE,"none"
7261,5,1,0.2,TRUE,"none"
7262,3,0,0,FALSE,"none"
7263,5,1,0.2,TRUE,"none"
7264,3,0,0,FALSE,"none"
7265,5,1,0.2,TRUE,"none"
7266,3,0,0,FALSE,"none"
7267,5,1,0.2,TRUE,"none"
7268,4,0,0,FALSE,"none"
7269,3,1,0.333333333333333,TRUE,"none"
7270,5,1,0.2,TRUE,"none"
7271,6,2,0.333333333333333,TRUE,"none"
7272,4,1,0.25,TRUE,"none"
7273,3,0,0,FALSE,"none"
7274,4,1,0.25,TRUE,"none"
7275,4,1,0.25,TRUE,"none"
7276,3,1,0.333333333333333,TRUE,"none"
7277,4,1,0.25,TRUE,"none"
7278,6,2,0.333333333333333,TRUE,"none"
7279,4,1,0.25,TRUE,"none"
7280,5,1,0.2,TRUE,"none"
7281,5,1,0.2,TRUE,"none"
7282,6,2,0.333333333333333,TRUE,"none"
7283,4,0,0,FALSE,"none"
7284,3,0,0,FALSE,"none"
7285,5,1,0.2,TRUE,"none"
7286,3,0,0,FALSE,"none"
7287,3,0,0,FALSE,"none"
7288,4,1,0.25,TRUE,"none"
7289,3,1,0.333333333333333,TRUE,"none"
7290,5,1,0.2,TRUE,"none"
7291,5,1,0.2,TRUE,"none"
7292,4,0,0,FALSE,"none"
7293,4,0,0,FALSE,"none"
7294,5,1,0.2,TRUE,"none"
7295,4,0,0,FALSE,"none"
7296,3,0,0,FALSE,"none"
7297,3,1,0.333333333333333,TRUE,"none"
7298,4,0,0,FALSE,"none"
7299,5,2,0.4,TRUE,"none"
7300,4,0,0,FALSE,"none"
7301,4,1,0.25,TRUE,"none"
7302,3,1,0.333333333333333,TRUE,"none"
7303,3,0,0,FALSE,"none"
7304,4,0,0,FALSE,"none"
7305,2,0,0,FALSE,"none"
7306,5,1,0.2,TRUE,"none"
7307,4,1,0.25,TRUE,"none"
7308,6,2,0.333333333333333,TRUE,"none"
7309,3,0,0,FALSE,"none"
7310,5,1,0.2,TRUE,"none"
7311,6,2,0.333333333333333,TRUE,"none"
7312,2,1,0.5,TRUE,"none"
7313,3,0,0,FALSE,"none"
7314,5,1,0.2,TRUE,"none"
7315,7,3,0.428571428571429,TRUE,"none"
7316,5,1,0.2,TRUE,"none"
7317,5,1,0.2,TRUE,"none"
7318,4,1,0.25,TRUE,"none"
7319,4,0,0,FALSE,"none"
7320,3,0,0,FALSE,"none"
7321,4,0,0,FALSE,"none"
7322,4,0,0,FALSE,"none"
7323,3,1,0.333333333333333,TRUE,"none"
7324,4,0,0,FALSE,"none"
7325,4,0,0,FALSE,"none"
7326,2,0,0,FALSE,"none"
7327,5,1,0.2,TRUE,"none"
7328,4,0,0,FALSE,"none"
7329,4,0,0,FALSE,"none"
7330,6,2,0.333333333333333,TRUE,"none"
7331,3,0,0,FALSE,"none"
7332,3,0,0,FALSE,"none"
7333,3,0,0,FALSE,"none"
7334,2,0,0,FALSE,"none"
7335,1,0,0,FALSE,"none"
7336,6,2,0.333333333333333,TRUE,"none"
7337,5,2,0.4,TRUE,"none"
7338,6,2,0.333333333333333,TRUE,"none"
7339,3,0,0,FALSE,"none"
7340,4,0,0,FALSE,"none"
7341,4,0,0,FALSE,"none"
7342,4,0,0,FALSE,"none"
7343,4,0,0,FALSE,"none"
7344,4,0,0,FALSE,"none"
7345,5,1,0.2,TRUE,"none"
7346,4,2,0.5,TRUE,"none"
7347,6,3,0.5,TRUE,"none"
7348,3,0,0,FALSE,"none"
7349,3,1,0.333333333333333,TRUE,"none"
7350,5,1,0.2,TRUE,"none"
7351,3,0,0,FALSE,"none"
7352,5,2,0.4,TRUE,"none"
7353,4,1,0.25,TRUE,"none"
7354,1,0,0,FALSE,"none"
7355,3,1,0.333333333333333,TRUE,"none"
7356,3,1,0.333333333333333,TRUE,"none"
7357,5,1,0.2,TRUE,"none"
7358,4,1,0.25,TRUE,"none"
7359,6,2,0.333333333333333,TRUE,"none"
7360,5,2,0.4,TRUE,"none"
7361,2,0,0,FALSE,"none"
7362,5,1,0.2,TRUE,"none"
7363,5,2,0.4,TRUE,"none"
7364,3,0,0,FALSE,"none"
7365,4,0,0,FALSE,"none"
7366,3,0,0,FALSE,"none"
7367,4,0,0,FALSE,"none"
7368,4,1,0.25,TRUE,"none"
7369,7,3,0.428571428571429,TRUE,"none"
7370,4,1,0.25,TRUE,"none"
7371,3,0,0,FALSE,"none"
7372,5,1,0.2,TRUE,"none"
7373,5,1,0.2,TRUE,"none"
7374,5,2,0.4,TRUE,"none"
7375,5,1,0.2,TRUE,"none"
7376,3,1,0.333333333333333,TRUE,"none"
7377,3,0,0,FALSE,"none"
7378,3,0,0,FALSE,"none"
7379,3,0,0,FALSE,"none"
7380,5,1,0.2,TRUE,"none"
7381,4,0,0,FALSE,"none"
7382,5,1,0.2,TRUE,"none"
7383,4,1,0.25,TRUE,"none"
7384,3,0,0,FALSE,"none"
7385,4,0,0,FALSE,"none"
7386,6,2,0.333333333333333,TRUE,"none"
7387,5,2,0.4,TRUE,"none"
7388,3,0,0,FALSE,"none"
7389,4,0,0,FALSE,"none"
7390,3,0,0,FALSE,"none"
7391,6,2,0.333333333333333,TRUE,"none"
7392,3,0,0,FALSE,"none"
7393,3,0,0,FALSE,"none"
7394,5,1,0.2,TRUE,"none"
7395,3,0,0,FALSE,"none"
7396,4,0,0,FALSE,"none"
7397,2,0,0,FALSE,"none"
7398,3,0,0,FALSE,"none"
7399,4,1,0.25,TRUE,"none"
7400,2,0,0,FALSE,"none"
7401,4,0,0,FALSE,"none"
7402,4,0,0,FALSE,"none"
7403,4,1,0.25,TRUE,"none"
7404,3,0,0,FALSE,"none"
7405,4,1,0.25,TRUE,"none"
7406,7,3,0.428571428571429,TRUE,"none"
7407,3,1,0.333333333333333,TRUE,"none"
7408,4,1,0.25,TRUE,"none"
7409,6,2,0.333333333333333,TRUE,"none"
7410,4,0,0,FALSE,"none"
7411,3,1,0.333333333333333,TRUE,"none"
7412,4,0,0,FALSE,"none"
7413,3,0,0,FALSE,"none"
7414,7,3,0.428571428571429,TRUE,"none"
7415,4,0,0,FALSE,"none"
7416,4,1,0.25,TRUE,"none"
7417,5,1,0.2,TRUE,"none"
7418,3,0,0,FALSE,"none"
7419,3,0,0,FALSE,"none"
7420,3,1,0.333333333333333,TRUE,"none"
7421,4,1,0.25,TRUE,"none"
7422,3,0,0,FALSE,"none"
7423,3,1,0.333333333333333,TRUE,"none"
7424,5,1,0.2,TRUE,"none"
7425,4,0,0,FALSE,"none"
7426,3,0,0,FALSE,"none"
7427,3,0,0,FALSE,"none"
7428,4,0,0,FALSE,"none"
7429,3,0,0,FALSE,"none"
7430,4,0,0,FALSE,"none"
7431,3,0,0,FALSE,"none"
7432,3,0,0,FALSE,"none"
7433,6,3,0.5,TRUE,"none"
7434,4,0,0,FALSE,"none"
7435,4,0,0,FALSE,"none"
7436,4,0,0,FALSE,"none"
7437,4,0,0,FALSE,"none"
7438,2,0,0,FALSE,"none"
7439,2,0,0,FALSE,"none"
7440,6,2,0.333333333333333,TRUE,"none"
7441,8,4,0.5,TRUE,"none"
7442,4,0,0,FALSE,"none"
7443,4,0,0,FALSE,"none"
7444,3,0,0,FALSE,"none"
7445,4,0,0,FALSE,"none"
7446,4,0,0,FALSE,"none"
7447,2,1,0.5,TRUE,"none"
7448,4,1,0.25,TRUE,"none"
7449,5,1,0.2,TRUE,"none"
7450,5,1,0.2,TRUE,"none"
7451,3,0,0,FALSE,"none"
7452,1,0,0,FALSE,"none"
7453,4,0,0,FALSE,"none"
7454,3,0,0,FALSE,"none"
7455,4,0,0,FALSE,"none"
7456,6,2,0.333333333333333,TRUE,"none"
7457,6,2,0.333333333333333,TRUE,"none"
7458,5,2,0.4,TRUE,"none"
7459,6,3,0.5,TRUE,"none"
7460,5,2,0.4,TRUE,"none"
7461,6,2,0.333333333333333,TRUE,"none"
7462,4,1,0.25,TRUE,"none"
7463,2,0,0,FALSE,"none"
7464,4,0,0,FALSE,"none"
7465,6,2,0.333333333333333,TRUE,"none"
7466,5,1,0.2,TRUE,"none"
7467,5,1,0.2,TRUE,"none"
7468,3,0,0,FALSE,"none"
7469,6,3,0.5,TRUE,"none"
7470,4,1,0.25,TRUE,"none"
7471,5,1,0.2,TRUE,"none"
7472,5,1,0.2,TRUE,"none"
7473,4,0,0,FALSE,"none"
7474,4,0,0,FALSE,"none"
7475,3,0,0,FALSE,"none"
7476,6,2,0.333333333333333,TRUE,"none"
7477,4,0,0,FALSE,"none"
7478,5,1,0.2,TRUE,"none"
7479,6,2,0.333333333333333,TRUE,"none"
7480,4,1,0.25,TRUE,"none"
7481,5,1,0.2,TRUE,"none"
7482,6,2,0.333333333333333,TRUE,"none"
7483,4,1,0.25,TRUE,"none"
7484,6,2,0.333333333333333,TRUE,"none"
7485,4,1,0.25,TRUE,"none"
7486,3,0,0,FALSE,"none"
7487,3,0,0,FALSE,"none"
7488,3,0,0,FALSE,"none"
7489,4,1,0.25,TRUE,"none"
7490,4,0,0,FALSE,"none"
7491,3,1,0.333333333333333,TRUE,"none"
7492,3,0,0,FALSE,"none"
7493,3,0,0,FALSE,"none"
7494,5,1,0.2,TRUE,"none"
7495,3,1,0.333333333333333,TRUE,"none"
7496,4,0,0,FALSE,"none"
7497,4,1,0.25,TRUE,"none"
7498,4,0,0,FALSE,"none"
7499,4,1,0.25,TRUE,"none"
7500,4,1,0.25,TRUE,"none"
7501,3,0,0,FALSE,"none"
7502,6,2,0.333333333333333,TRUE,"none"
7503,4,0,0,FALSE,"none"
7504,5,1,0.2,TRUE,"none"
7505,2,0,0,FALSE,"none"
7506,3,0,0,FALSE,"none"
7507,3,0,0,FALSE,"none"
7508,4,0,0,FALSE,"none"
7509,5,1,0.2,TRUE,"none"
7510,4,1,0.25,TRUE,"none"
7511,4,0,0,FALSE,"none"
7512,3,1,0.333333333333333,TRUE,"none"
7513,4,0,0,FALSE,"none"
7514,5,2,0.4,TRUE,"none"
7515,4,1,0.25,TRUE,"none"
7516,5,1,0.2,TRUE,"none"
7517,4,1,0.25,TRUE,"none"
7518,4,0,0,FALSE,"none"
7519,3,0,0,FALSE,"none"
7520,5,2,0.4,TRUE,"none"
7521,6,3,0.5,TRUE,"none"
7522,3,0,0,FALSE,"none"
7523,4,1,0.25,TRUE,"none"
7524,4,0,0,FALSE,"none"
7525,5,1,0.2,TRUE,"none"
7526,3,1,0.333333333333333,TRUE,"none"
7527,7,4,0.571428571428571,TRUE,"none"
7528,4,2,0.5,TRUE,"none"
7529,6,2,0.333333333333333,TRUE,"none"
7530,5,1,0.2,TRUE,"none"
7531,2,0,0,FALSE,"none"
7532,5,1,0.2,TRUE,"none"
7533,4,0,0,FALSE,"none"
7534,3,0,0,FALSE,"none"
7535,3,0,0,FALSE,"none"
7536,4,0,0,FALSE,"none"
7537,4,0,0,FALSE,"none"
7538,3,0,0,FALSE,"none"
7539,3,0,0,FALSE,"none"
7540,5,3,0.6,TRUE,"none"
7541,3,0,0,FALSE,"none"
7542,5,1,0.2,TRUE,"none"
7543,5,2,0.4,TRUE,"none"
7544,3,1,0.333333333333333,TRUE,"none"
7545,3,0,0,FALSE,"none"
7546,5,1,0.2,TRUE,"none"
7547,4,1,0.25,TRUE,"none"
7548,4,0,0,FALSE,"none"
7549,4,1,0.25,TRUE,"none"
7550,3,0,0,FALSE,"none"
7551,5,1,0.2,TRUE,"none"
7552,5,1,0.2,TRUE,"none"
7553,5,1,0.2,TRUE,"none"
7554,3,0,0,FALSE,"none"
7555,5,2,0.4,TRUE,"none"
7556,4,1,0.25,TRUE,"none"
7557,4,0,0,FALSE,"none"
7558,5,1,0.2,TRUE,"none"
7559,2,0,0,FALSE,"none"
7560,3,0,0,FALSE,"none"
7561,3,1,0.333333333333333,TRUE,"none"
7562,5,1,0.2,TRUE,"none"
7563,4,0,0,FALSE,"none"
7564,5,1,0.2,TRUE,"none"
7565,4,1,0.25,TRUE,"none"
7566,4,2,0.5,TRUE,"none"
7567,4,1,0.25,TRUE,"none"
7568,4,1,0.25,TRUE,"none"
7569,3,0,0,FALSE,"none"
7570,5,1,0.2,TRUE,"none"
7571,4,0,0,FALSE,"none"
7572,4,0,0,FALSE,"none"
7573,4,0,0,FALSE,"none"
7574,3,0,0,FALSE,"none"
7575,5,1,0.2,TRUE,"none"
7576,3,0,0,FALSE,"none"
7577,2,0,0,FALSE,"none"
7578,4,0,0,FALSE,"none"
7579,4,1,0.25,TRUE,"none"
7580,4,1,0.25,TRUE,"none"
7581,4,1,0.25,TRUE,"none"
7582,2,0,0,FALSE,"none"
7583,5,2,0.4,TRUE,"none"
7584,3,0,0,FALSE,"none"
7585,2,0,0,FALSE,"none"
7586,4,0,0,FALSE,"none"
7587,5,1,0.2,TRUE,"none"
7588,5,1,0.2,TRUE,"none"
7589,5,1,0.2,TRUE,"none"
7590,3,0,0,FALSE,"none"
7591,4,0,0,FALSE,"none"
7592,5,1,0.2,TRUE,"none"
7593,1,0,0,FALSE,"none"
7594,4,1,0.25,TRUE,"none"
7595,4,0,0,FALSE,"none"
7596,4,1,0.25,TRUE,"none"
7597,4,0,0,FALSE,"none"
7598,3,1,0.333333333333333,TRUE,"none"
7599,5,1,0.2,TRUE,"none"
7600,4,0,0,FALSE,"none"
7601,6,3,0.5,TRUE,"none"
7602,5,1,0.2,TRUE,"none"
7603,3,1,0.333333333333333,TRUE,"none"
7604,7,3,0.428571428571429,TRUE,"none"
7605,5,1,0.2,TRUE,"none"
7606,4,0,0,FALSE,"none"
7607,3,0,0,FALSE,"none"
7608,6,2,0.333333333333333,TRUE,"none"
7609,3,0,0,FALSE,"none"
7610,3,1,0.333333333333333,TRUE,"none"
7611,4,0,0,FALSE,"none"
7612,4,0,0,FALSE,"none"
7613,6,2,0.333333333333333,TRUE,"none"
7614,5,1,0.2,TRUE,"none"
7615,5,2,0.4,TRUE,"none"
7616,3,0,0,FALSE,"none"
7617,5,1,0.2,TRUE,"none"
7618,2,0,0,FALSE,"none"
7619,4,2,0.5,TRUE,"none"
7620,4,1,0.25,TRUE,"none"
7621,5,1,0.2,TRUE,"none"
7622,5,2,0.4,TRUE,"none"
7623,4,0,0,FALSE,"none"
7624,4,1,0.25,TRUE,"none"
7625,4,0,0,FALSE,"none"
7626,6,2,0.333333333333333,TRUE,"none"
7627,3,0,0,FALSE,"none"
7628,5,1,0.2,TRUE,"none"
7629,3,0,0,FALSE,"none"
7630,4,0,0,FALSE,"none"
7631,2,0,0,FALSE,"none"
7632,6,3,0.5,TRUE,"none"
7633,5,2,0.4,TRUE,"none"
7634,4,1,0.25,TRUE,"none"
7635,6,2,0.333333333333333,TRUE,"none"
7636,5,1,0.2,TRUE,"none"
7637,4,0,0,FALSE,"none"
7638,4,1,0.25,TRUE,"none"
7639,4,0,0,FALSE,"none"
7640,4,0,0,FALSE,"none"
7641,4,2,0.5,TRUE,"none"
7642,4,1,0.25,TRUE,"none"
7643,4,1,0.25,TRUE,"none"
7644,3,1,0.333333333333333,TRUE,"none"
7645,4,0,0,FALSE,"none"
7646,3,0,0,FALSE,"none"
7647,6,2,0.333333333333333,TRUE,"none"
7648,5,1,0.2,TRUE,"none"
7649,5,2,0.4,TRUE,"none"
7650,3,0,0,FALSE,"none"
7651,6,2,0.333333333333333,TRUE,"none"
7652,5,1,0.2,TRUE,"none"
7653,6,3,0.5,TRUE,"none"
7654,2,1,0.5,TRUE,"none"
7655,4,0,0,FALSE,"none"
7656,4,1,0.25,TRUE,"none"
7657,4,0,0,FALSE,"none"
7658,3,1,0.333333333333333,TRUE,"none"
7659,3,0,0,FALSE,"none"
7660,4,0,0,FALSE,"none"
7661,5,1,0.2,TRUE,"none"
7662,3,0,0,FALSE,"none"
7663,5,1,0.2,TRUE,"none"
7664,4,1,0.25,TRUE,"none"
7665,3,0,0,FALSE,"none"
7666,5,1,0.2,TRUE,"none"
7667,4,0,0,FALSE,"none"
7668,4,1,0.25,TRUE,"none"
7669,3,0,0,FALSE,"none"
7670,5,2,0.4,TRUE,"none"
7671,1,0,0,FALSE,"none"
7672,4,1,0.25,TRUE,"none"
7673,4,1,0.25,TRUE,"none"
7674,4,0,0,FALSE,"none"
7675,2,0,0,FALSE,"none"
7676,6,2,0.333333333333333,TRUE,"none"
7677,4,0,0,FALSE,"none"
7678,5,1,0.2,TRUE,"none"
7679,3,0,0,FALSE,"none"
7680,3,0,0,FALSE,"none"
7681,4,1,0.25,TRUE,"none"
7682,4,0,0,FALSE,"none"
7683,3,0,0,FALSE,"none"
7684,4,0,0,FALSE,"none"
7685,4,0,0,FALSE,"none"
7686,2,0,0,FALSE,"none"
7687,4,1,0.25,TRUE,"none"
7688,5,1,0.2,TRUE,"none"
7689,4,0,0,FALSE,"none"
7690,7,3,0.428571428571429,TRUE,"none"
7691,4,1,0.25,TRUE,"none"
7692,4,1,0.25,TRUE,"none"
7693,3,0,0,FALSE,"none"
7694,4,2,0.5,TRUE,"none"
7695,5,2,0.4,TRUE,"none"
7696,4,1,0.25,TRUE,"none"
7697,4,1,0.25,TRUE,"none"
7698,4,1,0.25,TRUE,"none"
7699,5,1,0.2,TRUE,"none"
7700,6,2,0.333333333333333,TRUE,"none"
7701,5,2,0.4,TRUE,"none"
7702,3,0,0,FALSE,"none"
7703,4,0,0,FALSE,"none"
7704,5,1,0.2,TRUE,"none"
7705,5,1,0.2,TRUE,"none"
7706,4,1,0.25,TRUE,"none"
7707,6,2,0.333333333333333,TRUE,"none"
7708,2,0,0,FALSE,"none"
7709,2,0,0,FALSE,"none"
7710,6,2,0.333333333333333,TRUE,"none"
7711,5,1,0.2,TRUE,"none"
7712,3,0,0,FALSE,"none"
7713,4,0,0,FALSE,"none"
7714,2,0,0,FALSE,"none"
7715,3,0,0,FALSE,"none"
7716,4,0,0,FALSE,"none"
7717,5,1,0.2,TRUE,"none"
7718,2,1,0.5,TRUE,"none"
7719,4,0,0,FALSE,"none"
7720,4,1,0.25,TRUE,"none"
7721,3,0,0,FALSE,"none"
7722,4,1,0.25,TRUE,"none"
7723,2,0,0,FALSE,"none"
7724,4,0,0,FALSE,"none"
7725,3,0,0,FALSE,"none"
7726,6,3,0.5,TRUE,"none"
7727,3,0,0,FALSE,"none"
7728,3,1,0.333333333333333,TRUE,"none"
7729,4,1,0.25,TRUE,"none"
7730,5,1,0.2,TRUE,"none"
7731,5,1,0.2,TRUE,"none"
7732,6,2,0.333333333333333,TRUE,"none"
7733,5,1,0.2,TRUE,"none"
7734,5,1,0.2,TRUE,"none"
7735,7,3,0.428571428571429,TRUE,"none"
7736,5,2,0.4,TRUE,"none"
7737,4,0,0,FALSE,"none"
7738,3,0,0,FALSE,"none"
7739,2,1,0.5,TRUE,"none"
7740,6,2,0.333333333333333,TRUE,"none"
7741,4,0,0,FALSE,"none"
7742,5,1,0.2,TRUE,"none"
7743,5,2,0.4,TRUE,"none"
7744,2,0,0,FALSE,"none"
7745,5,2,0.4,TRUE,"none"
7746,3,1,0.333333333333333,TRUE,"none"
7747,4,0,0,FALSE,"none"
7748,4,2,0.5,TRUE,"none"
7749,5,1,0.2,TRUE,"none"
7750,5,2,0.4,TRUE,"none"
7751,5,2,0.4,TRUE,"none"
7752,4,0,0,FALSE,"none"
7753,4,1,0.25,TRUE,"none"
7754,5,1,0.2,TRUE,"none"
7755,4,2,0.5,TRUE,"none"
7756,5,2,0.4,TRUE,"none"
7757,7,3,0.428571428571429,TRUE,"none"
7758,5,2,0.4,TRUE,"none"
7759,3,0,0,FALSE,"none"
7760,5,1,0.2,TRUE,"none"
7761,3,1,0.333333333333333,TRUE,"none"
7762,4,0,0,FALSE,"none"
7763,4,0,0,FALSE,"none"
7764,5,1,0.2,TRUE,"none"
7765,3,0,0,FALSE,"none"
7766,6,3,0.5,TRUE,"none"
7767,4,0,0,FALSE,"none"
7768,5,2,0.4,TRUE,"none"
7769,5,1,0.2,TRUE,"none"
7770,4,0,0,FALSE,"none"
7771,3,0,0,FALSE,"none"
7772,3,0,0,FALSE,"none"
7773,4,1,0.25,TRUE,"none"
7774,2,0,0,FALSE,"none"
7775,4,0,0,FALSE,"none"
7776,4,2,0.5,TRUE,"none"
7777,2,0,0,FALSE,"none"
7778,6,3,0.5,TRUE,"none"
7779,5,1,0.2,TRUE,"none"
7780,6,2,0.333333333333333,TRUE,"none"
7781,3,0,0,FALSE,"none"
7782,5,1,0.2,TRUE,"none"
7783,4,1,0.25,TRUE,"none"
7784,5,2,0.4,TRUE,"none"
7785,3,0,0,FALSE,"none"
7786,2,0,0,FALSE,"none"
7787,4,0,0,FALSE,"none"
7788,5,1,0.2,TRUE,"none"
7789,6,2,0.333333333333333,TRUE,"none"
7790,4,0,0,FALSE,"none"
7791,5,1,0.2,TRUE,"none"
7792,5,1,0.2,TRUE,"none"
7793,4,0,0,FALSE,"none"
7794,3,0,0,FALSE,"none"
7795,4,1,0.25,TRUE,"none"
7796,4,1,0.25,TRUE,"none"
7797,3,0,0,FALSE,"none"
7798,5,2,0.4,TRUE,"none"
7799,4,0,0,FALSE,"none"
7800,6,2,0.333333333333333,TRUE,"none"
7801,4,0,0,FALSE,"none"
7802,3,0,0,FALSE,"none"
7803,6,2,0.333333333333333,TRUE,"none"
7804,4,0,0,FALSE,"none"
7805,5,1,0.2,TRUE,"none"
7806,6,2,0.333333333333333,TRUE,"none"
7807,4,0,0,FALSE,"none"
7808,7,3,0.428571428571429,TRUE,"none"
7809,5,1,0.2,TRUE,"none"
7810,4,0,0,FALSE,"none"
7811,7,3,0.428571428571429,TRUE,"none"
7812,5,1,0.2,TRUE,"none"
7813,3,1,0.333333333333333,TRUE,"none"
7814,4,0,0,FALSE,"none"
7815,5,1,0.2,TRUE,"none"
7816,4,1,0.25,TRUE,"none"
7817,4,1,0.25,TRUE,"none"
7818,4,0,0,FALSE,"none"
7819,3,0,0,FALSE,"none"
7820,4,1,0.25,TRUE,"none"
7821,2,0,0,FALSE,"none"
7822,3,1,0.333333333333333,TRUE,"none"
7823,3,0,0,FALSE,"none"
7824,3,0,0,FALSE,"none"
7825,3,0,0,FALSE,"none"
7826,5,1,0.2,TRUE,"none"
7827,4,0,0,FALSE,"none"
7828,1,0,0,FALSE,"none"
7829,3,0,0,FALSE,"none"
7830,5,1,0.2,TRUE,"none"
7831,5,1,0.2,TRUE,"none"
7832,4,0,0,FALSE,"none"
7833,5,1,0.2,TRUE,"none"
7834,6,2,0.333333333333333,TRUE,"none"
7835,3,0,0,FALSE,"none"
7836,5,1,0.2,TRUE,"none"
7837,3,0,0,FALSE,"none"
7838,5,1,0.2,TRUE,"none"
7839,4,1,0.25,TRUE,"none"
7840,4,0,0,FALSE,"none"
7841,6,2,0.333333333333333,TRUE,"none"
7842,1,0,0,FALSE,"none"
7843,4,0,0,FALSE,"none"
7844,5,1,0.2,TRUE,"none"
7845,3,0,0,FALSE,"none"
7846,4,1,0.25,TRUE,"none"
7847,5,2,0.4,TRUE,"none"
7848,7,3,0.428571428571429,TRUE,"none"
7849,4,1,0.25,TRUE,"none"
7850,4,0,0,FALSE,"none"
7851,4,0,0,FALSE,"none"
7852,4,0,0,FALSE,"none"
7853,2,0,0,FALSE,"none"
7854,6,2,0.333333333333333,TRUE,"none"
7855,2,0,0,FALSE,"none"
7856,2,0,0,FALSE,"none"
7857,4,1,0.25,TRUE,"none"
7858,4,1,0.25,TRUE,"none"
7859,6,2,0.333333333333333,TRUE,"none"
7860,3,2,0.666666666666667,TRUE,"none"
7861,6,2,0.333333333333333,TRUE,"none"
7862,5,1,0.2,TRUE,"none"
7863,3,0,0,FALSE,"none"
7864,5,1,0.2,TRUE,"none"
7865,4,0,0,FALSE,"none"
7866,4,1,0.25,TRUE,"none"
7867,6,2,0.333333333333333,TRUE,"none"
7868,2,0,0,FALSE,"none"
7869,5,2,0.4,TRUE,"none"
7870,4,0,0,FALSE,"none"
7871,2,0,0,FALSE,"none"
7872,3,0,0,FALSE,"none"
7873,4,1,0.25,TRUE,"none"
7874,4,0,0,FALSE,"none"
7875,4,3,0.75,TRUE,"none"
7876,3,0,0,FALSE,"none"
7877,3,0,0,FALSE,"none"
7878,3,0,0,FALSE,"none"
7879,5,2,0.4,TRUE,"none"
7880,2,0,0,FALSE,"none"
7881,3,0,0,FALSE,"none"
7882,5,1,0.2,TRUE,"none"
7883,4,0,0,FALSE,"none"
7884,4,0,0,FALSE,"none"
7885,4,1,0.25,TRUE,"none"
7886,2,0,0,FALSE,"none"
7887,6,2,0.333333333333333,TRUE,"none"
7888,6,2,0.333333333333333,TRUE,"none"
7889,4,0,0,FALSE,"none"
7890,3,0,0,FALSE,"none"
7891,5,1,0.2,TRUE,"none"
7892,4,0,0,FALSE,"none"
7893,3,1,0.333333333333333,TRUE,"none"
7894,6,3,0.5,TRUE,"none"
7895,3,0,0,FALSE,"none"
7896,5,1,0.2,TRUE,"none"
7897,4,0,0,FALSE,"none"
7898,4,0,0,FALSE,"none"
7899,4,0,0,FALSE,"none"
7900,4,0,0,FALSE,"none"
7901,5,1,0.2,TRUE,"none"
7902,4,1,0.25,TRUE,"none"
7903,4,0,0,FALSE,"none"
7904,3,0,0,FALSE,"none"
7905,3,1,0.333333333333333,TRUE,"none"
7906,2,0,0,FALSE,"none"
7907,4,1,0.25,TRUE,"none"
7908,3,0,0,FALSE,"none"
7909,4,1,0.25,TRUE,"none"
7910,4,0,0,FALSE,"none"
7911,5,1,0.2,TRUE,"none"
7912,3,0,0,FALSE,"none"
7913,4,0,0,FALSE,"none"
7914,3,1,0.333333333333333,TRUE,"none"
7915,3,0,0,FALSE,"none"
7916,3,0,0,FALSE,"none"
7917,3,0,0,FALSE,"none"
7918,3,0,0,FALSE,"none"
7919,5,2,0.4,TRUE,"none"
7920,2,0,0,FALSE,"none"
7921,4,0,0,FALSE,"none"
7922,4,0,0,FALSE,"none"
7923,3,0,0,FALSE,"none"
7924,5,1,0.2,TRUE,"none"
7925,4,0,0,FALSE,"none"
7926,4,0,0,FALSE,"none"
7927,4,0,0,FALSE,"none"
7928,3,0,0,FALSE,"none"
7929,4,0,0,FALSE,"none"
7930,3,0,0,FALSE,"none"
7931,3,0,0,FALSE,"none"
7932,6,2,0.333333333333333,TRUE,"none"
7933,5,1,0.2,TRUE,"none"
7934,3,0,0,FALSE,"none"
7935,2,1,0.5,TRUE,"none"
7936,5,1,0.2,TRUE,"none"
7937,4,0,0,FALSE,"none"
7938,4,1,0.25,TRUE,"none"
7939,5,1,0.2,TRUE,"none"
7940,4,0,0,FALSE,"none"
7941,4,1,0.25,TRUE,"none"
7942,5,1,0.2,TRUE,"none"
7943,6,3,0.5,TRUE,"none"
7944,4,1,0.25,TRUE,"none"
7945,3,1,0.333333333333333,TRUE,"none"
7946,5,1,0.2,TRUE,"none"
7947,2,0,0,FALSE,"none"
7948,4,0,0,FALSE,"none"
7949,5,1,0.2,TRUE,"none"
7950,5,1,0.2,TRUE,"none"
7951,3,1,0.333333333333333,TRUE,"none"
7952,5,1,0.2,TRUE,"none"
7953,5,1,0.2,TRUE,"none"
7954,3,0,0,FALSE,"none"
7955,4,3,0.75,TRUE,"none"
7956,4,1,0.25,TRUE,"none"
7957,3,0,0,FALSE,"none"
7958,4,1,0.25,TRUE,"none"
7959,6,3,0.5,TRUE,"none"
7960,6,2,0.333333333333333,TRUE,"none"
7961,6,2,0.333333333333333,TRUE,"none"
7962,4,1,0.25,TRUE,"none"
7963,4,0,0,FALSE,"none"
7964,4,0,0,FALSE,"none"
7965,5,1,0.2,TRUE,"none"
7966,5,1,0.2,TRUE,"none"
7967,4,0,0,FALSE,"none"
7968,3,0,0,FALSE,"none"
7969,4,0,0,FALSE,"none"
7970,4,0,0,FALSE,"none"
7971,5,2,0.4,TRUE,"none"
7972,4,0,0,FALSE,"none"
7973,4,1,0.25,TRUE,"none"
7974,4,0,0,FALSE,"none"
7975,5,2,0.4,TRUE,"none"
7976,5,1,0.2,TRUE,"none"
7977,5,1,0.2,TRUE,"none"
7978,4,1,0.25,TRUE,"none"
7979,8,4,0.5,TRUE,"none"
7980,5,1,0.2,TRUE,"none"
7981,5,1,0.2,TRUE,"none"
7982,5,1,0.2,TRUE,"none"
7983,7,3,0.428571428571429,TRUE,"none"
7984,4,0,0,FALSE,"none"
7985,4,1,0.25,TRUE,"none"
7986,2,0,0,FALSE,"none"
7987,5,1,0.2,TRUE,"none"
7988,4,0,0,FALSE,"none"
7989,5,1,0.2,TRUE,"none"
7990,4,1,0.25,TRUE,"none"
7991,5,2,0.4,TRUE,"none"
7992,4,0,0,FALSE,"none"
7993,5,1,0.2,TRUE,"none"
7994,8,4,0.5,TRUE,"none"
7995,4,0,0,FALSE,"none"
7996,5,1,0.2,TRUE,"none"
7997,3,0,0,FALSE,"none"
7998,4,1,0.25,TRUE,"none"
7999,2,0,0,FALSE,"none"
8000,7,3,0.428571428571429,TRUE,"none"
8001,3,1,0.333333333333333,TRUE,"none"
8002,5,2,0.4,TRUE,"none"
8003,3,0,0,FALSE,"none"
8004,4,0,0,FALSE,"none"
8005,4,0,0,FALSE,"none"
8006,5,1,0.2,TRUE,"none"
8007,5,1,0.2,TRUE,"none"
8008,4,0,0,FALSE,"none"
8009,3,0,0,FALSE,"none"
8010,4,1,0.25,TRUE,"none"
8011,5,1,0.2,TRUE,"none"
8012,3,0,0,FALSE,"none"
8013,3,0,0,FALSE,"none"
8014,4,1,0.25,TRUE,"none"
8015,4,1,0.25,TRUE,"none"
8016,5,3,0.6,TRUE,"none"
8017,3,1,0.333333333333333,TRUE,"none"
8018,4,0,0,FALSE,"none"
8019,5,1,0.2,TRUE,"none"
8020,3,0,0,FALSE,"none"
8021,5,1,0.2,TRUE,"none"
8022,4,0,0,FALSE,"none"
8023,4,0,0,FALSE,"none"
8024,6,2,0.333333333333333,TRUE,"none"
8025,3,0,0,FALSE,"none"
8026,4,0,0,FALSE,"none"
8027,5,1,0.2,TRUE,"none"
8028,4,0,0,FALSE,"none"
8029,3,0,0,FALSE,"none"
8030,4,0,0,FALSE,"none"
8031,3,0,0,FALSE,"none"
8032,5,1,0.2,TRUE,"none"
8033,4,0,0,FALSE,"none"
8034,6,2,0.333333333333333,TRUE,"none"
8035,5,1,0.2,TRUE,"none"
8036,3,0,0,FALSE,"none"
8037,2,0,0,FALSE,"none"
8038,4,0,0,FALSE,"none"
8039,4,0,0,FALSE,"none"
8040,4,0,0,FALSE,"none"
8041,2,0,0,FALSE,"none"
8042,4,0,0,FALSE,"none"
8043,4,0,0,FALSE,"none"
8044,9,5,0.555555555555556,TRUE,"none"
8045,5,1,0.2,TRUE,"none"
8046,6,2,0.333333333333333,TRUE,"none"
8047,5,2,0.4,TRUE,"none"
8048,2,0,0,FALSE,"none"
8049,6,2,0.333333333333333,TRUE,"none"
8050,4,0,0,FALSE,"none"
8051,4,0,0,FALSE,"none"
8052,4,0,0,FALSE,"none"
8053,3,0,0,FALSE,"none"
8054,4,0,0,FALSE,"none"
8055,5,1,0.2,TRUE,"none"
8056,5,1,0.2,TRUE,"none"
8057,4,1,0.25,TRUE,"none"
8058,4,0,0,FALSE,"none"
8059,5,2,0.4,TRUE,"none"
8060,4,0,0,FALSE,"none"
8061,3,0,0,FALSE,"none"
8062,4,1,0.25,TRUE,"none"
8063,4,0,0,FALSE,"none"
8064,4,1,0.25,TRUE,"none"
8065,4,1,0.25,TRUE,"none"
8066,4,1,0.25,TRUE,"none"
8067,4,1,0.25,TRUE,"none"
8068,5,1,0.2,TRUE,"none"
8069,5,2,0.4,TRUE,"none"
8070,4,0,0,FALSE,"none"
8071,5,1,0.2,TRUE,"none"
8072,7,3,0.428571428571429,TRUE,"none"
8073,2,0,0,FALSE,"none"
8074,4,1,0.25,TRUE,"none"
8075,4,0,0,FALSE,"none"
8076,4,0,0,FALSE,"none"
8077,3,0,0,FALSE,"none"
8078,2,0,0,FALSE,"none"
8079,2,0,0,FALSE,"none"
8080,5,1,0.2,TRUE,"none"
8081,4,1,0.25,TRUE,"none"
8082,7,3,0.428571428571429,TRUE,"none"
8083,6,2,0.333333333333333,TRUE,"none"
8084,4,1,0.25,TRUE,"none"
8085,4,0,0,FALSE,"none"
8086,5,1,0.2,TRUE,"none"
8087,3,0,0,FALSE,"none"
8088,1,0,0,FALSE,"none"
8089,4,1,0.25,TRUE,"none"
8090,4,0,0,FALSE,"none"
8091,5,2,0.4,TRUE,"none"
8092,6,3,0.5,TRUE,"none"
8093,6,2,0.333333333333333,TRUE,"none"
8094,4,1,0.25,TRUE,"none"
8095,3,0,0,FALSE,"none"
8096,5,1,0.2,TRUE,"none"
8097,6,2,0.333333333333333,TRUE,"none"
8098,5,1,0.2,TRUE,"none"
8099,5,1,0.2,TRUE,"none"
8100,3,0,0,FALSE,"none"
8101,4,0,0,FALSE,"none"
8102,3,2,0.666666666666667,TRUE,"none"
8103,5,1,0.2,TRUE,"none"
8104,5,2,0.4,TRUE,"none"
8105,4,1,0.25,TRUE,"none"
8106,6,3,0.5,TRUE,"none"
8107,4,0,0,FALSE,"none"
8108,3,0,0,FALSE,"none"
8109,5,1,0.2,TRUE,"none"
8110,4,0,0,FALSE,"none"
8111,4,0,0,FALSE,"none"
8112,4,0,0,FALSE,"none"
8113,3,1,0.333333333333333,TRUE,"none"
8114,4,0,0,FALSE,"none"
8115,6,2,0.333333333333333,TRUE,"none"
8116,3,0,0,FALSE,"none"
8117,3,0,0,FALSE,"none"
8118,4,0,0,FALSE,"none"
8119,4,0,0,FALSE,"none"
8120,3,1,0.333333333333333,TRUE,"none"
8121,4,0,0,FALSE,"none"
8122,5,3,0.6,TRUE,"none"
8123,6,2,0.333333333333333,TRUE,"none"
8124,5,1,0.2,TRUE,"none"
8125,3,0,0,FALSE,"none"
8126,5,1,0.2,TRUE,"none"
8127,5,1,0.2,TRUE,"none"
8128,5,1,0.2,TRUE,"none"
8129,2,0,0,FALSE,"none"
8130,4,1,0.25,TRUE,"none"
8131,6,2,0.333333333333333,TRUE,"none"
8132,4,0,0,FALSE,"none"
8133,3,0,0,FALSE,"none"
8134,4,1,0.25,TRUE,"none"
8135,4,0,0,FALSE,"none"
8136,6,2,0.333333333333333,TRUE,"none"
8137,5,2,0.4,TRUE,"none"
8138,6,2,0.333333333333333,TRUE,"none"
8139,6,3,0.5,TRUE,"none"
8140,4,0,0,FALSE,"none"
8141,3,1,0.333333333333333,TRUE,"none"
8142,3,0,0,FALSE,"none"
8143,4,0,0,FALSE,"none"
8144,6,2,0.333333333333333,TRUE,"none"
8145,6,2,0.333333333333333,TRUE,"none"
8146,4,1,0.25,TRUE,"none"
8147,4,0,0,FALSE,"none"
8148,4,2,0.5,TRUE,"none"
8149,3,0,0,FALSE,"none"
8150,5,1,0.2,TRUE,"none"
8151,4,0,0,FALSE,"none"
8152,3,0,0,FALSE,"none"
8153,4,1,0.25,TRUE,"none"
8154,5,1,0.2,TRUE,"none"
8155,4,0,0,FALSE,"none"
8156,4,0,0,FALSE,"none"
8157,6,2,0.333333333333333,TRUE,"none"
8158,3,0,0,FALSE,"none"
8159,5,1,0.2,TRUE,"none"
8160,5,1,0.2,TRUE,"none"
8161,4,1,0.25,TRUE,"none"
8162,3,0,0,FALSE,"none"
8163,5,1,0.2,TRUE,"none"
8164,4,1,0.25,TRUE,"none"
8165,5,1,0.2,TRUE,"none"
8166,3,0,0,FALSE,"none"
8167,3,0,0,FALSE,"none"
8168,4,1,0.25,TRUE,"none"
8169,4,1,0.25,TRUE,"none"
8170,1,0,0,FALSE,"none"
8171,6,2,0.333333333333333,TRUE,"none"
8172,4,0,0,FALSE,"none"
8173,4,0,0,FALSE,"none"
8174,6,2,0.333333333333333,TRUE,"none"
8175,5,2,0.4,TRUE,"none"
8176,5,1,0.2,TRUE,"none"
8177,3,0,0,FALSE,"none"
8178,5,1,0.2,TRUE,"none"
8179,6,2,0.333333333333333,TRUE,"none"
8180,4,0,0,FALSE,"none"
8181,2,0,0,FALSE,"none"
8182,5,1,0.2,TRUE,"none"
8183,3,0,0,FALSE,"none"
8184,3,0,0,FALSE,"none"
8185,3,0,0,FALSE,"none"
8186,5,1,0.2,TRUE,"none"
8187,3,0,0,FALSE,"none"
8188,5,2,0.4,TRUE,"none"
8189,5,1,0.2,TRUE,"none"
8190,3,1,0.333333333333333,TRUE,"none"
8191,4,0,0,FALSE,"none"
8192,3,0,0,FALSE,"none"
8193,3,0,0,FALSE,"none"
8194,2,0,0,FALSE,"none"
8195,5,2,0.4,TRUE,"none"
8196,5,1,0.2,TRUE,"none"
8197,4,1,0.25,TRUE,"none"
8198,5,1,0.2,TRUE,"none"
8199,3,0,0,FALSE,"none"
8200,5,1,0.2,TRUE,"none"
8201,5,1,0.2,TRUE,"none"
8202,2,0,0,FALSE,"none"
8203,5,1,0.2,TRUE,"none"
8204,4,0,0,FALSE,"none"
8205,4,0,0,FALSE,"none"
8206,4,1,0.25,TRUE,"none"
8207,3,0,0,FALSE,"none"
8208,3,0,0,FALSE,"none"
8209,3,1,0.333333333333333,TRUE,"none"
8210,4,0,0,FALSE,"none"
8211,2,0,0,FALSE,"none"
8212,4,2,0.5,TRUE,"none"
8213,2,0,0,FALSE,"none"
8214,5,1,0.2,TRUE,"none"
8215,3,0,0,FALSE,"none"
8216,4,1,0.25,TRUE,"none"
8217,5,2,0.4,TRUE,"none"
8218,4,0,0,FALSE,"none"
8219,2,0,0,FALSE,"none"
8220,6,2,0.333333333333333,TRUE,"none"
8221,6,3,0.5,TRUE,"none"
8222,4,0,0,FALSE,"none"
8223,4,0,0,FALSE,"none"
8224,4,0,0,FALSE,"none"
8225,4,1,0.25,TRUE,"none"
8226,4,0,0,FALSE,"none"
8227,2,0,0,FALSE,"none"
8228,5,1,0.2,TRUE,"none"
8229,3,1,0.333333333333333,TRUE,"none"
8230,5,1,0.2,TRUE,"none"
8231,4,1,0.25,TRUE,"none"
8232,3,0,0,FALSE,"none"
8233,5,1,0.2,TRUE,"none"
8234,5,1,0.2,TRUE,"none"
8235,4,1,0.25,TRUE,"none"
8236,5,1,0.2,TRUE,"none"
8237,4,1,0.25,TRUE,"none"
8238,5,1,0.2,TRUE,"none"
8239,5,1,0.2,TRUE,"none"
8240,3,1,0.333333333333333,TRUE,"none"
8241,4,1,0.25,TRUE,"none"
8242,4,1,0.25,TRUE,"none"
8243,3,0,0,FALSE,"none"
8244,4,1,0.25,TRUE,"none"
8245,4,0,0,FALSE,"none"
8246,5,1,0.2,TRUE,"none"
8247,4,1,0.25,TRUE,"none"
8248,5,1,0.2,TRUE,"none"
8249,6,2,0.333333333333333,TRUE,"none"
8250,3,0,0,FALSE,"none"
8251,4,0,0,FALSE,"none"
8252,5,1,0.2,TRUE,"none"
8253,4,0,0,FALSE,"none"
8254,1,0,0,FALSE,"none"
8255,3,1,0.333333333333333,TRUE,"none"
8256,5,2,0.4,TRUE,"none"
8257,5,1,0.2,TRUE,"none"
8258,4,1,0.25,TRUE,"none"
8259,4,0,0,FALSE,"none"
8260,7,3,0.428571428571429,TRUE,"none"
8261,4,1,0.25,TRUE,"none"
8262,4,0,0,FALSE,"none"
8263,5,2,0.4,TRUE,"none"
8264,3,0,0,FALSE,"none"
8265,3,0,0,FALSE,"none"
8266,1,0,0,FALSE,"none"
8267,3,0,0,FALSE,"none"
8268,5,1,0.2,TRUE,"none"
8269,7,3,0.428571428571429,TRUE,"none"
8270,6,2,0.333333333333333,TRUE,"none"
8271,5,1,0.2,TRUE,"none"
8272,2,0,0,FALSE,"none"
8273,4,1,0.25,TRUE,"none"
8274,5,1,0.2,TRUE,"none"
8275,4,0,0,FALSE,"none"
8276,3,0,0,FALSE,"none"
8277,3,0,0,FALSE,"none"
8278,4,0,0,FALSE,"none"
8279,4,1,0.25,TRUE,"none"
8280,5,1,0.2,TRUE,"none"
8281,5,2,0.4,TRUE,"none"
8282,4,1,0.25,TRUE,"none"
8283,3,0,0,FALSE,"none"
8284,5,1,0.2,TRUE,"none"
8285,6,2,0.333333333333333,TRUE,"none"
8286,3,1,0.333333333333333,TRUE,"none"
8287,2,0,0,FALSE,"none"
8288,3,0,0,FALSE,"none"
8289,7,3,0.428571428571429,TRUE,"none"
8290,3,1,0.333333333333333,TRUE,"none"
8291,5,1,0.2,TRUE,"none"
8292,5,1,0.2,TRUE,"none"
8293,4,0,0,FALSE,"none"
8294,4,1,0.25,TRUE,"none"
8295,4,1,0.25,TRUE,"none"
8296,3,1,0.333333333333333,TRUE,"none"
8297,3,1,0.333333333333333,TRUE,"none"
8298,4,1,0.25,TRUE,"none"
8299,5,1,0.2,TRUE,"none"
8300,3,0,0,FALSE,"none"
8301,2,0,0,FALSE,"none"
8302,3,0,0,FALSE,"none"
8303,4,0,0,FALSE,"none"
8304,4,0,0,FALSE,"none"
8305,2,0,0,FALSE,"none"
8306,5,1,0.2,TRUE,"none"
8307,5,1,0.2,TRUE,"none"
8308,4,0,0,FALSE,"none"
8309,4,0,0,FALSE,"none"
8310,4,1,0.25,TRUE,"none"
8311,3,0,0,FALSE,"none"
8312,2,0,0,FALSE,"none"
8313,3,0,0,FALSE,"none"
8314,2,0,0,FALSE,"none"
8315,3,0,0,FALSE,"none"
8316,3,0,0,FALSE,"none"
8317,4,0,0,FALSE,"none"
8318,5,1,0.2,TRUE,"none"
8319,3,0,0,FALSE,"none"
8320,4,0,0,FALSE,"none"
8321,2,0,0,FALSE,"none"
8322,6,2,0.333333333333333,TRUE,"none"
8323,5,1,0.2,TRUE,"none"
8324,6,2,0.333333333333333,TRUE,"none"
8325,6,2,0.333333333333333,TRUE,"none"
8326,4,0,0,FALSE,"none"
8327,5,1,0.2,TRUE,"none"
8328,4,0,0,FALSE,"none"
8329,5,1,0.2,TRUE,"none"
8330,4,1,0.25,TRUE,"none"
8331,2,0,0,FALSE,"none"
8332,4,0,0,FALSE,"none"
8333,5,1,0.2,TRUE,"none"
8334,5,1,0.2,TRUE,"none"
8335,4,1,0.25,TRUE,"none"
8336,5,1,0.2,TRUE,"none"
8337,3,0,0,FALSE,"none"
8338,3,0,0,FALSE,"none"
8339,5,2,0.4,TRUE,"none"
8340,5,2,0.4,TRUE,"none"
8341,5,1,0.2,TRUE,"none"
8342,4,1,0.25,TRUE,"none"
8343,5,1,0.2,TRUE,"none"
8344,4,1,0.25,TRUE,"none"
8345,4,0,0,FALSE,"none"
8346,7,3,0.428571428571429,TRUE,"none"
8347,3,1,0.333333333333333,TRUE,"none"
8348,4,1,0.25,TRUE,"none"
8349,3,0,0,FALSE,"none"
8350,3,0,0,FALSE,"none"
8351,5,1,0.2,TRUE,"none"
8352,3,0,0,FALSE,"none"
8353,3,0,0,FALSE,"none"
8354,3,0,0,FALSE,"none"
8355,4,0,0,FALSE,"none"
8356,4,1,0.25,TRUE,"none"
8357,4,1,0.25,TRUE,"none"
8358,5,2,0.4,TRUE,"none"
8359,4,0,0,FALSE,"none"
8360,4,0,0,FALSE,"none"
8361,3,1,0.333333333333333,TRUE,"none"
8362,3,0,0,FALSE,"none"
8363,4,0,0,FALSE,"none"
8364,6,2,0.333333333333333,TRUE,"none"
8365,4,0,0,FALSE,"none"
8366,5,1,0.2,TRUE,"none"
8367,7,3,0.428571428571429,TRUE,"none"
8368,2,0,0,FALSE,"none"
8369,4,0,0,FALSE,"none"
8370,4,1,0.25,TRUE,"none"
8371,4,1,0.25,TRUE,"none"
8372,6,2,0.333333333333333,TRUE,"none"
8373,6,2,0.333333333333333,TRUE,"none"
8374,3,1,0.333333333333333,TRUE,"none"
8375,6,2,0.333333333333333,TRUE,"none"
8376,3,0,0,FALSE,"none"
8377,5,1,0.2,TRUE,"none"
8378,4,1,0.25,TRUE,"none"
8379,6,2,0.333333333333333,TRUE,"none"
8380,4,0,0,FALSE,"none"
8381,5,1,0.2,TRUE,"none"
8382,4,0,0,FALSE,"none"
8383,5,1,0.2,TRUE,"none"
8384,4,1,0.25,TRUE,"none"
8385,6,2,0.333333333333333,TRUE,"none"
8386,6,2,0.333333333333333,TRUE,"none"
8387,3,0,0,FALSE,"none"
8388,3,1,0.333333333333333,TRUE,"none"
8389,3,0,0,FALSE,"none"
8390,4,1,0.25,TRUE,"none"
8391,5,1,0.2,TRUE,"none"
8392,4,0,0,FALSE,"none"
8393,6,2,0.333333333333333,TRUE,"none"
8394,4,2,0.5,TRUE,"none"
8395,4,0,0,FALSE,"none"
8396,3,0,0,FALSE,"none"
8397,4,0,0,FALSE,"none"
8398,4,1,0.25,TRUE,"none"
8399,4,0,0,FALSE,"none"
8400,4,0,0,FALSE,"none"
8401,4,1,0.25,TRUE,"none"
8402,4,1,0.25,TRUE,"none"
8403,5,1,0.2,TRUE,"none"
8404,5,1,0.2,TRUE,"none"
8405,5,1,0.2,TRUE,"none"
8406,4,0,0,FALSE,"none"
8407,4,0,0,FALSE,"none"
8408,5,1,0.2,TRUE,"none"
8409,5,1,0.2,TRUE,"none"
8410,5,1,0.2,TRUE,"none"
8411,4,1,0.25,TRUE,"none"
8412,4,0,0,FALSE,"none"
8413,4,1,0.25,TRUE,"none"
8414,4,1,0.25,TRUE,"none"
8415,2,0,0,FALSE,"none"
8416,4,0,0,FALSE,"none"
8417,5,1,0.2,TRUE,"none"
8418,5,2,0.4,TRUE,"none"
8419,3,0,0,FALSE,"none"
8420,5,1,0.2,TRUE,"none"
8421,3,0,0,FALSE,"none"
8422,2,0,0,FALSE,"none"
8423,4,1,0.25,TRUE,"none"
8424,3,0,0,FALSE,"none"
8425,4,0,0,FALSE,"none"
8426,6,2,0.333333333333333,TRUE,"none"
8427,4,0,0,FALSE,"none"
8428,4,0,0,FALSE,"none"
8429,4,1,0.25,TRUE,"none"
8430,6,2,0.333333333333333,TRUE,"none"
8431,7,4,0.571428571428571,TRUE,"none"
8432,4,0,0,FALSE,"none"
8433,5,2,0.4,TRUE,"none"
8434,2,1,0.5,TRUE,"none"
8435,5,1,0.2,TRUE,"none"
8436,3,0,0,FALSE,"none"
8437,3,1,0.333333333333333,TRUE,"none"
8438,3,0,0,FALSE,"none"
8439,5,1,0.2,TRUE,"none"
8440,5,3,0.6,TRUE,"none"
8441,6,2,0.333333333333333,TRUE,"none"
8442,5,2,0.4,TRUE,"none"
8443,6,3,0.5,TRUE,"none"
8444,3,0,0,FALSE,"none"
8445,5,2,0.4,TRUE,"none"
8446,3,0,0,FALSE,"none"
8447,5,2,0.4,TRUE,"none"
8448,4,0,0,FALSE,"none"
8449,4,0,0,FALSE,"none"
8450,5,1,0.2,TRUE,"none"
8451,4,0,0,FALSE,"none"
8452,5,2,0.4,TRUE,"none"
8453,5,1,0.2,TRUE,"none"
8454,4,1,0.25,TRUE,"none"
8455,4,0,0,FALSE,"none"
8456,4,0,0,FALSE,"none"
8457,4,0,0,FALSE,"none"
8458,4,1,0.25,TRUE,"none"
8459,7,3,0.428571428571429,TRUE,"none"
8460,3,0,0,FALSE,"none"
8461,4,1,0.25,TRUE,"none"
8462,5,1,0.2,TRUE,"none"
8463,4,0,0,FALSE,"none"
8464,4,0,0,FALSE,"none"
8465,8,4,0.5,TRUE,"none"
8466,4,1,0.25,TRUE,"none"
8467,4,0,0,FALSE,"none"
8468,3,0,0,FALSE,"none"
8469,3,0,0,FALSE,"none"
8470,4,0,0,FALSE,"none"
8471,3,0,0,FALSE,"none"
8472,5,1,0.2,TRUE,"none"
8473,6,2,0.333333333333333,TRUE,"none"
8474,4,0,0,FALSE,"none"
8475,3,0,0,FALSE,"none"
8476,4,0,0,FALSE,"none"
8477,4,0,0,FALSE,"none"
8478,6,2,0.333333333333333,TRUE,"none"
8479,4,0,0,FALSE,"none"
8480,5,1,0.2,TRUE,"none"
8481,4,1,0.25,TRUE,"none"
8482,4,1,0.25,TRUE,"none"
8483,4,1,0.25,TRUE,"none"
8484,4,0,0,FALSE,"none"
8485,4,1,0.25,TRUE,"none"
8486,6,2,0.333333333333333,TRUE,"none"
8487,4,0,0,FALSE,"none"
8488,5,1,0.2,TRUE,"none"
8489,3,0,0,FALSE,"none"
8490,3,0,0,FALSE,"none"
8491,3,0,0,FALSE,"none"
8492,5,1,0.2,TRUE,"none"
8493,4,0,0,FALSE,"none"
8494,4,0,0,FALSE,"none"
8495,4,0,0,FALSE,"none"
8496,4,0,0,FALSE,"none"
8497,3,0,0,FALSE,"none"
8498,4,0,0,FALSE,"none"
8499,5,1,0.2,TRUE,"none"
8500,4,0,0,FALSE,"none"
8501,5,1,0.2,TRUE,"none"
8502,3,0,0,FALSE,"none"
8503,2,0,0,FALSE,"none"
8504,5,1,0.2,TRUE,"none"
8505,5,2,0.4,TRUE,"none"
8506,4,0,0,FALSE,"none"
8507,4,0,0,FALSE,"none"
8508,4,0,0,FALSE,"none"
8509,4,0,0,FALSE,"none"
8510,4,0,0,FALSE,"none"
8511,4,0,0,FALSE,"none"
8512,5,1,0.2,TRUE,"none"
8513,4,0,0,FALSE,"none"
8514,3,0,0,FALSE,"none"
8515,3,1,0.333333333333333,TRUE,"none"
8516,3,0,0,FALSE,"none"
8517,4,0,0,FALSE,"none"
8518,5,2,0.4,TRUE,"none"
8519,6,2,0.333333333333333,TRUE,"none"
8520,4,0,0,FALSE,"none"
8521,4,1,0.25,TRUE,"none"
8522,3,0,0,FALSE,"none"
8523,4,2,0.5,TRUE,"none"
8524,6,2,0.333333333333333,TRUE,"none"
8525,5,1,0.2,TRUE,"none"
8526,3,0,0,FALSE,"none"
8527,5,1,0.2,TRUE,"none"
8528,3,0,0,FALSE,"none"
8529,3,0,0,FALSE,"none"
8530,3,1,0.333333333333333,TRUE,"none"
8531,6,2,0.333333333333333,TRUE,"none"
8532,5,3,0.6,TRUE,"none"
8533,2,0,0,FALSE,"none"
8534,4,1,0.25,TRUE,"none"
8535,6,2,0.333333333333333,TRUE,"none"
8536,3,1,0.333333333333333,TRUE,"none"
8537,4,0,0,FALSE,"none"
8538,3,1,0.333333333333333,TRUE,"none"
8539,4,0,0,FALSE,"none"
8540,4,0,0,FALSE,"none"
8541,5,1,0.2,TRUE,"none"
8542,3,0,0,FALSE,"none"
8543,3,0,0,FALSE,"none"
8544,6,2,0.333333333333333,TRUE,"none"
8545,6,3,0.5,TRUE,"none"
8546,7,3,0.428571428571429,TRUE,"none"
8547,4,1,0.25,TRUE,"none"
8548,5,1,0.2,TRUE,"none"
8549,5,1,0.2,TRUE,"none"
8550,5,2,0.4,TRUE,"none"
8551,4,0,0,FALSE,"none"
8552,5,2,0.4,TRUE,"none"
8553,4,0,0,FALSE,"none"
8554,4,1,0.25,TRUE,"none"
8555,6,2,0.333333333333333,TRUE,"none"
8556,4,0,0,FALSE,"none"
8557,5,1,0.2,TRUE,"none"
8558,5,1,0.2,TRUE,"none"
8559,3,0,0,FALSE,"none"
8560,4,0,0,FALSE,"none"
8561,4,1,0.25,TRUE,"none"
8562,5,1,0.2,TRUE,"none"
8563,5,1,0.2,TRUE,"none"
8564,5,1,0.2,TRUE,"none"
8565,4,1,0.25,TRUE,"none"
8566,4,0,0,FALSE,"none"
8567,4,0,0,FALSE,"none"
8568,5,1,0.2,TRUE,"none"
8569,6,2,0.333333333333333,TRUE,"none"
8570,3,0,0,FALSE,"none"
8571,4,0,0,FALSE,"none"
8572,4,0,0,FALSE,"none"
8573,4,1,0.25,TRUE,"none"
8574,5,1,0.2,TRUE,"none"
8575,3,0,0,FALSE,"none"
8576,5,1,0.2,TRUE,"none"
8577,3,0,0,FALSE,"none"
8578,3,0,0,FALSE,"none"
8579,4,1,0.25,TRUE,"none"
8580,5,1,0.2,TRUE,"none"
8581,4,0,0,FALSE,"none"
8582,2,0,0,FALSE,"none"
8583,3,1,0.333333333333333,TRUE,"none"
8584,2,0,0,FALSE,"none"
8585,6,2,0.333333333333333,TRUE,"none"
8586,3,0,0,FALSE,"none"
8587,3,0,0,FALSE,"none"
8588,3,2,0.666666666666667,TRUE,"none"
8589,4,0,0,FALSE,"none"
8590,2,0,0,FALSE,"none"
8591,4,1,0.25,TRUE,"none"
8592,6,2,0.333333333333333,TRUE,"none"
8593,5,1,0.2,TRUE,"none"
8594,5,1,0.2,TRUE,"none"
8595,6,3,0.5,TRUE,"none"
8596,3,0,0,FALSE,"none"
8597,3,0,0,FALSE,"none"
8598,4,0,0,FALSE,"none"
8599,3,0,0,FALSE,"none"
8600,4,1,0.25,TRUE,"none"
8601,3,0,0,FALSE,"none"
8602,3,1,0.333333333333333,TRUE,"none"
8603,4,1,0.25,TRUE,"none"
8604,3,0,0,FALSE,"none"
8605,4,0,0,FALSE,"none"
8606,6,2,0.333333333333333,TRUE,"none"
8607,3,0,0,FALSE,"none"
8608,4,0,0,FALSE,"none"
8609,4,0,0,FALSE,"none"
8610,5,2,0.4,TRUE,"none"
8611,4,0,0,FALSE,"none"
8612,3,0,0,FALSE,"none"
8613,4,0,0,FALSE,"none"
8614,8,5,0.625,TRUE,"none"
8615,4,1,0.25,TRUE,"none"
8616,4,0,0,FALSE,"none"
8617,3,0,0,FALSE,"none"
8618,4,0,0,FALSE,"none"
8619,4,1,0.25,TRUE,"none"
8620,4,0,0,FALSE,"none"
8621,5,1,0.2,TRUE,"none"
8622,4,0,0,FALSE,"none"
8623,5,2,0.4,TRUE,"none"
8624,5,1,0.2,TRUE,"none"
8625,5,2,0.4,TRUE,"none"
8626,3,0,0,FALSE,"none"
8627,4,0,0,FALSE,"none"
8628,5,1,0.2,TRUE,"none"
8629,3,1,0.333333333333333,TRUE,"none"
8630,4,1,0.25,TRUE,"none"
8631,5,1,0.2,TRUE,"none"
8632,3,0,0,FALSE,"none"
8633,4,0,0,FALSE,"none"
8634,4,0,0,FALSE,"none"
8635,5,1,0.2,TRUE,"none"
8636,3,0,0,FALSE,"none"
8637,4,0,0,FALSE,"none"
8638,3,0,0,FALSE,"none"
8639,4,0,0,FALSE,"none"
8640,4,2,0.5,TRUE,"none"
8641,4,0,0,FALSE,"none"
8642,5,1,0.2,TRUE,"none"
8643,3,0,0,FALSE,"none"
8644,3,0,0,FALSE,"none"
8645,4,0,0,FALSE,"none"
8646,3,0,0,FALSE,"none"
8647,5,1,0.2,TRUE,"none"
8648,6,2,0.333333333333333,TRUE,"none"
8649,4,0,0,FALSE,"none"
8650,5,1,0.2,TRUE,"none"
8651,3,0,0,FALSE,"none"
8652,4,0,0,FALSE,"none"
8653,4,0,0,FALSE,"none"
8654,3,0,0,FALSE,"none"
8655,4,0,0,FALSE,"none"
8656,5,1,0.2,TRUE,"none"
8657,7,3,0.428571428571429,TRUE,"none"
8658,4,0,0,FALSE,"none"
8659,4,0,0,FALSE,"none"
8660,2,0,0,FALSE,"none"
8661,5,1,0.2,TRUE,"none"
8662,4,2,0.5,TRUE,"none"
8663,4,0,0,FALSE,"none"
8664,6,2,0.333333333333333,TRUE,"none"
8665,4,1,0.25,TRUE,"none"
8666,4,1,0.25,TRUE,"none"
8667,4,0,0,FALSE,"none"
8668,5,1,0.2,TRUE,"none"
8669,7,3,0.428571428571429,TRUE,"none"
8670,4,0,0,FALSE,"none"
8671,4,0,0,FALSE,"none"
8672,6,2,0.333333333333333,TRUE,"none"
8673,5,1,0.2,TRUE,"none"
8674,4,2,0.5,TRUE,"none"
8675,6,3,0.5,TRUE,"none"
8676,3,0,0,FALSE,"none"
8677,3,0,0,FALSE,"none"
8678,2,0,0,FALSE,"none"
8679,3,0,0,FALSE,"none"
8680,5,2,0.4,TRUE,"none"
8681,3,0,0,FALSE,"none"
8682,7,3,0.428571428571429,TRUE,"none"
8683,4,2,0.5,TRUE,"none"
8684,3,0,0,FALSE,"none"
8685,4,0,0,FALSE,"none"
8686,4,0,0,FALSE,"none"
8687,5,1,0.2,TRUE,"none"
8688,5,1,0.2,TRUE,"none"
8689,4,1,0.25,TRUE,"none"
8690,5,2,0.4,TRUE,"none"
8691,4,2,0.5,TRUE,"none"
8692,4,0,0,FALSE,"none"
8693,6,2,0.333333333333333,TRUE,"none"
8694,5,1,0.2,TRUE,"none"
8695,5,1,0.2,TRUE,"none"
8696,3,0,0,FALSE,"none"
8697,4,1,0.25,TRUE,"none"
8698,5,2,0.4,TRUE,"none"
8699,5,2,0.4,TRUE,"none"
8700,5,1,0.2,TRUE,"none"
8701,5,1,0.2,TRUE,"none"
8702,5,2,0.4,TRUE,"none"
8703,4,1,0.25,TRUE,"none"
8704,4,0,0,FALSE,"none"
8705,5,1,0.2,TRUE,"none"
8706,5,1,0.2,TRUE,"none"
8707,4,0,0,FALSE,"none"
8708,4,0,0,FALSE,"none"
8709,4,1,0.25,TRUE,"none"
8710,4,0,0,FALSE,"none"
8711,6,2,0.333333333333333,TRUE,"none"
8712,3,0,0,FALSE,"none"
8713,5,1,0.2,TRUE,"none"
8714,3,0,0,FALSE,"none"
8715,7,3,0.428571428571429,TRUE,"none"
8716,4,1,0.25,TRUE,"none"
8717,3,0,0,FALSE,"none"
8718,4,0,0,FALSE,"none"
8719,5,2,0.4,TRUE,"none"
8720,4,0,0,FALSE,"none"
8721,4,0,0,FALSE,"none"
8722,5,1,0.2,TRUE,"none"
8723,6,2,0.333333333333333,TRUE,"none"
8724,3,0,0,FALSE,"none"
8725,7,3,0.428571428571429,TRUE,"none"
8726,4,1,0.25,TRUE,"none"
8727,5,1,0.2,TRUE,"none"
8728,5,1,0.2,TRUE,"none"
8729,4,0,0,FALSE,"none"
8730,4,0,0,FALSE,"none"
8731,4,1,0.25,TRUE,"none"
8732,4,0,0,FALSE,"none"
8733,4,0,0,FALSE,"none"
8734,4,0,0,FALSE,"none"
8735,4,1,0.25,TRUE,"none"
8736,3,1,0.333333333333333,TRUE,"none"
8737,5,1,0.2,TRUE,"none"
8738,4,1,0.25,TRUE,"none"
8739,4,0,0,FALSE,"none"
8740,3,2,0.666666666666667,TRUE,"none"
8741,5,2,0.4,TRUE,"none"
8742,3,0,0,FALSE,"none"
8743,5,2,0.4,TRUE,"none"
8744,8,4,0.5,TRUE,"none"
8745,5,1,0.2,TRUE,"none"
8746,5,2,0.4,TRUE,"none"
8747,6,2,0.333333333333333,TRUE,"none"
8748,3,1,0.333333333333333,TRUE,"none"
8749,4,0,0,FALSE,"none"
8750,5,1,0.2,TRUE,"none"
8751,4,1,0.25,TRUE,"none"
8752,6,2,0.333333333333333,TRUE,"none"
8753,4,0,0,FALSE,"none"
8754,4,0,0,FALSE,"none"
8755,3,0,0,FALSE,"none"
8756,3,0,0,FALSE,"none"
8757,4,0,0,FALSE,"none"
8758,4,2,0.5,TRUE,"none"
8759,4,0,0,FALSE,"none"
8760,3,1,0.333333333333333,TRUE,"none"
8761,4,1,0.25,TRUE,"none"
8762,6,2,0.333333333333333,TRUE,"none"
8763,4,1,0.25,TRUE,"none"
8764,3,1,0.333333333333333,TRUE,"none"
8765,4,0,0,FALSE,"none"
8766,4,1,0.25,TRUE,"none"
8767,5,1,0.2,TRUE,"none"
8768,3,1,0.333333333333333,TRUE,"none"
8769,5,1,0.2,TRUE,"none"
8770,4,1,0.25,TRUE,"none"
8771,3,0,0,FALSE,"none"
8772,4,1,0.25,TRUE,"none"
8773,4,0,0,FALSE,"none"
8774,5,2,0.4,TRUE,"none"
8775,4,1,0.25,TRUE,"none"
8776,3,0,0,FALSE,"none"
8777,3,0,0,FALSE,"none"
8778,3,0,0,FALSE,"none"
8779,3,1,0.333333333333333,TRUE,"none"
8780,3,0,0,FALSE,"none"
8781,3,1,0.333333333333333,TRUE,"none"
8782,4,0,0,FALSE,"none"
8783,3,0,0,FALSE,"none"
8784,3,0,0,FALSE,"none"
8785,5,1,0.2,TRUE,"none"
8786,5,1,0.2,TRUE,"none"
8787,5,1,0.2,TRUE,"none"
8788,5,2,0.4,TRUE,"none"
8789,4,0,0,FALSE,"none"
8790,3,0,0,FALSE,"none"
8791,2,0,0,FALSE,"none"
8792,2,0,0,FALSE,"none"
8793,4,0,0,FALSE,"none"
8794,2,0,0,FALSE,"none"
8795,4,1,0.25,TRUE,"none"
8796,4,2,0.5,TRUE,"none"
8797,4,1,0.25,TRUE,"none"
8798,3,1,0.333333333333333,TRUE,"none"
8799,3,0,0,FALSE,"none"
8800,3,0,0,FALSE,"none"
8801,4,0,0,FALSE,"none"
8802,3,0,0,FALSE,"none"
8803,6,2,0.333333333333333,TRUE,"none"
8804,5,1,0.2,TRUE,"none"
8805,6,2,0.333333333333333,TRUE,"none"
8806,3,0,0,FALSE,"none"
8807,3,0,0,FALSE,"none"
8808,5,1,0.2,TRUE,"none"
8809,3,0,0,FALSE,"none"
8810,4,0,0,FALSE,"none"
8811,5,1,0.2,TRUE,"none"
8812,3,1,0.333333333333333,TRUE,"none"
8813,4,0,0,FALSE,"none"
8814,6,2,0.333333333333333,TRUE,"none"
8815,4,0,0,FALSE,"none"
8816,2,0,0,FALSE,"none"
8817,5,1,0.2,TRUE,"none"
8818,4,0,0,FALSE,"none"
8819,4,0,0,FALSE,"none"
8820,3,0,0,FALSE,"none"
8821,3,0,0,FALSE,"none"
8822,4,1,0.25,TRUE,"none"
8823,4,1,0.25,TRUE,"none"
8824,5,1,0.2,TRUE,"none"
8825,4,1,0.25,TRUE,"none"
8826,5,2,0.4,TRUE,"none"
8827,1,0,0,FALSE,"none"
8828,3,2,0.666666666666667,TRUE,"none"
8829,4,0,0,FALSE,"none"
8830,6,3,0.5,TRUE,"none"
8831,3,0,0,FALSE,"none"
8832,5,2,0.4,TRUE,"none"
8833,4,0,0,FALSE,"none"
8834,3,0,0,FALSE,"none"
8835,4,1,0.25,TRUE,"none"
8836,3,0,0,FALSE,"none"
8837,4,0,0,FALSE,"none"
8838,4,1,0.25,TRUE,"none"
8839,4,0,0,FALSE,"none"
8840,4,1,0.25,TRUE,"none"
8841,3,0,0,FALSE,"none"
8842,4,0,0,FALSE,"none"
8843,6,2,0.333333333333333,TRUE,"none"
8844,4,0,0,FALSE,"none"
8845,4,0,0,FALSE,"none"
8846,5,1,0.2,TRUE,"none"
8847,5,1,0.2,TRUE,"none"
8848,3,0,0,FALSE,"none"
8849,4,0,0,FALSE,"none"
8850,5,3,0.6,TRUE,"none"
8851,3,0,0,FALSE,"none"
8852,4,1,0.25,TRUE,"none"
8853,3,0,0,FALSE,"none"
8854,4,0,0,FALSE,"none"
8855,5,1,0.2,TRUE,"none"
8856,3,0,0,FALSE,"none"
8857,6,2,0.333333333333333,TRUE,"none"
8858,4,1,0.25,TRUE,"none"
8859,5,2,0.4,TRUE,"none"
8860,5,1,0.2,TRUE,"none"
8861,6,2,0.333333333333333,TRUE,"none"
8862,3,0,0,FALSE,"none"
8863,2,0,0,FALSE,"none"
8864,4,1,0.25,TRUE,"none"
8865,5,1,0.2,TRUE,"none"
8866,4,1,0.25,TRUE,"none"
8867,4,1,0.25,TRUE,"none"
8868,4,1,0.25,TRUE,"none"
8869,3,0,0,FALSE,"none"
8870,4,1,0.25,TRUE,"none"
8871,5,2,0.4,TRUE,"none"
8872,4,0,0,FALSE,"none"
8873,5,1,0.2,TRUE,"none"
8874,4,1,0.25,TRUE,"none"
8875,3,0,0,FALSE,"none"
8876,5,1,0.2,TRUE,"none"
8877,3,0,0,FALSE,"none"
8878,4,1,0.25,TRUE,"none"
8879,5,2,0.4,TRUE,"none"
8880,4,0,0,FALSE,"none"
8881,3,0,0,FALSE,"none"
8882,4,0,0,FALSE,"none"
8883,3,0,0,FALSE,"none"
8884,5,1,0.2,TRUE,"none"
8885,7,3,0.428571428571429,TRUE,"none"
8886,2,0,0,FALSE,"none"
8887,4,1,0.25,TRUE,"none"
8888,5,2,0.4,TRUE,"none"
8889,3,0,0,FALSE,"none"
8890,7,3,0.428571428571429,TRUE,"none"
8891,4,0,0,FALSE,"none"
8892,4,0,0,FALSE,"none"
8893,4,1,0.25,TRUE,"none"
8894,6,3,0.5,TRUE,"none"
8895,4,0,0,FALSE,"none"
8896,4,0,0,FALSE,"none"
8897,5,2,0.4,TRUE,"none"
8898,3,0,0,FALSE,"none"
8899,4,1,0.25,TRUE,"none"
8900,2,0,0,FALSE,"none"
8901,5,1,0.2,TRUE,"none"
8902,3,0,0,FALSE,"none"
8903,3,0,0,FALSE,"none"
8904,6,2,0.333333333333333,TRUE,"none"
8905,2,0,0,FALSE,"none"
8906,4,0,0,FALSE,"none"
8907,5,2,0.4,TRUE,"none"
8908,3,2,0.666666666666667,TRUE,"none"
8909,6,2,0.333333333333333,TRUE,"none"
8910,4,1,0.25,TRUE,"none"
8911,4,0,0,FALSE,"none"
8912,6,2,0.333333333333333,TRUE,"none"
8913,5,1,0.2,TRUE,"none"
8914,4,0,0,FALSE,"none"
8915,3,0,0,FALSE,"none"
8916,4,0,0,FALSE,"none"
8917,5,1,0.2,TRUE,"none"
8918,4,0,0,FALSE,"none"
8919,4,1,0.25,TRUE,"none"
8920,3,0,0,FALSE,"none"
8921,5,1,0.2,TRUE,"none"
8922,4,0,0,FALSE,"none"
8923,5,2,0.4,TRUE,"none"
8924,6,2,0.333333333333333,TRUE,"none"
8925,6,2,0.333333333333333,TRUE,"none"
8926,4,2,0.5,TRUE,"none"
8927,4,0,0,FALSE,"none"
8928,4,2,0.5,TRUE,"none"
8929,3,0,0,FALSE,"none"
8930,5,1,0.2,TRUE,"none"
8931,4,0,0,FALSE,"none"
8932,2,0,0,FALSE,"none"
8933,3,0,0,FALSE,"none"
8934,4,1,0.25,TRUE,"none"
8935,5,1,0.2,TRUE,"none"
8936,3,0,0,FALSE,"none"
8937,4,0,0,FALSE,"none"
8938,5,1,0.2,TRUE,"none"
8939,6,2,0.333333333333333,TRUE,"none"
8940,4,0,0,FALSE,"none"
8941,4,1,0.25,TRUE,"none"
8942,3,0,0,FALSE,"none"
8943,4,1,0.25,TRUE,"none"
8944,6,2,0.333333333333333,TRUE,"none"
8945,3,1,0.333333333333333,TRUE,"none"
8946,5,2,0.4,TRUE,"none"
8947,3,1,0.333333333333333,TRUE,"none"
8948,4,0,0,FALSE,"none"
8949,4,0,0,FALSE,"none"
8950,2,1,0.5,TRUE,"none"
8951,3,0,0,FALSE,"none"
8952,3,0,0,FALSE,"none"
8953,3,0,0,FALSE,"none"
8954,4,1,0.25,TRUE,"none"
8955,5,1,0.2,TRUE,"none"
8956,4,0,0,FALSE,"none"
8957,4,1,0.25,TRUE,"none"
8958,4,1,0.25,TRUE,"none"
8959,4,0,0,FALSE,"none"
8960,4,0,0,FALSE,"none"
8961,6,4,0.666666666666667,TRUE,"none"
8962,4,0,0,FALSE,"none"
8963,4,1,0.25,TRUE,"none"
8964,6,2,0.333333333333333,TRUE,"none"
8965,3,1,0.333333333333333,TRUE,"none"
8966,4,0,0,FALSE,"none"
8967,4,0,0,FALSE,"none"
8968,5,1,0.2,TRUE,"none"
8969,5,1,0.2,TRUE,"none"
8970,3,1,0.333333333333333,TRUE,"none"
8971,3,1,0.333333333333333,TRUE,"none"
8972,5,1,0.2,TRUE,"none"
8973,6,2,0.333333333333333,TRUE,"none"
8974,2,0,0,FALSE,"none"
8975,5,1,0.2,TRUE,"none"
8976,4,2,0.5,TRUE,"none"
8977,4,0,0,FALSE,"none"
8978,6,2,0.333333333333333,TRUE,"none"
8979,4,0,0,FALSE,"none"
8980,5,1,0.2,TRUE,"none"
8981,3,0,0,FALSE,"none"
8982,4,1,0.25,TRUE,"none"
8983,3,0,0,FALSE,"none"
8984,5,1,0.2,TRUE,"none"
8985,4,0,0,FALSE,"none"
8986,3,0,0,FALSE,"none"
8987,4,1,0.25,TRUE,"none"
8988,3,0,0,FALSE,"none"
8989,4,0,0,FALSE,"none"
8990,5,1,0.2,TRUE,"none"
8991,4,0,0,FALSE,"none"
8992,4,0,0,FALSE,"none"
8993,5,1,0.2,TRUE,"none"
8994,3,0,0,FALSE,"none"
8995,5,1,0.2,TRUE,"none"
8996,5,1,0.2,TRUE,"none"
8997,4,1,0.25,TRUE,"none"
8998,7,3,0.428571428571429,TRUE,"none"
8999,4,0,0,FALSE,"none"
9000,4,1,0.25,TRUE,"none"
9001,3,1,0.333333333333333,TRUE,"none"
9002,3,0,0,FALSE,"none"
9003,4,1,0.25,TRUE,"none"
9004,6,2,0.333333333333333,TRUE,"none"
9005,3,1,0.333333333333333,TRUE,"none"
9006,4,2,0.5,TRUE,"none"
9007,3,1,0.333333333333333,TRUE,"none"
9008,3,0,0,FALSE,"none"
9009,5,1,0.2,TRUE,"none"
9010,7,3,0.428571428571429,TRUE,"none"
9011,4,0,0,FALSE,"none"
9012,5,1,0.2,TRUE,"none"
9013,4,1,0.25,TRUE,"none"
9014,3,0,0,FALSE,"none"
9015,4,0,0,FALSE,"none"
9016,6,3,0.5,TRUE,"none"
9017,4,0,0,FALSE,"none"
9018,6,2,0.333333333333333,TRUE,"none"
9019,2,0,0,FALSE,"none"
9020,2,0,0,FALSE,"none"
9021,5,1,0.2,TRUE,"none"
9022,6,2,0.333333333333333,TRUE,"none"
9023,4,0,0,FALSE,"none"
9024,8,4,0.5,TRUE,"none"
9025,4,0,0,FALSE,"none"
9026,2,0,0,FALSE,"none"
9027,4,1,0.25,TRUE,"none"
9028,4,0,0,FALSE,"none"
9029,3,0,0,FALSE,"none"
9030,6,2,0.333333333333333,TRUE,"none"
9031,4,1,0.25,TRUE,"none"
9032,4,1,0.25,TRUE,"none"
9033,2,0,0,FALSE,"none"
9034,5,1,0.2,TRUE,"none"
9035,3,0,0,FALSE,"none"
9036,4,0,0,FALSE,"none"
9037,6,2,0.333333333333333,TRUE,"none"
9038,5,2,0.4,TRUE,"none"
9039,5,2,0.4,TRUE,"none"
9040,4,0,0,FALSE,"none"
9041,3,1,0.333333333333333,TRUE,"none"
9042,4,1,0.25,TRUE,"none"
9043,1,0,0,FALSE,"none"
9044,3,0,0,FALSE,"none"
9045,5,1,0.2,TRUE,"none"
9046,5,1,0.2,TRUE,"none"
9047,3,0,0,FALSE,"none"
9048,5,1,0.2,TRUE,"none"
9049,5,1,0.2,TRUE,"none"
9050,5,1,0.2,TRUE,"none"
9051,4,0,0,FALSE,"none"
9052,5,2,0.4,TRUE,"none"
9053,4,2,0.5,TRUE,"none"
9054,5,1,0.2,TRUE,"none"
9055,5,1,0.2,TRUE,"none"
9056,5,1,0.2,TRUE,"none"
9057,4,0,0,FALSE,"none"
9058,6,2,0.333333333333333,TRUE,"none"
9059,5,1,0.2,TRUE,"none"
9060,5,1,0.2,TRUE,"none"
9061,5,1,0.2,TRUE,"none"
9062,5,1,0.2,TRUE,"none"
9063,4,0,0,FALSE,"none"
9064,4,1,0.25,TRUE,"none"
9065,4,0,0,FALSE,"none"
9066,3,0,0,FALSE,"none"
9067,4,0,0,FALSE,"none"
9068,6,2,0.333333333333333,TRUE,"none"
9069,4,1,0.25,TRUE,"none"
9070,3,1,0.333333333333333,TRUE,"none"
9071,5,1,0.2,TRUE,"none"
9072,6,2,0.333333333333333,TRUE,"none"
9073,4,1,0.25,TRUE,"none"
9074,7,3,0.428571428571429,TRUE,"none"
9075,3,0,0,FALSE,"none"
9076,5,1,0.2,TRUE,"none"
9077,4,1,0.25,TRUE,"none"
9078,4,1,0.25,TRUE,"none"
9079,5,1,0.2,TRUE,"none"
9080,5,1,0.2,TRUE,"none"
9081,3,0,0,FALSE,"none"
9082,6,2,0.333333333333333,TRUE,"none"
9083,5,1,0.2,TRUE,"none"
9084,4,0,0,FALSE,"none"
9085,6,2,0.333333333333333,TRUE,"none"
9086,3,0,0,FALSE,"none"
9087,3,0,0,FALSE,"none"
9088,3,0,0,FALSE,"none"
9089,5,1,0.2,TRUE,"none"
9090,3,1,0.333333333333333,TRUE,"none"
9091,3,0,0,FALSE,"none"
9092,5,1,0.2,TRUE,"none"
9093,6,2,0.333333333333333,TRUE,"none"
9094,4,0,0,FALSE,"none"
9095,3,0,0,FALSE,"none"
9096,4,0,0,FALSE,"none"
9097,3,0,0,FALSE,"none"
9098,4,1,0.25,TRUE,"none"
9099,3,0,0,FALSE,"none"
9100,3,0,0,FALSE,"none"
9101,3,0,0,FALSE,"none"
9102,3,0,0,FALSE,"none"
9103,3,0,0,FALSE,"none"
9104,4,0,0,FALSE,"none"
9105,3,0,0,FALSE,"none"
9106,4,1,0.25,TRUE,"none"
9107,3,0,0,FALSE,"none"
9108,4,0,0,FALSE,"none"
9109,5,1,0.2,TRUE,"none"
9110,3,0,0,FALSE,"none"
9111,4,0,0,FALSE,"none"
9112,5,1,0.2,TRUE,"none"
9113,2,0,0,FALSE,"none"
9114,4,1,0.25,TRUE,"none"
9115,5,1,0.2,TRUE,"none"
9116,3,0,0,FALSE,"none"
9117,2,0,0,FALSE,"none"
9118,3,0,0,FALSE,"none"
9119,5,1,0.2,TRUE,"none"
9120,3,0,0,FALSE,"none"
9121,2,0,0,FALSE,"none"
9122,5,1,0.2,TRUE,"none"
9123,5,2,0.4,TRUE,"none"
9124,5,1,0.2,TRUE,"none"
9125,5,1,0.2,TRUE,"none"
9126,3,0,0,FALSE,"none"
9127,6,3,0.5,TRUE,"none"
9128,4,1,0.25,TRUE,"none"
9129,1,0,0,FALSE,"none"
9130,4,0,0,FALSE,"none"
9131,4,1,0.25,TRUE,"none"
9132,4,0,0,FALSE,"none"
9133,4,1,0.25,TRUE,"none"
9134,2,1,0.5,TRUE,"none"
9135,4,1,0.25,TRUE,"none"
9136,6,2,0.333333333333333,TRUE,"none"
9137,5,1,0.2,TRUE,"none"
9138,2,0,0,FALSE,"none"
9139,5,2,0.4,TRUE,"none"
9140,3,0,0,FALSE,"none"
9141,4,1,0.25,TRUE,"none"
9142,6,2,0.333333333333333,TRUE,"none"
9143,9,5,0.555555555555556,TRUE,"none"
9144,4,0,0,FALSE,"none"
9145,3,0,0,FALSE,"none"
9146,2,0,0,FALSE,"none"
9147,6,3,0.5,TRUE,"none"
9148,4,0,0,FALSE,"none"
9149,3,0,0,FALSE,"none"
9150,4,0,0,FALSE,"none"
9151,5,2,0.4,TRUE,"none"
9152,4,1,0.25,TRUE,"none"
9153,4,0,0,FALSE,"none"
9154,5,2,0.4,TRUE,"none"
9155,3,1,0.333333333333333,TRUE,"none"
9156,3,1,0.333333333333333,TRUE,"none"
9157,4,1,0.25,TRUE,"none"
9158,3,0,0,FALSE,"none"
9159,3,0,0,FALSE,"none"
9160,5,1,0.2,TRUE,"none"
9161,3,0,0,FALSE,"none"
9162,3,1,0.333333333333333,TRUE,"none"
9163,4,1,0.25,TRUE,"none"
9164,4,1,0.25,TRUE,"none"
9165,5,1,0.2,TRUE,"none"
9166,3,0,0,FALSE,"none"
9167,6,2,0.333333333333333,TRUE,"none"
9168,7,3,0.428571428571429,TRUE,"none"
9169,3,0,0,FALSE,"none"
9170,5,1,0.2,TRUE,"none"
9171,4,1,0.25,TRUE,"none"
9172,3,0,0,FALSE,"none"
9173,3,0,0,FALSE,"none"
9174,3,0,0,FALSE,"none"
9175,5,1,0.2,TRUE,"none"
9176,4,1,0.25,TRUE,"none"
9177,6,3,0.5,TRUE,"none"
9178,3,0,0,FALSE,"none"
9179,5,2,0.4,TRUE,"none"
9180,3,1,0.333333333333333,TRUE,"none"
9181,4,0,0,FALSE,"none"
9182,5,1,0.2,TRUE,"none"
9183,3,0,0,FALSE,"none"
9184,3,0,0,FALSE,"none"
9185,3,0,0,FALSE,"none"
9186,4,2,0.5,TRUE,"none"
9187,5,1,0.2,TRUE,"none"
9188,4,1,0.25,TRUE,"none"
9189,5,2,0.4,TRUE,"none"
9190,6,2,0.333333333333333,TRUE,"none"
9191,4,1,0.25,TRUE,"none"
9192,5,1,0.2,TRUE,"none"
9193,3,1,0.333333333333333,TRUE,"none"
9194,5,1,0.2,TRUE,"none"
9195,5,1,0.2,TRUE,"none"
9196,4,1,0.25,TRUE,"none"
9197,5,1,0.2,TRUE,"none"
9198,4,0,0,FALSE,"none"
9199,4,0,0,FALSE,"none"
9200,4,0,0,FALSE,"none"
9201,4,0,0,FALSE,"none"
9202,5,1,0.2,TRUE,"none"
9203,4,0,0,FALSE,"none"
9204,3,0,0,FALSE,"none"
9205,5,4,0.8,TRUE,"none"
9206,4,0,0,FALSE,"none"
9207,3,0,0,FALSE,"none"
9208,3,0,0,FALSE,"none"
9209,2,0,0,FALSE,"none"
9210,3,1,0.333333333333333,TRUE,"none"
9211,2,0,0,FALSE,"none"
9212,5,1,0.2,TRUE,"none"
9213,4,0,0,FALSE,"none"
9214,6,2,0.333333333333333,TRUE,"none"
9215,5,1,0.2,TRUE,"none"
9216,6,2,0.333333333333333,TRUE,"none"
9217,5,1,0.2,TRUE,"none"
9218,4,1,0.25,TRUE,"none"
9219,5,1,0.2,TRUE,"none"
9220,3,0,0,FALSE,"none"
9221,5,1,0.2,TRUE,"none"
9222,3,0,0,FALSE,"none"
9223,6,3,0.5,TRUE,"none"
9224,4,1,0.25,TRUE,"none"
9225,4,1,0.25,TRUE,"none"
9226,4,1,0.25,TRUE,"none"
9227,3,0,0,FALSE,"none"
9228,4,1,0.25,TRUE,"none"
9229,6,2,0.333333333333333,TRUE,"none"
9230,2,0,0,FALSE,"none"
9231,5,1,0.2,TRUE,"none"
9232,4,1,0.25,TRUE,"none"
9233,5,1,0.2,TRUE,"none"
9234,7,3,0.428571428571429,TRUE,"none"
9235,5,1,0.2,TRUE,"none"
9236,4,0,0,FALSE,"none"
9237,5,1,0.2,TRUE,"none"
9238,4,1,0.25,TRUE,"none"
9239,4,0,0,FALSE,"none"
9240,2,0,0,FALSE,"none"
9241,4,1,0.25,TRUE,"none"
9242,4,0,0,FALSE,"none"
9243,4,0,0,FALSE,"none"
9244,4,1,0.25,TRUE,"none"
9245,4,1,0.25,TRUE,"none"
9246,6,2,0.333333333333333,TRUE,"none"
9247,3,0,0,FALSE,"none"
9248,2,0,0,FALSE,"none"
9249,4,0,0,FALSE,"none"
9250,5,1,0.2,TRUE,"none"
9251,4,0,0,FALSE,"none"
9252,5,2,0.4,TRUE,"none"
9253,5,1,0.2,TRUE,"none"
9254,3,0,0,FALSE,"none"
9255,4,0,0,FALSE,"none"
9256,2,0,0,FALSE,"none"
9257,3,0,0,FALSE,"none"
9258,4,0,0,FALSE,"none"
9259,3,0,0,FALSE,"none"
9260,6,2,0.333333333333333,TRUE,"none"
9261,4,0,0,FALSE,"none"
9262,5,2,0.4,TRUE,"none"
9263,6,3,0.5,TRUE,"none"
9264,2,0,0,FALSE,"none"
9265,3,1,0.333333333333333,TRUE,"none"
9266,3,1,0.333333333333333,TRUE,"none"
9267,4,0,0,FALSE,"none"
9268,3,0,0,FALSE,"none"
9269,6,2,0.333333333333333,TRUE,"none"
9270,4,0,0,FALSE,"none"
9271,4,0,0,FALSE,"none"
9272,6,2,0.333333333333333,TRUE,"none"
9273,4,1,0.25,TRUE,"none"
9274,5,1,0.2,TRUE,"none"
9275,3,0,0,FALSE,"none"
9276,5,1,0.2,TRUE,"none"
9277,5,1,0.2,TRUE,"none"
9278,5,1,0.2,TRUE,"none"
9279,4,0,0,FALSE,"none"
9280,4,0,0,FALSE,"none"
9281,5,1,0.2,TRUE,"none"
9282,7,3,0.428571428571429,TRUE,"none"
9283,4,0,0,FALSE,"none"
9284,5,1,0.2,TRUE,"none"
9285,5,2,0.4,TRUE,"none"
9286,4,0,0,FALSE,"none"
9287,3,0,0,FALSE,"none"
9288,4,0,0,FALSE,"none"
9289,4,0,0,FALSE,"none"
9290,4,1,0.25,TRUE,"none"
9291,4,0,0,FALSE,"none"
9292,2,0,0,FALSE,"none"
9293,2,0,0,FALSE,"none"
9294,8,4,0.5,TRUE,"none"
9295,4,0,0,FALSE,"none"
9296,3,0,0,FALSE,"none"
9297,6,2,0.333333333333333,TRUE,"none"
9298,4,0,0,FALSE,"none"
9299,5,1,0.2,TRUE,"none"
9300,4,0,0,FALSE,"none"
9301,3,2,0.666666666666667,TRUE,"none"
9302,3,1,0.333333333333333,TRUE,"none"
9303,2,0,0,FALSE,"none"
9304,4,0,0,FALSE,"none"
9305,4,1,0.25,TRUE,"none"
9306,6,2,0.333333333333333,TRUE,"none"
9307,6,2,0.333333333333333,TRUE,"none"
9308,2,0,0,FALSE,"none"
9309,4,0,0,FALSE,"none"
9310,6,2,0.333333333333333,TRUE,"none"
9311,2,0,0,FALSE,"none"
9312,5,1,0.2,TRUE,"none"
9313,3,0,0,FALSE,"none"
9314,6,2,0.333333333333333,TRUE,"none"
9315,4,0,0,FALSE,"none"
9316,3,0,0,FALSE,"none"
9317,4,1,0.25,TRUE,"none"
9318,4,0,0,FALSE,"none"
9319,5,1,0.2,TRUE,"none"
9320,4,1,0.25,TRUE,"none"
9321,2,0,0,FALSE,"none"
9322,3,1,0.333333333333333,TRUE,"none"
9323,4,1,0.25,TRUE,"none"
9324,4,0,0,FALSE,"none"
9325,4,1,0.25,TRUE,"none"
9326,6,2,0.333333333333333,TRUE,"none"
9327,5,1,0.2,TRUE,"none"
9328,5,3,0.6,TRUE,"none"
9329,3,0,0,FALSE,"none"
9330,5,2,0.4,TRUE,"none"
9331,3,1,0.333333333333333,TRUE,"none"
9332,4,0,0,FALSE,"none"
9333,3,0,0,FALSE,"none"
9334,3,0,0,FALSE,"none"
9335,7,3,0.428571428571429,TRUE,"none"
9336,6,2,0.333333333333333,TRUE,"none"
9337,5,1,0.2,TRUE,"none"
9338,4,1,0.25,TRUE,"none"
9339,4,0,0,FALSE,"none"
9340,5,1,0.2,TRUE,"none"
9341,3,1,0.333333333333333,TRUE,"none"
9342,4,0,0,FALSE,"none"
9343,3,0,0,FALSE,"none"
9344,5,2,0.4,TRUE,"none"
9345,5,1,0.2,TRUE,"none"
9346,4,1,0.25,TRUE,"none"
9347,5,1,0.2,TRUE,"none"
9348,6,2,0.333333333333333,TRUE,"none"
9349,3,0,0,FALSE,"none"
9350,4,1,0.25,TRUE,"none"
9351,4,0,0,FALSE,"none"
9352,3,0,0,FALSE,"none"
9353,3,0,0,FALSE,"none"
9354,4,0,0,FALSE,"none"
9355,5,1,0.2,TRUE,"none"
9356,3,1,0.333333333333333,TRUE,"none"
9357,5,2,0.4,TRUE,"none"
9358,5,2,0.4,TRUE,"none"
9359,5,1,0.2,TRUE,"none"
9360,3,0,0,FALSE,"none"
9361,5,2,0.4,TRUE,"none"
9362,4,0,0,FALSE,"none"
9363,4,0,0,FALSE,"none"
9364,5,2,0.4,TRUE,"none"
9365,4,1,0.25,TRUE,"none"
9366,3,0,0,FALSE,"none"
9367,3,0,0,FALSE,"none"
9368,5,1,0.2,TRUE,"none"
9369,3,1,0.333333333333333,TRUE,"none"
9370,4,0,0,FALSE,"none"
9371,7,3,0.428571428571429,TRUE,"none"
9372,5,1,0.2,TRUE,"none"
9373,3,0,0,FALSE,"none"
9374,5,1,0.2,TRUE,"none"
9375,5,1,0.2,TRUE,"none"
9376,3,1,0.333333333333333,TRUE,"none"
9377,3,0,0,FALSE,"none"
9378,4,1,0.25,TRUE,"none"
9379,4,0,0,FALSE,"none"
9380,2,0,0,FALSE,"none"
9381,4,1,0.25,TRUE,"none"
9382,5,1,0.2,TRUE,"none"
9383,5,1,0.2,TRUE,"none"
9384,3,0,0,FALSE,"none"
9385,6,2,0.333333333333333,TRUE,"none"
9386,4,0,0,FALSE,"none"
9387,3,0,0,FALSE,"none"
9388,3,1,0.333333333333333,TRUE,"none"
9389,4,0,0,FALSE,"none"
9390,5,1,0.2,TRUE,"none"
9391,5,1,0.2,TRUE,"none"
9392,4,1,0.25,TRUE,"none"
9393,3,0,0,FALSE,"none"
9394,4,0,0,FALSE,"none"
9395,4,1,0.25,TRUE,"none"
9396,4,0,0,FALSE,"none"
9397,5,1,0.2,TRUE,"none"
9398,3,1,0.333333333333333,TRUE,"none"
9399,5,1,0.2,TRUE,"none"
9400,2,0,0,FALSE,"none"
9401,4,0,0,FALSE,"none"
9402,3,0,0,FALSE,"none"
9403,5,1,0.2,TRUE,"none"
9404,4,1,0.25,TRUE,"none"
9405,6,2,0.333333333333333,TRUE,"none"
9406,5,1,0.2,TRUE,"none"
9407,4,0,0,FALSE,"none"
9408,5,2,0.4,TRUE,"none"
9409,4,2,0.5,TRUE,"none"
9410,3,0,0,FALSE,"none"
9411,6,2,0.333333333333333,TRUE,"none"
9412,2,0,0,FALSE,"none"
9413,5,1,0.2,TRUE,"none"
9414,5,1,0.2,TRUE,"none"
9415,4,1,0.25,TRUE,"none"
9416,5,2,0.4,TRUE,"none"
9417,5,2,0.4,TRUE,"none"
9418,3,0,0,FALSE,"none"
9419,2,0,0,FALSE,"none"
9420,6,2,0.333333333333333,TRUE,"none"
9421,2,1,0.5,TRUE,"none"
9422,6,2,0.333333333333333,TRUE,"none"
9423,5,1,0.2,TRUE,"none"
9424,4,2,0.5,TRUE,"none"
9425,4,1,0.25,TRUE,"none"
9426,4,0,0,FALSE,"none"
9427,4,1,0.25,TRUE,"none"
9428,5,2,0.4,TRUE,"none"
9429,2,1,0.5,TRUE,"none"
9430,3,0,0,FALSE,"none"
9431,5,1,0.2,TRUE,"none"
9432,4,0,0,FALSE,"none"
9433,5,1,0.2,TRUE,"none"
9434,6,2,0.333333333333333,TRUE,"none"
9435,4,0,0,FALSE,"none"
9436,3,0,0,FALSE,"none"
9437,3,0,0,FALSE,"none"
9438,3,0,0,FALSE,"none"
9439,4,1,0.25,TRUE,"none"
9440,4,1,0.25,TRUE,"none"
9441,4,0,0,FALSE,"none"
9442,5,2,0.4,TRUE,"none"
9443,4,1,0.25,TRUE,"none"
9444,4,2,0.5,TRUE,"none"
9445,5,1,0.2,TRUE,"none"
9446,1,0,0,FALSE,"none"
9447,5,2,0.4,TRUE,"none"
9448,3,0,0,FALSE,"none"
9449,3,0,0,FALSE,"none"
9450,4,0,0,FALSE,"none"
9451,5,1,0.2,TRUE,"none"
9452,2,0,0,FALSE,"none"
9453,4,1,0.25,TRUE,"none"
9454,3,1,0.333333333333333,TRUE,"none"
9455,4,2,0.5,TRUE,"none"
9456,5,1,0.2,TRUE,"none"
9457,3,0,0,FALSE,"none"
9458,4,0,0,FALSE,"none"
9459,3,0,0,FALSE,"none"
9460,4,1,0.25,TRUE,"none"
9461,3,0,0,FALSE,"none"
9462,4,0,0,FALSE,"none"
9463,3,0,0,FALSE,"none"
9464,4,0,0,FALSE,"none"
9465,3,0,0,FALSE,"none"
9466,3,0,0,FALSE,"none"
9467,4,1,0.25,TRUE,"none"
9468,3,0,0,FALSE,"none"
9469,4,1,0.25,TRUE,"none"
9470,4,1,0.25,TRUE,"none"
9471,5,1,0.2,TRUE,"none"
9472,4,1,0.25,TRUE,"none"
9473,4,0,0,FALSE,"none"
9474,5,1,0.2,TRUE,"none"
9475,2,0,0,FALSE,"none"
9476,3,0,0,FALSE,"none"
9477,2,0,0,FALSE,"none"
9478,4,1,0.25,TRUE,"none"
9479,5,2,0.4,TRUE,"none"
9480,5,1,0.2,TRUE,"none"
9481,4,0,0,FALSE,"none"
9482,4,1,0.25,TRUE,"none"
9483,5,1,0.2,TRUE,"none"
9484,5,2,0.4,TRUE,"none"
9485,4,0,0,FALSE,"none"
9486,3,0,0,FALSE,"none"
9487,4,0,0,FALSE,"none"
9488,3,0,0,FALSE,"none"
9489,3,0,0,FALSE,"none"
9490,4,0,0,FALSE,"none"
9491,5,1,0.2,TRUE,"none"
9492,3,0,0,FALSE,"none"
9493,4,1,0.25,TRUE,"none"
9494,4,1,0.25,TRUE,"none"
9495,5,2,0.4,TRUE,"none"
9496,4,0,0,FALSE,"none"
9497,4,0,0,FALSE,"none"
9498,4,0,0,FALSE,"none"
9499,3,0,0,FALSE,"none"
9500,4,0,0,FALSE,"none"
9501,3,1,0.333333333333333,TRUE,"none"
9502,4,0,0,FALSE,"none"
9503,3,0,0,FALSE,"none"
9504,6,2,0.333333333333333,TRUE,"none"
9505,4,0,0,FALSE,"none"
9506,6,2,0.333333333333333,TRUE,"none"
9507,4,0,0,FALSE,"none"
9508,4,1,0.25,TRUE,"none"
9509,3,0,0,FALSE,"none"
9510,3,0,0,FALSE,"none"
9511,5,1,0.2,TRUE,"none"
9512,2,0,0,FALSE,"none"
9513,4,1,0.25,TRUE,"none"
9514,5,1,0.2,TRUE,"none"
9515,3,1,0.333333333333333,TRUE,"none"
9516,5,1,0.2,TRUE,"none"
9517,2,0,0,FALSE,"none"
9518,6,2,0.333333333333333,TRUE,"none"
9519,4,1,0.25,TRUE,"none"
9520,4,0,0,FALSE,"none"
9521,5,1,0.2,TRUE,"none"
9522,3,0,0,FALSE,"none"
9523,4,0,0,FALSE,"none"
9524,4,1,0.25,TRUE,"none"
9525,5,1,0.2,TRUE,"none"
9526,3,1,0.333333333333333,TRUE,"none"
9527,4,0,0,FALSE,"none"
9528,4,1,0.25,TRUE,"none"
9529,4,0,0,FALSE,"none"
9530,1,0,0,FALSE,"none"
9531,4,1,0.25,TRUE,"none"
9532,3,1,0.333333333333333,TRUE,"none"
9533,4,0,0,FALSE,"none"
9534,5,2,0.4,TRUE,"none"
9535,5,1,0.2,TRUE,"none"
9536,4,1,0.25,TRUE,"none"
9537,4,0,0,FALSE,"none"
9538,4,0,0,FALSE,"none"
9539,4,0,0,FALSE,"none"
9540,4,0,0,FALSE,"none"
9541,3,0,0,FALSE,"none"
9542,4,0,0,FALSE,"none"
9543,4,2,0.5,TRUE,"none"
9544,4,0,0,FALSE,"none"
9545,3,0,0,FALSE,"none"
9546,5,1,0.2,TRUE,"none"
9547,6,2,0.333333333333333,TRUE,"none"
9548,3,0,0,FALSE,"none"
9549,3,0,0,FALSE,"none"
9550,2,0,0,FALSE,"none"
9551,4,1,0.25,TRUE,"none"
9552,5,1,0.2,TRUE,"none"
9553,5,3,0.6,TRUE,"none"
9554,4,0,0,FALSE,"none"
9555,5,1,0.2,TRUE,"none"
9556,3,0,0,FALSE,"none"
9557,5,1,0.2,TRUE,"none"
9558,6,2,0.333333333333333,TRUE,"none"
9559,3,0,0,FALSE,"none"
9560,5,1,0.2,TRUE,"none"
9561,4,1,0.25,TRUE,"none"
9562,5,2,0.4,TRUE,"none"
9563,4,1,0.25,TRUE,"none"
9564,2,0,0,FALSE,"none"
9565,3,0,0,FALSE,"none"
9566,3,1,0.333333333333333,TRUE,"none"
9567,5,1,0.2,TRUE,"none"
9568,6,3,0.5,TRUE,"none"
9569,4,0,0,FALSE,"none"
9570,4,2,0.5,TRUE,"none"
9571,4,0,0,FALSE,"none"
9572,5,2,0.4,TRUE,"none"
9573,2,0,0,FALSE,"none"
9574,5,1,0.2,TRUE,"none"
9575,5,1,0.2,TRUE,"none"
9576,4,1,0.25,TRUE,"none"
9577,5,2,0.4,TRUE,"none"
9578,5,2,0.4,TRUE,"none"
9579,4,0,0,FALSE,"none"
9580,4,0,0,FALSE,"none"
9581,6,2,0.333333333333333,TRUE,"none"
9582,3,0,0,FALSE,"none"
9583,4,1,0.25,TRUE,"none"
9584,3,0,0,FALSE,"none"
9585,7,3,0.428571428571429,TRUE,"none"
9586,4,1,0.25,TRUE,"none"
9587,3,1,0.333333333333333,TRUE,"none"
9588,3,1,0.333333333333333,TRUE,"none"
9589,6,2,0.333333333333333,TRUE,"none"
9590,5,2,0.4,TRUE,"none"
9591,3,0,0,FALSE,"none"
9592,6,2,0.333333333333333,TRUE,"none"
9593,2,0,0,FALSE,"none"
9594,3,0,0,FALSE,"none"
9595,5,1,0.2,TRUE,"none"
9596,4,1,0.25,TRUE,"none"
9597,4,2,0.5,TRUE,"none"
9598,5,1,0.2,TRUE,"none"
9599,3,0,0,FALSE,"none"
9600,3,0,0,FALSE,"none"
9601,4,1,0.25,TRUE,"none"
9602,6,2,0.333333333333333,TRUE,"none"
9603,3,0,0,FALSE,"none"
9604,5,2,0.4,TRUE,"none"
9605,5,2,0.4,TRUE,"none"
9606,1,0,0,FALSE,"none"
9607,6,2,0.333333333333333,TRUE,"none"
9608,5,2,0.4,TRUE,"none"
9609,5,1,0.2,TRUE,"none"
9610,5,1,0.2,TRUE,"none"
9611,2,0,0,FALSE,"none"
9612,5,1,0.2,TRUE,"none"
9613,6,3,0.5,TRUE,"none"
9614,3,0,0,FALSE,"none"
9615,5,1,0.2,TRUE,"none"
9616,4,2,0.5,TRUE,"none"
9617,3,0,0,FALSE,"none"
9618,3,0,0,FALSE,"none"
9619,5,1,0.2,TRUE,"none"
9620,4,1,0.25,TRUE,"none"
9621,2,0,0,FALSE,"none"
9622,3,0,0,FALSE,"none"
9623,5,1,0.2,TRUE,"none"
9624,5,1,0.2,TRUE,"none"
9625,4,1,0.25,TRUE,"none"
9626,5,1,0.2,TRUE,"none"
9627,5,1,0.2,TRUE,"none"
9628,4,0,0,FALSE,"none"
9629,6,2,0.333333333333333,TRUE,"none"
9630,7,4,0.571428571428571,TRUE,"none"
9631,4,0,0,FALSE,"none"
9632,4,0,0,FALSE,"none"
9633,4,0,0,FALSE,"none"
9634,6,3,0.5,TRUE,"none"
9635,5,1,0.2,TRUE,"none"
9636,4,0,0,FALSE,"none"
9637,1,0,0,FALSE,"none"
9638,3,0,0,FALSE,"none"
9639,3,0,0,FALSE,"none"
9640,8,4,0.5,TRUE,"none"
9641,3,1,0.333333333333333,TRUE,"none"
9642,5,2,0.4,TRUE,"none"
9643,4,0,0,FALSE,"none"
9644,3,1,0.333333333333333,TRUE,"none"
9645,4,1,0.25,TRUE,"none"
9646,5,3,0.6,TRUE,"none"
9647,4,1,0.25,TRUE,"none"
9648,6,2,0.333333333333333,TRUE,"none"
9649,4,1,0.25,TRUE,"none"
9650,5,1,0.2,TRUE,"none"
9651,4,1,0.25,TRUE,"none"
9652,3,0,0,FALSE,"none"
9653,3,1,0.333333333333333,TRUE,"none"
9654,7,3,0.428571428571429,TRUE,"none"
9655,3,0,0,FALSE,"none"
9656,5,2,0.4,TRUE,"none"
9657,4,1,0.25,TRUE,"none"
9658,6,2,0.333333333333333,TRUE,"none"
9659,5,2,0.4,TRUE,"none"
9660,5,1,0.2,TRUE,"none"
9661,3,1,0.333333333333333,TRUE,"none"
9662,4,0,0,FALSE,"none"
9663,5,1,0.2,TRUE,"none"
9664,4,1,0.25,TRUE,"none"
9665,5,1,0.2,TRUE,"none"
9666,3,0,0,FALSE,"none"
9667,3,0,0,FALSE,"none"
9668,2,0,0,FALSE,"none"
9669,4,0,0,FALSE,"none"
9670,6,2,0.333333333333333,TRUE,"none"
9671,5,1,0.2,TRUE,"none"
9672,4,0,0,FALSE,"none"
9673,1,0,0,FALSE,"none"
9674,3,0,0,FALSE,"none"
9675,4,0,0,FALSE,"none"
9676,6,2,0.333333333333333,TRUE,"none"
9677,6,2,0.333333333333333,TRUE,"none"
9678,4,0,0,FALSE,"none"
9679,5,1,0.2,TRUE,"none"
9680,3,0,0,FALSE,"none"
9681,4,0,0,FALSE,"none"
9682,4,0,0,FALSE,"none"
9683,3,1,0.333333333333333,TRUE,"none"
9684,5,2,0.4,TRUE,"none"
9685,4,0,0,FALSE,"none"
9686,3,0,0,FALSE,"none"
9687,5,1,0.2,TRUE,"none"
9688,2,0,0,FALSE,"none"
9689,5,1,0.2,TRUE,"none"
9690,3,0,0,FALSE,"none"
9691,7,3,0.428571428571429,TRUE,"none"
9692,2,0,0,FALSE,"none"
9693,6,2,0.333333333333333,TRUE,"none"
9694,7,3,0.428571428571429,TRUE,"none"
9695,4,0,0,FALSE,"none"
9696,4,0,0,FALSE,"none"
9697,3,0,0,FALSE,"none"
9698,4,1,0.25,TRUE,"none"
9699,2,0,0,FALSE,"none"
9700,6,2,0.333333333333333,TRUE,"none"
9701,5,2,0.4,TRUE,"none"
9702,3,0,0,FALSE,"none"
9703,3,0,0,FALSE,"none"
9704,4,1,0.25,TRUE,"none"
9705,5,2,0.4,TRUE,"none"
9706,3,0,0,FALSE,"none"
9707,4,0,0,FALSE,"none"
9708,3,0,0,FALSE,"none"
9709,5,1,0.2,TRUE,"none"
9710,3,0,0,FALSE,"none"
9711,6,2,0.333333333333333,TRUE,"none"
9712,2,0,0,FALSE,"none"
9713,3,0,0,FALSE,"none"
9714,5,1,0.2,TRUE,"none"
9715,5,1,0.2,TRUE,"none"
9716,4,0,0,FALSE,"none"
9717,2,0,0,FALSE,"none"
9718,4,1,0.25,TRUE,"none"
9719,3,1,0.333333333333333,TRUE,"none"
9720,3,1,0.333333333333333,TRUE,"none"
9721,3,1,0.333333333333333,TRUE,"none"
9722,3,0,0,FALSE,"none"
9723,3,0,0,FALSE,"none"
9724,3,0,0,FALSE,"none"
9725,3,1,0.333333333333333,TRUE,"none"
9726,5,1,0.2,TRUE,"none"
9727,4,1,0.25,TRUE,"none"
9728,3,0,0,FALSE,"none"
9729,7,3,0.428571428571429,TRUE,"none"
9730,3,0,0,FALSE,"none"
9731,4,2,0.5,TRUE,"none"
9732,4,1,0.25,TRUE,"none"
9733,4,0,0,FALSE,"none"
9734,6,3,0.5,TRUE,"none"
9735,5,1,0.2,TRUE,"none"
9736,4,0,0,FALSE,"none"
9737,5,2,0.4,TRUE,"none"
9738,5,1,0.2,TRUE,"none"
9739,4,0,0,FALSE,"none"
9740,6,3,0.5,TRUE,"none"
9741,6,2,0.333333333333333,TRUE,"none"
9742,3,0,0,FALSE,"none"
9743,5,2,0.4,TRUE,"none"
9744,4,0,0,FALSE,"none"
9745,3,2,0.666666666666667,TRUE,"none"
9746,2,0,0,FALSE,"none"
9747,3,1,0.333333333333333,TRUE,"none"
9748,5,1,0.2,TRUE,"none"
9749,4,0,0,FALSE,"none"
9750,6,3,0.5,TRUE,"none"
9751,7,3,0.428571428571429,TRUE,"none"
9752,3,0,0,FALSE,"none"
9753,5,1,0.2,TRUE,"none"
9754,6,3,0.5,TRUE,"none"
9755,4,0,0,FALSE,"none"
9756,5,1,0.2,TRUE,"none"
9757,3,0,0,FALSE,"none"
9758,4,1,0.25,TRUE,"none"
9759,4,0,0,FALSE,"none"
9760,4,1,0.25,TRUE,"none"
9761,3,0,0,FALSE,"none"
9762,6,3,0.5,TRUE,"none"
9763,4,0,0,FALSE,"none"
9764,4,0,0,FALSE,"none"
9765,3,0,0,FALSE,"none"
9766,5,1,0.2,TRUE,"none"
9767,4,0,0,FALSE,"none"
9768,4,0,0,FALSE,"none"
9769,3,1,0.333333333333333,TRUE,"none"
9770,5,1,0.2,TRUE,"none"
9771,4,0,0,FALSE,"none"
9772,3,0,0,FALSE,"none"
9773,4,1,0.25,TRUE,"none"
9774,4,0,0,FALSE,"none"
9775,3,0,0,FALSE,"none"
9776,3,0,0,FALSE,"none"
9777,2,0,0,FALSE,"none"
9778,5,2,0.4,TRUE,"none"
9779,5,1,0.2,TRUE,"none"
9780,4,0,0,FALSE,"none"
9781,4,1,0.25,TRUE,"none"
9782,6,2,0.333333333333333,TRUE,"none"
9783,4,0,0,FALSE,"none"
9784,3,0,0,FALSE,"none"
9785,2,1,0.5,TRUE,"none"
9786,4,1,0.25,TRUE,"none"
9787,4,0,0,FALSE,"none"
9788,5,1,0.2,TRUE,"none"
9789,4,0,0,FALSE,"none"
9790,5,2,0.4,TRUE,"none"
9791,4,0,0,FALSE,"none"
9792,4,0,0,FALSE,"none"
9793,6,2,0.333333333333333,TRUE,"none"
9794,4,0,0,FALSE,"none"
9795,6,2,0.333333333333333,TRUE,"none"
9796,2,1,0.5,TRUE,"none"
9797,5,1,0.2,TRUE,"none"
9798,4,0,0,FALSE,"none"
9799,8,4,0.5,TRUE,"none"
9800,4,0,0,FALSE,"none"
9801,4,0,0,FALSE,"none"
9802,5,1,0.2,TRUE,"none"
9803,3,0,0,FALSE,"none"
9804,5,1,0.2,TRUE,"none"
9805,4,1,0.25,TRUE,"none"
9806,5,1,0.2,TRUE,"none"
9807,5,1,0.2,TRUE,"none"
9808,5,2,0.4,TRUE,"none"
9809,4,0,0,FALSE,"none"
9810,2,0,0,FALSE,"none"
9811,3,0,0,FALSE,"none"
9812,6,2,0.333333333333333,TRUE,"none"
9813,5,2,0.4,TRUE,"none"
9814,5,1,0.2,TRUE,"none"
9815,4,0,0,FALSE,"none"
9816,4,0,0,FALSE,"none"
9817,5,2,0.4,TRUE,"none"
9818,4,0,0,FALSE,"none"
9819,7,3,0.428571428571429,TRUE,"none"
9820,4,1,0.25,TRUE,"none"
9821,5,1,0.2,TRUE,"none"
9822,6,2,0.333333333333333,TRUE,"none"
9823,2,0,0,FALSE,"none"
9824,4,1,0.25,TRUE,"none"
9825,4,0,0,FALSE,"none"
9826,5,1,0.2,TRUE,"none"
9827,7,3,0.428571428571429,TRUE,"none"
9828,6,2,0.333333333333333,TRUE,"none"
9829,5,1,0.2,TRUE,"none"
9830,5,1,0.2,TRUE,"none"
9831,4,0,0,FALSE,"none"
9832,4,0,0,FALSE,"none"
9833,3,1,0.333333333333333,TRUE,"none"
9834,4,1,0.25,TRUE,"none"
9835,3,1,0.333333333333333,TRUE,"none"
9836,7,4,0.571428571428571,TRUE,"none"
9837,4,0,0,FALSE,"none"
9838,2,0,0,FALSE,"none"
9839,3,0,0,FALSE,"none"
9840,5,1,0.2,TRUE,"none"
9841,5,1,0.2,TRUE,"none"
9842,4,0,0,FALSE,"none"
9843,5,3,0.6,TRUE,"none"
9844,3,1,0.333333333333333,TRUE,"none"
9845,4,0,0,FALSE,"none"
9846,5,1,0.2,TRUE,"none"
9847,4,1,0.25,TRUE,"none"
9848,3,0,0,FALSE,"none"
9849,5,1,0.2,TRUE,"none"
9850,4,0,0,FALSE,"none"
9851,3,0,0,FALSE,"none"
9852,6,2,0.333333333333333,TRUE,"none"
9853,5,1,0.2,TRUE,"none"
9854,5,1,0.2,TRUE,"none"
9855,7,4,0.571428571428571,TRUE,"none"
9856,4,0,0,FALSE,"none"
9857,5,3,0.6,TRUE,"none"
9858,5,1,0.2,TRUE,"none"
9859,3,0,0,FALSE,"none"
9860,6,2,0.333333333333333,TRUE,"none"
9861,3,0,0,FALSE,"none"
9862,3,0,0,FALSE,"none"
9863,4,0,0,FALSE,"none"
9864,4,1,0.25,TRUE,"none"
9865,2,1,0.5,TRUE,"none"
9866,4,0,0,FALSE,"none"
9867,2,0,0,FALSE,"none"
9868,3,1,0.333333333333333,TRUE,"none"
9869,4,1,0.25,TRUE,"none"
9870,4,1,0.25,TRUE,"none"
9871,4,0,0,FALSE,"none"
9872,4,1,0.25,TRUE,"none"
9873,4,0,0,FALSE,"none"
9874,6,2,0.333333333333333,TRUE,"none"
9875,5,2,0.4,TRUE,"none"
9876,4,1,0.25,TRUE,"none"
9877,6,2,0.333333333333333,TRUE,"none"
9878,5,1,0.2,TRUE,"none"
9879,4,0,0,FALSE,"none"
9880,5,1,0.2,TRUE,"none"
9881,5,1,0.2,TRUE,"none"
9882,3,0,0,FALSE,"none"
9883,4,1,0.25,TRUE,"none"
9884,3,0,0,FALSE,"none"
9885,4,0,0,FALSE,"none"
9886,3,0,0,FALSE,"none"
9887,4,0,0,FALSE,"none"
9888,6,2,0.333333333333333,TRUE,"none"
9889,4,0,0,FALSE,"none"
9890,3,1,0.333333333333333,TRUE,"none"
9891,6,2,0.333333333333333,TRUE,"none"
9892,3,1,0.333333333333333,TRUE,"none"
9893,2,0,0,FALSE,"none"
9894,5,1,0.2,TRUE,"none"
9895,4,0,0,FALSE,"none"
9896,4,0,0,FALSE,"none"
9897,4,0,0,FALSE,"none"
9898,4,1,0.25,TRUE,"none"
9899,4,0,0,FALSE,"none"
9900,4,0,0,FALSE,"none"
9901,2,0,0,FALSE,"none"
9902,5,1,0.2,TRUE,"none"
9903,5,2,0.4,TRUE,"none"
9904,5,2,0.4,TRUE,"none"
9905,4,0,0,FALSE,"none"
9906,4,0,0,FALSE,"none"
9907,4,0,0,FALSE,"none"
9908,4,0,0,FALSE,"none"
9909,5,2,0.4,TRUE,"none"
9910,5,2,0.4,TRUE,"none"
9911,3,0,0,FALSE,"none"
9912,5,1,0.2,TRUE,"none"
9913,4,0,0,FALSE,"none"
9914,4,0,0,FALSE,"none"
9915,5,2,0.4,TRUE,"none"
9916,6,2,0.333333333333333,TRUE,"none"
9917,6,3,0.5,TRUE,"none"
9918,6,2,0.333333333333333,TRUE,"none"
9919,4,1,0.25,TRUE,"none"
9920,4,0,0,FALSE,"none"
9921,4,0,0,FALSE,"none"
9922,4,0,0,FALSE,"none"
9923,5,2,0.4,TRUE,"none"
9924,2,0,0,FALSE,"none"
9925,3,0,0,FALSE,"none"
9926,4,1,0.25,TRUE,"none"
9927,5,1,0.2,TRUE,"none"
9928,2,0,0,FALSE,"none"
9929,4,0,0,FALSE,"none"
9930,5,2,0.4,TRUE,"none"
9931,2,0,0,FALSE,"none"
9932,5,1,0.2,TRUE,"none"
9933,4,0,0,FALSE,"none"
9934,6,2,0.333333333333333,TRUE,"none"
9935,5,1,0.2,TRUE,"none"
9936,6,2,0.333333333333333,TRUE,"none"
9937,2,0,0,FALSE,"none"
9938,6,2,0.333333333333333,TRUE,"none"
9939,4,0,0,FALSE,"none"
9940,4,0,0,FALSE,"none"
9941,5,2,0.4,TRUE,"none"
9942,3,0,0,FALSE,"none"
9943,6,2,0.333333333333333,TRUE,"none"
9944,5,1,0.2,TRUE,"none"
9945,6,2,0.333333333333333,TRUE,"none"
9946,4,1,0.25,TRUE,"none"
9947,5,2,0.4,TRUE,"none"
9948,6,2,0.333333333333333,TRUE,"none"
9949,5,2,0.4,TRUE,"none"
9950,4,0,0,FALSE,"none"
9951,4,0,0,FALSE,"none"
9952,4,0,0,FALSE,"none"
9953,3,0,0,FALSE,"none"
9954,4,1,0.25,TRUE,"none"
9955,5,1,0.2,TRUE,"none"
9956,2,0,0,FALSE,"none"
9957,5,1,0.2,TRUE,"none"
9958,4,0,0,FALSE,"none"
9959,4,1,0.25,TRUE,"none"
9960,3,0,0,FALSE,"none"
9961,3,0,0,FALSE,"none"
9962,4,0,0,FALSE,"none"
9963,3,0,0,FALSE,"none"
9964,4,0,0,FALSE,"none"
9965,4,0,0,FALSE,"none"
9966,2,0,0,FALSE,"none"
9967,4,0,0,FALSE,"none"
9968,3,1,0.333333333333333,TRUE,"none"
9969,3,0,0,FALSE,"none"
9970,3,0,0,FALSE,"none"
9971,5,1,0.2,TRUE,"none"
9972,4,1,0.25,TRUE,"none"
9973,4,1,0.25,TRUE,"none"
9974,3,0,0,FALSE,"none"
9975,4,0,0,FALSE,"none"
9976,4,2,0.5,TRUE,"none"
9977,3,0,0,FALSE,"none"
9978,5,1,0.2,TRUE,"none"
9979,5,1,0.2,TRUE,"none"
9980,6,2,0.333333333333333,TRUE,"none"
9981,5,1,0.2,TRUE,"none"
9982,4,1,0.25,TRUE,"none"
9983,4,1,0.25,TRUE,"none"
9984,3,0,0,FALSE,"none"
9985,4,0,0,FALSE,"none"
9986,4,0,0,FALSE,"none"
9987,5,1,0.2,TRUE,"none"
9988,4,0,0,FALSE,"none"
9989,4,0,0,FALSE,"none"
9990,5,2,0.4,TRUE,"none"
9991,5,1,0.2,TRUE,"none"
9992,4,0,0,FALSE,"none"
9993,4,0,0,FALSE,"none"
9994,4,0,0,FALSE,"none"
9995,5,1,0.2,TRUE,"none"
9996,4,1,0.25,TRUE,"none"
9997,6,2,0.333333333333333,TRUE,"none"
9998,2,0,0,FALSE,"none"
9999,4,1,0.25,TRUE,"none"
10000,4,0,0,FALSE,"none"
1,1,0,0,FALSE,"holm"
2,3,0,0,FALSE,"holm"
3,2,0,0,FALSE,"holm"
4,0,0,0,FALSE,"holm"
5,0,0,0,FALSE,"holm"
6,4,1,0.25,TRUE,"holm"
7,0,0,0,FALSE,"holm"
8,1,0,0,FALSE,"holm"
9,0,0,0,FALSE,"holm"
10,2,0,0,FALSE,"holm"
11,0,0,0,FALSE,"holm"
12,0,0,0,FALSE,"holm"
13,0,0,0,FALSE,"holm"
14,1,1,1,TRUE,"holm"
15,0,0,0,FALSE,"holm"
16,0,0,0,FALSE,"holm"
17,1,0,0,FALSE,"holm"
18,2,0,0,FALSE,"holm"
19,1,0,0,FALSE,"holm"
20,3,1,0.333333333333333,TRUE,"holm"
21,1,0,0,FALSE,"holm"
22,0,0,0,FALSE,"holm"
23,1,0,0,FALSE,"holm"
24,2,0,0,FALSE,"holm"
25,0,0,0,FALSE,"holm"
26,0,0,0,FALSE,"holm"
27,0,0,0,FALSE,"holm"
28,1,0,0,FALSE,"holm"
29,0,0,0,FALSE,"holm"
30,1,0,0,FALSE,"holm"
31,1,0,0,FALSE,"holm"
32,2,0,0,FALSE,"holm"
33,2,0,0,FALSE,"holm"
34,3,0,0,FALSE,"holm"
35,2,1,0.5,TRUE,"holm"
36,0,0,0,FALSE,"holm"
37,2,0,0,FALSE,"holm"
38,0,0,0,FALSE,"holm"
39,2,0,0,FALSE,"holm"
40,1,0,0,FALSE,"holm"
41,2,0,0,FALSE,"holm"
42,1,0,0,FALSE,"holm"
43,0,0,0,FALSE,"holm"
44,0,0,0,FALSE,"holm"
45,2,0,0,FALSE,"holm"
46,0,0,0,FALSE,"holm"
47,0,0,0,FALSE,"holm"
48,1,0,0,FALSE,"holm"
49,1,0,0,FALSE,"holm"
50,1,0,0,FALSE,"holm"
51,0,0,0,FALSE,"holm"
52,0,0,0,FALSE,"holm"
53,0,0,0,FALSE,"holm"
54,0,0,0,FALSE,"holm"
55,0,0,0,FALSE,"holm"
56,1,0,0,FALSE,"holm"
57,1,0,0,FALSE,"holm"
58,1,0,0,FALSE,"holm"
59,1,0,0,FALSE,"holm"
60,2,0,0,FALSE,"holm"
61,0,0,0,FALSE,"holm"
62,2,0,0,FALSE,"holm"
63,1,0,0,FALSE,"holm"
64,2,0,0,FALSE,"holm"
65,0,0,0,FALSE,"holm"
66,1,0,0,FALSE,"holm"
67,2,1,0.5,TRUE,"holm"
68,0,0,0,FALSE,"holm"
69,1,0,0,FALSE,"holm"
70,0,0,0,FALSE,"holm"
71,0,0,0,FALSE,"holm"
72,0,0,0,FALSE,"holm"
73,2,0,0,FALSE,"holm"
74,2,0,0,FALSE,"holm"
75,0,0,0,FALSE,"holm"
76,1,0,0,FALSE,"holm"
77,1,0,0,FALSE,"holm"
78,1,0,0,FALSE,"holm"
79,1,0,0,FALSE,"holm"
80,1,0,0,FALSE,"holm"
81,2,0,0,FALSE,"holm"
82,2,1,0.5,TRUE,"holm"
83,0,0,0,FALSE,"holm"
84,0,0,0,FALSE,"holm"
85,2,0,0,FALSE,"holm"
86,1,0,0,FALSE,"holm"
87,1,0,0,FALSE,"holm"
88,0,0,0,FALSE,"holm"
89,1,0,0,FALSE,"holm"
90,0,0,0,FALSE,"holm"
91,1,0,0,FALSE,"holm"
92,1,0,0,FALSE,"holm"
93,2,0,0,FALSE,"holm"
94,0,0,0,FALSE,"holm"
95,2,0,0,FALSE,"holm"
96,2,0,0,FALSE,"holm"
97,1,0,0,FALSE,"holm"
98,1,0,0,FALSE,"holm"
99,0,0,0,FALSE,"holm"
100,2,0,0,FALSE,"holm"
101,1,0,0,FALSE,"holm"
102,1,0,0,FALSE,"holm"
103,2,0,0,FALSE,"holm"
104,1,0,0,FALSE,"holm"
105,2,0,0,FALSE,"holm"
106,2,0,0,FALSE,"holm"
107,0,0,0,FALSE,"holm"
108,2,0,0,FALSE,"holm"
109,0,0,0,FALSE,"holm"
110,2,0,0,FALSE,"holm"
111,1,0,0,FALSE,"holm"
112,2,0,0,FALSE,"holm"
113,1,0,0,FALSE,"holm"
114,0,0,0,FALSE,"holm"
115,1,0,0,FALSE,"holm"
116,0,0,0,FALSE,"holm"
117,1,0,0,FALSE,"holm"
118,1,0,0,FALSE,"holm"
119,1,0,0,FALSE,"holm"
120,1,0,0,FALSE,"holm"
121,0,0,0,FALSE,"holm"
122,1,0,0,FALSE,"holm"
123,0,0,0,FALSE,"holm"
124,1,0,0,FALSE,"holm"
125,0,0,0,FALSE,"holm"
126,1,0,0,FALSE,"holm"
127,0,0,0,FALSE,"holm"
128,0,0,0,FALSE,"holm"
129,0,0,0,FALSE,"holm"
130,0,0,0,FALSE,"holm"
131,2,0,0,FALSE,"holm"
132,1,0,0,FALSE,"holm"
133,1,0,0,FALSE,"holm"
134,0,0,0,FALSE,"holm"
135,1,0,0,FALSE,"holm"
136,1,0,0,FALSE,"holm"
137,2,2,1,TRUE,"holm"
138,1,0,0,FALSE,"holm"
139,1,0,0,FALSE,"holm"
140,1,0,0,FALSE,"holm"
141,1,0,0,FALSE,"holm"
142,0,0,0,FALSE,"holm"
143,3,1,0.333333333333333,TRUE,"holm"
144,2,0,0,FALSE,"holm"
145,2,0,0,FALSE,"holm"
146,1,0,0,FALSE,"holm"
147,0,0,0,FALSE,"holm"
148,1,0,0,FALSE,"holm"
149,0,0,0,FALSE,"holm"
150,1,0,0,FALSE,"holm"
151,0,0,0,FALSE,"holm"
152,2,0,0,FALSE,"holm"
153,2,0,0,FALSE,"holm"
154,0,0,0,FALSE,"holm"
155,1,0,0,FALSE,"holm"
156,0,0,0,FALSE,"holm"
157,0,0,0,FALSE,"holm"
158,1,0,0,FALSE,"holm"
159,1,1,1,TRUE,"holm"
160,0,0,0,FALSE,"holm"
161,0,0,0,FALSE,"holm"
162,0,0,0,FALSE,"holm"
163,1,0,0,FALSE,"holm"
164,1,0,0,FALSE,"holm"
165,2,0,0,FALSE,"holm"
166,2,0,0,FALSE,"holm"
167,1,0,0,FALSE,"holm"
168,0,0,0,FALSE,"holm"
169,0,0,0,FALSE,"holm"
170,0,0,0,FALSE,"holm"
171,2,1,0.5,TRUE,"holm"
172,1,0,0,FALSE,"holm"
173,0,0,0,FALSE,"holm"
174,2,0,0,FALSE,"holm"
175,3,1,0.333333333333333,TRUE,"holm"
176,1,0,0,FALSE,"holm"
177,1,0,0,FALSE,"holm"
178,3,0,0,FALSE,"holm"
179,1,0,0,FALSE,"holm"
180,1,0,0,FALSE,"holm"
181,0,0,0,FALSE,"holm"
182,1,0,0,FALSE,"holm"
183,2,0,0,FALSE,"holm"
184,0,0,0,FALSE,"holm"
185,1,0,0,FALSE,"holm"
186,0,0,0,FALSE,"holm"
187,0,0,0,FALSE,"holm"
188,1,0,0,FALSE,"holm"
189,0,0,0,FALSE,"holm"
190,0,0,0,FALSE,"holm"
191,1,0,0,FALSE,"holm"
192,1,0,0,FALSE,"holm"
193,2,0,0,FALSE,"holm"
194,2,0,0,FALSE,"holm"
195,1,0,0,FALSE,"holm"
196,0,0,0,FALSE,"holm"
197,0,0,0,FALSE,"holm"
198,0,0,0,FALSE,"holm"
199,0,0,0,FALSE,"holm"
200,0,0,0,FALSE,"holm"
201,1,0,0,FALSE,"holm"
202,1,0,0,FALSE,"holm"
203,0,0,0,FALSE,"holm"
204,1,0,0,FALSE,"holm"
205,1,0,0,FALSE,"holm"
206,1,0,0,FALSE,"holm"
207,0,0,0,FALSE,"holm"
208,1,0,0,FALSE,"holm"
209,2,0,0,FALSE,"holm"
210,1,0,0,FALSE,"holm"
211,1,0,0,FALSE,"holm"
212,1,0,0,FALSE,"holm"
213,1,0,0,FALSE,"holm"
214,1,0,0,FALSE,"holm"
215,0,0,0,FALSE,"holm"
216,0,0,0,FALSE,"holm"
217,2,1,0.5,TRUE,"holm"
218,0,0,0,FALSE,"holm"
219,1,0,0,FALSE,"holm"
220,2,0,0,FALSE,"holm"
221,1,0,0,FALSE,"holm"
222,0,0,0,FALSE,"holm"
223,1,0,0,FALSE,"holm"
224,0,0,0,FALSE,"holm"
225,2,1,0.5,TRUE,"holm"
226,0,0,0,FALSE,"holm"
227,1,0,0,FALSE,"holm"
228,1,0,0,FALSE,"holm"
229,1,0,0,FALSE,"holm"
230,1,0,0,FALSE,"holm"
231,2,0,0,FALSE,"holm"
232,3,0,0,FALSE,"holm"
233,1,0,0,FALSE,"holm"
234,0,0,0,FALSE,"holm"
235,0,0,0,FALSE,"holm"
236,2,0,0,FALSE,"holm"
237,3,1,0.333333333333333,TRUE,"holm"
238,2,0,0,FALSE,"holm"
239,2,0,0,FALSE,"holm"
240,0,0,0,FALSE,"holm"
241,0,0,0,FALSE,"holm"
242,2,0,0,FALSE,"holm"
243,0,0,0,FALSE,"holm"
244,1,0,0,FALSE,"holm"
245,2,0,0,FALSE,"holm"
246,1,0,0,FALSE,"holm"
247,3,0,0,FALSE,"holm"
248,2,0,0,FALSE,"holm"
249,0,0,0,FALSE,"holm"
250,1,0,0,FALSE,"holm"
251,2,0,0,FALSE,"holm"
252,2,0,0,FALSE,"holm"
253,2,0,0,FALSE,"holm"
254,2,0,0,FALSE,"holm"
255,0,0,0,FALSE,"holm"
256,0,0,0,FALSE,"holm"
257,0,0,0,FALSE,"holm"
258,0,0,0,FALSE,"holm"
259,1,0,0,FALSE,"holm"
260,0,0,0,FALSE,"holm"
261,1,0,0,FALSE,"holm"
262,0,0,0,FALSE,"holm"
263,1,0,0,FALSE,"holm"
264,1,0,0,FALSE,"holm"
265,2,0,0,FALSE,"holm"
266,0,0,0,FALSE,"holm"
267,1,0,0,FALSE,"holm"
268,1,0,0,FALSE,"holm"
269,0,0,0,FALSE,"holm"
270,0,0,0,FALSE,"holm"
271,2,0,0,FALSE,"holm"
272,2,0,0,FALSE,"holm"
273,0,0,0,FALSE,"holm"
274,1,0,0,FALSE,"holm"
275,2,0,0,FALSE,"holm"
276,1,0,0,FALSE,"holm"
277,1,0,0,FALSE,"holm"
278,2,1,0.5,TRUE,"holm"
279,0,0,0,FALSE,"holm"
280,0,0,0,FALSE,"holm"
281,2,0,0,FALSE,"holm"
282,2,0,0,FALSE,"holm"
283,1,0,0,FALSE,"holm"
284,0,0,0,FALSE,"holm"
285,1,0,0,FALSE,"holm"
286,0,0,0,FALSE,"holm"
287,3,1,0.333333333333333,TRUE,"holm"
288,3,0,0,FALSE,"holm"
289,0,0,0,FALSE,"holm"
290,1,0,0,FALSE,"holm"
291,2,0,0,FALSE,"holm"
292,0,0,0,FALSE,"holm"
293,2,0,0,FALSE,"holm"
294,3,1,0.333333333333333,TRUE,"holm"
295,2,0,0,FALSE,"holm"
296,0,0,0,FALSE,"holm"
297,2,0,0,FALSE,"holm"
298,0,0,0,FALSE,"holm"
299,0,0,0,FALSE,"holm"
300,3,0,0,FALSE,"holm"
301,1,0,0,FALSE,"holm"
302,1,0,0,FALSE,"holm"
303,1,0,0,FALSE,"holm"
304,1,0,0,FALSE,"holm"
305,1,0,0,FALSE,"holm"
306,0,0,0,FALSE,"holm"
307,1,0,0,FALSE,"holm"
308,1,0,0,FALSE,"holm"
309,0,0,0,FALSE,"holm"
310,0,0,0,FALSE,"holm"
311,0,0,0,FALSE,"holm"
312,1,0,0,FALSE,"holm"
313,0,0,0,FALSE,"holm"
314,0,0,0,FALSE,"holm"
315,0,0,0,FALSE,"holm"
316,2,0,0,FALSE,"holm"
317,1,0,0,FALSE,"holm"
318,3,0,0,FALSE,"holm"
319,1,0,0,FALSE,"holm"
320,1,0,0,FALSE,"holm"
321,1,1,1,TRUE,"holm"
322,2,0,0,FALSE,"holm"
323,1,0,0,FALSE,"holm"
324,2,0,0,FALSE,"holm"
325,2,0,0,FALSE,"holm"
326,0,0,0,FALSE,"holm"
327,0,0,0,FALSE,"holm"
328,2,0,0,FALSE,"holm"
329,0,0,0,FALSE,"holm"
330,1,0,0,FALSE,"holm"
331,0,0,0,FALSE,"holm"
332,1,0,0,FALSE,"holm"
333,2,0,0,FALSE,"holm"
334,0,0,0,FALSE,"holm"
335,2,0,0,FALSE,"holm"
336,0,0,0,FALSE,"holm"
337,1,0,0,FALSE,"holm"
338,1,0,0,FALSE,"holm"
339,0,0,0,FALSE,"holm"
340,0,0,0,FALSE,"holm"
341,0,0,0,FALSE,"holm"
342,1,0,0,FALSE,"holm"
343,0,0,0,FALSE,"holm"
344,0,0,0,FALSE,"holm"
345,1,0,0,FALSE,"holm"
346,1,0,0,FALSE,"holm"
347,0,0,0,FALSE,"holm"
348,2,0,0,FALSE,"holm"
349,0,0,0,FALSE,"holm"
350,1,0,0,FALSE,"holm"
351,0,0,0,FALSE,"holm"
352,1,0,0,FALSE,"holm"
353,1,0,0,FALSE,"holm"
354,0,0,0,FALSE,"holm"
355,2,0,0,FALSE,"holm"
356,0,0,0,FALSE,"holm"
357,0,0,0,FALSE,"holm"
358,1,0,0,FALSE,"holm"
359,0,0,0,FALSE,"holm"
360,1,0,0,FALSE,"holm"
361,2,0,0,FALSE,"holm"
362,2,0,0,FALSE,"holm"
363,1,0,0,FALSE,"holm"
364,2,0,0,FALSE,"holm"
365,0,0,0,FALSE,"holm"
366,1,0,0,FALSE,"holm"
367,0,0,0,FALSE,"holm"
368,2,0,0,FALSE,"holm"
369,1,0,0,FALSE,"holm"
370,0,0,0,FALSE,"holm"
371,1,0,0,FALSE,"holm"
372,2,0,0,FALSE,"holm"
373,0,0,0,FALSE,"holm"
374,0,0,0,FALSE,"holm"
375,0,0,0,FALSE,"holm"
376,2,0,0,FALSE,"holm"
377,1,0,0,FALSE,"holm"
378,2,0,0,FALSE,"holm"
379,1,0,0,FALSE,"holm"
380,0,0,0,FALSE,"holm"
381,2,0,0,FALSE,"holm"
382,0,0,0,FALSE,"holm"
383,0,0,0,FALSE,"holm"
384,1,0,0,FALSE,"holm"
385,0,0,0,FALSE,"holm"
386,1,0,0,FALSE,"holm"
387,0,0,0,FALSE,"holm"
388,3,0,0,FALSE,"holm"
389,0,0,0,FALSE,"holm"
390,1,0,0,FALSE,"holm"
391,1,0,0,FALSE,"holm"
392,2,0,0,FALSE,"holm"
393,1,0,0,FALSE,"holm"
394,1,0,0,FALSE,"holm"
395,2,0,0,FALSE,"holm"
396,0,0,0,FALSE,"holm"
397,0,0,0,FALSE,"holm"
398,3,0,0,FALSE,"holm"
399,3,1,0.333333333333333,TRUE,"holm"
400,1,0,0,FALSE,"holm"
401,1,0,0,FALSE,"holm"
402,2,0,0,FALSE,"holm"
403,1,0,0,FALSE,"holm"
404,0,0,0,FALSE,"holm"
405,1,0,0,FALSE,"holm"
406,1,0,0,FALSE,"holm"
407,1,0,0,FALSE,"holm"
408,0,0,0,FALSE,"holm"
409,1,0,0,FALSE,"holm"
410,2,0,0,FALSE,"holm"
411,1,0,0,FALSE,"holm"
412,2,0,0,FALSE,"holm"
413,3,0,0,FALSE,"holm"
414,0,0,0,FALSE,"holm"
415,0,0,0,FALSE,"holm"
416,2,0,0,FALSE,"holm"
417,0,0,0,FALSE,"holm"
418,2,0,0,FALSE,"holm"
419,2,0,0,FALSE,"holm"
420,1,0,0,FALSE,"holm"
421,1,0,0,FALSE,"holm"
422,2,0,0,FALSE,"holm"
423,0,0,0,FALSE,"holm"
424,0,0,0,FALSE,"holm"
425,1,0,0,FALSE,"holm"
426,0,0,0,FALSE,"holm"
427,3,0,0,FALSE,"holm"
428,0,0,0,FALSE,"holm"
429,0,0,0,FALSE,"holm"
430,1,0,0,FALSE,"holm"
431,1,0,0,FALSE,"holm"
432,2,0,0,FALSE,"holm"
433,0,0,0,FALSE,"holm"
434,1,0,0,FALSE,"holm"
435,1,0,0,FALSE,"holm"
436,2,0,0,FALSE,"holm"
437,2,0,0,FALSE,"holm"
438,1,0,0,FALSE,"holm"
439,1,0,0,FALSE,"holm"
440,2,0,0,FALSE,"holm"
441,0,0,0,FALSE,"holm"
442,0,0,0,FALSE,"holm"
443,2,0,0,FALSE,"holm"
444,0,0,0,FALSE,"holm"
445,0,0,0,FALSE,"holm"
446,0,0,0,FALSE,"holm"
447,2,1,0.5,TRUE,"holm"
448,3,0,0,FALSE,"holm"
449,0,0,0,FALSE,"holm"
450,0,0,0,FALSE,"holm"
451,0,0,0,FALSE,"holm"
452,1,0,0,FALSE,"holm"
453,2,0,0,FALSE,"holm"
454,1,0,0,FALSE,"holm"
455,0,0,0,FALSE,"holm"
456,0,0,0,FALSE,"holm"
457,0,0,0,FALSE,"holm"
458,1,0,0,FALSE,"holm"
459,1,0,0,FALSE,"holm"
460,1,0,0,FALSE,"holm"
461,0,0,0,FALSE,"holm"
462,1,1,1,TRUE,"holm"
463,1,0,0,FALSE,"holm"
464,1,0,0,FALSE,"holm"
465,2,0,0,FALSE,"holm"
466,3,2,0.666666666666667,TRUE,"holm"
467,1,0,0,FALSE,"holm"
468,1,0,0,FALSE,"holm"
469,0,0,0,FALSE,"holm"
470,0,0,0,FALSE,"holm"
471,0,0,0,FALSE,"holm"
472,0,0,0,FALSE,"holm"
473,1,0,0,FALSE,"holm"
474,3,0,0,FALSE,"holm"
475,0,0,0,FALSE,"holm"
476,2,0,0,FALSE,"holm"
477,1,0,0,FALSE,"holm"
478,2,0,0,FALSE,"holm"
479,3,0,0,FALSE,"holm"
480,1,0,0,FALSE,"holm"
481,0,0,0,FALSE,"holm"
482,0,0,0,FALSE,"holm"
483,3,0,0,FALSE,"holm"
484,1,0,0,FALSE,"holm"
485,2,0,0,FALSE,"holm"
486,4,1,0.25,TRUE,"holm"
487,1,0,0,FALSE,"holm"
488,1,0,0,FALSE,"holm"
489,2,0,0,FALSE,"holm"
490,0,0,0,FALSE,"holm"
491,0,0,0,FALSE,"holm"
492,1,1,1,TRUE,"holm"
493,2,0,0,FALSE,"holm"
494,1,0,0,FALSE,"holm"
495,1,0,0,FALSE,"holm"
496,1,0,0,FALSE,"holm"
497,1,0,0,FALSE,"holm"
498,1,0,0,FALSE,"holm"
499,2,1,0.5,TRUE,"holm"
500,0,0,0,FALSE,"holm"
501,2,0,0,FALSE,"holm"
502,1,0,0,FALSE,"holm"
503,1,0,0,FALSE,"holm"
504,0,0,0,FALSE,"holm"
505,0,0,0,FALSE,"holm"
506,1,0,0,FALSE,"holm"
507,0,0,0,FALSE,"holm"
508,1,0,0,FALSE,"holm"
509,0,0,0,FALSE,"holm"
510,1,0,0,FALSE,"holm"
511,1,0,0,FALSE,"holm"
512,1,0,0,FALSE,"holm"
513,0,0,0,FALSE,"holm"
514,0,0,0,FALSE,"holm"
515,0,0,0,FALSE,"holm"
516,0,0,0,FALSE,"holm"
517,0,0,0,FALSE,"holm"
518,1,0,0,FALSE,"holm"
519,0,0,0,FALSE,"holm"
520,1,0,0,FALSE,"holm"
521,1,0,0,FALSE,"holm"
522,1,0,0,FALSE,"holm"
523,0,0,0,FALSE,"holm"
524,1,0,0,FALSE,"holm"
525,0,0,0,FALSE,"holm"
526,2,0,0,FALSE,"holm"
527,0,0,0,FALSE,"holm"
528,1,0,0,FALSE,"holm"
529,0,0,0,FALSE,"holm"
530,0,0,0,FALSE,"holm"
531,3,1,0.333333333333333,TRUE,"holm"
532,0,0,0,FALSE,"holm"
533,2,0,0,FALSE,"holm"
534,1,0,0,FALSE,"holm"
535,0,0,0,FALSE,"holm"
536,0,0,0,FALSE,"holm"
537,1,0,0,FALSE,"holm"
538,0,0,0,FALSE,"holm"
539,2,0,0,FALSE,"holm"
540,0,0,0,FALSE,"holm"
541,1,0,0,FALSE,"holm"
542,1,0,0,FALSE,"holm"
543,0,0,0,FALSE,"holm"
544,1,0,0,FALSE,"holm"
545,1,0,0,FALSE,"holm"
546,0,0,0,FALSE,"holm"
547,2,0,0,FALSE,"holm"
548,1,0,0,FALSE,"holm"
549,1,0,0,FALSE,"holm"
550,1,0,0,FALSE,"holm"
551,2,0,0,FALSE,"holm"
552,2,0,0,FALSE,"holm"
553,2,0,0,FALSE,"holm"
554,0,0,0,FALSE,"holm"
555,1,0,0,FALSE,"holm"
556,2,0,0,FALSE,"holm"
557,0,0,0,FALSE,"holm"
558,0,0,0,FALSE,"holm"
559,0,0,0,FALSE,"holm"
560,1,0,0,FALSE,"holm"
561,1,0,0,FALSE,"holm"
562,1,0,0,FALSE,"holm"
563,1,0,0,FALSE,"holm"
564,0,0,0,FALSE,"holm"
565,1,0,0,FALSE,"holm"
566,2,0,0,FALSE,"holm"
567,2,0,0,FALSE,"holm"
568,0,0,0,FALSE,"holm"
569,0,0,0,FALSE,"holm"
570,0,0,0,FALSE,"holm"
571,0,0,0,FALSE,"holm"
572,0,0,0,FALSE,"holm"
573,1,0,0,FALSE,"holm"
574,0,0,0,FALSE,"holm"
575,2,0,0,FALSE,"holm"
576,0,0,0,FALSE,"holm"
577,0,0,0,FALSE,"holm"
578,1,0,0,FALSE,"holm"
579,1,0,0,FALSE,"holm"
580,0,0,0,FALSE,"holm"
581,1,0,0,FALSE,"holm"
582,2,0,0,FALSE,"holm"
583,1,0,0,FALSE,"holm"
584,2,1,0.5,TRUE,"holm"
585,1,1,1,TRUE,"holm"
586,3,0,0,FALSE,"holm"
587,2,0,0,FALSE,"holm"
588,0,0,0,FALSE,"holm"
589,2,0,0,FALSE,"holm"
590,2,0,0,FALSE,"holm"
591,0,0,0,FALSE,"holm"
592,0,0,0,FALSE,"holm"
593,2,0,0,FALSE,"holm"
594,2,0,0,FALSE,"holm"
595,0,0,0,FALSE,"holm"
596,1,0,0,FALSE,"holm"
597,3,0,0,FALSE,"holm"
598,0,0,0,FALSE,"holm"
599,0,0,0,FALSE,"holm"
600,1,0,0,FALSE,"holm"
601,1,0,0,FALSE,"holm"
602,2,0,0,FALSE,"holm"
603,0,0,0,FALSE,"holm"
604,1,0,0,FALSE,"holm"
605,2,0,0,FALSE,"holm"
606,0,0,0,FALSE,"holm"
607,2,0,0,FALSE,"holm"
608,2,0,0,FALSE,"holm"
609,0,0,0,FALSE,"holm"
610,1,1,1,TRUE,"holm"
611,1,0,0,FALSE,"holm"
612,1,0,0,FALSE,"holm"
613,0,0,0,FALSE,"holm"
614,2,0,0,FALSE,"holm"
615,1,1,1,TRUE,"holm"
616,0,0,0,FALSE,"holm"
617,1,0,0,FALSE,"holm"
618,0,0,0,FALSE,"holm"
619,2,0,0,FALSE,"holm"
620,1,0,0,FALSE,"holm"
621,0,0,0,FALSE,"holm"
622,0,0,0,FALSE,"holm"
623,1,0,0,FALSE,"holm"
624,0,0,0,FALSE,"holm"
625,2,0,0,FALSE,"holm"
626,1,0,0,FALSE,"holm"
627,1,0,0,FALSE,"holm"
628,0,0,0,FALSE,"holm"
629,0,0,0,FALSE,"holm"
630,1,0,0,FALSE,"holm"
631,1,0,0,FALSE,"holm"
632,0,0,0,FALSE,"holm"
633,1,0,0,FALSE,"holm"
634,0,0,0,FALSE,"holm"
635,2,0,0,FALSE,"holm"
636,2,0,0,FALSE,"holm"
637,2,0,0,FALSE,"holm"
638,0,0,0,FALSE,"holm"
639,0,0,0,FALSE,"holm"
640,1,0,0,FALSE,"holm"
641,0,0,0,FALSE,"holm"
642,1,0,0,FALSE,"holm"
643,0,0,0,FALSE,"holm"
644,1,0,0,FALSE,"holm"
645,1,0,0,FALSE,"holm"
646,0,0,0,FALSE,"holm"
647,2,0,0,FALSE,"holm"
648,1,0,0,FALSE,"holm"
649,0,0,0,FALSE,"holm"
650,1,0,0,FALSE,"holm"
651,0,0,0,FALSE,"holm"
652,2,0,0,FALSE,"holm"
653,2,0,0,FALSE,"holm"
654,0,0,0,FALSE,"holm"
655,1,0,0,FALSE,"holm"
656,0,0,0,FALSE,"holm"
657,4,0,0,FALSE,"holm"
658,1,0,0,FALSE,"holm"
659,2,0,0,FALSE,"holm"
660,0,0,0,FALSE,"holm"
661,0,0,0,FALSE,"holm"
662,3,1,0.333333333333333,TRUE,"holm"
663,1,0,0,FALSE,"holm"
664,0,0,0,FALSE,"holm"
665,0,0,0,FALSE,"holm"
666,0,0,0,FALSE,"holm"
667,1,0,0,FALSE,"holm"
668,1,0,0,FALSE,"holm"
669,2,0,0,FALSE,"holm"
670,1,0,0,FALSE,"holm"
671,0,0,0,FALSE,"holm"
672,3,0,0,FALSE,"holm"
673,1,0,0,FALSE,"holm"
674,1,0,0,FALSE,"holm"
675,0,0,0,FALSE,"holm"
676,1,0,0,FALSE,"holm"
677,3,0,0,FALSE,"holm"
678,1,0,0,FALSE,"holm"
679,1,0,0,FALSE,"holm"
680,1,0,0,FALSE,"holm"
681,2,0,0,FALSE,"holm"
682,0,0,0,FALSE,"holm"
683,0,0,0,FALSE,"holm"
684,2,0,0,FALSE,"holm"
685,1,0,0,FALSE,"holm"
686,2,0,0,FALSE,"holm"
687,0,0,0,FALSE,"holm"
688,2,0,0,FALSE,"holm"
689,1,1,1,TRUE,"holm"
690,0,0,0,FALSE,"holm"
691,1,0,0,FALSE,"holm"
692,1,0,0,FALSE,"holm"
693,1,0,0,FALSE,"holm"
694,0,0,0,FALSE,"holm"
695,0,0,0,FALSE,"holm"
696,0,0,0,FALSE,"holm"
697,2,0,0,FALSE,"holm"
698,0,0,0,FALSE,"holm"
699,1,0,0,FALSE,"holm"
700,1,0,0,FALSE,"holm"
701,0,0,0,FALSE,"holm"
702,0,0,0,FALSE,"holm"
703,0,0,0,FALSE,"holm"
704,2,0,0,FALSE,"holm"
705,2,1,0.5,TRUE,"holm"
706,2,0,0,FALSE,"holm"
707,0,0,0,FALSE,"holm"
708,3,0,0,FALSE,"holm"
709,0,0,0,FALSE,"holm"
710,2,0,0,FALSE,"holm"
711,0,0,0,FALSE,"holm"
712,1,0,0,FALSE,"holm"
713,3,0,0,FALSE,"holm"
714,0,0,0,FALSE,"holm"
715,0,0,0,FALSE,"holm"
716,1,0,0,FALSE,"holm"
717,1,0,0,FALSE,"holm"
718,0,0,0,FALSE,"holm"
719,1,0,0,FALSE,"holm"
720,0,0,0,FALSE,"holm"
721,1,0,0,FALSE,"holm"
722,0,0,0,FALSE,"holm"
723,0,0,0,FALSE,"holm"
724,1,0,0,FALSE,"holm"
725,0,0,0,FALSE,"holm"
726,1,0,0,FALSE,"holm"
727,0,0,0,FALSE,"holm"
728,2,0,0,FALSE,"holm"
729,1,0,0,FALSE,"holm"
730,3,0,0,FALSE,"holm"
731,0,0,0,FALSE,"holm"
732,1,0,0,FALSE,"holm"
733,1,0,0,FALSE,"holm"
734,0,0,0,FALSE,"holm"
735,1,0,0,FALSE,"holm"
736,1,0,0,FALSE,"holm"
737,1,0,0,FALSE,"holm"
738,1,0,0,FALSE,"holm"
739,2,1,0.5,TRUE,"holm"
740,0,0,0,FALSE,"holm"
741,0,0,0,FALSE,"holm"
742,0,0,0,FALSE,"holm"
743,0,0,0,FALSE,"holm"
744,1,0,0,FALSE,"holm"
745,1,0,0,FALSE,"holm"
746,1,0,0,FALSE,"holm"
747,1,0,0,FALSE,"holm"
748,2,0,0,FALSE,"holm"
749,1,0,0,FALSE,"holm"
750,0,0,0,FALSE,"holm"
751,1,0,0,FALSE,"holm"
752,0,0,0,FALSE,"holm"
753,0,0,0,FALSE,"holm"
754,0,0,0,FALSE,"holm"
755,0,0,0,FALSE,"holm"
756,1,0,0,FALSE,"holm"
757,0,0,0,FALSE,"holm"
758,1,0,0,FALSE,"holm"
759,1,0,0,FALSE,"holm"
760,0,0,0,FALSE,"holm"
761,0,0,0,FALSE,"holm"
762,2,0,0,FALSE,"holm"
763,1,0,0,FALSE,"holm"
764,1,0,0,FALSE,"holm"
765,1,0,0,FALSE,"holm"
766,1,1,1,TRUE,"holm"
767,0,0,0,FALSE,"holm"
768,1,0,0,FALSE,"holm"
769,1,0,0,FALSE,"holm"
770,2,0,0,FALSE,"holm"
771,2,0,0,FALSE,"holm"
772,1,0,0,FALSE,"holm"
773,1,0,0,FALSE,"holm"
774,1,0,0,FALSE,"holm"
775,1,0,0,FALSE,"holm"
776,2,0,0,FALSE,"holm"
777,1,0,0,FALSE,"holm"
778,1,0,0,FALSE,"holm"
779,2,0,0,FALSE,"holm"
780,1,0,0,FALSE,"holm"
781,0,0,0,FALSE,"holm"
782,0,0,0,FALSE,"holm"
783,0,0,0,FALSE,"holm"
784,2,0,0,FALSE,"holm"
785,1,0,0,FALSE,"holm"
786,2,0,0,FALSE,"holm"
787,1,0,0,FALSE,"holm"
788,1,0,0,FALSE,"holm"
789,0,0,0,FALSE,"holm"
790,0,0,0,FALSE,"holm"
791,0,0,0,FALSE,"holm"
792,0,0,0,FALSE,"holm"
793,0,0,0,FALSE,"holm"
794,0,0,0,FALSE,"holm"
795,2,0,0,FALSE,"holm"
796,0,0,0,FALSE,"holm"
797,1,0,0,FALSE,"holm"
798,2,1,0.5,TRUE,"holm"
799,1,0,0,FALSE,"holm"
800,0,0,0,FALSE,"holm"
801,1,0,0,FALSE,"holm"
802,0,0,0,FALSE,"holm"
803,1,0,0,FALSE,"holm"
804,3,0,0,FALSE,"holm"
805,2,0,0,FALSE,"holm"
806,0,0,0,FALSE,"holm"
807,0,0,0,FALSE,"holm"
808,0,0,0,FALSE,"holm"
809,1,0,0,FALSE,"holm"
810,0,0,0,FALSE,"holm"
811,2,0,0,FALSE,"holm"
812,0,0,0,FALSE,"holm"
813,3,0,0,FALSE,"holm"
814,1,0,0,FALSE,"holm"
815,0,0,0,FALSE,"holm"
816,1,0,0,FALSE,"holm"
817,1,1,1,TRUE,"holm"
818,1,0,0,FALSE,"holm"
819,2,0,0,FALSE,"holm"
820,1,0,0,FALSE,"holm"
821,3,0,0,FALSE,"holm"
822,2,0,0,FALSE,"holm"
823,0,0,0,FALSE,"holm"
824,0,0,0,FALSE,"holm"
825,3,0,0,FALSE,"holm"
826,0,0,0,FALSE,"holm"
827,0,0,0,FALSE,"holm"
828,1,0,0,FALSE,"holm"
829,2,0,0,FALSE,"holm"
830,1,0,0,FALSE,"holm"
831,2,1,0.5,TRUE,"holm"
832,0,0,0,FALSE,"holm"
833,0,0,0,FALSE,"holm"
834,0,0,0,FALSE,"holm"
835,2,1,0.5,TRUE,"holm"
836,1,0,0,FALSE,"holm"
837,0,0,0,FALSE,"holm"
838,0,0,0,FALSE,"holm"
839,1,0,0,FALSE,"holm"
840,2,0,0,FALSE,"holm"
841,0,0,0,FALSE,"holm"
842,2,0,0,FALSE,"holm"
843,2,0,0,FALSE,"holm"
844,1,0,0,FALSE,"holm"
845,1,0,0,FALSE,"holm"
846,0,0,0,FALSE,"holm"
847,0,0,0,FALSE,"holm"
848,1,0,0,FALSE,"holm"
849,1,0,0,FALSE,"holm"
850,2,0,0,FALSE,"holm"
851,2,0,0,FALSE,"holm"
852,0,0,0,FALSE,"holm"
853,1,0,0,FALSE,"holm"
854,0,0,0,FALSE,"holm"
855,0,0,0,FALSE,"holm"
856,0,0,0,FALSE,"holm"
857,1,0,0,FALSE,"holm"
858,0,0,0,FALSE,"holm"
859,1,0,0,FALSE,"holm"
860,0,0,0,FALSE,"holm"
861,1,0,0,FALSE,"holm"
862,1,0,0,FALSE,"holm"
863,0,0,0,FALSE,"holm"
864,0,0,0,FALSE,"holm"
865,2,0,0,FALSE,"holm"
866,1,0,0,FALSE,"holm"
867,1,0,0,FALSE,"holm"
868,0,0,0,FALSE,"holm"
869,3,0,0,FALSE,"holm"
870,1,0,0,FALSE,"holm"
871,2,0,0,FALSE,"holm"
872,0,0,0,FALSE,"holm"
873,0,0,0,FALSE,"holm"
874,0,0,0,FALSE,"holm"
875,0,0,0,FALSE,"holm"
876,2,0,0,FALSE,"holm"
877,1,0,0,FALSE,"holm"
878,0,0,0,FALSE,"holm"
879,1,0,0,FALSE,"holm"
880,0,0,0,FALSE,"holm"
881,3,0,0,FALSE,"holm"
882,1,0,0,FALSE,"holm"
883,1,0,0,FALSE,"holm"
884,0,0,0,FALSE,"holm"
885,0,0,0,FALSE,"holm"
886,1,0,0,FALSE,"holm"
887,1,0,0,FALSE,"holm"
888,2,0,0,FALSE,"holm"
889,0,0,0,FALSE,"holm"
890,1,0,0,FALSE,"holm"
891,0,0,0,FALSE,"holm"
892,1,0,0,FALSE,"holm"
893,1,0,0,FALSE,"holm"
894,1,0,0,FALSE,"holm"
895,0,0,0,FALSE,"holm"
896,2,0,0,FALSE,"holm"
897,1,0,0,FALSE,"holm"
898,1,1,1,TRUE,"holm"
899,2,0,0,FALSE,"holm"
900,1,1,1,TRUE,"holm"
901,0,0,0,FALSE,"holm"
902,0,0,0,FALSE,"holm"
903,2,0,0,FALSE,"holm"
904,1,0,0,FALSE,"holm"
905,1,0,0,FALSE,"holm"
906,1,0,0,FALSE,"holm"
907,0,0,0,FALSE,"holm"
908,0,0,0,FALSE,"holm"
909,1,0,0,FALSE,"holm"
910,2,0,0,FALSE,"holm"
911,1,0,0,FALSE,"holm"
912,0,0,0,FALSE,"holm"
913,2,0,0,FALSE,"holm"
914,1,0,0,FALSE,"holm"
915,0,0,0,FALSE,"holm"
916,1,1,1,TRUE,"holm"
917,0,0,0,FALSE,"holm"
918,1,1,1,TRUE,"holm"
919,0,0,0,FALSE,"holm"
920,1,0,0,FALSE,"holm"
921,1,0,0,FALSE,"holm"
922,2,0,0,FALSE,"holm"
923,0,0,0,FALSE,"holm"
924,2,0,0,FALSE,"holm"
925,3,0,0,FALSE,"holm"
926,0,0,0,FALSE,"holm"
927,0,0,0,FALSE,"holm"
928,1,0,0,FALSE,"holm"
929,2,0,0,FALSE,"holm"
930,0,0,0,FALSE,"holm"
931,1,0,0,FALSE,"holm"
932,1,0,0,FALSE,"holm"
933,1,0,0,FALSE,"holm"
934,1,0,0,FALSE,"holm"
935,1,0,0,FALSE,"holm"
936,2,0,0,FALSE,"holm"
937,3,1,0.333333333333333,TRUE,"holm"
938,0,0,0,FALSE,"holm"
939,2,0,0,FALSE,"holm"
940,1,0,0,FALSE,"holm"
941,1,0,0,FALSE,"holm"
942,0,0,0,FALSE,"holm"
943,0,0,0,FALSE,"holm"
944,2,0,0,FALSE,"holm"
945,0,0,0,FALSE,"holm"
946,0,0,0,FALSE,"holm"
947,0,0,0,FALSE,"holm"
948,1,0,0,FALSE,"holm"
949,0,0,0,FALSE,"holm"
950,1,0,0,FALSE,"holm"
951,2,0,0,FALSE,"holm"
952,1,0,0,FALSE,"holm"
953,0,0,0,FALSE,"holm"
954,1,0,0,FALSE,"holm"
955,1,0,0,FALSE,"holm"
956,0,0,0,FALSE,"holm"
957,0,0,0,FALSE,"holm"
958,2,0,0,FALSE,"holm"
959,2,1,0.5,TRUE,"holm"
960,2,0,0,FALSE,"holm"
961,3,0,0,FALSE,"holm"
962,1,0,0,FALSE,"holm"
963,2,0,0,FALSE,"holm"
964,0,0,0,FALSE,"holm"
965,0,0,0,FALSE,"holm"
966,0,0,0,FALSE,"holm"
967,0,0,0,FALSE,"holm"
968,1,0,0,FALSE,"holm"
969,1,1,1,TRUE,"holm"
970,0,0,0,FALSE,"holm"
971,0,0,0,FALSE,"holm"
972,1,0,0,FALSE,"holm"
973,2,0,0,FALSE,"holm"
974,2,0,0,FALSE,"holm"
975,2,0,0,FALSE,"holm"
976,0,0,0,FALSE,"holm"
977,1,0,0,FALSE,"holm"
978,2,0,0,FALSE,"holm"
979,2,1,0.5,TRUE,"holm"
980,1,0,0,FALSE,"holm"
981,0,0,0,FALSE,"holm"
982,3,1,0.333333333333333,TRUE,"holm"
983,1,0,0,FALSE,"holm"
984,2,0,0,FALSE,"holm"
985,0,0,0,FALSE,"holm"
986,2,0,0,FALSE,"holm"
987,0,0,0,FALSE,"holm"
988,1,0,0,FALSE,"holm"
989,1,0,0,FALSE,"holm"
990,0,0,0,FALSE,"holm"
991,1,0,0,FALSE,"holm"
992,2,0,0,FALSE,"holm"
993,1,0,0,FALSE,"holm"
994,4,1,0.25,TRUE,"holm"
995,3,0,0,FALSE,"holm"
996,1,0,0,FALSE,"holm"
997,2,0,0,FALSE,"holm"
998,0,0,0,FALSE,"holm"
999,1,0,0,FALSE,"holm"
1000,1,0,0,FALSE,"holm"
1001,1,0,0,FALSE,"holm"
1002,2,0,0,FALSE,"holm"
1003,0,0,0,FALSE,"holm"
1004,2,0,0,FALSE,"holm"
1005,2,0,0,FALSE,"holm"
1006,1,0,0,FALSE,"holm"
1007,0,0,0,FALSE,"holm"
1008,0,0,0,FALSE,"holm"
1009,2,0,0,FALSE,"holm"
1010,1,0,0,FALSE,"holm"
1011,0,0,0,FALSE,"holm"
1012,2,1,0.5,TRUE,"holm"
1013,1,0,0,FALSE,"holm"
1014,2,0,0,FALSE,"holm"
1015,1,0,0,FALSE,"holm"
1016,1,0,0,FALSE,"holm"
1017,0,0,0,FALSE,"holm"
1018,0,0,0,FALSE,"holm"
1019,2,0,0,FALSE,"holm"
1020,3,0,0,FALSE,"holm"
1021,0,0,0,FALSE,"holm"
1022,0,0,0,FALSE,"holm"
1023,1,0,0,FALSE,"holm"
1024,0,0,0,FALSE,"holm"
1025,0,0,0,FALSE,"holm"
1026,0,0,0,FALSE,"holm"
1027,1,0,0,FALSE,"holm"
1028,0,0,0,FALSE,"holm"
1029,1,0,0,FALSE,"holm"
1030,0,0,0,FALSE,"holm"
1031,0,0,0,FALSE,"holm"
1032,0,0,0,FALSE,"holm"
1033,1,0,0,FALSE,"holm"
1034,1,0,0,FALSE,"holm"
1035,0,0,0,FALSE,"holm"
1036,1,0,0,FALSE,"holm"
1037,0,0,0,FALSE,"holm"
1038,1,0,0,FALSE,"holm"
1039,0,0,0,FALSE,"holm"
1040,0,0,0,FALSE,"holm"
1041,1,0,0,FALSE,"holm"
1042,0,0,0,FALSE,"holm"
1043,1,0,0,FALSE,"holm"
1044,1,0,0,FALSE,"holm"
1045,0,0,0,FALSE,"holm"
1046,0,0,0,FALSE,"holm"
1047,1,0,0,FALSE,"holm"
1048,2,0,0,FALSE,"holm"
1049,1,0,0,FALSE,"holm"
1050,1,0,0,FALSE,"holm"
1051,0,0,0,FALSE,"holm"
1052,0,0,0,FALSE,"holm"
1053,1,0,0,FALSE,"holm"
1054,0,0,0,FALSE,"holm"
1055,0,0,0,FALSE,"holm"
1056,0,0,0,FALSE,"holm"
1057,1,0,0,FALSE,"holm"
1058,1,1,1,TRUE,"holm"
1059,2,0,0,FALSE,"holm"
1060,1,0,0,FALSE,"holm"
1061,0,0,0,FALSE,"holm"
1062,2,0,0,FALSE,"holm"
1063,2,0,0,FALSE,"holm"
1064,0,0,0,FALSE,"holm"
1065,4,2,0.5,TRUE,"holm"
1066,2,0,0,FALSE,"holm"
1067,0,0,0,FALSE,"holm"
1068,0,0,0,FALSE,"holm"
1069,0,0,0,FALSE,"holm"
1070,0,0,0,FALSE,"holm"
1071,1,0,0,FALSE,"holm"
1072,1,0,0,FALSE,"holm"
1073,1,0,0,FALSE,"holm"
1074,0,0,0,FALSE,"holm"
1075,0,0,0,FALSE,"holm"
1076,0,0,0,FALSE,"holm"
1077,0,0,0,FALSE,"holm"
1078,1,0,0,FALSE,"holm"
1079,2,0,0,FALSE,"holm"
1080,1,0,0,FALSE,"holm"
1081,0,0,0,FALSE,"holm"
1082,1,0,0,FALSE,"holm"
1083,1,0,0,FALSE,"holm"
1084,0,0,0,FALSE,"holm"
1085,0,0,0,FALSE,"holm"
1086,0,0,0,FALSE,"holm"
1087,2,0,0,FALSE,"holm"
1088,0,0,0,FALSE,"holm"
1089,2,0,0,FALSE,"holm"
1090,0,0,0,FALSE,"holm"
1091,1,0,0,FALSE,"holm"
1092,3,0,0,FALSE,"holm"
1093,1,0,0,FALSE,"holm"
1094,0,0,0,FALSE,"holm"
1095,1,0,0,FALSE,"holm"
1096,0,0,0,FALSE,"holm"
1097,1,0,0,FALSE,"holm"
1098,2,1,0.5,TRUE,"holm"
1099,0,0,0,FALSE,"holm"
1100,1,0,0,FALSE,"holm"
1101,0,0,0,FALSE,"holm"
1102,0,0,0,FALSE,"holm"
1103,1,0,0,FALSE,"holm"
1104,1,0,0,FALSE,"holm"
1105,0,0,0,FALSE,"holm"
1106,1,0,0,FALSE,"holm"
1107,0,0,0,FALSE,"holm"
1108,0,0,0,FALSE,"holm"
1109,3,0,0,FALSE,"holm"
1110,2,0,0,FALSE,"holm"
1111,2,0,0,FALSE,"holm"
1112,0,0,0,FALSE,"holm"
1113,0,0,0,FALSE,"holm"
1114,1,0,0,FALSE,"holm"
1115,1,0,0,FALSE,"holm"
1116,0,0,0,FALSE,"holm"
1117,1,0,0,FALSE,"holm"
1118,1,0,0,FALSE,"holm"
1119,1,0,0,FALSE,"holm"
1120,3,0,0,FALSE,"holm"
1121,1,0,0,FALSE,"holm"
1122,0,0,0,FALSE,"holm"
1123,0,0,0,FALSE,"holm"
1124,2,0,0,FALSE,"holm"
1125,0,0,0,FALSE,"holm"
1126,3,0,0,FALSE,"holm"
1127,0,0,0,FALSE,"holm"
1128,1,0,0,FALSE,"holm"
1129,2,0,0,FALSE,"holm"
1130,1,0,0,FALSE,"holm"
1131,2,0,0,FALSE,"holm"
1132,0,0,0,FALSE,"holm"
1133,1,0,0,FALSE,"holm"
1134,0,0,0,FALSE,"holm"
1135,1,0,0,FALSE,"holm"
1136,1,0,0,FALSE,"holm"
1137,0,0,0,FALSE,"holm"
1138,0,0,0,FALSE,"holm"
1139,1,0,0,FALSE,"holm"
1140,0,0,0,FALSE,"holm"
1141,1,0,0,FALSE,"holm"
1142,3,0,0,FALSE,"holm"
1143,1,0,0,FALSE,"holm"
1144,2,0,0,FALSE,"holm"
1145,0,0,0,FALSE,"holm"
1146,1,0,0,FALSE,"holm"
1147,2,0,0,FALSE,"holm"
1148,1,0,0,FALSE,"holm"
1149,0,0,0,FALSE,"holm"
1150,2,0,0,FALSE,"holm"
1151,0,0,0,FALSE,"holm"
1152,1,0,0,FALSE,"holm"
1153,1,0,0,FALSE,"holm"
1154,0,0,0,FALSE,"holm"
1155,0,0,0,FALSE,"holm"
1156,0,0,0,FALSE,"holm"
1157,1,0,0,FALSE,"holm"
1158,1,0,0,FALSE,"holm"
1159,1,0,0,FALSE,"holm"
1160,2,0,0,FALSE,"holm"
1161,1,1,1,TRUE,"holm"
1162,0,0,0,FALSE,"holm"
1163,2,0,0,FALSE,"holm"
1164,2,0,0,FALSE,"holm"
1165,0,0,0,FALSE,"holm"
1166,2,0,0,FALSE,"holm"
1167,1,0,0,FALSE,"holm"
1168,2,0,0,FALSE,"holm"
1169,1,0,0,FALSE,"holm"
1170,0,0,0,FALSE,"holm"
1171,0,0,0,FALSE,"holm"
1172,0,0,0,FALSE,"holm"
1173,1,0,0,FALSE,"holm"
1174,2,0,0,FALSE,"holm"
1175,0,0,0,FALSE,"holm"
1176,0,0,0,FALSE,"holm"
1177,1,0,0,FALSE,"holm"
1178,1,0,0,FALSE,"holm"
1179,1,0,0,FALSE,"holm"
1180,0,0,0,FALSE,"holm"
1181,1,0,0,FALSE,"holm"
1182,2,0,0,FALSE,"holm"
1183,2,0,0,FALSE,"holm"
1184,0,0,0,FALSE,"holm"
1185,0,0,0,FALSE,"holm"
1186,2,0,0,FALSE,"holm"
1187,0,0,0,FALSE,"holm"
1188,1,0,0,FALSE,"holm"
1189,0,0,0,FALSE,"holm"
1190,2,0,0,FALSE,"holm"
1191,0,0,0,FALSE,"holm"
1192,0,0,0,FALSE,"holm"
1193,3,0,0,FALSE,"holm"
1194,1,1,1,TRUE,"holm"
1195,0,0,0,FALSE,"holm"
1196,0,0,0,FALSE,"holm"
1197,0,0,0,FALSE,"holm"
1198,1,0,0,FALSE,"holm"
1199,0,0,0,FALSE,"holm"
1200,2,1,0.5,TRUE,"holm"
1201,0,0,0,FALSE,"holm"
1202,2,1,0.5,TRUE,"holm"
1203,0,0,0,FALSE,"holm"
1204,0,0,0,FALSE,"holm"
1205,1,0,0,FALSE,"holm"
1206,1,1,1,TRUE,"holm"
1207,1,0,0,FALSE,"holm"
1208,2,0,0,FALSE,"holm"
1209,0,0,0,FALSE,"holm"
1210,2,0,0,FALSE,"holm"
1211,2,0,0,FALSE,"holm"
1212,2,0,0,FALSE,"holm"
1213,2,0,0,FALSE,"holm"
1214,0,0,0,FALSE,"holm"
1215,0,0,0,FALSE,"holm"
1216,1,0,0,FALSE,"holm"
1217,1,0,0,FALSE,"holm"
1218,0,0,0,FALSE,"holm"
1219,0,0,0,FALSE,"holm"
1220,0,0,0,FALSE,"holm"
1221,0,0,0,FALSE,"holm"
1222,1,0,0,FALSE,"holm"
1223,1,0,0,FALSE,"holm"
1224,0,0,0,FALSE,"holm"
1225,2,0,0,FALSE,"holm"
1226,0,0,0,FALSE,"holm"
1227,2,0,0,FALSE,"holm"
1228,2,1,0.5,TRUE,"holm"
1229,1,0,0,FALSE,"holm"
1230,1,0,0,FALSE,"holm"
1231,1,0,0,FALSE,"holm"
1232,0,0,0,FALSE,"holm"
1233,0,0,0,FALSE,"holm"
1234,0,0,0,FALSE,"holm"
1235,1,0,0,FALSE,"holm"
1236,1,0,0,FALSE,"holm"
1237,1,0,0,FALSE,"holm"
1238,0,0,0,FALSE,"holm"
1239,0,0,0,FALSE,"holm"
1240,2,1,0.5,TRUE,"holm"
1241,1,0,0,FALSE,"holm"
1242,0,0,0,FALSE,"holm"
1243,0,0,0,FALSE,"holm"
1244,1,0,0,FALSE,"holm"
1245,0,0,0,FALSE,"holm"
1246,0,0,0,FALSE,"holm"
1247,2,0,0,FALSE,"holm"
1248,2,0,0,FALSE,"holm"
1249,2,0,0,FALSE,"holm"
1250,1,0,0,FALSE,"holm"
1251,0,0,0,FALSE,"holm"
1252,0,0,0,FALSE,"holm"
1253,2,0,0,FALSE,"holm"
1254,1,0,0,FALSE,"holm"
1255,1,0,0,FALSE,"holm"
1256,0,0,0,FALSE,"holm"
1257,1,0,0,FALSE,"holm"
1258,1,0,0,FALSE,"holm"
1259,1,0,0,FALSE,"holm"
1260,0,0,0,FALSE,"holm"
1261,1,0,0,FALSE,"holm"
1262,1,0,0,FALSE,"holm"
1263,0,0,0,FALSE,"holm"
1264,2,0,0,FALSE,"holm"
1265,1,0,0,FALSE,"holm"
1266,1,0,0,FALSE,"holm"
1267,1,0,0,FALSE,"holm"
1268,2,0,0,FALSE,"holm"
1269,0,0,0,FALSE,"holm"
1270,1,0,0,FALSE,"holm"
1271,1,0,0,FALSE,"holm"
1272,1,0,0,FALSE,"holm"
1273,1,0,0,FALSE,"holm"
1274,1,0,0,FALSE,"holm"
1275,2,0,0,FALSE,"holm"
1276,1,0,0,FALSE,"holm"
1277,1,0,0,FALSE,"holm"
1278,1,0,0,FALSE,"holm"
1279,0,0,0,FALSE,"holm"
1280,0,0,0,FALSE,"holm"
1281,2,0,0,FALSE,"holm"
1282,1,0,0,FALSE,"holm"
1283,2,0,0,FALSE,"holm"
1284,0,0,0,FALSE,"holm"
1285,0,0,0,FALSE,"holm"
1286,1,0,0,FALSE,"holm"
1287,1,0,0,FALSE,"holm"
1288,1,0,0,FALSE,"holm"
1289,0,0,0,FALSE,"holm"
1290,0,0,0,FALSE,"holm"
1291,0,0,0,FALSE,"holm"
1292,0,0,0,FALSE,"holm"
1293,2,0,0,FALSE,"holm"
1294,0,0,0,FALSE,"holm"
1295,0,0,0,FALSE,"holm"
1296,1,0,0,FALSE,"holm"
1297,1,0,0,FALSE,"holm"
1298,2,0,0,FALSE,"holm"
1299,0,0,0,FALSE,"holm"
1300,2,0,0,FALSE,"holm"
1301,1,0,0,FALSE,"holm"
1302,0,0,0,FALSE,"holm"
1303,1,0,0,FALSE,"holm"
1304,1,0,0,FALSE,"holm"
1305,1,0,0,FALSE,"holm"
1306,0,0,0,FALSE,"holm"
1307,1,0,0,FALSE,"holm"
1308,2,0,0,FALSE,"holm"
1309,0,0,0,FALSE,"holm"
1310,2,0,0,FALSE,"holm"
1311,0,0,0,FALSE,"holm"
1312,0,0,0,FALSE,"holm"
1313,2,0,0,FALSE,"holm"
1314,1,0,0,FALSE,"holm"
1315,2,0,0,FALSE,"holm"
1316,2,0,0,FALSE,"holm"
1317,1,0,0,FALSE,"holm"
1318,1,0,0,FALSE,"holm"
1319,0,0,0,FALSE,"holm"
1320,0,0,0,FALSE,"holm"
1321,0,0,0,FALSE,"holm"
1322,0,0,0,FALSE,"holm"
1323,0,0,0,FALSE,"holm"
1324,0,0,0,FALSE,"holm"
1325,0,0,0,FALSE,"holm"
1326,3,0,0,FALSE,"holm"
1327,0,0,0,FALSE,"holm"
1328,1,0,0,FALSE,"holm"
1329,0,0,0,FALSE,"holm"
1330,0,0,0,FALSE,"holm"
1331,4,0,0,FALSE,"holm"
1332,1,0,0,FALSE,"holm"
1333,0,0,0,FALSE,"holm"
1334,2,0,0,FALSE,"holm"
1335,0,0,0,FALSE,"holm"
1336,2,0,0,FALSE,"holm"
1337,0,0,0,FALSE,"holm"
1338,1,0,0,FALSE,"holm"
1339,1,0,0,FALSE,"holm"
1340,1,0,0,FALSE,"holm"
1341,2,0,0,FALSE,"holm"
1342,0,0,0,FALSE,"holm"
1343,3,0,0,FALSE,"holm"
1344,2,0,0,FALSE,"holm"
1345,0,0,0,FALSE,"holm"
1346,1,0,0,FALSE,"holm"
1347,3,0,0,FALSE,"holm"
1348,2,0,0,FALSE,"holm"
1349,0,0,0,FALSE,"holm"
1350,2,0,0,FALSE,"holm"
1351,0,0,0,FALSE,"holm"
1352,1,0,0,FALSE,"holm"
1353,0,0,0,FALSE,"holm"
1354,1,0,0,FALSE,"holm"
1355,2,1,0.5,TRUE,"holm"
1356,1,0,0,FALSE,"holm"
1357,2,0,0,FALSE,"holm"
1358,1,0,0,FALSE,"holm"
1359,1,0,0,FALSE,"holm"
1360,1,0,0,FALSE,"holm"
1361,1,0,0,FALSE,"holm"
1362,0,0,0,FALSE,"holm"
1363,1,0,0,FALSE,"holm"
1364,2,0,0,FALSE,"holm"
1365,0,0,0,FALSE,"holm"
1366,1,0,0,FALSE,"holm"
1367,2,0,0,FALSE,"holm"
1368,1,0,0,FALSE,"holm"
1369,1,0,0,FALSE,"holm"
1370,0,0,0,FALSE,"holm"
1371,0,0,0,FALSE,"holm"
1372,0,0,0,FALSE,"holm"
1373,2,0,0,FALSE,"holm"
1374,0,0,0,FALSE,"holm"
1375,2,0,0,FALSE,"holm"
1376,2,0,0,FALSE,"holm"
1377,2,0,0,FALSE,"holm"
1378,0,0,0,FALSE,"holm"
1379,1,0,0,FALSE,"holm"
1380,0,0,0,FALSE,"holm"
1381,1,0,0,FALSE,"holm"
1382,1,0,0,FALSE,"holm"
1383,1,0,0,FALSE,"holm"
1384,1,0,0,FALSE,"holm"
1385,1,0,0,FALSE,"holm"
1386,2,0,0,FALSE,"holm"
1387,1,0,0,FALSE,"holm"
1388,3,1,0.333333333333333,TRUE,"holm"
1389,1,0,0,FALSE,"holm"
1390,0,0,0,FALSE,"holm"
1391,2,1,0.5,TRUE,"holm"
1392,1,0,0,FALSE,"holm"
1393,2,0,0,FALSE,"holm"
1394,1,0,0,FALSE,"holm"
1395,1,0,0,FALSE,"holm"
1396,2,0,0,FALSE,"holm"
1397,2,0,0,FALSE,"holm"
1398,0,0,0,FALSE,"holm"
1399,1,0,0,FALSE,"holm"
1400,0,0,0,FALSE,"holm"
1401,0,0,0,FALSE,"holm"
1402,0,0,0,FALSE,"holm"
1403,0,0,0,FALSE,"holm"
1404,2,0,0,FALSE,"holm"
1405,0,0,0,FALSE,"holm"
1406,0,0,0,FALSE,"holm"
1407,2,0,0,FALSE,"holm"
1408,0,0,0,FALSE,"holm"
1409,0,0,0,FALSE,"holm"
1410,1,1,1,TRUE,"holm"
1411,2,0,0,FALSE,"holm"
1412,3,1,0.333333333333333,TRUE,"holm"
1413,3,0,0,FALSE,"holm"
1414,3,1,0.333333333333333,TRUE,"holm"
1415,1,1,1,TRUE,"holm"
1416,1,0,0,FALSE,"holm"
1417,1,0,0,FALSE,"holm"
1418,1,0,0,FALSE,"holm"
1419,1,0,0,FALSE,"holm"
1420,0,0,0,FALSE,"holm"
1421,0,0,0,FALSE,"holm"
1422,1,0,0,FALSE,"holm"
1423,2,0,0,FALSE,"holm"
1424,0,0,0,FALSE,"holm"
1425,0,0,0,FALSE,"holm"
1426,0,0,0,FALSE,"holm"
1427,0,0,0,FALSE,"holm"
1428,0,0,0,FALSE,"holm"
1429,1,0,0,FALSE,"holm"
1430,1,0,0,FALSE,"holm"
1431,3,0,0,FALSE,"holm"
1432,0,0,0,FALSE,"holm"
1433,1,0,0,FALSE,"holm"
1434,0,0,0,FALSE,"holm"
1435,2,0,0,FALSE,"holm"
1436,2,0,0,FALSE,"holm"
1437,3,0,0,FALSE,"holm"
1438,0,0,0,FALSE,"holm"
1439,1,0,0,FALSE,"holm"
1440,0,0,0,FALSE,"holm"
1441,1,0,0,FALSE,"holm"
1442,0,0,0,FALSE,"holm"
1443,1,0,0,FALSE,"holm"
1444,1,0,0,FALSE,"holm"
1445,2,0,0,FALSE,"holm"
1446,1,0,0,FALSE,"holm"
1447,1,0,0,FALSE,"holm"
1448,0,0,0,FALSE,"holm"
1449,0,0,0,FALSE,"holm"
1450,0,0,0,FALSE,"holm"
1451,2,1,0.5,TRUE,"holm"
1452,0,0,0,FALSE,"holm"
1453,1,0,0,FALSE,"holm"
1454,2,0,0,FALSE,"holm"
1455,2,0,0,FALSE,"holm"
1456,0,0,0,FALSE,"holm"
1457,2,0,0,FALSE,"holm"
1458,2,0,0,FALSE,"holm"
1459,1,0,0,FALSE,"holm"
1460,0,0,0,FALSE,"holm"
1461,0,0,0,FALSE,"holm"
1462,3,0,0,FALSE,"holm"
1463,1,0,0,FALSE,"holm"
1464,2,0,0,FALSE,"holm"
1465,1,0,0,FALSE,"holm"
1466,0,0,0,FALSE,"holm"
1467,1,0,0,FALSE,"holm"
1468,0,0,0,FALSE,"holm"
1469,1,0,0,FALSE,"holm"
1470,2,1,0.5,TRUE,"holm"
1471,2,0,0,FALSE,"holm"
1472,3,0,0,FALSE,"holm"
1473,0,0,0,FALSE,"holm"
1474,2,0,0,FALSE,"holm"
1475,2,0,0,FALSE,"holm"
1476,1,1,1,TRUE,"holm"
1477,1,0,0,FALSE,"holm"
1478,2,1,0.5,TRUE,"holm"
1479,1,0,0,FALSE,"holm"
1480,2,0,0,FALSE,"holm"
1481,2,0,0,FALSE,"holm"
1482,3,0,0,FALSE,"holm"
1483,0,0,0,FALSE,"holm"
1484,2,0,0,FALSE,"holm"
1485,3,0,0,FALSE,"holm"
1486,1,0,0,FALSE,"holm"
1487,2,0,0,FALSE,"holm"
1488,2,0,0,FALSE,"holm"
1489,1,0,0,FALSE,"holm"
1490,0,0,0,FALSE,"holm"
1491,1,0,0,FALSE,"holm"
1492,2,0,0,FALSE,"holm"
1493,3,1,0.333333333333333,TRUE,"holm"
1494,0,0,0,FALSE,"holm"
1495,1,0,0,FALSE,"holm"
1496,0,0,0,FALSE,"holm"
1497,0,0,0,FALSE,"holm"
1498,1,1,1,TRUE,"holm"
1499,1,0,0,FALSE,"holm"
1500,0,0,0,FALSE,"holm"
1501,2,0,0,FALSE,"holm"
1502,2,1,0.5,TRUE,"holm"
1503,1,0,0,FALSE,"holm"
1504,1,0,0,FALSE,"holm"
1505,1,0,0,FALSE,"holm"
1506,4,0,0,FALSE,"holm"
1507,1,0,0,FALSE,"holm"
1508,0,0,0,FALSE,"holm"
1509,1,0,0,FALSE,"holm"
1510,1,0,0,FALSE,"holm"
1511,0,0,0,FALSE,"holm"
1512,0,0,0,FALSE,"holm"
1513,1,0,0,FALSE,"holm"
1514,0,0,0,FALSE,"holm"
1515,0,0,0,FALSE,"holm"
1516,1,0,0,FALSE,"holm"
1517,0,0,0,FALSE,"holm"
1518,0,0,0,FALSE,"holm"
1519,0,0,0,FALSE,"holm"
1520,0,0,0,FALSE,"holm"
1521,1,0,0,FALSE,"holm"
1522,1,0,0,FALSE,"holm"
1523,1,0,0,FALSE,"holm"
1524,1,0,0,FALSE,"holm"
1525,0,0,0,FALSE,"holm"
1526,1,0,0,FALSE,"holm"
1527,2,0,0,FALSE,"holm"
1528,1,0,0,FALSE,"holm"
1529,1,0,0,FALSE,"holm"
1530,2,0,0,FALSE,"holm"
1531,2,0,0,FALSE,"holm"
1532,1,0,0,FALSE,"holm"
1533,1,0,0,FALSE,"holm"
1534,0,0,0,FALSE,"holm"
1535,1,0,0,FALSE,"holm"
1536,1,0,0,FALSE,"holm"
1537,0,0,0,FALSE,"holm"
1538,1,0,0,FALSE,"holm"
1539,2,0,0,FALSE,"holm"
1540,0,0,0,FALSE,"holm"
1541,0,0,0,FALSE,"holm"
1542,0,0,0,FALSE,"holm"
1543,1,0,0,FALSE,"holm"
1544,1,1,1,TRUE,"holm"
1545,1,0,0,FALSE,"holm"
1546,1,0,0,FALSE,"holm"
1547,0,0,0,FALSE,"holm"
1548,0,0,0,FALSE,"holm"
1549,1,0,0,FALSE,"holm"
1550,0,0,0,FALSE,"holm"
1551,1,0,0,FALSE,"holm"
1552,1,0,0,FALSE,"holm"
1553,0,0,0,FALSE,"holm"
1554,0,0,0,FALSE,"holm"
1555,1,0,0,FALSE,"holm"
1556,1,0,0,FALSE,"holm"
1557,0,0,0,FALSE,"holm"
1558,0,0,0,FALSE,"holm"
1559,0,0,0,FALSE,"holm"
1560,0,0,0,FALSE,"holm"
1561,2,1,0.5,TRUE,"holm"
1562,0,0,0,FALSE,"holm"
1563,1,0,0,FALSE,"holm"
1564,0,0,0,FALSE,"holm"
1565,0,0,0,FALSE,"holm"
1566,0,0,0,FALSE,"holm"
1567,2,0,0,FALSE,"holm"
1568,1,0,0,FALSE,"holm"
1569,0,0,0,FALSE,"holm"
1570,0,0,0,FALSE,"holm"
1571,2,0,0,FALSE,"holm"
1572,3,0,0,FALSE,"holm"
1573,0,0,0,FALSE,"holm"
1574,1,0,0,FALSE,"holm"
1575,1,0,0,FALSE,"holm"
1576,0,0,0,FALSE,"holm"
1577,1,1,1,TRUE,"holm"
1578,0,0,0,FALSE,"holm"
1579,1,0,0,FALSE,"holm"
1580,0,0,0,FALSE,"holm"
1581,1,0,0,FALSE,"holm"
1582,0,0,0,FALSE,"holm"
1583,1,0,0,FALSE,"holm"
1584,1,0,0,FALSE,"holm"
1585,0,0,0,FALSE,"holm"
1586,2,1,0.5,TRUE,"holm"
1587,1,0,0,FALSE,"holm"
1588,0,0,0,FALSE,"holm"
1589,2,0,0,FALSE,"holm"
1590,0,0,0,FALSE,"holm"
1591,2,0,0,FALSE,"holm"
1592,1,0,0,FALSE,"holm"
1593,1,0,0,FALSE,"holm"
1594,2,0,0,FALSE,"holm"
1595,1,0,0,FALSE,"holm"
1596,2,0,0,FALSE,"holm"
1597,0,0,0,FALSE,"holm"
1598,1,0,0,FALSE,"holm"
1599,1,0,0,FALSE,"holm"
1600,0,0,0,FALSE,"holm"
1601,2,0,0,FALSE,"holm"
1602,1,0,0,FALSE,"holm"
1603,0,0,0,FALSE,"holm"
1604,2,0,0,FALSE,"holm"
1605,1,0,0,FALSE,"holm"
1606,0,0,0,FALSE,"holm"
1607,2,0,0,FALSE,"holm"
1608,0,0,0,FALSE,"holm"
1609,0,0,0,FALSE,"holm"
1610,1,0,0,FALSE,"holm"
1611,0,0,0,FALSE,"holm"
1612,0,0,0,FALSE,"holm"
1613,1,0,0,FALSE,"holm"
1614,1,0,0,FALSE,"holm"
1615,0,0,0,FALSE,"holm"
1616,2,0,0,FALSE,"holm"
1617,2,1,0.5,TRUE,"holm"
1618,0,0,0,FALSE,"holm"
1619,0,0,0,FALSE,"holm"
1620,1,0,0,FALSE,"holm"
1621,0,0,0,FALSE,"holm"
1622,0,0,0,FALSE,"holm"
1623,0,0,0,FALSE,"holm"
1624,1,0,0,FALSE,"holm"
1625,0,0,0,FALSE,"holm"
1626,1,0,0,FALSE,"holm"
1627,0,0,0,FALSE,"holm"
1628,0,0,0,FALSE,"holm"
1629,1,0,0,FALSE,"holm"
1630,2,0,0,FALSE,"holm"
1631,0,0,0,FALSE,"holm"
1632,3,0,0,FALSE,"holm"
1633,1,0,0,FALSE,"holm"
1634,1,0,0,FALSE,"holm"
1635,2,0,0,FALSE,"holm"
1636,3,0,0,FALSE,"holm"
1637,0,0,0,FALSE,"holm"
1638,0,0,0,FALSE,"holm"
1639,0,0,0,FALSE,"holm"
1640,1,0,0,FALSE,"holm"
1641,4,2,0.5,TRUE,"holm"
1642,1,0,0,FALSE,"holm"
1643,0,0,0,FALSE,"holm"
1644,1,0,0,FALSE,"holm"
1645,2,0,0,FALSE,"holm"
1646,0,0,0,FALSE,"holm"
1647,0,0,0,FALSE,"holm"
1648,0,0,0,FALSE,"holm"
1649,1,0,0,FALSE,"holm"
1650,0,0,0,FALSE,"holm"
1651,2,0,0,FALSE,"holm"
1652,0,0,0,FALSE,"holm"
1653,1,0,0,FALSE,"holm"
1654,1,0,0,FALSE,"holm"
1655,0,0,0,FALSE,"holm"
1656,1,0,0,FALSE,"holm"
1657,1,0,0,FALSE,"holm"
1658,0,0,0,FALSE,"holm"
1659,0,0,0,FALSE,"holm"
1660,0,0,0,FALSE,"holm"
1661,1,0,0,FALSE,"holm"
1662,0,0,0,FALSE,"holm"
1663,0,0,0,FALSE,"holm"
1664,1,0,0,FALSE,"holm"
1665,0,0,0,FALSE,"holm"
1666,3,0,0,FALSE,"holm"
1667,0,0,0,FALSE,"holm"
1668,1,0,0,FALSE,"holm"
1669,0,0,0,FALSE,"holm"
1670,0,0,0,FALSE,"holm"
1671,1,0,0,FALSE,"holm"
1672,2,0,0,FALSE,"holm"
1673,0,0,0,FALSE,"holm"
1674,1,0,0,FALSE,"holm"
1675,1,0,0,FALSE,"holm"
1676,2,1,0.5,TRUE,"holm"
1677,0,0,0,FALSE,"holm"
1678,0,0,0,FALSE,"holm"
1679,0,0,0,FALSE,"holm"
1680,0,0,0,FALSE,"holm"
1681,2,0,0,FALSE,"holm"
1682,2,0,0,FALSE,"holm"
1683,2,0,0,FALSE,"holm"
1684,1,0,0,FALSE,"holm"
1685,1,0,0,FALSE,"holm"
1686,0,0,0,FALSE,"holm"
1687,0,0,0,FALSE,"holm"
1688,1,0,0,FALSE,"holm"
1689,2,2,1,TRUE,"holm"
1690,1,0,0,FALSE,"holm"
1691,0,0,0,FALSE,"holm"
1692,1,0,0,FALSE,"holm"
1693,1,0,0,FALSE,"holm"
1694,1,0,0,FALSE,"holm"
1695,1,0,0,FALSE,"holm"
1696,0,0,0,FALSE,"holm"
1697,2,1,0.5,TRUE,"holm"
1698,0,0,0,FALSE,"holm"
1699,0,0,0,FALSE,"holm"
1700,1,0,0,FALSE,"holm"
1701,0,0,0,FALSE,"holm"
1702,0,0,0,FALSE,"holm"
1703,2,0,0,FALSE,"holm"
1704,2,0,0,FALSE,"holm"
1705,2,0,0,FALSE,"holm"
1706,2,0,0,FALSE,"holm"
1707,1,1,1,TRUE,"holm"
1708,0,0,0,FALSE,"holm"
1709,0,0,0,FALSE,"holm"
1710,1,0,0,FALSE,"holm"
1711,0,0,0,FALSE,"holm"
1712,0,0,0,FALSE,"holm"
1713,1,0,0,FALSE,"holm"
1714,0,0,0,FALSE,"holm"
1715,1,0,0,FALSE,"holm"
1716,0,0,0,FALSE,"holm"
1717,0,0,0,FALSE,"holm"
1718,0,0,0,FALSE,"holm"
1719,1,0,0,FALSE,"holm"
1720,0,0,0,FALSE,"holm"
1721,0,0,0,FALSE,"holm"
1722,0,0,0,FALSE,"holm"
1723,1,0,0,FALSE,"holm"
1724,1,0,0,FALSE,"holm"
1725,2,0,0,FALSE,"holm"
1726,0,0,0,FALSE,"holm"
1727,0,0,0,FALSE,"holm"
1728,0,0,0,FALSE,"holm"
1729,3,0,0,FALSE,"holm"
1730,1,0,0,FALSE,"holm"
1731,1,0,0,FALSE,"holm"
1732,2,0,0,FALSE,"holm"
1733,1,0,0,FALSE,"holm"
1734,0,0,0,FALSE,"holm"
1735,0,0,0,FALSE,"holm"
1736,1,0,0,FALSE,"holm"
1737,0,0,0,FALSE,"holm"
1738,0,0,0,FALSE,"holm"
1739,1,0,0,FALSE,"holm"
1740,2,0,0,FALSE,"holm"
1741,1,0,0,FALSE,"holm"
1742,1,0,0,FALSE,"holm"
1743,0,0,0,FALSE,"holm"
1744,0,0,0,FALSE,"holm"
1745,0,0,0,FALSE,"holm"
1746,1,0,0,FALSE,"holm"
1747,0,0,0,FALSE,"holm"
1748,2,0,0,FALSE,"holm"
1749,0,0,0,FALSE,"holm"
1750,1,0,0,FALSE,"holm"
1751,0,0,0,FALSE,"holm"
1752,0,0,0,FALSE,"holm"
1753,1,0,0,FALSE,"holm"
1754,2,0,0,FALSE,"holm"
1755,0,0,0,FALSE,"holm"
1756,0,0,0,FALSE,"holm"
1757,1,0,0,FALSE,"holm"
1758,1,0,0,FALSE,"holm"
1759,1,0,0,FALSE,"holm"
1760,2,0,0,FALSE,"holm"
1761,0,0,0,FALSE,"holm"
1762,0,0,0,FALSE,"holm"
1763,1,0,0,FALSE,"holm"
1764,1,1,1,TRUE,"holm"
1765,0,0,0,FALSE,"holm"
1766,1,0,0,FALSE,"holm"
1767,1,0,0,FALSE,"holm"
1768,1,0,0,FALSE,"holm"
1769,0,0,0,FALSE,"holm"
1770,0,0,0,FALSE,"holm"
1771,0,0,0,FALSE,"holm"
1772,2,0,0,FALSE,"holm"
1773,0,0,0,FALSE,"holm"
1774,0,0,0,FALSE,"holm"
1775,3,0,0,FALSE,"holm"
1776,0,0,0,FALSE,"holm"
1777,1,1,1,TRUE,"holm"
1778,0,0,0,FALSE,"holm"
1779,0,0,0,FALSE,"holm"
1780,0,0,0,FALSE,"holm"
1781,0,0,0,FALSE,"holm"
1782,2,0,0,FALSE,"holm"
1783,0,0,0,FALSE,"holm"
1784,1,0,0,FALSE,"holm"
1785,1,0,0,FALSE,"holm"
1786,2,0,0,FALSE,"holm"
1787,1,0,0,FALSE,"holm"
1788,1,0,0,FALSE,"holm"
1789,1,0,0,FALSE,"holm"
1790,2,1,0.5,TRUE,"holm"
1791,0,0,0,FALSE,"holm"
1792,2,0,0,FALSE,"holm"
1793,3,0,0,FALSE,"holm"
1794,1,0,0,FALSE,"holm"
1795,4,1,0.25,TRUE,"holm"
1796,2,0,0,FALSE,"holm"
1797,2,0,0,FALSE,"holm"
1798,0,0,0,FALSE,"holm"
1799,0,0,0,FALSE,"holm"
1800,1,0,0,FALSE,"holm"
1801,1,0,0,FALSE,"holm"
1802,0,0,0,FALSE,"holm"
1803,2,0,0,FALSE,"holm"
1804,0,0,0,FALSE,"holm"
1805,0,0,0,FALSE,"holm"
1806,1,0,0,FALSE,"holm"
1807,4,0,0,FALSE,"holm"
1808,1,1,1,TRUE,"holm"
1809,1,0,0,FALSE,"holm"
1810,3,0,0,FALSE,"holm"
1811,0,0,0,FALSE,"holm"
1812,3,0,0,FALSE,"holm"
1813,1,0,0,FALSE,"holm"
1814,2,0,0,FALSE,"holm"
1815,3,0,0,FALSE,"holm"
1816,0,0,0,FALSE,"holm"
1817,1,0,0,FALSE,"holm"
1818,2,0,0,FALSE,"holm"
1819,0,0,0,FALSE,"holm"
1820,0,0,0,FALSE,"holm"
1821,2,1,0.5,TRUE,"holm"
1822,1,0,0,FALSE,"holm"
1823,1,0,0,FALSE,"holm"
1824,1,0,0,FALSE,"holm"
1825,1,0,0,FALSE,"holm"
1826,2,0,0,FALSE,"holm"
1827,0,0,0,FALSE,"holm"
1828,1,0,0,FALSE,"holm"
1829,3,0,0,FALSE,"holm"
1830,1,0,0,FALSE,"holm"
1831,2,1,0.5,TRUE,"holm"
1832,1,0,0,FALSE,"holm"
1833,1,0,0,FALSE,"holm"
1834,2,1,0.5,TRUE,"holm"
1835,0,0,0,FALSE,"holm"
1836,0,0,0,FALSE,"holm"
1837,1,0,0,FALSE,"holm"
1838,3,0,0,FALSE,"holm"
1839,1,0,0,FALSE,"holm"
1840,0,0,0,FALSE,"holm"
1841,0,0,0,FALSE,"holm"
1842,1,0,0,FALSE,"holm"
1843,2,0,0,FALSE,"holm"
1844,0,0,0,FALSE,"holm"
1845,1,0,0,FALSE,"holm"
1846,1,0,0,FALSE,"holm"
1847,1,0,0,FALSE,"holm"
1848,0,0,0,FALSE,"holm"
1849,0,0,0,FALSE,"holm"
1850,1,0,0,FALSE,"holm"
1851,2,0,0,FALSE,"holm"
1852,2,0,0,FALSE,"holm"
1853,3,0,0,FALSE,"holm"
1854,3,0,0,FALSE,"holm"
1855,1,0,0,FALSE,"holm"
1856,1,0,0,FALSE,"holm"
1857,0,0,0,FALSE,"holm"
1858,0,0,0,FALSE,"holm"
1859,0,0,0,FALSE,"holm"
1860,0,0,0,FALSE,"holm"
1861,1,0,0,FALSE,"holm"
1862,1,0,0,FALSE,"holm"
1863,0,0,0,FALSE,"holm"
1864,1,0,0,FALSE,"holm"
1865,4,0,0,FALSE,"holm"
1866,1,0,0,FALSE,"holm"
1867,0,0,0,FALSE,"holm"
1868,2,0,0,FALSE,"holm"
1869,0,0,0,FALSE,"holm"
1870,0,0,0,FALSE,"holm"
1871,0,0,0,FALSE,"holm"
1872,1,0,0,FALSE,"holm"
1873,0,0,0,FALSE,"holm"
1874,0,0,0,FALSE,"holm"
1875,1,0,0,FALSE,"holm"
1876,2,0,0,FALSE,"holm"
1877,0,0,0,FALSE,"holm"
1878,1,1,1,TRUE,"holm"
1879,0,0,0,FALSE,"holm"
1880,2,0,0,FALSE,"holm"
1881,0,0,0,FALSE,"holm"
1882,2,1,0.5,TRUE,"holm"
1883,2,0,0,FALSE,"holm"
1884,1,0,0,FALSE,"holm"
1885,0,0,0,FALSE,"holm"
1886,0,0,0,FALSE,"holm"
1887,1,0,0,FALSE,"holm"
1888,2,0,0,FALSE,"holm"
1889,1,0,0,FALSE,"holm"
1890,0,0,0,FALSE,"holm"
1891,0,0,0,FALSE,"holm"
1892,2,0,0,FALSE,"holm"
1893,1,0,0,FALSE,"holm"
1894,1,0,0,FALSE,"holm"
1895,1,0,0,FALSE,"holm"
1896,0,0,0,FALSE,"holm"
1897,1,0,0,FALSE,"holm"
1898,0,0,0,FALSE,"holm"
1899,2,1,0.5,TRUE,"holm"
1900,1,0,0,FALSE,"holm"
1901,3,1,0.333333333333333,TRUE,"holm"
1902,1,0,0,FALSE,"holm"
1903,2,0,0,FALSE,"holm"
1904,2,0,0,FALSE,"holm"
1905,0,0,0,FALSE,"holm"
1906,0,0,0,FALSE,"holm"
1907,0,0,0,FALSE,"holm"
1908,0,0,0,FALSE,"holm"
1909,0,0,0,FALSE,"holm"
1910,2,1,0.5,TRUE,"holm"
1911,1,0,0,FALSE,"holm"
1912,2,0,0,FALSE,"holm"
1913,0,0,0,FALSE,"holm"
1914,0,0,0,FALSE,"holm"
1915,0,0,0,FALSE,"holm"
1916,0,0,0,FALSE,"holm"
1917,1,0,0,FALSE,"holm"
1918,0,0,0,FALSE,"holm"
1919,1,0,0,FALSE,"holm"
1920,0,0,0,FALSE,"holm"
1921,2,0,0,FALSE,"holm"
1922,0,0,0,FALSE,"holm"
1923,0,0,0,FALSE,"holm"
1924,0,0,0,FALSE,"holm"
1925,1,0,0,FALSE,"holm"
1926,2,0,0,FALSE,"holm"
1927,1,0,0,FALSE,"holm"
1928,1,0,0,FALSE,"holm"
1929,0,0,0,FALSE,"holm"
1930,1,0,0,FALSE,"holm"
1931,1,0,0,FALSE,"holm"
1932,0,0,0,FALSE,"holm"
1933,1,0,0,FALSE,"holm"
1934,0,0,0,FALSE,"holm"
1935,2,0,0,FALSE,"holm"
1936,2,0,0,FALSE,"holm"
1937,1,0,0,FALSE,"holm"
1938,0,0,0,FALSE,"holm"
1939,1,0,0,FALSE,"holm"
1940,1,0,0,FALSE,"holm"
1941,1,0,0,FALSE,"holm"
1942,1,0,0,FALSE,"holm"
1943,1,0,0,FALSE,"holm"
1944,1,0,0,FALSE,"holm"
1945,0,0,0,FALSE,"holm"
1946,2,0,0,FALSE,"holm"
1947,1,0,0,FALSE,"holm"
1948,0,0,0,FALSE,"holm"
1949,0,0,0,FALSE,"holm"
1950,0,0,0,FALSE,"holm"
1951,0,0,0,FALSE,"holm"
1952,3,0,0,FALSE,"holm"
1953,1,1,1,TRUE,"holm"
1954,2,0,0,FALSE,"holm"
1955,1,1,1,TRUE,"holm"
1956,1,0,0,FALSE,"holm"
1957,0,0,0,FALSE,"holm"
1958,0,0,0,FALSE,"holm"
1959,1,0,0,FALSE,"holm"
1960,2,0,0,FALSE,"holm"
1961,2,0,0,FALSE,"holm"
1962,0,0,0,FALSE,"holm"
1963,1,0,0,FALSE,"holm"
1964,1,0,0,FALSE,"holm"
1965,1,0,0,FALSE,"holm"
1966,3,0,0,FALSE,"holm"
1967,2,1,0.5,TRUE,"holm"
1968,0,0,0,FALSE,"holm"
1969,2,0,0,FALSE,"holm"
1970,0,0,0,FALSE,"holm"
1971,1,0,0,FALSE,"holm"
1972,0,0,0,FALSE,"holm"
1973,0,0,0,FALSE,"holm"
1974,0,0,0,FALSE,"holm"
1975,0,0,0,FALSE,"holm"
1976,1,0,0,FALSE,"holm"
1977,0,0,0,FALSE,"holm"
1978,2,0,0,FALSE,"holm"
1979,1,0,0,FALSE,"holm"
1980,0,0,0,FALSE,"holm"
1981,2,0,0,FALSE,"holm"
1982,0,0,0,FALSE,"holm"
1983,1,0,0,FALSE,"holm"
1984,0,0,0,FALSE,"holm"
1985,1,0,0,FALSE,"holm"
1986,1,0,0,FALSE,"holm"
1987,2,0,0,FALSE,"holm"
1988,1,0,0,FALSE,"holm"
1989,2,0,0,FALSE,"holm"
1990,1,0,0,FALSE,"holm"
1991,0,0,0,FALSE,"holm"
1992,1,0,0,FALSE,"holm"
1993,0,0,0,FALSE,"holm"
1994,1,0,0,FALSE,"holm"
1995,1,0,0,FALSE,"holm"
1996,1,0,0,FALSE,"holm"
1997,1,0,0,FALSE,"holm"
1998,1,0,0,FALSE,"holm"
1999,0,0,0,FALSE,"holm"
2000,1,0,0,FALSE,"holm"
2001,1,0,0,FALSE,"holm"
2002,1,0,0,FALSE,"holm"
2003,1,0,0,FALSE,"holm"
2004,1,0,0,FALSE,"holm"
2005,2,0,0,FALSE,"holm"
2006,1,0,0,FALSE,"holm"
2007,0,0,0,FALSE,"holm"
2008,1,0,0,FALSE,"holm"
2009,2,0,0,FALSE,"holm"
2010,1,0,0,FALSE,"holm"
2011,0,0,0,FALSE,"holm"
2012,1,0,0,FALSE,"holm"
2013,1,0,0,FALSE,"holm"
2014,0,0,0,FALSE,"holm"
2015,0,0,0,FALSE,"holm"
2016,2,1,0.5,TRUE,"holm"
2017,2,0,0,FALSE,"holm"
2018,1,0,0,FALSE,"holm"
2019,0,0,0,FALSE,"holm"
2020,1,0,0,FALSE,"holm"
2021,3,0,0,FALSE,"holm"
2022,0,0,0,FALSE,"holm"
2023,1,0,0,FALSE,"holm"
2024,1,0,0,FALSE,"holm"
2025,0,0,0,FALSE,"holm"
2026,0,0,0,FALSE,"holm"
2027,1,0,0,FALSE,"holm"
2028,1,1,1,TRUE,"holm"
2029,1,0,0,FALSE,"holm"
2030,1,0,0,FALSE,"holm"
2031,1,0,0,FALSE,"holm"
2032,0,0,0,FALSE,"holm"
2033,0,0,0,FALSE,"holm"
2034,0,0,0,FALSE,"holm"
2035,1,0,0,FALSE,"holm"
2036,1,0,0,FALSE,"holm"
2037,1,0,0,FALSE,"holm"
2038,0,0,0,FALSE,"holm"
2039,1,0,0,FALSE,"holm"
2040,1,0,0,FALSE,"holm"
2041,0,0,0,FALSE,"holm"
2042,2,0,0,FALSE,"holm"
2043,3,0,0,FALSE,"holm"
2044,0,0,0,FALSE,"holm"
2045,3,0,0,FALSE,"holm"
2046,0,0,0,FALSE,"holm"
2047,1,0,0,FALSE,"holm"
2048,0,0,0,FALSE,"holm"
2049,1,0,0,FALSE,"holm"
2050,0,0,0,FALSE,"holm"
2051,1,0,0,FALSE,"holm"
2052,2,0,0,FALSE,"holm"
2053,0,0,0,FALSE,"holm"
2054,1,0,0,FALSE,"holm"
2055,1,0,0,FALSE,"holm"
2056,1,0,0,FALSE,"holm"
2057,3,1,0.333333333333333,TRUE,"holm"
2058,2,0,0,FALSE,"holm"
2059,2,0,0,FALSE,"holm"
2060,2,0,0,FALSE,"holm"
2061,2,0,0,FALSE,"holm"
2062,0,0,0,FALSE,"holm"
2063,1,0,0,FALSE,"holm"
2064,2,0,0,FALSE,"holm"
2065,1,0,0,FALSE,"holm"
2066,0,0,0,FALSE,"holm"
2067,1,0,0,FALSE,"holm"
2068,1,0,0,FALSE,"holm"
2069,1,1,1,TRUE,"holm"
2070,1,0,0,FALSE,"holm"
2071,1,0,0,FALSE,"holm"
2072,1,0,0,FALSE,"holm"
2073,1,1,1,TRUE,"holm"
2074,0,0,0,FALSE,"holm"
2075,1,0,0,FALSE,"holm"
2076,0,0,0,FALSE,"holm"
2077,0,0,0,FALSE,"holm"
2078,2,0,0,FALSE,"holm"
2079,1,0,0,FALSE,"holm"
2080,2,0,0,FALSE,"holm"
2081,1,0,0,FALSE,"holm"
2082,0,0,0,FALSE,"holm"
2083,0,0,0,FALSE,"holm"
2084,1,0,0,FALSE,"holm"
2085,3,0,0,FALSE,"holm"
2086,1,0,0,FALSE,"holm"
2087,1,0,0,FALSE,"holm"
2088,0,0,0,FALSE,"holm"
2089,2,1,0.5,TRUE,"holm"
2090,1,0,0,FALSE,"holm"
2091,1,0,0,FALSE,"holm"
2092,2,0,0,FALSE,"holm"
2093,1,0,0,FALSE,"holm"
2094,2,0,0,FALSE,"holm"
2095,1,0,0,FALSE,"holm"
2096,2,0,0,FALSE,"holm"
2097,3,0,0,FALSE,"holm"
2098,0,0,0,FALSE,"holm"
2099,3,0,0,FALSE,"holm"
2100,0,0,0,FALSE,"holm"
2101,3,0,0,FALSE,"holm"
2102,2,0,0,FALSE,"holm"
2103,1,0,0,FALSE,"holm"
2104,2,0,0,FALSE,"holm"
2105,0,0,0,FALSE,"holm"
2106,0,0,0,FALSE,"holm"
2107,0,0,0,FALSE,"holm"
2108,0,0,0,FALSE,"holm"
2109,1,0,0,FALSE,"holm"
2110,1,0,0,FALSE,"holm"
2111,0,0,0,FALSE,"holm"
2112,1,1,1,TRUE,"holm"
2113,0,0,0,FALSE,"holm"
2114,1,0,0,FALSE,"holm"
2115,2,0,0,FALSE,"holm"
2116,1,1,1,TRUE,"holm"
2117,0,0,0,FALSE,"holm"
2118,1,0,0,FALSE,"holm"
2119,1,0,0,FALSE,"holm"
2120,1,1,1,TRUE,"holm"
2121,1,0,0,FALSE,"holm"
2122,1,0,0,FALSE,"holm"
2123,1,0,0,FALSE,"holm"
2124,1,0,0,FALSE,"holm"
2125,0,0,0,FALSE,"holm"
2126,0,0,0,FALSE,"holm"
2127,0,0,0,FALSE,"holm"
2128,3,0,0,FALSE,"holm"
2129,0,0,0,FALSE,"holm"
2130,2,0,0,FALSE,"holm"
2131,0,0,0,FALSE,"holm"
2132,1,0,0,FALSE,"holm"
2133,0,0,0,FALSE,"holm"
2134,1,0,0,FALSE,"holm"
2135,1,0,0,FALSE,"holm"
2136,1,0,0,FALSE,"holm"
2137,0,0,0,FALSE,"holm"
2138,2,0,0,FALSE,"holm"
2139,0,0,0,FALSE,"holm"
2140,0,0,0,FALSE,"holm"
2141,0,0,0,FALSE,"holm"
2142,0,0,0,FALSE,"holm"
2143,0,0,0,FALSE,"holm"
2144,2,0,0,FALSE,"holm"
2145,1,0,0,FALSE,"holm"
2146,0,0,0,FALSE,"holm"
2147,0,0,0,FALSE,"holm"
2148,0,0,0,FALSE,"holm"
2149,0,0,0,FALSE,"holm"
2150,0,0,0,FALSE,"holm"
2151,0,0,0,FALSE,"holm"
2152,0,0,0,FALSE,"holm"
2153,1,0,0,FALSE,"holm"
2154,0,0,0,FALSE,"holm"
2155,1,0,0,FALSE,"holm"
2156,1,0,0,FALSE,"holm"
2157,1,0,0,FALSE,"holm"
2158,0,0,0,FALSE,"holm"
2159,1,0,0,FALSE,"holm"
2160,0,0,0,FALSE,"holm"
2161,1,0,0,FALSE,"holm"
2162,3,1,0.333333333333333,TRUE,"holm"
2163,1,0,0,FALSE,"holm"
2164,0,0,0,FALSE,"holm"
2165,1,0,0,FALSE,"holm"
2166,1,0,0,FALSE,"holm"
2167,2,0,0,FALSE,"holm"
2168,1,0,0,FALSE,"holm"
2169,0,0,0,FALSE,"holm"
2170,1,0,0,FALSE,"holm"
2171,0,0,0,FALSE,"holm"
2172,0,0,0,FALSE,"holm"
2173,0,0,0,FALSE,"holm"
2174,1,0,0,FALSE,"holm"
2175,1,0,0,FALSE,"holm"
2176,1,0,0,FALSE,"holm"
2177,1,0,0,FALSE,"holm"
2178,0,0,0,FALSE,"holm"
2179,0,0,0,FALSE,"holm"
2180,2,0,0,FALSE,"holm"
2181,2,1,0.5,TRUE,"holm"
2182,0,0,0,FALSE,"holm"
2183,1,0,0,FALSE,"holm"
2184,0,0,0,FALSE,"holm"
2185,0,0,0,FALSE,"holm"
2186,2,0,0,FALSE,"holm"
2187,2,0,0,FALSE,"holm"
2188,0,0,0,FALSE,"holm"
2189,0,0,0,FALSE,"holm"
2190,2,0,0,FALSE,"holm"
2191,0,0,0,FALSE,"holm"
2192,0,0,0,FALSE,"holm"
2193,0,0,0,FALSE,"holm"
2194,1,0,0,FALSE,"holm"
2195,2,0,0,FALSE,"holm"
2196,3,0,0,FALSE,"holm"
2197,0,0,0,FALSE,"holm"
2198,0,0,0,FALSE,"holm"
2199,0,0,0,FALSE,"holm"
2200,1,0,0,FALSE,"holm"
2201,2,0,0,FALSE,"holm"
2202,2,0,0,FALSE,"holm"
2203,1,0,0,FALSE,"holm"
2204,0,0,0,FALSE,"holm"
2205,0,0,0,FALSE,"holm"
2206,1,0,0,FALSE,"holm"
2207,3,0,0,FALSE,"holm"
2208,1,0,0,FALSE,"holm"
2209,1,0,0,FALSE,"holm"
2210,2,0,0,FALSE,"holm"
2211,1,0,0,FALSE,"holm"
2212,2,0,0,FALSE,"holm"
2213,2,0,0,FALSE,"holm"
2214,2,0,0,FALSE,"holm"
2215,0,0,0,FALSE,"holm"
2216,0,0,0,FALSE,"holm"
2217,0,0,0,FALSE,"holm"
2218,0,0,0,FALSE,"holm"
2219,1,0,0,FALSE,"holm"
2220,0,0,0,FALSE,"holm"
2221,2,1,0.5,TRUE,"holm"
2222,1,0,0,FALSE,"holm"
2223,2,0,0,FALSE,"holm"
2224,0,0,0,FALSE,"holm"
2225,0,0,0,FALSE,"holm"
2226,1,0,0,FALSE,"holm"
2227,0,0,0,FALSE,"holm"
2228,1,0,0,FALSE,"holm"
2229,0,0,0,FALSE,"holm"
2230,0,0,0,FALSE,"holm"
2231,0,0,0,FALSE,"holm"
2232,3,0,0,FALSE,"holm"
2233,0,0,0,FALSE,"holm"
2234,1,0,0,FALSE,"holm"
2235,1,0,0,FALSE,"holm"
2236,2,0,0,FALSE,"holm"
2237,1,0,0,FALSE,"holm"
2238,2,0,0,FALSE,"holm"
2239,2,0,0,FALSE,"holm"
2240,1,0,0,FALSE,"holm"
2241,2,0,0,FALSE,"holm"
2242,2,0,0,FALSE,"holm"
2243,1,0,0,FALSE,"holm"
2244,0,0,0,FALSE,"holm"
2245,0,0,0,FALSE,"holm"
2246,1,0,0,FALSE,"holm"
2247,1,0,0,FALSE,"holm"
2248,1,0,0,FALSE,"holm"
2249,2,0,0,FALSE,"holm"
2250,1,0,0,FALSE,"holm"
2251,2,0,0,FALSE,"holm"
2252,1,0,0,FALSE,"holm"
2253,1,0,0,FALSE,"holm"
2254,2,0,0,FALSE,"holm"
2255,0,0,0,FALSE,"holm"
2256,0,0,0,FALSE,"holm"
2257,0,0,0,FALSE,"holm"
2258,1,0,0,FALSE,"holm"
2259,2,0,0,FALSE,"holm"
2260,0,0,0,FALSE,"holm"
2261,2,0,0,FALSE,"holm"
2262,0,0,0,FALSE,"holm"
2263,0,0,0,FALSE,"holm"
2264,0,0,0,FALSE,"holm"
2265,0,0,0,FALSE,"holm"
2266,1,0,0,FALSE,"holm"
2267,0,0,0,FALSE,"holm"
2268,1,0,0,FALSE,"holm"
2269,1,0,0,FALSE,"holm"
2270,1,0,0,FALSE,"holm"
2271,0,0,0,FALSE,"holm"
2272,0,0,0,FALSE,"holm"
2273,0,0,0,FALSE,"holm"
2274,1,0,0,FALSE,"holm"
2275,2,0,0,FALSE,"holm"
2276,0,0,0,FALSE,"holm"
2277,1,0,0,FALSE,"holm"
2278,1,0,0,FALSE,"holm"
2279,0,0,0,FALSE,"holm"
2280,1,0,0,FALSE,"holm"
2281,1,0,0,FALSE,"holm"
2282,1,0,0,FALSE,"holm"
2283,1,0,0,FALSE,"holm"
2284,0,0,0,FALSE,"holm"
2285,0,0,0,FALSE,"holm"
2286,0,0,0,FALSE,"holm"
2287,1,0,0,FALSE,"holm"
2288,1,0,0,FALSE,"holm"
2289,2,0,0,FALSE,"holm"
2290,1,0,0,FALSE,"holm"
2291,1,0,0,FALSE,"holm"
2292,0,0,0,FALSE,"holm"
2293,0,0,0,FALSE,"holm"
2294,0,0,0,FALSE,"holm"
2295,1,0,0,FALSE,"holm"
2296,3,0,0,FALSE,"holm"
2297,1,0,0,FALSE,"holm"
2298,3,0,0,FALSE,"holm"
2299,0,0,0,FALSE,"holm"
2300,1,0,0,FALSE,"holm"
2301,0,0,0,FALSE,"holm"
2302,1,0,0,FALSE,"holm"
2303,0,0,0,FALSE,"holm"
2304,2,0,0,FALSE,"holm"
2305,1,0,0,FALSE,"holm"
2306,0,0,0,FALSE,"holm"
2307,1,0,0,FALSE,"holm"
2308,0,0,0,FALSE,"holm"
2309,1,0,0,FALSE,"holm"
2310,0,0,0,FALSE,"holm"
2311,0,0,0,FALSE,"holm"
2312,1,0,0,FALSE,"holm"
2313,1,0,0,FALSE,"holm"
2314,0,0,0,FALSE,"holm"
2315,0,0,0,FALSE,"holm"
2316,1,0,0,FALSE,"holm"
2317,0,0,0,FALSE,"holm"
2318,0,0,0,FALSE,"holm"
2319,1,0,0,FALSE,"holm"
2320,2,1,0.5,TRUE,"holm"
2321,0,0,0,FALSE,"holm"
2322,1,0,0,FALSE,"holm"
2323,0,0,0,FALSE,"holm"
2324,1,0,0,FALSE,"holm"
2325,1,0,0,FALSE,"holm"
2326,1,0,0,FALSE,"holm"
2327,0,0,0,FALSE,"holm"
2328,0,0,0,FALSE,"holm"
2329,1,0,0,FALSE,"holm"
2330,1,0,0,FALSE,"holm"
2331,2,0,0,FALSE,"holm"
2332,2,0,0,FALSE,"holm"
2333,3,0,0,FALSE,"holm"
2334,2,0,0,FALSE,"holm"
2335,0,0,0,FALSE,"holm"
2336,1,0,0,FALSE,"holm"
2337,1,0,0,FALSE,"holm"
2338,1,0,0,FALSE,"holm"
2339,0,0,0,FALSE,"holm"
2340,1,0,0,FALSE,"holm"
2341,1,0,0,FALSE,"holm"
2342,0,0,0,FALSE,"holm"
2343,0,0,0,FALSE,"holm"
2344,0,0,0,FALSE,"holm"
2345,2,0,0,FALSE,"holm"
2346,4,1,0.25,TRUE,"holm"
2347,1,0,0,FALSE,"holm"
2348,0,0,0,FALSE,"holm"
2349,0,0,0,FALSE,"holm"
2350,1,0,0,FALSE,"holm"
2351,3,1,0.333333333333333,TRUE,"holm"
2352,1,0,0,FALSE,"holm"
2353,2,0,0,FALSE,"holm"
2354,0,0,0,FALSE,"holm"
2355,2,0,0,FALSE,"holm"
2356,1,0,0,FALSE,"holm"
2357,0,0,0,FALSE,"holm"
2358,2,0,0,FALSE,"holm"
2359,0,0,0,FALSE,"holm"
2360,2,0,0,FALSE,"holm"
2361,1,0,0,FALSE,"holm"
2362,1,0,0,FALSE,"holm"
2363,1,0,0,FALSE,"holm"
2364,1,0,0,FALSE,"holm"
2365,1,0,0,FALSE,"holm"
2366,1,1,1,TRUE,"holm"
2367,0,0,0,FALSE,"holm"
2368,1,0,0,FALSE,"holm"
2369,0,0,0,FALSE,"holm"
2370,1,0,0,FALSE,"holm"
2371,1,0,0,FALSE,"holm"
2372,0,0,0,FALSE,"holm"
2373,0,0,0,FALSE,"holm"
2374,1,0,0,FALSE,"holm"
2375,1,0,0,FALSE,"holm"
2376,1,0,0,FALSE,"holm"
2377,1,0,0,FALSE,"holm"
2378,0,0,0,FALSE,"holm"
2379,0,0,0,FALSE,"holm"
2380,2,0,0,FALSE,"holm"
2381,1,0,0,FALSE,"holm"
2382,0,0,0,FALSE,"holm"
2383,2,0,0,FALSE,"holm"
2384,1,0,0,FALSE,"holm"
2385,1,0,0,FALSE,"holm"
2386,2,0,0,FALSE,"holm"
2387,0,0,0,FALSE,"holm"
2388,0,0,0,FALSE,"holm"
2389,2,0,0,FALSE,"holm"
2390,3,0,0,FALSE,"holm"
2391,0,0,0,FALSE,"holm"
2392,3,0,0,FALSE,"holm"
2393,1,0,0,FALSE,"holm"
2394,1,0,0,FALSE,"holm"
2395,2,0,0,FALSE,"holm"
2396,1,0,0,FALSE,"holm"
2397,1,0,0,FALSE,"holm"
2398,1,0,0,FALSE,"holm"
2399,0,0,0,FALSE,"holm"
2400,1,0,0,FALSE,"holm"
2401,2,0,0,FALSE,"holm"
2402,2,0,0,FALSE,"holm"
2403,2,0,0,FALSE,"holm"
2404,0,0,0,FALSE,"holm"
2405,2,0,0,FALSE,"holm"
2406,1,0,0,FALSE,"holm"
2407,1,1,1,TRUE,"holm"
2408,0,0,0,FALSE,"holm"
2409,2,2,1,TRUE,"holm"
2410,1,0,0,FALSE,"holm"
2411,0,0,0,FALSE,"holm"
2412,2,0,0,FALSE,"holm"
2413,1,0,0,FALSE,"holm"
2414,1,0,0,FALSE,"holm"
2415,1,0,0,FALSE,"holm"
2416,1,0,0,FALSE,"holm"
2417,0,0,0,FALSE,"holm"
2418,1,0,0,FALSE,"holm"
2419,1,0,0,FALSE,"holm"
2420,2,0,0,FALSE,"holm"
2421,1,0,0,FALSE,"holm"
2422,2,0,0,FALSE,"holm"
2423,1,0,0,FALSE,"holm"
2424,2,0,0,FALSE,"holm"
2425,0,0,0,FALSE,"holm"
2426,2,0,0,FALSE,"holm"
2427,0,0,0,FALSE,"holm"
2428,0,0,0,FALSE,"holm"
2429,0,0,0,FALSE,"holm"
2430,0,0,0,FALSE,"holm"
2431,0,0,0,FALSE,"holm"
2432,2,1,0.5,TRUE,"holm"
2433,0,0,0,FALSE,"holm"
2434,2,0,0,FALSE,"holm"
2435,1,0,0,FALSE,"holm"
2436,2,0,0,FALSE,"holm"
2437,0,0,0,FALSE,"holm"
2438,2,0,0,FALSE,"holm"
2439,0,0,0,FALSE,"holm"
2440,1,0,0,FALSE,"holm"
2441,0,0,0,FALSE,"holm"
2442,3,0,0,FALSE,"holm"
2443,0,0,0,FALSE,"holm"
2444,0,0,0,FALSE,"holm"
2445,0,0,0,FALSE,"holm"
2446,2,0,0,FALSE,"holm"
2447,2,0,0,FALSE,"holm"
2448,1,0,0,FALSE,"holm"
2449,0,0,0,FALSE,"holm"
2450,1,0,0,FALSE,"holm"
2451,2,0,0,FALSE,"holm"
2452,0,0,0,FALSE,"holm"
2453,2,0,0,FALSE,"holm"
2454,0,0,0,FALSE,"holm"
2455,0,0,0,FALSE,"holm"
2456,0,0,0,FALSE,"holm"
2457,1,0,0,FALSE,"holm"
2458,1,0,0,FALSE,"holm"
2459,2,0,0,FALSE,"holm"
2460,0,0,0,FALSE,"holm"
2461,3,0,0,FALSE,"holm"
2462,0,0,0,FALSE,"holm"
2463,2,0,0,FALSE,"holm"
2464,1,0,0,FALSE,"holm"
2465,1,0,0,FALSE,"holm"
2466,0,0,0,FALSE,"holm"
2467,1,0,0,FALSE,"holm"
2468,0,0,0,FALSE,"holm"
2469,1,0,0,FALSE,"holm"
2470,1,0,0,FALSE,"holm"
2471,2,0,0,FALSE,"holm"
2472,0,0,0,FALSE,"holm"
2473,0,0,0,FALSE,"holm"
2474,0,0,0,FALSE,"holm"
2475,1,0,0,FALSE,"holm"
2476,3,0,0,FALSE,"holm"
2477,1,1,1,TRUE,"holm"
2478,1,0,0,FALSE,"holm"
2479,1,0,0,FALSE,"holm"
2480,1,1,1,TRUE,"holm"
2481,0,0,0,FALSE,"holm"
2482,1,0,0,FALSE,"holm"
2483,1,0,0,FALSE,"holm"
2484,2,1,0.5,TRUE,"holm"
2485,1,0,0,FALSE,"holm"
2486,0,0,0,FALSE,"holm"
2487,0,0,0,FALSE,"holm"
2488,1,0,0,FALSE,"holm"
2489,0,0,0,FALSE,"holm"
2490,1,0,0,FALSE,"holm"
2491,2,0,0,FALSE,"holm"
2492,0,0,0,FALSE,"holm"
2493,1,0,0,FALSE,"holm"
2494,0,0,0,FALSE,"holm"
2495,0,0,0,FALSE,"holm"
2496,2,0,0,FALSE,"holm"
2497,0,0,0,FALSE,"holm"
2498,1,0,0,FALSE,"holm"
2499,0,0,0,FALSE,"holm"
2500,2,1,0.5,TRUE,"holm"
2501,1,0,0,FALSE,"holm"
2502,1,0,0,FALSE,"holm"
2503,0,0,0,FALSE,"holm"
2504,0,0,0,FALSE,"holm"
2505,1,0,0,FALSE,"holm"
2506,1,0,0,FALSE,"holm"
2507,0,0,0,FALSE,"holm"
2508,0,0,0,FALSE,"holm"
2509,0,0,0,FALSE,"holm"
2510,1,0,0,FALSE,"holm"
2511,0,0,0,FALSE,"holm"
2512,1,0,0,FALSE,"holm"
2513,1,0,0,FALSE,"holm"
2514,0,0,0,FALSE,"holm"
2515,0,0,0,FALSE,"holm"
2516,1,0,0,FALSE,"holm"
2517,1,0,0,FALSE,"holm"
2518,2,0,0,FALSE,"holm"
2519,1,0,0,FALSE,"holm"
2520,2,0,0,FALSE,"holm"
2521,1,0,0,FALSE,"holm"
2522,0,0,0,FALSE,"holm"
2523,2,0,0,FALSE,"holm"
2524,2,0,0,FALSE,"holm"
2525,1,0,0,FALSE,"holm"
2526,2,0,0,FALSE,"holm"
2527,1,0,0,FALSE,"holm"
2528,0,0,0,FALSE,"holm"
2529,1,0,0,FALSE,"holm"
2530,1,0,0,FALSE,"holm"
2531,1,0,0,FALSE,"holm"
2532,0,0,0,FALSE,"holm"
2533,1,0,0,FALSE,"holm"
2534,1,0,0,FALSE,"holm"
2535,1,0,0,FALSE,"holm"
2536,2,0,0,FALSE,"holm"
2537,1,0,0,FALSE,"holm"
2538,2,0,0,FALSE,"holm"
2539,1,0,0,FALSE,"holm"
2540,0,0,0,FALSE,"holm"
2541,1,0,0,FALSE,"holm"
2542,1,0,0,FALSE,"holm"
2543,1,0,0,FALSE,"holm"
2544,2,0,0,FALSE,"holm"
2545,1,0,0,FALSE,"holm"
2546,0,0,0,FALSE,"holm"
2547,1,0,0,FALSE,"holm"
2548,0,0,0,FALSE,"holm"
2549,0,0,0,FALSE,"holm"
2550,0,0,0,FALSE,"holm"
2551,1,0,0,FALSE,"holm"
2552,1,0,0,FALSE,"holm"
2553,1,0,0,FALSE,"holm"
2554,2,0,0,FALSE,"holm"
2555,0,0,0,FALSE,"holm"
2556,1,0,0,FALSE,"holm"
2557,0,0,0,FALSE,"holm"
2558,1,0,0,FALSE,"holm"
2559,0,0,0,FALSE,"holm"
2560,0,0,0,FALSE,"holm"
2561,1,0,0,FALSE,"holm"
2562,1,0,0,FALSE,"holm"
2563,2,0,0,FALSE,"holm"
2564,0,0,0,FALSE,"holm"
2565,1,0,0,FALSE,"holm"
2566,0,0,0,FALSE,"holm"
2567,0,0,0,FALSE,"holm"
2568,1,0,0,FALSE,"holm"
2569,0,0,0,FALSE,"holm"
2570,1,0,0,FALSE,"holm"
2571,1,0,0,FALSE,"holm"
2572,1,0,0,FALSE,"holm"
2573,0,0,0,FALSE,"holm"
2574,1,0,0,FALSE,"holm"
2575,0,0,0,FALSE,"holm"
2576,1,0,0,FALSE,"holm"
2577,1,0,0,FALSE,"holm"
2578,0,0,0,FALSE,"holm"
2579,0,0,0,FALSE,"holm"
2580,0,0,0,FALSE,"holm"
2581,1,0,0,FALSE,"holm"
2582,0,0,0,FALSE,"holm"
2583,1,0,0,FALSE,"holm"
2584,1,0,0,FALSE,"holm"
2585,2,0,0,FALSE,"holm"
2586,2,0,0,FALSE,"holm"
2587,1,0,0,FALSE,"holm"
2588,0,0,0,FALSE,"holm"
2589,0,0,0,FALSE,"holm"
2590,2,0,0,FALSE,"holm"
2591,2,0,0,FALSE,"holm"
2592,1,0,0,FALSE,"holm"
2593,1,0,0,FALSE,"holm"
2594,0,0,0,FALSE,"holm"
2595,0,0,0,FALSE,"holm"
2596,0,0,0,FALSE,"holm"
2597,0,0,0,FALSE,"holm"
2598,0,0,0,FALSE,"holm"
2599,2,0,0,FALSE,"holm"
2600,1,0,0,FALSE,"holm"
2601,3,1,0.333333333333333,TRUE,"holm"
2602,0,0,0,FALSE,"holm"
2603,0,0,0,FALSE,"holm"
2604,0,0,0,FALSE,"holm"
2605,0,0,0,FALSE,"holm"
2606,3,0,0,FALSE,"holm"
2607,0,0,0,FALSE,"holm"
2608,0,0,0,FALSE,"holm"
2609,2,0,0,FALSE,"holm"
2610,0,0,0,FALSE,"holm"
2611,0,0,0,FALSE,"holm"
2612,1,0,0,FALSE,"holm"
2613,2,0,0,FALSE,"holm"
2614,3,0,0,FALSE,"holm"
2615,1,0,0,FALSE,"holm"
2616,0,0,0,FALSE,"holm"
2617,2,0,0,FALSE,"holm"
2618,2,0,0,FALSE,"holm"
2619,1,0,0,FALSE,"holm"
2620,0,0,0,FALSE,"holm"
2621,4,0,0,FALSE,"holm"
2622,0,0,0,FALSE,"holm"
2623,0,0,0,FALSE,"holm"
2624,1,0,0,FALSE,"holm"
2625,3,0,0,FALSE,"holm"
2626,0,0,0,FALSE,"holm"
2627,1,0,0,FALSE,"holm"
2628,0,0,0,FALSE,"holm"
2629,1,1,1,TRUE,"holm"
2630,2,0,0,FALSE,"holm"
2631,0,0,0,FALSE,"holm"
2632,1,0,0,FALSE,"holm"
2633,1,0,0,FALSE,"holm"
2634,0,0,0,FALSE,"holm"
2635,4,0,0,FALSE,"holm"
2636,0,0,0,FALSE,"holm"
2637,1,0,0,FALSE,"holm"
2638,2,0,0,FALSE,"holm"
2639,2,0,0,FALSE,"holm"
2640,0,0,0,FALSE,"holm"
2641,2,0,0,FALSE,"holm"
2642,0,0,0,FALSE,"holm"
2643,0,0,0,FALSE,"holm"
2644,0,0,0,FALSE,"holm"
2645,0,0,0,FALSE,"holm"
2646,3,0,0,FALSE,"holm"
2647,1,0,0,FALSE,"holm"
2648,1,0,0,FALSE,"holm"
2649,1,0,0,FALSE,"holm"
2650,2,0,0,FALSE,"holm"
2651,1,0,0,FALSE,"holm"
2652,1,0,0,FALSE,"holm"
2653,2,0,0,FALSE,"holm"
2654,2,0,0,FALSE,"holm"
2655,0,0,0,FALSE,"holm"
2656,1,0,0,FALSE,"holm"
2657,1,0,0,FALSE,"holm"
2658,0,0,0,FALSE,"holm"
2659,0,0,0,FALSE,"holm"
2660,0,0,0,FALSE,"holm"
2661,2,0,0,FALSE,"holm"
2662,1,0,0,FALSE,"holm"
2663,1,0,0,FALSE,"holm"
2664,0,0,0,FALSE,"holm"
2665,0,0,0,FALSE,"holm"
2666,2,0,0,FALSE,"holm"
2667,0,0,0,FALSE,"holm"
2668,0,0,0,FALSE,"holm"
2669,1,0,0,FALSE,"holm"
2670,0,0,0,FALSE,"holm"
2671,1,0,0,FALSE,"holm"
2672,1,0,0,FALSE,"holm"
2673,3,1,0.333333333333333,TRUE,"holm"
2674,0,0,0,FALSE,"holm"
2675,3,0,0,FALSE,"holm"
2676,1,0,0,FALSE,"holm"
2677,0,0,0,FALSE,"holm"
2678,2,0,0,FALSE,"holm"
2679,0,0,0,FALSE,"holm"
2680,1,0,0,FALSE,"holm"
2681,0,0,0,FALSE,"holm"
2682,1,0,0,FALSE,"holm"
2683,1,0,0,FALSE,"holm"
2684,2,0,0,FALSE,"holm"
2685,1,0,0,FALSE,"holm"
2686,2,0,0,FALSE,"holm"
2687,1,0,0,FALSE,"holm"
2688,0,0,0,FALSE,"holm"
2689,2,0,0,FALSE,"holm"
2690,0,0,0,FALSE,"holm"
2691,2,0,0,FALSE,"holm"
2692,1,0,0,FALSE,"holm"
2693,1,0,0,FALSE,"holm"
2694,2,0,0,FALSE,"holm"
2695,0,0,0,FALSE,"holm"
2696,1,0,0,FALSE,"holm"
2697,0,0,0,FALSE,"holm"
2698,0,0,0,FALSE,"holm"
2699,0,0,0,FALSE,"holm"
2700,0,0,0,FALSE,"holm"
2701,0,0,0,FALSE,"holm"
2702,0,0,0,FALSE,"holm"
2703,0,0,0,FALSE,"holm"
2704,1,0,0,FALSE,"holm"
2705,1,0,0,FALSE,"holm"
2706,0,0,0,FALSE,"holm"
2707,1,0,0,FALSE,"holm"
2708,1,0,0,FALSE,"holm"
2709,1,0,0,FALSE,"holm"
2710,5,1,0.2,TRUE,"holm"
2711,2,0,0,FALSE,"holm"
2712,1,0,0,FALSE,"holm"
2713,0,0,0,FALSE,"holm"
2714,0,0,0,FALSE,"holm"
2715,1,0,0,FALSE,"holm"
2716,0,0,0,FALSE,"holm"
2717,0,0,0,FALSE,"holm"
2718,0,0,0,FALSE,"holm"
2719,2,0,0,FALSE,"holm"
2720,1,0,0,FALSE,"holm"
2721,1,0,0,FALSE,"holm"
2722,1,0,0,FALSE,"holm"
2723,0,0,0,FALSE,"holm"
2724,0,0,0,FALSE,"holm"
2725,0,0,0,FALSE,"holm"
2726,1,0,0,FALSE,"holm"
2727,0,0,0,FALSE,"holm"
2728,1,0,0,FALSE,"holm"
2729,0,0,0,FALSE,"holm"
2730,0,0,0,FALSE,"holm"
2731,0,0,0,FALSE,"holm"
2732,0,0,0,FALSE,"holm"
2733,2,0,0,FALSE,"holm"
2734,1,0,0,FALSE,"holm"
2735,0,0,0,FALSE,"holm"
2736,0,0,0,FALSE,"holm"
2737,0,0,0,FALSE,"holm"
2738,1,0,0,FALSE,"holm"
2739,0,0,0,FALSE,"holm"
2740,2,0,0,FALSE,"holm"
2741,3,0,0,FALSE,"holm"
2742,1,0,0,FALSE,"holm"
2743,2,0,0,FALSE,"holm"
2744,1,0,0,FALSE,"holm"
2745,1,0,0,FALSE,"holm"
2746,0,0,0,FALSE,"holm"
2747,2,0,0,FALSE,"holm"
2748,0,0,0,FALSE,"holm"
2749,1,0,0,FALSE,"holm"
2750,2,0,0,FALSE,"holm"
2751,1,0,0,FALSE,"holm"
2752,1,0,0,FALSE,"holm"
2753,1,0,0,FALSE,"holm"
2754,1,0,0,FALSE,"holm"
2755,1,0,0,FALSE,"holm"
2756,1,0,0,FALSE,"holm"
2757,1,0,0,FALSE,"holm"
2758,2,1,0.5,TRUE,"holm"
2759,0,0,0,FALSE,"holm"
2760,2,0,0,FALSE,"holm"
2761,0,0,0,FALSE,"holm"
2762,1,0,0,FALSE,"holm"
2763,0,0,0,FALSE,"holm"
2764,0,0,0,FALSE,"holm"
2765,1,0,0,FALSE,"holm"
2766,1,0,0,FALSE,"holm"
2767,2,0,0,FALSE,"holm"
2768,1,0,0,FALSE,"holm"
2769,2,0,0,FALSE,"holm"
2770,1,0,0,FALSE,"holm"
2771,1,0,0,FALSE,"holm"
2772,2,0,0,FALSE,"holm"
2773,2,0,0,FALSE,"holm"
2774,2,1,0.5,TRUE,"holm"
2775,2,0,0,FALSE,"holm"
2776,3,0,0,FALSE,"holm"
2777,0,0,0,FALSE,"holm"
2778,0,0,0,FALSE,"holm"
2779,1,0,0,FALSE,"holm"
2780,1,0,0,FALSE,"holm"
2781,1,0,0,FALSE,"holm"
2782,0,0,0,FALSE,"holm"
2783,0,0,0,FALSE,"holm"
2784,1,0,0,FALSE,"holm"
2785,0,0,0,FALSE,"holm"
2786,1,0,0,FALSE,"holm"
2787,2,1,0.5,TRUE,"holm"
2788,0,0,0,FALSE,"holm"
2789,2,0,0,FALSE,"holm"
2790,2,0,0,FALSE,"holm"
2791,0,0,0,FALSE,"holm"
2792,3,1,0.333333333333333,TRUE,"holm"
2793,1,0,0,FALSE,"holm"
2794,0,0,0,FALSE,"holm"
2795,0,0,0,FALSE,"holm"
2796,1,0,0,FALSE,"holm"
2797,1,0,0,FALSE,"holm"
2798,2,0,0,FALSE,"holm"
2799,0,0,0,FALSE,"holm"
2800,1,0,0,FALSE,"holm"
2801,1,0,0,FALSE,"holm"
2802,1,0,0,FALSE,"holm"
2803,1,0,0,FALSE,"holm"
2804,2,0,0,FALSE,"holm"
2805,0,0,0,FALSE,"holm"
2806,1,0,0,FALSE,"holm"
2807,0,0,0,FALSE,"holm"
2808,0,0,0,FALSE,"holm"
2809,1,0,0,FALSE,"holm"
2810,1,0,0,FALSE,"holm"
2811,1,0,0,FALSE,"holm"
2812,0,0,0,FALSE,"holm"
2813,1,0,0,FALSE,"holm"
2814,0,0,0,FALSE,"holm"
2815,0,0,0,FALSE,"holm"
2816,1,0,0,FALSE,"holm"
2817,1,0,0,FALSE,"holm"
2818,2,0,0,FALSE,"holm"
2819,1,0,0,FALSE,"holm"
2820,2,0,0,FALSE,"holm"
2821,1,0,0,FALSE,"holm"
2822,2,0,0,FALSE,"holm"
2823,1,0,0,FALSE,"holm"
2824,0,0,0,FALSE,"holm"
2825,1,0,0,FALSE,"holm"
2826,0,0,0,FALSE,"holm"
2827,1,0,0,FALSE,"holm"
2828,0,0,0,FALSE,"holm"
2829,1,0,0,FALSE,"holm"
2830,0,0,0,FALSE,"holm"
2831,0,0,0,FALSE,"holm"
2832,3,1,0.333333333333333,TRUE,"holm"
2833,2,0,0,FALSE,"holm"
2834,0,0,0,FALSE,"holm"
2835,0,0,0,FALSE,"holm"
2836,1,0,0,FALSE,"holm"
2837,1,0,0,FALSE,"holm"
2838,1,0,0,FALSE,"holm"
2839,2,0,0,FALSE,"holm"
2840,1,0,0,FALSE,"holm"
2841,0,0,0,FALSE,"holm"
2842,1,0,0,FALSE,"holm"
2843,0,0,0,FALSE,"holm"
2844,1,0,0,FALSE,"holm"
2845,1,0,0,FALSE,"holm"
2846,2,0,0,FALSE,"holm"
2847,1,0,0,FALSE,"holm"
2848,2,0,0,FALSE,"holm"
2849,2,0,0,FALSE,"holm"
2850,2,0,0,FALSE,"holm"
2851,1,0,0,FALSE,"holm"
2852,1,0,0,FALSE,"holm"
2853,1,1,1,TRUE,"holm"
2854,0,0,0,FALSE,"holm"
2855,1,0,0,FALSE,"holm"
2856,0,0,0,FALSE,"holm"
2857,2,0,0,FALSE,"holm"
2858,0,0,0,FALSE,"holm"
2859,0,0,0,FALSE,"holm"
2860,0,0,0,FALSE,"holm"
2861,0,0,0,FALSE,"holm"
2862,2,0,0,FALSE,"holm"
2863,0,0,0,FALSE,"holm"
2864,1,0,0,FALSE,"holm"
2865,3,0,0,FALSE,"holm"
2866,2,0,0,FALSE,"holm"
2867,1,0,0,FALSE,"holm"
2868,1,0,0,FALSE,"holm"
2869,1,0,0,FALSE,"holm"
2870,1,0,0,FALSE,"holm"
2871,0,0,0,FALSE,"holm"
2872,1,0,0,FALSE,"holm"
2873,2,0,0,FALSE,"holm"
2874,0,0,0,FALSE,"holm"
2875,0,0,0,FALSE,"holm"
2876,2,0,0,FALSE,"holm"
2877,1,0,0,FALSE,"holm"
2878,1,0,0,FALSE,"holm"
2879,0,0,0,FALSE,"holm"
2880,0,0,0,FALSE,"holm"
2881,1,0,0,FALSE,"holm"
2882,1,1,1,TRUE,"holm"
2883,0,0,0,FALSE,"holm"
2884,2,0,0,FALSE,"holm"
2885,2,0,0,FALSE,"holm"
2886,1,0,0,FALSE,"holm"
2887,0,0,0,FALSE,"holm"
2888,1,0,0,FALSE,"holm"
2889,2,0,0,FALSE,"holm"
2890,1,0,0,FALSE,"holm"
2891,1,0,0,FALSE,"holm"
2892,0,0,0,FALSE,"holm"
2893,0,0,0,FALSE,"holm"
2894,3,0,0,FALSE,"holm"
2895,0,0,0,FALSE,"holm"
2896,0,0,0,FALSE,"holm"
2897,0,0,0,FALSE,"holm"
2898,1,0,0,FALSE,"holm"
2899,0,0,0,FALSE,"holm"
2900,0,0,0,FALSE,"holm"
2901,1,0,0,FALSE,"holm"
2902,1,0,0,FALSE,"holm"
2903,2,0,0,FALSE,"holm"
2904,1,0,0,FALSE,"holm"
2905,2,1,0.5,TRUE,"holm"
2906,0,0,0,FALSE,"holm"
2907,1,0,0,FALSE,"holm"
2908,0,0,0,FALSE,"holm"
2909,0,0,0,FALSE,"holm"
2910,0,0,0,FALSE,"holm"
2911,1,0,0,FALSE,"holm"
2912,1,0,0,FALSE,"holm"
2913,1,0,0,FALSE,"holm"
2914,0,0,0,FALSE,"holm"
2915,2,0,0,FALSE,"holm"
2916,0,0,0,FALSE,"holm"
2917,1,0,0,FALSE,"holm"
2918,0,0,0,FALSE,"holm"
2919,1,0,0,FALSE,"holm"
2920,1,0,0,FALSE,"holm"
2921,2,0,0,FALSE,"holm"
2922,1,0,0,FALSE,"holm"
2923,0,0,0,FALSE,"holm"
2924,2,0,0,FALSE,"holm"
2925,1,0,0,FALSE,"holm"
2926,0,0,0,FALSE,"holm"
2927,0,0,0,FALSE,"holm"
2928,1,0,0,FALSE,"holm"
2929,1,0,0,FALSE,"holm"
2930,1,0,0,FALSE,"holm"
2931,2,0,0,FALSE,"holm"
2932,1,0,0,FALSE,"holm"
2933,0,0,0,FALSE,"holm"
2934,1,0,0,FALSE,"holm"
2935,0,0,0,FALSE,"holm"
2936,1,0,0,FALSE,"holm"
2937,2,0,0,FALSE,"holm"
2938,2,0,0,FALSE,"holm"
2939,0,0,0,FALSE,"holm"
2940,2,1,0.5,TRUE,"holm"
2941,1,0,0,FALSE,"holm"
2942,0,0,0,FALSE,"holm"
2943,0,0,0,FALSE,"holm"
2944,0,0,0,FALSE,"holm"
2945,0,0,0,FALSE,"holm"
2946,2,1,0.5,TRUE,"holm"
2947,1,0,0,FALSE,"holm"
2948,0,0,0,FALSE,"holm"
2949,0,0,0,FALSE,"holm"
2950,0,0,0,FALSE,"holm"
2951,3,0,0,FALSE,"holm"
2952,0,0,0,FALSE,"holm"
2953,0,0,0,FALSE,"holm"
2954,0,0,0,FALSE,"holm"
2955,1,0,0,FALSE,"holm"
2956,1,0,0,FALSE,"holm"
2957,3,1,0.333333333333333,TRUE,"holm"
2958,1,0,0,FALSE,"holm"
2959,1,0,0,FALSE,"holm"
2960,0,0,0,FALSE,"holm"
2961,0,0,0,FALSE,"holm"
2962,0,0,0,FALSE,"holm"
2963,0,0,0,FALSE,"holm"
2964,0,0,0,FALSE,"holm"
2965,1,0,0,FALSE,"holm"
2966,0,0,0,FALSE,"holm"
2967,2,0,0,FALSE,"holm"
2968,1,0,0,FALSE,"holm"
2969,1,0,0,FALSE,"holm"
2970,1,0,0,FALSE,"holm"
2971,1,0,0,FALSE,"holm"
2972,3,0,0,FALSE,"holm"
2973,1,0,0,FALSE,"holm"
2974,1,1,1,TRUE,"holm"
2975,1,0,0,FALSE,"holm"
2976,2,0,0,FALSE,"holm"
2977,0,0,0,FALSE,"holm"
2978,2,0,0,FALSE,"holm"
2979,1,0,0,FALSE,"holm"
2980,1,0,0,FALSE,"holm"
2981,1,0,0,FALSE,"holm"
2982,0,0,0,FALSE,"holm"
2983,0,0,0,FALSE,"holm"
2984,1,0,0,FALSE,"holm"
2985,0,0,0,FALSE,"holm"
2986,0,0,0,FALSE,"holm"
2987,1,0,0,FALSE,"holm"
2988,1,0,0,FALSE,"holm"
2989,1,0,0,FALSE,"holm"
2990,0,0,0,FALSE,"holm"
2991,1,0,0,FALSE,"holm"
2992,1,0,0,FALSE,"holm"
2993,0,0,0,FALSE,"holm"
2994,0,0,0,FALSE,"holm"
2995,0,0,0,FALSE,"holm"
2996,2,1,0.5,TRUE,"holm"
2997,1,0,0,FALSE,"holm"
2998,0,0,0,FALSE,"holm"
2999,0,0,0,FALSE,"holm"
3000,1,0,0,FALSE,"holm"
3001,1,0,0,FALSE,"holm"
3002,2,0,0,FALSE,"holm"
3003,0,0,0,FALSE,"holm"
3004,1,0,0,FALSE,"holm"
3005,2,0,0,FALSE,"holm"
3006,2,0,0,FALSE,"holm"
3007,0,0,0,FALSE,"holm"
3008,0,0,0,FALSE,"holm"
3009,0,0,0,FALSE,"holm"
3010,0,0,0,FALSE,"holm"
3011,2,0,0,FALSE,"holm"
3012,2,0,0,FALSE,"holm"
3013,0,0,0,FALSE,"holm"
3014,0,0,0,FALSE,"holm"
3015,1,0,0,FALSE,"holm"
3016,1,0,0,FALSE,"holm"
3017,2,0,0,FALSE,"holm"
3018,0,0,0,FALSE,"holm"
3019,0,0,0,FALSE,"holm"
3020,2,0,0,FALSE,"holm"
3021,0,0,0,FALSE,"holm"
3022,0,0,0,FALSE,"holm"
3023,0,0,0,FALSE,"holm"
3024,3,0,0,FALSE,"holm"
3025,1,0,0,FALSE,"holm"
3026,1,0,0,FALSE,"holm"
3027,1,1,1,TRUE,"holm"
3028,2,1,0.5,TRUE,"holm"
3029,1,0,0,FALSE,"holm"
3030,1,0,0,FALSE,"holm"
3031,1,0,0,FALSE,"holm"
3032,0,0,0,FALSE,"holm"
3033,1,0,0,FALSE,"holm"
3034,1,0,0,FALSE,"holm"
3035,0,0,0,FALSE,"holm"
3036,0,0,0,FALSE,"holm"
3037,0,0,0,FALSE,"holm"
3038,0,0,0,FALSE,"holm"
3039,1,0,0,FALSE,"holm"
3040,1,0,0,FALSE,"holm"
3041,1,0,0,FALSE,"holm"
3042,1,0,0,FALSE,"holm"
3043,0,0,0,FALSE,"holm"
3044,0,0,0,FALSE,"holm"
3045,0,0,0,FALSE,"holm"
3046,1,0,0,FALSE,"holm"
3047,1,0,0,FALSE,"holm"
3048,0,0,0,FALSE,"holm"
3049,1,0,0,FALSE,"holm"
3050,0,0,0,FALSE,"holm"
3051,0,0,0,FALSE,"holm"
3052,2,0,0,FALSE,"holm"
3053,1,0,0,FALSE,"holm"
3054,0,0,0,FALSE,"holm"
3055,1,0,0,FALSE,"holm"
3056,1,0,0,FALSE,"holm"
3057,1,0,0,FALSE,"holm"
3058,1,0,0,FALSE,"holm"
3059,1,0,0,FALSE,"holm"
3060,1,0,0,FALSE,"holm"
3061,1,0,0,FALSE,"holm"
3062,0,0,0,FALSE,"holm"
3063,1,0,0,FALSE,"holm"
3064,1,0,0,FALSE,"holm"
3065,1,0,0,FALSE,"holm"
3066,1,0,0,FALSE,"holm"
3067,1,0,0,FALSE,"holm"
3068,2,0,0,FALSE,"holm"
3069,1,0,0,FALSE,"holm"
3070,1,0,0,FALSE,"holm"
3071,1,0,0,FALSE,"holm"
3072,0,0,0,FALSE,"holm"
3073,4,0,0,FALSE,"holm"
3074,0,0,0,FALSE,"holm"
3075,1,0,0,FALSE,"holm"
3076,1,0,0,FALSE,"holm"
3077,1,0,0,FALSE,"holm"
3078,0,0,0,FALSE,"holm"
3079,0,0,0,FALSE,"holm"
3080,1,0,0,FALSE,"holm"
3081,2,0,0,FALSE,"holm"
3082,1,0,0,FALSE,"holm"
3083,0,0,0,FALSE,"holm"
3084,0,0,0,FALSE,"holm"
3085,1,0,0,FALSE,"holm"
3086,0,0,0,FALSE,"holm"
3087,0,0,0,FALSE,"holm"
3088,1,0,0,FALSE,"holm"
3089,1,0,0,FALSE,"holm"
3090,0,0,0,FALSE,"holm"
3091,0,0,0,FALSE,"holm"
3092,1,0,0,FALSE,"holm"
3093,0,0,0,FALSE,"holm"
3094,2,0,0,FALSE,"holm"
3095,0,0,0,FALSE,"holm"
3096,0,0,0,FALSE,"holm"
3097,0,0,0,FALSE,"holm"
3098,1,0,0,FALSE,"holm"
3099,0,0,0,FALSE,"holm"
3100,2,0,0,FALSE,"holm"
3101,0,0,0,FALSE,"holm"
3102,1,1,1,TRUE,"holm"
3103,1,0,0,FALSE,"holm"
3104,0,0,0,FALSE,"holm"
3105,0,0,0,FALSE,"holm"
3106,1,0,0,FALSE,"holm"
3107,0,0,0,FALSE,"holm"
3108,0,0,0,FALSE,"holm"
3109,0,0,0,FALSE,"holm"
3110,2,0,0,FALSE,"holm"
3111,1,0,0,FALSE,"holm"
3112,2,0,0,FALSE,"holm"
3113,1,0,0,FALSE,"holm"
3114,2,0,0,FALSE,"holm"
3115,1,0,0,FALSE,"holm"
3116,2,0,0,FALSE,"holm"
3117,0,0,0,FALSE,"holm"
3118,2,1,0.5,TRUE,"holm"
3119,1,0,0,FALSE,"holm"
3120,1,0,0,FALSE,"holm"
3121,1,0,0,FALSE,"holm"
3122,1,0,0,FALSE,"holm"
3123,2,0,0,FALSE,"holm"
3124,1,0,0,FALSE,"holm"
3125,1,0,0,FALSE,"holm"
3126,1,0,0,FALSE,"holm"
3127,2,0,0,FALSE,"holm"
3128,0,0,0,FALSE,"holm"
3129,2,0,0,FALSE,"holm"
3130,2,0,0,FALSE,"holm"
3131,3,0,0,FALSE,"holm"
3132,3,0,0,FALSE,"holm"
3133,1,0,0,FALSE,"holm"
3134,1,0,0,FALSE,"holm"
3135,0,0,0,FALSE,"holm"
3136,0,0,0,FALSE,"holm"
3137,1,0,0,FALSE,"holm"
3138,2,0,0,FALSE,"holm"
3139,1,0,0,FALSE,"holm"
3140,0,0,0,FALSE,"holm"
3141,2,0,0,FALSE,"holm"
3142,1,0,0,FALSE,"holm"
3143,0,0,0,FALSE,"holm"
3144,2,0,0,FALSE,"holm"
3145,2,0,0,FALSE,"holm"
3146,2,0,0,FALSE,"holm"
3147,1,0,0,FALSE,"holm"
3148,0,0,0,FALSE,"holm"
3149,0,0,0,FALSE,"holm"
3150,1,0,0,FALSE,"holm"
3151,1,0,0,FALSE,"holm"
3152,1,0,0,FALSE,"holm"
3153,0,0,0,FALSE,"holm"
3154,0,0,0,FALSE,"holm"
3155,0,0,0,FALSE,"holm"
3156,1,0,0,FALSE,"holm"
3157,2,0,0,FALSE,"holm"
3158,1,0,0,FALSE,"holm"
3159,1,0,0,FALSE,"holm"
3160,0,0,0,FALSE,"holm"
3161,1,1,1,TRUE,"holm"
3162,3,0,0,FALSE,"holm"
3163,1,0,0,FALSE,"holm"
3164,1,0,0,FALSE,"holm"
3165,1,0,0,FALSE,"holm"
3166,2,0,0,FALSE,"holm"
3167,1,0,0,FALSE,"holm"
3168,0,0,0,FALSE,"holm"
3169,0,0,0,FALSE,"holm"
3170,3,1,0.333333333333333,TRUE,"holm"
3171,1,0,0,FALSE,"holm"
3172,1,0,0,FALSE,"holm"
3173,1,0,0,FALSE,"holm"
3174,0,0,0,FALSE,"holm"
3175,2,0,0,FALSE,"holm"
3176,0,0,0,FALSE,"holm"
3177,1,1,1,TRUE,"holm"
3178,1,0,0,FALSE,"holm"
3179,2,1,0.5,TRUE,"holm"
3180,0,0,0,FALSE,"holm"
3181,1,0,0,FALSE,"holm"
3182,1,0,0,FALSE,"holm"
3183,0,0,0,FALSE,"holm"
3184,1,1,1,TRUE,"holm"
3185,0,0,0,FALSE,"holm"
3186,1,0,0,FALSE,"holm"
3187,0,0,0,FALSE,"holm"
3188,1,0,0,FALSE,"holm"
3189,1,0,0,FALSE,"holm"
3190,0,0,0,FALSE,"holm"
3191,2,0,0,FALSE,"holm"
3192,0,0,0,FALSE,"holm"
3193,0,0,0,FALSE,"holm"
3194,1,0,0,FALSE,"holm"
3195,2,0,0,FALSE,"holm"
3196,1,0,0,FALSE,"holm"
3197,1,0,0,FALSE,"holm"
3198,1,0,0,FALSE,"holm"
3199,0,0,0,FALSE,"holm"
3200,1,0,0,FALSE,"holm"
3201,1,0,0,FALSE,"holm"
3202,1,0,0,FALSE,"holm"
3203,0,0,0,FALSE,"holm"
3204,0,0,0,FALSE,"holm"
3205,0,0,0,FALSE,"holm"
3206,2,0,0,FALSE,"holm"
3207,1,0,0,FALSE,"holm"
3208,1,0,0,FALSE,"holm"
3209,1,0,0,FALSE,"holm"
3210,1,0,0,FALSE,"holm"
3211,1,0,0,FALSE,"holm"
3212,0,0,0,FALSE,"holm"
3213,1,0,0,FALSE,"holm"
3214,1,0,0,FALSE,"holm"
3215,0,0,0,FALSE,"holm"
3216,0,0,0,FALSE,"holm"
3217,1,0,0,FALSE,"holm"
3218,1,0,0,FALSE,"holm"
3219,0,0,0,FALSE,"holm"
3220,1,0,0,FALSE,"holm"
3221,0,0,0,FALSE,"holm"
3222,2,0,0,FALSE,"holm"
3223,2,0,0,FALSE,"holm"
3224,0,0,0,FALSE,"holm"
3225,2,0,0,FALSE,"holm"
3226,0,0,0,FALSE,"holm"
3227,2,0,0,FALSE,"holm"
3228,1,0,0,FALSE,"holm"
3229,0,0,0,FALSE,"holm"
3230,1,0,0,FALSE,"holm"
3231,1,0,0,FALSE,"holm"
3232,0,0,0,FALSE,"holm"
3233,1,0,0,FALSE,"holm"
3234,2,0,0,FALSE,"holm"
3235,1,0,0,FALSE,"holm"
3236,1,0,0,FALSE,"holm"
3237,1,0,0,FALSE,"holm"
3238,1,0,0,FALSE,"holm"
3239,1,0,0,FALSE,"holm"
3240,0,0,0,FALSE,"holm"
3241,1,0,0,FALSE,"holm"
3242,1,0,0,FALSE,"holm"
3243,0,0,0,FALSE,"holm"
3244,0,0,0,FALSE,"holm"
3245,0,0,0,FALSE,"holm"
3246,1,0,0,FALSE,"holm"
3247,0,0,0,FALSE,"holm"
3248,0,0,0,FALSE,"holm"
3249,3,0,0,FALSE,"holm"
3250,0,0,0,FALSE,"holm"
3251,0,0,0,FALSE,"holm"
3252,0,0,0,FALSE,"holm"
3253,3,0,0,FALSE,"holm"
3254,3,0,0,FALSE,"holm"
3255,0,0,0,FALSE,"holm"
3256,1,0,0,FALSE,"holm"
3257,0,0,0,FALSE,"holm"
3258,1,0,0,FALSE,"holm"
3259,1,0,0,FALSE,"holm"
3260,0,0,0,FALSE,"holm"
3261,2,0,0,FALSE,"holm"
3262,0,0,0,FALSE,"holm"
3263,0,0,0,FALSE,"holm"
3264,1,0,0,FALSE,"holm"
3265,1,0,0,FALSE,"holm"
3266,1,0,0,FALSE,"holm"
3267,1,0,0,FALSE,"holm"
3268,3,1,0.333333333333333,TRUE,"holm"
3269,2,0,0,FALSE,"holm"
3270,0,0,0,FALSE,"holm"
3271,1,0,0,FALSE,"holm"
3272,1,0,0,FALSE,"holm"
3273,1,0,0,FALSE,"holm"
3274,2,0,0,FALSE,"holm"
3275,1,0,0,FALSE,"holm"
3276,0,0,0,FALSE,"holm"
3277,1,0,0,FALSE,"holm"
3278,0,0,0,FALSE,"holm"
3279,0,0,0,FALSE,"holm"
3280,0,0,0,FALSE,"holm"
3281,1,0,0,FALSE,"holm"
3282,2,0,0,FALSE,"holm"
3283,0,0,0,FALSE,"holm"
3284,0,0,0,FALSE,"holm"
3285,1,1,1,TRUE,"holm"
3286,2,0,0,FALSE,"holm"
3287,1,0,0,FALSE,"holm"
3288,0,0,0,FALSE,"holm"
3289,0,0,0,FALSE,"holm"
3290,3,0,0,FALSE,"holm"
3291,1,0,0,FALSE,"holm"
3292,1,0,0,FALSE,"holm"
3293,0,0,0,FALSE,"holm"
3294,1,0,0,FALSE,"holm"
3295,2,0,0,FALSE,"holm"
3296,2,0,0,FALSE,"holm"
3297,0,0,0,FALSE,"holm"
3298,1,0,0,FALSE,"holm"
3299,0,0,0,FALSE,"holm"
3300,1,0,0,FALSE,"holm"
3301,4,0,0,FALSE,"holm"
3302,0,0,0,FALSE,"holm"
3303,0,0,0,FALSE,"holm"
3304,3,0,0,FALSE,"holm"
3305,0,0,0,FALSE,"holm"
3306,2,0,0,FALSE,"holm"
3307,1,0,0,FALSE,"holm"
3308,0,0,0,FALSE,"holm"
3309,2,0,0,FALSE,"holm"
3310,2,0,0,FALSE,"holm"
3311,1,0,0,FALSE,"holm"
3312,0,0,0,FALSE,"holm"
3313,1,0,0,FALSE,"holm"
3314,0,0,0,FALSE,"holm"
3315,1,0,0,FALSE,"holm"
3316,0,0,0,FALSE,"holm"
3317,1,1,1,TRUE,"holm"
3318,1,0,0,FALSE,"holm"
3319,1,0,0,FALSE,"holm"
3320,1,0,0,FALSE,"holm"
3321,2,0,0,FALSE,"holm"
3322,1,0,0,FALSE,"holm"
3323,0,0,0,FALSE,"holm"
3324,1,0,0,FALSE,"holm"
3325,0,0,0,FALSE,"holm"
3326,0,0,0,FALSE,"holm"
3327,2,0,0,FALSE,"holm"
3328,2,0,0,FALSE,"holm"
3329,1,0,0,FALSE,"holm"
3330,0,0,0,FALSE,"holm"
3331,1,0,0,FALSE,"holm"
3332,0,0,0,FALSE,"holm"
3333,2,0,0,FALSE,"holm"
3334,0,0,0,FALSE,"holm"
3335,2,0,0,FALSE,"holm"
3336,1,0,0,FALSE,"holm"
3337,1,0,0,FALSE,"holm"
3338,2,0,0,FALSE,"holm"
3339,2,1,0.5,TRUE,"holm"
3340,1,0,0,FALSE,"holm"
3341,0,0,0,FALSE,"holm"
3342,1,0,0,FALSE,"holm"
3343,2,0,0,FALSE,"holm"
3344,0,0,0,FALSE,"holm"
3345,0,0,0,FALSE,"holm"
3346,0,0,0,FALSE,"holm"
3347,0,0,0,FALSE,"holm"
3348,0,0,0,FALSE,"holm"
3349,1,0,0,FALSE,"holm"
3350,4,1,0.25,TRUE,"holm"
3351,1,0,0,FALSE,"holm"
3352,0,0,0,FALSE,"holm"
3353,1,0,0,FALSE,"holm"
3354,1,0,0,FALSE,"holm"
3355,0,0,0,FALSE,"holm"
3356,1,0,0,FALSE,"holm"
3357,0,0,0,FALSE,"holm"
3358,0,0,0,FALSE,"holm"
3359,0,0,0,FALSE,"holm"
3360,1,0,0,FALSE,"holm"
3361,1,0,0,FALSE,"holm"
3362,1,0,0,FALSE,"holm"
3363,2,0,0,FALSE,"holm"
3364,2,0,0,FALSE,"holm"
3365,1,0,0,FALSE,"holm"
3366,2,0,0,FALSE,"holm"
3367,0,0,0,FALSE,"holm"
3368,1,0,0,FALSE,"holm"
3369,0,0,0,FALSE,"holm"
3370,2,0,0,FALSE,"holm"
3371,0,0,0,FALSE,"holm"
3372,0,0,0,FALSE,"holm"
3373,0,0,0,FALSE,"holm"
3374,2,0,0,FALSE,"holm"
3375,3,0,0,FALSE,"holm"
3376,0,0,0,FALSE,"holm"
3377,4,1,0.25,TRUE,"holm"
3378,2,0,0,FALSE,"holm"
3379,0,0,0,FALSE,"holm"
3380,2,0,0,FALSE,"holm"
3381,0,0,0,FALSE,"holm"
3382,1,0,0,FALSE,"holm"
3383,1,0,0,FALSE,"holm"
3384,0,0,0,FALSE,"holm"
3385,1,0,0,FALSE,"holm"
3386,0,0,0,FALSE,"holm"
3387,0,0,0,FALSE,"holm"
3388,1,0,0,FALSE,"holm"
3389,2,0,0,FALSE,"holm"
3390,1,0,0,FALSE,"holm"
3391,2,0,0,FALSE,"holm"
3392,2,0,0,FALSE,"holm"
3393,3,0,0,FALSE,"holm"
3394,0,0,0,FALSE,"holm"
3395,0,0,0,FALSE,"holm"
3396,1,0,0,FALSE,"holm"
3397,0,0,0,FALSE,"holm"
3398,1,0,0,FALSE,"holm"
3399,0,0,0,FALSE,"holm"
3400,1,0,0,FALSE,"holm"
3401,1,0,0,FALSE,"holm"
3402,1,0,0,FALSE,"holm"
3403,2,0,0,FALSE,"holm"
3404,0,0,0,FALSE,"holm"
3405,1,0,0,FALSE,"holm"
3406,0,0,0,FALSE,"holm"
3407,1,0,0,FALSE,"holm"
3408,0,0,0,FALSE,"holm"
3409,1,0,0,FALSE,"holm"
3410,2,0,0,FALSE,"holm"
3411,2,0,0,FALSE,"holm"
3412,1,0,0,FALSE,"holm"
3413,1,0,0,FALSE,"holm"
3414,1,0,0,FALSE,"holm"
3415,0,0,0,FALSE,"holm"
3416,0,0,0,FALSE,"holm"
3417,0,0,0,FALSE,"holm"
3418,1,0,0,FALSE,"holm"
3419,0,0,0,FALSE,"holm"
3420,0,0,0,FALSE,"holm"
3421,1,1,1,TRUE,"holm"
3422,2,0,0,FALSE,"holm"
3423,1,0,0,FALSE,"holm"
3424,1,0,0,FALSE,"holm"
3425,2,0,0,FALSE,"holm"
3426,1,0,0,FALSE,"holm"
3427,1,0,0,FALSE,"holm"
3428,2,0,0,FALSE,"holm"
3429,1,0,0,FALSE,"holm"
3430,1,0,0,FALSE,"holm"
3431,1,0,0,FALSE,"holm"
3432,0,0,0,FALSE,"holm"
3433,1,0,0,FALSE,"holm"
3434,1,0,0,FALSE,"holm"
3435,0,0,0,FALSE,"holm"
3436,2,1,0.5,TRUE,"holm"
3437,0,0,0,FALSE,"holm"
3438,0,0,0,FALSE,"holm"
3439,0,0,0,FALSE,"holm"
3440,1,0,0,FALSE,"holm"
3441,2,0,0,FALSE,"holm"
3442,2,0,0,FALSE,"holm"
3443,1,0,0,FALSE,"holm"
3444,0,0,0,FALSE,"holm"
3445,1,0,0,FALSE,"holm"
3446,3,0,0,FALSE,"holm"
3447,1,0,0,FALSE,"holm"
3448,1,0,0,FALSE,"holm"
3449,3,0,0,FALSE,"holm"
3450,2,0,0,FALSE,"holm"
3451,2,0,0,FALSE,"holm"
3452,4,2,0.5,TRUE,"holm"
3453,1,0,0,FALSE,"holm"
3454,2,0,0,FALSE,"holm"
3455,1,0,0,FALSE,"holm"
3456,1,0,0,FALSE,"holm"
3457,2,0,0,FALSE,"holm"
3458,1,0,0,FALSE,"holm"
3459,0,0,0,FALSE,"holm"
3460,1,0,0,FALSE,"holm"
3461,1,0,0,FALSE,"holm"
3462,1,0,0,FALSE,"holm"
3463,1,1,1,TRUE,"holm"
3464,2,0,0,FALSE,"holm"
3465,0,0,0,FALSE,"holm"
3466,0,0,0,FALSE,"holm"
3467,1,1,1,TRUE,"holm"
3468,2,0,0,FALSE,"holm"
3469,0,0,0,FALSE,"holm"
3470,0,0,0,FALSE,"holm"
3471,0,0,0,FALSE,"holm"
3472,1,0,0,FALSE,"holm"
3473,1,0,0,FALSE,"holm"
3474,2,0,0,FALSE,"holm"
3475,0,0,0,FALSE,"holm"
3476,0,0,0,FALSE,"holm"
3477,0,0,0,FALSE,"holm"
3478,1,0,0,FALSE,"holm"
3479,0,0,0,FALSE,"holm"
3480,3,0,0,FALSE,"holm"
3481,1,1,1,TRUE,"holm"
3482,1,0,0,FALSE,"holm"
3483,0,0,0,FALSE,"holm"
3484,0,0,0,FALSE,"holm"
3485,0,0,0,FALSE,"holm"
3486,1,0,0,FALSE,"holm"
3487,1,0,0,FALSE,"holm"
3488,3,0,0,FALSE,"holm"
3489,0,0,0,FALSE,"holm"
3490,1,0,0,FALSE,"holm"
3491,1,0,0,FALSE,"holm"
3492,2,0,0,FALSE,"holm"
3493,0,0,0,FALSE,"holm"
3494,1,0,0,FALSE,"holm"
3495,0,0,0,FALSE,"holm"
3496,1,0,0,FALSE,"holm"
3497,2,0,0,FALSE,"holm"
3498,2,2,1,TRUE,"holm"
3499,3,0,0,FALSE,"holm"
3500,0,0,0,FALSE,"holm"
3501,1,1,1,TRUE,"holm"
3502,2,0,0,FALSE,"holm"
3503,1,0,0,FALSE,"holm"
3504,1,0,0,FALSE,"holm"
3505,0,0,0,FALSE,"holm"
3506,0,0,0,FALSE,"holm"
3507,0,0,0,FALSE,"holm"
3508,0,0,0,FALSE,"holm"
3509,1,0,0,FALSE,"holm"
3510,0,0,0,FALSE,"holm"
3511,2,0,0,FALSE,"holm"
3512,2,0,0,FALSE,"holm"
3513,1,0,0,FALSE,"holm"
3514,1,0,0,FALSE,"holm"
3515,2,0,0,FALSE,"holm"
3516,3,0,0,FALSE,"holm"
3517,0,0,0,FALSE,"holm"
3518,0,0,0,FALSE,"holm"
3519,2,0,0,FALSE,"holm"
3520,2,0,0,FALSE,"holm"
3521,0,0,0,FALSE,"holm"
3522,0,0,0,FALSE,"holm"
3523,1,0,0,FALSE,"holm"
3524,0,0,0,FALSE,"holm"
3525,1,0,0,FALSE,"holm"
3526,2,0,0,FALSE,"holm"
3527,1,0,0,FALSE,"holm"
3528,1,0,0,FALSE,"holm"
3529,1,0,0,FALSE,"holm"
3530,0,0,0,FALSE,"holm"
3531,1,0,0,FALSE,"holm"
3532,2,0,0,FALSE,"holm"
3533,0,0,0,FALSE,"holm"
3534,1,0,0,FALSE,"holm"
3535,1,0,0,FALSE,"holm"
3536,2,0,0,FALSE,"holm"
3537,0,0,0,FALSE,"holm"
3538,2,0,0,FALSE,"holm"
3539,0,0,0,FALSE,"holm"
3540,0,0,0,FALSE,"holm"
3541,2,1,0.5,TRUE,"holm"
3542,1,0,0,FALSE,"holm"
3543,1,1,1,TRUE,"holm"
3544,3,0,0,FALSE,"holm"
3545,0,0,0,FALSE,"holm"
3546,0,0,0,FALSE,"holm"
3547,2,0,0,FALSE,"holm"
3548,2,0,0,FALSE,"holm"
3549,1,0,0,FALSE,"holm"
3550,2,0,0,FALSE,"holm"
3551,2,0,0,FALSE,"holm"
3552,1,0,0,FALSE,"holm"
3553,0,0,0,FALSE,"holm"
3554,0,0,0,FALSE,"holm"
3555,0,0,0,FALSE,"holm"
3556,0,0,0,FALSE,"holm"
3557,0,0,0,FALSE,"holm"
3558,0,0,0,FALSE,"holm"
3559,0,0,0,FALSE,"holm"
3560,1,0,0,FALSE,"holm"
3561,0,0,0,FALSE,"holm"
3562,0,0,0,FALSE,"holm"
3563,1,1,1,TRUE,"holm"
3564,0,0,0,FALSE,"holm"
3565,0,0,0,FALSE,"holm"
3566,1,0,0,FALSE,"holm"
3567,0,0,0,FALSE,"holm"
3568,2,0,0,FALSE,"holm"
3569,1,0,0,FALSE,"holm"
3570,3,0,0,FALSE,"holm"
3571,0,0,0,FALSE,"holm"
3572,2,0,0,FALSE,"holm"
3573,1,0,0,FALSE,"holm"
3574,1,0,0,FALSE,"holm"
3575,0,0,0,FALSE,"holm"
3576,1,0,0,FALSE,"holm"
3577,1,0,0,FALSE,"holm"
3578,0,0,0,FALSE,"holm"
3579,1,0,0,FALSE,"holm"
3580,1,0,0,FALSE,"holm"
3581,1,0,0,FALSE,"holm"
3582,1,0,0,FALSE,"holm"
3583,3,1,0.333333333333333,TRUE,"holm"
3584,1,0,0,FALSE,"holm"
3585,1,0,0,FALSE,"holm"
3586,1,0,0,FALSE,"holm"
3587,0,0,0,FALSE,"holm"
3588,0,0,0,FALSE,"holm"
3589,0,0,0,FALSE,"holm"
3590,0,0,0,FALSE,"holm"
3591,1,0,0,FALSE,"holm"
3592,1,0,0,FALSE,"holm"
3593,2,0,0,FALSE,"holm"
3594,0,0,0,FALSE,"holm"
3595,1,0,0,FALSE,"holm"
3596,0,0,0,FALSE,"holm"
3597,1,0,0,FALSE,"holm"
3598,1,0,0,FALSE,"holm"
3599,2,0,0,FALSE,"holm"
3600,0,0,0,FALSE,"holm"
3601,2,0,0,FALSE,"holm"
3602,1,0,0,FALSE,"holm"
3603,0,0,0,FALSE,"holm"
3604,3,0,0,FALSE,"holm"
3605,0,0,0,FALSE,"holm"
3606,1,0,0,FALSE,"holm"
3607,3,0,0,FALSE,"holm"
3608,1,0,0,FALSE,"holm"
3609,1,0,0,FALSE,"holm"
3610,0,0,0,FALSE,"holm"
3611,0,0,0,FALSE,"holm"
3612,1,0,0,FALSE,"holm"
3613,2,0,0,FALSE,"holm"
3614,2,0,0,FALSE,"holm"
3615,0,0,0,FALSE,"holm"
3616,0,0,0,FALSE,"holm"
3617,0,0,0,FALSE,"holm"
3618,1,0,0,FALSE,"holm"
3619,1,0,0,FALSE,"holm"
3620,1,0,0,FALSE,"holm"
3621,2,0,0,FALSE,"holm"
3622,2,0,0,FALSE,"holm"
3623,1,0,0,FALSE,"holm"
3624,3,0,0,FALSE,"holm"
3625,1,0,0,FALSE,"holm"
3626,0,0,0,FALSE,"holm"
3627,2,1,0.5,TRUE,"holm"
3628,1,0,0,FALSE,"holm"
3629,0,0,0,FALSE,"holm"
3630,1,0,0,FALSE,"holm"
3631,0,0,0,FALSE,"holm"
3632,2,0,0,FALSE,"holm"
3633,1,0,0,FALSE,"holm"
3634,1,0,0,FALSE,"holm"
3635,2,0,0,FALSE,"holm"
3636,1,0,0,FALSE,"holm"
3637,0,0,0,FALSE,"holm"
3638,1,0,0,FALSE,"holm"
3639,1,0,0,FALSE,"holm"
3640,2,0,0,FALSE,"holm"
3641,1,0,0,FALSE,"holm"
3642,0,0,0,FALSE,"holm"
3643,0,0,0,FALSE,"holm"
3644,2,0,0,FALSE,"holm"
3645,0,0,0,FALSE,"holm"
3646,0,0,0,FALSE,"holm"
3647,3,0,0,FALSE,"holm"
3648,2,0,0,FALSE,"holm"
3649,0,0,0,FALSE,"holm"
3650,1,0,0,FALSE,"holm"
3651,1,0,0,FALSE,"holm"
3652,1,0,0,FALSE,"holm"
3653,1,0,0,FALSE,"holm"
3654,1,0,0,FALSE,"holm"
3655,2,1,0.5,TRUE,"holm"
3656,1,0,0,FALSE,"holm"
3657,1,0,0,FALSE,"holm"
3658,0,0,0,FALSE,"holm"
3659,0,0,0,FALSE,"holm"
3660,2,0,0,FALSE,"holm"
3661,2,0,0,FALSE,"holm"
3662,2,0,0,FALSE,"holm"
3663,3,0,0,FALSE,"holm"
3664,1,0,0,FALSE,"holm"
3665,1,0,0,FALSE,"holm"
3666,1,0,0,FALSE,"holm"
3667,1,0,0,FALSE,"holm"
3668,1,0,0,FALSE,"holm"
3669,1,0,0,FALSE,"holm"
3670,0,0,0,FALSE,"holm"
3671,1,0,0,FALSE,"holm"
3672,2,0,0,FALSE,"holm"
3673,1,0,0,FALSE,"holm"
3674,1,0,0,FALSE,"holm"
3675,4,0,0,FALSE,"holm"
3676,1,0,0,FALSE,"holm"
3677,2,0,0,FALSE,"holm"
3678,3,0,0,FALSE,"holm"
3679,0,0,0,FALSE,"holm"
3680,2,0,0,FALSE,"holm"
3681,0,0,0,FALSE,"holm"
3682,1,0,0,FALSE,"holm"
3683,2,0,0,FALSE,"holm"
3684,2,0,0,FALSE,"holm"
3685,1,0,0,FALSE,"holm"
3686,1,0,0,FALSE,"holm"
3687,1,1,1,TRUE,"holm"
3688,3,0,0,FALSE,"holm"
3689,0,0,0,FALSE,"holm"
3690,0,0,0,FALSE,"holm"
3691,0,0,0,FALSE,"holm"
3692,0,0,0,FALSE,"holm"
3693,1,0,0,FALSE,"holm"
3694,1,0,0,FALSE,"holm"
3695,1,0,0,FALSE,"holm"
3696,1,0,0,FALSE,"holm"
3697,0,0,0,FALSE,"holm"
3698,1,0,0,FALSE,"holm"
3699,1,0,0,FALSE,"holm"
3700,0,0,0,FALSE,"holm"
3701,1,0,0,FALSE,"holm"
3702,1,0,0,FALSE,"holm"
3703,1,0,0,FALSE,"holm"
3704,3,0,0,FALSE,"holm"
3705,0,0,0,FALSE,"holm"
3706,0,0,0,FALSE,"holm"
3707,1,0,0,FALSE,"holm"
3708,2,0,0,FALSE,"holm"
3709,0,0,0,FALSE,"holm"
3710,0,0,0,FALSE,"holm"
3711,1,0,0,FALSE,"holm"
3712,0,0,0,FALSE,"holm"
3713,1,0,0,FALSE,"holm"
3714,2,1,0.5,TRUE,"holm"
3715,1,0,0,FALSE,"holm"
3716,0,0,0,FALSE,"holm"
3717,2,0,0,FALSE,"holm"
3718,1,0,0,FALSE,"holm"
3719,1,0,0,FALSE,"holm"
3720,1,0,0,FALSE,"holm"
3721,0,0,0,FALSE,"holm"
3722,0,0,0,FALSE,"holm"
3723,2,0,0,FALSE,"holm"
3724,0,0,0,FALSE,"holm"
3725,0,0,0,FALSE,"holm"
3726,2,0,0,FALSE,"holm"
3727,1,0,0,FALSE,"holm"
3728,1,0,0,FALSE,"holm"
3729,1,0,0,FALSE,"holm"
3730,1,0,0,FALSE,"holm"
3731,0,0,0,FALSE,"holm"
3732,0,0,0,FALSE,"holm"
3733,1,0,0,FALSE,"holm"
3734,0,0,0,FALSE,"holm"
3735,0,0,0,FALSE,"holm"
3736,1,0,0,FALSE,"holm"
3737,1,0,0,FALSE,"holm"
3738,1,0,0,FALSE,"holm"
3739,1,0,0,FALSE,"holm"
3740,1,0,0,FALSE,"holm"
3741,1,0,0,FALSE,"holm"
3742,0,0,0,FALSE,"holm"
3743,1,0,0,FALSE,"holm"
3744,0,0,0,FALSE,"holm"
3745,2,0,0,FALSE,"holm"
3746,1,0,0,FALSE,"holm"
3747,1,0,0,FALSE,"holm"
3748,0,0,0,FALSE,"holm"
3749,1,0,0,FALSE,"holm"
3750,0,0,0,FALSE,"holm"
3751,0,0,0,FALSE,"holm"
3752,0,0,0,FALSE,"holm"
3753,0,0,0,FALSE,"holm"
3754,1,0,0,FALSE,"holm"
3755,1,1,1,TRUE,"holm"
3756,0,0,0,FALSE,"holm"
3757,0,0,0,FALSE,"holm"
3758,0,0,0,FALSE,"holm"
3759,1,0,0,FALSE,"holm"
3760,0,0,0,FALSE,"holm"
3761,1,0,0,FALSE,"holm"
3762,0,0,0,FALSE,"holm"
3763,0,0,0,FALSE,"holm"
3764,2,1,0.5,TRUE,"holm"
3765,0,0,0,FALSE,"holm"
3766,1,1,1,TRUE,"holm"
3767,1,0,0,FALSE,"holm"
3768,0,0,0,FALSE,"holm"
3769,0,0,0,FALSE,"holm"
3770,0,0,0,FALSE,"holm"
3771,0,0,0,FALSE,"holm"
3772,1,0,0,FALSE,"holm"
3773,1,0,0,FALSE,"holm"
3774,1,0,0,FALSE,"holm"
3775,1,1,1,TRUE,"holm"
3776,0,0,0,FALSE,"holm"
3777,1,0,0,FALSE,"holm"
3778,1,0,0,FALSE,"holm"
3779,1,0,0,FALSE,"holm"
3780,2,0,0,FALSE,"holm"
3781,1,0,0,FALSE,"holm"
3782,2,0,0,FALSE,"holm"
3783,0,0,0,FALSE,"holm"
3784,2,0,0,FALSE,"holm"
3785,0,0,0,FALSE,"holm"
3786,1,0,0,FALSE,"holm"
3787,0,0,0,FALSE,"holm"
3788,0,0,0,FALSE,"holm"
3789,2,0,0,FALSE,"holm"
3790,0,0,0,FALSE,"holm"
3791,1,0,0,FALSE,"holm"
3792,1,0,0,FALSE,"holm"
3793,0,0,0,FALSE,"holm"
3794,2,0,0,FALSE,"holm"
3795,1,0,0,FALSE,"holm"
3796,2,0,0,FALSE,"holm"
3797,2,0,0,FALSE,"holm"
3798,1,1,1,TRUE,"holm"
3799,0,0,0,FALSE,"holm"
3800,1,0,0,FALSE,"holm"
3801,2,0,0,FALSE,"holm"
3802,0,0,0,FALSE,"holm"
3803,1,0,0,FALSE,"holm"
3804,1,0,0,FALSE,"holm"
3805,1,0,0,FALSE,"holm"
3806,0,0,0,FALSE,"holm"
3807,1,0,0,FALSE,"holm"
3808,0,0,0,FALSE,"holm"
3809,0,0,0,FALSE,"holm"
3810,0,0,0,FALSE,"holm"
3811,1,0,0,FALSE,"holm"
3812,1,0,0,FALSE,"holm"
3813,1,0,0,FALSE,"holm"
3814,0,0,0,FALSE,"holm"
3815,2,0,0,FALSE,"holm"
3816,0,0,0,FALSE,"holm"
3817,1,0,0,FALSE,"holm"
3818,1,0,0,FALSE,"holm"
3819,2,0,0,FALSE,"holm"
3820,1,0,0,FALSE,"holm"
3821,3,0,0,FALSE,"holm"
3822,1,0,0,FALSE,"holm"
3823,1,0,0,FALSE,"holm"
3824,1,0,0,FALSE,"holm"
3825,2,0,0,FALSE,"holm"
3826,1,0,0,FALSE,"holm"
3827,2,0,0,FALSE,"holm"
3828,2,0,0,FALSE,"holm"
3829,2,0,0,FALSE,"holm"
3830,0,0,0,FALSE,"holm"
3831,2,0,0,FALSE,"holm"
3832,0,0,0,FALSE,"holm"
3833,2,0,0,FALSE,"holm"
3834,3,0,0,FALSE,"holm"
3835,1,0,0,FALSE,"holm"
3836,1,0,0,FALSE,"holm"
3837,2,0,0,FALSE,"holm"
3838,1,0,0,FALSE,"holm"
3839,2,0,0,FALSE,"holm"
3840,1,1,1,TRUE,"holm"
3841,1,0,0,FALSE,"holm"
3842,1,0,0,FALSE,"holm"
3843,0,0,0,FALSE,"holm"
3844,1,0,0,FALSE,"holm"
3845,0,0,0,FALSE,"holm"
3846,2,0,0,FALSE,"holm"
3847,2,1,0.5,TRUE,"holm"
3848,0,0,0,FALSE,"holm"
3849,1,0,0,FALSE,"holm"
3850,2,0,0,FALSE,"holm"
3851,0,0,0,FALSE,"holm"
3852,0,0,0,FALSE,"holm"
3853,1,0,0,FALSE,"holm"
3854,2,0,0,FALSE,"holm"
3855,3,1,0.333333333333333,TRUE,"holm"
3856,0,0,0,FALSE,"holm"
3857,2,0,0,FALSE,"holm"
3858,2,0,0,FALSE,"holm"
3859,1,0,0,FALSE,"holm"
3860,0,0,0,FALSE,"holm"
3861,3,0,0,FALSE,"holm"
3862,2,0,0,FALSE,"holm"
3863,0,0,0,FALSE,"holm"
3864,1,0,0,FALSE,"holm"
3865,1,0,0,FALSE,"holm"
3866,0,0,0,FALSE,"holm"
3867,2,0,0,FALSE,"holm"
3868,1,0,0,FALSE,"holm"
3869,1,0,0,FALSE,"holm"
3870,0,0,0,FALSE,"holm"
3871,0,0,0,FALSE,"holm"
3872,2,0,0,FALSE,"holm"
3873,1,0,0,FALSE,"holm"
3874,0,0,0,FALSE,"holm"
3875,3,0,0,FALSE,"holm"
3876,1,0,0,FALSE,"holm"
3877,1,0,0,FALSE,"holm"
3878,0,0,0,FALSE,"holm"
3879,1,0,0,FALSE,"holm"
3880,0,0,0,FALSE,"holm"
3881,1,0,0,FALSE,"holm"
3882,3,0,0,FALSE,"holm"
3883,0,0,0,FALSE,"holm"
3884,2,0,0,FALSE,"holm"
3885,1,0,0,FALSE,"holm"
3886,1,0,0,FALSE,"holm"
3887,2,0,0,FALSE,"holm"
3888,0,0,0,FALSE,"holm"
3889,0,0,0,FALSE,"holm"
3890,1,0,0,FALSE,"holm"
3891,3,0,0,FALSE,"holm"
3892,1,0,0,FALSE,"holm"
3893,0,0,0,FALSE,"holm"
3894,0,0,0,FALSE,"holm"
3895,0,0,0,FALSE,"holm"
3896,0,0,0,FALSE,"holm"
3897,1,0,0,FALSE,"holm"
3898,1,0,0,FALSE,"holm"
3899,1,0,0,FALSE,"holm"
3900,0,0,0,FALSE,"holm"
3901,0,0,0,FALSE,"holm"
3902,2,0,0,FALSE,"holm"
3903,2,0,0,FALSE,"holm"
3904,1,0,0,FALSE,"holm"
3905,1,0,0,FALSE,"holm"
3906,1,0,0,FALSE,"holm"
3907,1,0,0,FALSE,"holm"
3908,3,0,0,FALSE,"holm"
3909,1,0,0,FALSE,"holm"
3910,0,0,0,FALSE,"holm"
3911,1,1,1,TRUE,"holm"
3912,1,0,0,FALSE,"holm"
3913,1,0,0,FALSE,"holm"
3914,3,0,0,FALSE,"holm"
3915,0,0,0,FALSE,"holm"
3916,0,0,0,FALSE,"holm"
3917,2,0,0,FALSE,"holm"
3918,0,0,0,FALSE,"holm"
3919,0,0,0,FALSE,"holm"
3920,0,0,0,FALSE,"holm"
3921,1,0,0,FALSE,"holm"
3922,3,0,0,FALSE,"holm"
3923,1,0,0,FALSE,"holm"
3924,0,0,0,FALSE,"holm"
3925,0,0,0,FALSE,"holm"
3926,2,0,0,FALSE,"holm"
3927,1,0,0,FALSE,"holm"
3928,0,0,0,FALSE,"holm"
3929,0,0,0,FALSE,"holm"
3930,2,0,0,FALSE,"holm"
3931,0,0,0,FALSE,"holm"
3932,2,0,0,FALSE,"holm"
3933,0,0,0,FALSE,"holm"
3934,2,1,0.5,TRUE,"holm"
3935,1,0,0,FALSE,"holm"
3936,0,0,0,FALSE,"holm"
3937,2,0,0,FALSE,"holm"
3938,0,0,0,FALSE,"holm"
3939,0,0,0,FALSE,"holm"
3940,2,0,0,FALSE,"holm"
3941,1,0,0,FALSE,"holm"
3942,0,0,0,FALSE,"holm"
3943,0,0,0,FALSE,"holm"
3944,0,0,0,FALSE,"holm"
3945,1,0,0,FALSE,"holm"
3946,1,0,0,FALSE,"holm"
3947,0,0,0,FALSE,"holm"
3948,1,0,0,FALSE,"holm"
3949,0,0,0,FALSE,"holm"
3950,1,0,0,FALSE,"holm"
3951,2,0,0,FALSE,"holm"
3952,1,0,0,FALSE,"holm"
3953,0,0,0,FALSE,"holm"
3954,0,0,0,FALSE,"holm"
3955,1,0,0,FALSE,"holm"
3956,1,0,0,FALSE,"holm"
3957,1,0,0,FALSE,"holm"
3958,3,0,0,FALSE,"holm"
3959,2,0,0,FALSE,"holm"
3960,0,0,0,FALSE,"holm"
3961,1,0,0,FALSE,"holm"
3962,1,0,0,FALSE,"holm"
3963,3,1,0.333333333333333,TRUE,"holm"
3964,1,0,0,FALSE,"holm"
3965,1,0,0,FALSE,"holm"
3966,1,0,0,FALSE,"holm"
3967,1,0,0,FALSE,"holm"
3968,1,0,0,FALSE,"holm"
3969,0,0,0,FALSE,"holm"
3970,1,0,0,FALSE,"holm"
3971,2,0,0,FALSE,"holm"
3972,1,0,0,FALSE,"holm"
3973,1,0,0,FALSE,"holm"
3974,3,0,0,FALSE,"holm"
3975,0,0,0,FALSE,"holm"
3976,2,0,0,FALSE,"holm"
3977,0,0,0,FALSE,"holm"
3978,1,0,0,FALSE,"holm"
3979,0,0,0,FALSE,"holm"
3980,0,0,0,FALSE,"holm"
3981,2,0,0,FALSE,"holm"
3982,1,0,0,FALSE,"holm"
3983,2,0,0,FALSE,"holm"
3984,1,0,0,FALSE,"holm"
3985,3,0,0,FALSE,"holm"
3986,0,0,0,FALSE,"holm"
3987,2,0,0,FALSE,"holm"
3988,0,0,0,FALSE,"holm"
3989,0,0,0,FALSE,"holm"
3990,0,0,0,FALSE,"holm"
3991,2,0,0,FALSE,"holm"
3992,1,0,0,FALSE,"holm"
3993,1,0,0,FALSE,"holm"
3994,2,0,0,FALSE,"holm"
3995,0,0,0,FALSE,"holm"
3996,1,0,0,FALSE,"holm"
3997,1,0,0,FALSE,"holm"
3998,1,0,0,FALSE,"holm"
3999,2,1,0.5,TRUE,"holm"
4000,0,0,0,FALSE,"holm"
4001,1,0,0,FALSE,"holm"
4002,3,0,0,FALSE,"holm"
4003,2,0,0,FALSE,"holm"
4004,0,0,0,FALSE,"holm"
4005,1,0,0,FALSE,"holm"
4006,2,0,0,FALSE,"holm"
4007,2,0,0,FALSE,"holm"
4008,0,0,0,FALSE,"holm"
4009,2,0,0,FALSE,"holm"
4010,1,0,0,FALSE,"holm"
4011,1,1,1,TRUE,"holm"
4012,1,0,0,FALSE,"holm"
4013,2,0,0,FALSE,"holm"
4014,3,0,0,FALSE,"holm"
4015,0,0,0,FALSE,"holm"
4016,2,0,0,FALSE,"holm"
4017,2,0,0,FALSE,"holm"
4018,1,1,1,TRUE,"holm"
4019,3,0,0,FALSE,"holm"
4020,1,0,0,FALSE,"holm"
4021,3,1,0.333333333333333,TRUE,"holm"
4022,2,0,0,FALSE,"holm"
4023,1,0,0,FALSE,"holm"
4024,3,0,0,FALSE,"holm"
4025,3,0,0,FALSE,"holm"
4026,1,0,0,FALSE,"holm"
4027,1,0,0,FALSE,"holm"
4028,1,0,0,FALSE,"holm"
4029,1,0,0,FALSE,"holm"
4030,1,0,0,FALSE,"holm"
4031,1,0,0,FALSE,"holm"
4032,2,0,0,FALSE,"holm"
4033,1,0,0,FALSE,"holm"
4034,1,1,1,TRUE,"holm"
4035,1,0,0,FALSE,"holm"
4036,1,0,0,FALSE,"holm"
4037,0,0,0,FALSE,"holm"
4038,0,0,0,FALSE,"holm"
4039,2,0,0,FALSE,"holm"
4040,2,0,0,FALSE,"holm"
4041,0,0,0,FALSE,"holm"
4042,0,0,0,FALSE,"holm"
4043,2,0,0,FALSE,"holm"
4044,1,0,0,FALSE,"holm"
4045,1,0,0,FALSE,"holm"
4046,2,0,0,FALSE,"holm"
4047,0,0,0,FALSE,"holm"
4048,1,0,0,FALSE,"holm"
4049,0,0,0,FALSE,"holm"
4050,1,0,0,FALSE,"holm"
4051,0,0,0,FALSE,"holm"
4052,2,0,0,FALSE,"holm"
4053,1,0,0,FALSE,"holm"
4054,3,0,0,FALSE,"holm"
4055,2,0,0,FALSE,"holm"
4056,1,0,0,FALSE,"holm"
4057,1,0,0,FALSE,"holm"
4058,1,0,0,FALSE,"holm"
4059,1,1,1,TRUE,"holm"
4060,1,0,0,FALSE,"holm"
4061,1,0,0,FALSE,"holm"
4062,2,1,0.5,TRUE,"holm"
4063,1,0,0,FALSE,"holm"
4064,0,0,0,FALSE,"holm"
4065,1,0,0,FALSE,"holm"
4066,0,0,0,FALSE,"holm"
4067,1,0,0,FALSE,"holm"
4068,1,0,0,FALSE,"holm"
4069,0,0,0,FALSE,"holm"
4070,0,0,0,FALSE,"holm"
4071,0,0,0,FALSE,"holm"
4072,0,0,0,FALSE,"holm"
4073,1,0,0,FALSE,"holm"
4074,2,0,0,FALSE,"holm"
4075,0,0,0,FALSE,"holm"
4076,1,0,0,FALSE,"holm"
4077,2,0,0,FALSE,"holm"
4078,1,0,0,FALSE,"holm"
4079,1,0,0,FALSE,"holm"
4080,1,0,0,FALSE,"holm"
4081,0,0,0,FALSE,"holm"
4082,1,0,0,FALSE,"holm"
4083,0,0,0,FALSE,"holm"
4084,2,0,0,FALSE,"holm"
4085,2,0,0,FALSE,"holm"
4086,2,0,0,FALSE,"holm"
4087,1,0,0,FALSE,"holm"
4088,2,0,0,FALSE,"holm"
4089,2,1,0.5,TRUE,"holm"
4090,1,0,0,FALSE,"holm"
4091,1,0,0,FALSE,"holm"
4092,1,0,0,FALSE,"holm"
4093,1,0,0,FALSE,"holm"
4094,1,0,0,FALSE,"holm"
4095,2,0,0,FALSE,"holm"
4096,0,0,0,FALSE,"holm"
4097,0,0,0,FALSE,"holm"
4098,0,0,0,FALSE,"holm"
4099,0,0,0,FALSE,"holm"
4100,1,0,0,FALSE,"holm"
4101,0,0,0,FALSE,"holm"
4102,0,0,0,FALSE,"holm"
4103,0,0,0,FALSE,"holm"
4104,0,0,0,FALSE,"holm"
4105,1,0,0,FALSE,"holm"
4106,1,0,0,FALSE,"holm"
4107,0,0,0,FALSE,"holm"
4108,1,0,0,FALSE,"holm"
4109,0,0,0,FALSE,"holm"
4110,1,0,0,FALSE,"holm"
4111,2,0,0,FALSE,"holm"
4112,1,0,0,FALSE,"holm"
4113,0,0,0,FALSE,"holm"
4114,0,0,0,FALSE,"holm"
4115,0,0,0,FALSE,"holm"
4116,1,0,0,FALSE,"holm"
4117,0,0,0,FALSE,"holm"
4118,1,0,0,FALSE,"holm"
4119,1,0,0,FALSE,"holm"
4120,0,0,0,FALSE,"holm"
4121,1,1,1,TRUE,"holm"
4122,1,0,0,FALSE,"holm"
4123,1,0,0,FALSE,"holm"
4124,0,0,0,FALSE,"holm"
4125,1,0,0,FALSE,"holm"
4126,2,0,0,FALSE,"holm"
4127,2,0,0,FALSE,"holm"
4128,0,0,0,FALSE,"holm"
4129,0,0,0,FALSE,"holm"
4130,1,0,0,FALSE,"holm"
4131,2,0,0,FALSE,"holm"
4132,2,0,0,FALSE,"holm"
4133,2,0,0,FALSE,"holm"
4134,1,0,0,FALSE,"holm"
4135,0,0,0,FALSE,"holm"
4136,2,0,0,FALSE,"holm"
4137,2,0,0,FALSE,"holm"
4138,0,0,0,FALSE,"holm"
4139,1,0,0,FALSE,"holm"
4140,1,0,0,FALSE,"holm"
4141,0,0,0,FALSE,"holm"
4142,0,0,0,FALSE,"holm"
4143,0,0,0,FALSE,"holm"
4144,1,0,0,FALSE,"holm"
4145,0,0,0,FALSE,"holm"
4146,0,0,0,FALSE,"holm"
4147,1,1,1,TRUE,"holm"
4148,2,0,0,FALSE,"holm"
4149,2,0,0,FALSE,"holm"
4150,2,0,0,FALSE,"holm"
4151,0,0,0,FALSE,"holm"
4152,2,0,0,FALSE,"holm"
4153,1,0,0,FALSE,"holm"
4154,1,0,0,FALSE,"holm"
4155,2,0,0,FALSE,"holm"
4156,2,0,0,FALSE,"holm"
4157,2,0,0,FALSE,"holm"
4158,2,0,0,FALSE,"holm"
4159,1,0,0,FALSE,"holm"
4160,0,0,0,FALSE,"holm"
4161,4,0,0,FALSE,"holm"
4162,0,0,0,FALSE,"holm"
4163,1,0,0,FALSE,"holm"
4164,0,0,0,FALSE,"holm"
4165,1,0,0,FALSE,"holm"
4166,1,0,0,FALSE,"holm"
4167,0,0,0,FALSE,"holm"
4168,1,0,0,FALSE,"holm"
4169,1,0,0,FALSE,"holm"
4170,0,0,0,FALSE,"holm"
4171,3,0,0,FALSE,"holm"
4172,1,0,0,FALSE,"holm"
4173,1,0,0,FALSE,"holm"
4174,2,0,0,FALSE,"holm"
4175,0,0,0,FALSE,"holm"
4176,0,0,0,FALSE,"holm"
4177,0,0,0,FALSE,"holm"
4178,0,0,0,FALSE,"holm"
4179,2,0,0,FALSE,"holm"
4180,1,0,0,FALSE,"holm"
4181,1,0,0,FALSE,"holm"
4182,2,0,0,FALSE,"holm"
4183,2,0,0,FALSE,"holm"
4184,0,0,0,FALSE,"holm"
4185,1,0,0,FALSE,"holm"
4186,1,0,0,FALSE,"holm"
4187,1,0,0,FALSE,"holm"
4188,0,0,0,FALSE,"holm"
4189,1,0,0,FALSE,"holm"
4190,4,0,0,FALSE,"holm"
4191,3,0,0,FALSE,"holm"
4192,1,0,0,FALSE,"holm"
4193,2,0,0,FALSE,"holm"
4194,1,0,0,FALSE,"holm"
4195,1,0,0,FALSE,"holm"
4196,1,0,0,FALSE,"holm"
4197,1,0,0,FALSE,"holm"
4198,2,0,0,FALSE,"holm"
4199,2,0,0,FALSE,"holm"
4200,1,0,0,FALSE,"holm"
4201,1,0,0,FALSE,"holm"
4202,2,0,0,FALSE,"holm"
4203,0,0,0,FALSE,"holm"
4204,0,0,0,FALSE,"holm"
4205,1,0,0,FALSE,"holm"
4206,1,0,0,FALSE,"holm"
4207,1,0,0,FALSE,"holm"
4208,0,0,0,FALSE,"holm"
4209,0,0,0,FALSE,"holm"
4210,2,0,0,FALSE,"holm"
4211,0,0,0,FALSE,"holm"
4212,0,0,0,FALSE,"holm"
4213,1,0,0,FALSE,"holm"
4214,0,0,0,FALSE,"holm"
4215,1,0,0,FALSE,"holm"
4216,3,0,0,FALSE,"holm"
4217,2,0,0,FALSE,"holm"
4218,0,0,0,FALSE,"holm"
4219,2,0,0,FALSE,"holm"
4220,3,0,0,FALSE,"holm"
4221,0,0,0,FALSE,"holm"
4222,1,0,0,FALSE,"holm"
4223,0,0,0,FALSE,"holm"
4224,1,0,0,FALSE,"holm"
4225,1,0,0,FALSE,"holm"
4226,1,0,0,FALSE,"holm"
4227,0,0,0,FALSE,"holm"
4228,0,0,0,FALSE,"holm"
4229,0,0,0,FALSE,"holm"
4230,1,0,0,FALSE,"holm"
4231,1,0,0,FALSE,"holm"
4232,3,0,0,FALSE,"holm"
4233,0,0,0,FALSE,"holm"
4234,1,0,0,FALSE,"holm"
4235,0,0,0,FALSE,"holm"
4236,2,0,0,FALSE,"holm"
4237,0,0,0,FALSE,"holm"
4238,0,0,0,FALSE,"holm"
4239,0,0,0,FALSE,"holm"
4240,0,0,0,FALSE,"holm"
4241,2,0,0,FALSE,"holm"
4242,0,0,0,FALSE,"holm"
4243,0,0,0,FALSE,"holm"
4244,1,0,0,FALSE,"holm"
4245,1,0,0,FALSE,"holm"
4246,1,0,0,FALSE,"holm"
4247,0,0,0,FALSE,"holm"
4248,0,0,0,FALSE,"holm"
4249,0,0,0,FALSE,"holm"
4250,0,0,0,FALSE,"holm"
4251,1,0,0,FALSE,"holm"
4252,1,1,1,TRUE,"holm"
4253,2,0,0,FALSE,"holm"
4254,0,0,0,FALSE,"holm"
4255,0,0,0,FALSE,"holm"
4256,1,0,0,FALSE,"holm"
4257,1,0,0,FALSE,"holm"
4258,1,0,0,FALSE,"holm"
4259,1,0,0,FALSE,"holm"
4260,0,0,0,FALSE,"holm"
4261,1,0,0,FALSE,"holm"
4262,0,0,0,FALSE,"holm"
4263,0,0,0,FALSE,"holm"
4264,1,0,0,FALSE,"holm"
4265,1,0,0,FALSE,"holm"
4266,2,0,0,FALSE,"holm"
4267,0,0,0,FALSE,"holm"
4268,1,1,1,TRUE,"holm"
4269,0,0,0,FALSE,"holm"
4270,1,0,0,FALSE,"holm"
4271,0,0,0,FALSE,"holm"
4272,0,0,0,FALSE,"holm"
4273,0,0,0,FALSE,"holm"
4274,1,0,0,FALSE,"holm"
4275,0,0,0,FALSE,"holm"
4276,0,0,0,FALSE,"holm"
4277,0,0,0,FALSE,"holm"
4278,1,1,1,TRUE,"holm"
4279,2,0,0,FALSE,"holm"
4280,0,0,0,FALSE,"holm"
4281,0,0,0,FALSE,"holm"
4282,0,0,0,FALSE,"holm"
4283,1,0,0,FALSE,"holm"
4284,3,0,0,FALSE,"holm"
4285,1,0,0,FALSE,"holm"
4286,0,0,0,FALSE,"holm"
4287,3,0,0,FALSE,"holm"
4288,1,0,0,FALSE,"holm"
4289,1,0,0,FALSE,"holm"
4290,0,0,0,FALSE,"holm"
4291,1,0,0,FALSE,"holm"
4292,0,0,0,FALSE,"holm"
4293,1,0,0,FALSE,"holm"
4294,1,0,0,FALSE,"holm"
4295,2,0,0,FALSE,"holm"
4296,1,0,0,FALSE,"holm"
4297,2,0,0,FALSE,"holm"
4298,1,0,0,FALSE,"holm"
4299,0,0,0,FALSE,"holm"
4300,1,0,0,FALSE,"holm"
4301,0,0,0,FALSE,"holm"
4302,1,0,0,FALSE,"holm"
4303,0,0,0,FALSE,"holm"
4304,0,0,0,FALSE,"holm"
4305,0,0,0,FALSE,"holm"
4306,2,0,0,FALSE,"holm"
4307,1,0,0,FALSE,"holm"
4308,1,1,1,TRUE,"holm"
4309,2,0,0,FALSE,"holm"
4310,0,0,0,FALSE,"holm"
4311,1,0,0,FALSE,"holm"
4312,1,0,0,FALSE,"holm"
4313,2,1,0.5,TRUE,"holm"
4314,1,0,0,FALSE,"holm"
4315,0,0,0,FALSE,"holm"
4316,1,0,0,FALSE,"holm"
4317,1,0,0,FALSE,"holm"
4318,0,0,0,FALSE,"holm"
4319,1,0,0,FALSE,"holm"
4320,2,0,0,FALSE,"holm"
4321,2,0,0,FALSE,"holm"
4322,0,0,0,FALSE,"holm"
4323,1,0,0,FALSE,"holm"
4324,0,0,0,FALSE,"holm"
4325,3,1,0.333333333333333,TRUE,"holm"
4326,0,0,0,FALSE,"holm"
4327,0,0,0,FALSE,"holm"
4328,0,0,0,FALSE,"holm"
4329,2,0,0,FALSE,"holm"
4330,1,0,0,FALSE,"holm"
4331,3,1,0.333333333333333,TRUE,"holm"
4332,3,1,0.333333333333333,TRUE,"holm"
4333,0,0,0,FALSE,"holm"
4334,1,0,0,FALSE,"holm"
4335,0,0,0,FALSE,"holm"
4336,0,0,0,FALSE,"holm"
4337,0,0,0,FALSE,"holm"
4338,0,0,0,FALSE,"holm"
4339,1,0,0,FALSE,"holm"
4340,1,0,0,FALSE,"holm"
4341,0,0,0,FALSE,"holm"
4342,1,0,0,FALSE,"holm"
4343,1,0,0,FALSE,"holm"
4344,2,0,0,FALSE,"holm"
4345,0,0,0,FALSE,"holm"
4346,1,0,0,FALSE,"holm"
4347,0,0,0,FALSE,"holm"
4348,0,0,0,FALSE,"holm"
4349,0,0,0,FALSE,"holm"
4350,0,0,0,FALSE,"holm"
4351,2,0,0,FALSE,"holm"
4352,1,0,0,FALSE,"holm"
4353,0,0,0,FALSE,"holm"
4354,1,0,0,FALSE,"holm"
4355,2,0,0,FALSE,"holm"
4356,2,0,0,FALSE,"holm"
4357,1,0,0,FALSE,"holm"
4358,0,0,0,FALSE,"holm"
4359,1,0,0,FALSE,"holm"
4360,0,0,0,FALSE,"holm"
4361,1,0,0,FALSE,"holm"
4362,1,0,0,FALSE,"holm"
4363,0,0,0,FALSE,"holm"
4364,0,0,0,FALSE,"holm"
4365,0,0,0,FALSE,"holm"
4366,4,0,0,FALSE,"holm"
4367,1,0,0,FALSE,"holm"
4368,2,0,0,FALSE,"holm"
4369,1,0,0,FALSE,"holm"
4370,1,0,0,FALSE,"holm"
4371,0,0,0,FALSE,"holm"
4372,1,0,0,FALSE,"holm"
4373,0,0,0,FALSE,"holm"
4374,0,0,0,FALSE,"holm"
4375,1,0,0,FALSE,"holm"
4376,0,0,0,FALSE,"holm"
4377,1,0,0,FALSE,"holm"
4378,1,0,0,FALSE,"holm"
4379,0,0,0,FALSE,"holm"
4380,1,0,0,FALSE,"holm"
4381,0,0,0,FALSE,"holm"
4382,0,0,0,FALSE,"holm"
4383,0,0,0,FALSE,"holm"
4384,0,0,0,FALSE,"holm"
4385,1,0,0,FALSE,"holm"
4386,0,0,0,FALSE,"holm"
4387,1,0,0,FALSE,"holm"
4388,0,0,0,FALSE,"holm"
4389,1,0,0,FALSE,"holm"
4390,1,0,0,FALSE,"holm"
4391,0,0,0,FALSE,"holm"
4392,0,0,0,FALSE,"holm"
4393,0,0,0,FALSE,"holm"
4394,0,0,0,FALSE,"holm"
4395,1,0,0,FALSE,"holm"
4396,2,0,0,FALSE,"holm"
4397,3,1,0.333333333333333,TRUE,"holm"
4398,3,0,0,FALSE,"holm"
4399,2,0,0,FALSE,"holm"
4400,0,0,0,FALSE,"holm"
4401,2,0,0,FALSE,"holm"
4402,1,0,0,FALSE,"holm"
4403,1,0,0,FALSE,"holm"
4404,0,0,0,FALSE,"holm"
4405,0,0,0,FALSE,"holm"
4406,1,0,0,FALSE,"holm"
4407,1,0,0,FALSE,"holm"
4408,2,1,0.5,TRUE,"holm"
4409,0,0,0,FALSE,"holm"
4410,1,0,0,FALSE,"holm"
4411,0,0,0,FALSE,"holm"
4412,0,0,0,FALSE,"holm"
4413,1,0,0,FALSE,"holm"
4414,1,0,0,FALSE,"holm"
4415,1,0,0,FALSE,"holm"
4416,0,0,0,FALSE,"holm"
4417,0,0,0,FALSE,"holm"
4418,1,0,0,FALSE,"holm"
4419,2,0,0,FALSE,"holm"
4420,0,0,0,FALSE,"holm"
4421,1,0,0,FALSE,"holm"
4422,3,1,0.333333333333333,TRUE,"holm"
4423,2,0,0,FALSE,"holm"
4424,3,0,0,FALSE,"holm"
4425,0,0,0,FALSE,"holm"
4426,1,0,0,FALSE,"holm"
4427,0,0,0,FALSE,"holm"
4428,0,0,0,FALSE,"holm"
4429,0,0,0,FALSE,"holm"
4430,3,0,0,FALSE,"holm"
4431,2,0,0,FALSE,"holm"
4432,0,0,0,FALSE,"holm"
4433,0,0,0,FALSE,"holm"
4434,0,0,0,FALSE,"holm"
4435,0,0,0,FALSE,"holm"
4436,1,0,0,FALSE,"holm"
4437,1,0,0,FALSE,"holm"
4438,1,0,0,FALSE,"holm"
4439,1,0,0,FALSE,"holm"
4440,0,0,0,FALSE,"holm"
4441,0,0,0,FALSE,"holm"
4442,1,0,0,FALSE,"holm"
4443,0,0,0,FALSE,"holm"
4444,2,0,0,FALSE,"holm"
4445,0,0,0,FALSE,"holm"
4446,0,0,0,FALSE,"holm"
4447,1,0,0,FALSE,"holm"
4448,2,0,0,FALSE,"holm"
4449,0,0,0,FALSE,"holm"
4450,2,0,0,FALSE,"holm"
4451,0,0,0,FALSE,"holm"
4452,1,0,0,FALSE,"holm"
4453,3,0,0,FALSE,"holm"
4454,2,0,0,FALSE,"holm"
4455,3,0,0,FALSE,"holm"
4456,0,0,0,FALSE,"holm"
4457,2,0,0,FALSE,"holm"
4458,1,0,0,FALSE,"holm"
4459,0,0,0,FALSE,"holm"
4460,1,0,0,FALSE,"holm"
4461,0,0,0,FALSE,"holm"
4462,0,0,0,FALSE,"holm"
4463,0,0,0,FALSE,"holm"
4464,0,0,0,FALSE,"holm"
4465,0,0,0,FALSE,"holm"
4466,1,0,0,FALSE,"holm"
4467,1,0,0,FALSE,"holm"
4468,2,0,0,FALSE,"holm"
4469,0,0,0,FALSE,"holm"
4470,0,0,0,FALSE,"holm"
4471,0,0,0,FALSE,"holm"
4472,1,0,0,FALSE,"holm"
4473,1,0,0,FALSE,"holm"
4474,2,0,0,FALSE,"holm"
4475,1,0,0,FALSE,"holm"
4476,0,0,0,FALSE,"holm"
4477,2,0,0,FALSE,"holm"
4478,1,0,0,FALSE,"holm"
4479,0,0,0,FALSE,"holm"
4480,1,0,0,FALSE,"holm"
4481,1,0,0,FALSE,"holm"
4482,1,0,0,FALSE,"holm"
4483,2,0,0,FALSE,"holm"
4484,1,0,0,FALSE,"holm"
4485,0,0,0,FALSE,"holm"
4486,3,0,0,FALSE,"holm"
4487,0,0,0,FALSE,"holm"
4488,1,0,0,FALSE,"holm"
4489,0,0,0,FALSE,"holm"
4490,1,0,0,FALSE,"holm"
4491,0,0,0,FALSE,"holm"
4492,0,0,0,FALSE,"holm"
4493,1,0,0,FALSE,"holm"
4494,1,0,0,FALSE,"holm"
4495,1,0,0,FALSE,"holm"
4496,1,0,0,FALSE,"holm"
4497,0,0,0,FALSE,"holm"
4498,2,0,0,FALSE,"holm"
4499,0,0,0,FALSE,"holm"
4500,0,0,0,FALSE,"holm"
4501,1,0,0,FALSE,"holm"
4502,3,0,0,FALSE,"holm"
4503,0,0,0,FALSE,"holm"
4504,0,0,0,FALSE,"holm"
4505,1,0,0,FALSE,"holm"
4506,2,0,0,FALSE,"holm"
4507,2,0,0,FALSE,"holm"
4508,0,0,0,FALSE,"holm"
4509,2,0,0,FALSE,"holm"
4510,1,0,0,FALSE,"holm"
4511,1,0,0,FALSE,"holm"
4512,0,0,0,FALSE,"holm"
4513,0,0,0,FALSE,"holm"
4514,1,0,0,FALSE,"holm"
4515,0,0,0,FALSE,"holm"
4516,1,0,0,FALSE,"holm"
4517,0,0,0,FALSE,"holm"
4518,1,1,1,TRUE,"holm"
4519,1,0,0,FALSE,"holm"
4520,1,0,0,FALSE,"holm"
4521,0,0,0,FALSE,"holm"
4522,2,1,0.5,TRUE,"holm"
4523,0,0,0,FALSE,"holm"
4524,1,0,0,FALSE,"holm"
4525,1,0,0,FALSE,"holm"
4526,1,0,0,FALSE,"holm"
4527,1,0,0,FALSE,"holm"
4528,2,0,0,FALSE,"holm"
4529,1,0,0,FALSE,"holm"
4530,2,0,0,FALSE,"holm"
4531,2,0,0,FALSE,"holm"
4532,1,1,1,TRUE,"holm"
4533,0,0,0,FALSE,"holm"
4534,1,0,0,FALSE,"holm"
4535,0,0,0,FALSE,"holm"
4536,0,0,0,FALSE,"holm"
4537,1,0,0,FALSE,"holm"
4538,0,0,0,FALSE,"holm"
4539,1,0,0,FALSE,"holm"
4540,0,0,0,FALSE,"holm"
4541,3,0,0,FALSE,"holm"
4542,1,0,0,FALSE,"holm"
4543,1,0,0,FALSE,"holm"
4544,0,0,0,FALSE,"holm"
4545,0,0,0,FALSE,"holm"
4546,1,0,0,FALSE,"holm"
4547,1,0,0,FALSE,"holm"
4548,1,0,0,FALSE,"holm"
4549,2,0,0,FALSE,"holm"
4550,0,0,0,FALSE,"holm"
4551,2,0,0,FALSE,"holm"
4552,1,0,0,FALSE,"holm"
4553,0,0,0,FALSE,"holm"
4554,2,0,0,FALSE,"holm"
4555,0,0,0,FALSE,"holm"
4556,1,0,0,FALSE,"holm"
4557,2,0,0,FALSE,"holm"
4558,1,0,0,FALSE,"holm"
4559,0,0,0,FALSE,"holm"
4560,0,0,0,FALSE,"holm"
4561,1,0,0,FALSE,"holm"
4562,0,0,0,FALSE,"holm"
4563,0,0,0,FALSE,"holm"
4564,0,0,0,FALSE,"holm"
4565,0,0,0,FALSE,"holm"
4566,1,0,0,FALSE,"holm"
4567,3,1,0.333333333333333,TRUE,"holm"
4568,0,0,0,FALSE,"holm"
4569,1,0,0,FALSE,"holm"
4570,0,0,0,FALSE,"holm"
4571,0,0,0,FALSE,"holm"
4572,1,0,0,FALSE,"holm"
4573,1,0,0,FALSE,"holm"
4574,0,0,0,FALSE,"holm"
4575,1,0,0,FALSE,"holm"
4576,2,0,0,FALSE,"holm"
4577,1,0,0,FALSE,"holm"
4578,2,0,0,FALSE,"holm"
4579,3,0,0,FALSE,"holm"
4580,0,0,0,FALSE,"holm"
4581,3,0,0,FALSE,"holm"
4582,0,0,0,FALSE,"holm"
4583,0,0,0,FALSE,"holm"
4584,0,0,0,FALSE,"holm"
4585,3,0,0,FALSE,"holm"
4586,1,0,0,FALSE,"holm"
4587,0,0,0,FALSE,"holm"
4588,0,0,0,FALSE,"holm"
4589,1,0,0,FALSE,"holm"
4590,1,0,0,FALSE,"holm"
4591,1,0,0,FALSE,"holm"
4592,1,0,0,FALSE,"holm"
4593,3,1,0.333333333333333,TRUE,"holm"
4594,1,0,0,FALSE,"holm"
4595,1,0,0,FALSE,"holm"
4596,0,0,0,FALSE,"holm"
4597,0,0,0,FALSE,"holm"
4598,3,0,0,FALSE,"holm"
4599,2,0,0,FALSE,"holm"
4600,0,0,0,FALSE,"holm"
4601,1,0,0,FALSE,"holm"
4602,1,0,0,FALSE,"holm"
4603,2,0,0,FALSE,"holm"
4604,1,0,0,FALSE,"holm"
4605,1,0,0,FALSE,"holm"
4606,0,0,0,FALSE,"holm"
4607,0,0,0,FALSE,"holm"
4608,0,0,0,FALSE,"holm"
4609,1,0,0,FALSE,"holm"
4610,0,0,0,FALSE,"holm"
4611,1,0,0,FALSE,"holm"
4612,2,0,0,FALSE,"holm"
4613,3,0,0,FALSE,"holm"
4614,1,1,1,TRUE,"holm"
4615,1,0,0,FALSE,"holm"
4616,1,0,0,FALSE,"holm"
4617,0,0,0,FALSE,"holm"
4618,0,0,0,FALSE,"holm"
4619,0,0,0,FALSE,"holm"
4620,1,0,0,FALSE,"holm"
4621,2,0,0,FALSE,"holm"
4622,0,0,0,FALSE,"holm"
4623,0,0,0,FALSE,"holm"
4624,1,0,0,FALSE,"holm"
4625,0,0,0,FALSE,"holm"
4626,1,0,0,FALSE,"holm"
4627,0,0,0,FALSE,"holm"
4628,2,1,0.5,TRUE,"holm"
4629,0,0,0,FALSE,"holm"
4630,0,0,0,FALSE,"holm"
4631,0,0,0,FALSE,"holm"
4632,1,0,0,FALSE,"holm"
4633,2,1,0.5,TRUE,"holm"
4634,0,0,0,FALSE,"holm"
4635,0,0,0,FALSE,"holm"
4636,1,0,0,FALSE,"holm"
4637,1,0,0,FALSE,"holm"
4638,0,0,0,FALSE,"holm"
4639,1,0,0,FALSE,"holm"
4640,1,0,0,FALSE,"holm"
4641,1,0,0,FALSE,"holm"
4642,0,0,0,FALSE,"holm"
4643,3,0,0,FALSE,"holm"
4644,1,0,0,FALSE,"holm"
4645,2,1,0.5,TRUE,"holm"
4646,1,0,0,FALSE,"holm"
4647,2,1,0.5,TRUE,"holm"
4648,0,0,0,FALSE,"holm"
4649,0,0,0,FALSE,"holm"
4650,0,0,0,FALSE,"holm"
4651,0,0,0,FALSE,"holm"
4652,2,0,0,FALSE,"holm"
4653,3,0,0,FALSE,"holm"
4654,1,1,1,TRUE,"holm"
4655,2,1,0.5,TRUE,"holm"
4656,2,0,0,FALSE,"holm"
4657,2,0,0,FALSE,"holm"
4658,0,0,0,FALSE,"holm"
4659,2,0,0,FALSE,"holm"
4660,1,0,0,FALSE,"holm"
4661,1,0,0,FALSE,"holm"
4662,0,0,0,FALSE,"holm"
4663,1,0,0,FALSE,"holm"
4664,0,0,0,FALSE,"holm"
4665,0,0,0,FALSE,"holm"
4666,3,0,0,FALSE,"holm"
4667,2,0,0,FALSE,"holm"
4668,1,0,0,FALSE,"holm"
4669,1,0,0,FALSE,"holm"
4670,0,0,0,FALSE,"holm"
4671,0,0,0,FALSE,"holm"
4672,0,0,0,FALSE,"holm"
4673,0,0,0,FALSE,"holm"
4674,2,0,0,FALSE,"holm"
4675,2,0,0,FALSE,"holm"
4676,2,0,0,FALSE,"holm"
4677,0,0,0,FALSE,"holm"
4678,0,0,0,FALSE,"holm"
4679,1,0,0,FALSE,"holm"
4680,0,0,0,FALSE,"holm"
4681,1,0,0,FALSE,"holm"
4682,1,0,0,FALSE,"holm"
4683,3,0,0,FALSE,"holm"
4684,1,0,0,FALSE,"holm"
4685,1,0,0,FALSE,"holm"
4686,0,0,0,FALSE,"holm"
4687,0,0,0,FALSE,"holm"
4688,1,0,0,FALSE,"holm"
4689,1,0,0,FALSE,"holm"
4690,1,0,0,FALSE,"holm"
4691,2,0,0,FALSE,"holm"
4692,2,0,0,FALSE,"holm"
4693,1,0,0,FALSE,"holm"
4694,0,0,0,FALSE,"holm"
4695,2,0,0,FALSE,"holm"
4696,0,0,0,FALSE,"holm"
4697,0,0,0,FALSE,"holm"
4698,1,0,0,FALSE,"holm"
4699,3,0,0,FALSE,"holm"
4700,1,0,0,FALSE,"holm"
4701,0,0,0,FALSE,"holm"
4702,2,0,0,FALSE,"holm"
4703,0,0,0,FALSE,"holm"
4704,0,0,0,FALSE,"holm"
4705,1,0,0,FALSE,"holm"
4706,2,0,0,FALSE,"holm"
4707,1,0,0,FALSE,"holm"
4708,0,0,0,FALSE,"holm"
4709,0,0,0,FALSE,"holm"
4710,0,0,0,FALSE,"holm"
4711,4,0,0,FALSE,"holm"
4712,0,0,0,FALSE,"holm"
4713,1,0,0,FALSE,"holm"
4714,1,0,0,FALSE,"holm"
4715,0,0,0,FALSE,"holm"
4716,1,0,0,FALSE,"holm"
4717,0,0,0,FALSE,"holm"
4718,0,0,0,FALSE,"holm"
4719,0,0,0,FALSE,"holm"
4720,1,0,0,FALSE,"holm"
4721,1,0,0,FALSE,"holm"
4722,3,1,0.333333333333333,TRUE,"holm"
4723,2,0,0,FALSE,"holm"
4724,0,0,0,FALSE,"holm"
4725,1,0,0,FALSE,"holm"
4726,1,0,0,FALSE,"holm"
4727,2,0,0,FALSE,"holm"
4728,1,0,0,FALSE,"holm"
4729,1,1,1,TRUE,"holm"
4730,1,0,0,FALSE,"holm"
4731,0,0,0,FALSE,"holm"
4732,0,0,0,FALSE,"holm"
4733,0,0,0,FALSE,"holm"
4734,0,0,0,FALSE,"holm"
4735,2,0,0,FALSE,"holm"
4736,0,0,0,FALSE,"holm"
4737,1,0,0,FALSE,"holm"
4738,0,0,0,FALSE,"holm"
4739,0,0,0,FALSE,"holm"
4740,0,0,0,FALSE,"holm"
4741,2,0,0,FALSE,"holm"
4742,1,0,0,FALSE,"holm"
4743,1,0,0,FALSE,"holm"
4744,0,0,0,FALSE,"holm"
4745,0,0,0,FALSE,"holm"
4746,1,0,0,FALSE,"holm"
4747,1,0,0,FALSE,"holm"
4748,1,0,0,FALSE,"holm"
4749,0,0,0,FALSE,"holm"
4750,1,0,0,FALSE,"holm"
4751,2,0,0,FALSE,"holm"
4752,1,0,0,FALSE,"holm"
4753,2,0,0,FALSE,"holm"
4754,0,0,0,FALSE,"holm"
4755,0,0,0,FALSE,"holm"
4756,0,0,0,FALSE,"holm"
4757,1,0,0,FALSE,"holm"
4758,0,0,0,FALSE,"holm"
4759,1,0,0,FALSE,"holm"
4760,0,0,0,FALSE,"holm"
4761,0,0,0,FALSE,"holm"
4762,2,0,0,FALSE,"holm"
4763,1,0,0,FALSE,"holm"
4764,1,0,0,FALSE,"holm"
4765,0,0,0,FALSE,"holm"
4766,1,0,0,FALSE,"holm"
4767,1,0,0,FALSE,"holm"
4768,2,0,0,FALSE,"holm"
4769,1,0,0,FALSE,"holm"
4770,1,0,0,FALSE,"holm"
4771,1,0,0,FALSE,"holm"
4772,1,0,0,FALSE,"holm"
4773,0,0,0,FALSE,"holm"
4774,0,0,0,FALSE,"holm"
4775,1,0,0,FALSE,"holm"
4776,3,1,0.333333333333333,TRUE,"holm"
4777,0,0,0,FALSE,"holm"
4778,0,0,0,FALSE,"holm"
4779,0,0,0,FALSE,"holm"
4780,2,0,0,FALSE,"holm"
4781,1,0,0,FALSE,"holm"
4782,1,0,0,FALSE,"holm"
4783,1,0,0,FALSE,"holm"
4784,2,0,0,FALSE,"holm"
4785,1,0,0,FALSE,"holm"
4786,0,0,0,FALSE,"holm"
4787,0,0,0,FALSE,"holm"
4788,1,0,0,FALSE,"holm"
4789,1,0,0,FALSE,"holm"
4790,2,0,0,FALSE,"holm"
4791,4,1,0.25,TRUE,"holm"
4792,0,0,0,FALSE,"holm"
4793,1,0,0,FALSE,"holm"
4794,1,0,0,FALSE,"holm"
4795,2,0,0,FALSE,"holm"
4796,1,0,0,FALSE,"holm"
4797,0,0,0,FALSE,"holm"
4798,0,0,0,FALSE,"holm"
4799,1,0,0,FALSE,"holm"
4800,0,0,0,FALSE,"holm"
4801,0,0,0,FALSE,"holm"
4802,1,0,0,FALSE,"holm"
4803,1,0,0,FALSE,"holm"
4804,0,0,0,FALSE,"holm"
4805,2,0,0,FALSE,"holm"
4806,0,0,0,FALSE,"holm"
4807,0,0,0,FALSE,"holm"
4808,1,0,0,FALSE,"holm"
4809,0,0,0,FALSE,"holm"
4810,0,0,0,FALSE,"holm"
4811,0,0,0,FALSE,"holm"
4812,1,0,0,FALSE,"holm"
4813,1,0,0,FALSE,"holm"
4814,0,0,0,FALSE,"holm"
4815,0,0,0,FALSE,"holm"
4816,2,0,0,FALSE,"holm"
4817,1,0,0,FALSE,"holm"
4818,0,0,0,FALSE,"holm"
4819,1,0,0,FALSE,"holm"
4820,0,0,0,FALSE,"holm"
4821,1,0,0,FALSE,"holm"
4822,1,0,0,FALSE,"holm"
4823,1,0,0,FALSE,"holm"
4824,0,0,0,FALSE,"holm"
4825,1,0,0,FALSE,"holm"
4826,1,0,0,FALSE,"holm"
4827,0,0,0,FALSE,"holm"
4828,1,0,0,FALSE,"holm"
4829,1,0,0,FALSE,"holm"
4830,1,0,0,FALSE,"holm"
4831,1,0,0,FALSE,"holm"
4832,1,0,0,FALSE,"holm"
4833,1,0,0,FALSE,"holm"
4834,2,0,0,FALSE,"holm"
4835,0,0,0,FALSE,"holm"
4836,0,0,0,FALSE,"holm"
4837,0,0,0,FALSE,"holm"
4838,0,0,0,FALSE,"holm"
4839,0,0,0,FALSE,"holm"
4840,1,0,0,FALSE,"holm"
4841,1,1,1,TRUE,"holm"
4842,1,0,0,FALSE,"holm"
4843,0,0,0,FALSE,"holm"
4844,0,0,0,FALSE,"holm"
4845,1,0,0,FALSE,"holm"
4846,2,0,0,FALSE,"holm"
4847,0,0,0,FALSE,"holm"
4848,0,0,0,FALSE,"holm"
4849,0,0,0,FALSE,"holm"
4850,0,0,0,FALSE,"holm"
4851,0,0,0,FALSE,"holm"
4852,2,0,0,FALSE,"holm"
4853,1,0,0,FALSE,"holm"
4854,1,0,0,FALSE,"holm"
4855,0,0,0,FALSE,"holm"
4856,1,0,0,FALSE,"holm"
4857,0,0,0,FALSE,"holm"
4858,1,0,0,FALSE,"holm"
4859,1,0,0,FALSE,"holm"
4860,0,0,0,FALSE,"holm"
4861,0,0,0,FALSE,"holm"
4862,3,0,0,FALSE,"holm"
4863,2,1,0.5,TRUE,"holm"
4864,0,0,0,FALSE,"holm"
4865,0,0,0,FALSE,"holm"
4866,2,0,0,FALSE,"holm"
4867,0,0,0,FALSE,"holm"
4868,3,0,0,FALSE,"holm"
4869,0,0,0,FALSE,"holm"
4870,0,0,0,FALSE,"holm"
4871,1,0,0,FALSE,"holm"
4872,1,0,0,FALSE,"holm"
4873,0,0,0,FALSE,"holm"
4874,0,0,0,FALSE,"holm"
4875,1,0,0,FALSE,"holm"
4876,3,0,0,FALSE,"holm"
4877,1,0,0,FALSE,"holm"
4878,1,0,0,FALSE,"holm"
4879,0,0,0,FALSE,"holm"
4880,1,0,0,FALSE,"holm"
4881,0,0,0,FALSE,"holm"
4882,0,0,0,FALSE,"holm"
4883,0,0,0,FALSE,"holm"
4884,2,0,0,FALSE,"holm"
4885,0,0,0,FALSE,"holm"
4886,1,0,0,FALSE,"holm"
4887,0,0,0,FALSE,"holm"
4888,1,1,1,TRUE,"holm"
4889,1,0,0,FALSE,"holm"
4890,0,0,0,FALSE,"holm"
4891,0,0,0,FALSE,"holm"
4892,3,0,0,FALSE,"holm"
4893,2,0,0,FALSE,"holm"
4894,1,0,0,FALSE,"holm"
4895,1,0,0,FALSE,"holm"
4896,0,0,0,FALSE,"holm"
4897,0,0,0,FALSE,"holm"
4898,2,0,0,FALSE,"holm"
4899,0,0,0,FALSE,"holm"
4900,0,0,0,FALSE,"holm"
4901,2,0,0,FALSE,"holm"
4902,2,1,0.5,TRUE,"holm"
4903,1,0,0,FALSE,"holm"
4904,0,0,0,FALSE,"holm"
4905,1,0,0,FALSE,"holm"
4906,2,0,0,FALSE,"holm"
4907,1,0,0,FALSE,"holm"
4908,1,0,0,FALSE,"holm"
4909,1,0,0,FALSE,"holm"
4910,1,0,0,FALSE,"holm"
4911,0,0,0,FALSE,"holm"
4912,1,0,0,FALSE,"holm"
4913,3,1,0.333333333333333,TRUE,"holm"
4914,0,0,0,FALSE,"holm"
4915,2,0,0,FALSE,"holm"
4916,0,0,0,FALSE,"holm"
4917,2,0,0,FALSE,"holm"
4918,2,0,0,FALSE,"holm"
4919,1,0,0,FALSE,"holm"
4920,1,0,0,FALSE,"holm"
4921,0,0,0,FALSE,"holm"
4922,1,0,0,FALSE,"holm"
4923,0,0,0,FALSE,"holm"
4924,0,0,0,FALSE,"holm"
4925,1,0,0,FALSE,"holm"
4926,0,0,0,FALSE,"holm"
4927,2,1,0.5,TRUE,"holm"
4928,0,0,0,FALSE,"holm"
4929,0,0,0,FALSE,"holm"
4930,1,0,0,FALSE,"holm"
4931,1,0,0,FALSE,"holm"
4932,0,0,0,FALSE,"holm"
4933,0,0,0,FALSE,"holm"
4934,0,0,0,FALSE,"holm"
4935,1,0,0,FALSE,"holm"
4936,0,0,0,FALSE,"holm"
4937,0,0,0,FALSE,"holm"
4938,1,0,0,FALSE,"holm"
4939,1,0,0,FALSE,"holm"
4940,1,0,0,FALSE,"holm"
4941,1,0,0,FALSE,"holm"
4942,0,0,0,FALSE,"holm"
4943,1,0,0,FALSE,"holm"
4944,0,0,0,FALSE,"holm"
4945,2,0,0,FALSE,"holm"
4946,0,0,0,FALSE,"holm"
4947,0,0,0,FALSE,"holm"
4948,0,0,0,FALSE,"holm"
4949,0,0,0,FALSE,"holm"
4950,1,0,0,FALSE,"holm"
4951,2,0,0,FALSE,"holm"
4952,1,0,0,FALSE,"holm"
4953,0,0,0,FALSE,"holm"
4954,1,0,0,FALSE,"holm"
4955,0,0,0,FALSE,"holm"
4956,0,0,0,FALSE,"holm"
4957,2,0,0,FALSE,"holm"
4958,1,0,0,FALSE,"holm"
4959,0,0,0,FALSE,"holm"
4960,1,0,0,FALSE,"holm"
4961,1,0,0,FALSE,"holm"
4962,1,0,0,FALSE,"holm"
4963,1,0,0,FALSE,"holm"
4964,1,0,0,FALSE,"holm"
4965,1,0,0,FALSE,"holm"
4966,2,0,0,FALSE,"holm"
4967,1,0,0,FALSE,"holm"
4968,1,1,1,TRUE,"holm"
4969,1,0,0,FALSE,"holm"
4970,1,0,0,FALSE,"holm"
4971,1,0,0,FALSE,"holm"
4972,1,0,0,FALSE,"holm"
4973,1,0,0,FALSE,"holm"
4974,2,1,0.5,TRUE,"holm"
4975,1,0,0,FALSE,"holm"
4976,0,0,0,FALSE,"holm"
4977,1,0,0,FALSE,"holm"
4978,1,0,0,FALSE,"holm"
4979,1,0,0,FALSE,"holm"
4980,3,0,0,FALSE,"holm"
4981,2,0,0,FALSE,"holm"
4982,0,0,0,FALSE,"holm"
4983,1,0,0,FALSE,"holm"
4984,3,0,0,FALSE,"holm"
4985,2,0,0,FALSE,"holm"
4986,3,0,0,FALSE,"holm"
4987,1,0,0,FALSE,"holm"
4988,0,0,0,FALSE,"holm"
4989,1,0,0,FALSE,"holm"
4990,0,0,0,FALSE,"holm"
4991,2,0,0,FALSE,"holm"
4992,2,0,0,FALSE,"holm"
4993,3,0,0,FALSE,"holm"
4994,1,0,0,FALSE,"holm"
4995,1,0,0,FALSE,"holm"
4996,1,0,0,FALSE,"holm"
4997,0,0,0,FALSE,"holm"
4998,0,0,0,FALSE,"holm"
4999,2,0,0,FALSE,"holm"
5000,2,0,0,FALSE,"holm"
5001,1,0,0,FALSE,"holm"
5002,3,0,0,FALSE,"holm"
5003,1,0,0,FALSE,"holm"
5004,1,0,0,FALSE,"holm"
5005,0,0,0,FALSE,"holm"
5006,0,0,0,FALSE,"holm"
5007,1,0,0,FALSE,"holm"
5008,2,0,0,FALSE,"holm"
5009,1,0,0,FALSE,"holm"
5010,1,0,0,FALSE,"holm"
5011,0,0,0,FALSE,"holm"
5012,0,0,0,FALSE,"holm"
5013,0,0,0,FALSE,"holm"
5014,0,0,0,FALSE,"holm"
5015,2,0,0,FALSE,"holm"
5016,1,0,0,FALSE,"holm"
5017,2,0,0,FALSE,"holm"
5018,0,0,0,FALSE,"holm"
5019,0,0,0,FALSE,"holm"
5020,1,0,0,FALSE,"holm"
5021,0,0,0,FALSE,"holm"
5022,0,0,0,FALSE,"holm"
5023,0,0,0,FALSE,"holm"
5024,0,0,0,FALSE,"holm"
5025,1,0,0,FALSE,"holm"
5026,2,0,0,FALSE,"holm"
5027,0,0,0,FALSE,"holm"
5028,1,0,0,FALSE,"holm"
5029,1,1,1,TRUE,"holm"
5030,2,0,0,FALSE,"holm"
5031,1,0,0,FALSE,"holm"
5032,0,0,0,FALSE,"holm"
5033,0,0,0,FALSE,"holm"
5034,0,0,0,FALSE,"holm"
5035,1,0,0,FALSE,"holm"
5036,0,0,0,FALSE,"holm"
5037,0,0,0,FALSE,"holm"
5038,1,0,0,FALSE,"holm"
5039,0,0,0,FALSE,"holm"
5040,0,0,0,FALSE,"holm"
5041,0,0,0,FALSE,"holm"
5042,2,0,0,FALSE,"holm"
5043,1,0,0,FALSE,"holm"
5044,1,0,0,FALSE,"holm"
5045,0,0,0,FALSE,"holm"
5046,0,0,0,FALSE,"holm"
5047,0,0,0,FALSE,"holm"
5048,2,0,0,FALSE,"holm"
5049,1,0,0,FALSE,"holm"
5050,0,0,0,FALSE,"holm"
5051,1,0,0,FALSE,"holm"
5052,0,0,0,FALSE,"holm"
5053,2,0,0,FALSE,"holm"
5054,0,0,0,FALSE,"holm"
5055,2,0,0,FALSE,"holm"
5056,1,0,0,FALSE,"holm"
5057,1,0,0,FALSE,"holm"
5058,0,0,0,FALSE,"holm"
5059,1,1,1,TRUE,"holm"
5060,1,0,0,FALSE,"holm"
5061,0,0,0,FALSE,"holm"
5062,1,0,0,FALSE,"holm"
5063,0,0,0,FALSE,"holm"
5064,1,0,0,FALSE,"holm"
5065,1,0,0,FALSE,"holm"
5066,1,0,0,FALSE,"holm"
5067,0,0,0,FALSE,"holm"
5068,0,0,0,FALSE,"holm"
5069,0,0,0,FALSE,"holm"
5070,1,0,0,FALSE,"holm"
5071,1,0,0,FALSE,"holm"
5072,1,0,0,FALSE,"holm"
5073,1,0,0,FALSE,"holm"
5074,0,0,0,FALSE,"holm"
5075,2,0,0,FALSE,"holm"
5076,1,0,0,FALSE,"holm"
5077,1,0,0,FALSE,"holm"
5078,0,0,0,FALSE,"holm"
5079,2,0,0,FALSE,"holm"
5080,0,0,0,FALSE,"holm"
5081,0,0,0,FALSE,"holm"
5082,0,0,0,FALSE,"holm"
5083,1,0,0,FALSE,"holm"
5084,1,1,1,TRUE,"holm"
5085,2,0,0,FALSE,"holm"
5086,1,0,0,FALSE,"holm"
5087,0,0,0,FALSE,"holm"
5088,0,0,0,FALSE,"holm"
5089,1,0,0,FALSE,"holm"
5090,2,0,0,FALSE,"holm"
5091,3,0,0,FALSE,"holm"
5092,0,0,0,FALSE,"holm"
5093,3,0,0,FALSE,"holm"
5094,1,0,0,FALSE,"holm"
5095,0,0,0,FALSE,"holm"
5096,0,0,0,FALSE,"holm"
5097,3,1,0.333333333333333,TRUE,"holm"
5098,0,0,0,FALSE,"holm"
5099,1,0,0,FALSE,"holm"
5100,0,0,0,FALSE,"holm"
5101,0,0,0,FALSE,"holm"
5102,0,0,0,FALSE,"holm"
5103,2,0,0,FALSE,"holm"
5104,1,0,0,FALSE,"holm"
5105,2,1,0.5,TRUE,"holm"
5106,2,0,0,FALSE,"holm"
5107,1,0,0,FALSE,"holm"
5108,0,0,0,FALSE,"holm"
5109,1,0,0,FALSE,"holm"
5110,3,0,0,FALSE,"holm"
5111,0,0,0,FALSE,"holm"
5112,0,0,0,FALSE,"holm"
5113,1,0,0,FALSE,"holm"
5114,1,0,0,FALSE,"holm"
5115,0,0,0,FALSE,"holm"
5116,0,0,0,FALSE,"holm"
5117,2,0,0,FALSE,"holm"
5118,1,0,0,FALSE,"holm"
5119,2,0,0,FALSE,"holm"
5120,1,0,0,FALSE,"holm"
5121,2,0,0,FALSE,"holm"
5122,0,0,0,FALSE,"holm"
5123,0,0,0,FALSE,"holm"
5124,0,0,0,FALSE,"holm"
5125,2,0,0,FALSE,"holm"
5126,2,0,0,FALSE,"holm"
5127,0,0,0,FALSE,"holm"
5128,1,0,0,FALSE,"holm"
5129,1,0,0,FALSE,"holm"
5130,1,0,0,FALSE,"holm"
5131,1,1,1,TRUE,"holm"
5132,1,0,0,FALSE,"holm"
5133,0,0,0,FALSE,"holm"
5134,1,0,0,FALSE,"holm"
5135,0,0,0,FALSE,"holm"
5136,1,0,0,FALSE,"holm"
5137,0,0,0,FALSE,"holm"
5138,0,0,0,FALSE,"holm"
5139,0,0,0,FALSE,"holm"
5140,1,0,0,FALSE,"holm"
5141,1,0,0,FALSE,"holm"
5142,1,0,0,FALSE,"holm"
5143,0,0,0,FALSE,"holm"
5144,1,0,0,FALSE,"holm"
5145,0,0,0,FALSE,"holm"
5146,1,0,0,FALSE,"holm"
5147,0,0,0,FALSE,"holm"
5148,1,0,0,FALSE,"holm"
5149,1,0,0,FALSE,"holm"
5150,1,0,0,FALSE,"holm"
5151,0,0,0,FALSE,"holm"
5152,0,0,0,FALSE,"holm"
5153,0,0,0,FALSE,"holm"
5154,0,0,0,FALSE,"holm"
5155,1,0,0,FALSE,"holm"
5156,3,0,0,FALSE,"holm"
5157,1,0,0,FALSE,"holm"
5158,0,0,0,FALSE,"holm"
5159,0,0,0,FALSE,"holm"
5160,1,0,0,FALSE,"holm"
5161,1,0,0,FALSE,"holm"
5162,1,0,0,FALSE,"holm"
5163,2,0,0,FALSE,"holm"
5164,2,0,0,FALSE,"holm"
5165,2,0,0,FALSE,"holm"
5166,2,0,0,FALSE,"holm"
5167,2,0,0,FALSE,"holm"
5168,0,0,0,FALSE,"holm"
5169,2,0,0,FALSE,"holm"
5170,0,0,0,FALSE,"holm"
5171,0,0,0,FALSE,"holm"
5172,1,0,0,FALSE,"holm"
5173,0,0,0,FALSE,"holm"
5174,0,0,0,FALSE,"holm"
5175,2,0,0,FALSE,"holm"
5176,0,0,0,FALSE,"holm"
5177,0,0,0,FALSE,"holm"
5178,1,0,0,FALSE,"holm"
5179,0,0,0,FALSE,"holm"
5180,1,1,1,TRUE,"holm"
5181,0,0,0,FALSE,"holm"
5182,0,0,0,FALSE,"holm"
5183,0,0,0,FALSE,"holm"
5184,0,0,0,FALSE,"holm"
5185,0,0,0,FALSE,"holm"
5186,1,0,0,FALSE,"holm"
5187,0,0,0,FALSE,"holm"
5188,0,0,0,FALSE,"holm"
5189,0,0,0,FALSE,"holm"
5190,1,0,0,FALSE,"holm"
5191,2,1,0.5,TRUE,"holm"
5192,0,0,0,FALSE,"holm"
5193,2,0,0,FALSE,"holm"
5194,1,0,0,FALSE,"holm"
5195,1,0,0,FALSE,"holm"
5196,2,0,0,FALSE,"holm"
5197,2,0,0,FALSE,"holm"
5198,1,0,0,FALSE,"holm"
5199,1,0,0,FALSE,"holm"
5200,0,0,0,FALSE,"holm"
5201,1,0,0,FALSE,"holm"
5202,2,0,0,FALSE,"holm"
5203,1,0,0,FALSE,"holm"
5204,0,0,0,FALSE,"holm"
5205,0,0,0,FALSE,"holm"
5206,1,0,0,FALSE,"holm"
5207,0,0,0,FALSE,"holm"
5208,1,0,0,FALSE,"holm"
5209,0,0,0,FALSE,"holm"
5210,1,0,0,FALSE,"holm"
5211,0,0,0,FALSE,"holm"
5212,3,1,0.333333333333333,TRUE,"holm"
5213,1,0,0,FALSE,"holm"
5214,0,0,0,FALSE,"holm"
5215,0,0,0,FALSE,"holm"
5216,0,0,0,FALSE,"holm"
5217,2,0,0,FALSE,"holm"
5218,2,0,0,FALSE,"holm"
5219,1,0,0,FALSE,"holm"
5220,1,0,0,FALSE,"holm"
5221,0,0,0,FALSE,"holm"
5222,0,0,0,FALSE,"holm"
5223,1,0,0,FALSE,"holm"
5224,1,0,0,FALSE,"holm"
5225,2,0,0,FALSE,"holm"
5226,1,0,0,FALSE,"holm"
5227,0,0,0,FALSE,"holm"
5228,1,0,0,FALSE,"holm"
5229,0,0,0,FALSE,"holm"
5230,1,0,0,FALSE,"holm"
5231,1,0,0,FALSE,"holm"
5232,1,0,0,FALSE,"holm"
5233,0,0,0,FALSE,"holm"
5234,0,0,0,FALSE,"holm"
5235,2,0,0,FALSE,"holm"
5236,0,0,0,FALSE,"holm"
5237,2,1,0.5,TRUE,"holm"
5238,0,0,0,FALSE,"holm"
5239,1,0,0,FALSE,"holm"
5240,1,0,0,FALSE,"holm"
5241,0,0,0,FALSE,"holm"
5242,1,0,0,FALSE,"holm"
5243,1,0,0,FALSE,"holm"
5244,1,0,0,FALSE,"holm"
5245,0,0,0,FALSE,"holm"
5246,0,0,0,FALSE,"holm"
5247,2,1,0.5,TRUE,"holm"
5248,1,0,0,FALSE,"holm"
5249,1,0,0,FALSE,"holm"
5250,2,0,0,FALSE,"holm"
5251,0,0,0,FALSE,"holm"
5252,0,0,0,FALSE,"holm"
5253,2,0,0,FALSE,"holm"
5254,1,0,0,FALSE,"holm"
5255,0,0,0,FALSE,"holm"
5256,1,0,0,FALSE,"holm"
5257,2,0,0,FALSE,"holm"
5258,1,0,0,FALSE,"holm"
5259,0,0,0,FALSE,"holm"
5260,0,0,0,FALSE,"holm"
5261,2,0,0,FALSE,"holm"
5262,1,0,0,FALSE,"holm"
5263,2,1,0.5,TRUE,"holm"
5264,1,0,0,FALSE,"holm"
5265,0,0,0,FALSE,"holm"
5266,1,0,0,FALSE,"holm"
5267,0,0,0,FALSE,"holm"
5268,2,0,0,FALSE,"holm"
5269,0,0,0,FALSE,"holm"
5270,0,0,0,FALSE,"holm"
5271,2,1,0.5,TRUE,"holm"
5272,1,0,0,FALSE,"holm"
5273,1,0,0,FALSE,"holm"
5274,1,0,0,FALSE,"holm"
5275,0,0,0,FALSE,"holm"
5276,0,0,0,FALSE,"holm"
5277,1,0,0,FALSE,"holm"
5278,0,0,0,FALSE,"holm"
5279,2,0,0,FALSE,"holm"
5280,3,0,0,FALSE,"holm"
5281,0,0,0,FALSE,"holm"
5282,0,0,0,FALSE,"holm"
5283,2,0,0,FALSE,"holm"
5284,1,0,0,FALSE,"holm"
5285,1,0,0,FALSE,"holm"
5286,1,0,0,FALSE,"holm"
5287,0,0,0,FALSE,"holm"
5288,2,0,0,FALSE,"holm"
5289,0,0,0,FALSE,"holm"
5290,2,0,0,FALSE,"holm"
5291,1,0,0,FALSE,"holm"
5292,1,0,0,FALSE,"holm"
5293,1,0,0,FALSE,"holm"
5294,1,0,0,FALSE,"holm"
5295,1,0,0,FALSE,"holm"
5296,0,0,0,FALSE,"holm"
5297,0,0,0,FALSE,"holm"
5298,0,0,0,FALSE,"holm"
5299,0,0,0,FALSE,"holm"
5300,0,0,0,FALSE,"holm"
5301,0,0,0,FALSE,"holm"
5302,1,0,0,FALSE,"holm"
5303,2,1,0.5,TRUE,"holm"
5304,0,0,0,FALSE,"holm"
5305,0,0,0,FALSE,"holm"
5306,0,0,0,FALSE,"holm"
5307,1,0,0,FALSE,"holm"
5308,0,0,0,FALSE,"holm"
5309,1,0,0,FALSE,"holm"
5310,0,0,0,FALSE,"holm"
5311,1,0,0,FALSE,"holm"
5312,2,0,0,FALSE,"holm"
5313,1,0,0,FALSE,"holm"
5314,2,0,0,FALSE,"holm"
5315,0,0,0,FALSE,"holm"
5316,1,0,0,FALSE,"holm"
5317,1,0,0,FALSE,"holm"
5318,1,0,0,FALSE,"holm"
5319,1,0,0,FALSE,"holm"
5320,0,0,0,FALSE,"holm"
5321,1,0,0,FALSE,"holm"
5322,1,0,0,FALSE,"holm"
5323,0,0,0,FALSE,"holm"
5324,2,0,0,FALSE,"holm"
5325,0,0,0,FALSE,"holm"
5326,0,0,0,FALSE,"holm"
5327,1,0,0,FALSE,"holm"
5328,0,0,0,FALSE,"holm"
5329,1,0,0,FALSE,"holm"
5330,0,0,0,FALSE,"holm"
5331,1,0,0,FALSE,"holm"
5332,2,0,0,FALSE,"holm"
5333,1,0,0,FALSE,"holm"
5334,3,0,0,FALSE,"holm"
5335,2,0,0,FALSE,"holm"
5336,1,0,0,FALSE,"holm"
5337,2,1,0.5,TRUE,"holm"
5338,0,0,0,FALSE,"holm"
5339,2,0,0,FALSE,"holm"
5340,0,0,0,FALSE,"holm"
5341,0,0,0,FALSE,"holm"
5342,1,0,0,FALSE,"holm"
5343,2,0,0,FALSE,"holm"
5344,2,0,0,FALSE,"holm"
5345,1,0,0,FALSE,"holm"
5346,1,0,0,FALSE,"holm"
5347,2,0,0,FALSE,"holm"
5348,1,0,0,FALSE,"holm"
5349,1,0,0,FALSE,"holm"
5350,0,0,0,FALSE,"holm"
5351,0,0,0,FALSE,"holm"
5352,3,1,0.333333333333333,TRUE,"holm"
5353,0,0,0,FALSE,"holm"
5354,1,0,0,FALSE,"holm"
5355,3,2,0.666666666666667,TRUE,"holm"
5356,1,0,0,FALSE,"holm"
5357,1,0,0,FALSE,"holm"
5358,2,0,0,FALSE,"holm"
5359,3,1,0.333333333333333,TRUE,"holm"
5360,0,0,0,FALSE,"holm"
5361,1,0,0,FALSE,"holm"
5362,0,0,0,FALSE,"holm"
5363,1,0,0,FALSE,"holm"
5364,1,0,0,FALSE,"holm"
5365,0,0,0,FALSE,"holm"
5366,0,0,0,FALSE,"holm"
5367,0,0,0,FALSE,"holm"
5368,0,0,0,FALSE,"holm"
5369,2,0,0,FALSE,"holm"
5370,3,0,0,FALSE,"holm"
5371,3,0,0,FALSE,"holm"
5372,0,0,0,FALSE,"holm"
5373,1,0,0,FALSE,"holm"
5374,1,0,0,FALSE,"holm"
5375,0,0,0,FALSE,"holm"
5376,0,0,0,FALSE,"holm"
5377,0,0,0,FALSE,"holm"
5378,0,0,0,FALSE,"holm"
5379,0,0,0,FALSE,"holm"
5380,2,0,0,FALSE,"holm"
5381,0,0,0,FALSE,"holm"
5382,0,0,0,FALSE,"holm"
5383,2,0,0,FALSE,"holm"
5384,0,0,0,FALSE,"holm"
5385,0,0,0,FALSE,"holm"
5386,0,0,0,FALSE,"holm"
5387,1,0,0,FALSE,"holm"
5388,0,0,0,FALSE,"holm"
5389,3,0,0,FALSE,"holm"
5390,0,0,0,FALSE,"holm"
5391,0,0,0,FALSE,"holm"
5392,2,0,0,FALSE,"holm"
5393,1,0,0,FALSE,"holm"
5394,1,0,0,FALSE,"holm"
5395,0,0,0,FALSE,"holm"
5396,0,0,0,FALSE,"holm"
5397,2,0,0,FALSE,"holm"
5398,1,0,0,FALSE,"holm"
5399,1,0,0,FALSE,"holm"
5400,1,0,0,FALSE,"holm"
5401,1,0,0,FALSE,"holm"
5402,0,0,0,FALSE,"holm"
5403,1,0,0,FALSE,"holm"
5404,0,0,0,FALSE,"holm"
5405,1,1,1,TRUE,"holm"
5406,1,0,0,FALSE,"holm"
5407,1,0,0,FALSE,"holm"
5408,3,0,0,FALSE,"holm"
5409,1,0,0,FALSE,"holm"
5410,1,0,0,FALSE,"holm"
5411,2,0,0,FALSE,"holm"
5412,3,1,0.333333333333333,TRUE,"holm"
5413,1,0,0,FALSE,"holm"
5414,0,0,0,FALSE,"holm"
5415,0,0,0,FALSE,"holm"
5416,0,0,0,FALSE,"holm"
5417,1,0,0,FALSE,"holm"
5418,0,0,0,FALSE,"holm"
5419,1,0,0,FALSE,"holm"
5420,1,0,0,FALSE,"holm"
5421,0,0,0,FALSE,"holm"
5422,2,0,0,FALSE,"holm"
5423,2,0,0,FALSE,"holm"
5424,2,0,0,FALSE,"holm"
5425,1,0,0,FALSE,"holm"
5426,1,0,0,FALSE,"holm"
5427,0,0,0,FALSE,"holm"
5428,0,0,0,FALSE,"holm"
5429,0,0,0,FALSE,"holm"
5430,0,0,0,FALSE,"holm"
5431,1,0,0,FALSE,"holm"
5432,0,0,0,FALSE,"holm"
5433,1,0,0,FALSE,"holm"
5434,2,0,0,FALSE,"holm"
5435,2,1,0.5,TRUE,"holm"
5436,1,0,0,FALSE,"holm"
5437,1,0,0,FALSE,"holm"
5438,0,0,0,FALSE,"holm"
5439,0,0,0,FALSE,"holm"
5440,1,0,0,FALSE,"holm"
5441,1,0,0,FALSE,"holm"
5442,0,0,0,FALSE,"holm"
5443,1,0,0,FALSE,"holm"
5444,1,1,1,TRUE,"holm"
5445,1,0,0,FALSE,"holm"
5446,0,0,0,FALSE,"holm"
5447,2,0,0,FALSE,"holm"
5448,0,0,0,FALSE,"holm"
5449,1,0,0,FALSE,"holm"
5450,1,0,0,FALSE,"holm"
5451,0,0,0,FALSE,"holm"
5452,0,0,0,FALSE,"holm"
5453,0,0,0,FALSE,"holm"
5454,0,0,0,FALSE,"holm"
5455,1,0,0,FALSE,"holm"
5456,0,0,0,FALSE,"holm"
5457,0,0,0,FALSE,"holm"
5458,0,0,0,FALSE,"holm"
5459,2,0,0,FALSE,"holm"
5460,1,0,0,FALSE,"holm"
5461,2,0,0,FALSE,"holm"
5462,2,0,0,FALSE,"holm"
5463,2,1,0.5,TRUE,"holm"
5464,2,0,0,FALSE,"holm"
5465,1,0,0,FALSE,"holm"
5466,1,0,0,FALSE,"holm"
5467,1,0,0,FALSE,"holm"
5468,2,0,0,FALSE,"holm"
5469,2,0,0,FALSE,"holm"
5470,1,0,0,FALSE,"holm"
5471,0,0,0,FALSE,"holm"
5472,1,0,0,FALSE,"holm"
5473,1,0,0,FALSE,"holm"
5474,0,0,0,FALSE,"holm"
5475,2,0,0,FALSE,"holm"
5476,2,0,0,FALSE,"holm"
5477,1,0,0,FALSE,"holm"
5478,2,0,0,FALSE,"holm"
5479,1,0,0,FALSE,"holm"
5480,1,0,0,FALSE,"holm"
5481,1,0,0,FALSE,"holm"
5482,2,0,0,FALSE,"holm"
5483,0,0,0,FALSE,"holm"
5484,1,0,0,FALSE,"holm"
5485,0,0,0,FALSE,"holm"
5486,0,0,0,FALSE,"holm"
5487,0,0,0,FALSE,"holm"
5488,2,0,0,FALSE,"holm"
5489,1,0,0,FALSE,"holm"
5490,1,0,0,FALSE,"holm"
5491,0,0,0,FALSE,"holm"
5492,2,0,0,FALSE,"holm"
5493,0,0,0,FALSE,"holm"
5494,1,0,0,FALSE,"holm"
5495,1,0,0,FALSE,"holm"
5496,0,0,0,FALSE,"holm"
5497,1,0,0,FALSE,"holm"
5498,2,0,0,FALSE,"holm"
5499,1,0,0,FALSE,"holm"
5500,0,0,0,FALSE,"holm"
5501,0,0,0,FALSE,"holm"
5502,0,0,0,FALSE,"holm"
5503,1,0,0,FALSE,"holm"
5504,1,0,0,FALSE,"holm"
5505,0,0,0,FALSE,"holm"
5506,0,0,0,FALSE,"holm"
5507,2,1,0.5,TRUE,"holm"
5508,1,0,0,FALSE,"holm"
5509,1,0,0,FALSE,"holm"
5510,4,0,0,FALSE,"holm"
5511,1,0,0,FALSE,"holm"
5512,0,0,0,FALSE,"holm"
5513,2,1,0.5,TRUE,"holm"
5514,1,0,0,FALSE,"holm"
5515,1,0,0,FALSE,"holm"
5516,1,0,0,FALSE,"holm"
5517,1,0,0,FALSE,"holm"
5518,1,0,0,FALSE,"holm"
5519,1,0,0,FALSE,"holm"
5520,1,0,0,FALSE,"holm"
5521,0,0,0,FALSE,"holm"
5522,0,0,0,FALSE,"holm"
5523,2,0,0,FALSE,"holm"
5524,1,0,0,FALSE,"holm"
5525,0,0,0,FALSE,"holm"
5526,0,0,0,FALSE,"holm"
5527,0,0,0,FALSE,"holm"
5528,3,0,0,FALSE,"holm"
5529,1,0,0,FALSE,"holm"
5530,1,0,0,FALSE,"holm"
5531,2,0,0,FALSE,"holm"
5532,1,0,0,FALSE,"holm"
5533,1,0,0,FALSE,"holm"
5534,2,0,0,FALSE,"holm"
5535,1,0,0,FALSE,"holm"
5536,0,0,0,FALSE,"holm"
5537,0,0,0,FALSE,"holm"
5538,0,0,0,FALSE,"holm"
5539,0,0,0,FALSE,"holm"
5540,1,0,0,FALSE,"holm"
5541,1,0,0,FALSE,"holm"
5542,1,0,0,FALSE,"holm"
5543,3,1,0.333333333333333,TRUE,"holm"
5544,1,0,0,FALSE,"holm"
5545,0,0,0,FALSE,"holm"
5546,1,0,0,FALSE,"holm"
5547,0,0,0,FALSE,"holm"
5548,3,0,0,FALSE,"holm"
5549,1,0,0,FALSE,"holm"
5550,0,0,0,FALSE,"holm"
5551,3,1,0.333333333333333,TRUE,"holm"
5552,0,0,0,FALSE,"holm"
5553,0,0,0,FALSE,"holm"
5554,1,0,0,FALSE,"holm"
5555,2,0,0,FALSE,"holm"
5556,2,0,0,FALSE,"holm"
5557,3,1,0.333333333333333,TRUE,"holm"
5558,0,0,0,FALSE,"holm"
5559,0,0,0,FALSE,"holm"
5560,0,0,0,FALSE,"holm"
5561,0,0,0,FALSE,"holm"
5562,2,0,0,FALSE,"holm"
5563,1,0,0,FALSE,"holm"
5564,3,0,0,FALSE,"holm"
5565,0,0,0,FALSE,"holm"
5566,1,0,0,FALSE,"holm"
5567,1,0,0,FALSE,"holm"
5568,0,0,0,FALSE,"holm"
5569,1,0,0,FALSE,"holm"
5570,2,0,0,FALSE,"holm"
5571,1,0,0,FALSE,"holm"
5572,1,0,0,FALSE,"holm"
5573,1,0,0,FALSE,"holm"
5574,1,0,0,FALSE,"holm"
5575,0,0,0,FALSE,"holm"
5576,0,0,0,FALSE,"holm"
5577,0,0,0,FALSE,"holm"
5578,1,0,0,FALSE,"holm"
5579,1,0,0,FALSE,"holm"
5580,1,0,0,FALSE,"holm"
5581,1,0,0,FALSE,"holm"
5582,2,0,0,FALSE,"holm"
5583,0,0,0,FALSE,"holm"
5584,1,0,0,FALSE,"holm"
5585,0,0,0,FALSE,"holm"
5586,2,0,0,FALSE,"holm"
5587,2,0,0,FALSE,"holm"
5588,1,0,0,FALSE,"holm"
5589,1,0,0,FALSE,"holm"
5590,0,0,0,FALSE,"holm"
5591,1,0,0,FALSE,"holm"
5592,0,0,0,FALSE,"holm"
5593,1,0,0,FALSE,"holm"
5594,0,0,0,FALSE,"holm"
5595,0,0,0,FALSE,"holm"
5596,0,0,0,FALSE,"holm"
5597,0,0,0,FALSE,"holm"
5598,3,0,0,FALSE,"holm"
5599,0,0,0,FALSE,"holm"
5600,0,0,0,FALSE,"holm"
5601,1,0,0,FALSE,"holm"
5602,1,0,0,FALSE,"holm"
5603,1,0,0,FALSE,"holm"
5604,1,0,0,FALSE,"holm"
5605,0,0,0,FALSE,"holm"
5606,1,0,0,FALSE,"holm"
5607,2,0,0,FALSE,"holm"
5608,1,0,0,FALSE,"holm"
5609,0,0,0,FALSE,"holm"
5610,0,0,0,FALSE,"holm"
5611,0,0,0,FALSE,"holm"
5612,1,0,0,FALSE,"holm"
5613,0,0,0,FALSE,"holm"
5614,0,0,0,FALSE,"holm"
5615,0,0,0,FALSE,"holm"
5616,0,0,0,FALSE,"holm"
5617,0,0,0,FALSE,"holm"
5618,2,0,0,FALSE,"holm"
5619,0,0,0,FALSE,"holm"
5620,0,0,0,FALSE,"holm"
5621,1,0,0,FALSE,"holm"
5622,1,0,0,FALSE,"holm"
5623,1,0,0,FALSE,"holm"
5624,0,0,0,FALSE,"holm"
5625,1,0,0,FALSE,"holm"
5626,1,0,0,FALSE,"holm"
5627,0,0,0,FALSE,"holm"
5628,0,0,0,FALSE,"holm"
5629,0,0,0,FALSE,"holm"
5630,2,0,0,FALSE,"holm"
5631,2,1,0.5,TRUE,"holm"
5632,1,0,0,FALSE,"holm"
5633,0,0,0,FALSE,"holm"
5634,1,0,0,FALSE,"holm"
5635,2,0,0,FALSE,"holm"
5636,1,0,0,FALSE,"holm"
5637,1,0,0,FALSE,"holm"
5638,0,0,0,FALSE,"holm"
5639,0,0,0,FALSE,"holm"
5640,1,0,0,FALSE,"holm"
5641,0,0,0,FALSE,"holm"
5642,2,0,0,FALSE,"holm"
5643,1,0,0,FALSE,"holm"
5644,0,0,0,FALSE,"holm"
5645,0,0,0,FALSE,"holm"
5646,0,0,0,FALSE,"holm"
5647,1,0,0,FALSE,"holm"
5648,0,0,0,FALSE,"holm"
5649,1,0,0,FALSE,"holm"
5650,0,0,0,FALSE,"holm"
5651,1,0,0,FALSE,"holm"
5652,2,0,0,FALSE,"holm"
5653,0,0,0,FALSE,"holm"
5654,0,0,0,FALSE,"holm"
5655,0,0,0,FALSE,"holm"
5656,1,0,0,FALSE,"holm"
5657,3,1,0.333333333333333,TRUE,"holm"
5658,1,0,0,FALSE,"holm"
5659,1,0,0,FALSE,"holm"
5660,2,0,0,FALSE,"holm"
5661,1,0,0,FALSE,"holm"
5662,0,0,0,FALSE,"holm"
5663,1,0,0,FALSE,"holm"
5664,0,0,0,FALSE,"holm"
5665,1,0,0,FALSE,"holm"
5666,1,0,0,FALSE,"holm"
5667,1,0,0,FALSE,"holm"
5668,0,0,0,FALSE,"holm"
5669,1,1,1,TRUE,"holm"
5670,1,0,0,FALSE,"holm"
5671,1,0,0,FALSE,"holm"
5672,2,0,0,FALSE,"holm"
5673,1,0,0,FALSE,"holm"
5674,1,1,1,TRUE,"holm"
5675,2,0,0,FALSE,"holm"
5676,1,0,0,FALSE,"holm"
5677,0,0,0,FALSE,"holm"
5678,2,0,0,FALSE,"holm"
5679,0,0,0,FALSE,"holm"
5680,0,0,0,FALSE,"holm"
5681,0,0,0,FALSE,"holm"
5682,0,0,0,FALSE,"holm"
5683,0,0,0,FALSE,"holm"
5684,0,0,0,FALSE,"holm"
5685,0,0,0,FALSE,"holm"
5686,1,0,0,FALSE,"holm"
5687,1,0,0,FALSE,"holm"
5688,2,0,0,FALSE,"holm"
5689,1,0,0,FALSE,"holm"
5690,1,1,1,TRUE,"holm"
5691,2,0,0,FALSE,"holm"
5692,1,0,0,FALSE,"holm"
5693,1,0,0,FALSE,"holm"
5694,0,0,0,FALSE,"holm"
5695,1,0,0,FALSE,"holm"
5696,0,0,0,FALSE,"holm"
5697,1,0,0,FALSE,"holm"
5698,0,0,0,FALSE,"holm"
5699,1,0,0,FALSE,"holm"
5700,2,0,0,FALSE,"holm"
5701,1,0,0,FALSE,"holm"
5702,3,1,0.333333333333333,TRUE,"holm"
5703,0,0,0,FALSE,"holm"
5704,0,0,0,FALSE,"holm"
5705,1,0,0,FALSE,"holm"
5706,0,0,0,FALSE,"holm"
5707,0,0,0,FALSE,"holm"
5708,4,0,0,FALSE,"holm"
5709,0,0,0,FALSE,"holm"
5710,0,0,0,FALSE,"holm"
5711,2,0,0,FALSE,"holm"
5712,2,0,0,FALSE,"holm"
5713,2,0,0,FALSE,"holm"
5714,1,0,0,FALSE,"holm"
5715,0,0,0,FALSE,"holm"
5716,0,0,0,FALSE,"holm"
5717,1,0,0,FALSE,"holm"
5718,0,0,0,FALSE,"holm"
5719,1,0,0,FALSE,"holm"
5720,0,0,0,FALSE,"holm"
5721,2,0,0,FALSE,"holm"
5722,1,0,0,FALSE,"holm"
5723,1,0,0,FALSE,"holm"
5724,1,0,0,FALSE,"holm"
5725,1,0,0,FALSE,"holm"
5726,1,0,0,FALSE,"holm"
5727,2,0,0,FALSE,"holm"
5728,2,0,0,FALSE,"holm"
5729,0,0,0,FALSE,"holm"
5730,2,0,0,FALSE,"holm"
5731,1,1,1,TRUE,"holm"
5732,1,0,0,FALSE,"holm"
5733,1,1,1,TRUE,"holm"
5734,1,0,0,FALSE,"holm"
5735,2,0,0,FALSE,"holm"
5736,0,0,0,FALSE,"holm"
5737,1,0,0,FALSE,"holm"
5738,2,0,0,FALSE,"holm"
5739,1,0,0,FALSE,"holm"
5740,0,0,0,FALSE,"holm"
5741,2,0,0,FALSE,"holm"
5742,2,0,0,FALSE,"holm"
5743,0,0,0,FALSE,"holm"
5744,1,0,0,FALSE,"holm"
5745,1,1,1,TRUE,"holm"
5746,0,0,0,FALSE,"holm"
5747,0,0,0,FALSE,"holm"
5748,2,0,0,FALSE,"holm"
5749,1,0,0,FALSE,"holm"
5750,2,0,0,FALSE,"holm"
5751,2,0,0,FALSE,"holm"
5752,0,0,0,FALSE,"holm"
5753,1,0,0,FALSE,"holm"
5754,2,0,0,FALSE,"holm"
5755,1,0,0,FALSE,"holm"
5756,1,0,0,FALSE,"holm"
5757,1,0,0,FALSE,"holm"
5758,1,0,0,FALSE,"holm"
5759,1,0,0,FALSE,"holm"
5760,0,0,0,FALSE,"holm"
5761,3,1,0.333333333333333,TRUE,"holm"
5762,3,0,0,FALSE,"holm"
5763,2,0,0,FALSE,"holm"
5764,0,0,0,FALSE,"holm"
5765,1,0,0,FALSE,"holm"
5766,1,0,0,FALSE,"holm"
5767,1,0,0,FALSE,"holm"
5768,0,0,0,FALSE,"holm"
5769,1,0,0,FALSE,"holm"
5770,1,0,0,FALSE,"holm"
5771,1,0,0,FALSE,"holm"
5772,1,0,0,FALSE,"holm"
5773,1,0,0,FALSE,"holm"
5774,0,0,0,FALSE,"holm"
5775,1,0,0,FALSE,"holm"
5776,1,0,0,FALSE,"holm"
5777,3,0,0,FALSE,"holm"
5778,3,1,0.333333333333333,TRUE,"holm"
5779,2,0,0,FALSE,"holm"
5780,0,0,0,FALSE,"holm"
5781,4,1,0.25,TRUE,"holm"
5782,1,0,0,FALSE,"holm"
5783,3,0,0,FALSE,"holm"
5784,1,0,0,FALSE,"holm"
5785,0,0,0,FALSE,"holm"
5786,0,0,0,FALSE,"holm"
5787,1,0,0,FALSE,"holm"
5788,0,0,0,FALSE,"holm"
5789,2,0,0,FALSE,"holm"
5790,1,0,0,FALSE,"holm"
5791,0,0,0,FALSE,"holm"
5792,4,0,0,FALSE,"holm"
5793,1,0,0,FALSE,"holm"
5794,2,0,0,FALSE,"holm"
5795,2,0,0,FALSE,"holm"
5796,0,0,0,FALSE,"holm"
5797,0,0,0,FALSE,"holm"
5798,1,0,0,FALSE,"holm"
5799,0,0,0,FALSE,"holm"
5800,1,0,0,FALSE,"holm"
5801,0,0,0,FALSE,"holm"
5802,0,0,0,FALSE,"holm"
5803,0,0,0,FALSE,"holm"
5804,0,0,0,FALSE,"holm"
5805,1,1,1,TRUE,"holm"
5806,2,0,0,FALSE,"holm"
5807,1,0,0,FALSE,"holm"
5808,0,0,0,FALSE,"holm"
5809,1,0,0,FALSE,"holm"
5810,1,0,0,FALSE,"holm"
5811,1,0,0,FALSE,"holm"
5812,0,0,0,FALSE,"holm"
5813,2,0,0,FALSE,"holm"
5814,2,0,0,FALSE,"holm"
5815,1,1,1,TRUE,"holm"
5816,1,0,0,FALSE,"holm"
5817,1,0,0,FALSE,"holm"
5818,1,0,0,FALSE,"holm"
5819,0,0,0,FALSE,"holm"
5820,1,0,0,FALSE,"holm"
5821,1,0,0,FALSE,"holm"
5822,1,0,0,FALSE,"holm"
5823,0,0,0,FALSE,"holm"
5824,0,0,0,FALSE,"holm"
5825,1,0,0,FALSE,"holm"
5826,1,0,0,FALSE,"holm"
5827,2,0,0,FALSE,"holm"
5828,1,0,0,FALSE,"holm"
5829,2,0,0,FALSE,"holm"
5830,0,0,0,FALSE,"holm"
5831,0,0,0,FALSE,"holm"
5832,1,0,0,FALSE,"holm"
5833,1,0,0,FALSE,"holm"
5834,1,0,0,FALSE,"holm"
5835,1,0,0,FALSE,"holm"
5836,3,0,0,FALSE,"holm"
5837,1,0,0,FALSE,"holm"
5838,1,1,1,TRUE,"holm"
5839,1,0,0,FALSE,"holm"
5840,0,0,0,FALSE,"holm"
5841,0,0,0,FALSE,"holm"
5842,0,0,0,FALSE,"holm"
5843,1,0,0,FALSE,"holm"
5844,1,0,0,FALSE,"holm"
5845,1,0,0,FALSE,"holm"
5846,2,0,0,FALSE,"holm"
5847,0,0,0,FALSE,"holm"
5848,0,0,0,FALSE,"holm"
5849,0,0,0,FALSE,"holm"
5850,0,0,0,FALSE,"holm"
5851,0,0,0,FALSE,"holm"
5852,0,0,0,FALSE,"holm"
5853,1,0,0,FALSE,"holm"
5854,2,0,0,FALSE,"holm"
5855,0,0,0,FALSE,"holm"
5856,0,0,0,FALSE,"holm"
5857,1,0,0,FALSE,"holm"
5858,2,0,0,FALSE,"holm"
5859,0,0,0,FALSE,"holm"
5860,0,0,0,FALSE,"holm"
5861,2,0,0,FALSE,"holm"
5862,0,0,0,FALSE,"holm"
5863,1,0,0,FALSE,"holm"
5864,1,0,0,FALSE,"holm"
5865,0,0,0,FALSE,"holm"
5866,3,1,0.333333333333333,TRUE,"holm"
5867,0,0,0,FALSE,"holm"
5868,1,0,0,FALSE,"holm"
5869,0,0,0,FALSE,"holm"
5870,0,0,0,FALSE,"holm"
5871,1,0,0,FALSE,"holm"
5872,0,0,0,FALSE,"holm"
5873,2,0,0,FALSE,"holm"
5874,0,0,0,FALSE,"holm"
5875,3,0,0,FALSE,"holm"
5876,1,0,0,FALSE,"holm"
5877,1,0,0,FALSE,"holm"
5878,3,1,0.333333333333333,TRUE,"holm"
5879,1,0,0,FALSE,"holm"
5880,2,0,0,FALSE,"holm"
5881,1,0,0,FALSE,"holm"
5882,0,0,0,FALSE,"holm"
5883,0,0,0,FALSE,"holm"
5884,1,0,0,FALSE,"holm"
5885,1,0,0,FALSE,"holm"
5886,1,1,1,TRUE,"holm"
5887,0,0,0,FALSE,"holm"
5888,0,0,0,FALSE,"holm"
5889,0,0,0,FALSE,"holm"
5890,0,0,0,FALSE,"holm"
5891,0,0,0,FALSE,"holm"
5892,0,0,0,FALSE,"holm"
5893,2,0,0,FALSE,"holm"
5894,1,0,0,FALSE,"holm"
5895,1,0,0,FALSE,"holm"
5896,0,0,0,FALSE,"holm"
5897,0,0,0,FALSE,"holm"
5898,1,0,0,FALSE,"holm"
5899,2,0,0,FALSE,"holm"
5900,1,0,0,FALSE,"holm"
5901,3,1,0.333333333333333,TRUE,"holm"
5902,4,0,0,FALSE,"holm"
5903,1,0,0,FALSE,"holm"
5904,2,1,0.5,TRUE,"holm"
5905,3,1,0.333333333333333,TRUE,"holm"
5906,1,0,0,FALSE,"holm"
5907,0,0,0,FALSE,"holm"
5908,1,0,0,FALSE,"holm"
5909,1,0,0,FALSE,"holm"
5910,0,0,0,FALSE,"holm"
5911,0,0,0,FALSE,"holm"
5912,0,0,0,FALSE,"holm"
5913,1,0,0,FALSE,"holm"
5914,2,1,0.5,TRUE,"holm"
5915,1,0,0,FALSE,"holm"
5916,1,0,0,FALSE,"holm"
5917,1,0,0,FALSE,"holm"
5918,2,0,0,FALSE,"holm"
5919,1,0,0,FALSE,"holm"
5920,1,0,0,FALSE,"holm"
5921,0,0,0,FALSE,"holm"
5922,2,0,0,FALSE,"holm"
5923,1,0,0,FALSE,"holm"
5924,1,0,0,FALSE,"holm"
5925,0,0,0,FALSE,"holm"
5926,0,0,0,FALSE,"holm"
5927,0,0,0,FALSE,"holm"
5928,1,0,0,FALSE,"holm"
5929,0,0,0,FALSE,"holm"
5930,2,0,0,FALSE,"holm"
5931,1,0,0,FALSE,"holm"
5932,1,0,0,FALSE,"holm"
5933,1,0,0,FALSE,"holm"
5934,0,0,0,FALSE,"holm"
5935,1,0,0,FALSE,"holm"
5936,1,0,0,FALSE,"holm"
5937,1,0,0,FALSE,"holm"
5938,1,0,0,FALSE,"holm"
5939,1,0,0,FALSE,"holm"
5940,0,0,0,FALSE,"holm"
5941,1,0,0,FALSE,"holm"
5942,1,0,0,FALSE,"holm"
5943,0,0,0,FALSE,"holm"
5944,0,0,0,FALSE,"holm"
5945,1,0,0,FALSE,"holm"
5946,1,0,0,FALSE,"holm"
5947,1,0,0,FALSE,"holm"
5948,1,0,0,FALSE,"holm"
5949,2,0,0,FALSE,"holm"
5950,1,0,0,FALSE,"holm"
5951,2,0,0,FALSE,"holm"
5952,1,0,0,FALSE,"holm"
5953,1,0,0,FALSE,"holm"
5954,1,0,0,FALSE,"holm"
5955,1,0,0,FALSE,"holm"
5956,1,0,0,FALSE,"holm"
5957,2,0,0,FALSE,"holm"
5958,0,0,0,FALSE,"holm"
5959,3,1,0.333333333333333,TRUE,"holm"
5960,0,0,0,FALSE,"holm"
5961,1,0,0,FALSE,"holm"
5962,1,0,0,FALSE,"holm"
5963,1,1,1,TRUE,"holm"
5964,0,0,0,FALSE,"holm"
5965,1,0,0,FALSE,"holm"
5966,0,0,0,FALSE,"holm"
5967,2,0,0,FALSE,"holm"
5968,1,0,0,FALSE,"holm"
5969,1,0,0,FALSE,"holm"
5970,0,0,0,FALSE,"holm"
5971,1,0,0,FALSE,"holm"
5972,1,0,0,FALSE,"holm"
5973,2,0,0,FALSE,"holm"
5974,1,0,0,FALSE,"holm"
5975,1,0,0,FALSE,"holm"
5976,0,0,0,FALSE,"holm"
5977,0,0,0,FALSE,"holm"
5978,1,0,0,FALSE,"holm"
5979,0,0,0,FALSE,"holm"
5980,1,0,0,FALSE,"holm"
5981,1,1,1,TRUE,"holm"
5982,0,0,0,FALSE,"holm"
5983,1,0,0,FALSE,"holm"
5984,2,0,0,FALSE,"holm"
5985,1,0,0,FALSE,"holm"
5986,0,0,0,FALSE,"holm"
5987,2,0,0,FALSE,"holm"
5988,0,0,0,FALSE,"holm"
5989,0,0,0,FALSE,"holm"
5990,0,0,0,FALSE,"holm"
5991,0,0,0,FALSE,"holm"
5992,0,0,0,FALSE,"holm"
5993,0,0,0,FALSE,"holm"
5994,0,0,0,FALSE,"holm"
5995,1,0,0,FALSE,"holm"
5996,3,0,0,FALSE,"holm"
5997,2,0,0,FALSE,"holm"
5998,1,0,0,FALSE,"holm"
5999,1,0,0,FALSE,"holm"
6000,1,0,0,FALSE,"holm"
6001,1,0,0,FALSE,"holm"
6002,1,0,0,FALSE,"holm"
6003,1,0,0,FALSE,"holm"
6004,1,0,0,FALSE,"holm"
6005,0,0,0,FALSE,"holm"
6006,1,0,0,FALSE,"holm"
6007,1,0,0,FALSE,"holm"
6008,0,0,0,FALSE,"holm"
6009,0,0,0,FALSE,"holm"
6010,2,0,0,FALSE,"holm"
6011,3,0,0,FALSE,"holm"
6012,3,0,0,FALSE,"holm"
6013,1,0,0,FALSE,"holm"
6014,1,0,0,FALSE,"holm"
6015,2,0,0,FALSE,"holm"
6016,0,0,0,FALSE,"holm"
6017,0,0,0,FALSE,"holm"
6018,3,0,0,FALSE,"holm"
6019,0,0,0,FALSE,"holm"
6020,1,0,0,FALSE,"holm"
6021,3,0,0,FALSE,"holm"
6022,1,0,0,FALSE,"holm"
6023,1,0,0,FALSE,"holm"
6024,0,0,0,FALSE,"holm"
6025,2,0,0,FALSE,"holm"
6026,1,0,0,FALSE,"holm"
6027,1,0,0,FALSE,"holm"
6028,1,0,0,FALSE,"holm"
6029,0,0,0,FALSE,"holm"
6030,0,0,0,FALSE,"holm"
6031,2,0,0,FALSE,"holm"
6032,0,0,0,FALSE,"holm"
6033,0,0,0,FALSE,"holm"
6034,1,0,0,FALSE,"holm"
6035,1,0,0,FALSE,"holm"
6036,0,0,0,FALSE,"holm"
6037,0,0,0,FALSE,"holm"
6038,3,0,0,FALSE,"holm"
6039,2,0,0,FALSE,"holm"
6040,1,0,0,FALSE,"holm"
6041,2,0,0,FALSE,"holm"
6042,0,0,0,FALSE,"holm"
6043,0,0,0,FALSE,"holm"
6044,0,0,0,FALSE,"holm"
6045,0,0,0,FALSE,"holm"
6046,2,0,0,FALSE,"holm"
6047,3,0,0,FALSE,"holm"
6048,1,0,0,FALSE,"holm"
6049,1,0,0,FALSE,"holm"
6050,0,0,0,FALSE,"holm"
6051,0,0,0,FALSE,"holm"
6052,0,0,0,FALSE,"holm"
6053,1,0,0,FALSE,"holm"
6054,2,0,0,FALSE,"holm"
6055,2,0,0,FALSE,"holm"
6056,0,0,0,FALSE,"holm"
6057,1,0,0,FALSE,"holm"
6058,3,0,0,FALSE,"holm"
6059,1,0,0,FALSE,"holm"
6060,2,0,0,FALSE,"holm"
6061,0,0,0,FALSE,"holm"
6062,1,0,0,FALSE,"holm"
6063,1,0,0,FALSE,"holm"
6064,0,0,0,FALSE,"holm"
6065,0,0,0,FALSE,"holm"
6066,1,0,0,FALSE,"holm"
6067,1,0,0,FALSE,"holm"
6068,2,0,0,FALSE,"holm"
6069,0,0,0,FALSE,"holm"
6070,1,1,1,TRUE,"holm"
6071,0,0,0,FALSE,"holm"
6072,2,0,0,FALSE,"holm"
6073,0,0,0,FALSE,"holm"
6074,1,0,0,FALSE,"holm"
6075,2,0,0,FALSE,"holm"
6076,2,0,0,FALSE,"holm"
6077,1,0,0,FALSE,"holm"
6078,1,0,0,FALSE,"holm"
6079,1,0,0,FALSE,"holm"
6080,1,0,0,FALSE,"holm"
6081,1,0,0,FALSE,"holm"
6082,0,0,0,FALSE,"holm"
6083,0,0,0,FALSE,"holm"
6084,1,0,0,FALSE,"holm"
6085,1,0,0,FALSE,"holm"
6086,0,0,0,FALSE,"holm"
6087,0,0,0,FALSE,"holm"
6088,1,0,0,FALSE,"holm"
6089,0,0,0,FALSE,"holm"
6090,1,0,0,FALSE,"holm"
6091,2,0,0,FALSE,"holm"
6092,0,0,0,FALSE,"holm"
6093,0,0,0,FALSE,"holm"
6094,2,0,0,FALSE,"holm"
6095,0,0,0,FALSE,"holm"
6096,2,0,0,FALSE,"holm"
6097,0,0,0,FALSE,"holm"
6098,1,0,0,FALSE,"holm"
6099,0,0,0,FALSE,"holm"
6100,2,0,0,FALSE,"holm"
6101,1,0,0,FALSE,"holm"
6102,3,0,0,FALSE,"holm"
6103,2,0,0,FALSE,"holm"
6104,0,0,0,FALSE,"holm"
6105,2,0,0,FALSE,"holm"
6106,0,0,0,FALSE,"holm"
6107,0,0,0,FALSE,"holm"
6108,1,0,0,FALSE,"holm"
6109,0,0,0,FALSE,"holm"
6110,1,0,0,FALSE,"holm"
6111,1,0,0,FALSE,"holm"
6112,1,0,0,FALSE,"holm"
6113,1,0,0,FALSE,"holm"
6114,0,0,0,FALSE,"holm"
6115,1,0,0,FALSE,"holm"
6116,2,0,0,FALSE,"holm"
6117,0,0,0,FALSE,"holm"
6118,2,0,0,FALSE,"holm"
6119,1,0,0,FALSE,"holm"
6120,0,0,0,FALSE,"holm"
6121,1,0,0,FALSE,"holm"
6122,1,0,0,FALSE,"holm"
6123,2,0,0,FALSE,"holm"
6124,1,0,0,FALSE,"holm"
6125,0,0,0,FALSE,"holm"
6126,2,0,0,FALSE,"holm"
6127,2,0,0,FALSE,"holm"
6128,0,0,0,FALSE,"holm"
6129,1,0,0,FALSE,"holm"
6130,0,0,0,FALSE,"holm"
6131,0,0,0,FALSE,"holm"
6132,0,0,0,FALSE,"holm"
6133,2,0,0,FALSE,"holm"
6134,1,0,0,FALSE,"holm"
6135,0,0,0,FALSE,"holm"
6136,0,0,0,FALSE,"holm"
6137,1,0,0,FALSE,"holm"
6138,0,0,0,FALSE,"holm"
6139,0,0,0,FALSE,"holm"
6140,1,0,0,FALSE,"holm"
6141,2,0,0,FALSE,"holm"
6142,2,0,0,FALSE,"holm"
6143,1,0,0,FALSE,"holm"
6144,1,0,0,FALSE,"holm"
6145,0,0,0,FALSE,"holm"
6146,1,0,0,FALSE,"holm"
6147,2,0,0,FALSE,"holm"
6148,0,0,0,FALSE,"holm"
6149,0,0,0,FALSE,"holm"
6150,0,0,0,FALSE,"holm"
6151,1,0,0,FALSE,"holm"
6152,3,0,0,FALSE,"holm"
6153,1,0,0,FALSE,"holm"
6154,1,0,0,FALSE,"holm"
6155,0,0,0,FALSE,"holm"
6156,0,0,0,FALSE,"holm"
6157,1,0,0,FALSE,"holm"
6158,0,0,0,FALSE,"holm"
6159,0,0,0,FALSE,"holm"
6160,1,0,0,FALSE,"holm"
6161,0,0,0,FALSE,"holm"
6162,1,0,0,FALSE,"holm"
6163,1,0,0,FALSE,"holm"
6164,2,1,0.5,TRUE,"holm"
6165,0,0,0,FALSE,"holm"
6166,0,0,0,FALSE,"holm"
6167,0,0,0,FALSE,"holm"
6168,1,0,0,FALSE,"holm"
6169,1,0,0,FALSE,"holm"
6170,1,0,0,FALSE,"holm"
6171,0,0,0,FALSE,"holm"
6172,0,0,0,FALSE,"holm"
6173,1,0,0,FALSE,"holm"
6174,1,0,0,FALSE,"holm"
6175,2,0,0,FALSE,"holm"
6176,2,0,0,FALSE,"holm"
6177,1,0,0,FALSE,"holm"
6178,1,0,0,FALSE,"holm"
6179,2,1,0.5,TRUE,"holm"
6180,0,0,0,FALSE,"holm"
6181,1,0,0,FALSE,"holm"
6182,1,0,0,FALSE,"holm"
6183,2,1,0.5,TRUE,"holm"
6184,1,0,0,FALSE,"holm"
6185,1,0,0,FALSE,"holm"
6186,0,0,0,FALSE,"holm"
6187,1,0,0,FALSE,"holm"
6188,0,0,0,FALSE,"holm"
6189,1,0,0,FALSE,"holm"
6190,2,0,0,FALSE,"holm"
6191,1,0,0,FALSE,"holm"
6192,2,0,0,FALSE,"holm"
6193,0,0,0,FALSE,"holm"
6194,0,0,0,FALSE,"holm"
6195,1,0,0,FALSE,"holm"
6196,0,0,0,FALSE,"holm"
6197,0,0,0,FALSE,"holm"
6198,2,0,0,FALSE,"holm"
6199,2,0,0,FALSE,"holm"
6200,0,0,0,FALSE,"holm"
6201,1,0,0,FALSE,"holm"
6202,0,0,0,FALSE,"holm"
6203,3,0,0,FALSE,"holm"
6204,0,0,0,FALSE,"holm"
6205,0,0,0,FALSE,"holm"
6206,2,0,0,FALSE,"holm"
6207,1,0,0,FALSE,"holm"
6208,1,0,0,FALSE,"holm"
6209,0,0,0,FALSE,"holm"
6210,1,0,0,FALSE,"holm"
6211,1,1,1,TRUE,"holm"
6212,3,0,0,FALSE,"holm"
6213,1,0,0,FALSE,"holm"
6214,1,0,0,FALSE,"holm"
6215,1,0,0,FALSE,"holm"
6216,1,0,0,FALSE,"holm"
6217,1,0,0,FALSE,"holm"
6218,4,1,0.25,TRUE,"holm"
6219,0,0,0,FALSE,"holm"
6220,1,0,0,FALSE,"holm"
6221,0,0,0,FALSE,"holm"
6222,1,0,0,FALSE,"holm"
6223,0,0,0,FALSE,"holm"
6224,3,0,0,FALSE,"holm"
6225,1,0,0,FALSE,"holm"
6226,0,0,0,FALSE,"holm"
6227,1,0,0,FALSE,"holm"
6228,1,0,0,FALSE,"holm"
6229,1,0,0,FALSE,"holm"
6230,2,0,0,FALSE,"holm"
6231,2,0,0,FALSE,"holm"
6232,1,0,0,FALSE,"holm"
6233,0,0,0,FALSE,"holm"
6234,1,0,0,FALSE,"holm"
6235,1,0,0,FALSE,"holm"
6236,0,0,0,FALSE,"holm"
6237,0,0,0,FALSE,"holm"
6238,3,0,0,FALSE,"holm"
6239,2,1,0.5,TRUE,"holm"
6240,1,0,0,FALSE,"holm"
6241,0,0,0,FALSE,"holm"
6242,2,0,0,FALSE,"holm"
6243,1,0,0,FALSE,"holm"
6244,1,0,0,FALSE,"holm"
6245,0,0,0,FALSE,"holm"
6246,0,0,0,FALSE,"holm"
6247,2,0,0,FALSE,"holm"
6248,0,0,0,FALSE,"holm"
6249,1,0,0,FALSE,"holm"
6250,2,0,0,FALSE,"holm"
6251,2,0,0,FALSE,"holm"
6252,2,0,0,FALSE,"holm"
6253,0,0,0,FALSE,"holm"
6254,0,0,0,FALSE,"holm"
6255,0,0,0,FALSE,"holm"
6256,3,1,0.333333333333333,TRUE,"holm"
6257,0,0,0,FALSE,"holm"
6258,2,0,0,FALSE,"holm"
6259,2,0,0,FALSE,"holm"
6260,1,1,1,TRUE,"holm"
6261,2,0,0,FALSE,"holm"
6262,0,0,0,FALSE,"holm"
6263,2,0,0,FALSE,"holm"
6264,2,0,0,FALSE,"holm"
6265,1,0,0,FALSE,"holm"
6266,1,0,0,FALSE,"holm"
6267,3,1,0.333333333333333,TRUE,"holm"
6268,2,0,0,FALSE,"holm"
6269,1,1,1,TRUE,"holm"
6270,1,1,1,TRUE,"holm"
6271,3,1,0.333333333333333,TRUE,"holm"
6272,0,0,0,FALSE,"holm"
6273,0,0,0,FALSE,"holm"
6274,1,0,0,FALSE,"holm"
6275,0,0,0,FALSE,"holm"
6276,0,0,0,FALSE,"holm"
6277,1,0,0,FALSE,"holm"
6278,1,0,0,FALSE,"holm"
6279,2,0,0,FALSE,"holm"
6280,0,0,0,FALSE,"holm"
6281,1,0,0,FALSE,"holm"
6282,0,0,0,FALSE,"holm"
6283,1,0,0,FALSE,"holm"
6284,0,0,0,FALSE,"holm"
6285,1,0,0,FALSE,"holm"
6286,1,0,0,FALSE,"holm"
6287,1,0,0,FALSE,"holm"
6288,0,0,0,FALSE,"holm"
6289,1,0,0,FALSE,"holm"
6290,2,0,0,FALSE,"holm"
6291,1,0,0,FALSE,"holm"
6292,2,0,0,FALSE,"holm"
6293,1,0,0,FALSE,"holm"
6294,0,0,0,FALSE,"holm"
6295,1,0,0,FALSE,"holm"
6296,1,0,0,FALSE,"holm"
6297,2,0,0,FALSE,"holm"
6298,1,0,0,FALSE,"holm"
6299,2,0,0,FALSE,"holm"
6300,2,0,0,FALSE,"holm"
6301,1,0,0,FALSE,"holm"
6302,2,0,0,FALSE,"holm"
6303,1,0,0,FALSE,"holm"
6304,1,0,0,FALSE,"holm"
6305,0,0,0,FALSE,"holm"
6306,2,1,0.5,TRUE,"holm"
6307,3,1,0.333333333333333,TRUE,"holm"
6308,2,0,0,FALSE,"holm"
6309,3,0,0,FALSE,"holm"
6310,0,0,0,FALSE,"holm"
6311,1,0,0,FALSE,"holm"
6312,1,0,0,FALSE,"holm"
6313,1,0,0,FALSE,"holm"
6314,0,0,0,FALSE,"holm"
6315,0,0,0,FALSE,"holm"
6316,4,0,0,FALSE,"holm"
6317,1,0,0,FALSE,"holm"
6318,3,0,0,FALSE,"holm"
6319,1,1,1,TRUE,"holm"
6320,3,0,0,FALSE,"holm"
6321,1,0,0,FALSE,"holm"
6322,0,0,0,FALSE,"holm"
6323,2,0,0,FALSE,"holm"
6324,1,0,0,FALSE,"holm"
6325,1,0,0,FALSE,"holm"
6326,2,0,0,FALSE,"holm"
6327,0,0,0,FALSE,"holm"
6328,1,0,0,FALSE,"holm"
6329,0,0,0,FALSE,"holm"
6330,1,0,0,FALSE,"holm"
6331,3,0,0,FALSE,"holm"
6332,0,0,0,FALSE,"holm"
6333,1,0,0,FALSE,"holm"
6334,0,0,0,FALSE,"holm"
6335,0,0,0,FALSE,"holm"
6336,1,0,0,FALSE,"holm"
6337,0,0,0,FALSE,"holm"
6338,2,0,0,FALSE,"holm"
6339,1,0,0,FALSE,"holm"
6340,0,0,0,FALSE,"holm"
6341,1,0,0,FALSE,"holm"
6342,1,0,0,FALSE,"holm"
6343,0,0,0,FALSE,"holm"
6344,0,0,0,FALSE,"holm"
6345,1,0,0,FALSE,"holm"
6346,2,0,0,FALSE,"holm"
6347,0,0,0,FALSE,"holm"
6348,0,0,0,FALSE,"holm"
6349,2,0,0,FALSE,"holm"
6350,0,0,0,FALSE,"holm"
6351,2,1,0.5,TRUE,"holm"
6352,1,0,0,FALSE,"holm"
6353,2,0,0,FALSE,"holm"
6354,2,0,0,FALSE,"holm"
6355,1,0,0,FALSE,"holm"
6356,1,0,0,FALSE,"holm"
6357,4,0,0,FALSE,"holm"
6358,0,0,0,FALSE,"holm"
6359,1,0,0,FALSE,"holm"
6360,2,0,0,FALSE,"holm"
6361,0,0,0,FALSE,"holm"
6362,1,0,0,FALSE,"holm"
6363,0,0,0,FALSE,"holm"
6364,1,0,0,FALSE,"holm"
6365,0,0,0,FALSE,"holm"
6366,0,0,0,FALSE,"holm"
6367,1,1,1,TRUE,"holm"
6368,2,1,0.5,TRUE,"holm"
6369,0,0,0,FALSE,"holm"
6370,1,0,0,FALSE,"holm"
6371,1,0,0,FALSE,"holm"
6372,1,0,0,FALSE,"holm"
6373,3,0,0,FALSE,"holm"
6374,0,0,0,FALSE,"holm"
6375,0,0,0,FALSE,"holm"
6376,0,0,0,FALSE,"holm"
6377,1,0,0,FALSE,"holm"
6378,1,0,0,FALSE,"holm"
6379,0,0,0,FALSE,"holm"
6380,0,0,0,FALSE,"holm"
6381,2,1,0.5,TRUE,"holm"
6382,2,0,0,FALSE,"holm"
6383,1,0,0,FALSE,"holm"
6384,0,0,0,FALSE,"holm"
6385,1,0,0,FALSE,"holm"
6386,0,0,0,FALSE,"holm"
6387,0,0,0,FALSE,"holm"
6388,0,0,0,FALSE,"holm"
6389,1,0,0,FALSE,"holm"
6390,1,0,0,FALSE,"holm"
6391,0,0,0,FALSE,"holm"
6392,1,0,0,FALSE,"holm"
6393,0,0,0,FALSE,"holm"
6394,0,0,0,FALSE,"holm"
6395,1,0,0,FALSE,"holm"
6396,0,0,0,FALSE,"holm"
6397,0,0,0,FALSE,"holm"
6398,1,0,0,FALSE,"holm"
6399,1,0,0,FALSE,"holm"
6400,1,0,0,FALSE,"holm"
6401,2,0,0,FALSE,"holm"
6402,1,0,0,FALSE,"holm"
6403,1,0,0,FALSE,"holm"
6404,0,0,0,FALSE,"holm"
6405,0,0,0,FALSE,"holm"
6406,3,1,0.333333333333333,TRUE,"holm"
6407,0,0,0,FALSE,"holm"
6408,0,0,0,FALSE,"holm"
6409,1,0,0,FALSE,"holm"
6410,0,0,0,FALSE,"holm"
6411,0,0,0,FALSE,"holm"
6412,0,0,0,FALSE,"holm"
6413,2,0,0,FALSE,"holm"
6414,1,0,0,FALSE,"holm"
6415,1,1,1,TRUE,"holm"
6416,1,0,0,FALSE,"holm"
6417,2,0,0,FALSE,"holm"
6418,0,0,0,FALSE,"holm"
6419,0,0,0,FALSE,"holm"
6420,1,0,0,FALSE,"holm"
6421,2,1,0.5,TRUE,"holm"
6422,2,0,0,FALSE,"holm"
6423,0,0,0,FALSE,"holm"
6424,2,0,0,FALSE,"holm"
6425,1,1,1,TRUE,"holm"
6426,0,0,0,FALSE,"holm"
6427,0,0,0,FALSE,"holm"
6428,2,0,0,FALSE,"holm"
6429,0,0,0,FALSE,"holm"
6430,2,0,0,FALSE,"holm"
6431,1,0,0,FALSE,"holm"
6432,1,0,0,FALSE,"holm"
6433,1,1,1,TRUE,"holm"
6434,1,0,0,FALSE,"holm"
6435,2,2,1,TRUE,"holm"
6436,2,0,0,FALSE,"holm"
6437,2,0,0,FALSE,"holm"
6438,2,0,0,FALSE,"holm"
6439,1,0,0,FALSE,"holm"
6440,1,0,0,FALSE,"holm"
6441,0,0,0,FALSE,"holm"
6442,2,0,0,FALSE,"holm"
6443,1,0,0,FALSE,"holm"
6444,0,0,0,FALSE,"holm"
6445,1,0,0,FALSE,"holm"
6446,0,0,0,FALSE,"holm"
6447,0,0,0,FALSE,"holm"
6448,0,0,0,FALSE,"holm"
6449,0,0,0,FALSE,"holm"
6450,0,0,0,FALSE,"holm"
6451,0,0,0,FALSE,"holm"
6452,0,0,0,FALSE,"holm"
6453,1,0,0,FALSE,"holm"
6454,2,1,0.5,TRUE,"holm"
6455,0,0,0,FALSE,"holm"
6456,1,0,0,FALSE,"holm"
6457,1,0,0,FALSE,"holm"
6458,2,0,0,FALSE,"holm"
6459,0,0,0,FALSE,"holm"
6460,1,0,0,FALSE,"holm"
6461,0,0,0,FALSE,"holm"
6462,0,0,0,FALSE,"holm"
6463,0,0,0,FALSE,"holm"
6464,1,0,0,FALSE,"holm"
6465,0,0,0,FALSE,"holm"
6466,1,0,0,FALSE,"holm"
6467,0,0,0,FALSE,"holm"
6468,1,0,0,FALSE,"holm"
6469,0,0,0,FALSE,"holm"
6470,0,0,0,FALSE,"holm"
6471,1,0,0,FALSE,"holm"
6472,2,0,0,FALSE,"holm"
6473,1,0,0,FALSE,"holm"
6474,2,0,0,FALSE,"holm"
6475,0,0,0,FALSE,"holm"
6476,1,0,0,FALSE,"holm"
6477,0,0,0,FALSE,"holm"
6478,0,0,0,FALSE,"holm"
6479,2,0,0,FALSE,"holm"
6480,0,0,0,FALSE,"holm"
6481,1,0,0,FALSE,"holm"
6482,0,0,0,FALSE,"holm"
6483,2,0,0,FALSE,"holm"
6484,2,0,0,FALSE,"holm"
6485,2,0,0,FALSE,"holm"
6486,1,0,0,FALSE,"holm"
6487,1,0,0,FALSE,"holm"
6488,0,0,0,FALSE,"holm"
6489,1,0,0,FALSE,"holm"
6490,2,0,0,FALSE,"holm"
6491,1,0,0,FALSE,"holm"
6492,1,0,0,FALSE,"holm"
6493,2,0,0,FALSE,"holm"
6494,0,0,0,FALSE,"holm"
6495,3,0,0,FALSE,"holm"
6496,0,0,0,FALSE,"holm"
6497,0,0,0,FALSE,"holm"
6498,1,0,0,FALSE,"holm"
6499,0,0,0,FALSE,"holm"
6500,0,0,0,FALSE,"holm"
6501,1,0,0,FALSE,"holm"
6502,1,0,0,FALSE,"holm"
6503,3,0,0,FALSE,"holm"
6504,1,0,0,FALSE,"holm"
6505,1,0,0,FALSE,"holm"
6506,0,0,0,FALSE,"holm"
6507,0,0,0,FALSE,"holm"
6508,1,0,0,FALSE,"holm"
6509,0,0,0,FALSE,"holm"
6510,1,0,0,FALSE,"holm"
6511,1,0,0,FALSE,"holm"
6512,0,0,0,FALSE,"holm"
6513,1,0,0,FALSE,"holm"
6514,0,0,0,FALSE,"holm"
6515,2,0,0,FALSE,"holm"
6516,0,0,0,FALSE,"holm"
6517,1,0,0,FALSE,"holm"
6518,1,0,0,FALSE,"holm"
6519,1,0,0,FALSE,"holm"
6520,0,0,0,FALSE,"holm"
6521,0,0,0,FALSE,"holm"
6522,1,0,0,FALSE,"holm"
6523,0,0,0,FALSE,"holm"
6524,0,0,0,FALSE,"holm"
6525,0,0,0,FALSE,"holm"
6526,1,0,0,FALSE,"holm"
6527,1,0,0,FALSE,"holm"
6528,1,0,0,FALSE,"holm"
6529,0,0,0,FALSE,"holm"
6530,2,0,0,FALSE,"holm"
6531,1,0,0,FALSE,"holm"
6532,0,0,0,FALSE,"holm"
6533,2,0,0,FALSE,"holm"
6534,1,0,0,FALSE,"holm"
6535,0,0,0,FALSE,"holm"
6536,2,0,0,FALSE,"holm"
6537,0,0,0,FALSE,"holm"
6538,1,0,0,FALSE,"holm"
6539,2,0,0,FALSE,"holm"
6540,1,0,0,FALSE,"holm"
6541,0,0,0,FALSE,"holm"
6542,2,0,0,FALSE,"holm"
6543,0,0,0,FALSE,"holm"
6544,0,0,0,FALSE,"holm"
6545,0,0,0,FALSE,"holm"
6546,1,0,0,FALSE,"holm"
6547,2,0,0,FALSE,"holm"
6548,1,0,0,FALSE,"holm"
6549,0,0,0,FALSE,"holm"
6550,0,0,0,FALSE,"holm"
6551,1,0,0,FALSE,"holm"
6552,0,0,0,FALSE,"holm"
6553,1,0,0,FALSE,"holm"
6554,0,0,0,FALSE,"holm"
6555,1,0,0,FALSE,"holm"
6556,0,0,0,FALSE,"holm"
6557,1,0,0,FALSE,"holm"
6558,0,0,0,FALSE,"holm"
6559,1,0,0,FALSE,"holm"
6560,1,0,0,FALSE,"holm"
6561,1,0,0,FALSE,"holm"
6562,1,0,0,FALSE,"holm"
6563,0,0,0,FALSE,"holm"
6564,2,0,0,FALSE,"holm"
6565,1,0,0,FALSE,"holm"
6566,0,0,0,FALSE,"holm"
6567,1,0,0,FALSE,"holm"
6568,1,0,0,FALSE,"holm"
6569,1,0,0,FALSE,"holm"
6570,1,0,0,FALSE,"holm"
6571,1,0,0,FALSE,"holm"
6572,1,0,0,FALSE,"holm"
6573,2,0,0,FALSE,"holm"
6574,0,0,0,FALSE,"holm"
6575,0,0,0,FALSE,"holm"
6576,0,0,0,FALSE,"holm"
6577,2,0,0,FALSE,"holm"
6578,0,0,0,FALSE,"holm"
6579,0,0,0,FALSE,"holm"
6580,1,0,0,FALSE,"holm"
6581,0,0,0,FALSE,"holm"
6582,1,0,0,FALSE,"holm"
6583,1,0,0,FALSE,"holm"
6584,0,0,0,FALSE,"holm"
6585,1,0,0,FALSE,"holm"
6586,1,0,0,FALSE,"holm"
6587,2,0,0,FALSE,"holm"
6588,1,0,0,FALSE,"holm"
6589,1,0,0,FALSE,"holm"
6590,3,0,0,FALSE,"holm"
6591,0,0,0,FALSE,"holm"
6592,1,0,0,FALSE,"holm"
6593,0,0,0,FALSE,"holm"
6594,1,0,0,FALSE,"holm"
6595,0,0,0,FALSE,"holm"
6596,1,0,0,FALSE,"holm"
6597,1,0,0,FALSE,"holm"
6598,0,0,0,FALSE,"holm"
6599,2,0,0,FALSE,"holm"
6600,0,0,0,FALSE,"holm"
6601,0,0,0,FALSE,"holm"
6602,1,0,0,FALSE,"holm"
6603,0,0,0,FALSE,"holm"
6604,1,0,0,FALSE,"holm"
6605,2,0,0,FALSE,"holm"
6606,1,0,0,FALSE,"holm"
6607,1,0,0,FALSE,"holm"
6608,0,0,0,FALSE,"holm"
6609,1,0,0,FALSE,"holm"
6610,1,0,0,FALSE,"holm"
6611,1,0,0,FALSE,"holm"
6612,1,1,1,TRUE,"holm"
6613,1,0,0,FALSE,"holm"
6614,2,0,0,FALSE,"holm"
6615,1,0,0,FALSE,"holm"
6616,1,0,0,FALSE,"holm"
6617,1,0,0,FALSE,"holm"
6618,1,0,0,FALSE,"holm"
6619,0,0,0,FALSE,"holm"
6620,0,0,0,FALSE,"holm"
6621,0,0,0,FALSE,"holm"
6622,0,0,0,FALSE,"holm"
6623,2,0,0,FALSE,"holm"
6624,0,0,0,FALSE,"holm"
6625,0,0,0,FALSE,"holm"
6626,1,0,0,FALSE,"holm"
6627,0,0,0,FALSE,"holm"
6628,0,0,0,FALSE,"holm"
6629,2,0,0,FALSE,"holm"
6630,2,0,0,FALSE,"holm"
6631,2,0,0,FALSE,"holm"
6632,3,0,0,FALSE,"holm"
6633,2,0,0,FALSE,"holm"
6634,1,0,0,FALSE,"holm"
6635,2,0,0,FALSE,"holm"
6636,1,0,0,FALSE,"holm"
6637,1,0,0,FALSE,"holm"
6638,1,0,0,FALSE,"holm"
6639,0,0,0,FALSE,"holm"
6640,1,0,0,FALSE,"holm"
6641,0,0,0,FALSE,"holm"
6642,1,0,0,FALSE,"holm"
6643,1,0,0,FALSE,"holm"
6644,1,0,0,FALSE,"holm"
6645,2,0,0,FALSE,"holm"
6646,0,0,0,FALSE,"holm"
6647,1,0,0,FALSE,"holm"
6648,0,0,0,FALSE,"holm"
6649,2,0,0,FALSE,"holm"
6650,2,0,0,FALSE,"holm"
6651,0,0,0,FALSE,"holm"
6652,2,1,0.5,TRUE,"holm"
6653,0,0,0,FALSE,"holm"
6654,0,0,0,FALSE,"holm"
6655,2,0,0,FALSE,"holm"
6656,2,0,0,FALSE,"holm"
6657,3,0,0,FALSE,"holm"
6658,2,0,0,FALSE,"holm"
6659,1,0,0,FALSE,"holm"
6660,0,0,0,FALSE,"holm"
6661,1,0,0,FALSE,"holm"
6662,2,0,0,FALSE,"holm"
6663,1,0,0,FALSE,"holm"
6664,1,0,0,FALSE,"holm"
6665,1,0,0,FALSE,"holm"
6666,0,0,0,FALSE,"holm"
6667,0,0,0,FALSE,"holm"
6668,1,0,0,FALSE,"holm"
6669,2,0,0,FALSE,"holm"
6670,0,0,0,FALSE,"holm"
6671,0,0,0,FALSE,"holm"
6672,0,0,0,FALSE,"holm"
6673,0,0,0,FALSE,"holm"
6674,1,0,0,FALSE,"holm"
6675,1,0,0,FALSE,"holm"
6676,0,0,0,FALSE,"holm"
6677,1,0,0,FALSE,"holm"
6678,2,0,0,FALSE,"holm"
6679,3,0,0,FALSE,"holm"
6680,0,0,0,FALSE,"holm"
6681,1,0,0,FALSE,"holm"
6682,0,0,0,FALSE,"holm"
6683,2,0,0,FALSE,"holm"
6684,2,0,0,FALSE,"holm"
6685,1,0,0,FALSE,"holm"
6686,1,0,0,FALSE,"holm"
6687,1,0,0,FALSE,"holm"
6688,0,0,0,FALSE,"holm"
6689,1,0,0,FALSE,"holm"
6690,1,0,0,FALSE,"holm"
6691,0,0,0,FALSE,"holm"
6692,1,0,0,FALSE,"holm"
6693,1,0,0,FALSE,"holm"
6694,2,0,0,FALSE,"holm"
6695,2,0,0,FALSE,"holm"
6696,0,0,0,FALSE,"holm"
6697,0,0,0,FALSE,"holm"
6698,0,0,0,FALSE,"holm"
6699,1,0,0,FALSE,"holm"
6700,2,0,0,FALSE,"holm"
6701,2,0,0,FALSE,"holm"
6702,0,0,0,FALSE,"holm"
6703,1,0,0,FALSE,"holm"
6704,0,0,0,FALSE,"holm"
6705,1,0,0,FALSE,"holm"
6706,1,0,0,FALSE,"holm"
6707,0,0,0,FALSE,"holm"
6708,0,0,0,FALSE,"holm"
6709,0,0,0,FALSE,"holm"
6710,0,0,0,FALSE,"holm"
6711,2,0,0,FALSE,"holm"
6712,0,0,0,FALSE,"holm"
6713,2,0,0,FALSE,"holm"
6714,0,0,0,FALSE,"holm"
6715,1,1,1,TRUE,"holm"
6716,2,0,0,FALSE,"holm"
6717,0,0,0,FALSE,"holm"
6718,1,0,0,FALSE,"holm"
6719,0,0,0,FALSE,"holm"
6720,1,0,0,FALSE,"holm"
6721,0,0,0,FALSE,"holm"
6722,2,1,0.5,TRUE,"holm"
6723,3,0,0,FALSE,"holm"
6724,0,0,0,FALSE,"holm"
6725,0,0,0,FALSE,"holm"
6726,2,0,0,FALSE,"holm"
6727,0,0,0,FALSE,"holm"
6728,0,0,0,FALSE,"holm"
6729,1,0,0,FALSE,"holm"
6730,1,0,0,FALSE,"holm"
6731,0,0,0,FALSE,"holm"
6732,1,0,0,FALSE,"holm"
6733,1,0,0,FALSE,"holm"
6734,1,0,0,FALSE,"holm"
6735,1,0,0,FALSE,"holm"
6736,1,0,0,FALSE,"holm"
6737,2,0,0,FALSE,"holm"
6738,1,0,0,FALSE,"holm"
6739,2,0,0,FALSE,"holm"
6740,1,0,0,FALSE,"holm"
6741,1,0,0,FALSE,"holm"
6742,0,0,0,FALSE,"holm"
6743,1,0,0,FALSE,"holm"
6744,1,0,0,FALSE,"holm"
6745,2,1,0.5,TRUE,"holm"
6746,0,0,0,FALSE,"holm"
6747,0,0,0,FALSE,"holm"
6748,0,0,0,FALSE,"holm"
6749,0,0,0,FALSE,"holm"
6750,2,0,0,FALSE,"holm"
6751,0,0,0,FALSE,"holm"
6752,2,0,0,FALSE,"holm"
6753,0,0,0,FALSE,"holm"
6754,1,0,0,FALSE,"holm"
6755,2,0,0,FALSE,"holm"
6756,1,0,0,FALSE,"holm"
6757,1,0,0,FALSE,"holm"
6758,0,0,0,FALSE,"holm"
6759,1,0,0,FALSE,"holm"
6760,2,0,0,FALSE,"holm"
6761,0,0,0,FALSE,"holm"
6762,1,0,0,FALSE,"holm"
6763,1,0,0,FALSE,"holm"
6764,2,0,0,FALSE,"holm"
6765,0,0,0,FALSE,"holm"
6766,2,0,0,FALSE,"holm"
6767,1,0,0,FALSE,"holm"
6768,0,0,0,FALSE,"holm"
6769,3,0,0,FALSE,"holm"
6770,0,0,0,FALSE,"holm"
6771,1,0,0,FALSE,"holm"
6772,1,0,0,FALSE,"holm"
6773,0,0,0,FALSE,"holm"
6774,0,0,0,FALSE,"holm"
6775,2,0,0,FALSE,"holm"
6776,3,0,0,FALSE,"holm"
6777,1,0,0,FALSE,"holm"
6778,1,0,0,FALSE,"holm"
6779,0,0,0,FALSE,"holm"
6780,1,0,0,FALSE,"holm"
6781,1,0,0,FALSE,"holm"
6782,1,0,0,FALSE,"holm"
6783,1,0,0,FALSE,"holm"
6784,3,0,0,FALSE,"holm"
6785,0,0,0,FALSE,"holm"
6786,1,0,0,FALSE,"holm"
6787,0,0,0,FALSE,"holm"
6788,0,0,0,FALSE,"holm"
6789,0,0,0,FALSE,"holm"
6790,1,0,0,FALSE,"holm"
6791,2,0,0,FALSE,"holm"
6792,0,0,0,FALSE,"holm"
6793,0,0,0,FALSE,"holm"
6794,0,0,0,FALSE,"holm"
6795,0,0,0,FALSE,"holm"
6796,1,0,0,FALSE,"holm"
6797,0,0,0,FALSE,"holm"
6798,1,0,0,FALSE,"holm"
6799,1,0,0,FALSE,"holm"
6800,1,0,0,FALSE,"holm"
6801,1,0,0,FALSE,"holm"
6802,1,0,0,FALSE,"holm"
6803,1,0,0,FALSE,"holm"
6804,1,0,0,FALSE,"holm"
6805,0,0,0,FALSE,"holm"
6806,0,0,0,FALSE,"holm"
6807,1,0,0,FALSE,"holm"
6808,2,0,0,FALSE,"holm"
6809,0,0,0,FALSE,"holm"
6810,0,0,0,FALSE,"holm"
6811,1,0,0,FALSE,"holm"
6812,0,0,0,FALSE,"holm"
6813,0,0,0,FALSE,"holm"
6814,1,0,0,FALSE,"holm"
6815,2,0,0,FALSE,"holm"
6816,0,0,0,FALSE,"holm"
6817,0,0,0,FALSE,"holm"
6818,2,0,0,FALSE,"holm"
6819,0,0,0,FALSE,"holm"
6820,0,0,0,FALSE,"holm"
6821,0,0,0,FALSE,"holm"
6822,0,0,0,FALSE,"holm"
6823,3,0,0,FALSE,"holm"
6824,1,0,0,FALSE,"holm"
6825,0,0,0,FALSE,"holm"
6826,1,0,0,FALSE,"holm"
6827,0,0,0,FALSE,"holm"
6828,1,0,0,FALSE,"holm"
6829,1,0,0,FALSE,"holm"
6830,0,0,0,FALSE,"holm"
6831,0,0,0,FALSE,"holm"
6832,2,0,0,FALSE,"holm"
6833,2,0,0,FALSE,"holm"
6834,0,0,0,FALSE,"holm"
6835,2,0,0,FALSE,"holm"
6836,0,0,0,FALSE,"holm"
6837,0,0,0,FALSE,"holm"
6838,0,0,0,FALSE,"holm"
6839,1,0,0,FALSE,"holm"
6840,0,0,0,FALSE,"holm"
6841,0,0,0,FALSE,"holm"
6842,2,1,0.5,TRUE,"holm"
6843,1,0,0,FALSE,"holm"
6844,1,0,0,FALSE,"holm"
6845,3,0,0,FALSE,"holm"
6846,0,0,0,FALSE,"holm"
6847,1,0,0,FALSE,"holm"
6848,2,0,0,FALSE,"holm"
6849,1,0,0,FALSE,"holm"
6850,1,0,0,FALSE,"holm"
6851,1,0,0,FALSE,"holm"
6852,2,0,0,FALSE,"holm"
6853,0,0,0,FALSE,"holm"
6854,1,0,0,FALSE,"holm"
6855,2,0,0,FALSE,"holm"
6856,0,0,0,FALSE,"holm"
6857,0,0,0,FALSE,"holm"
6858,1,0,0,FALSE,"holm"
6859,2,0,0,FALSE,"holm"
6860,2,0,0,FALSE,"holm"
6861,0,0,0,FALSE,"holm"
6862,1,0,0,FALSE,"holm"
6863,0,0,0,FALSE,"holm"
6864,2,0,0,FALSE,"holm"
6865,1,0,0,FALSE,"holm"
6866,0,0,0,FALSE,"holm"
6867,0,0,0,FALSE,"holm"
6868,0,0,0,FALSE,"holm"
6869,1,0,0,FALSE,"holm"
6870,2,1,0.5,TRUE,"holm"
6871,0,0,0,FALSE,"holm"
6872,0,0,0,FALSE,"holm"
6873,0,0,0,FALSE,"holm"
6874,0,0,0,FALSE,"holm"
6875,0,0,0,FALSE,"holm"
6876,0,0,0,FALSE,"holm"
6877,1,0,0,FALSE,"holm"
6878,2,0,0,FALSE,"holm"
6879,0,0,0,FALSE,"holm"
6880,1,0,0,FALSE,"holm"
6881,1,0,0,FALSE,"holm"
6882,1,0,0,FALSE,"holm"
6883,0,0,0,FALSE,"holm"
6884,0,0,0,FALSE,"holm"
6885,3,0,0,FALSE,"holm"
6886,1,0,0,FALSE,"holm"
6887,0,0,0,FALSE,"holm"
6888,2,0,0,FALSE,"holm"
6889,2,0,0,FALSE,"holm"
6890,1,0,0,FALSE,"holm"
6891,1,0,0,FALSE,"holm"
6892,1,0,0,FALSE,"holm"
6893,2,0,0,FALSE,"holm"
6894,1,0,0,FALSE,"holm"
6895,2,0,0,FALSE,"holm"
6896,3,0,0,FALSE,"holm"
6897,1,0,0,FALSE,"holm"
6898,3,1,0.333333333333333,TRUE,"holm"
6899,0,0,0,FALSE,"holm"
6900,1,0,0,FALSE,"holm"
6901,0,0,0,FALSE,"holm"
6902,1,0,0,FALSE,"holm"
6903,1,0,0,FALSE,"holm"
6904,2,0,0,FALSE,"holm"
6905,1,0,0,FALSE,"holm"
6906,2,0,0,FALSE,"holm"
6907,1,0,0,FALSE,"holm"
6908,1,1,1,TRUE,"holm"
6909,0,0,0,FALSE,"holm"
6910,1,0,0,FALSE,"holm"
6911,0,0,0,FALSE,"holm"
6912,1,0,0,FALSE,"holm"
6913,0,0,0,FALSE,"holm"
6914,2,0,0,FALSE,"holm"
6915,1,0,0,FALSE,"holm"
6916,1,0,0,FALSE,"holm"
6917,1,0,0,FALSE,"holm"
6918,3,2,0.666666666666667,TRUE,"holm"
6919,0,0,0,FALSE,"holm"
6920,0,0,0,FALSE,"holm"
6921,1,0,0,FALSE,"holm"
6922,2,0,0,FALSE,"holm"
6923,0,0,0,FALSE,"holm"
6924,0,0,0,FALSE,"holm"
6925,1,0,0,FALSE,"holm"
6926,1,0,0,FALSE,"holm"
6927,1,0,0,FALSE,"holm"
6928,2,0,0,FALSE,"holm"
6929,1,0,0,FALSE,"holm"
6930,1,0,0,FALSE,"holm"
6931,1,0,0,FALSE,"holm"
6932,2,0,0,FALSE,"holm"
6933,1,0,0,FALSE,"holm"
6934,1,0,0,FALSE,"holm"
6935,0,0,0,FALSE,"holm"
6936,1,0,0,FALSE,"holm"
6937,1,0,0,FALSE,"holm"
6938,1,0,0,FALSE,"holm"
6939,1,0,0,FALSE,"holm"
6940,1,0,0,FALSE,"holm"
6941,0,0,0,FALSE,"holm"
6942,0,0,0,FALSE,"holm"
6943,1,0,0,FALSE,"holm"
6944,2,0,0,FALSE,"holm"
6945,0,0,0,FALSE,"holm"
6946,0,0,0,FALSE,"holm"
6947,0,0,0,FALSE,"holm"
6948,0,0,0,FALSE,"holm"
6949,1,0,0,FALSE,"holm"
6950,1,0,0,FALSE,"holm"
6951,2,0,0,FALSE,"holm"
6952,0,0,0,FALSE,"holm"
6953,1,0,0,FALSE,"holm"
6954,0,0,0,FALSE,"holm"
6955,1,0,0,FALSE,"holm"
6956,1,0,0,FALSE,"holm"
6957,2,0,0,FALSE,"holm"
6958,2,0,0,FALSE,"holm"
6959,1,0,0,FALSE,"holm"
6960,1,0,0,FALSE,"holm"
6961,0,0,0,FALSE,"holm"
6962,1,0,0,FALSE,"holm"
6963,3,0,0,FALSE,"holm"
6964,0,0,0,FALSE,"holm"
6965,1,0,0,FALSE,"holm"
6966,0,0,0,FALSE,"holm"
6967,1,0,0,FALSE,"holm"
6968,1,0,0,FALSE,"holm"
6969,1,0,0,FALSE,"holm"
6970,0,0,0,FALSE,"holm"
6971,2,0,0,FALSE,"holm"
6972,0,0,0,FALSE,"holm"
6973,1,0,0,FALSE,"holm"
6974,1,0,0,FALSE,"holm"
6975,1,0,0,FALSE,"holm"
6976,2,0,0,FALSE,"holm"
6977,1,0,0,FALSE,"holm"
6978,1,0,0,FALSE,"holm"
6979,1,0,0,FALSE,"holm"
6980,0,0,0,FALSE,"holm"
6981,0,0,0,FALSE,"holm"
6982,1,0,0,FALSE,"holm"
6983,1,0,0,FALSE,"holm"
6984,1,0,0,FALSE,"holm"
6985,0,0,0,FALSE,"holm"
6986,1,0,0,FALSE,"holm"
6987,0,0,0,FALSE,"holm"
6988,0,0,0,FALSE,"holm"
6989,0,0,0,FALSE,"holm"
6990,0,0,0,FALSE,"holm"
6991,0,0,0,FALSE,"holm"
6992,0,0,0,FALSE,"holm"
6993,2,0,0,FALSE,"holm"
6994,1,0,0,FALSE,"holm"
6995,1,0,0,FALSE,"holm"
6996,1,0,0,FALSE,"holm"
6997,1,0,0,FALSE,"holm"
6998,1,0,0,FALSE,"holm"
6999,2,0,0,FALSE,"holm"
7000,0,0,0,FALSE,"holm"
7001,3,0,0,FALSE,"holm"
7002,0,0,0,FALSE,"holm"
7003,0,0,0,FALSE,"holm"
7004,1,0,0,FALSE,"holm"
7005,0,0,0,FALSE,"holm"
7006,2,0,0,FALSE,"holm"
7007,1,0,0,FALSE,"holm"
7008,3,0,0,FALSE,"holm"
7009,1,0,0,FALSE,"holm"
7010,0,0,0,FALSE,"holm"
7011,0,0,0,FALSE,"holm"
7012,1,0,0,FALSE,"holm"
7013,0,0,0,FALSE,"holm"
7014,0,0,0,FALSE,"holm"
7015,0,0,0,FALSE,"holm"
7016,2,0,0,FALSE,"holm"
7017,1,0,0,FALSE,"holm"
7018,0,0,0,FALSE,"holm"
7019,1,0,0,FALSE,"holm"
7020,1,0,0,FALSE,"holm"
7021,0,0,0,FALSE,"holm"
7022,1,0,0,FALSE,"holm"
7023,0,0,0,FALSE,"holm"
7024,1,0,0,FALSE,"holm"
7025,0,0,0,FALSE,"holm"
7026,1,0,0,FALSE,"holm"
7027,0,0,0,FALSE,"holm"
7028,1,0,0,FALSE,"holm"
7029,1,0,0,FALSE,"holm"
7030,1,0,0,FALSE,"holm"
7031,0,0,0,FALSE,"holm"
7032,0,0,0,FALSE,"holm"
7033,0,0,0,FALSE,"holm"
7034,0,0,0,FALSE,"holm"
7035,0,0,0,FALSE,"holm"
7036,2,0,0,FALSE,"holm"
7037,2,0,0,FALSE,"holm"
7038,0,0,0,FALSE,"holm"
7039,1,1,1,TRUE,"holm"
7040,0,0,0,FALSE,"holm"
7041,0,0,0,FALSE,"holm"
7042,1,0,0,FALSE,"holm"
7043,0,0,0,FALSE,"holm"
7044,0,0,0,FALSE,"holm"
7045,2,0,0,FALSE,"holm"
7046,1,0,0,FALSE,"holm"
7047,0,0,0,FALSE,"holm"
7048,0,0,0,FALSE,"holm"
7049,1,0,0,FALSE,"holm"
7050,0,0,0,FALSE,"holm"
7051,2,0,0,FALSE,"holm"
7052,1,0,0,FALSE,"holm"
7053,1,0,0,FALSE,"holm"
7054,0,0,0,FALSE,"holm"
7055,0,0,0,FALSE,"holm"
7056,2,0,0,FALSE,"holm"
7057,1,0,0,FALSE,"holm"
7058,1,0,0,FALSE,"holm"
7059,0,0,0,FALSE,"holm"
7060,1,0,0,FALSE,"holm"
7061,1,0,0,FALSE,"holm"
7062,0,0,0,FALSE,"holm"
7063,1,0,0,FALSE,"holm"
7064,1,0,0,FALSE,"holm"
7065,2,0,0,FALSE,"holm"
7066,2,0,0,FALSE,"holm"
7067,1,0,0,FALSE,"holm"
7068,3,0,0,FALSE,"holm"
7069,0,0,0,FALSE,"holm"
7070,0,0,0,FALSE,"holm"
7071,0,0,0,FALSE,"holm"
7072,0,0,0,FALSE,"holm"
7073,1,0,0,FALSE,"holm"
7074,1,0,0,FALSE,"holm"
7075,2,0,0,FALSE,"holm"
7076,0,0,0,FALSE,"holm"
7077,0,0,0,FALSE,"holm"
7078,0,0,0,FALSE,"holm"
7079,2,0,0,FALSE,"holm"
7080,0,0,0,FALSE,"holm"
7081,0,0,0,FALSE,"holm"
7082,1,0,0,FALSE,"holm"
7083,1,0,0,FALSE,"holm"
7084,0,0,0,FALSE,"holm"
7085,1,0,0,FALSE,"holm"
7086,0,0,0,FALSE,"holm"
7087,1,0,0,FALSE,"holm"
7088,1,0,0,FALSE,"holm"
7089,0,0,0,FALSE,"holm"
7090,3,0,0,FALSE,"holm"
7091,1,0,0,FALSE,"holm"
7092,2,0,0,FALSE,"holm"
7093,2,0,0,FALSE,"holm"
7094,2,0,0,FALSE,"holm"
7095,1,0,0,FALSE,"holm"
7096,0,0,0,FALSE,"holm"
7097,1,0,0,FALSE,"holm"
7098,1,0,0,FALSE,"holm"
7099,1,0,0,FALSE,"holm"
7100,1,0,0,FALSE,"holm"
7101,0,0,0,FALSE,"holm"
7102,3,0,0,FALSE,"holm"
7103,3,0,0,FALSE,"holm"
7104,1,0,0,FALSE,"holm"
7105,0,0,0,FALSE,"holm"
7106,0,0,0,FALSE,"holm"
7107,0,0,0,FALSE,"holm"
7108,1,0,0,FALSE,"holm"
7109,1,0,0,FALSE,"holm"
7110,1,0,0,FALSE,"holm"
7111,1,0,0,FALSE,"holm"
7112,1,0,0,FALSE,"holm"
7113,3,0,0,FALSE,"holm"
7114,0,0,0,FALSE,"holm"
7115,3,1,0.333333333333333,TRUE,"holm"
7116,0,0,0,FALSE,"holm"
7117,2,0,0,FALSE,"holm"
7118,0,0,0,FALSE,"holm"
7119,0,0,0,FALSE,"holm"
7120,0,0,0,FALSE,"holm"
7121,0,0,0,FALSE,"holm"
7122,1,0,0,FALSE,"holm"
7123,2,0,0,FALSE,"holm"
7124,1,0,0,FALSE,"holm"
7125,2,0,0,FALSE,"holm"
7126,1,0,0,FALSE,"holm"
7127,2,0,0,FALSE,"holm"
7128,1,0,0,FALSE,"holm"
7129,1,0,0,FALSE,"holm"
7130,2,0,0,FALSE,"holm"
7131,0,0,0,FALSE,"holm"
7132,2,0,0,FALSE,"holm"
7133,0,0,0,FALSE,"holm"
7134,0,0,0,FALSE,"holm"
7135,2,0,0,FALSE,"holm"
7136,0,0,0,FALSE,"holm"
7137,2,0,0,FALSE,"holm"
7138,0,0,0,FALSE,"holm"
7139,1,0,0,FALSE,"holm"
7140,2,0,0,FALSE,"holm"
7141,2,0,0,FALSE,"holm"
7142,1,0,0,FALSE,"holm"
7143,2,0,0,FALSE,"holm"
7144,0,0,0,FALSE,"holm"
7145,1,0,0,FALSE,"holm"
7146,1,0,0,FALSE,"holm"
7147,3,0,0,FALSE,"holm"
7148,1,0,0,FALSE,"holm"
7149,0,0,0,FALSE,"holm"
7150,1,0,0,FALSE,"holm"
7151,1,0,0,FALSE,"holm"
7152,1,0,0,FALSE,"holm"
7153,1,0,0,FALSE,"holm"
7154,3,0,0,FALSE,"holm"
7155,2,0,0,FALSE,"holm"
7156,1,0,0,FALSE,"holm"
7157,0,0,0,FALSE,"holm"
7158,1,0,0,FALSE,"holm"
7159,0,0,0,FALSE,"holm"
7160,0,0,0,FALSE,"holm"
7161,1,0,0,FALSE,"holm"
7162,1,0,0,FALSE,"holm"
7163,1,0,0,FALSE,"holm"
7164,1,0,0,FALSE,"holm"
7165,0,0,0,FALSE,"holm"
7166,1,0,0,FALSE,"holm"
7167,0,0,0,FALSE,"holm"
7168,2,0,0,FALSE,"holm"
7169,0,0,0,FALSE,"holm"
7170,1,0,0,FALSE,"holm"
7171,0,0,0,FALSE,"holm"
7172,1,0,0,FALSE,"holm"
7173,0,0,0,FALSE,"holm"
7174,3,0,0,FALSE,"holm"
7175,1,0,0,FALSE,"holm"
7176,1,0,0,FALSE,"holm"
7177,1,0,0,FALSE,"holm"
7178,1,0,0,FALSE,"holm"
7179,0,0,0,FALSE,"holm"
7180,1,0,0,FALSE,"holm"
7181,0,0,0,FALSE,"holm"
7182,0,0,0,FALSE,"holm"
7183,1,0,0,FALSE,"holm"
7184,0,0,0,FALSE,"holm"
7185,1,0,0,FALSE,"holm"
7186,2,0,0,FALSE,"holm"
7187,2,0,0,FALSE,"holm"
7188,2,1,0.5,TRUE,"holm"
7189,1,0,0,FALSE,"holm"
7190,0,0,0,FALSE,"holm"
7191,0,0,0,FALSE,"holm"
7192,1,0,0,FALSE,"holm"
7193,1,0,0,FALSE,"holm"
7194,1,0,0,FALSE,"holm"
7195,2,0,0,FALSE,"holm"
7196,1,0,0,FALSE,"holm"
7197,0,0,0,FALSE,"holm"
7198,1,0,0,FALSE,"holm"
7199,0,0,0,FALSE,"holm"
7200,0,0,0,FALSE,"holm"
7201,1,0,0,FALSE,"holm"
7202,0,0,0,FALSE,"holm"
7203,1,0,0,FALSE,"holm"
7204,0,0,0,FALSE,"holm"
7205,0,0,0,FALSE,"holm"
7206,0,0,0,FALSE,"holm"
7207,4,0,0,FALSE,"holm"
7208,1,0,0,FALSE,"holm"
7209,0,0,0,FALSE,"holm"
7210,1,0,0,FALSE,"holm"
7211,1,0,0,FALSE,"holm"
7212,0,0,0,FALSE,"holm"
7213,1,0,0,FALSE,"holm"
7214,1,0,0,FALSE,"holm"
7215,1,0,0,FALSE,"holm"
7216,0,0,0,FALSE,"holm"
7217,2,0,0,FALSE,"holm"
7218,1,0,0,FALSE,"holm"
7219,1,0,0,FALSE,"holm"
7220,2,0,0,FALSE,"holm"
7221,0,0,0,FALSE,"holm"
7222,1,0,0,FALSE,"holm"
7223,1,0,0,FALSE,"holm"
7224,2,0,0,FALSE,"holm"
7225,1,0,0,FALSE,"holm"
7226,1,1,1,TRUE,"holm"
7227,1,0,0,FALSE,"holm"
7228,3,1,0.333333333333333,TRUE,"holm"
7229,0,0,0,FALSE,"holm"
7230,1,0,0,FALSE,"holm"
7231,2,0,0,FALSE,"holm"
7232,2,0,0,FALSE,"holm"
7233,2,0,0,FALSE,"holm"
7234,2,0,0,FALSE,"holm"
7235,1,0,0,FALSE,"holm"
7236,2,0,0,FALSE,"holm"
7237,1,0,0,FALSE,"holm"
7238,0,0,0,FALSE,"holm"
7239,0,0,0,FALSE,"holm"
7240,1,0,0,FALSE,"holm"
7241,1,1,1,TRUE,"holm"
7242,1,0,0,FALSE,"holm"
7243,0,0,0,FALSE,"holm"
7244,1,0,0,FALSE,"holm"
7245,0,0,0,FALSE,"holm"
7246,1,0,0,FALSE,"holm"
7247,1,0,0,FALSE,"holm"
7248,2,0,0,FALSE,"holm"
7249,1,0,0,FALSE,"holm"
7250,0,0,0,FALSE,"holm"
7251,0,0,0,FALSE,"holm"
7252,2,0,0,FALSE,"holm"
7253,3,1,0.333333333333333,TRUE,"holm"
7254,0,0,0,FALSE,"holm"
7255,1,0,0,FALSE,"holm"
7256,0,0,0,FALSE,"holm"
7257,0,0,0,FALSE,"holm"
7258,3,1,0.333333333333333,TRUE,"holm"
7259,0,0,0,FALSE,"holm"
7260,2,0,0,FALSE,"holm"
7261,1,0,0,FALSE,"holm"
7262,0,0,0,FALSE,"holm"
7263,2,0,0,FALSE,"holm"
7264,0,0,0,FALSE,"holm"
7265,1,0,0,FALSE,"holm"
7266,2,0,0,FALSE,"holm"
7267,0,0,0,FALSE,"holm"
7268,0,0,0,FALSE,"holm"
7269,1,0,0,FALSE,"holm"
7270,1,0,0,FALSE,"holm"
7271,1,0,0,FALSE,"holm"
7272,1,0,0,FALSE,"holm"
7273,1,0,0,FALSE,"holm"
7274,0,0,0,FALSE,"holm"
7275,0,0,0,FALSE,"holm"
7276,2,1,0.5,TRUE,"holm"
7277,0,0,0,FALSE,"holm"
7278,1,0,0,FALSE,"holm"
7279,0,0,0,FALSE,"holm"
7280,1,0,0,FALSE,"holm"
7281,1,0,0,FALSE,"holm"
7282,1,0,0,FALSE,"holm"
7283,0,0,0,FALSE,"holm"
7284,0,0,0,FALSE,"holm"
7285,1,0,0,FALSE,"holm"
7286,0,0,0,FALSE,"holm"
7287,0,0,0,FALSE,"holm"
7288,2,0,0,FALSE,"holm"
7289,1,0,0,FALSE,"holm"
7290,0,0,0,FALSE,"holm"
7291,1,0,0,FALSE,"holm"
7292,1,0,0,FALSE,"holm"
7293,2,0,0,FALSE,"holm"
7294,1,0,0,FALSE,"holm"
7295,1,0,0,FALSE,"holm"
7296,0,0,0,FALSE,"holm"
7297,0,0,0,FALSE,"holm"
7298,2,0,0,FALSE,"holm"
7299,1,0,0,FALSE,"holm"
7300,1,0,0,FALSE,"holm"
7301,1,0,0,FALSE,"holm"
7302,0,0,0,FALSE,"holm"
7303,0,0,0,FALSE,"holm"
7304,2,0,0,FALSE,"holm"
7305,1,0,0,FALSE,"holm"
7306,1,0,0,FALSE,"holm"
7307,1,0,0,FALSE,"holm"
7308,1,0,0,FALSE,"holm"
7309,0,0,0,FALSE,"holm"
7310,1,0,0,FALSE,"holm"
7311,1,0,0,FALSE,"holm"
7312,0,0,0,FALSE,"holm"
7313,1,0,0,FALSE,"holm"
7314,2,0,0,FALSE,"holm"
7315,2,0,0,FALSE,"holm"
7316,1,0,0,FALSE,"holm"
7317,1,0,0,FALSE,"holm"
7318,0,0,0,FALSE,"holm"
7319,1,0,0,FALSE,"holm"
7320,0,0,0,FALSE,"holm"
7321,0,0,0,FALSE,"holm"
7322,0,0,0,FALSE,"holm"
7323,1,0,0,FALSE,"holm"
7324,1,0,0,FALSE,"holm"
7325,3,0,0,FALSE,"holm"
7326,0,0,0,FALSE,"holm"
7327,2,0,0,FALSE,"holm"
7328,1,0,0,FALSE,"holm"
7329,1,0,0,FALSE,"holm"
7330,1,1,1,TRUE,"holm"
7331,0,0,0,FALSE,"holm"
7332,1,0,0,FALSE,"holm"
7333,1,0,0,FALSE,"holm"
7334,0,0,0,FALSE,"holm"
7335,0,0,0,FALSE,"holm"
7336,3,0,0,FALSE,"holm"
7337,3,1,0.333333333333333,TRUE,"holm"
7338,3,0,0,FALSE,"holm"
7339,0,0,0,FALSE,"holm"
7340,1,0,0,FALSE,"holm"
7341,0,0,0,FALSE,"holm"
7342,1,0,0,FALSE,"holm"
7343,1,0,0,FALSE,"holm"
7344,1,0,0,FALSE,"holm"
7345,2,0,0,FALSE,"holm"
7346,0,0,0,FALSE,"holm"
7347,0,0,0,FALSE,"holm"
7348,0,0,0,FALSE,"holm"
7349,0,0,0,FALSE,"holm"
7350,3,0,0,FALSE,"holm"
7351,0,0,0,FALSE,"holm"
7352,0,0,0,FALSE,"holm"
7353,1,0,0,FALSE,"holm"
7354,0,0,0,FALSE,"holm"
7355,1,0,0,FALSE,"holm"
7356,0,0,0,FALSE,"holm"
7357,1,0,0,FALSE,"holm"
7358,0,0,0,FALSE,"holm"
7359,0,0,0,FALSE,"holm"
7360,0,0,0,FALSE,"holm"
7361,0,0,0,FALSE,"holm"
7362,2,0,0,FALSE,"holm"
7363,1,0,0,FALSE,"holm"
7364,0,0,0,FALSE,"holm"
7365,0,0,0,FALSE,"holm"
7366,1,0,0,FALSE,"holm"
7367,2,0,0,FALSE,"holm"
7368,2,0,0,FALSE,"holm"
7369,2,0,0,FALSE,"holm"
7370,2,0,0,FALSE,"holm"
7371,2,0,0,FALSE,"holm"
7372,3,0,0,FALSE,"holm"
7373,0,0,0,FALSE,"holm"
7374,1,0,0,FALSE,"holm"
7375,0,0,0,FALSE,"holm"
7376,1,0,0,FALSE,"holm"
7377,0,0,0,FALSE,"holm"
7378,1,0,0,FALSE,"holm"
7379,1,0,0,FALSE,"holm"
7380,0,0,0,FALSE,"holm"
7381,0,0,0,FALSE,"holm"
7382,1,1,1,TRUE,"holm"
7383,0,0,0,FALSE,"holm"
7384,1,0,0,FALSE,"holm"
7385,0,0,0,FALSE,"holm"
7386,0,0,0,FALSE,"holm"
7387,1,0,0,FALSE,"holm"
7388,1,0,0,FALSE,"holm"
7389,2,0,0,FALSE,"holm"
7390,0,0,0,FALSE,"holm"
7391,2,0,0,FALSE,"holm"
7392,0,0,0,FALSE,"holm"
7393,2,0,0,FALSE,"holm"
7394,3,0,0,FALSE,"holm"
7395,1,0,0,FALSE,"holm"
7396,0,0,0,FALSE,"holm"
7397,0,0,0,FALSE,"holm"
7398,1,0,0,FALSE,"holm"
7399,1,0,0,FALSE,"holm"
7400,0,0,0,FALSE,"holm"
7401,0,0,0,FALSE,"holm"
7402,0,0,0,FALSE,"holm"
7403,1,0,0,FALSE,"holm"
7404,2,0,0,FALSE,"holm"
7405,0,0,0,FALSE,"holm"
7406,1,0,0,FALSE,"holm"
7407,0,0,0,FALSE,"holm"
7408,2,0,0,FALSE,"holm"
7409,1,1,1,TRUE,"holm"
7410,1,0,0,FALSE,"holm"
7411,0,0,0,FALSE,"holm"
7412,0,0,0,FALSE,"holm"
7413,1,0,0,FALSE,"holm"
7414,1,0,0,FALSE,"holm"
7415,2,0,0,FALSE,"holm"
7416,0,0,0,FALSE,"holm"
7417,1,0,0,FALSE,"holm"
7418,0,0,0,FALSE,"holm"
7419,0,0,0,FALSE,"holm"
7420,0,0,0,FALSE,"holm"
7421,2,0,0,FALSE,"holm"
7422,2,0,0,FALSE,"holm"
7423,2,1,0.5,TRUE,"holm"
7424,0,0,0,FALSE,"holm"
7425,1,0,0,FALSE,"holm"
7426,0,0,0,FALSE,"holm"
7427,0,0,0,FALSE,"holm"
7428,0,0,0,FALSE,"holm"
7429,2,0,0,FALSE,"holm"
7430,0,0,0,FALSE,"holm"
7431,0,0,0,FALSE,"holm"
7432,1,0,0,FALSE,"holm"
7433,1,0,0,FALSE,"holm"
7434,1,0,0,FALSE,"holm"
7435,1,0,0,FALSE,"holm"
7436,1,0,0,FALSE,"holm"
7437,0,0,0,FALSE,"holm"
7438,0,0,0,FALSE,"holm"
7439,2,0,0,FALSE,"holm"
7440,1,0,0,FALSE,"holm"
7441,2,0,0,FALSE,"holm"
7442,1,0,0,FALSE,"holm"
7443,0,0,0,FALSE,"holm"
7444,2,0,0,FALSE,"holm"
7445,2,0,0,FALSE,"holm"
7446,1,0,0,FALSE,"holm"
7447,0,0,0,FALSE,"holm"
7448,1,0,0,FALSE,"holm"
7449,0,0,0,FALSE,"holm"
7450,0,0,0,FALSE,"holm"
7451,0,0,0,FALSE,"holm"
7452,0,0,0,FALSE,"holm"
7453,0,0,0,FALSE,"holm"
7454,2,0,0,FALSE,"holm"
7455,0,0,0,FALSE,"holm"
7456,0,0,0,FALSE,"holm"
7457,1,0,0,FALSE,"holm"
7458,0,0,0,FALSE,"holm"
7459,1,0,0,FALSE,"holm"
7460,1,0,0,FALSE,"holm"
7461,2,0,0,FALSE,"holm"
7462,0,0,0,FALSE,"holm"
7463,0,0,0,FALSE,"holm"
7464,1,0,0,FALSE,"holm"
7465,2,0,0,FALSE,"holm"
7466,1,0,0,FALSE,"holm"
7467,2,0,0,FALSE,"holm"
7468,1,0,0,FALSE,"holm"
7469,1,0,0,FALSE,"holm"
7470,1,0,0,FALSE,"holm"
7471,3,0,0,FALSE,"holm"
7472,0,0,0,FALSE,"holm"
7473,1,0,0,FALSE,"holm"
7474,1,0,0,FALSE,"holm"
7475,0,0,0,FALSE,"holm"
7476,2,0,0,FALSE,"holm"
7477,2,0,0,FALSE,"holm"
7478,0,0,0,FALSE,"holm"
7479,1,0,0,FALSE,"holm"
7480,1,0,0,FALSE,"holm"
7481,0,0,0,FALSE,"holm"
7482,1,0,0,FALSE,"holm"
7483,1,0,0,FALSE,"holm"
7484,2,0,0,FALSE,"holm"
7485,1,0,0,FALSE,"holm"
7486,1,0,0,FALSE,"holm"
7487,1,0,0,FALSE,"holm"
7488,1,0,0,FALSE,"holm"
7489,0,0,0,FALSE,"holm"
7490,1,0,0,FALSE,"holm"
7491,0,0,0,FALSE,"holm"
7492,0,0,0,FALSE,"holm"
7493,1,0,0,FALSE,"holm"
7494,1,0,0,FALSE,"holm"
7495,1,0,0,FALSE,"holm"
7496,1,0,0,FALSE,"holm"
7497,0,0,0,FALSE,"holm"
7498,2,0,0,FALSE,"holm"
7499,2,1,0.5,TRUE,"holm"
7500,1,0,0,FALSE,"holm"
7501,1,0,0,FALSE,"holm"
7502,2,0,0,FALSE,"holm"
7503,2,0,0,FALSE,"holm"
7504,2,0,0,FALSE,"holm"
7505,0,0,0,FALSE,"holm"
7506,1,0,0,FALSE,"holm"
7507,1,0,0,FALSE,"holm"
7508,2,0,0,FALSE,"holm"
7509,3,0,0,FALSE,"holm"
7510,2,0,0,FALSE,"holm"
7511,0,0,0,FALSE,"holm"
7512,0,0,0,FALSE,"holm"
7513,2,0,0,FALSE,"holm"
7514,0,0,0,FALSE,"holm"
7515,2,0,0,FALSE,"holm"
7516,3,0,0,FALSE,"holm"
7517,0,0,0,FALSE,"holm"
7518,1,0,0,FALSE,"holm"
7519,1,0,0,FALSE,"holm"
7520,0,0,0,FALSE,"holm"
7521,3,0,0,FALSE,"holm"
7522,2,0,0,FALSE,"holm"
7523,1,0,0,FALSE,"holm"
7524,1,0,0,FALSE,"holm"
7525,1,0,0,FALSE,"holm"
7526,0,0,0,FALSE,"holm"
7527,1,1,1,TRUE,"holm"
7528,0,0,0,FALSE,"holm"
7529,1,0,0,FALSE,"holm"
7530,2,1,0.5,TRUE,"holm"
7531,0,0,0,FALSE,"holm"
7532,3,0,0,FALSE,"holm"
7533,2,0,0,FALSE,"holm"
7534,1,0,0,FALSE,"holm"
7535,0,0,0,FALSE,"holm"
7536,1,0,0,FALSE,"holm"
7537,1,0,0,FALSE,"holm"
7538,0,0,0,FALSE,"holm"
7539,1,0,0,FALSE,"holm"
7540,0,0,0,FALSE,"holm"
7541,2,0,0,FALSE,"holm"
7542,2,0,0,FALSE,"holm"
7543,1,0,0,FALSE,"holm"
7544,0,0,0,FALSE,"holm"
7545,2,0,0,FALSE,"holm"
7546,3,0,0,FALSE,"holm"
7547,0,0,0,FALSE,"holm"
7548,2,0,0,FALSE,"holm"
7549,0,0,0,FALSE,"holm"
7550,0,0,0,FALSE,"holm"
7551,0,0,0,FALSE,"holm"
7552,1,0,0,FALSE,"holm"
7553,1,0,0,FALSE,"holm"
7554,1,0,0,FALSE,"holm"
7555,1,0,0,FALSE,"holm"
7556,4,1,0.25,TRUE,"holm"
7557,2,0,0,FALSE,"holm"
7558,0,0,0,FALSE,"holm"
7559,0,0,0,FALSE,"holm"
7560,0,0,0,FALSE,"holm"
7561,0,0,0,FALSE,"holm"
7562,0,0,0,FALSE,"holm"
7563,1,0,0,FALSE,"holm"
7564,0,0,0,FALSE,"holm"
7565,1,0,0,FALSE,"holm"
7566,1,0,0,FALSE,"holm"
7567,0,0,0,FALSE,"holm"
7568,3,0,0,FALSE,"holm"
7569,2,0,0,FALSE,"holm"
7570,0,0,0,FALSE,"holm"
7571,1,0,0,FALSE,"holm"
7572,1,0,0,FALSE,"holm"
7573,0,0,0,FALSE,"holm"
7574,0,0,0,FALSE,"holm"
7575,0,0,0,FALSE,"holm"
7576,1,0,0,FALSE,"holm"
7577,1,0,0,FALSE,"holm"
7578,0,0,0,FALSE,"holm"
7579,0,0,0,FALSE,"holm"
7580,0,0,0,FALSE,"holm"
7581,1,0,0,FALSE,"holm"
7582,0,0,0,FALSE,"holm"
7583,1,0,0,FALSE,"holm"
7584,0,0,0,FALSE,"holm"
7585,0,0,0,FALSE,"holm"
7586,2,0,0,FALSE,"holm"
7587,0,0,0,FALSE,"holm"
7588,0,0,0,FALSE,"holm"
7589,1,0,0,FALSE,"holm"
7590,0,0,0,FALSE,"holm"
7591,1,0,0,FALSE,"holm"
7592,1,0,0,FALSE,"holm"
7593,0,0,0,FALSE,"holm"
7594,0,0,0,FALSE,"holm"
7595,1,0,0,FALSE,"holm"
7596,1,0,0,FALSE,"holm"
7597,2,0,0,FALSE,"holm"
7598,0,0,0,FALSE,"holm"
7599,1,0,0,FALSE,"holm"
7600,1,0,0,FALSE,"holm"
7601,2,0,0,FALSE,"holm"
7602,2,0,0,FALSE,"holm"
7603,0,0,0,FALSE,"holm"
7604,1,0,0,FALSE,"holm"
7605,2,0,0,FALSE,"holm"
7606,1,0,0,FALSE,"holm"
7607,2,0,0,FALSE,"holm"
7608,2,0,0,FALSE,"holm"
7609,0,0,0,FALSE,"holm"
7610,0,0,0,FALSE,"holm"
7611,1,0,0,FALSE,"holm"
7612,1,0,0,FALSE,"holm"
7613,1,0,0,FALSE,"holm"
7614,1,0,0,FALSE,"holm"
7615,1,0,0,FALSE,"holm"
7616,1,0,0,FALSE,"holm"
7617,1,0,0,FALSE,"holm"
7618,1,0,0,FALSE,"holm"
7619,1,0,0,FALSE,"holm"
7620,2,0,0,FALSE,"holm"
7621,2,0,0,FALSE,"holm"
7622,1,1,1,TRUE,"holm"
7623,1,0,0,FALSE,"holm"
7624,1,0,0,FALSE,"holm"
7625,1,0,0,FALSE,"holm"
7626,2,0,0,FALSE,"holm"
7627,2,0,0,FALSE,"holm"
7628,1,0,0,FALSE,"holm"
7629,1,0,0,FALSE,"holm"
7630,0,0,0,FALSE,"holm"
7631,1,0,0,FALSE,"holm"
7632,1,0,0,FALSE,"holm"
7633,0,0,0,FALSE,"holm"
7634,1,0,0,FALSE,"holm"
7635,3,1,0.333333333333333,TRUE,"holm"
7636,1,0,0,FALSE,"holm"
7637,1,0,0,FALSE,"holm"
7638,0,0,0,FALSE,"holm"
7639,1,0,0,FALSE,"holm"
7640,1,0,0,FALSE,"holm"
7641,0,0,0,FALSE,"holm"
7642,0,0,0,FALSE,"holm"
7643,1,0,0,FALSE,"holm"
7644,1,0,0,FALSE,"holm"
7645,1,0,0,FALSE,"holm"
7646,0,0,0,FALSE,"holm"
7647,2,0,0,FALSE,"holm"
7648,1,0,0,FALSE,"holm"
7649,1,0,0,FALSE,"holm"
7650,0,0,0,FALSE,"holm"
7651,3,0,0,FALSE,"holm"
7652,0,0,0,FALSE,"holm"
7653,0,0,0,FALSE,"holm"
7654,0,0,0,FALSE,"holm"
7655,3,0,0,FALSE,"holm"
7656,1,0,0,FALSE,"holm"
7657,1,0,0,FALSE,"holm"
7658,0,0,0,FALSE,"holm"
7659,0,0,0,FALSE,"holm"
7660,2,0,0,FALSE,"holm"
7661,2,0,0,FALSE,"holm"
7662,1,0,0,FALSE,"holm"
7663,0,0,0,FALSE,"holm"
7664,1,0,0,FALSE,"holm"
7665,0,0,0,FALSE,"holm"
7666,1,0,0,FALSE,"holm"
7667,1,0,0,FALSE,"holm"
7668,1,0,0,FALSE,"holm"
7669,3,0,0,FALSE,"holm"
7670,2,0,0,FALSE,"holm"
7671,1,0,0,FALSE,"holm"
7672,0,0,0,FALSE,"holm"
7673,3,0,0,FALSE,"holm"
7674,2,0,0,FALSE,"holm"
7675,0,0,0,FALSE,"holm"
7676,3,0,0,FALSE,"holm"
7677,3,0,0,FALSE,"holm"
7678,1,0,0,FALSE,"holm"
7679,0,0,0,FALSE,"holm"
7680,2,0,0,FALSE,"holm"
7681,0,0,0,FALSE,"holm"
7682,2,0,0,FALSE,"holm"
7683,0,0,0,FALSE,"holm"
7684,0,0,0,FALSE,"holm"
7685,0,0,0,FALSE,"holm"
7686,0,0,0,FALSE,"holm"
7687,0,0,0,FALSE,"holm"
7688,1,1,1,TRUE,"holm"
7689,0,0,0,FALSE,"holm"
7690,1,0,0,FALSE,"holm"
7691,2,0,0,FALSE,"holm"
7692,0,0,0,FALSE,"holm"
7693,0,0,0,FALSE,"holm"
7694,0,0,0,FALSE,"holm"
7695,1,0,0,FALSE,"holm"
7696,1,0,0,FALSE,"holm"
7697,2,0,0,FALSE,"holm"
7698,1,0,0,FALSE,"holm"
7699,2,0,0,FALSE,"holm"
7700,0,0,0,FALSE,"holm"
7701,2,0,0,FALSE,"holm"
7702,0,0,0,FALSE,"holm"
7703,0,0,0,FALSE,"holm"
7704,0,0,0,FALSE,"holm"
7705,0,0,0,FALSE,"holm"
7706,2,0,0,FALSE,"holm"
7707,1,0,0,FALSE,"holm"
7708,0,0,0,FALSE,"holm"
7709,1,0,0,FALSE,"holm"
7710,1,0,0,FALSE,"holm"
7711,0,0,0,FALSE,"holm"
7712,2,0,0,FALSE,"holm"
7713,2,0,0,FALSE,"holm"
7714,0,0,0,FALSE,"holm"
7715,1,0,0,FALSE,"holm"
7716,2,0,0,FALSE,"holm"
7717,0,0,0,FALSE,"holm"
7718,0,0,0,FALSE,"holm"
7719,2,0,0,FALSE,"holm"
7720,0,0,0,FALSE,"holm"
7721,0,0,0,FALSE,"holm"
7722,1,0,0,FALSE,"holm"
7723,0,0,0,FALSE,"holm"
7724,1,0,0,FALSE,"holm"
7725,1,0,0,FALSE,"holm"
7726,0,0,0,FALSE,"holm"
7727,0,0,0,FALSE,"holm"
7728,1,0,0,FALSE,"holm"
7729,0,0,0,FALSE,"holm"
7730,3,1,0.333333333333333,TRUE,"holm"
7731,1,0,0,FALSE,"holm"
7732,1,0,0,FALSE,"holm"
7733,2,0,0,FALSE,"holm"
7734,3,0,0,FALSE,"holm"
7735,2,0,0,FALSE,"holm"
7736,2,0,0,FALSE,"holm"
7737,1,0,0,FALSE,"holm"
7738,0,0,0,FALSE,"holm"
7739,0,0,0,FALSE,"holm"
7740,3,0,0,FALSE,"holm"
7741,1,0,0,FALSE,"holm"
7742,0,0,0,FALSE,"holm"
7743,1,0,0,FALSE,"holm"
7744,0,0,0,FALSE,"holm"
7745,0,0,0,FALSE,"holm"
7746,0,0,0,FALSE,"holm"
7747,1,0,0,FALSE,"holm"
7748,1,0,0,FALSE,"holm"
7749,1,0,0,FALSE,"holm"
7750,1,0,0,FALSE,"holm"
7751,0,0,0,FALSE,"holm"
7752,1,0,0,FALSE,"holm"
7753,2,0,0,FALSE,"holm"
7754,3,0,0,FALSE,"holm"
7755,1,0,0,FALSE,"holm"
7756,0,0,0,FALSE,"holm"
7757,2,1,0.5,TRUE,"holm"
7758,1,0,0,FALSE,"holm"
7759,1,0,0,FALSE,"holm"
7760,1,0,0,FALSE,"holm"
7761,0,0,0,FALSE,"holm"
7762,2,0,0,FALSE,"holm"
7763,1,0,0,FALSE,"holm"
7764,1,0,0,FALSE,"holm"
7765,3,0,0,FALSE,"holm"
7766,0,0,0,FALSE,"holm"
7767,3,0,0,FALSE,"holm"
7768,0,0,0,FALSE,"holm"
7769,2,0,0,FALSE,"holm"
7770,1,0,0,FALSE,"holm"
7771,0,0,0,FALSE,"holm"
7772,2,0,0,FALSE,"holm"
7773,0,0,0,FALSE,"holm"
7774,1,0,0,FALSE,"holm"
7775,4,0,0,FALSE,"holm"
7776,1,0,0,FALSE,"holm"
7777,0,0,0,FALSE,"holm"
7778,3,0,0,FALSE,"holm"
7779,0,0,0,FALSE,"holm"
7780,0,0,0,FALSE,"holm"
7781,3,0,0,FALSE,"holm"
7782,2,0,0,FALSE,"holm"
7783,0,0,0,FALSE,"holm"
7784,0,0,0,FALSE,"holm"
7785,0,0,0,FALSE,"holm"
7786,1,0,0,FALSE,"holm"
7787,1,0,0,FALSE,"holm"
7788,3,0,0,FALSE,"holm"
7789,2,0,0,FALSE,"holm"
7790,1,0,0,FALSE,"holm"
7791,2,0,0,FALSE,"holm"
7792,2,0,0,FALSE,"holm"
7793,2,0,0,FALSE,"holm"
7794,0,0,0,FALSE,"holm"
7795,1,0,0,FALSE,"holm"
7796,1,0,0,FALSE,"holm"
7797,1,0,0,FALSE,"holm"
7798,1,0,0,FALSE,"holm"
7799,1,0,0,FALSE,"holm"
7800,0,0,0,FALSE,"holm"
7801,0,0,0,FALSE,"holm"
7802,2,0,0,FALSE,"holm"
7803,2,0,0,FALSE,"holm"
7804,0,0,0,FALSE,"holm"
7805,2,0,0,FALSE,"holm"
7806,0,0,0,FALSE,"holm"
7807,1,0,0,FALSE,"holm"
7808,1,0,0,FALSE,"holm"
7809,1,0,0,FALSE,"holm"
7810,2,0,0,FALSE,"holm"
7811,1,0,0,FALSE,"holm"
7812,2,0,0,FALSE,"holm"
7813,2,1,0.5,TRUE,"holm"
7814,1,0,0,FALSE,"holm"
7815,0,0,0,FALSE,"holm"
7816,1,0,0,FALSE,"holm"
7817,2,0,0,FALSE,"holm"
7818,1,0,0,FALSE,"holm"
7819,0,0,0,FALSE,"holm"
7820,0,0,0,FALSE,"holm"
7821,2,0,0,FALSE,"holm"
7822,0,0,0,FALSE,"holm"
7823,1,0,0,FALSE,"holm"
7824,3,0,0,FALSE,"holm"
7825,0,0,0,FALSE,"holm"
7826,0,0,0,FALSE,"holm"
7827,1,0,0,FALSE,"holm"
7828,0,0,0,FALSE,"holm"
7829,1,0,0,FALSE,"holm"
7830,2,0,0,FALSE,"holm"
7831,0,0,0,FALSE,"holm"
7832,0,0,0,FALSE,"holm"
7833,0,0,0,FALSE,"holm"
7834,0,0,0,FALSE,"holm"
7835,0,0,0,FALSE,"holm"
7836,1,0,0,FALSE,"holm"
7837,1,0,0,FALSE,"holm"
7838,1,0,0,FALSE,"holm"
7839,0,0,0,FALSE,"holm"
7840,2,0,0,FALSE,"holm"
7841,1,0,0,FALSE,"holm"
7842,0,0,0,FALSE,"holm"
7843,1,0,0,FALSE,"holm"
7844,0,0,0,FALSE,"holm"
7845,0,0,0,FALSE,"holm"
7846,1,0,0,FALSE,"holm"
7847,1,0,0,FALSE,"holm"
7848,2,1,0.5,TRUE,"holm"
7849,0,0,0,FALSE,"holm"
7850,1,0,0,FALSE,"holm"
7851,3,0,0,FALSE,"holm"
7852,4,0,0,FALSE,"holm"
7853,0,0,0,FALSE,"holm"
7854,0,0,0,FALSE,"holm"
7855,1,0,0,FALSE,"holm"
7856,0,0,0,FALSE,"holm"
7857,0,0,0,FALSE,"holm"
7858,1,0,0,FALSE,"holm"
7859,1,0,0,FALSE,"holm"
7860,1,1,1,TRUE,"holm"
7861,0,0,0,FALSE,"holm"
7862,3,0,0,FALSE,"holm"
7863,1,0,0,FALSE,"holm"
7864,0,0,0,FALSE,"holm"
7865,0,0,0,FALSE,"holm"
7866,0,0,0,FALSE,"holm"
7867,3,0,0,FALSE,"holm"
7868,1,0,0,FALSE,"holm"
7869,0,0,0,FALSE,"holm"
7870,1,0,0,FALSE,"holm"
7871,1,0,0,FALSE,"holm"
7872,0,0,0,FALSE,"holm"
7873,2,0,0,FALSE,"holm"
7874,2,0,0,FALSE,"holm"
7875,0,0,0,FALSE,"holm"
7876,0,0,0,FALSE,"holm"
7877,1,0,0,FALSE,"holm"
7878,0,0,0,FALSE,"holm"
7879,0,0,0,FALSE,"holm"
7880,0,0,0,FALSE,"holm"
7881,2,0,0,FALSE,"holm"
7882,1,0,0,FALSE,"holm"
7883,2,0,0,FALSE,"holm"
7884,0,0,0,FALSE,"holm"
7885,1,0,0,FALSE,"holm"
7886,0,0,0,FALSE,"holm"
7887,0,0,0,FALSE,"holm"
7888,0,0,0,FALSE,"holm"
7889,4,0,0,FALSE,"holm"
7890,1,0,0,FALSE,"holm"
7891,2,0,0,FALSE,"holm"
7892,2,0,0,FALSE,"holm"
7893,0,0,0,FALSE,"holm"
7894,0,0,0,FALSE,"holm"
7895,0,0,0,FALSE,"holm"
7896,1,0,0,FALSE,"holm"
7897,1,0,0,FALSE,"holm"
7898,0,0,0,FALSE,"holm"
7899,0,0,0,FALSE,"holm"
7900,1,0,0,FALSE,"holm"
7901,1,0,0,FALSE,"holm"
7902,1,0,0,FALSE,"holm"
7903,3,0,0,FALSE,"holm"
7904,2,0,0,FALSE,"holm"
7905,0,0,0,FALSE,"holm"
7906,1,0,0,FALSE,"holm"
7907,0,0,0,FALSE,"holm"
7908,1,0,0,FALSE,"holm"
7909,0,0,0,FALSE,"holm"
7910,1,0,0,FALSE,"holm"
7911,2,0,0,FALSE,"holm"
7912,0,0,0,FALSE,"holm"
7913,0,0,0,FALSE,"holm"
7914,0,0,0,FALSE,"holm"
7915,0,0,0,FALSE,"holm"
7916,1,0,0,FALSE,"holm"
7917,1,0,0,FALSE,"holm"
7918,0,0,0,FALSE,"holm"
7919,0,0,0,FALSE,"holm"
7920,1,0,0,FALSE,"holm"
7921,1,0,0,FALSE,"holm"
7922,0,0,0,FALSE,"holm"
7923,0,0,0,FALSE,"holm"
7924,0,0,0,FALSE,"holm"
7925,1,0,0,FALSE,"holm"
7926,2,0,0,FALSE,"holm"
7927,1,0,0,FALSE,"holm"
7928,1,0,0,FALSE,"holm"
7929,0,0,0,FALSE,"holm"
7930,1,0,0,FALSE,"holm"
7931,0,0,0,FALSE,"holm"
7932,1,0,0,FALSE,"holm"
7933,2,0,0,FALSE,"holm"
7934,1,0,0,FALSE,"holm"
7935,0,0,0,FALSE,"holm"
7936,2,0,0,FALSE,"holm"
7937,2,0,0,FALSE,"holm"
7938,0,0,0,FALSE,"holm"
7939,2,1,0.5,TRUE,"holm"
7940,1,0,0,FALSE,"holm"
7941,0,0,0,FALSE,"holm"
7942,1,0,0,FALSE,"holm"
7943,2,0,0,FALSE,"holm"
7944,0,0,0,FALSE,"holm"
7945,1,0,0,FALSE,"holm"
7946,1,0,0,FALSE,"holm"
7947,0,0,0,FALSE,"holm"
7948,0,0,0,FALSE,"holm"
7949,3,1,0.333333333333333,TRUE,"holm"
7950,2,0,0,FALSE,"holm"
7951,1,0,0,FALSE,"holm"
7952,1,0,0,FALSE,"holm"
7953,0,0,0,FALSE,"holm"
7954,0,0,0,FALSE,"holm"
7955,0,0,0,FALSE,"holm"
7956,1,0,0,FALSE,"holm"
7957,0,0,0,FALSE,"holm"
7958,1,0,0,FALSE,"holm"
7959,1,0,0,FALSE,"holm"
7960,0,0,0,FALSE,"holm"
7961,2,1,0.5,TRUE,"holm"
7962,1,0,0,FALSE,"holm"
7963,1,0,0,FALSE,"holm"
7964,2,0,0,FALSE,"holm"
7965,1,0,0,FALSE,"holm"
7966,1,0,0,FALSE,"holm"
7967,0,0,0,FALSE,"holm"
7968,1,0,0,FALSE,"holm"
7969,1,0,0,FALSE,"holm"
7970,2,0,0,FALSE,"holm"
7971,0,0,0,FALSE,"holm"
7972,1,0,0,FALSE,"holm"
7973,2,0,0,FALSE,"holm"
7974,1,0,0,FALSE,"holm"
7975,1,0,0,FALSE,"holm"
7976,2,0,0,FALSE,"holm"
7977,1,0,0,FALSE,"holm"
7978,1,0,0,FALSE,"holm"
7979,1,0,0,FALSE,"holm"
7980,0,0,0,FALSE,"holm"
7981,2,0,0,FALSE,"holm"
7982,0,0,0,FALSE,"holm"
7983,0,0,0,FALSE,"holm"
7984,0,0,0,FALSE,"holm"
7985,0,0,0,FALSE,"holm"
7986,0,0,0,FALSE,"holm"
7987,1,0,0,FALSE,"holm"
7988,2,0,0,FALSE,"holm"
7989,1,0,0,FALSE,"holm"
7990,1,0,0,FALSE,"holm"
7991,0,0,0,FALSE,"holm"
7992,1,0,0,FALSE,"holm"
7993,1,0,0,FALSE,"holm"
7994,1,0,0,FALSE,"holm"
7995,0,0,0,FALSE,"holm"
7996,1,0,0,FALSE,"holm"
7997,1,0,0,FALSE,"holm"
7998,0,0,0,FALSE,"holm"
7999,1,0,0,FALSE,"holm"
8000,1,0,0,FALSE,"holm"
8001,1,0,0,FALSE,"holm"
8002,2,0,0,FALSE,"holm"
8003,2,0,0,FALSE,"holm"
8004,0,0,0,FALSE,"holm"
8005,0,0,0,FALSE,"holm"
8006,0,0,0,FALSE,"holm"
8007,1,0,0,FALSE,"holm"
8008,1,0,0,FALSE,"holm"
8009,1,0,0,FALSE,"holm"
8010,1,0,0,FALSE,"holm"
8011,2,1,0.5,TRUE,"holm"
8012,1,0,0,FALSE,"holm"
8013,1,0,0,FALSE,"holm"
8014,1,0,0,FALSE,"holm"
8015,2,0,0,FALSE,"holm"
8016,0,0,0,FALSE,"holm"
8017,0,0,0,FALSE,"holm"
8018,0,0,0,FALSE,"holm"
8019,1,0,0,FALSE,"holm"
8020,1,0,0,FALSE,"holm"
8021,0,0,0,FALSE,"holm"
8022,0,0,0,FALSE,"holm"
8023,2,0,0,FALSE,"holm"
8024,1,0,0,FALSE,"holm"
8025,1,0,0,FALSE,"holm"
8026,0,0,0,FALSE,"holm"
8027,0,0,0,FALSE,"holm"
8028,1,0,0,FALSE,"holm"
8029,0,0,0,FALSE,"holm"
8030,1,0,0,FALSE,"holm"
8031,0,0,0,FALSE,"holm"
8032,2,0,0,FALSE,"holm"
8033,1,0,0,FALSE,"holm"
8034,1,0,0,FALSE,"holm"
8035,1,0,0,FALSE,"holm"
8036,1,0,0,FALSE,"holm"
8037,0,0,0,FALSE,"holm"
8038,1,0,0,FALSE,"holm"
8039,0,0,0,FALSE,"holm"
8040,3,0,0,FALSE,"holm"
8041,2,0,0,FALSE,"holm"
8042,0,0,0,FALSE,"holm"
8043,1,0,0,FALSE,"holm"
8044,1,0,0,FALSE,"holm"
8045,1,0,0,FALSE,"holm"
8046,2,1,0.5,TRUE,"holm"
8047,1,0,0,FALSE,"holm"
8048,1,0,0,FALSE,"holm"
8049,0,0,0,FALSE,"holm"
8050,1,0,0,FALSE,"holm"
8051,1,0,0,FALSE,"holm"
8052,1,0,0,FALSE,"holm"
8053,1,0,0,FALSE,"holm"
8054,1,0,0,FALSE,"holm"
8055,1,0,0,FALSE,"holm"
8056,0,0,0,FALSE,"holm"
8057,0,0,0,FALSE,"holm"
8058,1,0,0,FALSE,"holm"
8059,1,0,0,FALSE,"holm"
8060,0,0,0,FALSE,"holm"
8061,0,0,0,FALSE,"holm"
8062,3,0,0,FALSE,"holm"
8063,0,0,0,FALSE,"holm"
8064,2,0,0,FALSE,"holm"
8065,2,0,0,FALSE,"holm"
8066,0,0,0,FALSE,"holm"
8067,2,0,0,FALSE,"holm"
8068,3,0,0,FALSE,"holm"
8069,0,0,0,FALSE,"holm"
8070,1,0,0,FALSE,"holm"
8071,0,0,0,FALSE,"holm"
8072,1,0,0,FALSE,"holm"
8073,0,0,0,FALSE,"holm"
8074,0,0,0,FALSE,"holm"
8075,1,0,0,FALSE,"holm"
8076,2,0,0,FALSE,"holm"
8077,2,0,0,FALSE,"holm"
8078,0,0,0,FALSE,"holm"
8079,1,0,0,FALSE,"holm"
8080,0,0,0,FALSE,"holm"
8081,0,0,0,FALSE,"holm"
8082,1,0,0,FALSE,"holm"
8083,2,1,0.5,TRUE,"holm"
8084,0,0,0,FALSE,"holm"
8085,1,0,0,FALSE,"holm"
8086,0,0,0,FALSE,"holm"
8087,2,0,0,FALSE,"holm"
8088,0,0,0,FALSE,"holm"
8089,1,0,0,FALSE,"holm"
8090,1,0,0,FALSE,"holm"
8091,1,0,0,FALSE,"holm"
8092,2,0,0,FALSE,"holm"
8093,2,0,0,FALSE,"holm"
8094,1,0,0,FALSE,"holm"
8095,2,0,0,FALSE,"holm"
8096,2,0,0,FALSE,"holm"
8097,0,0,0,FALSE,"holm"
8098,0,0,0,FALSE,"holm"
8099,2,0,0,FALSE,"holm"
8100,0,0,0,FALSE,"holm"
8101,2,0,0,FALSE,"holm"
8102,0,0,0,FALSE,"holm"
8103,0,0,0,FALSE,"holm"
8104,2,0,0,FALSE,"holm"
8105,1,0,0,FALSE,"holm"
8106,3,0,0,FALSE,"holm"
8107,0,0,0,FALSE,"holm"
8108,2,0,0,FALSE,"holm"
8109,0,0,0,FALSE,"holm"
8110,0,0,0,FALSE,"holm"
8111,1,0,0,FALSE,"holm"
8112,3,0,0,FALSE,"holm"
8113,1,0,0,FALSE,"holm"
8114,0,0,0,FALSE,"holm"
8115,2,0,0,FALSE,"holm"
8116,1,0,0,FALSE,"holm"
8117,0,0,0,FALSE,"holm"
8118,1,0,0,FALSE,"holm"
8119,1,0,0,FALSE,"holm"
8120,1,0,0,FALSE,"holm"
8121,0,0,0,FALSE,"holm"
8122,0,0,0,FALSE,"holm"
8123,0,0,0,FALSE,"holm"
8124,3,0,0,FALSE,"holm"
8125,3,0,0,FALSE,"holm"
8126,2,0,0,FALSE,"holm"
8127,2,0,0,FALSE,"holm"
8128,1,0,0,FALSE,"holm"
8129,1,0,0,FALSE,"holm"
8130,1,0,0,FALSE,"holm"
8131,2,1,0.5,TRUE,"holm"
8132,1,0,0,FALSE,"holm"
8133,1,0,0,FALSE,"holm"
8134,1,0,0,FALSE,"holm"
8135,2,0,0,FALSE,"holm"
8136,1,0,0,FALSE,"holm"
8137,0,0,0,FALSE,"holm"
8138,1,0,0,FALSE,"holm"
8139,0,0,0,FALSE,"holm"
8140,3,0,0,FALSE,"holm"
8141,0,0,0,FALSE,"holm"
8142,0,0,0,FALSE,"holm"
8143,1,0,0,FALSE,"holm"
8144,0,0,0,FALSE,"holm"
8145,1,0,0,FALSE,"holm"
8146,1,0,0,FALSE,"holm"
8147,2,0,0,FALSE,"holm"
8148,0,0,0,FALSE,"holm"
8149,0,0,0,FALSE,"holm"
8150,1,0,0,FALSE,"holm"
8151,1,0,0,FALSE,"holm"
8152,0,0,0,FALSE,"holm"
8153,1,0,0,FALSE,"holm"
8154,0,0,0,FALSE,"holm"
8155,2,0,0,FALSE,"holm"
8156,2,0,0,FALSE,"holm"
8157,2,1,0.5,TRUE,"holm"
8158,0,0,0,FALSE,"holm"
8159,0,0,0,FALSE,"holm"
8160,0,0,0,FALSE,"holm"
8161,0,0,0,FALSE,"holm"
8162,0,0,0,FALSE,"holm"
8163,1,0,0,FALSE,"holm"
8164,0,0,0,FALSE,"holm"
8165,0,0,0,FALSE,"holm"
8166,1,0,0,FALSE,"holm"
8167,0,0,0,FALSE,"holm"
8168,0,0,0,FALSE,"holm"
8169,0,0,0,FALSE,"holm"
8170,0,0,0,FALSE,"holm"
8171,0,0,0,FALSE,"holm"
8172,2,0,0,FALSE,"holm"
8173,2,0,0,FALSE,"holm"
8174,0,0,0,FALSE,"holm"
8175,1,0,0,FALSE,"holm"
8176,0,0,0,FALSE,"holm"
8177,0,0,0,FALSE,"holm"
8178,0,0,0,FALSE,"holm"
8179,1,0,0,FALSE,"holm"
8180,0,0,0,FALSE,"holm"
8181,1,0,0,FALSE,"holm"
8182,1,0,0,FALSE,"holm"
8183,0,0,0,FALSE,"holm"
8184,2,0,0,FALSE,"holm"
8185,0,0,0,FALSE,"holm"
8186,2,0,0,FALSE,"holm"
8187,1,0,0,FALSE,"holm"
8188,1,0,0,FALSE,"holm"
8189,1,0,0,FALSE,"holm"
8190,0,0,0,FALSE,"holm"
8191,1,0,0,FALSE,"holm"
8192,1,0,0,FALSE,"holm"
8193,1,0,0,FALSE,"holm"
8194,0,0,0,FALSE,"holm"
8195,0,0,0,FALSE,"holm"
8196,1,0,0,FALSE,"holm"
8197,2,0,0,FALSE,"holm"
8198,1,0,0,FALSE,"holm"
8199,1,0,0,FALSE,"holm"
8200,3,0,0,FALSE,"holm"
8201,1,0,0,FALSE,"holm"
8202,1,0,0,FALSE,"holm"
8203,2,0,0,FALSE,"holm"
8204,1,0,0,FALSE,"holm"
8205,0,0,0,FALSE,"holm"
8206,0,0,0,FALSE,"holm"
8207,0,0,0,FALSE,"holm"
8208,0,0,0,FALSE,"holm"
8209,0,0,0,FALSE,"holm"
8210,0,0,0,FALSE,"holm"
8211,1,0,0,FALSE,"holm"
8212,1,0,0,FALSE,"holm"
8213,1,0,0,FALSE,"holm"
8214,2,0,0,FALSE,"holm"
8215,1,0,0,FALSE,"holm"
8216,0,0,0,FALSE,"holm"
8217,0,0,0,FALSE,"holm"
8218,1,0,0,FALSE,"holm"
8219,0,0,0,FALSE,"holm"
8220,0,0,0,FALSE,"holm"
8221,0,0,0,FALSE,"holm"
8222,1,0,0,FALSE,"holm"
8223,2,0,0,FALSE,"holm"
8224,2,0,0,FALSE,"holm"
8225,0,0,0,FALSE,"holm"
8226,1,0,0,FALSE,"holm"
8227,2,0,0,FALSE,"holm"
8228,0,0,0,FALSE,"holm"
8229,0,0,0,FALSE,"holm"
8230,0,0,0,FALSE,"holm"
8231,2,0,0,FALSE,"holm"
8232,2,0,0,FALSE,"holm"
8233,2,0,0,FALSE,"holm"
8234,1,0,0,FALSE,"holm"
8235,0,0,0,FALSE,"holm"
8236,1,0,0,FALSE,"holm"
8237,1,0,0,FALSE,"holm"
8238,1,0,0,FALSE,"holm"
8239,0,0,0,FALSE,"holm"
8240,0,0,0,FALSE,"holm"
8241,0,0,0,FALSE,"holm"
8242,1,0,0,FALSE,"holm"
8243,1,0,0,FALSE,"holm"
8244,0,0,0,FALSE,"holm"
8245,1,0,0,FALSE,"holm"
8246,2,0,0,FALSE,"holm"
8247,0,0,0,FALSE,"holm"
8248,1,0,0,FALSE,"holm"
8249,2,0,0,FALSE,"holm"
8250,1,0,0,FALSE,"holm"
8251,2,0,0,FALSE,"holm"
8252,0,0,0,FALSE,"holm"
8253,2,0,0,FALSE,"holm"
8254,0,0,0,FALSE,"holm"
8255,1,1,1,TRUE,"holm"
8256,0,0,0,FALSE,"holm"
8257,0,0,0,FALSE,"holm"
8258,1,0,0,FALSE,"holm"
8259,1,0,0,FALSE,"holm"
8260,0,0,0,FALSE,"holm"
8261,1,1,1,TRUE,"holm"
8262,1,0,0,FALSE,"holm"
8263,0,0,0,FALSE,"holm"
8264,1,0,0,FALSE,"holm"
8265,0,0,0,FALSE,"holm"
8266,1,0,0,FALSE,"holm"
8267,1,0,0,FALSE,"holm"
8268,4,1,0.25,TRUE,"holm"
8269,3,0,0,FALSE,"holm"
8270,1,0,0,FALSE,"holm"
8271,2,0,0,FALSE,"holm"
8272,1,0,0,FALSE,"holm"
8273,1,0,0,FALSE,"holm"
8274,0,0,0,FALSE,"holm"
8275,1,0,0,FALSE,"holm"
8276,0,0,0,FALSE,"holm"
8277,2,0,0,FALSE,"holm"
8278,1,0,0,FALSE,"holm"
8279,1,0,0,FALSE,"holm"
8280,1,0,0,FALSE,"holm"
8281,0,0,0,FALSE,"holm"
8282,0,0,0,FALSE,"holm"
8283,2,0,0,FALSE,"holm"
8284,1,0,0,FALSE,"holm"
8285,0,0,0,FALSE,"holm"
8286,2,0,0,FALSE,"holm"
8287,1,0,0,FALSE,"holm"
8288,0,0,0,FALSE,"holm"
8289,2,1,0.5,TRUE,"holm"
8290,2,0,0,FALSE,"holm"
8291,1,0,0,FALSE,"holm"
8292,3,0,0,FALSE,"holm"
8293,1,0,0,FALSE,"holm"
8294,0,0,0,FALSE,"holm"
8295,1,0,0,FALSE,"holm"
8296,0,0,0,FALSE,"holm"
8297,0,0,0,FALSE,"holm"
8298,0,0,0,FALSE,"holm"
8299,0,0,0,FALSE,"holm"
8300,1,0,0,FALSE,"holm"
8301,1,0,0,FALSE,"holm"
8302,0,0,0,FALSE,"holm"
8303,2,0,0,FALSE,"holm"
8304,1,0,0,FALSE,"holm"
8305,0,0,0,FALSE,"holm"
8306,1,0,0,FALSE,"holm"
8307,0,0,0,FALSE,"holm"
8308,1,0,0,FALSE,"holm"
8309,2,0,0,FALSE,"holm"
8310,1,0,0,FALSE,"holm"
8311,2,0,0,FALSE,"holm"
8312,1,0,0,FALSE,"holm"
8313,1,0,0,FALSE,"holm"
8314,1,0,0,FALSE,"holm"
8315,1,0,0,FALSE,"holm"
8316,1,0,0,FALSE,"holm"
8317,3,0,0,FALSE,"holm"
8318,1,0,0,FALSE,"holm"
8319,2,0,0,FALSE,"holm"
8320,3,0,0,FALSE,"holm"
8321,0,0,0,FALSE,"holm"
8322,2,1,0.5,TRUE,"holm"
8323,2,0,0,FALSE,"holm"
8324,2,0,0,FALSE,"holm"
8325,1,0,0,FALSE,"holm"
8326,0,0,0,FALSE,"holm"
8327,2,0,0,FALSE,"holm"
8328,0,0,0,FALSE,"holm"
8329,2,0,0,FALSE,"holm"
8330,2,0,0,FALSE,"holm"
8331,0,0,0,FALSE,"holm"
8332,2,0,0,FALSE,"holm"
8333,1,0,0,FALSE,"holm"
8334,2,0,0,FALSE,"holm"
8335,0,0,0,FALSE,"holm"
8336,1,0,0,FALSE,"holm"
8337,0,0,0,FALSE,"holm"
8338,0,0,0,FALSE,"holm"
8339,0,0,0,FALSE,"holm"
8340,0,0,0,FALSE,"holm"
8341,0,0,0,FALSE,"holm"
8342,1,1,1,TRUE,"holm"
8343,2,0,0,FALSE,"holm"
8344,0,0,0,FALSE,"holm"
8345,3,0,0,FALSE,"holm"
8346,0,0,0,FALSE,"holm"
8347,0,0,0,FALSE,"holm"
8348,1,0,0,FALSE,"holm"
8349,1,0,0,FALSE,"holm"
8350,0,0,0,FALSE,"holm"
8351,1,0,0,FALSE,"holm"
8352,1,0,0,FALSE,"holm"
8353,1,0,0,FALSE,"holm"
8354,0,0,0,FALSE,"holm"
8355,0,0,0,FALSE,"holm"
8356,1,0,0,FALSE,"holm"
8357,1,0,0,FALSE,"holm"
8358,0,0,0,FALSE,"holm"
8359,1,0,0,FALSE,"holm"
8360,1,0,0,FALSE,"holm"
8361,0,0,0,FALSE,"holm"
8362,1,0,0,FALSE,"holm"
8363,2,0,0,FALSE,"holm"
8364,1,0,0,FALSE,"holm"
8365,1,0,0,FALSE,"holm"
8366,2,0,0,FALSE,"holm"
8367,3,1,0.333333333333333,TRUE,"holm"
8368,0,0,0,FALSE,"holm"
8369,0,0,0,FALSE,"holm"
8370,0,0,0,FALSE,"holm"
8371,1,0,0,FALSE,"holm"
8372,1,0,0,FALSE,"holm"
8373,2,0,0,FALSE,"holm"
8374,0,0,0,FALSE,"holm"
8375,2,0,0,FALSE,"holm"
8376,2,0,0,FALSE,"holm"
8377,1,0,0,FALSE,"holm"
8378,1,0,0,FALSE,"holm"
8379,1,0,0,FALSE,"holm"
8380,1,0,0,FALSE,"holm"
8381,0,0,0,FALSE,"holm"
8382,1,0,0,FALSE,"holm"
8383,1,0,0,FALSE,"holm"
8384,1,0,0,FALSE,"holm"
8385,1,0,0,FALSE,"holm"
8386,2,0,0,FALSE,"holm"
8387,0,0,0,FALSE,"holm"
8388,2,0,0,FALSE,"holm"
8389,2,0,0,FALSE,"holm"
8390,1,0,0,FALSE,"holm"
8391,2,0,0,FALSE,"holm"
8392,3,0,0,FALSE,"holm"
8393,1,0,0,FALSE,"holm"
8394,1,0,0,FALSE,"holm"
8395,0,0,0,FALSE,"holm"
8396,1,0,0,FALSE,"holm"
8397,0,0,0,FALSE,"holm"
8398,1,0,0,FALSE,"holm"
8399,2,0,0,FALSE,"holm"
8400,0,0,0,FALSE,"holm"
8401,1,0,0,FALSE,"holm"
8402,2,0,0,FALSE,"holm"
8403,1,0,0,FALSE,"holm"
8404,2,0,0,FALSE,"holm"
8405,0,0,0,FALSE,"holm"
8406,0,0,0,FALSE,"holm"
8407,1,0,0,FALSE,"holm"
8408,0,0,0,FALSE,"holm"
8409,1,0,0,FALSE,"holm"
8410,0,0,0,FALSE,"holm"
8411,1,1,1,TRUE,"holm"
8412,1,0,0,FALSE,"holm"
8413,1,0,0,FALSE,"holm"
8414,0,0,0,FALSE,"holm"
8415,1,0,0,FALSE,"holm"
8416,0,0,0,FALSE,"holm"
8417,2,0,0,FALSE,"holm"
8418,0,0,0,FALSE,"holm"
8419,0,0,0,FALSE,"holm"
8420,2,0,0,FALSE,"holm"
8421,0,0,0,FALSE,"holm"
8422,0,0,0,FALSE,"holm"
8423,1,0,0,FALSE,"holm"
8424,2,0,0,FALSE,"holm"
8425,1,0,0,FALSE,"holm"
8426,0,0,0,FALSE,"holm"
8427,2,0,0,FALSE,"holm"
8428,0,0,0,FALSE,"holm"
8429,2,0,0,FALSE,"holm"
8430,1,0,0,FALSE,"holm"
8431,0,0,0,FALSE,"holm"
8432,1,0,0,FALSE,"holm"
8433,0,0,0,FALSE,"holm"
8434,1,0,0,FALSE,"holm"
8435,0,0,0,FALSE,"holm"
8436,1,0,0,FALSE,"holm"
8437,0,0,0,FALSE,"holm"
8438,0,0,0,FALSE,"holm"
8439,2,0,0,FALSE,"holm"
8440,0,0,0,FALSE,"holm"
8441,1,0,0,FALSE,"holm"
8442,1,1,1,TRUE,"holm"
8443,2,1,0.5,TRUE,"holm"
8444,0,0,0,FALSE,"holm"
8445,0,0,0,FALSE,"holm"
8446,0,0,0,FALSE,"holm"
8447,0,0,0,FALSE,"holm"
8448,0,0,0,FALSE,"holm"
8449,1,0,0,FALSE,"holm"
8450,0,0,0,FALSE,"holm"
8451,1,0,0,FALSE,"holm"
8452,2,1,0.5,TRUE,"holm"
8453,1,0,0,FALSE,"holm"
8454,2,0,0,FALSE,"holm"
8455,1,0,0,FALSE,"holm"
8456,2,0,0,FALSE,"holm"
8457,3,0,0,FALSE,"holm"
8458,0,0,0,FALSE,"holm"
8459,1,0,0,FALSE,"holm"
8460,0,0,0,FALSE,"holm"
8461,0,0,0,FALSE,"holm"
8462,1,0,0,FALSE,"holm"
8463,1,0,0,FALSE,"holm"
8464,2,0,0,FALSE,"holm"
8465,2,2,1,TRUE,"holm"
8466,0,0,0,FALSE,"holm"
8467,1,0,0,FALSE,"holm"
8468,1,0,0,FALSE,"holm"
8469,1,0,0,FALSE,"holm"
8470,0,0,0,FALSE,"holm"
8471,1,0,0,FALSE,"holm"
8472,1,0,0,FALSE,"holm"
8473,0,0,0,FALSE,"holm"
8474,1,0,0,FALSE,"holm"
8475,1,0,0,FALSE,"holm"
8476,0,0,0,FALSE,"holm"
8477,0,0,0,FALSE,"holm"
8478,1,0,0,FALSE,"holm"
8479,0,0,0,FALSE,"holm"
8480,0,0,0,FALSE,"holm"
8481,1,0,0,FALSE,"holm"
8482,0,0,0,FALSE,"holm"
8483,2,0,0,FALSE,"holm"
8484,3,0,0,FALSE,"holm"
8485,1,0,0,FALSE,"holm"
8486,0,0,0,FALSE,"holm"
8487,0,0,0,FALSE,"holm"
8488,1,0,0,FALSE,"holm"
8489,1,0,0,FALSE,"holm"
8490,1,0,0,FALSE,"holm"
8491,3,0,0,FALSE,"holm"
8492,0,0,0,FALSE,"holm"
8493,1,0,0,FALSE,"holm"
8494,1,0,0,FALSE,"holm"
8495,1,0,0,FALSE,"holm"
8496,0,0,0,FALSE,"holm"
8497,2,0,0,FALSE,"holm"
8498,0,0,0,FALSE,"holm"
8499,1,0,0,FALSE,"holm"
8500,2,0,0,FALSE,"holm"
8501,1,0,0,FALSE,"holm"
8502,0,0,0,FALSE,"holm"
8503,0,0,0,FALSE,"holm"
8504,2,0,0,FALSE,"holm"
8505,2,0,0,FALSE,"holm"
8506,0,0,0,FALSE,"holm"
8507,2,0,0,FALSE,"holm"
8508,1,0,0,FALSE,"holm"
8509,0,0,0,FALSE,"holm"
8510,1,0,0,FALSE,"holm"
8511,0,0,0,FALSE,"holm"
8512,1,0,0,FALSE,"holm"
8513,2,0,0,FALSE,"holm"
8514,2,0,0,FALSE,"holm"
8515,1,0,0,FALSE,"holm"
8516,1,0,0,FALSE,"holm"
8517,1,0,0,FALSE,"holm"
8518,1,0,0,FALSE,"holm"
8519,2,0,0,FALSE,"holm"
8520,1,0,0,FALSE,"holm"
8521,1,0,0,FALSE,"holm"
8522,1,0,0,FALSE,"holm"
8523,2,0,0,FALSE,"holm"
8524,2,0,0,FALSE,"holm"
8525,1,0,0,FALSE,"holm"
8526,2,0,0,FALSE,"holm"
8527,1,0,0,FALSE,"holm"
8528,1,0,0,FALSE,"holm"
8529,1,0,0,FALSE,"holm"
8530,0,0,0,FALSE,"holm"
8531,1,0,0,FALSE,"holm"
8532,0,0,0,FALSE,"holm"
8533,0,0,0,FALSE,"holm"
8534,1,0,0,FALSE,"holm"
8535,1,0,0,FALSE,"holm"
8536,1,0,0,FALSE,"holm"
8537,1,0,0,FALSE,"holm"
8538,1,0,0,FALSE,"holm"
8539,3,0,0,FALSE,"holm"
8540,0,0,0,FALSE,"holm"
8541,1,0,0,FALSE,"holm"
8542,0,0,0,FALSE,"holm"
8543,0,0,0,FALSE,"holm"
8544,0,0,0,FALSE,"holm"
8545,1,0,0,FALSE,"holm"
8546,2,0,0,FALSE,"holm"
8547,0,0,0,FALSE,"holm"
8548,2,1,0.5,TRUE,"holm"
8549,0,0,0,FALSE,"holm"
8550,1,0,0,FALSE,"holm"
8551,1,0,0,FALSE,"holm"
8552,1,0,0,FALSE,"holm"
8553,1,0,0,FALSE,"holm"
8554,2,0,0,FALSE,"holm"
8555,1,0,0,FALSE,"holm"
8556,0,0,0,FALSE,"holm"
8557,1,0,0,FALSE,"holm"
8558,1,0,0,FALSE,"holm"
8559,1,0,0,FALSE,"holm"
8560,3,0,0,FALSE,"holm"
8561,1,0,0,FALSE,"holm"
8562,3,0,0,FALSE,"holm"
8563,0,0,0,FALSE,"holm"
8564,1,0,0,FALSE,"holm"
8565,0,0,0,FALSE,"holm"
8566,2,0,0,FALSE,"holm"
8567,3,0,0,FALSE,"holm"
8568,1,0,0,FALSE,"holm"
8569,1,0,0,FALSE,"holm"
8570,1,0,0,FALSE,"holm"
8571,1,0,0,FALSE,"holm"
8572,0,0,0,FALSE,"holm"
8573,0,0,0,FALSE,"holm"
8574,0,0,0,FALSE,"holm"
8575,0,0,0,FALSE,"holm"
8576,1,0,0,FALSE,"holm"
8577,1,0,0,FALSE,"holm"
8578,1,0,0,FALSE,"holm"
8579,0,0,0,FALSE,"holm"
8580,2,0,0,FALSE,"holm"
8581,0,0,0,FALSE,"holm"
8582,0,0,0,FALSE,"holm"
8583,0,0,0,FALSE,"holm"
8584,0,0,0,FALSE,"holm"
8585,0,0,0,FALSE,"holm"
8586,0,0,0,FALSE,"holm"
8587,0,0,0,FALSE,"holm"
8588,1,1,1,TRUE,"holm"
8589,2,0,0,FALSE,"holm"
8590,1,0,0,FALSE,"holm"
8591,1,0,0,FALSE,"holm"
8592,0,0,0,FALSE,"holm"
8593,0,0,0,FALSE,"holm"
8594,2,0,0,FALSE,"holm"
8595,0,0,0,FALSE,"holm"
8596,1,0,0,FALSE,"holm"
8597,1,0,0,FALSE,"holm"
8598,1,0,0,FALSE,"holm"
8599,0,0,0,FALSE,"holm"
8600,1,0,0,FALSE,"holm"
8601,0,0,0,FALSE,"holm"
8602,0,0,0,FALSE,"holm"
8603,2,0,0,FALSE,"holm"
8604,1,0,0,FALSE,"holm"
8605,0,0,0,FALSE,"holm"
8606,1,0,0,FALSE,"holm"
8607,1,0,0,FALSE,"holm"
8608,0,0,0,FALSE,"holm"
8609,1,0,0,FALSE,"holm"
8610,1,0,0,FALSE,"holm"
8611,0,0,0,FALSE,"holm"
8612,1,0,0,FALSE,"holm"
8613,1,0,0,FALSE,"holm"
8614,0,0,0,FALSE,"holm"
8615,0,0,0,FALSE,"holm"
8616,0,0,0,FALSE,"holm"
8617,1,0,0,FALSE,"holm"
8618,2,0,0,FALSE,"holm"
8619,1,0,0,FALSE,"holm"
8620,0,0,0,FALSE,"holm"
8621,0,0,0,FALSE,"holm"
8622,0,0,0,FALSE,"holm"
8623,2,0,0,FALSE,"holm"
8624,0,0,0,FALSE,"holm"
8625,1,0,0,FALSE,"holm"
8626,1,0,0,FALSE,"holm"
8627,2,0,0,FALSE,"holm"
8628,4,1,0.25,TRUE,"holm"
8629,0,0,0,FALSE,"holm"
8630,2,0,0,FALSE,"holm"
8631,3,0,0,FALSE,"holm"
8632,0,0,0,FALSE,"holm"
8633,0,0,0,FALSE,"holm"
8634,2,0,0,FALSE,"holm"
8635,2,0,0,FALSE,"holm"
8636,1,0,0,FALSE,"holm"
8637,0,0,0,FALSE,"holm"
8638,1,0,0,FALSE,"holm"
8639,1,0,0,FALSE,"holm"
8640,1,0,0,FALSE,"holm"
8641,2,0,0,FALSE,"holm"
8642,1,0,0,FALSE,"holm"
8643,1,0,0,FALSE,"holm"
8644,1,0,0,FALSE,"holm"
8645,0,0,0,FALSE,"holm"
8646,2,0,0,FALSE,"holm"
8647,3,0,0,FALSE,"holm"
8648,3,0,0,FALSE,"holm"
8649,1,0,0,FALSE,"holm"
8650,1,0,0,FALSE,"holm"
8651,1,0,0,FALSE,"holm"
8652,0,0,0,FALSE,"holm"
8653,4,0,0,FALSE,"holm"
8654,0,0,0,FALSE,"holm"
8655,1,0,0,FALSE,"holm"
8656,2,0,0,FALSE,"holm"
8657,1,1,1,TRUE,"holm"
8658,1,0,0,FALSE,"holm"
8659,0,0,0,FALSE,"holm"
8660,1,0,0,FALSE,"holm"
8661,3,0,0,FALSE,"holm"
8662,0,0,0,FALSE,"holm"
8663,2,0,0,FALSE,"holm"
8664,0,0,0,FALSE,"holm"
8665,0,0,0,FALSE,"holm"
8666,0,0,0,FALSE,"holm"
8667,1,0,0,FALSE,"holm"
8668,0,0,0,FALSE,"holm"
8669,0,0,0,FALSE,"holm"
8670,3,0,0,FALSE,"holm"
8671,0,0,0,FALSE,"holm"
8672,1,0,0,FALSE,"holm"
8673,1,0,0,FALSE,"holm"
8674,0,0,0,FALSE,"holm"
8675,3,0,0,FALSE,"holm"
8676,3,0,0,FALSE,"holm"
8677,1,0,0,FALSE,"holm"
8678,0,0,0,FALSE,"holm"
8679,1,0,0,FALSE,"holm"
8680,0,0,0,FALSE,"holm"
8681,0,0,0,FALSE,"holm"
8682,1,0,0,FALSE,"holm"
8683,1,0,0,FALSE,"holm"
8684,1,0,0,FALSE,"holm"
8685,1,0,0,FALSE,"holm"
8686,3,0,0,FALSE,"holm"
8687,0,0,0,FALSE,"holm"
8688,3,0,0,FALSE,"holm"
8689,1,0,0,FALSE,"holm"
8690,1,0,0,FALSE,"holm"
8691,0,0,0,FALSE,"holm"
8692,2,0,0,FALSE,"holm"
8693,2,0,0,FALSE,"holm"
8694,1,0,0,FALSE,"holm"
8695,0,0,0,FALSE,"holm"
8696,0,0,0,FALSE,"holm"
8697,1,0,0,FALSE,"holm"
8698,1,0,0,FALSE,"holm"
8699,2,0,0,FALSE,"holm"
8700,1,0,0,FALSE,"holm"
8701,1,0,0,FALSE,"holm"
8702,1,0,0,FALSE,"holm"
8703,1,1,1,TRUE,"holm"
8704,0,0,0,FALSE,"holm"
8705,0,0,0,FALSE,"holm"
8706,2,0,0,FALSE,"holm"
8707,1,0,0,FALSE,"holm"
8708,1,0,0,FALSE,"holm"
8709,1,0,0,FALSE,"holm"
8710,3,0,0,FALSE,"holm"
8711,2,0,0,FALSE,"holm"
8712,0,0,0,FALSE,"holm"
8713,0,0,0,FALSE,"holm"
8714,1,0,0,FALSE,"holm"
8715,2,1,0.5,TRUE,"holm"
8716,2,0,0,FALSE,"holm"
8717,1,0,0,FALSE,"holm"
8718,2,0,0,FALSE,"holm"
8719,1,1,1,TRUE,"holm"
8720,0,0,0,FALSE,"holm"
8721,0,0,0,FALSE,"holm"
8722,1,0,0,FALSE,"holm"
8723,1,0,0,FALSE,"holm"
8724,0,0,0,FALSE,"holm"
8725,0,0,0,FALSE,"holm"
8726,1,0,0,FALSE,"holm"
8727,0,0,0,FALSE,"holm"
8728,1,0,0,FALSE,"holm"
8729,0,0,0,FALSE,"holm"
8730,2,0,0,FALSE,"holm"
8731,0,0,0,FALSE,"holm"
8732,1,0,0,FALSE,"holm"
8733,1,0,0,FALSE,"holm"
8734,0,0,0,FALSE,"holm"
8735,0,0,0,FALSE,"holm"
8736,0,0,0,FALSE,"holm"
8737,1,0,0,FALSE,"holm"
8738,0,0,0,FALSE,"holm"
8739,0,0,0,FALSE,"holm"
8740,0,0,0,FALSE,"holm"
8741,1,0,0,FALSE,"holm"
8742,0,0,0,FALSE,"holm"
8743,1,0,0,FALSE,"holm"
8744,2,0,0,FALSE,"holm"
8745,1,0,0,FALSE,"holm"
8746,2,0,0,FALSE,"holm"
8747,2,0,0,FALSE,"holm"
8748,0,0,0,FALSE,"holm"
8749,0,0,0,FALSE,"holm"
8750,1,0,0,FALSE,"holm"
8751,0,0,0,FALSE,"holm"
8752,1,0,0,FALSE,"holm"
8753,3,0,0,FALSE,"holm"
8754,2,0,0,FALSE,"holm"
8755,0,0,0,FALSE,"holm"
8756,1,0,0,FALSE,"holm"
8757,0,0,0,FALSE,"holm"
8758,0,0,0,FALSE,"holm"
8759,1,0,0,FALSE,"holm"
8760,1,0,0,FALSE,"holm"
8761,0,0,0,FALSE,"holm"
8762,2,0,0,FALSE,"holm"
8763,1,0,0,FALSE,"holm"
8764,2,0,0,FALSE,"holm"
8765,0,0,0,FALSE,"holm"
8766,1,0,0,FALSE,"holm"
8767,0,0,0,FALSE,"holm"
8768,0,0,0,FALSE,"holm"
8769,1,0,0,FALSE,"holm"
8770,3,0,0,FALSE,"holm"
8771,0,0,0,FALSE,"holm"
8772,0,0,0,FALSE,"holm"
8773,0,0,0,FALSE,"holm"
8774,1,0,0,FALSE,"holm"
8775,1,0,0,FALSE,"holm"
8776,2,0,0,FALSE,"holm"
8777,1,0,0,FALSE,"holm"
8778,0,0,0,FALSE,"holm"
8779,0,0,0,FALSE,"holm"
8780,0,0,0,FALSE,"holm"
8781,0,0,0,FALSE,"holm"
8782,1,0,0,FALSE,"holm"
8783,1,0,0,FALSE,"holm"
8784,0,0,0,FALSE,"holm"
8785,0,0,0,FALSE,"holm"
8786,1,0,0,FALSE,"holm"
8787,3,1,0.333333333333333,TRUE,"holm"
8788,0,0,0,FALSE,"holm"
8789,2,0,0,FALSE,"holm"
8790,1,0,0,FALSE,"holm"
8791,1,0,0,FALSE,"holm"
8792,0,0,0,FALSE,"holm"
8793,0,0,0,FALSE,"holm"
8794,0,0,0,FALSE,"holm"
8795,0,0,0,FALSE,"holm"
8796,0,0,0,FALSE,"holm"
8797,1,0,0,FALSE,"holm"
8798,0,0,0,FALSE,"holm"
8799,1,0,0,FALSE,"holm"
8800,1,0,0,FALSE,"holm"
8801,1,0,0,FALSE,"holm"
8802,1,0,0,FALSE,"holm"
8803,1,0,0,FALSE,"holm"
8804,0,0,0,FALSE,"holm"
8805,0,0,0,FALSE,"holm"
8806,1,0,0,FALSE,"holm"
8807,1,0,0,FALSE,"holm"
8808,1,0,0,FALSE,"holm"
8809,0,0,0,FALSE,"holm"
8810,0,0,0,FALSE,"holm"
8811,1,0,0,FALSE,"holm"
8812,0,0,0,FALSE,"holm"
8813,2,0,0,FALSE,"holm"
8814,2,0,0,FALSE,"holm"
8815,3,0,0,FALSE,"holm"
8816,0,0,0,FALSE,"holm"
8817,0,0,0,FALSE,"holm"
8818,1,0,0,FALSE,"holm"
8819,3,0,0,FALSE,"holm"
8820,0,0,0,FALSE,"holm"
8821,1,0,0,FALSE,"holm"
8822,1,0,0,FALSE,"holm"
8823,1,0,0,FALSE,"holm"
8824,3,0,0,FALSE,"holm"
8825,1,1,1,TRUE,"holm"
8826,0,0,0,FALSE,"holm"
8827,0,0,0,FALSE,"holm"
8828,0,0,0,FALSE,"holm"
8829,2,0,0,FALSE,"holm"
8830,0,0,0,FALSE,"holm"
8831,1,0,0,FALSE,"holm"
8832,1,0,0,FALSE,"holm"
8833,0,0,0,FALSE,"holm"
8834,0,0,0,FALSE,"holm"
8835,1,0,0,FALSE,"holm"
8836,0,0,0,FALSE,"holm"
8837,1,0,0,FALSE,"holm"
8838,1,0,0,FALSE,"holm"
8839,0,0,0,FALSE,"holm"
8840,0,0,0,FALSE,"holm"
8841,0,0,0,FALSE,"holm"
8842,1,0,0,FALSE,"holm"
8843,1,0,0,FALSE,"holm"
8844,2,0,0,FALSE,"holm"
8845,1,0,0,FALSE,"holm"
8846,1,0,0,FALSE,"holm"
8847,0,0,0,FALSE,"holm"
8848,2,0,0,FALSE,"holm"
8849,1,0,0,FALSE,"holm"
8850,2,0,0,FALSE,"holm"
8851,1,0,0,FALSE,"holm"
8852,0,0,0,FALSE,"holm"
8853,0,0,0,FALSE,"holm"
8854,2,0,0,FALSE,"holm"
8855,1,0,0,FALSE,"holm"
8856,1,0,0,FALSE,"holm"
8857,1,0,0,FALSE,"holm"
8858,0,0,0,FALSE,"holm"
8859,1,0,0,FALSE,"holm"
8860,1,0,0,FALSE,"holm"
8861,1,0,0,FALSE,"holm"
8862,1,0,0,FALSE,"holm"
8863,1,0,0,FALSE,"holm"
8864,0,0,0,FALSE,"holm"
8865,1,0,0,FALSE,"holm"
8866,1,0,0,FALSE,"holm"
8867,2,0,0,FALSE,"holm"
8868,2,0,0,FALSE,"holm"
8869,1,0,0,FALSE,"holm"
8870,1,0,0,FALSE,"holm"
8871,1,0,0,FALSE,"holm"
8872,1,0,0,FALSE,"holm"
8873,0,0,0,FALSE,"holm"
8874,0,0,0,FALSE,"holm"
8875,1,0,0,FALSE,"holm"
8876,0,0,0,FALSE,"holm"
8877,0,0,0,FALSE,"holm"
8878,0,0,0,FALSE,"holm"
8879,1,0,0,FALSE,"holm"
8880,0,0,0,FALSE,"holm"
8881,1,0,0,FALSE,"holm"
8882,2,0,0,FALSE,"holm"
8883,2,0,0,FALSE,"holm"
8884,1,0,0,FALSE,"holm"
8885,2,0,0,FALSE,"holm"
8886,0,0,0,FALSE,"holm"
8887,0,0,0,FALSE,"holm"
8888,1,0,0,FALSE,"holm"
8889,1,0,0,FALSE,"holm"
8890,0,0,0,FALSE,"holm"
8891,0,0,0,FALSE,"holm"
8892,1,0,0,FALSE,"holm"
8893,1,0,0,FALSE,"holm"
8894,1,0,0,FALSE,"holm"
8895,2,0,0,FALSE,"holm"
8896,1,0,0,FALSE,"holm"
8897,1,0,0,FALSE,"holm"
8898,1,0,0,FALSE,"holm"
8899,1,0,0,FALSE,"holm"
8900,0,0,0,FALSE,"holm"
8901,1,0,0,FALSE,"holm"
8902,2,0,0,FALSE,"holm"
8903,1,0,0,FALSE,"holm"
8904,1,0,0,FALSE,"holm"
8905,1,0,0,FALSE,"holm"
8906,0,0,0,FALSE,"holm"
8907,1,0,0,FALSE,"holm"
8908,1,0,0,FALSE,"holm"
8909,2,0,0,FALSE,"holm"
8910,0,0,0,FALSE,"holm"
8911,1,0,0,FALSE,"holm"
8912,0,0,0,FALSE,"holm"
8913,1,0,0,FALSE,"holm"
8914,2,0,0,FALSE,"holm"
8915,0,0,0,FALSE,"holm"
8916,0,0,0,FALSE,"holm"
8917,1,0,0,FALSE,"holm"
8918,0,0,0,FALSE,"holm"
8919,3,0,0,FALSE,"holm"
8920,1,0,0,FALSE,"holm"
8921,0,0,0,FALSE,"holm"
8922,2,0,0,FALSE,"holm"
8923,1,0,0,FALSE,"holm"
8924,1,0,0,FALSE,"holm"
8925,2,0,0,FALSE,"holm"
8926,1,1,1,TRUE,"holm"
8927,2,0,0,FALSE,"holm"
8928,0,0,0,FALSE,"holm"
8929,1,0,0,FALSE,"holm"
8930,2,0,0,FALSE,"holm"
8931,1,0,0,FALSE,"holm"
8932,1,0,0,FALSE,"holm"
8933,0,0,0,FALSE,"holm"
8934,1,0,0,FALSE,"holm"
8935,2,0,0,FALSE,"holm"
8936,0,0,0,FALSE,"holm"
8937,0,0,0,FALSE,"holm"
8938,2,0,0,FALSE,"holm"
8939,1,0,0,FALSE,"holm"
8940,1,0,0,FALSE,"holm"
8941,0,0,0,FALSE,"holm"
8942,1,0,0,FALSE,"holm"
8943,1,0,0,FALSE,"holm"
8944,2,1,0.5,TRUE,"holm"
8945,0,0,0,FALSE,"holm"
8946,0,0,0,FALSE,"holm"
8947,1,0,0,FALSE,"holm"
8948,1,0,0,FALSE,"holm"
8949,1,0,0,FALSE,"holm"
8950,0,0,0,FALSE,"holm"
8951,0,0,0,FALSE,"holm"
8952,1,0,0,FALSE,"holm"
8953,0,0,0,FALSE,"holm"
8954,0,0,0,FALSE,"holm"
8955,0,0,0,FALSE,"holm"
8956,0,0,0,FALSE,"holm"
8957,2,1,0.5,TRUE,"holm"
8958,0,0,0,FALSE,"holm"
8959,0,0,0,FALSE,"holm"
8960,1,0,0,FALSE,"holm"
8961,1,0,0,FALSE,"holm"
8962,0,0,0,FALSE,"holm"
8963,1,0,0,FALSE,"holm"
8964,1,0,0,FALSE,"holm"
8965,0,0,0,FALSE,"holm"
8966,0,0,0,FALSE,"holm"
8967,3,0,0,FALSE,"holm"
8968,1,0,0,FALSE,"holm"
8969,1,0,0,FALSE,"holm"
8970,0,0,0,FALSE,"holm"
8971,0,0,0,FALSE,"holm"
8972,2,0,0,FALSE,"holm"
8973,0,0,0,FALSE,"holm"
8974,1,0,0,FALSE,"holm"
8975,0,0,0,FALSE,"holm"
8976,1,0,0,FALSE,"holm"
8977,0,0,0,FALSE,"holm"
8978,1,0,0,FALSE,"holm"
8979,0,0,0,FALSE,"holm"
8980,0,0,0,FALSE,"holm"
8981,1,0,0,FALSE,"holm"
8982,1,0,0,FALSE,"holm"
8983,1,0,0,FALSE,"holm"
8984,0,0,0,FALSE,"holm"
8985,1,0,0,FALSE,"holm"
8986,0,0,0,FALSE,"holm"
8987,1,0,0,FALSE,"holm"
8988,1,0,0,FALSE,"holm"
8989,1,0,0,FALSE,"holm"
8990,1,0,0,FALSE,"holm"
8991,1,0,0,FALSE,"holm"
8992,0,0,0,FALSE,"holm"
8993,1,0,0,FALSE,"holm"
8994,0,0,0,FALSE,"holm"
8995,2,0,0,FALSE,"holm"
8996,0,0,0,FALSE,"holm"
8997,0,0,0,FALSE,"holm"
8998,2,0,0,FALSE,"holm"
8999,1,0,0,FALSE,"holm"
9000,2,0,0,FALSE,"holm"
9001,2,1,0.5,TRUE,"holm"
9002,0,0,0,FALSE,"holm"
9003,0,0,0,FALSE,"holm"
9004,1,0,0,FALSE,"holm"
9005,0,0,0,FALSE,"holm"
9006,0,0,0,FALSE,"holm"
9007,0,0,0,FALSE,"holm"
9008,0,0,0,FALSE,"holm"
9009,1,0,0,FALSE,"holm"
9010,3,1,0.333333333333333,TRUE,"holm"
9011,1,0,0,FALSE,"holm"
9012,2,0,0,FALSE,"holm"
9013,1,0,0,FALSE,"holm"
9014,0,0,0,FALSE,"holm"
9015,0,0,0,FALSE,"holm"
9016,1,0,0,FALSE,"holm"
9017,0,0,0,FALSE,"holm"
9018,0,0,0,FALSE,"holm"
9019,0,0,0,FALSE,"holm"
9020,1,0,0,FALSE,"holm"
9021,1,0,0,FALSE,"holm"
9022,4,2,0.5,TRUE,"holm"
9023,3,0,0,FALSE,"holm"
9024,2,0,0,FALSE,"holm"
9025,2,0,0,FALSE,"holm"
9026,0,0,0,FALSE,"holm"
9027,1,0,0,FALSE,"holm"
9028,0,0,0,FALSE,"holm"
9029,1,0,0,FALSE,"holm"
9030,1,1,1,TRUE,"holm"
9031,3,0,0,FALSE,"holm"
9032,1,0,0,FALSE,"holm"
9033,1,0,0,FALSE,"holm"
9034,0,0,0,FALSE,"holm"
9035,1,0,0,FALSE,"holm"
9036,1,0,0,FALSE,"holm"
9037,0,0,0,FALSE,"holm"
9038,0,0,0,FALSE,"holm"
9039,0,0,0,FALSE,"holm"
9040,2,0,0,FALSE,"holm"
9041,1,0,0,FALSE,"holm"
9042,1,0,0,FALSE,"holm"
9043,0,0,0,FALSE,"holm"
9044,1,0,0,FALSE,"holm"
9045,1,1,1,TRUE,"holm"
9046,1,0,0,FALSE,"holm"
9047,1,0,0,FALSE,"holm"
9048,1,0,0,FALSE,"holm"
9049,2,0,0,FALSE,"holm"
9050,0,0,0,FALSE,"holm"
9051,1,0,0,FALSE,"holm"
9052,0,0,0,FALSE,"holm"
9053,1,0,0,FALSE,"holm"
9054,1,0,0,FALSE,"holm"
9055,0,0,0,FALSE,"holm"
9056,0,0,0,FALSE,"holm"
9057,1,0,0,FALSE,"holm"
9058,2,0,0,FALSE,"holm"
9059,1,0,0,FALSE,"holm"
9060,0,0,0,FALSE,"holm"
9061,1,1,1,TRUE,"holm"
9062,1,0,0,FALSE,"holm"
9063,3,0,0,FALSE,"holm"
9064,0,0,0,FALSE,"holm"
9065,1,0,0,FALSE,"holm"
9066,0,0,0,FALSE,"holm"
9067,1,0,0,FALSE,"holm"
9068,2,0,0,FALSE,"holm"
9069,1,0,0,FALSE,"holm"
9070,2,0,0,FALSE,"holm"
9071,0,0,0,FALSE,"holm"
9072,0,0,0,FALSE,"holm"
9073,0,0,0,FALSE,"holm"
9074,2,0,0,FALSE,"holm"
9075,1,0,0,FALSE,"holm"
9076,0,0,0,FALSE,"holm"
9077,2,0,0,FALSE,"holm"
9078,0,0,0,FALSE,"holm"
9079,1,0,0,FALSE,"holm"
9080,1,0,0,FALSE,"holm"
9081,0,0,0,FALSE,"holm"
9082,1,0,0,FALSE,"holm"
9083,1,0,0,FALSE,"holm"
9084,0,0,0,FALSE,"holm"
9085,1,0,0,FALSE,"holm"
9086,0,0,0,FALSE,"holm"
9087,1,0,0,FALSE,"holm"
9088,0,0,0,FALSE,"holm"
9089,1,0,0,FALSE,"holm"
9090,1,0,0,FALSE,"holm"
9091,2,0,0,FALSE,"holm"
9092,2,0,0,FALSE,"holm"
9093,0,0,0,FALSE,"holm"
9094,1,0,0,FALSE,"holm"
9095,1,0,0,FALSE,"holm"
9096,0,0,0,FALSE,"holm"
9097,1,0,0,FALSE,"holm"
9098,2,0,0,FALSE,"holm"
9099,1,0,0,FALSE,"holm"
9100,2,0,0,FALSE,"holm"
9101,0,0,0,FALSE,"holm"
9102,1,0,0,FALSE,"holm"
9103,3,0,0,FALSE,"holm"
9104,1,0,0,FALSE,"holm"
9105,2,0,0,FALSE,"holm"
9106,0,0,0,FALSE,"holm"
9107,0,0,0,FALSE,"holm"
9108,1,0,0,FALSE,"holm"
9109,1,0,0,FALSE,"holm"
9110,1,0,0,FALSE,"holm"
9111,1,0,0,FALSE,"holm"
9112,1,0,0,FALSE,"holm"
9113,0,0,0,FALSE,"holm"
9114,1,0,0,FALSE,"holm"
9115,0,0,0,FALSE,"holm"
9116,0,0,0,FALSE,"holm"
9117,1,0,0,FALSE,"holm"
9118,1,0,0,FALSE,"holm"
9119,2,0,0,FALSE,"holm"
9120,0,0,0,FALSE,"holm"
9121,0,0,0,FALSE,"holm"
9122,0,0,0,FALSE,"holm"
9123,1,0,0,FALSE,"holm"
9124,2,0,0,FALSE,"holm"
9125,0,0,0,FALSE,"holm"
9126,0,0,0,FALSE,"holm"
9127,1,0,0,FALSE,"holm"
9128,0,0,0,FALSE,"holm"
9129,0,0,0,FALSE,"holm"
9130,1,0,0,FALSE,"holm"
9131,1,0,0,FALSE,"holm"
9132,1,0,0,FALSE,"holm"
9133,0,0,0,FALSE,"holm"
9134,0,0,0,FALSE,"holm"
9135,1,0,0,FALSE,"holm"
9136,1,0,0,FALSE,"holm"
9137,3,1,0.333333333333333,TRUE,"holm"
9138,1,0,0,FALSE,"holm"
9139,0,0,0,FALSE,"holm"
9140,0,0,0,FALSE,"holm"
9141,1,0,0,FALSE,"holm"
9142,2,0,0,FALSE,"holm"
9143,1,0,0,FALSE,"holm"
9144,0,0,0,FALSE,"holm"
9145,1,0,0,FALSE,"holm"
9146,1,0,0,FALSE,"holm"
9147,1,1,1,TRUE,"holm"
9148,0,0,0,FALSE,"holm"
9149,0,0,0,FALSE,"holm"
9150,1,0,0,FALSE,"holm"
9151,1,0,0,FALSE,"holm"
9152,0,0,0,FALSE,"holm"
9153,0,0,0,FALSE,"holm"
9154,2,1,0.5,TRUE,"holm"
9155,0,0,0,FALSE,"holm"
9156,0,0,0,FALSE,"holm"
9157,0,0,0,FALSE,"holm"
9158,0,0,0,FALSE,"holm"
9159,0,0,0,FALSE,"holm"
9160,1,0,0,FALSE,"holm"
9161,0,0,0,FALSE,"holm"
9162,0,0,0,FALSE,"holm"
9163,1,0,0,FALSE,"holm"
9164,1,0,0,FALSE,"holm"
9165,2,0,0,FALSE,"holm"
9166,1,0,0,FALSE,"holm"
9167,0,0,0,FALSE,"holm"
9168,2,1,0.5,TRUE,"holm"
9169,0,0,0,FALSE,"holm"
9170,1,0,0,FALSE,"holm"
9171,0,0,0,FALSE,"holm"
9172,1,0,0,FALSE,"holm"
9173,1,0,0,FALSE,"holm"
9174,0,0,0,FALSE,"holm"
9175,2,0,0,FALSE,"holm"
9176,0,0,0,FALSE,"holm"
9177,1,0,0,FALSE,"holm"
9178,1,0,0,FALSE,"holm"
9179,0,0,0,FALSE,"holm"
9180,2,0,0,FALSE,"holm"
9181,1,0,0,FALSE,"holm"
9182,0,0,0,FALSE,"holm"
9183,1,0,0,FALSE,"holm"
9184,1,0,0,FALSE,"holm"
9185,0,0,0,FALSE,"holm"
9186,1,0,0,FALSE,"holm"
9187,0,0,0,FALSE,"holm"
9188,0,0,0,FALSE,"holm"
9189,2,0,0,FALSE,"holm"
9190,1,0,0,FALSE,"holm"
9191,0,0,0,FALSE,"holm"
9192,2,0,0,FALSE,"holm"
9193,1,0,0,FALSE,"holm"
9194,3,1,0.333333333333333,TRUE,"holm"
9195,1,0,0,FALSE,"holm"
9196,1,0,0,FALSE,"holm"
9197,2,0,0,FALSE,"holm"
9198,0,0,0,FALSE,"holm"
9199,1,0,0,FALSE,"holm"
9200,0,0,0,FALSE,"holm"
9201,1,0,0,FALSE,"holm"
9202,2,0,0,FALSE,"holm"
9203,0,0,0,FALSE,"holm"
9204,1,0,0,FALSE,"holm"
9205,1,1,1,TRUE,"holm"
9206,2,0,0,FALSE,"holm"
9207,0,0,0,FALSE,"holm"
9208,1,0,0,FALSE,"holm"
9209,1,0,0,FALSE,"holm"
9210,1,0,0,FALSE,"holm"
9211,0,0,0,FALSE,"holm"
9212,2,0,0,FALSE,"holm"
9213,1,0,0,FALSE,"holm"
9214,1,0,0,FALSE,"holm"
9215,4,0,0,FALSE,"holm"
9216,1,0,0,FALSE,"holm"
9217,0,0,0,FALSE,"holm"
9218,1,0,0,FALSE,"holm"
9219,1,0,0,FALSE,"holm"
9220,1,0,0,FALSE,"holm"
9221,0,0,0,FALSE,"holm"
9222,1,0,0,FALSE,"holm"
9223,2,0,0,FALSE,"holm"
9224,1,0,0,FALSE,"holm"
9225,2,0,0,FALSE,"holm"
9226,0,0,0,FALSE,"holm"
9227,1,0,0,FALSE,"holm"
9228,1,0,0,FALSE,"holm"
9229,0,0,0,FALSE,"holm"
9230,1,0,0,FALSE,"holm"
9231,1,0,0,FALSE,"holm"
9232,1,0,0,FALSE,"holm"
9233,3,0,0,FALSE,"holm"
9234,1,1,1,TRUE,"holm"
9235,0,0,0,FALSE,"holm"
9236,1,0,0,FALSE,"holm"
9237,3,0,0,FALSE,"holm"
9238,1,0,0,FALSE,"holm"
9239,2,0,0,FALSE,"holm"
9240,0,0,0,FALSE,"holm"
9241,0,0,0,FALSE,"holm"
9242,1,0,0,FALSE,"holm"
9243,1,0,0,FALSE,"holm"
9244,1,0,0,FALSE,"holm"
9245,1,0,0,FALSE,"holm"
9246,3,0,0,FALSE,"holm"
9247,0,0,0,FALSE,"holm"
9248,1,0,0,FALSE,"holm"
9249,0,0,0,FALSE,"holm"
9250,1,0,0,FALSE,"holm"
9251,2,0,0,FALSE,"holm"
9252,1,0,0,FALSE,"holm"
9253,1,0,0,FALSE,"holm"
9254,0,0,0,FALSE,"holm"
9255,2,0,0,FALSE,"holm"
9256,1,0,0,FALSE,"holm"
9257,3,0,0,FALSE,"holm"
9258,0,0,0,FALSE,"holm"
9259,1,0,0,FALSE,"holm"
9260,0,0,0,FALSE,"holm"
9261,0,0,0,FALSE,"holm"
9262,1,0,0,FALSE,"holm"
9263,1,0,0,FALSE,"holm"
9264,1,0,0,FALSE,"holm"
9265,0,0,0,FALSE,"holm"
9266,1,0,0,FALSE,"holm"
9267,2,0,0,FALSE,"holm"
9268,0,0,0,FALSE,"holm"
9269,1,0,0,FALSE,"holm"
9270,0,0,0,FALSE,"holm"
9271,0,0,0,FALSE,"holm"
9272,2,1,0.5,TRUE,"holm"
9273,0,0,0,FALSE,"holm"
9274,1,0,0,FALSE,"holm"
9275,1,0,0,FALSE,"holm"
9276,1,0,0,FALSE,"holm"
9277,1,0,0,FALSE,"holm"
9278,1,0,0,FALSE,"holm"
9279,2,0,0,FALSE,"holm"
9280,2,0,0,FALSE,"holm"
9281,2,0,0,FALSE,"holm"
9282,3,0,0,FALSE,"holm"
9283,1,0,0,FALSE,"holm"
9284,0,0,0,FALSE,"holm"
9285,1,0,0,FALSE,"holm"
9286,1,0,0,FALSE,"holm"
9287,1,0,0,FALSE,"holm"
9288,2,0,0,FALSE,"holm"
9289,0,0,0,FALSE,"holm"
9290,0,0,0,FALSE,"holm"
9291,2,0,0,FALSE,"holm"
9292,0,0,0,FALSE,"holm"
9293,1,0,0,FALSE,"holm"
9294,1,0,0,FALSE,"holm"
9295,0,0,0,FALSE,"holm"
9296,1,0,0,FALSE,"holm"
9297,3,0,0,FALSE,"holm"
9298,1,0,0,FALSE,"holm"
9299,0,0,0,FALSE,"holm"
9300,1,0,0,FALSE,"holm"
9301,0,0,0,FALSE,"holm"
9302,1,0,0,FALSE,"holm"
9303,1,0,0,FALSE,"holm"
9304,1,0,0,FALSE,"holm"
9305,2,0,0,FALSE,"holm"
9306,2,1,0.5,TRUE,"holm"
9307,2,0,0,FALSE,"holm"
9308,1,0,0,FALSE,"holm"
9309,2,0,0,FALSE,"holm"
9310,0,0,0,FALSE,"holm"
9311,1,0,0,FALSE,"holm"
9312,3,0,0,FALSE,"holm"
9313,1,0,0,FALSE,"holm"
9314,1,0,0,FALSE,"holm"
9315,2,0,0,FALSE,"holm"
9316,0,0,0,FALSE,"holm"
9317,1,1,1,TRUE,"holm"
9318,1,0,0,FALSE,"holm"
9319,1,0,0,FALSE,"holm"
9320,0,0,0,FALSE,"holm"
9321,1,0,0,FALSE,"holm"
9322,1,0,0,FALSE,"holm"
9323,0,0,0,FALSE,"holm"
9324,1,0,0,FALSE,"holm"
9325,0,0,0,FALSE,"holm"
9326,1,0,0,FALSE,"holm"
9327,2,0,0,FALSE,"holm"
9328,1,1,1,TRUE,"holm"
9329,0,0,0,FALSE,"holm"
9330,0,0,0,FALSE,"holm"
9331,0,0,0,FALSE,"holm"
9332,2,0,0,FALSE,"holm"
9333,0,0,0,FALSE,"holm"
9334,1,0,0,FALSE,"holm"
9335,3,0,0,FALSE,"holm"
9336,1,0,0,FALSE,"holm"
9337,0,0,0,FALSE,"holm"
9338,0,0,0,FALSE,"holm"
9339,2,0,0,FALSE,"holm"
9340,1,0,0,FALSE,"holm"
9341,1,0,0,FALSE,"holm"
9342,0,0,0,FALSE,"holm"
9343,0,0,0,FALSE,"holm"
9344,0,0,0,FALSE,"holm"
9345,2,0,0,FALSE,"holm"
9346,0,0,0,FALSE,"holm"
9347,1,0,0,FALSE,"holm"
9348,1,0,0,FALSE,"holm"
9349,1,0,0,FALSE,"holm"
9350,1,0,0,FALSE,"holm"
9351,2,0,0,FALSE,"holm"
9352,1,0,0,FALSE,"holm"
9353,1,0,0,FALSE,"holm"
9354,1,0,0,FALSE,"holm"
9355,2,0,0,FALSE,"holm"
9356,1,0,0,FALSE,"holm"
9357,2,0,0,FALSE,"holm"
9358,0,0,0,FALSE,"holm"
9359,1,0,0,FALSE,"holm"
9360,0,0,0,FALSE,"holm"
9361,1,0,0,FALSE,"holm"
9362,2,0,0,FALSE,"holm"
9363,2,0,0,FALSE,"holm"
9364,0,0,0,FALSE,"holm"
9365,0,0,0,FALSE,"holm"
9366,1,0,0,FALSE,"holm"
9367,2,0,0,FALSE,"holm"
9368,1,0,0,FALSE,"holm"
9369,2,0,0,FALSE,"holm"
9370,2,0,0,FALSE,"holm"
9371,0,0,0,FALSE,"holm"
9372,0,0,0,FALSE,"holm"
9373,0,0,0,FALSE,"holm"
9374,1,0,0,FALSE,"holm"
9375,3,0,0,FALSE,"holm"
9376,0,0,0,FALSE,"holm"
9377,0,0,0,FALSE,"holm"
9378,2,0,0,FALSE,"holm"
9379,1,0,0,FALSE,"holm"
9380,0,0,0,FALSE,"holm"
9381,2,0,0,FALSE,"holm"
9382,2,0,0,FALSE,"holm"
9383,1,0,0,FALSE,"holm"
9384,0,0,0,FALSE,"holm"
9385,1,0,0,FALSE,"holm"
9386,2,0,0,FALSE,"holm"
9387,0,0,0,FALSE,"holm"
9388,0,0,0,FALSE,"holm"
9389,3,0,0,FALSE,"holm"
9390,1,0,0,FALSE,"holm"
9391,2,0,0,FALSE,"holm"
9392,2,0,0,FALSE,"holm"
9393,0,0,0,FALSE,"holm"
9394,1,0,0,FALSE,"holm"
9395,0,0,0,FALSE,"holm"
9396,1,0,0,FALSE,"holm"
9397,0,0,0,FALSE,"holm"
9398,1,1,1,TRUE,"holm"
9399,1,0,0,FALSE,"holm"
9400,1,0,0,FALSE,"holm"
9401,1,0,0,FALSE,"holm"
9402,0,0,0,FALSE,"holm"
9403,0,0,0,FALSE,"holm"
9404,0,0,0,FALSE,"holm"
9405,4,0,0,FALSE,"holm"
9406,1,0,0,FALSE,"holm"
9407,0,0,0,FALSE,"holm"
9408,1,1,1,TRUE,"holm"
9409,1,1,1,TRUE,"holm"
9410,1,0,0,FALSE,"holm"
9411,1,0,0,FALSE,"holm"
9412,0,0,0,FALSE,"holm"
9413,1,0,0,FALSE,"holm"
9414,2,0,0,FALSE,"holm"
9415,2,0,0,FALSE,"holm"
9416,0,0,0,FALSE,"holm"
9417,1,0,0,FALSE,"holm"
9418,1,0,0,FALSE,"holm"
9419,0,0,0,FALSE,"holm"
9420,2,0,0,FALSE,"holm"
9421,1,0,0,FALSE,"holm"
9422,2,0,0,FALSE,"holm"
9423,2,0,0,FALSE,"holm"
9424,0,0,0,FALSE,"holm"
9425,0,0,0,FALSE,"holm"
9426,0,0,0,FALSE,"holm"
9427,1,0,0,FALSE,"holm"
9428,0,0,0,FALSE,"holm"
9429,1,1,1,TRUE,"holm"
9430,1,0,0,FALSE,"holm"
9431,2,0,0,FALSE,"holm"
9432,1,0,0,FALSE,"holm"
9433,2,0,0,FALSE,"holm"
9434,0,0,0,FALSE,"holm"
9435,1,0,0,FALSE,"holm"
9436,0,0,0,FALSE,"holm"
9437,0,0,0,FALSE,"holm"
9438,1,0,0,FALSE,"holm"
9439,1,0,0,FALSE,"holm"
9440,1,0,0,FALSE,"holm"
9441,0,0,0,FALSE,"holm"
9442,1,0,0,FALSE,"holm"
9443,0,0,0,FALSE,"holm"
9444,0,0,0,FALSE,"holm"
9445,1,0,0,FALSE,"holm"
9446,0,0,0,FALSE,"holm"
9447,1,0,0,FALSE,"holm"
9448,0,0,0,FALSE,"holm"
9449,2,0,0,FALSE,"holm"
9450,0,0,0,FALSE,"holm"
9451,0,0,0,FALSE,"holm"
9452,1,0,0,FALSE,"holm"
9453,1,0,0,FALSE,"holm"
9454,1,0,0,FALSE,"holm"
9455,0,0,0,FALSE,"holm"
9456,1,0,0,FALSE,"holm"
9457,0,0,0,FALSE,"holm"
9458,2,0,0,FALSE,"holm"
9459,2,0,0,FALSE,"holm"
9460,2,0,0,FALSE,"holm"
9461,0,0,0,FALSE,"holm"
9462,2,0,0,FALSE,"holm"
9463,1,0,0,FALSE,"holm"
9464,2,0,0,FALSE,"holm"
9465,0,0,0,FALSE,"holm"
9466,0,0,0,FALSE,"holm"
9467,0,0,0,FALSE,"holm"
9468,0,0,0,FALSE,"holm"
9469,2,0,0,FALSE,"holm"
9470,0,0,0,FALSE,"holm"
9471,0,0,0,FALSE,"holm"
9472,1,0,0,FALSE,"holm"
9473,1,0,0,FALSE,"holm"
9474,3,0,0,FALSE,"holm"
9475,0,0,0,FALSE,"holm"
9476,0,0,0,FALSE,"holm"
9477,0,0,0,FALSE,"holm"
9478,2,1,0.5,TRUE,"holm"
9479,0,0,0,FALSE,"holm"
9480,1,0,0,FALSE,"holm"
9481,1,0,0,FALSE,"holm"
9482,0,0,0,FALSE,"holm"
9483,1,0,0,FALSE,"holm"
9484,2,1,0.5,TRUE,"holm"
9485,2,0,0,FALSE,"holm"
9486,0,0,0,FALSE,"holm"
9487,1,0,0,FALSE,"holm"
9488,0,0,0,FALSE,"holm"
9489,0,0,0,FALSE,"holm"
9490,0,0,0,FALSE,"holm"
9491,1,0,0,FALSE,"holm"
9492,0,0,0,FALSE,"holm"
9493,1,0,0,FALSE,"holm"
9494,0,0,0,FALSE,"holm"
9495,1,0,0,FALSE,"holm"
9496,3,0,0,FALSE,"holm"
9497,0,0,0,FALSE,"holm"
9498,3,0,0,FALSE,"holm"
9499,0,0,0,FALSE,"holm"
9500,1,0,0,FALSE,"holm"
9501,0,0,0,FALSE,"holm"
9502,1,0,0,FALSE,"holm"
9503,0,0,0,FALSE,"holm"
9504,1,0,0,FALSE,"holm"
9505,1,0,0,FALSE,"holm"
9506,2,0,0,FALSE,"holm"
9507,1,0,0,FALSE,"holm"
9508,0,0,0,FALSE,"holm"
9509,0,0,0,FALSE,"holm"
9510,1,0,0,FALSE,"holm"
9511,1,0,0,FALSE,"holm"
9512,0,0,0,FALSE,"holm"
9513,0,0,0,FALSE,"holm"
9514,2,0,0,FALSE,"holm"
9515,1,0,0,FALSE,"holm"
9516,2,0,0,FALSE,"holm"
9517,1,0,0,FALSE,"holm"
9518,2,0,0,FALSE,"holm"
9519,0,0,0,FALSE,"holm"
9520,0,0,0,FALSE,"holm"
9521,1,0,0,FALSE,"holm"
9522,0,0,0,FALSE,"holm"
9523,1,0,0,FALSE,"holm"
9524,0,0,0,FALSE,"holm"
9525,0,0,0,FALSE,"holm"
9526,0,0,0,FALSE,"holm"
9527,0,0,0,FALSE,"holm"
9528,0,0,0,FALSE,"holm"
9529,1,0,0,FALSE,"holm"
9530,0,0,0,FALSE,"holm"
9531,1,1,1,TRUE,"holm"
9532,1,0,0,FALSE,"holm"
9533,1,0,0,FALSE,"holm"
9534,1,0,0,FALSE,"holm"
9535,1,0,0,FALSE,"holm"
9536,0,0,0,FALSE,"holm"
9537,1,0,0,FALSE,"holm"
9538,2,0,0,FALSE,"holm"
9539,1,0,0,FALSE,"holm"
9540,2,0,0,FALSE,"holm"
9541,0,0,0,FALSE,"holm"
9542,2,0,0,FALSE,"holm"
9543,0,0,0,FALSE,"holm"
9544,0,0,0,FALSE,"holm"
9545,0,0,0,FALSE,"holm"
9546,0,0,0,FALSE,"holm"
9547,2,0,0,FALSE,"holm"
9548,0,0,0,FALSE,"holm"
9549,0,0,0,FALSE,"holm"
9550,0,0,0,FALSE,"holm"
9551,0,0,0,FALSE,"holm"
9552,0,0,0,FALSE,"holm"
9553,0,0,0,FALSE,"holm"
9554,1,0,0,FALSE,"holm"
9555,1,0,0,FALSE,"holm"
9556,1,0,0,FALSE,"holm"
9557,0,0,0,FALSE,"holm"
9558,1,0,0,FALSE,"holm"
9559,1,0,0,FALSE,"holm"
9560,1,0,0,FALSE,"holm"
9561,1,0,0,FALSE,"holm"
9562,2,1,0.5,TRUE,"holm"
9563,0,0,0,FALSE,"holm"
9564,0,0,0,FALSE,"holm"
9565,0,0,0,FALSE,"holm"
9566,1,1,1,TRUE,"holm"
9567,2,0,0,FALSE,"holm"
9568,0,0,0,FALSE,"holm"
9569,0,0,0,FALSE,"holm"
9570,0,0,0,FALSE,"holm"
9571,3,0,0,FALSE,"holm"
9572,1,0,0,FALSE,"holm"
9573,1,0,0,FALSE,"holm"
9574,0,0,0,FALSE,"holm"
9575,1,0,0,FALSE,"holm"
9576,1,0,0,FALSE,"holm"
9577,0,0,0,FALSE,"holm"
9578,1,0,0,FALSE,"holm"
9579,2,0,0,FALSE,"holm"
9580,1,0,0,FALSE,"holm"
9581,1,0,0,FALSE,"holm"
9582,1,0,0,FALSE,"holm"
9583,0,0,0,FALSE,"holm"
9584,1,0,0,FALSE,"holm"
9585,0,0,0,FALSE,"holm"
9586,1,0,0,FALSE,"holm"
9587,0,0,0,FALSE,"holm"
9588,0,0,0,FALSE,"holm"
9589,4,1,0.25,TRUE,"holm"
9590,0,0,0,FALSE,"holm"
9591,0,0,0,FALSE,"holm"
9592,4,1,0.25,TRUE,"holm"
9593,0,0,0,FALSE,"holm"
9594,1,0,0,FALSE,"holm"
9595,2,0,0,FALSE,"holm"
9596,1,0,0,FALSE,"holm"
9597,0,0,0,FALSE,"holm"
9598,1,0,0,FALSE,"holm"
9599,0,0,0,FALSE,"holm"
9600,1,0,0,FALSE,"holm"
9601,2,0,0,FALSE,"holm"
9602,1,0,0,FALSE,"holm"
9603,2,0,0,FALSE,"holm"
9604,2,1,0.5,TRUE,"holm"
9605,0,0,0,FALSE,"holm"
9606,0,0,0,FALSE,"holm"
9607,1,0,0,FALSE,"holm"
9608,0,0,0,FALSE,"holm"
9609,2,0,0,FALSE,"holm"
9610,0,0,0,FALSE,"holm"
9611,1,0,0,FALSE,"holm"
9612,1,0,0,FALSE,"holm"
9613,0,0,0,FALSE,"holm"
9614,2,0,0,FALSE,"holm"
9615,0,0,0,FALSE,"holm"
9616,0,0,0,FALSE,"holm"
9617,2,0,0,FALSE,"holm"
9618,0,0,0,FALSE,"holm"
9619,1,0,0,FALSE,"holm"
9620,0,0,0,FALSE,"holm"
9621,1,0,0,FALSE,"holm"
9622,1,0,0,FALSE,"holm"
9623,1,0,0,FALSE,"holm"
9624,0,0,0,FALSE,"holm"
9625,2,1,0.5,TRUE,"holm"
9626,2,0,0,FALSE,"holm"
9627,0,0,0,FALSE,"holm"
9628,0,0,0,FALSE,"holm"
9629,1,0,0,FALSE,"holm"
9630,1,0,0,FALSE,"holm"
9631,2,0,0,FALSE,"holm"
9632,0,0,0,FALSE,"holm"
9633,1,0,0,FALSE,"holm"
9634,1,0,0,FALSE,"holm"
9635,1,0,0,FALSE,"holm"
9636,0,0,0,FALSE,"holm"
9637,0,0,0,FALSE,"holm"
9638,1,0,0,FALSE,"holm"
9639,1,0,0,FALSE,"holm"
9640,1,0,0,FALSE,"holm"
9641,0,0,0,FALSE,"holm"
9642,2,0,0,FALSE,"holm"
9643,1,0,0,FALSE,"holm"
9644,0,0,0,FALSE,"holm"
9645,1,0,0,FALSE,"holm"
9646,0,0,0,FALSE,"holm"
9647,1,0,0,FALSE,"holm"
9648,0,0,0,FALSE,"holm"
9649,2,0,0,FALSE,"holm"
9650,1,0,0,FALSE,"holm"
9651,1,0,0,FALSE,"holm"
9652,3,0,0,FALSE,"holm"
9653,1,0,0,FALSE,"holm"
9654,0,0,0,FALSE,"holm"
9655,0,0,0,FALSE,"holm"
9656,0,0,0,FALSE,"holm"
9657,2,0,0,FALSE,"holm"
9658,0,0,0,FALSE,"holm"
9659,2,1,0.5,TRUE,"holm"
9660,1,0,0,FALSE,"holm"
9661,1,0,0,FALSE,"holm"
9662,0,0,0,FALSE,"holm"
9663,1,0,0,FALSE,"holm"
9664,1,0,0,FALSE,"holm"
9665,1,0,0,FALSE,"holm"
9666,1,0,0,FALSE,"holm"
9667,1,0,0,FALSE,"holm"
9668,0,0,0,FALSE,"holm"
9669,0,0,0,FALSE,"holm"
9670,0,0,0,FALSE,"holm"
9671,1,0,0,FALSE,"holm"
9672,0,0,0,FALSE,"holm"
9673,0,0,0,FALSE,"holm"
9674,0,0,0,FALSE,"holm"
9675,1,0,0,FALSE,"holm"
9676,2,0,0,FALSE,"holm"
9677,1,0,0,FALSE,"holm"
9678,1,0,0,FALSE,"holm"
9679,1,0,0,FALSE,"holm"
9680,0,0,0,FALSE,"holm"
9681,1,0,0,FALSE,"holm"
9682,2,0,0,FALSE,"holm"
9683,1,0,0,FALSE,"holm"
9684,0,0,0,FALSE,"holm"
9685,0,0,0,FALSE,"holm"
9686,0,0,0,FALSE,"holm"
9687,0,0,0,FALSE,"holm"
9688,0,0,0,FALSE,"holm"
9689,1,0,0,FALSE,"holm"
9690,2,0,0,FALSE,"holm"
9691,2,0,0,FALSE,"holm"
9692,0,0,0,FALSE,"holm"
9693,2,0,0,FALSE,"holm"
9694,3,0,0,FALSE,"holm"
9695,0,0,0,FALSE,"holm"
9696,3,0,0,FALSE,"holm"
9697,0,0,0,FALSE,"holm"
9698,2,0,0,FALSE,"holm"
9699,0,0,0,FALSE,"holm"
9700,1,1,1,TRUE,"holm"
9701,1,0,0,FALSE,"holm"
9702,1,0,0,FALSE,"holm"
9703,1,0,0,FALSE,"holm"
9704,0,0,0,FALSE,"holm"
9705,0,0,0,FALSE,"holm"
9706,0,0,0,FALSE,"holm"
9707,2,0,0,FALSE,"holm"
9708,1,0,0,FALSE,"holm"
9709,1,0,0,FALSE,"holm"
9710,1,0,0,FALSE,"holm"
9711,2,0,0,FALSE,"holm"
9712,0,0,0,FALSE,"holm"
9713,0,0,0,FALSE,"holm"
9714,3,0,0,FALSE,"holm"
9715,2,0,0,FALSE,"holm"
9716,1,0,0,FALSE,"holm"
9717,0,0,0,FALSE,"holm"
9718,0,0,0,FALSE,"holm"
9719,0,0,0,FALSE,"holm"
9720,0,0,0,FALSE,"holm"
9721,1,0,0,FALSE,"holm"
9722,0,0,0,FALSE,"holm"
9723,0,0,0,FALSE,"holm"
9724,0,0,0,FALSE,"holm"
9725,0,0,0,FALSE,"holm"
9726,1,0,0,FALSE,"holm"
9727,2,0,0,FALSE,"holm"
9728,0,0,0,FALSE,"holm"
9729,1,0,0,FALSE,"holm"
9730,1,0,0,FALSE,"holm"
9731,0,0,0,FALSE,"holm"
9732,0,0,0,FALSE,"holm"
9733,2,0,0,FALSE,"holm"
9734,0,0,0,FALSE,"holm"
9735,3,0,0,FALSE,"holm"
9736,0,0,0,FALSE,"holm"
9737,1,0,0,FALSE,"holm"
9738,1,0,0,FALSE,"holm"
9739,2,0,0,FALSE,"holm"
9740,0,0,0,FALSE,"holm"
9741,2,0,0,FALSE,"holm"
9742,0,0,0,FALSE,"holm"
9743,1,0,0,FALSE,"holm"
9744,1,0,0,FALSE,"holm"
9745,1,0,0,FALSE,"holm"
9746,1,0,0,FALSE,"holm"
9747,0,0,0,FALSE,"holm"
9748,2,0,0,FALSE,"holm"
9749,0,0,0,FALSE,"holm"
9750,0,0,0,FALSE,"holm"
9751,2,0,0,FALSE,"holm"
9752,1,0,0,FALSE,"holm"
9753,2,0,0,FALSE,"holm"
9754,0,0,0,FALSE,"holm"
9755,2,0,0,FALSE,"holm"
9756,2,1,0.5,TRUE,"holm"
9757,0,0,0,FALSE,"holm"
9758,0,0,0,FALSE,"holm"
9759,1,0,0,FALSE,"holm"
9760,0,0,0,FALSE,"holm"
9761,2,0,0,FALSE,"holm"
9762,2,0,0,FALSE,"holm"
9763,1,0,0,FALSE,"holm"
9764,2,0,0,FALSE,"holm"
9765,0,0,0,FALSE,"holm"
9766,2,0,0,FALSE,"holm"
9767,0,0,0,FALSE,"holm"
9768,1,0,0,FALSE,"holm"
9769,0,0,0,FALSE,"holm"
9770,1,1,1,TRUE,"holm"
9771,1,0,0,FALSE,"holm"
9772,0,0,0,FALSE,"holm"
9773,1,0,0,FALSE,"holm"
9774,1,0,0,FALSE,"holm"
9775,0,0,0,FALSE,"holm"
9776,0,0,0,FALSE,"holm"
9777,0,0,0,FALSE,"holm"
9778,0,0,0,FALSE,"holm"
9779,1,0,0,FALSE,"holm"
9780,3,0,0,FALSE,"holm"
9781,1,0,0,FALSE,"holm"
9782,3,1,0.333333333333333,TRUE,"holm"
9783,0,0,0,FALSE,"holm"
9784,2,0,0,FALSE,"holm"
9785,0,0,0,FALSE,"holm"
9786,0,0,0,FALSE,"holm"
9787,1,0,0,FALSE,"holm"
9788,0,0,0,FALSE,"holm"
9789,0,0,0,FALSE,"holm"
9790,1,0,0,FALSE,"holm"
9791,0,0,0,FALSE,"holm"
9792,2,0,0,FALSE,"holm"
9793,2,0,0,FALSE,"holm"
9794,3,0,0,FALSE,"holm"
9795,1,0,0,FALSE,"holm"
9796,0,0,0,FALSE,"holm"
9797,3,0,0,FALSE,"holm"
9798,1,0,0,FALSE,"holm"
9799,0,0,0,FALSE,"holm"
9800,0,0,0,FALSE,"holm"
9801,0,0,0,FALSE,"holm"
9802,2,0,0,FALSE,"holm"
9803,1,0,0,FALSE,"holm"
9804,1,0,0,FALSE,"holm"
9805,0,0,0,FALSE,"holm"
9806,0,0,0,FALSE,"holm"
9807,1,0,0,FALSE,"holm"
9808,1,0,0,FALSE,"holm"
9809,1,0,0,FALSE,"holm"
9810,0,0,0,FALSE,"holm"
9811,1,0,0,FALSE,"holm"
9812,0,0,0,FALSE,"holm"
9813,1,0,0,FALSE,"holm"
9814,0,0,0,FALSE,"holm"
9815,2,0,0,FALSE,"holm"
9816,2,0,0,FALSE,"holm"
9817,0,0,0,FALSE,"holm"
9818,1,0,0,FALSE,"holm"
9819,1,0,0,FALSE,"holm"
9820,0,0,0,FALSE,"holm"
9821,1,0,0,FALSE,"holm"
9822,0,0,0,FALSE,"holm"
9823,1,0,0,FALSE,"holm"
9824,1,0,0,FALSE,"holm"
9825,1,0,0,FALSE,"holm"
9826,0,0,0,FALSE,"holm"
9827,1,0,0,FALSE,"holm"
9828,0,0,0,FALSE,"holm"
9829,0,0,0,FALSE,"holm"
9830,1,0,0,FALSE,"holm"
9831,0,0,0,FALSE,"holm"
9832,1,0,0,FALSE,"holm"
9833,1,0,0,FALSE,"holm"
9834,1,0,0,FALSE,"holm"
9835,0,0,0,FALSE,"holm"
9836,0,0,0,FALSE,"holm"
9837,1,0,0,FALSE,"holm"
9838,0,0,0,FALSE,"holm"
9839,2,0,0,FALSE,"holm"
9840,0,0,0,FALSE,"holm"
9841,1,0,0,FALSE,"holm"
9842,1,0,0,FALSE,"holm"
9843,1,0,0,FALSE,"holm"
9844,0,0,0,FALSE,"holm"
9845,0,0,0,FALSE,"holm"
9846,0,0,0,FALSE,"holm"
9847,1,0,0,FALSE,"holm"
9848,1,0,0,FALSE,"holm"
9849,1,0,0,FALSE,"holm"
9850,1,0,0,FALSE,"holm"
9851,1,0,0,FALSE,"holm"
9852,1,0,0,FALSE,"holm"
9853,2,0,0,FALSE,"holm"
9854,0,0,0,FALSE,"holm"
9855,0,0,0,FALSE,"holm"
9856,0,0,0,FALSE,"holm"
9857,1,1,1,TRUE,"holm"
9858,1,0,0,FALSE,"holm"
9859,1,0,0,FALSE,"holm"
9860,0,0,0,FALSE,"holm"
9861,2,0,0,FALSE,"holm"
9862,1,0,0,FALSE,"holm"
9863,0,0,0,FALSE,"holm"
9864,1,0,0,FALSE,"holm"
9865,1,0,0,FALSE,"holm"
9866,2,0,0,FALSE,"holm"
9867,0,0,0,FALSE,"holm"
9868,1,0,0,FALSE,"holm"
9869,0,0,0,FALSE,"holm"
9870,0,0,0,FALSE,"holm"
9871,1,0,0,FALSE,"holm"
9872,1,0,0,FALSE,"holm"
9873,1,0,0,FALSE,"holm"
9874,2,1,0.5,TRUE,"holm"
9875,0,0,0,FALSE,"holm"
9876,0,0,0,FALSE,"holm"
9877,2,1,0.5,TRUE,"holm"
9878,1,0,0,FALSE,"holm"
9879,1,0,0,FALSE,"holm"
9880,0,0,0,FALSE,"holm"
9881,1,0,0,FALSE,"holm"
9882,1,0,0,FALSE,"holm"
9883,0,0,0,FALSE,"holm"
9884,2,0,0,FALSE,"holm"
9885,2,0,0,FALSE,"holm"
9886,1,0,0,FALSE,"holm"
9887,0,0,0,FALSE,"holm"
9888,0,0,0,FALSE,"holm"
9889,1,0,0,FALSE,"holm"
9890,1,0,0,FALSE,"holm"
9891,3,1,0.333333333333333,TRUE,"holm"
9892,0,0,0,FALSE,"holm"
9893,1,0,0,FALSE,"holm"
9894,2,0,0,FALSE,"holm"
9895,1,0,0,FALSE,"holm"
9896,1,0,0,FALSE,"holm"
9897,0,0,0,FALSE,"holm"
9898,1,1,1,TRUE,"holm"
9899,0,0,0,FALSE,"holm"
9900,1,0,0,FALSE,"holm"
9901,1,0,0,FALSE,"holm"
9902,1,0,0,FALSE,"holm"
9903,1,0,0,FALSE,"holm"
9904,1,0,0,FALSE,"holm"
9905,2,0,0,FALSE,"holm"
9906,2,0,0,FALSE,"holm"
9907,1,0,0,FALSE,"holm"
9908,2,0,0,FALSE,"holm"
9909,1,0,0,FALSE,"holm"
9910,0,0,0,FALSE,"holm"
9911,0,0,0,FALSE,"holm"
9912,1,0,0,FALSE,"holm"
9913,1,0,0,FALSE,"holm"
9914,2,0,0,FALSE,"holm"
9915,0,0,0,FALSE,"holm"
9916,0,0,0,FALSE,"holm"
9917,1,0,0,FALSE,"holm"
9918,0,0,0,FALSE,"holm"
9919,1,0,0,FALSE,"holm"
9920,2,0,0,FALSE,"holm"
9921,0,0,0,FALSE,"holm"
9922,1,0,0,FALSE,"holm"
9923,1,1,1,TRUE,"holm"
9924,1,0,0,FALSE,"holm"
9925,2,0,0,FALSE,"holm"
9926,1,0,0,FALSE,"holm"
9927,0,0,0,FALSE,"holm"
9928,2,0,0,FALSE,"holm"
9929,1,0,0,FALSE,"holm"
9930,1,0,0,FALSE,"holm"
9931,1,0,0,FALSE,"holm"
9932,0,0,0,FALSE,"holm"
9933,1,0,0,FALSE,"holm"
9934,0,0,0,FALSE,"holm"
9935,0,0,0,FALSE,"holm"
9936,1,0,0,FALSE,"holm"
9937,1,0,0,FALSE,"holm"
9938,3,0,0,FALSE,"holm"
9939,2,0,0,FALSE,"holm"
9940,0,0,0,FALSE,"holm"
9941,1,0,0,FALSE,"holm"
9942,1,0,0,FALSE,"holm"
9943,1,0,0,FALSE,"holm"
9944,0,0,0,FALSE,"holm"
9945,2,1,0.5,TRUE,"holm"
9946,1,0,0,FALSE,"holm"
9947,1,0,0,FALSE,"holm"
9948,1,0,0,FALSE,"holm"
9949,3,1,0.333333333333333,TRUE,"holm"
9950,1,0,0,FALSE,"holm"
9951,3,0,0,FALSE,"holm"
9952,3,0,0,FALSE,"holm"
9953,0,0,0,FALSE,"holm"
9954,0,0,0,FALSE,"holm"
9955,2,1,0.5,TRUE,"holm"
9956,1,0,0,FALSE,"holm"
9957,0,0,0,FALSE,"holm"
9958,0,0,0,FALSE,"holm"
9959,0,0,0,FALSE,"holm"
9960,2,0,0,FALSE,"holm"
9961,1,0,0,FALSE,"holm"
9962,0,0,0,FALSE,"holm"
9963,0,0,0,FALSE,"holm"
9964,0,0,0,FALSE,"holm"
9965,0,0,0,FALSE,"holm"
9966,0,0,0,FALSE,"holm"
9967,0,0,0,FALSE,"holm"
9968,3,1,0.333333333333333,TRUE,"holm"
9969,1,0,0,FALSE,"holm"
9970,1,0,0,FALSE,"holm"
9971,2,0,0,FALSE,"holm"
9972,1,0,0,FALSE,"holm"
9973,1,0,0,FALSE,"holm"
9974,1,0,0,FALSE,"holm"
9975,1,0,0,FALSE,"holm"
9976,0,0,0,FALSE,"holm"
9977,0,0,0,FALSE,"holm"
9978,1,0,0,FALSE,"holm"
9979,1,1,1,TRUE,"holm"
9980,1,0,0,FALSE,"holm"
9981,1,0,0,FALSE,"holm"
9982,0,0,0,FALSE,"holm"
9983,1,0,0,FALSE,"holm"
9984,2,0,0,FALSE,"holm"
9985,1,0,0,FALSE,"holm"
9986,2,0,0,FALSE,"holm"
9987,0,0,0,FALSE,"holm"
9988,0,0,0,FALSE,"holm"
9989,2,0,0,FALSE,"holm"
9990,1,0,0,FALSE,"holm"
9991,1,0,0,FALSE,"holm"
9992,1,0,0,FALSE,"holm"
9993,2,0,0,FALSE,"holm"
9994,2,0,0,FALSE,"holm"
9995,0,0,0,FALSE,"holm"
9996,1,0,0,FALSE,"holm"
9997,0,0,0,FALSE,"holm"
9998,0,0,0,FALSE,"holm"
9999,1,0,0,FALSE,"holm"
10000,1,0,0,FALSE,"holm"
1,2,0,0,FALSE,"BH"
2,3,0,0,FALSE,"BH"
3,2,0,0,FALSE,"BH"
4,0,0,0,FALSE,"BH"
5,0,0,0,FALSE,"BH"
6,4,1,0.25,TRUE,"BH"
7,0,0,0,FALSE,"BH"
8,3,0,0,FALSE,"BH"
9,0,0,0,FALSE,"BH"
10,2,0,0,FALSE,"BH"
11,0,0,0,FALSE,"BH"
12,0,0,0,FALSE,"BH"
13,0,0,0,FALSE,"BH"
14,1,1,1,TRUE,"BH"
15,0,0,0,FALSE,"BH"
16,0,0,0,FALSE,"BH"
17,2,0,0,FALSE,"BH"
18,3,0,0,FALSE,"BH"
19,1,0,0,FALSE,"BH"
20,3,1,0.333333333333333,TRUE,"BH"
21,2,0,0,FALSE,"BH"
22,0,0,0,FALSE,"BH"
23,2,0,0,FALSE,"BH"
24,3,0,0,FALSE,"BH"
25,0,0,0,FALSE,"BH"
26,0,0,0,FALSE,"BH"
27,0,0,0,FALSE,"BH"
28,1,0,0,FALSE,"BH"
29,0,0,0,FALSE,"BH"
30,1,0,0,FALSE,"BH"
31,3,0,0,FALSE,"BH"
32,2,0,0,FALSE,"BH"
33,3,0,0,FALSE,"BH"
34,4,0,0,FALSE,"BH"
35,3,1,0.333333333333333,TRUE,"BH"
36,0,0,0,FALSE,"BH"
37,2,0,0,FALSE,"BH"
38,0,0,0,FALSE,"BH"
39,4,0,0,FALSE,"BH"
40,1,0,0,FALSE,"BH"
41,3,1,0.333333333333333,TRUE,"BH"
42,2,1,0.5,TRUE,"BH"
43,0,0,0,FALSE,"BH"
44,0,0,0,FALSE,"BH"
45,2,0,0,FALSE,"BH"
46,0,0,0,FALSE,"BH"
47,0,0,0,FALSE,"BH"
48,2,0,0,FALSE,"BH"
49,1,0,0,FALSE,"BH"
50,2,0,0,FALSE,"BH"
51,0,0,0,FALSE,"BH"
52,0,0,0,FALSE,"BH"
53,0,0,0,FALSE,"BH"
54,4,1,0.25,TRUE,"BH"
55,0,0,0,FALSE,"BH"
56,1,0,0,FALSE,"BH"
57,1,0,0,FALSE,"BH"
58,1,0,0,FALSE,"BH"
59,4,0,0,FALSE,"BH"
60,2,0,0,FALSE,"BH"
61,0,0,0,FALSE,"BH"
62,2,0,0,FALSE,"BH"
63,1,0,0,FALSE,"BH"
64,2,0,0,FALSE,"BH"
65,0,0,0,FALSE,"BH"
66,1,0,0,FALSE,"BH"
67,2,1,0.5,TRUE,"BH"
68,0,0,0,FALSE,"BH"
69,3,0,0,FALSE,"BH"
70,0,0,0,FALSE,"BH"
71,0,0,0,FALSE,"BH"
72,0,0,0,FALSE,"BH"
73,3,0,0,FALSE,"BH"
74,4,0,0,FALSE,"BH"
75,0,0,0,FALSE,"BH"
76,1,0,0,FALSE,"BH"
77,1,0,0,FALSE,"BH"
78,1,0,0,FALSE,"BH"
79,1,0,0,FALSE,"BH"
80,3,1,0.333333333333333,TRUE,"BH"
81,2,0,0,FALSE,"BH"
82,3,1,0.333333333333333,TRUE,"BH"
83,0,0,0,FALSE,"BH"
84,0,0,0,FALSE,"BH"
85,2,0,0,FALSE,"BH"
86,2,0,0,FALSE,"BH"
87,3,1,0.333333333333333,TRUE,"BH"
88,0,0,0,FALSE,"BH"
89,1,0,0,FALSE,"BH"
90,4,1,0.25,TRUE,"BH"
91,1,0,0,FALSE,"BH"
92,2,0,0,FALSE,"BH"
93,3,0,0,FALSE,"BH"
94,0,0,0,FALSE,"BH"
95,2,0,0,FALSE,"BH"
96,3,0,0,FALSE,"BH"
97,5,1,0.2,TRUE,"BH"
98,3,0,0,FALSE,"BH"
99,0,0,0,FALSE,"BH"
100,2,0,0,FALSE,"BH"
101,2,0,0,FALSE,"BH"
102,2,0,0,FALSE,"BH"
103,5,1,0.2,TRUE,"BH"
104,1,0,0,FALSE,"BH"
105,5,2,0.4,TRUE,"BH"
106,2,0,0,FALSE,"BH"
107,0,0,0,FALSE,"BH"
108,3,0,0,FALSE,"BH"
109,0,0,0,FALSE,"BH"
110,2,0,0,FALSE,"BH"
111,3,1,0.333333333333333,TRUE,"BH"
112,2,0,0,FALSE,"BH"
113,2,0,0,FALSE,"BH"
114,0,0,0,FALSE,"BH"
115,2,0,0,FALSE,"BH"
116,0,0,0,FALSE,"BH"
117,3,0,0,FALSE,"BH"
118,3,0,0,FALSE,"BH"
119,1,0,0,FALSE,"BH"
120,1,0,0,FALSE,"BH"
121,0,0,0,FALSE,"BH"
122,1,0,0,FALSE,"BH"
123,2,1,0.5,TRUE,"BH"
124,1,0,0,FALSE,"BH"
125,0,0,0,FALSE,"BH"
126,4,1,0.25,TRUE,"BH"
127,0,0,0,FALSE,"BH"
128,0,0,0,FALSE,"BH"
129,0,0,0,FALSE,"BH"
130,0,0,0,FALSE,"BH"
131,5,1,0.2,TRUE,"BH"
132,1,0,0,FALSE,"BH"
133,3,1,0.333333333333333,TRUE,"BH"
134,0,0,0,FALSE,"BH"
135,2,0,0,FALSE,"BH"
136,1,0,0,FALSE,"BH"
137,4,2,0.5,TRUE,"BH"
138,1,0,0,FALSE,"BH"
139,3,0,0,FALSE,"BH"
140,1,0,0,FALSE,"BH"
141,2,0,0,FALSE,"BH"
142,3,0,0,FALSE,"BH"
143,5,1,0.2,TRUE,"BH"
144,4,0,0,FALSE,"BH"
145,5,1,0.2,TRUE,"BH"
146,1,0,0,FALSE,"BH"
147,4,2,0.5,TRUE,"BH"
148,2,0,0,FALSE,"BH"
149,0,0,0,FALSE,"BH"
150,1,0,0,FALSE,"BH"
151,0,0,0,FALSE,"BH"
152,2,0,0,FALSE,"BH"
153,2,0,0,FALSE,"BH"
154,4,1,0.25,TRUE,"BH"
155,2,0,0,FALSE,"BH"
156,0,0,0,FALSE,"BH"
157,0,0,0,FALSE,"BH"
158,2,1,0.5,TRUE,"BH"
159,1,1,1,TRUE,"BH"
160,0,0,0,FALSE,"BH"
161,0,0,0,FALSE,"BH"
162,0,0,0,FALSE,"BH"
163,3,0,0,FALSE,"BH"
164,3,0,0,FALSE,"BH"
165,2,0,0,FALSE,"BH"
166,3,0,0,FALSE,"BH"
167,1,0,0,FALSE,"BH"
168,0,0,0,FALSE,"BH"
169,0,0,0,FALSE,"BH"
170,3,1,0.333333333333333,TRUE,"BH"
171,3,1,0.333333333333333,TRUE,"BH"
172,1,0,0,FALSE,"BH"
173,0,0,0,FALSE,"BH"
174,2,0,0,FALSE,"BH"
175,5,1,0.2,TRUE,"BH"
176,1,0,0,FALSE,"BH"
177,2,0,0,FALSE,"BH"
178,3,0,0,FALSE,"BH"
179,1,0,0,FALSE,"BH"
180,1,0,0,FALSE,"BH"
181,0,0,0,FALSE,"BH"
182,1,0,0,FALSE,"BH"
183,3,0,0,FALSE,"BH"
184,0,0,0,FALSE,"BH"
185,1,0,0,FALSE,"BH"
186,0,0,0,FALSE,"BH"
187,0,0,0,FALSE,"BH"
188,4,0,0,FALSE,"BH"
189,0,0,0,FALSE,"BH"
190,0,0,0,FALSE,"BH"
191,1,0,0,FALSE,"BH"
192,1,0,0,FALSE,"BH"
193,2,0,0,FALSE,"BH"
194,2,0,0,FALSE,"BH"
195,3,0,0,FALSE,"BH"
196,0,0,0,FALSE,"BH"
197,0,0,0,FALSE,"BH"
198,0,0,0,FALSE,"BH"
199,0,0,0,FALSE,"BH"
200,0,0,0,FALSE,"BH"
201,1,0,0,FALSE,"BH"
202,1,0,0,FALSE,"BH"
203,0,0,0,FALSE,"BH"
204,1,0,0,FALSE,"BH"
205,1,0,0,FALSE,"BH"
206,3,0,0,FALSE,"BH"
207,0,0,0,FALSE,"BH"
208,3,0,0,FALSE,"BH"
209,2,0,0,FALSE,"BH"
210,4,1,0.25,TRUE,"BH"
211,1,0,0,FALSE,"BH"
212,7,3,0.428571428571429,TRUE,"BH"
213,5,2,0.4,TRUE,"BH"
214,1,0,0,FALSE,"BH"
215,4,0,0,FALSE,"BH"
216,0,0,0,FALSE,"BH"
217,2,1,0.5,TRUE,"BH"
218,0,0,0,FALSE,"BH"
219,2,0,0,FALSE,"BH"
220,2,0,0,FALSE,"BH"
221,1,0,0,FALSE,"BH"
222,0,0,0,FALSE,"BH"
223,1,0,0,FALSE,"BH"
224,0,0,0,FALSE,"BH"
225,4,1,0.25,TRUE,"BH"
226,0,0,0,FALSE,"BH"
227,1,0,0,FALSE,"BH"
228,4,1,0.25,TRUE,"BH"
229,1,0,0,FALSE,"BH"
230,2,0,0,FALSE,"BH"
231,2,0,0,FALSE,"BH"
232,3,0,0,FALSE,"BH"
233,2,0,0,FALSE,"BH"
234,0,0,0,FALSE,"BH"
235,0,0,0,FALSE,"BH"
236,2,0,0,FALSE,"BH"
237,4,2,0.5,TRUE,"BH"
238,3,0,0,FALSE,"BH"
239,2,0,0,FALSE,"BH"
240,0,0,0,FALSE,"BH"
241,0,0,0,FALSE,"BH"
242,2,0,0,FALSE,"BH"
243,0,0,0,FALSE,"BH"
244,1,0,0,FALSE,"BH"
245,5,1,0.2,TRUE,"BH"
246,1,0,0,FALSE,"BH"
247,4,0,0,FALSE,"BH"
248,2,0,0,FALSE,"BH"
249,0,0,0,FALSE,"BH"
250,1,0,0,FALSE,"BH"
251,2,0,0,FALSE,"BH"
252,3,0,0,FALSE,"BH"
253,2,0,0,FALSE,"BH"
254,3,0,0,FALSE,"BH"
255,0,0,0,FALSE,"BH"
256,4,2,0.5,TRUE,"BH"
257,0,0,0,FALSE,"BH"
258,0,0,0,FALSE,"BH"
259,3,1,0.333333333333333,TRUE,"BH"
260,0,0,0,FALSE,"BH"
261,1,0,0,FALSE,"BH"
262,0,0,0,FALSE,"BH"
263,4,0,0,FALSE,"BH"
264,1,0,0,FALSE,"BH"
265,2,0,0,FALSE,"BH"
266,0,0,0,FALSE,"BH"
267,2,0,0,FALSE,"BH"
268,1,0,0,FALSE,"BH"
269,5,1,0.2,TRUE,"BH"
270,0,0,0,FALSE,"BH"
271,2,0,0,FALSE,"BH"
272,3,0,0,FALSE,"BH"
273,0,0,0,FALSE,"BH"
274,1,0,0,FALSE,"BH"
275,2,0,0,FALSE,"BH"
276,4,0,0,FALSE,"BH"
277,3,0,0,FALSE,"BH"
278,2,1,0.5,TRUE,"BH"
279,3,0,0,FALSE,"BH"
280,0,0,0,FALSE,"BH"
281,2,0,0,FALSE,"BH"
282,2,0,0,FALSE,"BH"
283,2,0,0,FALSE,"BH"
284,0,0,0,FALSE,"BH"
285,1,0,0,FALSE,"BH"
286,0,0,0,FALSE,"BH"
287,5,1,0.2,TRUE,"BH"
288,3,0,0,FALSE,"BH"
289,0,0,0,FALSE,"BH"
290,3,0,0,FALSE,"BH"
291,3,0,0,FALSE,"BH"
292,0,0,0,FALSE,"BH"
293,2,0,0,FALSE,"BH"
294,3,1,0.333333333333333,TRUE,"BH"
295,2,0,0,FALSE,"BH"
296,0,0,0,FALSE,"BH"
297,4,1,0.25,TRUE,"BH"
298,0,0,0,FALSE,"BH"
299,0,0,0,FALSE,"BH"
300,4,0,0,FALSE,"BH"
301,1,0,0,FALSE,"BH"
302,1,0,0,FALSE,"BH"
303,3,0,0,FALSE,"BH"
304,1,0,0,FALSE,"BH"
305,1,0,0,FALSE,"BH"
306,0,0,0,FALSE,"BH"
307,1,0,0,FALSE,"BH"
308,1,0,0,FALSE,"BH"
309,0,0,0,FALSE,"BH"
310,0,0,0,FALSE,"BH"
311,0,0,0,FALSE,"BH"
312,3,0,0,FALSE,"BH"
313,0,0,0,FALSE,"BH"
314,0,0,0,FALSE,"BH"
315,0,0,0,FALSE,"BH"
316,2,0,0,FALSE,"BH"
317,1,0,0,FALSE,"BH"
318,3,0,0,FALSE,"BH"
319,1,0,0,FALSE,"BH"
320,1,0,0,FALSE,"BH"
321,1,1,1,TRUE,"BH"
322,2,0,0,FALSE,"BH"
323,1,0,0,FALSE,"BH"
324,2,0,0,FALSE,"BH"
325,3,0,0,FALSE,"BH"
326,0,0,0,FALSE,"BH"
327,0,0,0,FALSE,"BH"
328,3,0,0,FALSE,"BH"
329,0,0,0,FALSE,"BH"
330,5,1,0.2,TRUE,"BH"
331,0,0,0,FALSE,"BH"
332,1,0,0,FALSE,"BH"
333,2,0,0,FALSE,"BH"
334,0,0,0,FALSE,"BH"
335,3,1,0.333333333333333,TRUE,"BH"
336,0,0,0,FALSE,"BH"
337,1,0,0,FALSE,"BH"
338,1,0,0,FALSE,"BH"
339,0,0,0,FALSE,"BH"
340,0,0,0,FALSE,"BH"
341,0,0,0,FALSE,"BH"
342,1,0,0,FALSE,"BH"
343,0,0,0,FALSE,"BH"
344,0,0,0,FALSE,"BH"
345,1,0,0,FALSE,"BH"
346,3,1,0.333333333333333,TRUE,"BH"
347,0,0,0,FALSE,"BH"
348,2,0,0,FALSE,"BH"
349,0,0,0,FALSE,"BH"
350,2,0,0,FALSE,"BH"
351,3,0,0,FALSE,"BH"
352,1,0,0,FALSE,"BH"
353,1,0,0,FALSE,"BH"
354,0,0,0,FALSE,"BH"
355,2,0,0,FALSE,"BH"
356,0,0,0,FALSE,"BH"
357,0,0,0,FALSE,"BH"
358,2,0,0,FALSE,"BH"
359,0,0,0,FALSE,"BH"
360,1,0,0,FALSE,"BH"
361,2,0,0,FALSE,"BH"
362,2,0,0,FALSE,"BH"
363,1,0,0,FALSE,"BH"
364,2,0,0,FALSE,"BH"
365,0,0,0,FALSE,"BH"
366,4,1,0.25,TRUE,"BH"
367,0,0,0,FALSE,"BH"
368,3,0,0,FALSE,"BH"
369,1,0,0,FALSE,"BH"
370,0,0,0,FALSE,"BH"
371,2,0,0,FALSE,"BH"
372,2,0,0,FALSE,"BH"
373,0,0,0,FALSE,"BH"
374,0,0,0,FALSE,"BH"
375,0,0,0,FALSE,"BH"
376,2,0,0,FALSE,"BH"
377,1,0,0,FALSE,"BH"
378,3,0,0,FALSE,"BH"
379,1,0,0,FALSE,"BH"
380,0,0,0,FALSE,"BH"
381,4,1,0.25,TRUE,"BH"
382,0,0,0,FALSE,"BH"
383,0,0,0,FALSE,"BH"
384,2,0,0,FALSE,"BH"
385,0,0,0,FALSE,"BH"
386,3,0,0,FALSE,"BH"
387,0,0,0,FALSE,"BH"
388,4,0,0,FALSE,"BH"
389,0,0,0,FALSE,"BH"
390,1,0,0,FALSE,"BH"
391,3,0,0,FALSE,"BH"
392,2,0,0,FALSE,"BH"
393,3,1,0.333333333333333,TRUE,"BH"
394,3,0,0,FALSE,"BH"
395,2,0,0,FALSE,"BH"
396,0,0,0,FALSE,"BH"
397,0,0,0,FALSE,"BH"
398,4,0,0,FALSE,"BH"
399,3,1,0.333333333333333,TRUE,"BH"
400,2,0,0,FALSE,"BH"
401,3,0,0,FALSE,"BH"
402,2,0,0,FALSE,"BH"
403,2,0,0,FALSE,"BH"
404,0,0,0,FALSE,"BH"
405,2,0,0,FALSE,"BH"
406,1,0,0,FALSE,"BH"
407,3,0,0,FALSE,"BH"
408,0,0,0,FALSE,"BH"
409,1,0,0,FALSE,"BH"
410,2,0,0,FALSE,"BH"
411,1,0,0,FALSE,"BH"
412,2,0,0,FALSE,"BH"
413,3,0,0,FALSE,"BH"
414,0,0,0,FALSE,"BH"
415,0,0,0,FALSE,"BH"
416,4,0,0,FALSE,"BH"
417,0,0,0,FALSE,"BH"
418,3,0,0,FALSE,"BH"
419,2,0,0,FALSE,"BH"
420,1,0,0,FALSE,"BH"
421,1,0,0,FALSE,"BH"
422,2,0,0,FALSE,"BH"
423,0,0,0,FALSE,"BH"
424,0,0,0,FALSE,"BH"
425,1,0,0,FALSE,"BH"
426,0,0,0,FALSE,"BH"
427,3,0,0,FALSE,"BH"
428,0,0,0,FALSE,"BH"
429,0,0,0,FALSE,"BH"
430,2,0,0,FALSE,"BH"
431,1,0,0,FALSE,"BH"
432,3,0,0,FALSE,"BH"
433,0,0,0,FALSE,"BH"
434,2,0,0,FALSE,"BH"
435,1,0,0,FALSE,"BH"
436,4,0,0,FALSE,"BH"
437,4,0,0,FALSE,"BH"
438,1,0,0,FALSE,"BH"
439,1,0,0,FALSE,"BH"
440,2,0,0,FALSE,"BH"
441,0,0,0,FALSE,"BH"
442,0,0,0,FALSE,"BH"
443,3,0,0,FALSE,"BH"
444,0,0,0,FALSE,"BH"
445,3,2,0.666666666666667,TRUE,"BH"
446,0,0,0,FALSE,"BH"
447,2,1,0.5,TRUE,"BH"
448,4,0,0,FALSE,"BH"
449,0,0,0,FALSE,"BH"
450,0,0,0,FALSE,"BH"
451,0,0,0,FALSE,"BH"
452,5,1,0.2,TRUE,"BH"
453,2,0,0,FALSE,"BH"
454,1,0,0,FALSE,"BH"
455,2,0,0,FALSE,"BH"
456,0,0,0,FALSE,"BH"
457,4,1,0.25,TRUE,"BH"
458,2,0,0,FALSE,"BH"
459,2,0,0,FALSE,"BH"
460,1,0,0,FALSE,"BH"
461,0,0,0,FALSE,"BH"
462,2,1,0.5,TRUE,"BH"
463,2,0,0,FALSE,"BH"
464,2,0,0,FALSE,"BH"
465,2,0,0,FALSE,"BH"
466,3,2,0.666666666666667,TRUE,"BH"
467,1,0,0,FALSE,"BH"
468,1,0,0,FALSE,"BH"
469,0,0,0,FALSE,"BH"
470,0,0,0,FALSE,"BH"
471,0,0,0,FALSE,"BH"
472,0,0,0,FALSE,"BH"
473,1,0,0,FALSE,"BH"
474,3,0,0,FALSE,"BH"
475,0,0,0,FALSE,"BH"
476,3,0,0,FALSE,"BH"
477,4,1,0.25,TRUE,"BH"
478,2,0,0,FALSE,"BH"
479,3,0,0,FALSE,"BH"
480,2,0,0,FALSE,"BH"
481,0,0,0,FALSE,"BH"
482,0,0,0,FALSE,"BH"
483,5,1,0.2,TRUE,"BH"
484,1,0,0,FALSE,"BH"
485,2,0,0,FALSE,"BH"
486,5,1,0.2,TRUE,"BH"
487,1,0,0,FALSE,"BH"
488,3,0,0,FALSE,"BH"
489,3,1,0.333333333333333,TRUE,"BH"
490,2,0,0,FALSE,"BH"
491,0,0,0,FALSE,"BH"
492,2,1,0.5,TRUE,"BH"
493,3,0,0,FALSE,"BH"
494,1,0,0,FALSE,"BH"
495,1,0,0,FALSE,"BH"
496,1,0,0,FALSE,"BH"
497,3,1,0.333333333333333,TRUE,"BH"
498,3,0,0,FALSE,"BH"
499,3,1,0.333333333333333,TRUE,"BH"
500,0,0,0,FALSE,"BH"
501,2,0,0,FALSE,"BH"
502,1,0,0,FALSE,"BH"
503,2,0,0,FALSE,"BH"
504,0,0,0,FALSE,"BH"
505,0,0,0,FALSE,"BH"
506,1,0,0,FALSE,"BH"
507,0,0,0,FALSE,"BH"
508,1,0,0,FALSE,"BH"
509,0,0,0,FALSE,"BH"
510,1,0,0,FALSE,"BH"
511,4,0,0,FALSE,"BH"
512,2,0,0,FALSE,"BH"
513,0,0,0,FALSE,"BH"
514,0,0,0,FALSE,"BH"
515,0,0,0,FALSE,"BH"
516,3,1,0.333333333333333,TRUE,"BH"
517,0,0,0,FALSE,"BH"
518,1,0,0,FALSE,"BH"
519,0,0,0,FALSE,"BH"
520,1,0,0,FALSE,"BH"
521,3,1,0.333333333333333,TRUE,"BH"
522,2,0,0,FALSE,"BH"
523,0,0,0,FALSE,"BH"
524,1,0,0,FALSE,"BH"
525,0,0,0,FALSE,"BH"
526,3,0,0,FALSE,"BH"
527,3,0,0,FALSE,"BH"
528,1,0,0,FALSE,"BH"
529,0,0,0,FALSE,"BH"
530,2,0,0,FALSE,"BH"
531,4,1,0.25,TRUE,"BH"
532,0,0,0,FALSE,"BH"
533,2,0,0,FALSE,"BH"
534,1,0,0,FALSE,"BH"
535,0,0,0,FALSE,"BH"
536,2,0,0,FALSE,"BH"
537,1,0,0,FALSE,"BH"
538,0,0,0,FALSE,"BH"
539,3,0,0,FALSE,"BH"
540,0,0,0,FALSE,"BH"
541,2,0,0,FALSE,"BH"
542,3,1,0.333333333333333,TRUE,"BH"
543,2,1,0.5,TRUE,"BH"
544,2,0,0,FALSE,"BH"
545,3,0,0,FALSE,"BH"
546,0,0,0,FALSE,"BH"
547,3,0,0,FALSE,"BH"
548,3,1,0.333333333333333,TRUE,"BH"
549,1,0,0,FALSE,"BH"
550,2,0,0,FALSE,"BH"
551,4,0,0,FALSE,"BH"
552,2,0,0,FALSE,"BH"
553,3,0,0,FALSE,"BH"
554,0,0,0,FALSE,"BH"
555,1,0,0,FALSE,"BH"
556,2,0,0,FALSE,"BH"
557,0,0,0,FALSE,"BH"
558,0,0,0,FALSE,"BH"
559,3,1,0.333333333333333,TRUE,"BH"
560,1,0,0,FALSE,"BH"
561,1,0,0,FALSE,"BH"
562,1,0,0,FALSE,"BH"
563,1,0,0,FALSE,"BH"
564,0,0,0,FALSE,"BH"
565,1,0,0,FALSE,"BH"
566,4,0,0,FALSE,"BH"
567,3,0,0,FALSE,"BH"
568,0,0,0,FALSE,"BH"
569,0,0,0,FALSE,"BH"
570,0,0,0,FALSE,"BH"
571,0,0,0,FALSE,"BH"
572,3,0,0,FALSE,"BH"
573,1,0,0,FALSE,"BH"
574,0,0,0,FALSE,"BH"
575,2,0,0,FALSE,"BH"
576,0,0,0,FALSE,"BH"
577,3,1,0.333333333333333,TRUE,"BH"
578,2,0,0,FALSE,"BH"
579,1,0,0,FALSE,"BH"
580,3,0,0,FALSE,"BH"
581,1,0,0,FALSE,"BH"
582,2,0,0,FALSE,"BH"
583,2,1,0.5,TRUE,"BH"
584,2,1,0.5,TRUE,"BH"
585,2,1,0.5,TRUE,"BH"
586,4,0,0,FALSE,"BH"
587,2,0,0,FALSE,"BH"
588,0,0,0,FALSE,"BH"
589,3,0,0,FALSE,"BH"
590,3,0,0,FALSE,"BH"
591,2,1,0.5,TRUE,"BH"
592,2,0,0,FALSE,"BH"
593,4,0,0,FALSE,"BH"
594,2,0,0,FALSE,"BH"
595,0,0,0,FALSE,"BH"
596,3,0,0,FALSE,"BH"
597,4,1,0.25,TRUE,"BH"
598,2,1,0.5,TRUE,"BH"
599,0,0,0,FALSE,"BH"
600,1,0,0,FALSE,"BH"
601,1,0,0,FALSE,"BH"
602,4,0,0,FALSE,"BH"
603,0,0,0,FALSE,"BH"
604,2,0,0,FALSE,"BH"
605,2,0,0,FALSE,"BH"
606,0,0,0,FALSE,"BH"
607,3,1,0.333333333333333,TRUE,"BH"
608,3,0,0,FALSE,"BH"
609,0,0,0,FALSE,"BH"
610,3,1,0.333333333333333,TRUE,"BH"
611,1,0,0,FALSE,"BH"
612,2,0,0,FALSE,"BH"
613,0,0,0,FALSE,"BH"
614,2,0,0,FALSE,"BH"
615,1,1,1,TRUE,"BH"
616,0,0,0,FALSE,"BH"
617,2,0,0,FALSE,"BH"
618,0,0,0,FALSE,"BH"
619,4,0,0,FALSE,"BH"
620,1,0,0,FALSE,"BH"
621,0,0,0,FALSE,"BH"
622,0,0,0,FALSE,"BH"
623,3,1,0.333333333333333,TRUE,"BH"
624,0,0,0,FALSE,"BH"
625,4,1,0.25,TRUE,"BH"
626,1,0,0,FALSE,"BH"
627,1,0,0,FALSE,"BH"
628,0,0,0,FALSE,"BH"
629,0,0,0,FALSE,"BH"
630,4,1,0.25,TRUE,"BH"
631,3,0,0,FALSE,"BH"
632,0,0,0,FALSE,"BH"
633,1,0,0,FALSE,"BH"
634,0,0,0,FALSE,"BH"
635,2,0,0,FALSE,"BH"
636,3,0,0,FALSE,"BH"
637,3,0,0,FALSE,"BH"
638,0,0,0,FALSE,"BH"
639,3,0,0,FALSE,"BH"
640,2,0,0,FALSE,"BH"
641,0,0,0,FALSE,"BH"
642,2,0,0,FALSE,"BH"
643,3,0,0,FALSE,"BH"
644,2,0,0,FALSE,"BH"
645,3,0,0,FALSE,"BH"
646,0,0,0,FALSE,"BH"
647,2,0,0,FALSE,"BH"
648,1,0,0,FALSE,"BH"
649,0,0,0,FALSE,"BH"
650,1,0,0,FALSE,"BH"
651,0,0,0,FALSE,"BH"
652,2,0,0,FALSE,"BH"
653,2,0,0,FALSE,"BH"
654,0,0,0,FALSE,"BH"
655,2,0,0,FALSE,"BH"
656,0,0,0,FALSE,"BH"
657,4,0,0,FALSE,"BH"
658,1,0,0,FALSE,"BH"
659,2,0,0,FALSE,"BH"
660,3,0,0,FALSE,"BH"
661,0,0,0,FALSE,"BH"
662,4,1,0.25,TRUE,"BH"
663,1,0,0,FALSE,"BH"
664,0,0,0,FALSE,"BH"
665,0,0,0,FALSE,"BH"
666,0,0,0,FALSE,"BH"
667,1,0,0,FALSE,"BH"
668,1,0,0,FALSE,"BH"
669,2,0,0,FALSE,"BH"
670,4,0,0,FALSE,"BH"
671,0,0,0,FALSE,"BH"
672,3,0,0,FALSE,"BH"
673,3,0,0,FALSE,"BH"
674,2,0,0,FALSE,"BH"
675,0,0,0,FALSE,"BH"
676,2,0,0,FALSE,"BH"
677,3,0,0,FALSE,"BH"
678,1,0,0,FALSE,"BH"
679,1,0,0,FALSE,"BH"
680,1,0,0,FALSE,"BH"
681,2,0,0,FALSE,"BH"
682,3,0,0,FALSE,"BH"
683,0,0,0,FALSE,"BH"
684,2,0,0,FALSE,"BH"
685,1,0,0,FALSE,"BH"
686,2,0,0,FALSE,"BH"
687,0,0,0,FALSE,"BH"
688,2,0,0,FALSE,"BH"
689,5,2,0.4,TRUE,"BH"
690,0,0,0,FALSE,"BH"
691,2,0,0,FALSE,"BH"
692,1,0,0,FALSE,"BH"
693,3,0,0,FALSE,"BH"
694,0,0,0,FALSE,"BH"
695,0,0,0,FALSE,"BH"
696,4,1,0.25,TRUE,"BH"
697,2,0,0,FALSE,"BH"
698,0,0,0,FALSE,"BH"
699,4,1,0.25,TRUE,"BH"
700,1,0,0,FALSE,"BH"
701,0,0,0,FALSE,"BH"
702,0,0,0,FALSE,"BH"
703,0,0,0,FALSE,"BH"
704,2,0,0,FALSE,"BH"
705,2,1,0.5,TRUE,"BH"
706,2,0,0,FALSE,"BH"
707,0,0,0,FALSE,"BH"
708,3,0,0,FALSE,"BH"
709,0,0,0,FALSE,"BH"
710,2,0,0,FALSE,"BH"
711,0,0,0,FALSE,"BH"
712,1,0,0,FALSE,"BH"
713,3,0,0,FALSE,"BH"
714,0,0,0,FALSE,"BH"
715,0,0,0,FALSE,"BH"
716,5,2,0.4,TRUE,"BH"
717,3,0,0,FALSE,"BH"
718,2,0,0,FALSE,"BH"
719,2,0,0,FALSE,"BH"
720,0,0,0,FALSE,"BH"
721,1,0,0,FALSE,"BH"
722,0,0,0,FALSE,"BH"
723,2,0,0,FALSE,"BH"
724,4,1,0.25,TRUE,"BH"
725,0,0,0,FALSE,"BH"
726,3,0,0,FALSE,"BH"
727,0,0,0,FALSE,"BH"
728,2,0,0,FALSE,"BH"
729,1,0,0,FALSE,"BH"
730,4,1,0.25,TRUE,"BH"
731,0,0,0,FALSE,"BH"
732,1,0,0,FALSE,"BH"
733,3,0,0,FALSE,"BH"
734,0,0,0,FALSE,"BH"
735,2,0,0,FALSE,"BH"
736,1,0,0,FALSE,"BH"
737,1,0,0,FALSE,"BH"
738,1,0,0,FALSE,"BH"
739,2,1,0.5,TRUE,"BH"
740,0,0,0,FALSE,"BH"
741,0,0,0,FALSE,"BH"
742,0,0,0,FALSE,"BH"
743,0,0,0,FALSE,"BH"
744,1,0,0,FALSE,"BH"
745,3,0,0,FALSE,"BH"
746,1,0,0,FALSE,"BH"
747,1,0,0,FALSE,"BH"
748,3,0,0,FALSE,"BH"
749,3,0,0,FALSE,"BH"
750,0,0,0,FALSE,"BH"
751,3,0,0,FALSE,"BH"
752,0,0,0,FALSE,"BH"
753,0,0,0,FALSE,"BH"
754,0,0,0,FALSE,"BH"
755,0,0,0,FALSE,"BH"
756,3,0,0,FALSE,"BH"
757,0,0,0,FALSE,"BH"
758,1,0,0,FALSE,"BH"
759,1,0,0,FALSE,"BH"
760,3,0,0,FALSE,"BH"
761,0,0,0,FALSE,"BH"
762,2,0,0,FALSE,"BH"
763,2,0,0,FALSE,"BH"
764,1,0,0,FALSE,"BH"
765,2,0,0,FALSE,"BH"
766,1,1,1,TRUE,"BH"
767,0,0,0,FALSE,"BH"
768,1,0,0,FALSE,"BH"
769,2,0,0,FALSE,"BH"
770,2,0,0,FALSE,"BH"
771,2,0,0,FALSE,"BH"
772,1,0,0,FALSE,"BH"
773,3,1,0.333333333333333,TRUE,"BH"
774,1,0,0,FALSE,"BH"
775,1,0,0,FALSE,"BH"
776,3,0,0,FALSE,"BH"
777,1,0,0,FALSE,"BH"
778,2,0,0,FALSE,"BH"
779,2,0,0,FALSE,"BH"
780,1,0,0,FALSE,"BH"
781,0,0,0,FALSE,"BH"
782,0,0,0,FALSE,"BH"
783,0,0,0,FALSE,"BH"
784,2,0,0,FALSE,"BH"
785,2,0,0,FALSE,"BH"
786,5,1,0.2,TRUE,"BH"
787,1,0,0,FALSE,"BH"
788,1,0,0,FALSE,"BH"
789,0,0,0,FALSE,"BH"
790,2,0,0,FALSE,"BH"
791,0,0,0,FALSE,"BH"
792,0,0,0,FALSE,"BH"
793,0,0,0,FALSE,"BH"
794,0,0,0,FALSE,"BH"
795,3,0,0,FALSE,"BH"
796,0,0,0,FALSE,"BH"
797,2,0,0,FALSE,"BH"
798,2,1,0.5,TRUE,"BH"
799,3,0,0,FALSE,"BH"
800,0,0,0,FALSE,"BH"
801,1,0,0,FALSE,"BH"
802,0,0,0,FALSE,"BH"
803,1,0,0,FALSE,"BH"
804,4,0,0,FALSE,"BH"
805,3,0,0,FALSE,"BH"
806,0,0,0,FALSE,"BH"
807,0,0,0,FALSE,"BH"
808,0,0,0,FALSE,"BH"
809,1,0,0,FALSE,"BH"
810,0,0,0,FALSE,"BH"
811,2,0,0,FALSE,"BH"
812,0,0,0,FALSE,"BH"
813,3,0,0,FALSE,"BH"
814,1,0,0,FALSE,"BH"
815,0,0,0,FALSE,"BH"
816,1,0,0,FALSE,"BH"
817,1,1,1,TRUE,"BH"
818,2,0,0,FALSE,"BH"
819,2,0,0,FALSE,"BH"
820,1,0,0,FALSE,"BH"
821,4,0,0,FALSE,"BH"
822,2,0,0,FALSE,"BH"
823,0,0,0,FALSE,"BH"
824,0,0,0,FALSE,"BH"
825,3,0,0,FALSE,"BH"
826,0,0,0,FALSE,"BH"
827,0,0,0,FALSE,"BH"
828,2,0,0,FALSE,"BH"
829,4,1,0.25,TRUE,"BH"
830,3,0,0,FALSE,"BH"
831,3,1,0.333333333333333,TRUE,"BH"
832,0,0,0,FALSE,"BH"
833,0,0,0,FALSE,"BH"
834,0,0,0,FALSE,"BH"
835,3,1,0.333333333333333,TRUE,"BH"
836,3,0,0,FALSE,"BH"
837,0,0,0,FALSE,"BH"
838,0,0,0,FALSE,"BH"
839,3,1,0.333333333333333,TRUE,"BH"
840,2,0,0,FALSE,"BH"
841,2,1,0.5,TRUE,"BH"
842,2,0,0,FALSE,"BH"
843,2,0,0,FALSE,"BH"
844,5,1,0.2,TRUE,"BH"
845,1,0,0,FALSE,"BH"
846,0,0,0,FALSE,"BH"
847,2,0,0,FALSE,"BH"
848,3,0,0,FALSE,"BH"
849,5,1,0.2,TRUE,"BH"
850,2,0,0,FALSE,"BH"
851,4,0,0,FALSE,"BH"
852,0,0,0,FALSE,"BH"
853,1,0,0,FALSE,"BH"
854,0,0,0,FALSE,"BH"
855,0,0,0,FALSE,"BH"
856,0,0,0,FALSE,"BH"
857,3,0,0,FALSE,"BH"
858,0,0,0,FALSE,"BH"
859,3,0,0,FALSE,"BH"
860,0,0,0,FALSE,"BH"
861,1,0,0,FALSE,"BH"
862,1,0,0,FALSE,"BH"
863,3,0,0,FALSE,"BH"
864,0,0,0,FALSE,"BH"
865,2,0,0,FALSE,"BH"
866,1,0,0,FALSE,"BH"
867,1,0,0,FALSE,"BH"
868,0,0,0,FALSE,"BH"
869,3,0,0,FALSE,"BH"
870,1,0,0,FALSE,"BH"
871,2,0,0,FALSE,"BH"
872,0,0,0,FALSE,"BH"
873,2,0,0,FALSE,"BH"
874,0,0,0,FALSE,"BH"
875,0,0,0,FALSE,"BH"
876,4,0,0,FALSE,"BH"
877,1,0,0,FALSE,"BH"
878,3,0,0,FALSE,"BH"
879,2,0,0,FALSE,"BH"
880,0,0,0,FALSE,"BH"
881,3,0,0,FALSE,"BH"
882,1,0,0,FALSE,"BH"
883,2,0,0,FALSE,"BH"
884,0,0,0,FALSE,"BH"
885,0,0,0,FALSE,"BH"
886,3,0,0,FALSE,"BH"
887,2,0,0,FALSE,"BH"
888,2,0,0,FALSE,"BH"
889,0,0,0,FALSE,"BH"
890,1,0,0,FALSE,"BH"
891,3,0,0,FALSE,"BH"
892,2,0,0,FALSE,"BH"
893,2,0,0,FALSE,"BH"
894,2,0,0,FALSE,"BH"
895,0,0,0,FALSE,"BH"
896,4,0,0,FALSE,"BH"
897,2,0,0,FALSE,"BH"
898,3,2,0.666666666666667,TRUE,"BH"
899,2,0,0,FALSE,"BH"
900,1,1,1,TRUE,"BH"
901,2,0,0,FALSE,"BH"
902,0,0,0,FALSE,"BH"
903,2,0,0,FALSE,"BH"
904,2,0,0,FALSE,"BH"
905,1,0,0,FALSE,"BH"
906,1,0,0,FALSE,"BH"
907,0,0,0,FALSE,"BH"
908,0,0,0,FALSE,"BH"
909,1,0,0,FALSE,"BH"
910,2,0,0,FALSE,"BH"
911,1,0,0,FALSE,"BH"
912,0,0,0,FALSE,"BH"
913,2,0,0,FALSE,"BH"
914,1,0,0,FALSE,"BH"
915,0,0,0,FALSE,"BH"
916,1,1,1,TRUE,"BH"
917,0,0,0,FALSE,"BH"
918,1,1,1,TRUE,"BH"
919,0,0,0,FALSE,"BH"
920,1,0,0,FALSE,"BH"
921,1,0,0,FALSE,"BH"
922,2,0,0,FALSE,"BH"
923,3,0,0,FALSE,"BH"
924,3,0,0,FALSE,"BH"
925,3,0,0,FALSE,"BH"
926,0,0,0,FALSE,"BH"
927,2,1,0.5,TRUE,"BH"
928,1,0,0,FALSE,"BH"
929,2,0,0,FALSE,"BH"
930,0,0,0,FALSE,"BH"
931,1,0,0,FALSE,"BH"
932,2,0,0,FALSE,"BH"
933,1,0,0,FALSE,"BH"
934,2,0,0,FALSE,"BH"
935,1,0,0,FALSE,"BH"
936,3,0,0,FALSE,"BH"
937,3,1,0.333333333333333,TRUE,"BH"
938,0,0,0,FALSE,"BH"
939,2,0,0,FALSE,"BH"
940,1,0,0,FALSE,"BH"
941,1,0,0,FALSE,"BH"
942,0,0,0,FALSE,"BH"
943,0,0,0,FALSE,"BH"
944,2,0,0,FALSE,"BH"
945,0,0,0,FALSE,"BH"
946,0,0,0,FALSE,"BH"
947,0,0,0,FALSE,"BH"
948,2,0,0,FALSE,"BH"
949,0,0,0,FALSE,"BH"
950,1,0,0,FALSE,"BH"
951,2,0,0,FALSE,"BH"
952,1,0,0,FALSE,"BH"
953,0,0,0,FALSE,"BH"
954,1,0,0,FALSE,"BH"
955,1,0,0,FALSE,"BH"
956,0,0,0,FALSE,"BH"
957,0,0,0,FALSE,"BH"
958,2,0,0,FALSE,"BH"
959,4,1,0.25,TRUE,"BH"
960,2,0,0,FALSE,"BH"
961,3,0,0,FALSE,"BH"
962,1,0,0,FALSE,"BH"
963,2,0,0,FALSE,"BH"
964,0,0,0,FALSE,"BH"
965,2,0,0,FALSE,"BH"
966,3,0,0,FALSE,"BH"
967,0,0,0,FALSE,"BH"
968,1,0,0,FALSE,"BH"
969,4,1,0.25,TRUE,"BH"
970,5,1,0.2,TRUE,"BH"
971,0,0,0,FALSE,"BH"
972,3,1,0.333333333333333,TRUE,"BH"
973,2,0,0,FALSE,"BH"
974,5,1,0.2,TRUE,"BH"
975,3,0,0,FALSE,"BH"
976,0,0,0,FALSE,"BH"
977,1,0,0,FALSE,"BH"
978,3,0,0,FALSE,"BH"
979,2,1,0.5,TRUE,"BH"
980,3,0,0,FALSE,"BH"
981,0,0,0,FALSE,"BH"
982,4,1,0.25,TRUE,"BH"
983,5,1,0.2,TRUE,"BH"
984,4,0,0,FALSE,"BH"
985,0,0,0,FALSE,"BH"
986,4,0,0,FALSE,"BH"
987,0,0,0,FALSE,"BH"
988,3,0,0,FALSE,"BH"
989,2,0,0,FALSE,"BH"
990,0,0,0,FALSE,"BH"
991,4,0,0,FALSE,"BH"
992,3,0,0,FALSE,"BH"
993,1,0,0,FALSE,"BH"
994,4,1,0.25,TRUE,"BH"
995,3,0,0,FALSE,"BH"
996,1,0,0,FALSE,"BH"
997,2,0,0,FALSE,"BH"
998,0,0,0,FALSE,"BH"
999,2,0,0,FALSE,"BH"
1000,1,0,0,FALSE,"BH"
1001,3,0,0,FALSE,"BH"
1002,2,0,0,FALSE,"BH"
1003,0,0,0,FALSE,"BH"
1004,2,0,0,FALSE,"BH"
1005,3,0,0,FALSE,"BH"
1006,2,0,0,FALSE,"BH"
1007,2,0,0,FALSE,"BH"
1008,0,0,0,FALSE,"BH"
1009,3,0,0,FALSE,"BH"
1010,3,0,0,FALSE,"BH"
1011,0,0,0,FALSE,"BH"
1012,2,1,0.5,TRUE,"BH"
1013,2,0,0,FALSE,"BH"
1014,5,1,0.2,TRUE,"BH"
1015,2,0,0,FALSE,"BH"
1016,3,0,0,FALSE,"BH"
1017,0,0,0,FALSE,"BH"
1018,0,0,0,FALSE,"BH"
1019,4,0,0,FALSE,"BH"
1020,3,0,0,FALSE,"BH"
1021,0,0,0,FALSE,"BH"
1022,0,0,0,FALSE,"BH"
1023,1,0,0,FALSE,"BH"
1024,0,0,0,FALSE,"BH"
1025,2,0,0,FALSE,"BH"
1026,0,0,0,FALSE,"BH"
1027,1,0,0,FALSE,"BH"
1028,0,0,0,FALSE,"BH"
1029,2,0,0,FALSE,"BH"
1030,0,0,0,FALSE,"BH"
1031,0,0,0,FALSE,"BH"
1032,0,0,0,FALSE,"BH"
1033,2,0,0,FALSE,"BH"
1034,1,0,0,FALSE,"BH"
1035,0,0,0,FALSE,"BH"
1036,1,0,0,FALSE,"BH"
1037,0,0,0,FALSE,"BH"
1038,1,0,0,FALSE,"BH"
1039,4,0,0,FALSE,"BH"
1040,0,0,0,FALSE,"BH"
1041,1,0,0,FALSE,"BH"
1042,4,1,0.25,TRUE,"BH"
1043,2,1,0.5,TRUE,"BH"
1044,1,0,0,FALSE,"BH"
1045,2,0,0,FALSE,"BH"
1046,0,0,0,FALSE,"BH"
1047,2,0,0,FALSE,"BH"
1048,2,0,0,FALSE,"BH"
1049,2,0,0,FALSE,"BH"
1050,1,0,0,FALSE,"BH"
1051,3,1,0.333333333333333,TRUE,"BH"
1052,3,0,0,FALSE,"BH"
1053,4,0,0,FALSE,"BH"
1054,0,0,0,FALSE,"BH"
1055,0,0,0,FALSE,"BH"
1056,3,0,0,FALSE,"BH"
1057,4,1,0.25,TRUE,"BH"
1058,4,1,0.25,TRUE,"BH"
1059,2,0,0,FALSE,"BH"
1060,4,0,0,FALSE,"BH"
1061,0,0,0,FALSE,"BH"
1062,2,0,0,FALSE,"BH"
1063,2,0,0,FALSE,"BH"
1064,0,0,0,FALSE,"BH"
1065,4,2,0.5,TRUE,"BH"
1066,3,0,0,FALSE,"BH"
1067,0,0,0,FALSE,"BH"
1068,0,0,0,FALSE,"BH"
1069,0,0,0,FALSE,"BH"
1070,0,0,0,FALSE,"BH"
1071,1,0,0,FALSE,"BH"
1072,1,0,0,FALSE,"BH"
1073,2,1,0.5,TRUE,"BH"
1074,0,0,0,FALSE,"BH"
1075,2,0,0,FALSE,"BH"
1076,0,0,0,FALSE,"BH"
1077,0,0,0,FALSE,"BH"
1078,3,0,0,FALSE,"BH"
1079,3,0,0,FALSE,"BH"
1080,1,0,0,FALSE,"BH"
1081,0,0,0,FALSE,"BH"
1082,2,0,0,FALSE,"BH"
1083,2,0,0,FALSE,"BH"
1084,0,0,0,FALSE,"BH"
1085,0,0,0,FALSE,"BH"
1086,0,0,0,FALSE,"BH"
1087,2,0,0,FALSE,"BH"
1088,0,0,0,FALSE,"BH"
1089,2,0,0,FALSE,"BH"
1090,0,0,0,FALSE,"BH"
1091,1,0,0,FALSE,"BH"
1092,4,0,0,FALSE,"BH"
1093,1,0,0,FALSE,"BH"
1094,0,0,0,FALSE,"BH"
1095,1,0,0,FALSE,"BH"
1096,3,1,0.333333333333333,TRUE,"BH"
1097,3,1,0.333333333333333,TRUE,"BH"
1098,4,1,0.25,TRUE,"BH"
1099,0,0,0,FALSE,"BH"
1100,1,0,0,FALSE,"BH"
1101,0,0,0,FALSE,"BH"
1102,0,0,0,FALSE,"BH"
1103,3,0,0,FALSE,"BH"
1104,1,0,0,FALSE,"BH"
1105,2,0,0,FALSE,"BH"
1106,1,0,0,FALSE,"BH"
1107,0,0,0,FALSE,"BH"
1108,0,0,0,FALSE,"BH"
1109,4,0,0,FALSE,"BH"
1110,2,0,0,FALSE,"BH"
1111,2,0,0,FALSE,"BH"
1112,0,0,0,FALSE,"BH"
1113,0,0,0,FALSE,"BH"
1114,1,0,0,FALSE,"BH"
1115,2,0,0,FALSE,"BH"
1116,3,1,0.333333333333333,TRUE,"BH"
1117,1,0,0,FALSE,"BH"
1118,1,0,0,FALSE,"BH"
1119,3,0,0,FALSE,"BH"
1120,3,0,0,FALSE,"BH"
1121,1,0,0,FALSE,"BH"
1122,0,0,0,FALSE,"BH"
1123,0,0,0,FALSE,"BH"
1124,4,0,0,FALSE,"BH"
1125,0,0,0,FALSE,"BH"
1126,4,0,0,FALSE,"BH"
1127,0,0,0,FALSE,"BH"
1128,1,0,0,FALSE,"BH"
1129,2,0,0,FALSE,"BH"
1130,2,0,0,FALSE,"BH"
1131,3,0,0,FALSE,"BH"
1132,0,0,0,FALSE,"BH"
1133,1,0,0,FALSE,"BH"
1134,0,0,0,FALSE,"BH"
1135,2,0,0,FALSE,"BH"
1136,1,0,0,FALSE,"BH"
1137,0,0,0,FALSE,"BH"
1138,3,1,0.333333333333333,TRUE,"BH"
1139,1,0,0,FALSE,"BH"
1140,0,0,0,FALSE,"BH"
1141,1,0,0,FALSE,"BH"
1142,4,0,0,FALSE,"BH"
1143,2,0,0,FALSE,"BH"
1144,2,0,0,FALSE,"BH"
1145,0,0,0,FALSE,"BH"
1146,2,0,0,FALSE,"BH"
1147,3,0,0,FALSE,"BH"
1148,1,0,0,FALSE,"BH"
1149,0,0,0,FALSE,"BH"
1150,2,0,0,FALSE,"BH"
1151,0,0,0,FALSE,"BH"
1152,1,0,0,FALSE,"BH"
1153,1,0,0,FALSE,"BH"
1154,0,0,0,FALSE,"BH"
1155,3,0,0,FALSE,"BH"
1156,0,0,0,FALSE,"BH"
1157,2,0,0,FALSE,"BH"
1158,1,0,0,FALSE,"BH"
1159,3,0,0,FALSE,"BH"
1160,3,0,0,FALSE,"BH"
1161,2,1,0.5,TRUE,"BH"
1162,0,0,0,FALSE,"BH"
1163,2,0,0,FALSE,"BH"
1164,3,0,0,FALSE,"BH"
1165,0,0,0,FALSE,"BH"
1166,3,0,0,FALSE,"BH"
1167,2,0,0,FALSE,"BH"
1168,2,0,0,FALSE,"BH"
1169,2,0,0,FALSE,"BH"
1170,0,0,0,FALSE,"BH"
1171,0,0,0,FALSE,"BH"
1172,0,0,0,FALSE,"BH"
1173,1,0,0,FALSE,"BH"
1174,2,0,0,FALSE,"BH"
1175,0,0,0,FALSE,"BH"
1176,0,0,0,FALSE,"BH"
1177,2,0,0,FALSE,"BH"
1178,1,0,0,FALSE,"BH"
1179,3,0,0,FALSE,"BH"
1180,0,0,0,FALSE,"BH"
1181,1,0,0,FALSE,"BH"
1182,2,0,0,FALSE,"BH"
1183,2,0,0,FALSE,"BH"
1184,0,0,0,FALSE,"BH"
1185,0,0,0,FALSE,"BH"
1186,2,0,0,FALSE,"BH"
1187,0,0,0,FALSE,"BH"
1188,1,0,0,FALSE,"BH"
1189,0,0,0,FALSE,"BH"
1190,3,0,0,FALSE,"BH"
1191,0,0,0,FALSE,"BH"
1192,0,0,0,FALSE,"BH"
1193,5,1,0.2,TRUE,"BH"
1194,1,1,1,TRUE,"BH"
1195,0,0,0,FALSE,"BH"
1196,0,0,0,FALSE,"BH"
1197,0,0,0,FALSE,"BH"
1198,1,0,0,FALSE,"BH"
1199,0,0,0,FALSE,"BH"
1200,2,1,0.5,TRUE,"BH"
1201,0,0,0,FALSE,"BH"
1202,3,2,0.666666666666667,TRUE,"BH"
1203,0,0,0,FALSE,"BH"
1204,0,0,0,FALSE,"BH"
1205,2,0,0,FALSE,"BH"
1206,1,1,1,TRUE,"BH"
1207,1,0,0,FALSE,"BH"
1208,2,0,0,FALSE,"BH"
1209,0,0,0,FALSE,"BH"
1210,2,0,0,FALSE,"BH"
1211,2,0,0,FALSE,"BH"
1212,2,0,0,FALSE,"BH"
1213,2,0,0,FALSE,"BH"
1214,0,0,0,FALSE,"BH"
1215,2,0,0,FALSE,"BH"
1216,1,0,0,FALSE,"BH"
1217,1,0,0,FALSE,"BH"
1218,0,0,0,FALSE,"BH"
1219,0,0,0,FALSE,"BH"
1220,0,0,0,FALSE,"BH"
1221,0,0,0,FALSE,"BH"
1222,3,0,0,FALSE,"BH"
1223,1,0,0,FALSE,"BH"
1224,4,0,0,FALSE,"BH"
1225,5,1,0.2,TRUE,"BH"
1226,0,0,0,FALSE,"BH"
1227,6,2,0.333333333333333,TRUE,"BH"
1228,4,1,0.25,TRUE,"BH"
1229,2,0,0,FALSE,"BH"
1230,1,0,0,FALSE,"BH"
1231,2,0,0,FALSE,"BH"
1232,0,0,0,FALSE,"BH"
1233,0,0,0,FALSE,"BH"
1234,0,0,0,FALSE,"BH"
1235,3,1,0.333333333333333,TRUE,"BH"
1236,1,0,0,FALSE,"BH"
1237,2,0,0,FALSE,"BH"
1238,0,0,0,FALSE,"BH"
1239,0,0,0,FALSE,"BH"
1240,4,1,0.25,TRUE,"BH"
1241,1,0,0,FALSE,"BH"
1242,0,0,0,FALSE,"BH"
1243,0,0,0,FALSE,"BH"
1244,1,0,0,FALSE,"BH"
1245,0,0,0,FALSE,"BH"
1246,0,0,0,FALSE,"BH"
1247,2,0,0,FALSE,"BH"
1248,2,0,0,FALSE,"BH"
1249,3,1,0.333333333333333,TRUE,"BH"
1250,1,0,0,FALSE,"BH"
1251,0,0,0,FALSE,"BH"
1252,2,0,0,FALSE,"BH"
1253,4,0,0,FALSE,"BH"
1254,1,0,0,FALSE,"BH"
1255,1,0,0,FALSE,"BH"
1256,0,0,0,FALSE,"BH"
1257,2,0,0,FALSE,"BH"
1258,2,0,0,FALSE,"BH"
1259,1,0,0,FALSE,"BH"
1260,0,0,0,FALSE,"BH"
1261,1,0,0,FALSE,"BH"
1262,1,0,0,FALSE,"BH"
1263,2,1,0.5,TRUE,"BH"
1264,4,0,0,FALSE,"BH"
1265,1,0,0,FALSE,"BH"
1266,3,0,0,FALSE,"BH"
1267,1,0,0,FALSE,"BH"
1268,2,0,0,FALSE,"BH"
1269,0,0,0,FALSE,"BH"
1270,1,0,0,FALSE,"BH"
1271,2,0,0,FALSE,"BH"
1272,1,0,0,FALSE,"BH"
1273,6,3,0.5,TRUE,"BH"
1274,2,0,0,FALSE,"BH"
1275,2,0,0,FALSE,"BH"
1276,3,0,0,FALSE,"BH"
1277,2,0,0,FALSE,"BH"
1278,1,0,0,FALSE,"BH"
1279,0,0,0,FALSE,"BH"
1280,0,0,0,FALSE,"BH"
1281,5,2,0.4,TRUE,"BH"
1282,2,0,0,FALSE,"BH"
1283,2,0,0,FALSE,"BH"
1284,0,0,0,FALSE,"BH"
1285,0,0,0,FALSE,"BH"
1286,1,0,0,FALSE,"BH"
1287,1,0,0,FALSE,"BH"
1288,1,0,0,FALSE,"BH"
1289,0,0,0,FALSE,"BH"
1290,0,0,0,FALSE,"BH"
1291,0,0,0,FALSE,"BH"
1292,0,0,0,FALSE,"BH"
1293,2,0,0,FALSE,"BH"
1294,0,0,0,FALSE,"BH"
1295,0,0,0,FALSE,"BH"
1296,3,1,0.333333333333333,TRUE,"BH"
1297,1,0,0,FALSE,"BH"
1298,3,0,0,FALSE,"BH"
1299,0,0,0,FALSE,"BH"
1300,2,0,0,FALSE,"BH"
1301,1,0,0,FALSE,"BH"
1302,0,0,0,FALSE,"BH"
1303,1,0,0,FALSE,"BH"
1304,1,0,0,FALSE,"BH"
1305,3,0,0,FALSE,"BH"
1306,0,0,0,FALSE,"BH"
1307,2,0,0,FALSE,"BH"
1308,4,0,0,FALSE,"BH"
1309,0,0,0,FALSE,"BH"
1310,4,1,0.25,TRUE,"BH"
1311,2,1,0.5,TRUE,"BH"
1312,0,0,0,FALSE,"BH"
1313,2,0,0,FALSE,"BH"
1314,1,0,0,FALSE,"BH"
1315,3,0,0,FALSE,"BH"
1316,2,0,0,FALSE,"BH"
1317,3,0,0,FALSE,"BH"
1318,3,0,0,FALSE,"BH"
1319,3,1,0.333333333333333,TRUE,"BH"
1320,0,0,0,FALSE,"BH"
1321,0,0,0,FALSE,"BH"
1322,0,0,0,FALSE,"BH"
1323,0,0,0,FALSE,"BH"
1324,3,1,0.333333333333333,TRUE,"BH"
1325,2,0,0,FALSE,"BH"
1326,3,0,0,FALSE,"BH"
1327,0,0,0,FALSE,"BH"
1328,1,0,0,FALSE,"BH"
1329,0,0,0,FALSE,"BH"
1330,0,0,0,FALSE,"BH"
1331,4,0,0,FALSE,"BH"
1332,1,0,0,FALSE,"BH"
1333,0,0,0,FALSE,"BH"
1334,2,0,0,FALSE,"BH"
1335,0,0,0,FALSE,"BH"
1336,3,0,0,FALSE,"BH"
1337,0,0,0,FALSE,"BH"
1338,2,1,0.5,TRUE,"BH"
1339,1,0,0,FALSE,"BH"
1340,4,1,0.25,TRUE,"BH"
1341,3,1,0.333333333333333,TRUE,"BH"
1342,0,0,0,FALSE,"BH"
1343,3,0,0,FALSE,"BH"
1344,4,0,0,FALSE,"BH"
1345,0,0,0,FALSE,"BH"
1346,1,0,0,FALSE,"BH"
1347,3,0,0,FALSE,"BH"
1348,3,0,0,FALSE,"BH"
1349,0,0,0,FALSE,"BH"
1350,3,0,0,FALSE,"BH"
1351,0,0,0,FALSE,"BH"
1352,4,0,0,FALSE,"BH"
1353,0,0,0,FALSE,"BH"
1354,3,0,0,FALSE,"BH"
1355,4,1,0.25,TRUE,"BH"
1356,2,0,0,FALSE,"BH"
1357,2,0,0,FALSE,"BH"
1358,2,0,0,FALSE,"BH"
1359,1,0,0,FALSE,"BH"
1360,1,0,0,FALSE,"BH"
1361,4,0,0,FALSE,"BH"
1362,0,0,0,FALSE,"BH"
1363,1,0,0,FALSE,"BH"
1364,3,0,0,FALSE,"BH"
1365,0,0,0,FALSE,"BH"
1366,3,0,0,FALSE,"BH"
1367,2,0,0,FALSE,"BH"
1368,1,0,0,FALSE,"BH"
1369,2,0,0,FALSE,"BH"
1370,0,0,0,FALSE,"BH"
1371,0,0,0,FALSE,"BH"
1372,0,0,0,FALSE,"BH"
1373,2,0,0,FALSE,"BH"
1374,0,0,0,FALSE,"BH"
1375,2,0,0,FALSE,"BH"
1376,2,0,0,FALSE,"BH"
1377,2,0,0,FALSE,"BH"
1378,0,0,0,FALSE,"BH"
1379,2,0,0,FALSE,"BH"
1380,0,0,0,FALSE,"BH"
1381,2,0,0,FALSE,"BH"
1382,2,0,0,FALSE,"BH"
1383,2,0,0,FALSE,"BH"
1384,1,0,0,FALSE,"BH"
1385,1,0,0,FALSE,"BH"
1386,3,1,0.333333333333333,TRUE,"BH"
1387,2,0,0,FALSE,"BH"
1388,4,1,0.25,TRUE,"BH"
1389,1,0,0,FALSE,"BH"
1390,0,0,0,FALSE,"BH"
1391,2,1,0.5,TRUE,"BH"
1392,2,0,0,FALSE,"BH"
1393,4,0,0,FALSE,"BH"
1394,1,0,0,FALSE,"BH"
1395,3,0,0,FALSE,"BH"
1396,2,0,0,FALSE,"BH"
1397,2,0,0,FALSE,"BH"
1398,0,0,0,FALSE,"BH"
1399,1,0,0,FALSE,"BH"
1400,0,0,0,FALSE,"BH"
1401,0,0,0,FALSE,"BH"
1402,0,0,0,FALSE,"BH"
1403,0,0,0,FALSE,"BH"
1404,4,1,0.25,TRUE,"BH"
1405,0,0,0,FALSE,"BH"
1406,0,0,0,FALSE,"BH"
1407,3,0,0,FALSE,"BH"
1408,0,0,0,FALSE,"BH"
1409,0,0,0,FALSE,"BH"
1410,2,1,0.5,TRUE,"BH"
1411,3,0,0,FALSE,"BH"
1412,4,1,0.25,TRUE,"BH"
1413,5,1,0.2,TRUE,"BH"
1414,4,1,0.25,TRUE,"BH"
1415,1,1,1,TRUE,"BH"
1416,1,0,0,FALSE,"BH"
1417,2,0,0,FALSE,"BH"
1418,3,0,0,FALSE,"BH"
1419,3,0,0,FALSE,"BH"
1420,0,0,0,FALSE,"BH"
1421,0,0,0,FALSE,"BH"
1422,2,0,0,FALSE,"BH"
1423,2,0,0,FALSE,"BH"
1424,0,0,0,FALSE,"BH"
1425,4,2,0.5,TRUE,"BH"
1426,2,1,0.5,TRUE,"BH"
1427,0,0,0,FALSE,"BH"
1428,2,0,0,FALSE,"BH"
1429,5,1,0.2,TRUE,"BH"
1430,1,0,0,FALSE,"BH"
1431,5,1,0.2,TRUE,"BH"
1432,2,1,0.5,TRUE,"BH"
1433,1,0,0,FALSE,"BH"
1434,3,0,0,FALSE,"BH"
1435,3,0,0,FALSE,"BH"
1436,2,0,0,FALSE,"BH"
1437,4,0,0,FALSE,"BH"
1438,0,0,0,FALSE,"BH"
1439,1,0,0,FALSE,"BH"
1440,2,0,0,FALSE,"BH"
1441,1,0,0,FALSE,"BH"
1442,0,0,0,FALSE,"BH"
1443,5,1,0.2,TRUE,"BH"
1444,3,1,0.333333333333333,TRUE,"BH"
1445,2,0,0,FALSE,"BH"
1446,1,0,0,FALSE,"BH"
1447,1,0,0,FALSE,"BH"
1448,0,0,0,FALSE,"BH"
1449,0,0,0,FALSE,"BH"
1450,0,0,0,FALSE,"BH"
1451,2,1,0.5,TRUE,"BH"
1452,0,0,0,FALSE,"BH"
1453,1,0,0,FALSE,"BH"
1454,2,0,0,FALSE,"BH"
1455,4,1,0.25,TRUE,"BH"
1456,0,0,0,FALSE,"BH"
1457,3,0,0,FALSE,"BH"
1458,2,0,0,FALSE,"BH"
1459,1,0,0,FALSE,"BH"
1460,0,0,0,FALSE,"BH"
1461,0,0,0,FALSE,"BH"
1462,4,0,0,FALSE,"BH"
1463,1,0,0,FALSE,"BH"
1464,4,0,0,FALSE,"BH"
1465,2,0,0,FALSE,"BH"
1466,0,0,0,FALSE,"BH"
1467,4,0,0,FALSE,"BH"
1468,0,0,0,FALSE,"BH"
1469,1,0,0,FALSE,"BH"
1470,3,1,0.333333333333333,TRUE,"BH"
1471,3,0,0,FALSE,"BH"
1472,3,0,0,FALSE,"BH"
1473,4,0,0,FALSE,"BH"
1474,3,0,0,FALSE,"BH"
1475,2,0,0,FALSE,"BH"
1476,1,1,1,TRUE,"BH"
1477,3,1,0.333333333333333,TRUE,"BH"
1478,3,1,0.333333333333333,TRUE,"BH"
1479,2,0,0,FALSE,"BH"
1480,2,0,0,FALSE,"BH"
1481,2,0,0,FALSE,"BH"
1482,3,0,0,FALSE,"BH"
1483,0,0,0,FALSE,"BH"
1484,2,0,0,FALSE,"BH"
1485,3,0,0,FALSE,"BH"
1486,2,0,0,FALSE,"BH"
1487,2,0,0,FALSE,"BH"
1488,3,1,0.333333333333333,TRUE,"BH"
1489,2,0,0,FALSE,"BH"
1490,3,0,0,FALSE,"BH"
1491,1,0,0,FALSE,"BH"
1492,2,0,0,FALSE,"BH"
1493,4,1,0.25,TRUE,"BH"
1494,0,0,0,FALSE,"BH"
1495,2,0,0,FALSE,"BH"
1496,0,0,0,FALSE,"BH"
1497,0,0,0,FALSE,"BH"
1498,1,1,1,TRUE,"BH"
1499,1,0,0,FALSE,"BH"
1500,0,0,0,FALSE,"BH"
1501,2,0,0,FALSE,"BH"
1502,3,1,0.333333333333333,TRUE,"BH"
1503,1,0,0,FALSE,"BH"
1504,1,0,0,FALSE,"BH"
1505,1,0,0,FALSE,"BH"
1506,4,0,0,FALSE,"BH"
1507,1,0,0,FALSE,"BH"
1508,0,0,0,FALSE,"BH"
1509,1,0,0,FALSE,"BH"
1510,1,0,0,FALSE,"BH"
1511,0,0,0,FALSE,"BH"
1512,0,0,0,FALSE,"BH"
1513,1,0,0,FALSE,"BH"
1514,3,0,0,FALSE,"BH"
1515,0,0,0,FALSE,"BH"
1516,1,0,0,FALSE,"BH"
1517,0,0,0,FALSE,"BH"
1518,0,0,0,FALSE,"BH"
1519,2,0,0,FALSE,"BH"
1520,0,0,0,FALSE,"BH"
1521,1,0,0,FALSE,"BH"
1522,1,0,0,FALSE,"BH"
1523,1,0,0,FALSE,"BH"
1524,1,0,0,FALSE,"BH"
1525,0,0,0,FALSE,"BH"
1526,1,0,0,FALSE,"BH"
1527,3,0,0,FALSE,"BH"
1528,1,0,0,FALSE,"BH"
1529,1,0,0,FALSE,"BH"
1530,4,0,0,FALSE,"BH"
1531,2,0,0,FALSE,"BH"
1532,1,0,0,FALSE,"BH"
1533,1,0,0,FALSE,"BH"
1534,0,0,0,FALSE,"BH"
1535,1,0,0,FALSE,"BH"
1536,1,0,0,FALSE,"BH"
1537,0,0,0,FALSE,"BH"
1538,3,0,0,FALSE,"BH"
1539,4,0,0,FALSE,"BH"
1540,0,0,0,FALSE,"BH"
1541,0,0,0,FALSE,"BH"
1542,0,0,0,FALSE,"BH"
1543,1,0,0,FALSE,"BH"
1544,1,1,1,TRUE,"BH"
1545,1,0,0,FALSE,"BH"
1546,1,0,0,FALSE,"BH"
1547,2,0,0,FALSE,"BH"
1548,0,0,0,FALSE,"BH"
1549,3,0,0,FALSE,"BH"
1550,0,0,0,FALSE,"BH"
1551,1,0,0,FALSE,"BH"
1552,1,0,0,FALSE,"BH"
1553,0,0,0,FALSE,"BH"
1554,0,0,0,FALSE,"BH"
1555,1,0,0,FALSE,"BH"
1556,1,0,0,FALSE,"BH"
1557,0,0,0,FALSE,"BH"
1558,3,0,0,FALSE,"BH"
1559,0,0,0,FALSE,"BH"
1560,0,0,0,FALSE,"BH"
1561,2,1,0.5,TRUE,"BH"
1562,0,0,0,FALSE,"BH"
1563,1,0,0,FALSE,"BH"
1564,2,0,0,FALSE,"BH"
1565,0,0,0,FALSE,"BH"
1566,0,0,0,FALSE,"BH"
1567,2,0,0,FALSE,"BH"
1568,3,0,0,FALSE,"BH"
1569,0,0,0,FALSE,"BH"
1570,0,0,0,FALSE,"BH"
1571,2,0,0,FALSE,"BH"
1572,3,0,0,FALSE,"BH"
1573,2,0,0,FALSE,"BH"
1574,1,0,0,FALSE,"BH"
1575,1,0,0,FALSE,"BH"
1576,0,0,0,FALSE,"BH"
1577,4,1,0.25,TRUE,"BH"
1578,0,0,0,FALSE,"BH"
1579,3,0,0,FALSE,"BH"
1580,0,0,0,FALSE,"BH"
1581,1,0,0,FALSE,"BH"
1582,0,0,0,FALSE,"BH"
1583,1,0,0,FALSE,"BH"
1584,1,0,0,FALSE,"BH"
1585,0,0,0,FALSE,"BH"
1586,3,1,0.333333333333333,TRUE,"BH"
1587,1,0,0,FALSE,"BH"
1588,0,0,0,FALSE,"BH"
1589,3,0,0,FALSE,"BH"
1590,0,0,0,FALSE,"BH"
1591,2,0,0,FALSE,"BH"
1592,1,0,0,FALSE,"BH"
1593,1,0,0,FALSE,"BH"
1594,3,0,0,FALSE,"BH"
1595,1,0,0,FALSE,"BH"
1596,2,0,0,FALSE,"BH"
1597,0,0,0,FALSE,"BH"
1598,1,0,0,FALSE,"BH"
1599,1,0,0,FALSE,"BH"
1600,0,0,0,FALSE,"BH"
1601,2,0,0,FALSE,"BH"
1602,3,0,0,FALSE,"BH"
1603,0,0,0,FALSE,"BH"
1604,3,0,0,FALSE,"BH"
1605,1,0,0,FALSE,"BH"
1606,0,0,0,FALSE,"BH"
1607,3,0,0,FALSE,"BH"
1608,0,0,0,FALSE,"BH"
1609,0,0,0,FALSE,"BH"
1610,1,0,0,FALSE,"BH"
1611,0,0,0,FALSE,"BH"
1612,0,0,0,FALSE,"BH"
1613,4,1,0.25,TRUE,"BH"
1614,1,0,0,FALSE,"BH"
1615,0,0,0,FALSE,"BH"
1616,3,0,0,FALSE,"BH"
1617,3,1,0.333333333333333,TRUE,"BH"
1618,0,0,0,FALSE,"BH"
1619,0,0,0,FALSE,"BH"
1620,2,0,0,FALSE,"BH"
1621,0,0,0,FALSE,"BH"
1622,0,0,0,FALSE,"BH"
1623,0,0,0,FALSE,"BH"
1624,2,0,0,FALSE,"BH"
1625,0,0,0,FALSE,"BH"
1626,1,0,0,FALSE,"BH"
1627,0,0,0,FALSE,"BH"
1628,0,0,0,FALSE,"BH"
1629,1,0,0,FALSE,"BH"
1630,4,0,0,FALSE,"BH"
1631,0,0,0,FALSE,"BH"
1632,5,1,0.2,TRUE,"BH"
1633,1,0,0,FALSE,"BH"
1634,1,0,0,FALSE,"BH"
1635,2,0,0,FALSE,"BH"
1636,3,0,0,FALSE,"BH"
1637,0,0,0,FALSE,"BH"
1638,0,0,0,FALSE,"BH"
1639,2,0,0,FALSE,"BH"
1640,2,0,0,FALSE,"BH"
1641,5,2,0.4,TRUE,"BH"
1642,1,0,0,FALSE,"BH"
1643,0,0,0,FALSE,"BH"
1644,1,0,0,FALSE,"BH"
1645,2,0,0,FALSE,"BH"
1646,0,0,0,FALSE,"BH"
1647,4,1,0.25,TRUE,"BH"
1648,0,0,0,FALSE,"BH"
1649,1,0,0,FALSE,"BH"
1650,2,0,0,FALSE,"BH"
1651,3,0,0,FALSE,"BH"
1652,0,0,0,FALSE,"BH"
1653,1,0,0,FALSE,"BH"
1654,4,0,0,FALSE,"BH"
1655,0,0,0,FALSE,"BH"
1656,2,0,0,FALSE,"BH"
1657,2,0,0,FALSE,"BH"
1658,0,0,0,FALSE,"BH"
1659,0,0,0,FALSE,"BH"
1660,0,0,0,FALSE,"BH"
1661,1,0,0,FALSE,"BH"
1662,0,0,0,FALSE,"BH"
1663,2,0,0,FALSE,"BH"
1664,1,0,0,FALSE,"BH"
1665,2,0,0,FALSE,"BH"
1666,3,0,0,FALSE,"BH"
1667,3,1,0.333333333333333,TRUE,"BH"
1668,2,0,0,FALSE,"BH"
1669,0,0,0,FALSE,"BH"
1670,0,0,0,FALSE,"BH"
1671,3,0,0,FALSE,"BH"
1672,3,0,0,FALSE,"BH"
1673,2,0,0,FALSE,"BH"
1674,1,0,0,FALSE,"BH"
1675,1,0,0,FALSE,"BH"
1676,4,1,0.25,TRUE,"BH"
1677,0,0,0,FALSE,"BH"
1678,0,0,0,FALSE,"BH"
1679,0,0,0,FALSE,"BH"
1680,0,0,0,FALSE,"BH"
1681,3,0,0,FALSE,"BH"
1682,2,0,0,FALSE,"BH"
1683,2,0,0,FALSE,"BH"
1684,2,0,0,FALSE,"BH"
1685,2,0,0,FALSE,"BH"
1686,0,0,0,FALSE,"BH"
1687,0,0,0,FALSE,"BH"
1688,2,0,0,FALSE,"BH"
1689,2,2,1,TRUE,"BH"
1690,3,0,0,FALSE,"BH"
1691,0,0,0,FALSE,"BH"
1692,3,1,0.333333333333333,TRUE,"BH"
1693,3,0,0,FALSE,"BH"
1694,2,0,0,FALSE,"BH"
1695,1,0,0,FALSE,"BH"
1696,3,0,0,FALSE,"BH"
1697,5,1,0.2,TRUE,"BH"
1698,2,0,0,FALSE,"BH"
1699,0,0,0,FALSE,"BH"
1700,1,0,0,FALSE,"BH"
1701,0,0,0,FALSE,"BH"
1702,0,0,0,FALSE,"BH"
1703,4,1,0.25,TRUE,"BH"
1704,3,1,0.333333333333333,TRUE,"BH"
1705,4,0,0,FALSE,"BH"
1706,3,0,0,FALSE,"BH"
1707,1,1,1,TRUE,"BH"
1708,0,0,0,FALSE,"BH"
1709,0,0,0,FALSE,"BH"
1710,4,2,0.5,TRUE,"BH"
1711,0,0,0,FALSE,"BH"
1712,0,0,0,FALSE,"BH"
1713,1,0,0,FALSE,"BH"
1714,2,0,0,FALSE,"BH"
1715,1,0,0,FALSE,"BH"
1716,0,0,0,FALSE,"BH"
1717,3,0,0,FALSE,"BH"
1718,0,0,0,FALSE,"BH"
1719,1,0,0,FALSE,"BH"
1720,0,0,0,FALSE,"BH"
1721,0,0,0,FALSE,"BH"
1722,0,0,0,FALSE,"BH"
1723,2,0,0,FALSE,"BH"
1724,2,0,0,FALSE,"BH"
1725,3,0,0,FALSE,"BH"
1726,0,0,0,FALSE,"BH"
1727,0,0,0,FALSE,"BH"
1728,0,0,0,FALSE,"BH"
1729,3,0,0,FALSE,"BH"
1730,1,0,0,FALSE,"BH"
1731,1,0,0,FALSE,"BH"
1732,3,0,0,FALSE,"BH"
1733,5,1,0.2,TRUE,"BH"
1734,0,0,0,FALSE,"BH"
1735,0,0,0,FALSE,"BH"
1736,1,0,0,FALSE,"BH"
1737,0,0,0,FALSE,"BH"
1738,2,0,0,FALSE,"BH"
1739,1,0,0,FALSE,"BH"
1740,2,0,0,FALSE,"BH"
1741,2,0,0,FALSE,"BH"
1742,1,0,0,FALSE,"BH"
1743,0,0,0,FALSE,"BH"
1744,0,0,0,FALSE,"BH"
1745,0,0,0,FALSE,"BH"
1746,1,0,0,FALSE,"BH"
1747,0,0,0,FALSE,"BH"
1748,2,0,0,FALSE,"BH"
1749,0,0,0,FALSE,"BH"
1750,1,0,0,FALSE,"BH"
1751,0,0,0,FALSE,"BH"
1752,0,0,0,FALSE,"BH"
1753,2,0,0,FALSE,"BH"
1754,4,0,0,FALSE,"BH"
1755,0,0,0,FALSE,"BH"
1756,0,0,0,FALSE,"BH"
1757,4,0,0,FALSE,"BH"
1758,3,0,0,FALSE,"BH"
1759,2,0,0,FALSE,"BH"
1760,3,0,0,FALSE,"BH"
1761,0,0,0,FALSE,"BH"
1762,0,0,0,FALSE,"BH"
1763,1,0,0,FALSE,"BH"
1764,1,1,1,TRUE,"BH"
1765,0,0,0,FALSE,"BH"
1766,1,0,0,FALSE,"BH"
1767,1,0,0,FALSE,"BH"
1768,2,0,0,FALSE,"BH"
1769,0,0,0,FALSE,"BH"
1770,0,0,0,FALSE,"BH"
1771,0,0,0,FALSE,"BH"
1772,2,0,0,FALSE,"BH"
1773,0,0,0,FALSE,"BH"
1774,0,0,0,FALSE,"BH"
1775,4,0,0,FALSE,"BH"
1776,0,0,0,FALSE,"BH"
1777,1,1,1,TRUE,"BH"
1778,0,0,0,FALSE,"BH"
1779,2,0,0,FALSE,"BH"
1780,0,0,0,FALSE,"BH"
1781,0,0,0,FALSE,"BH"
1782,3,0,0,FALSE,"BH"
1783,0,0,0,FALSE,"BH"
1784,3,0,0,FALSE,"BH"
1785,2,0,0,FALSE,"BH"
1786,3,0,0,FALSE,"BH"
1787,3,0,0,FALSE,"BH"
1788,5,2,0.4,TRUE,"BH"
1789,4,0,0,FALSE,"BH"
1790,2,1,0.5,TRUE,"BH"
1791,0,0,0,FALSE,"BH"
1792,2,0,0,FALSE,"BH"
1793,3,0,0,FALSE,"BH"
1794,1,0,0,FALSE,"BH"
1795,5,2,0.4,TRUE,"BH"
1796,4,0,0,FALSE,"BH"
1797,2,0,0,FALSE,"BH"
1798,0,0,0,FALSE,"BH"
1799,0,0,0,FALSE,"BH"
1800,2,0,0,FALSE,"BH"
1801,1,0,0,FALSE,"BH"
1802,0,0,0,FALSE,"BH"
1803,3,0,0,FALSE,"BH"
1804,0,0,0,FALSE,"BH"
1805,0,0,0,FALSE,"BH"
1806,1,0,0,FALSE,"BH"
1807,4,0,0,FALSE,"BH"
1808,3,1,0.333333333333333,TRUE,"BH"
1809,1,0,0,FALSE,"BH"
1810,5,1,0.2,TRUE,"BH"
1811,0,0,0,FALSE,"BH"
1812,4,0,0,FALSE,"BH"
1813,1,0,0,FALSE,"BH"
1814,2,0,0,FALSE,"BH"
1815,3,0,0,FALSE,"BH"
1816,2,0,0,FALSE,"BH"
1817,2,0,0,FALSE,"BH"
1818,2,0,0,FALSE,"BH"
1819,0,0,0,FALSE,"BH"
1820,0,0,0,FALSE,"BH"
1821,5,1,0.2,TRUE,"BH"
1822,3,0,0,FALSE,"BH"
1823,1,0,0,FALSE,"BH"
1824,2,0,0,FALSE,"BH"
1825,2,0,0,FALSE,"BH"
1826,2,0,0,FALSE,"BH"
1827,0,0,0,FALSE,"BH"
1828,3,0,0,FALSE,"BH"
1829,3,0,0,FALSE,"BH"
1830,1,0,0,FALSE,"BH"
1831,4,1,0.25,TRUE,"BH"
1832,1,0,0,FALSE,"BH"
1833,2,0,0,FALSE,"BH"
1834,2,1,0.5,TRUE,"BH"
1835,0,0,0,FALSE,"BH"
1836,0,0,0,FALSE,"BH"
1837,1,0,0,FALSE,"BH"
1838,3,0,0,FALSE,"BH"
1839,3,0,0,FALSE,"BH"
1840,0,0,0,FALSE,"BH"
1841,0,0,0,FALSE,"BH"
1842,2,0,0,FALSE,"BH"
1843,2,0,0,FALSE,"BH"
1844,0,0,0,FALSE,"BH"
1845,1,0,0,FALSE,"BH"
1846,1,0,0,FALSE,"BH"
1847,1,0,0,FALSE,"BH"
1848,0,0,0,FALSE,"BH"
1849,0,0,0,FALSE,"BH"
1850,2,0,0,FALSE,"BH"
1851,2,0,0,FALSE,"BH"
1852,2,0,0,FALSE,"BH"
1853,3,0,0,FALSE,"BH"
1854,3,0,0,FALSE,"BH"
1855,3,0,0,FALSE,"BH"
1856,1,0,0,FALSE,"BH"
1857,0,0,0,FALSE,"BH"
1858,0,0,0,FALSE,"BH"
1859,0,0,0,FALSE,"BH"
1860,0,0,0,FALSE,"BH"
1861,1,0,0,FALSE,"BH"
1862,2,0,0,FALSE,"BH"
1863,0,0,0,FALSE,"BH"
1864,1,0,0,FALSE,"BH"
1865,4,0,0,FALSE,"BH"
1866,2,0,0,FALSE,"BH"
1867,0,0,0,FALSE,"BH"
1868,4,0,0,FALSE,"BH"
1869,0,0,0,FALSE,"BH"
1870,0,0,0,FALSE,"BH"
1871,0,0,0,FALSE,"BH"
1872,1,0,0,FALSE,"BH"
1873,0,0,0,FALSE,"BH"
1874,0,0,0,FALSE,"BH"
1875,1,0,0,FALSE,"BH"
1876,3,0,0,FALSE,"BH"
1877,0,0,0,FALSE,"BH"
1878,3,1,0.333333333333333,TRUE,"BH"
1879,0,0,0,FALSE,"BH"
1880,2,0,0,FALSE,"BH"
1881,0,0,0,FALSE,"BH"
1882,5,2,0.4,TRUE,"BH"
1883,3,0,0,FALSE,"BH"
1884,4,0,0,FALSE,"BH"
1885,0,0,0,FALSE,"BH"
1886,0,0,0,FALSE,"BH"
1887,2,0,0,FALSE,"BH"
1888,2,0,0,FALSE,"BH"
1889,1,0,0,FALSE,"BH"
1890,2,0,0,FALSE,"BH"
1891,0,0,0,FALSE,"BH"
1892,4,0,0,FALSE,"BH"
1893,3,0,0,FALSE,"BH"
1894,1,0,0,FALSE,"BH"
1895,3,1,0.333333333333333,TRUE,"BH"
1896,0,0,0,FALSE,"BH"
1897,1,0,0,FALSE,"BH"
1898,0,0,0,FALSE,"BH"
1899,3,1,0.333333333333333,TRUE,"BH"
1900,2,0,0,FALSE,"BH"
1901,5,1,0.2,TRUE,"BH"
1902,3,0,0,FALSE,"BH"
1903,4,0,0,FALSE,"BH"
1904,4,0,0,FALSE,"BH"
1905,0,0,0,FALSE,"BH"
1906,0,0,0,FALSE,"BH"
1907,0,0,0,FALSE,"BH"
1908,0,0,0,FALSE,"BH"
1909,0,0,0,FALSE,"BH"
1910,3,1,0.333333333333333,TRUE,"BH"
1911,1,0,0,FALSE,"BH"
1912,3,0,0,FALSE,"BH"
1913,3,0,0,FALSE,"BH"
1914,0,0,0,FALSE,"BH"
1915,0,0,0,FALSE,"BH"
1916,0,0,0,FALSE,"BH"
1917,1,0,0,FALSE,"BH"
1918,3,1,0.333333333333333,TRUE,"BH"
1919,1,0,0,FALSE,"BH"
1920,0,0,0,FALSE,"BH"
1921,2,0,0,FALSE,"BH"
1922,0,0,0,FALSE,"BH"
1923,0,0,0,FALSE,"BH"
1924,3,0,0,FALSE,"BH"
1925,1,0,0,FALSE,"BH"
1926,4,0,0,FALSE,"BH"
1927,2,0,0,FALSE,"BH"
1928,1,0,0,FALSE,"BH"
1929,0,0,0,FALSE,"BH"
1930,2,0,0,FALSE,"BH"
1931,4,0,0,FALSE,"BH"
1932,0,0,0,FALSE,"BH"
1933,2,1,0.5,TRUE,"BH"
1934,0,0,0,FALSE,"BH"
1935,2,0,0,FALSE,"BH"
1936,3,0,0,FALSE,"BH"
1937,1,0,0,FALSE,"BH"
1938,0,0,0,FALSE,"BH"
1939,3,0,0,FALSE,"BH"
1940,1,0,0,FALSE,"BH"
1941,2,0,0,FALSE,"BH"
1942,4,1,0.25,TRUE,"BH"
1943,3,0,0,FALSE,"BH"
1944,1,0,0,FALSE,"BH"
1945,3,1,0.333333333333333,TRUE,"BH"
1946,2,0,0,FALSE,"BH"
1947,1,0,0,FALSE,"BH"
1948,0,0,0,FALSE,"BH"
1949,0,0,0,FALSE,"BH"
1950,0,0,0,FALSE,"BH"
1951,4,0,0,FALSE,"BH"
1952,3,0,0,FALSE,"BH"
1953,4,1,0.25,TRUE,"BH"
1954,3,0,0,FALSE,"BH"
1955,1,1,1,TRUE,"BH"
1956,2,0,0,FALSE,"BH"
1957,0,0,0,FALSE,"BH"
1958,3,0,0,FALSE,"BH"
1959,1,0,0,FALSE,"BH"
1960,2,0,0,FALSE,"BH"
1961,2,0,0,FALSE,"BH"
1962,0,0,0,FALSE,"BH"
1963,2,0,0,FALSE,"BH"
1964,1,0,0,FALSE,"BH"
1965,1,0,0,FALSE,"BH"
1966,4,0,0,FALSE,"BH"
1967,2,1,0.5,TRUE,"BH"
1968,2,0,0,FALSE,"BH"
1969,3,0,0,FALSE,"BH"
1970,0,0,0,FALSE,"BH"
1971,1,0,0,FALSE,"BH"
1972,0,0,0,FALSE,"BH"
1973,0,0,0,FALSE,"BH"
1974,4,0,0,FALSE,"BH"
1975,0,0,0,FALSE,"BH"
1976,1,0,0,FALSE,"BH"
1977,0,0,0,FALSE,"BH"
1978,3,0,0,FALSE,"BH"
1979,1,0,0,FALSE,"BH"
1980,0,0,0,FALSE,"BH"
1981,2,0,0,FALSE,"BH"
1982,0,0,0,FALSE,"BH"
1983,3,0,0,FALSE,"BH"
1984,0,0,0,FALSE,"BH"
1985,1,0,0,FALSE,"BH"
1986,1,0,0,FALSE,"BH"
1987,2,0,0,FALSE,"BH"
1988,1,0,0,FALSE,"BH"
1989,3,0,0,FALSE,"BH"
1990,3,0,0,FALSE,"BH"
1991,0,0,0,FALSE,"BH"
1992,1,0,0,FALSE,"BH"
1993,0,0,0,FALSE,"BH"
1994,1,0,0,FALSE,"BH"
1995,3,0,0,FALSE,"BH"
1996,1,0,0,FALSE,"BH"
1997,3,0,0,FALSE,"BH"
1998,3,0,0,FALSE,"BH"
1999,0,0,0,FALSE,"BH"
2000,2,0,0,FALSE,"BH"
2001,4,0,0,FALSE,"BH"
2002,1,0,0,FALSE,"BH"
2003,1,0,0,FALSE,"BH"
2004,3,1,0.333333333333333,TRUE,"BH"
2005,2,0,0,FALSE,"BH"
2006,1,0,0,FALSE,"BH"
2007,0,0,0,FALSE,"BH"
2008,3,0,0,FALSE,"BH"
2009,3,1,0.333333333333333,TRUE,"BH"
2010,1,0,0,FALSE,"BH"
2011,0,0,0,FALSE,"BH"
2012,2,0,0,FALSE,"BH"
2013,4,1,0.25,TRUE,"BH"
2014,4,2,0.5,TRUE,"BH"
2015,2,0,0,FALSE,"BH"
2016,2,1,0.5,TRUE,"BH"
2017,2,0,0,FALSE,"BH"
2018,1,0,0,FALSE,"BH"
2019,3,0,0,FALSE,"BH"
2020,1,0,0,FALSE,"BH"
2021,3,0,0,FALSE,"BH"
2022,0,0,0,FALSE,"BH"
2023,3,0,0,FALSE,"BH"
2024,1,0,0,FALSE,"BH"
2025,0,0,0,FALSE,"BH"
2026,0,0,0,FALSE,"BH"
2027,1,0,0,FALSE,"BH"
2028,1,1,1,TRUE,"BH"
2029,1,0,0,FALSE,"BH"
2030,1,0,0,FALSE,"BH"
2031,2,0,0,FALSE,"BH"
2032,0,0,0,FALSE,"BH"
2033,0,0,0,FALSE,"BH"
2034,0,0,0,FALSE,"BH"
2035,1,0,0,FALSE,"BH"
2036,3,0,0,FALSE,"BH"
2037,2,0,0,FALSE,"BH"
2038,0,0,0,FALSE,"BH"
2039,1,0,0,FALSE,"BH"
2040,3,1,0.333333333333333,TRUE,"BH"
2041,0,0,0,FALSE,"BH"
2042,4,0,0,FALSE,"BH"
2043,3,0,0,FALSE,"BH"
2044,0,0,0,FALSE,"BH"
2045,3,0,0,FALSE,"BH"
2046,0,0,0,FALSE,"BH"
2047,1,0,0,FALSE,"BH"
2048,0,0,0,FALSE,"BH"
2049,2,0,0,FALSE,"BH"
2050,0,0,0,FALSE,"BH"
2051,3,1,0.333333333333333,TRUE,"BH"
2052,2,0,0,FALSE,"BH"
2053,2,0,0,FALSE,"BH"
2054,1,0,0,FALSE,"BH"
2055,5,1,0.2,TRUE,"BH"
2056,1,0,0,FALSE,"BH"
2057,3,1,0.333333333333333,TRUE,"BH"
2058,3,0,0,FALSE,"BH"
2059,2,0,0,FALSE,"BH"
2060,4,0,0,FALSE,"BH"
2061,3,0,0,FALSE,"BH"
2062,0,0,0,FALSE,"BH"
2063,1,0,0,FALSE,"BH"
2064,3,0,0,FALSE,"BH"
2065,1,0,0,FALSE,"BH"
2066,0,0,0,FALSE,"BH"
2067,1,0,0,FALSE,"BH"
2068,3,1,0.333333333333333,TRUE,"BH"
2069,3,1,0.333333333333333,TRUE,"BH"
2070,1,0,0,FALSE,"BH"
2071,1,0,0,FALSE,"BH"
2072,2,0,0,FALSE,"BH"
2073,4,2,0.5,TRUE,"BH"
2074,0,0,0,FALSE,"BH"
2075,2,0,0,FALSE,"BH"
2076,0,0,0,FALSE,"BH"
2077,0,0,0,FALSE,"BH"
2078,4,0,0,FALSE,"BH"
2079,2,0,0,FALSE,"BH"
2080,3,0,0,FALSE,"BH"
2081,1,0,0,FALSE,"BH"
2082,0,0,0,FALSE,"BH"
2083,0,0,0,FALSE,"BH"
2084,3,0,0,FALSE,"BH"
2085,3,0,0,FALSE,"BH"
2086,2,0,0,FALSE,"BH"
2087,1,0,0,FALSE,"BH"
2088,3,0,0,FALSE,"BH"
2089,2,1,0.5,TRUE,"BH"
2090,2,0,0,FALSE,"BH"
2091,1,0,0,FALSE,"BH"
2092,3,0,0,FALSE,"BH"
2093,4,0,0,FALSE,"BH"
2094,2,0,0,FALSE,"BH"
2095,2,0,0,FALSE,"BH"
2096,2,0,0,FALSE,"BH"
2097,3,0,0,FALSE,"BH"
2098,0,0,0,FALSE,"BH"
2099,5,1,0.2,TRUE,"BH"
2100,0,0,0,FALSE,"BH"
2101,3,0,0,FALSE,"BH"
2102,3,0,0,FALSE,"BH"
2103,1,0,0,FALSE,"BH"
2104,4,0,0,FALSE,"BH"
2105,0,0,0,FALSE,"BH"
2106,0,0,0,FALSE,"BH"
2107,0,0,0,FALSE,"BH"
2108,0,0,0,FALSE,"BH"
2109,3,1,0.333333333333333,TRUE,"BH"
2110,2,0,0,FALSE,"BH"
2111,0,0,0,FALSE,"BH"
2112,1,1,1,TRUE,"BH"
2113,0,0,0,FALSE,"BH"
2114,1,0,0,FALSE,"BH"
2115,4,0,0,FALSE,"BH"
2116,1,1,1,TRUE,"BH"
2117,4,1,0.25,TRUE,"BH"
2118,2,0,0,FALSE,"BH"
2119,1,0,0,FALSE,"BH"
2120,1,1,1,TRUE,"BH"
2121,1,0,0,FALSE,"BH"
2122,3,1,0.333333333333333,TRUE,"BH"
2123,3,0,0,FALSE,"BH"
2124,1,0,0,FALSE,"BH"
2125,0,0,0,FALSE,"BH"
2126,0,0,0,FALSE,"BH"
2127,0,0,0,FALSE,"BH"
2128,4,0,0,FALSE,"BH"
2129,0,0,0,FALSE,"BH"
2130,2,0,0,FALSE,"BH"
2131,2,0,0,FALSE,"BH"
2132,1,0,0,FALSE,"BH"
2133,0,0,0,FALSE,"BH"
2134,1,0,0,FALSE,"BH"
2135,1,0,0,FALSE,"BH"
2136,1,0,0,FALSE,"BH"
2137,0,0,0,FALSE,"BH"
2138,4,0,0,FALSE,"BH"
2139,0,0,0,FALSE,"BH"
2140,0,0,0,FALSE,"BH"
2141,2,0,0,FALSE,"BH"
2142,3,0,0,FALSE,"BH"
2143,0,0,0,FALSE,"BH"
2144,2,0,0,FALSE,"BH"
2145,2,0,0,FALSE,"BH"
2146,4,0,0,FALSE,"BH"
2147,0,0,0,FALSE,"BH"
2148,0,0,0,FALSE,"BH"
2149,0,0,0,FALSE,"BH"
2150,0,0,0,FALSE,"BH"
2151,0,0,0,FALSE,"BH"
2152,0,0,0,FALSE,"BH"
2153,4,1,0.25,TRUE,"BH"
2154,0,0,0,FALSE,"BH"
2155,1,0,0,FALSE,"BH"
2156,1,0,0,FALSE,"BH"
2157,3,0,0,FALSE,"BH"
2158,0,0,0,FALSE,"BH"
2159,2,0,0,FALSE,"BH"
2160,0,0,0,FALSE,"BH"
2161,1,0,0,FALSE,"BH"
2162,4,1,0.25,TRUE,"BH"
2163,1,0,0,FALSE,"BH"
2164,0,0,0,FALSE,"BH"
2165,1,0,0,FALSE,"BH"
2166,1,0,0,FALSE,"BH"
2167,3,1,0.333333333333333,TRUE,"BH"
2168,1,0,0,FALSE,"BH"
2169,0,0,0,FALSE,"BH"
2170,2,0,0,FALSE,"BH"
2171,0,0,0,FALSE,"BH"
2172,0,0,0,FALSE,"BH"
2173,0,0,0,FALSE,"BH"
2174,2,0,0,FALSE,"BH"
2175,1,0,0,FALSE,"BH"
2176,1,0,0,FALSE,"BH"
2177,1,0,0,FALSE,"BH"
2178,0,0,0,FALSE,"BH"
2179,0,0,0,FALSE,"BH"
2180,2,0,0,FALSE,"BH"
2181,2,1,0.5,TRUE,"BH"
2182,3,0,0,FALSE,"BH"
2183,1,0,0,FALSE,"BH"
2184,0,0,0,FALSE,"BH"
2185,0,0,0,FALSE,"BH"
2186,2,0,0,FALSE,"BH"
2187,3,0,0,FALSE,"BH"
2188,0,0,0,FALSE,"BH"
2189,0,0,0,FALSE,"BH"
2190,5,2,0.4,TRUE,"BH"
2191,2,0,0,FALSE,"BH"
2192,3,0,0,FALSE,"BH"
2193,4,1,0.25,TRUE,"BH"
2194,1,0,0,FALSE,"BH"
2195,3,1,0.333333333333333,TRUE,"BH"
2196,3,0,0,FALSE,"BH"
2197,2,0,0,FALSE,"BH"
2198,0,0,0,FALSE,"BH"
2199,2,1,0.5,TRUE,"BH"
2200,2,0,0,FALSE,"BH"
2201,2,0,0,FALSE,"BH"
2202,2,0,0,FALSE,"BH"
2203,1,0,0,FALSE,"BH"
2204,0,0,0,FALSE,"BH"
2205,0,0,0,FALSE,"BH"
2206,1,0,0,FALSE,"BH"
2207,4,0,0,FALSE,"BH"
2208,1,0,0,FALSE,"BH"
2209,1,0,0,FALSE,"BH"
2210,3,0,0,FALSE,"BH"
2211,1,0,0,FALSE,"BH"
2212,3,1,0.333333333333333,TRUE,"BH"
2213,2,0,0,FALSE,"BH"
2214,3,1,0.333333333333333,TRUE,"BH"
2215,0,0,0,FALSE,"BH"
2216,0,0,0,FALSE,"BH"
2217,0,0,0,FALSE,"BH"
2218,0,0,0,FALSE,"BH"
2219,3,0,0,FALSE,"BH"
2220,0,0,0,FALSE,"BH"
2221,3,1,0.333333333333333,TRUE,"BH"
2222,1,0,0,FALSE,"BH"
2223,4,0,0,FALSE,"BH"
2224,0,0,0,FALSE,"BH"
2225,0,0,0,FALSE,"BH"
2226,1,0,0,FALSE,"BH"
2227,0,0,0,FALSE,"BH"
2228,1,0,0,FALSE,"BH"
2229,0,0,0,FALSE,"BH"
2230,0,0,0,FALSE,"BH"
2231,0,0,0,FALSE,"BH"
2232,4,0,0,FALSE,"BH"
2233,0,0,0,FALSE,"BH"
2234,2,0,0,FALSE,"BH"
2235,2,0,0,FALSE,"BH"
2236,2,0,0,FALSE,"BH"
2237,2,0,0,FALSE,"BH"
2238,3,0,0,FALSE,"BH"
2239,3,0,0,FALSE,"BH"
2240,1,0,0,FALSE,"BH"
2241,2,0,0,FALSE,"BH"
2242,2,0,0,FALSE,"BH"
2243,1,0,0,FALSE,"BH"
2244,0,0,0,FALSE,"BH"
2245,0,0,0,FALSE,"BH"
2246,2,0,0,FALSE,"BH"
2247,1,0,0,FALSE,"BH"
2248,3,1,0.333333333333333,TRUE,"BH"
2249,4,1,0.25,TRUE,"BH"
2250,3,0,0,FALSE,"BH"
2251,2,0,0,FALSE,"BH"
2252,2,0,0,FALSE,"BH"
2253,1,0,0,FALSE,"BH"
2254,2,0,0,FALSE,"BH"
2255,0,0,0,FALSE,"BH"
2256,3,0,0,FALSE,"BH"
2257,0,0,0,FALSE,"BH"
2258,1,0,0,FALSE,"BH"
2259,3,0,0,FALSE,"BH"
2260,0,0,0,FALSE,"BH"
2261,2,0,0,FALSE,"BH"
2262,2,0,0,FALSE,"BH"
2263,0,0,0,FALSE,"BH"
2264,3,1,0.333333333333333,TRUE,"BH"
2265,3,0,0,FALSE,"BH"
2266,1,0,0,FALSE,"BH"
2267,0,0,0,FALSE,"BH"
2268,3,0,0,FALSE,"BH"
2269,1,0,0,FALSE,"BH"
2270,1,0,0,FALSE,"BH"
2271,0,0,0,FALSE,"BH"
2272,0,0,0,FALSE,"BH"
2273,0,0,0,FALSE,"BH"
2274,1,0,0,FALSE,"BH"
2275,3,0,0,FALSE,"BH"
2276,0,0,0,FALSE,"BH"
2277,4,1,0.25,TRUE,"BH"
2278,1,0,0,FALSE,"BH"
2279,2,0,0,FALSE,"BH"
2280,1,0,0,FALSE,"BH"
2281,4,0,0,FALSE,"BH"
2282,4,0,0,FALSE,"BH"
2283,1,0,0,FALSE,"BH"
2284,0,0,0,FALSE,"BH"
2285,2,0,0,FALSE,"BH"
2286,0,0,0,FALSE,"BH"
2287,1,0,0,FALSE,"BH"
2288,1,0,0,FALSE,"BH"
2289,3,0,0,FALSE,"BH"
2290,1,0,0,FALSE,"BH"
2291,1,0,0,FALSE,"BH"
2292,0,0,0,FALSE,"BH"
2293,0,0,0,FALSE,"BH"
2294,0,0,0,FALSE,"BH"
2295,3,0,0,FALSE,"BH"
2296,4,0,0,FALSE,"BH"
2297,3,1,0.333333333333333,TRUE,"BH"
2298,4,0,0,FALSE,"BH"
2299,0,0,0,FALSE,"BH"
2300,3,0,0,FALSE,"BH"
2301,2,0,0,FALSE,"BH"
2302,3,0,0,FALSE,"BH"
2303,0,0,0,FALSE,"BH"
2304,2,0,0,FALSE,"BH"
2305,2,0,0,FALSE,"BH"
2306,3,0,0,FALSE,"BH"
2307,1,0,0,FALSE,"BH"
2308,0,0,0,FALSE,"BH"
2309,1,0,0,FALSE,"BH"
2310,0,0,0,FALSE,"BH"
2311,2,0,0,FALSE,"BH"
2312,1,0,0,FALSE,"BH"
2313,1,0,0,FALSE,"BH"
2314,2,0,0,FALSE,"BH"
2315,2,0,0,FALSE,"BH"
2316,2,0,0,FALSE,"BH"
2317,0,0,0,FALSE,"BH"
2318,0,0,0,FALSE,"BH"
2319,2,0,0,FALSE,"BH"
2320,2,1,0.5,TRUE,"BH"
2321,0,0,0,FALSE,"BH"
2322,1,0,0,FALSE,"BH"
2323,6,2,0.333333333333333,TRUE,"BH"
2324,3,0,0,FALSE,"BH"
2325,1,0,0,FALSE,"BH"
2326,1,0,0,FALSE,"BH"
2327,0,0,0,FALSE,"BH"
2328,2,0,0,FALSE,"BH"
2329,1,0,0,FALSE,"BH"
2330,2,0,0,FALSE,"BH"
2331,2,0,0,FALSE,"BH"
2332,3,0,0,FALSE,"BH"
2333,4,0,0,FALSE,"BH"
2334,3,0,0,FALSE,"BH"
2335,3,1,0.333333333333333,TRUE,"BH"
2336,3,0,0,FALSE,"BH"
2337,3,0,0,FALSE,"BH"
2338,1,0,0,FALSE,"BH"
2339,4,0,0,FALSE,"BH"
2340,1,0,0,FALSE,"BH"
2341,3,0,0,FALSE,"BH"
2342,0,0,0,FALSE,"BH"
2343,0,0,0,FALSE,"BH"
2344,4,0,0,FALSE,"BH"
2345,3,0,0,FALSE,"BH"
2346,4,1,0.25,TRUE,"BH"
2347,1,0,0,FALSE,"BH"
2348,0,0,0,FALSE,"BH"
2349,0,0,0,FALSE,"BH"
2350,1,0,0,FALSE,"BH"
2351,5,1,0.2,TRUE,"BH"
2352,2,0,0,FALSE,"BH"
2353,2,0,0,FALSE,"BH"
2354,2,0,0,FALSE,"BH"
2355,2,0,0,FALSE,"BH"
2356,1,0,0,FALSE,"BH"
2357,0,0,0,FALSE,"BH"
2358,3,0,0,FALSE,"BH"
2359,0,0,0,FALSE,"BH"
2360,3,0,0,FALSE,"BH"
2361,4,0,0,FALSE,"BH"
2362,2,0,0,FALSE,"BH"
2363,1,0,0,FALSE,"BH"
2364,1,0,0,FALSE,"BH"
2365,1,0,0,FALSE,"BH"
2366,3,1,0.333333333333333,TRUE,"BH"
2367,0,0,0,FALSE,"BH"
2368,1,0,0,FALSE,"BH"
2369,0,0,0,FALSE,"BH"
2370,1,0,0,FALSE,"BH"
2371,4,0,0,FALSE,"BH"
2372,0,0,0,FALSE,"BH"
2373,0,0,0,FALSE,"BH"
2374,1,0,0,FALSE,"BH"
2375,1,0,0,FALSE,"BH"
2376,1,0,0,FALSE,"BH"
2377,1,0,0,FALSE,"BH"
2378,0,0,0,FALSE,"BH"
2379,3,0,0,FALSE,"BH"
2380,3,1,0.333333333333333,TRUE,"BH"
2381,2,0,0,FALSE,"BH"
2382,2,0,0,FALSE,"BH"
2383,2,0,0,FALSE,"BH"
2384,1,0,0,FALSE,"BH"
2385,1,0,0,FALSE,"BH"
2386,2,0,0,FALSE,"BH"
2387,3,0,0,FALSE,"BH"
2388,0,0,0,FALSE,"BH"
2389,2,0,0,FALSE,"BH"
2390,3,0,0,FALSE,"BH"
2391,0,0,0,FALSE,"BH"
2392,4,0,0,FALSE,"BH"
2393,1,0,0,FALSE,"BH"
2394,2,0,0,FALSE,"BH"
2395,4,0,0,FALSE,"BH"
2396,2,0,0,FALSE,"BH"
2397,1,0,0,FALSE,"BH"
2398,2,0,0,FALSE,"BH"
2399,0,0,0,FALSE,"BH"
2400,2,0,0,FALSE,"BH"
2401,2,0,0,FALSE,"BH"
2402,2,0,0,FALSE,"BH"
2403,3,0,0,FALSE,"BH"
2404,0,0,0,FALSE,"BH"
2405,2,0,0,FALSE,"BH"
2406,3,0,0,FALSE,"BH"
2407,1,1,1,TRUE,"BH"
2408,0,0,0,FALSE,"BH"
2409,5,3,0.6,TRUE,"BH"
2410,1,0,0,FALSE,"BH"
2411,0,0,0,FALSE,"BH"
2412,2,0,0,FALSE,"BH"
2413,4,0,0,FALSE,"BH"
2414,4,0,0,FALSE,"BH"
2415,1,0,0,FALSE,"BH"
2416,1,0,0,FALSE,"BH"
2417,4,0,0,FALSE,"BH"
2418,1,0,0,FALSE,"BH"
2419,2,0,0,FALSE,"BH"
2420,2,0,0,FALSE,"BH"
2421,2,0,0,FALSE,"BH"
2422,2,0,0,FALSE,"BH"
2423,1,0,0,FALSE,"BH"
2424,3,0,0,FALSE,"BH"
2425,0,0,0,FALSE,"BH"
2426,3,0,0,FALSE,"BH"
2427,0,0,0,FALSE,"BH"
2428,0,0,0,FALSE,"BH"
2429,0,0,0,FALSE,"BH"
2430,2,0,0,FALSE,"BH"
2431,3,0,0,FALSE,"BH"
2432,2,1,0.5,TRUE,"BH"
2433,0,0,0,FALSE,"BH"
2434,3,0,0,FALSE,"BH"
2435,2,0,0,FALSE,"BH"
2436,4,0,0,FALSE,"BH"
2437,0,0,0,FALSE,"BH"
2438,2,0,0,FALSE,"BH"
2439,3,1,0.333333333333333,TRUE,"BH"
2440,2,0,0,FALSE,"BH"
2441,0,0,0,FALSE,"BH"
2442,4,0,0,FALSE,"BH"
2443,0,0,0,FALSE,"BH"
2444,0,0,0,FALSE,"BH"
2445,3,0,0,FALSE,"BH"
2446,3,0,0,FALSE,"BH"
2447,4,2,0.5,TRUE,"BH"
2448,2,0,0,FALSE,"BH"
2449,0,0,0,FALSE,"BH"
2450,3,0,0,FALSE,"BH"
2451,3,0,0,FALSE,"BH"
2452,0,0,0,FALSE,"BH"
2453,2,0,0,FALSE,"BH"
2454,2,0,0,FALSE,"BH"
2455,0,0,0,FALSE,"BH"
2456,0,0,0,FALSE,"BH"
2457,1,0,0,FALSE,"BH"
2458,1,0,0,FALSE,"BH"
2459,3,0,0,FALSE,"BH"
2460,2,0,0,FALSE,"BH"
2461,3,0,0,FALSE,"BH"
2462,2,0,0,FALSE,"BH"
2463,4,0,0,FALSE,"BH"
2464,3,0,0,FALSE,"BH"
2465,1,0,0,FALSE,"BH"
2466,0,0,0,FALSE,"BH"
2467,2,0,0,FALSE,"BH"
2468,2,0,0,FALSE,"BH"
2469,2,0,0,FALSE,"BH"
2470,1,0,0,FALSE,"BH"
2471,2,0,0,FALSE,"BH"
2472,0,0,0,FALSE,"BH"
2473,0,0,0,FALSE,"BH"
2474,0,0,0,FALSE,"BH"
2475,2,0,0,FALSE,"BH"
2476,3,0,0,FALSE,"BH"
2477,4,1,0.25,TRUE,"BH"
2478,1,0,0,FALSE,"BH"
2479,2,0,0,FALSE,"BH"
2480,1,1,1,TRUE,"BH"
2481,3,1,0.333333333333333,TRUE,"BH"
2482,2,0,0,FALSE,"BH"
2483,1,0,0,FALSE,"BH"
2484,2,1,0.5,TRUE,"BH"
2485,1,0,0,FALSE,"BH"
2486,0,0,0,FALSE,"BH"
2487,0,0,0,FALSE,"BH"
2488,1,0,0,FALSE,"BH"
2489,0,0,0,FALSE,"BH"
2490,1,0,0,FALSE,"BH"
2491,2,0,0,FALSE,"BH"
2492,0,0,0,FALSE,"BH"
2493,1,0,0,FALSE,"BH"
2494,0,0,0,FALSE,"BH"
2495,0,0,0,FALSE,"BH"
2496,4,0,0,FALSE,"BH"
2497,0,0,0,FALSE,"BH"
2498,2,0,0,FALSE,"BH"
2499,0,0,0,FALSE,"BH"
2500,2,1,0.5,TRUE,"BH"
2501,1,0,0,FALSE,"BH"
2502,1,0,0,FALSE,"BH"
2503,0,0,0,FALSE,"BH"
2504,0,0,0,FALSE,"BH"
2505,2,0,0,FALSE,"BH"
2506,1,0,0,FALSE,"BH"
2507,0,0,0,FALSE,"BH"
2508,0,0,0,FALSE,"BH"
2509,0,0,0,FALSE,"BH"
2510,1,0,0,FALSE,"BH"
2511,2,0,0,FALSE,"BH"
2512,2,0,0,FALSE,"BH"
2513,3,1,0.333333333333333,TRUE,"BH"
2514,0,0,0,FALSE,"BH"
2515,0,0,0,FALSE,"BH"
2516,1,0,0,FALSE,"BH"
2517,2,0,0,FALSE,"BH"
2518,2,0,0,FALSE,"BH"
2519,1,0,0,FALSE,"BH"
2520,2,0,0,FALSE,"BH"
2521,1,0,0,FALSE,"BH"
2522,0,0,0,FALSE,"BH"
2523,3,0,0,FALSE,"BH"
2524,2,0,0,FALSE,"BH"
2525,1,0,0,FALSE,"BH"
2526,3,0,0,FALSE,"BH"
2527,1,0,0,FALSE,"BH"
2528,0,0,0,FALSE,"BH"
2529,4,0,0,FALSE,"BH"
2530,1,0,0,FALSE,"BH"
2531,1,0,0,FALSE,"BH"
2532,0,0,0,FALSE,"BH"
2533,2,0,0,FALSE,"BH"
2534,3,0,0,FALSE,"BH"
2535,1,0,0,FALSE,"BH"
2536,2,0,0,FALSE,"BH"
2537,1,0,0,FALSE,"BH"
2538,3,0,0,FALSE,"BH"
2539,1,0,0,FALSE,"BH"
2540,0,0,0,FALSE,"BH"
2541,2,0,0,FALSE,"BH"
2542,1,0,0,FALSE,"BH"
2543,1,0,0,FALSE,"BH"
2544,4,0,0,FALSE,"BH"
2545,2,0,0,FALSE,"BH"
2546,0,0,0,FALSE,"BH"
2547,1,0,0,FALSE,"BH"
2548,0,0,0,FALSE,"BH"
2549,0,0,0,FALSE,"BH"
2550,0,0,0,FALSE,"BH"
2551,2,0,0,FALSE,"BH"
2552,2,0,0,FALSE,"BH"
2553,1,0,0,FALSE,"BH"
2554,2,0,0,FALSE,"BH"
2555,0,0,0,FALSE,"BH"
2556,1,0,0,FALSE,"BH"
2557,0,0,0,FALSE,"BH"
2558,1,0,0,FALSE,"BH"
2559,0,0,0,FALSE,"BH"
2560,0,0,0,FALSE,"BH"
2561,2,1,0.5,TRUE,"BH"
2562,6,2,0.333333333333333,TRUE,"BH"
2563,2,0,0,FALSE,"BH"
2564,0,0,0,FALSE,"BH"
2565,1,0,0,FALSE,"BH"
2566,0,0,0,FALSE,"BH"
2567,0,0,0,FALSE,"BH"
2568,2,0,0,FALSE,"BH"
2569,0,0,0,FALSE,"BH"
2570,1,0,0,FALSE,"BH"
2571,1,0,0,FALSE,"BH"
2572,6,2,0.333333333333333,TRUE,"BH"
2573,2,1,0.5,TRUE,"BH"
2574,2,0,0,FALSE,"BH"
2575,0,0,0,FALSE,"BH"
2576,1,0,0,FALSE,"BH"
2577,1,0,0,FALSE,"BH"
2578,0,0,0,FALSE,"BH"
2579,0,0,0,FALSE,"BH"
2580,0,0,0,FALSE,"BH"
2581,1,0,0,FALSE,"BH"
2582,0,0,0,FALSE,"BH"
2583,1,0,0,FALSE,"BH"
2584,1,0,0,FALSE,"BH"
2585,3,0,0,FALSE,"BH"
2586,3,0,0,FALSE,"BH"
2587,1,0,0,FALSE,"BH"
2588,0,0,0,FALSE,"BH"
2589,0,0,0,FALSE,"BH"
2590,4,0,0,FALSE,"BH"
2591,2,0,0,FALSE,"BH"
2592,1,0,0,FALSE,"BH"
2593,1,0,0,FALSE,"BH"
2594,3,0,0,FALSE,"BH"
2595,0,0,0,FALSE,"BH"
2596,0,0,0,FALSE,"BH"
2597,0,0,0,FALSE,"BH"
2598,0,0,0,FALSE,"BH"
2599,4,1,0.25,TRUE,"BH"
2600,2,0,0,FALSE,"BH"
2601,3,1,0.333333333333333,TRUE,"BH"
2602,0,0,0,FALSE,"BH"
2603,0,0,0,FALSE,"BH"
2604,0,0,0,FALSE,"BH"
2605,0,0,0,FALSE,"BH"
2606,3,0,0,FALSE,"BH"
2607,0,0,0,FALSE,"BH"
2608,0,0,0,FALSE,"BH"
2609,3,0,0,FALSE,"BH"
2610,0,0,0,FALSE,"BH"
2611,3,1,0.333333333333333,TRUE,"BH"
2612,4,0,0,FALSE,"BH"
2613,3,0,0,FALSE,"BH"
2614,3,0,0,FALSE,"BH"
2615,2,0,0,FALSE,"BH"
2616,0,0,0,FALSE,"BH"
2617,2,0,0,FALSE,"BH"
2618,2,0,0,FALSE,"BH"
2619,1,0,0,FALSE,"BH"
2620,0,0,0,FALSE,"BH"
2621,4,0,0,FALSE,"BH"
2622,0,0,0,FALSE,"BH"
2623,0,0,0,FALSE,"BH"
2624,3,0,0,FALSE,"BH"
2625,4,0,0,FALSE,"BH"
2626,0,0,0,FALSE,"BH"
2627,2,0,0,FALSE,"BH"
2628,0,0,0,FALSE,"BH"
2629,2,1,0.5,TRUE,"BH"
2630,2,0,0,FALSE,"BH"
2631,0,0,0,FALSE,"BH"
2632,2,0,0,FALSE,"BH"
2633,1,0,0,FALSE,"BH"
2634,0,0,0,FALSE,"BH"
2635,4,0,0,FALSE,"BH"
2636,0,0,0,FALSE,"BH"
2637,3,0,0,FALSE,"BH"
2638,4,1,0.25,TRUE,"BH"
2639,2,0,0,FALSE,"BH"
2640,0,0,0,FALSE,"BH"
2641,3,0,0,FALSE,"BH"
2642,3,0,0,FALSE,"BH"
2643,0,0,0,FALSE,"BH"
2644,0,0,0,FALSE,"BH"
2645,0,0,0,FALSE,"BH"
2646,3,0,0,FALSE,"BH"
2647,1,0,0,FALSE,"BH"
2648,2,0,0,FALSE,"BH"
2649,2,0,0,FALSE,"BH"
2650,2,0,0,FALSE,"BH"
2651,1,0,0,FALSE,"BH"
2652,3,0,0,FALSE,"BH"
2653,3,0,0,FALSE,"BH"
2654,3,0,0,FALSE,"BH"
2655,0,0,0,FALSE,"BH"
2656,1,0,0,FALSE,"BH"
2657,1,0,0,FALSE,"BH"
2658,0,0,0,FALSE,"BH"
2659,5,1,0.2,TRUE,"BH"
2660,0,0,0,FALSE,"BH"
2661,2,0,0,FALSE,"BH"
2662,1,0,0,FALSE,"BH"
2663,1,0,0,FALSE,"BH"
2664,2,1,0.5,TRUE,"BH"
2665,0,0,0,FALSE,"BH"
2666,2,0,0,FALSE,"BH"
2667,0,0,0,FALSE,"BH"
2668,0,0,0,FALSE,"BH"
2669,1,0,0,FALSE,"BH"
2670,0,0,0,FALSE,"BH"
2671,2,0,0,FALSE,"BH"
2672,1,0,0,FALSE,"BH"
2673,4,1,0.25,TRUE,"BH"
2674,0,0,0,FALSE,"BH"
2675,3,0,0,FALSE,"BH"
2676,1,0,0,FALSE,"BH"
2677,0,0,0,FALSE,"BH"
2678,2,0,0,FALSE,"BH"
2679,0,0,0,FALSE,"BH"
2680,1,0,0,FALSE,"BH"
2681,0,0,0,FALSE,"BH"
2682,1,0,0,FALSE,"BH"
2683,1,0,0,FALSE,"BH"
2684,4,0,0,FALSE,"BH"
2685,1,0,0,FALSE,"BH"
2686,2,0,0,FALSE,"BH"
2687,1,0,0,FALSE,"BH"
2688,0,0,0,FALSE,"BH"
2689,2,0,0,FALSE,"BH"
2690,0,0,0,FALSE,"BH"
2691,3,0,0,FALSE,"BH"
2692,1,0,0,FALSE,"BH"
2693,2,0,0,FALSE,"BH"
2694,3,0,0,FALSE,"BH"
2695,2,1,0.5,TRUE,"BH"
2696,1,0,0,FALSE,"BH"
2697,0,0,0,FALSE,"BH"
2698,0,0,0,FALSE,"BH"
2699,0,0,0,FALSE,"BH"
2700,0,0,0,FALSE,"BH"
2701,0,0,0,FALSE,"BH"
2702,0,0,0,FALSE,"BH"
2703,0,0,0,FALSE,"BH"
2704,2,0,0,FALSE,"BH"
2705,1,0,0,FALSE,"BH"
2706,0,0,0,FALSE,"BH"
2707,2,0,0,FALSE,"BH"
2708,1,0,0,FALSE,"BH"
2709,3,0,0,FALSE,"BH"
2710,5,1,0.2,TRUE,"BH"
2711,2,0,0,FALSE,"BH"
2712,2,0,0,FALSE,"BH"
2713,0,0,0,FALSE,"BH"
2714,0,0,0,FALSE,"BH"
2715,1,0,0,FALSE,"BH"
2716,0,0,0,FALSE,"BH"
2717,3,0,0,FALSE,"BH"
2718,0,0,0,FALSE,"BH"
2719,3,0,0,FALSE,"BH"
2720,1,0,0,FALSE,"BH"
2721,1,0,0,FALSE,"BH"
2722,3,0,0,FALSE,"BH"
2723,0,0,0,FALSE,"BH"
2724,0,0,0,FALSE,"BH"
2725,0,0,0,FALSE,"BH"
2726,1,0,0,FALSE,"BH"
2727,0,0,0,FALSE,"BH"
2728,1,0,0,FALSE,"BH"
2729,0,0,0,FALSE,"BH"
2730,3,0,0,FALSE,"BH"
2731,0,0,0,FALSE,"BH"
2732,0,0,0,FALSE,"BH"
2733,2,0,0,FALSE,"BH"
2734,2,0,0,FALSE,"BH"
2735,4,1,0.25,TRUE,"BH"
2736,0,0,0,FALSE,"BH"
2737,0,0,0,FALSE,"BH"
2738,2,0,0,FALSE,"BH"
2739,0,0,0,FALSE,"BH"
2740,2,0,0,FALSE,"BH"
2741,4,0,0,FALSE,"BH"
2742,1,0,0,FALSE,"BH"
2743,2,0,0,FALSE,"BH"
2744,1,0,0,FALSE,"BH"
2745,2,0,0,FALSE,"BH"
2746,0,0,0,FALSE,"BH"
2747,4,1,0.25,TRUE,"BH"
2748,0,0,0,FALSE,"BH"
2749,1,0,0,FALSE,"BH"
2750,2,0,0,FALSE,"BH"
2751,1,0,0,FALSE,"BH"
2752,1,0,0,FALSE,"BH"
2753,1,0,0,FALSE,"BH"
2754,3,0,0,FALSE,"BH"
2755,2,0,0,FALSE,"BH"
2756,1,0,0,FALSE,"BH"
2757,3,0,0,FALSE,"BH"
2758,2,1,0.5,TRUE,"BH"
2759,0,0,0,FALSE,"BH"
2760,4,1,0.25,TRUE,"BH"
2761,2,0,0,FALSE,"BH"
2762,1,0,0,FALSE,"BH"
2763,0,0,0,FALSE,"BH"
2764,0,0,0,FALSE,"BH"
2765,1,0,0,FALSE,"BH"
2766,3,0,0,FALSE,"BH"
2767,2,0,0,FALSE,"BH"
2768,1,0,0,FALSE,"BH"
2769,4,0,0,FALSE,"BH"
2770,2,1,0.5,TRUE,"BH"
2771,1,0,0,FALSE,"BH"
2772,2,0,0,FALSE,"BH"
2773,2,0,0,FALSE,"BH"
2774,2,1,0.5,TRUE,"BH"
2775,2,0,0,FALSE,"BH"
2776,4,0,0,FALSE,"BH"
2777,4,0,0,FALSE,"BH"
2778,0,0,0,FALSE,"BH"
2779,1,0,0,FALSE,"BH"
2780,2,0,0,FALSE,"BH"
2781,1,0,0,FALSE,"BH"
2782,0,0,0,FALSE,"BH"
2783,0,0,0,FALSE,"BH"
2784,3,0,0,FALSE,"BH"
2785,0,0,0,FALSE,"BH"
2786,1,0,0,FALSE,"BH"
2787,2,1,0.5,TRUE,"BH"
2788,0,0,0,FALSE,"BH"
2789,2,0,0,FALSE,"BH"
2790,3,0,0,FALSE,"BH"
2791,2,0,0,FALSE,"BH"
2792,4,1,0.25,TRUE,"BH"
2793,2,0,0,FALSE,"BH"
2794,0,0,0,FALSE,"BH"
2795,0,0,0,FALSE,"BH"
2796,2,1,0.5,TRUE,"BH"
2797,1,0,0,FALSE,"BH"
2798,3,0,0,FALSE,"BH"
2799,0,0,0,FALSE,"BH"
2800,2,0,0,FALSE,"BH"
2801,3,0,0,FALSE,"BH"
2802,1,0,0,FALSE,"BH"
2803,1,0,0,FALSE,"BH"
2804,2,0,0,FALSE,"BH"
2805,0,0,0,FALSE,"BH"
2806,2,0,0,FALSE,"BH"
2807,0,0,0,FALSE,"BH"
2808,0,0,0,FALSE,"BH"
2809,1,0,0,FALSE,"BH"
2810,2,0,0,FALSE,"BH"
2811,2,0,0,FALSE,"BH"
2812,0,0,0,FALSE,"BH"
2813,4,1,0.25,TRUE,"BH"
2814,0,0,0,FALSE,"BH"
2815,0,0,0,FALSE,"BH"
2816,1,0,0,FALSE,"BH"
2817,1,0,0,FALSE,"BH"
2818,3,0,0,FALSE,"BH"
2819,1,0,0,FALSE,"BH"
2820,3,1,0.333333333333333,TRUE,"BH"
2821,4,0,0,FALSE,"BH"
2822,3,1,0.333333333333333,TRUE,"BH"
2823,1,0,0,FALSE,"BH"
2824,0,0,0,FALSE,"BH"
2825,2,0,0,FALSE,"BH"
2826,0,0,0,FALSE,"BH"
2827,1,0,0,FALSE,"BH"
2828,0,0,0,FALSE,"BH"
2829,1,0,0,FALSE,"BH"
2830,0,0,0,FALSE,"BH"
2831,0,0,0,FALSE,"BH"
2832,4,2,0.5,TRUE,"BH"
2833,2,0,0,FALSE,"BH"
2834,0,0,0,FALSE,"BH"
2835,5,1,0.2,TRUE,"BH"
2836,2,0,0,FALSE,"BH"
2837,5,1,0.2,TRUE,"BH"
2838,3,0,0,FALSE,"BH"
2839,2,0,0,FALSE,"BH"
2840,2,0,0,FALSE,"BH"
2841,0,0,0,FALSE,"BH"
2842,1,0,0,FALSE,"BH"
2843,0,0,0,FALSE,"BH"
2844,1,0,0,FALSE,"BH"
2845,4,0,0,FALSE,"BH"
2846,4,1,0.25,TRUE,"BH"
2847,1,0,0,FALSE,"BH"
2848,4,0,0,FALSE,"BH"
2849,2,0,0,FALSE,"BH"
2850,2,0,0,FALSE,"BH"
2851,3,0,0,FALSE,"BH"
2852,3,0,0,FALSE,"BH"
2853,1,1,1,TRUE,"BH"
2854,0,0,0,FALSE,"BH"
2855,4,1,0.25,TRUE,"BH"
2856,0,0,0,FALSE,"BH"
2857,2,0,0,FALSE,"BH"
2858,4,1,0.25,TRUE,"BH"
2859,0,0,0,FALSE,"BH"
2860,0,0,0,FALSE,"BH"
2861,0,0,0,FALSE,"BH"
2862,3,0,0,FALSE,"BH"
2863,0,0,0,FALSE,"BH"
2864,1,0,0,FALSE,"BH"
2865,4,1,0.25,TRUE,"BH"
2866,4,1,0.25,TRUE,"BH"
2867,2,0,0,FALSE,"BH"
2868,1,0,0,FALSE,"BH"
2869,1,0,0,FALSE,"BH"
2870,4,1,0.25,TRUE,"BH"
2871,0,0,0,FALSE,"BH"
2872,1,0,0,FALSE,"BH"
2873,2,0,0,FALSE,"BH"
2874,3,0,0,FALSE,"BH"
2875,2,0,0,FALSE,"BH"
2876,4,0,0,FALSE,"BH"
2877,1,0,0,FALSE,"BH"
2878,1,0,0,FALSE,"BH"
2879,0,0,0,FALSE,"BH"
2880,0,0,0,FALSE,"BH"
2881,2,0,0,FALSE,"BH"
2882,3,2,0.666666666666667,TRUE,"BH"
2883,0,0,0,FALSE,"BH"
2884,3,0,0,FALSE,"BH"
2885,3,0,0,FALSE,"BH"
2886,1,0,0,FALSE,"BH"
2887,0,0,0,FALSE,"BH"
2888,1,0,0,FALSE,"BH"
2889,3,0,0,FALSE,"BH"
2890,2,0,0,FALSE,"BH"
2891,4,0,0,FALSE,"BH"
2892,0,0,0,FALSE,"BH"
2893,0,0,0,FALSE,"BH"
2894,4,0,0,FALSE,"BH"
2895,0,0,0,FALSE,"BH"
2896,0,0,0,FALSE,"BH"
2897,0,0,0,FALSE,"BH"
2898,4,0,0,FALSE,"BH"
2899,0,0,0,FALSE,"BH"
2900,3,0,0,FALSE,"BH"
2901,1,0,0,FALSE,"BH"
2902,1,0,0,FALSE,"BH"
2903,3,0,0,FALSE,"BH"
2904,4,0,0,FALSE,"BH"
2905,4,1,0.25,TRUE,"BH"
2906,0,0,0,FALSE,"BH"
2907,1,0,0,FALSE,"BH"
2908,0,0,0,FALSE,"BH"
2909,0,0,0,FALSE,"BH"
2910,0,0,0,FALSE,"BH"
2911,3,0,0,FALSE,"BH"
2912,1,0,0,FALSE,"BH"
2913,2,0,0,FALSE,"BH"
2914,2,0,0,FALSE,"BH"
2915,3,0,0,FALSE,"BH"
2916,0,0,0,FALSE,"BH"
2917,1,0,0,FALSE,"BH"
2918,0,0,0,FALSE,"BH"
2919,1,0,0,FALSE,"BH"
2920,2,0,0,FALSE,"BH"
2921,2,0,0,FALSE,"BH"
2922,1,0,0,FALSE,"BH"
2923,0,0,0,FALSE,"BH"
2924,2,0,0,FALSE,"BH"
2925,2,0,0,FALSE,"BH"
2926,0,0,0,FALSE,"BH"
2927,4,2,0.5,TRUE,"BH"
2928,3,0,0,FALSE,"BH"
2929,4,0,0,FALSE,"BH"
2930,3,0,0,FALSE,"BH"
2931,3,0,0,FALSE,"BH"
2932,2,0,0,FALSE,"BH"
2933,0,0,0,FALSE,"BH"
2934,1,0,0,FALSE,"BH"
2935,4,1,0.25,TRUE,"BH"
2936,1,0,0,FALSE,"BH"
2937,2,0,0,FALSE,"BH"
2938,3,1,0.333333333333333,TRUE,"BH"
2939,0,0,0,FALSE,"BH"
2940,3,1,0.333333333333333,TRUE,"BH"
2941,1,0,0,FALSE,"BH"
2942,0,0,0,FALSE,"BH"
2943,0,0,0,FALSE,"BH"
2944,0,0,0,FALSE,"BH"
2945,0,0,0,FALSE,"BH"
2946,4,1,0.25,TRUE,"BH"
2947,4,0,0,FALSE,"BH"
2948,0,0,0,FALSE,"BH"
2949,2,0,0,FALSE,"BH"
2950,0,0,0,FALSE,"BH"
2951,3,0,0,FALSE,"BH"
2952,0,0,0,FALSE,"BH"
2953,0,0,0,FALSE,"BH"
2954,0,0,0,FALSE,"BH"
2955,1,0,0,FALSE,"BH"
2956,2,0,0,FALSE,"BH"
2957,4,1,0.25,TRUE,"BH"
2958,3,0,0,FALSE,"BH"
2959,1,0,0,FALSE,"BH"
2960,0,0,0,FALSE,"BH"
2961,0,0,0,FALSE,"BH"
2962,0,0,0,FALSE,"BH"
2963,0,0,0,FALSE,"BH"
2964,2,0,0,FALSE,"BH"
2965,5,1,0.2,TRUE,"BH"
2966,0,0,0,FALSE,"BH"
2967,2,0,0,FALSE,"BH"
2968,4,0,0,FALSE,"BH"
2969,2,0,0,FALSE,"BH"
2970,1,0,0,FALSE,"BH"
2971,1,0,0,FALSE,"BH"
2972,4,0,0,FALSE,"BH"
2973,1,0,0,FALSE,"BH"
2974,4,1,0.25,TRUE,"BH"
2975,1,0,0,FALSE,"BH"
2976,2,0,0,FALSE,"BH"
2977,0,0,0,FALSE,"BH"
2978,2,0,0,FALSE,"BH"
2979,1,0,0,FALSE,"BH"
2980,1,0,0,FALSE,"BH"
2981,2,0,0,FALSE,"BH"
2982,3,0,0,FALSE,"BH"
2983,0,0,0,FALSE,"BH"
2984,1,0,0,FALSE,"BH"
2985,0,0,0,FALSE,"BH"
2986,0,0,0,FALSE,"BH"
2987,1,0,0,FALSE,"BH"
2988,1,0,0,FALSE,"BH"
2989,2,0,0,FALSE,"BH"
2990,0,0,0,FALSE,"BH"
2991,1,0,0,FALSE,"BH"
2992,2,0,0,FALSE,"BH"
2993,0,0,0,FALSE,"BH"
2994,0,0,0,FALSE,"BH"
2995,0,0,0,FALSE,"BH"
2996,2,1,0.5,TRUE,"BH"
2997,3,0,0,FALSE,"BH"
2998,0,0,0,FALSE,"BH"
2999,0,0,0,FALSE,"BH"
3000,2,0,0,FALSE,"BH"
3001,1,0,0,FALSE,"BH"
3002,3,1,0.333333333333333,TRUE,"BH"
3003,0,0,0,FALSE,"BH"
3004,5,1,0.2,TRUE,"BH"
3005,3,0,0,FALSE,"BH"
3006,3,0,0,FALSE,"BH"
3007,0,0,0,FALSE,"BH"
3008,0,0,0,FALSE,"BH"
3009,0,0,0,FALSE,"BH"
3010,3,0,0,FALSE,"BH"
3011,3,1,0.333333333333333,TRUE,"BH"
3012,2,0,0,FALSE,"BH"
3013,0,0,0,FALSE,"BH"
3014,0,0,0,FALSE,"BH"
3015,1,0,0,FALSE,"BH"
3016,1,0,0,FALSE,"BH"
3017,2,0,0,FALSE,"BH"
3018,0,0,0,FALSE,"BH"
3019,0,0,0,FALSE,"BH"
3020,2,0,0,FALSE,"BH"
3021,2,0,0,FALSE,"BH"
3022,3,0,0,FALSE,"BH"
3023,0,0,0,FALSE,"BH"
3024,3,0,0,FALSE,"BH"
3025,1,0,0,FALSE,"BH"
3026,2,0,0,FALSE,"BH"
3027,4,1,0.25,TRUE,"BH"
3028,3,1,0.333333333333333,TRUE,"BH"
3029,1,0,0,FALSE,"BH"
3030,1,0,0,FALSE,"BH"
3031,1,0,0,FALSE,"BH"
3032,0,0,0,FALSE,"BH"
3033,3,0,0,FALSE,"BH"
3034,2,0,0,FALSE,"BH"
3035,0,0,0,FALSE,"BH"
3036,0,0,0,FALSE,"BH"
3037,0,0,0,FALSE,"BH"
3038,0,0,0,FALSE,"BH"
3039,1,0,0,FALSE,"BH"
3040,2,0,0,FALSE,"BH"
3041,1,0,0,FALSE,"BH"
3042,1,0,0,FALSE,"BH"
3043,0,0,0,FALSE,"BH"
3044,0,0,0,FALSE,"BH"
3045,0,0,0,FALSE,"BH"
3046,3,0,0,FALSE,"BH"
3047,2,0,0,FALSE,"BH"
3048,0,0,0,FALSE,"BH"
3049,1,0,0,FALSE,"BH"
3050,0,0,0,FALSE,"BH"
3051,0,0,0,FALSE,"BH"
3052,2,0,0,FALSE,"BH"
3053,2,0,0,FALSE,"BH"
3054,0,0,0,FALSE,"BH"
3055,1,0,0,FALSE,"BH"
3056,1,0,0,FALSE,"BH"
3057,2,0,0,FALSE,"BH"
3058,3,0,0,FALSE,"BH"
3059,2,0,0,FALSE,"BH"
3060,3,1,0.333333333333333,TRUE,"BH"
3061,4,0,0,FALSE,"BH"
3062,0,0,0,FALSE,"BH"
3063,3,0,0,FALSE,"BH"
3064,3,0,0,FALSE,"BH"
3065,1,0,0,FALSE,"BH"
3066,2,0,0,FALSE,"BH"
3067,3,0,0,FALSE,"BH"
3068,2,0,0,FALSE,"BH"
3069,1,0,0,FALSE,"BH"
3070,1,0,0,FALSE,"BH"
3071,1,0,0,FALSE,"BH"
3072,0,0,0,FALSE,"BH"
3073,4,0,0,FALSE,"BH"
3074,0,0,0,FALSE,"BH"
3075,2,0,0,FALSE,"BH"
3076,1,0,0,FALSE,"BH"
3077,1,0,0,FALSE,"BH"
3078,0,0,0,FALSE,"BH"
3079,0,0,0,FALSE,"BH"
3080,2,0,0,FALSE,"BH"
3081,4,1,0.25,TRUE,"BH"
3082,1,0,0,FALSE,"BH"
3083,0,0,0,FALSE,"BH"
3084,0,0,0,FALSE,"BH"
3085,3,0,0,FALSE,"BH"
3086,0,0,0,FALSE,"BH"
3087,0,0,0,FALSE,"BH"
3088,1,0,0,FALSE,"BH"
3089,1,0,0,FALSE,"BH"
3090,0,0,0,FALSE,"BH"
3091,0,0,0,FALSE,"BH"
3092,2,0,0,FALSE,"BH"
3093,0,0,0,FALSE,"BH"
3094,2,0,0,FALSE,"BH"
3095,2,0,0,FALSE,"BH"
3096,0,0,0,FALSE,"BH"
3097,0,0,0,FALSE,"BH"
3098,1,0,0,FALSE,"BH"
3099,3,0,0,FALSE,"BH"
3100,2,0,0,FALSE,"BH"
3101,3,0,0,FALSE,"BH"
3102,4,1,0.25,TRUE,"BH"
3103,2,0,0,FALSE,"BH"
3104,0,0,0,FALSE,"BH"
3105,0,0,0,FALSE,"BH"
3106,1,0,0,FALSE,"BH"
3107,0,0,0,FALSE,"BH"
3108,0,0,0,FALSE,"BH"
3109,2,0,0,FALSE,"BH"
3110,2,0,0,FALSE,"BH"
3111,4,0,0,FALSE,"BH"
3112,3,0,0,FALSE,"BH"
3113,1,0,0,FALSE,"BH"
3114,3,1,0.333333333333333,TRUE,"BH"
3115,4,1,0.25,TRUE,"BH"
3116,2,0,0,FALSE,"BH"
3117,4,0,0,FALSE,"BH"
3118,3,1,0.333333333333333,TRUE,"BH"
3119,3,0,0,FALSE,"BH"
3120,1,0,0,FALSE,"BH"
3121,2,0,0,FALSE,"BH"
3122,4,0,0,FALSE,"BH"
3123,3,0,0,FALSE,"BH"
3124,1,0,0,FALSE,"BH"
3125,1,0,0,FALSE,"BH"
3126,1,0,0,FALSE,"BH"
3127,2,0,0,FALSE,"BH"
3128,0,0,0,FALSE,"BH"
3129,2,0,0,FALSE,"BH"
3130,3,0,0,FALSE,"BH"
3131,3,0,0,FALSE,"BH"
3132,5,1,0.2,TRUE,"BH"
3133,1,0,0,FALSE,"BH"
3134,1,0,0,FALSE,"BH"
3135,0,0,0,FALSE,"BH"
3136,0,0,0,FALSE,"BH"
3137,1,0,0,FALSE,"BH"
3138,2,0,0,FALSE,"BH"
3139,4,0,0,FALSE,"BH"
3140,0,0,0,FALSE,"BH"
3141,2,0,0,FALSE,"BH"
3142,1,0,0,FALSE,"BH"
3143,0,0,0,FALSE,"BH"
3144,2,0,0,FALSE,"BH"
3145,5,1,0.2,TRUE,"BH"
3146,3,0,0,FALSE,"BH"
3147,2,0,0,FALSE,"BH"
3148,0,0,0,FALSE,"BH"
3149,0,0,0,FALSE,"BH"
3150,1,0,0,FALSE,"BH"
3151,2,0,0,FALSE,"BH"
3152,1,0,0,FALSE,"BH"
3153,0,0,0,FALSE,"BH"
3154,3,0,0,FALSE,"BH"
3155,0,0,0,FALSE,"BH"
3156,3,0,0,FALSE,"BH"
3157,4,0,0,FALSE,"BH"
3158,1,0,0,FALSE,"BH"
3159,1,0,0,FALSE,"BH"
3160,0,0,0,FALSE,"BH"
3161,1,1,1,TRUE,"BH"
3162,5,1,0.2,TRUE,"BH"
3163,3,0,0,FALSE,"BH"
3164,1,0,0,FALSE,"BH"
3165,1,0,0,FALSE,"BH"
3166,2,0,0,FALSE,"BH"
3167,2,0,0,FALSE,"BH"
3168,0,0,0,FALSE,"BH"
3169,0,0,0,FALSE,"BH"
3170,5,1,0.2,TRUE,"BH"
3171,1,0,0,FALSE,"BH"
3172,1,0,0,FALSE,"BH"
3173,1,0,0,FALSE,"BH"
3174,0,0,0,FALSE,"BH"
3175,2,0,0,FALSE,"BH"
3176,0,0,0,FALSE,"BH"
3177,1,1,1,TRUE,"BH"
3178,1,0,0,FALSE,"BH"
3179,3,1,0.333333333333333,TRUE,"BH"
3180,0,0,0,FALSE,"BH"
3181,1,0,0,FALSE,"BH"
3182,2,0,0,FALSE,"BH"
3183,0,0,0,FALSE,"BH"
3184,1,1,1,TRUE,"BH"
3185,0,0,0,FALSE,"BH"
3186,1,0,0,FALSE,"BH"
3187,0,0,0,FALSE,"BH"
3188,1,0,0,FALSE,"BH"
3189,1,0,0,FALSE,"BH"
3190,0,0,0,FALSE,"BH"
3191,3,0,0,FALSE,"BH"
3192,0,0,0,FALSE,"BH"
3193,0,0,0,FALSE,"BH"
3194,1,0,0,FALSE,"BH"
3195,4,1,0.25,TRUE,"BH"
3196,2,0,0,FALSE,"BH"
3197,1,0,0,FALSE,"BH"
3198,1,0,0,FALSE,"BH"
3199,2,1,0.5,TRUE,"BH"
3200,2,0,0,FALSE,"BH"
3201,2,0,0,FALSE,"BH"
3202,1,0,0,FALSE,"BH"
3203,0,0,0,FALSE,"BH"
3204,2,0,0,FALSE,"BH"
3205,0,0,0,FALSE,"BH"
3206,5,1,0.2,TRUE,"BH"
3207,1,0,0,FALSE,"BH"
3208,3,0,0,FALSE,"BH"
3209,1,0,0,FALSE,"BH"
3210,1,0,0,FALSE,"BH"
3211,2,0,0,FALSE,"BH"
3212,0,0,0,FALSE,"BH"
3213,1,0,0,FALSE,"BH"
3214,3,1,0.333333333333333,TRUE,"BH"
3215,0,0,0,FALSE,"BH"
3216,0,0,0,FALSE,"BH"
3217,3,0,0,FALSE,"BH"
3218,2,0,0,FALSE,"BH"
3219,3,2,0.666666666666667,TRUE,"BH"
3220,1,0,0,FALSE,"BH"
3221,0,0,0,FALSE,"BH"
3222,4,0,0,FALSE,"BH"
3223,2,0,0,FALSE,"BH"
3224,0,0,0,FALSE,"BH"
3225,3,0,0,FALSE,"BH"
3226,0,0,0,FALSE,"BH"
3227,5,1,0.2,TRUE,"BH"
3228,1,0,0,FALSE,"BH"
3229,0,0,0,FALSE,"BH"
3230,1,0,0,FALSE,"BH"
3231,1,0,0,FALSE,"BH"
3232,0,0,0,FALSE,"BH"
3233,1,0,0,FALSE,"BH"
3234,2,0,0,FALSE,"BH"
3235,2,0,0,FALSE,"BH"
3236,1,0,0,FALSE,"BH"
3237,2,0,0,FALSE,"BH"
3238,2,0,0,FALSE,"BH"
3239,1,0,0,FALSE,"BH"
3240,3,1,0.333333333333333,TRUE,"BH"
3241,1,0,0,FALSE,"BH"
3242,1,0,0,FALSE,"BH"
3243,0,0,0,FALSE,"BH"
3244,0,0,0,FALSE,"BH"
3245,0,0,0,FALSE,"BH"
3246,1,0,0,FALSE,"BH"
3247,0,0,0,FALSE,"BH"
3248,0,0,0,FALSE,"BH"
3249,3,0,0,FALSE,"BH"
3250,0,0,0,FALSE,"BH"
3251,0,0,0,FALSE,"BH"
3252,0,0,0,FALSE,"BH"
3253,4,0,0,FALSE,"BH"
3254,3,0,0,FALSE,"BH"
3255,0,0,0,FALSE,"BH"
3256,2,0,0,FALSE,"BH"
3257,0,0,0,FALSE,"BH"
3258,3,0,0,FALSE,"BH"
3259,1,0,0,FALSE,"BH"
3260,0,0,0,FALSE,"BH"
3261,2,0,0,FALSE,"BH"
3262,0,0,0,FALSE,"BH"
3263,0,0,0,FALSE,"BH"
3264,2,0,0,FALSE,"BH"
3265,2,0,0,FALSE,"BH"
3266,1,0,0,FALSE,"BH"
3267,1,0,0,FALSE,"BH"
3268,4,1,0.25,TRUE,"BH"
3269,4,0,0,FALSE,"BH"
3270,0,0,0,FALSE,"BH"
3271,1,0,0,FALSE,"BH"
3272,1,0,0,FALSE,"BH"
3273,1,0,0,FALSE,"BH"
3274,2,0,0,FALSE,"BH"
3275,1,0,0,FALSE,"BH"
3276,0,0,0,FALSE,"BH"
3277,1,0,0,FALSE,"BH"
3278,0,0,0,FALSE,"BH"
3279,0,0,0,FALSE,"BH"
3280,0,0,0,FALSE,"BH"
3281,1,0,0,FALSE,"BH"
3282,2,0,0,FALSE,"BH"
3283,0,0,0,FALSE,"BH"
3284,3,0,0,FALSE,"BH"
3285,1,1,1,TRUE,"BH"
3286,2,0,0,FALSE,"BH"
3287,1,0,0,FALSE,"BH"
3288,3,0,0,FALSE,"BH"
3289,0,0,0,FALSE,"BH"
3290,5,1,0.2,TRUE,"BH"
3291,1,0,0,FALSE,"BH"
3292,2,0,0,FALSE,"BH"
3293,0,0,0,FALSE,"BH"
3294,2,0,0,FALSE,"BH"
3295,2,0,0,FALSE,"BH"
3296,2,0,0,FALSE,"BH"
3297,0,0,0,FALSE,"BH"
3298,2,1,0.5,TRUE,"BH"
3299,0,0,0,FALSE,"BH"
3300,1,0,0,FALSE,"BH"
3301,4,0,0,FALSE,"BH"
3302,0,0,0,FALSE,"BH"
3303,0,0,0,FALSE,"BH"
3304,3,0,0,FALSE,"BH"
3305,0,0,0,FALSE,"BH"
3306,2,0,0,FALSE,"BH"
3307,1,0,0,FALSE,"BH"
3308,3,0,0,FALSE,"BH"
3309,2,0,0,FALSE,"BH"
3310,4,0,0,FALSE,"BH"
3311,1,0,0,FALSE,"BH"
3312,4,2,0.5,TRUE,"BH"
3313,1,0,0,FALSE,"BH"
3314,0,0,0,FALSE,"BH"
3315,1,0,0,FALSE,"BH"
3316,0,0,0,FALSE,"BH"
3317,2,1,0.5,TRUE,"BH"
3318,1,0,0,FALSE,"BH"
3319,1,0,0,FALSE,"BH"
3320,2,0,0,FALSE,"BH"
3321,2,0,0,FALSE,"BH"
3322,3,0,0,FALSE,"BH"
3323,0,0,0,FALSE,"BH"
3324,1,0,0,FALSE,"BH"
3325,0,0,0,FALSE,"BH"
3326,0,0,0,FALSE,"BH"
3327,3,0,0,FALSE,"BH"
3328,2,0,0,FALSE,"BH"
3329,1,0,0,FALSE,"BH"
3330,3,0,0,FALSE,"BH"
3331,3,0,0,FALSE,"BH"
3332,0,0,0,FALSE,"BH"
3333,2,0,0,FALSE,"BH"
3334,0,0,0,FALSE,"BH"
3335,4,0,0,FALSE,"BH"
3336,1,0,0,FALSE,"BH"
3337,1,0,0,FALSE,"BH"
3338,3,0,0,FALSE,"BH"
3339,2,1,0.5,TRUE,"BH"
3340,3,0,0,FALSE,"BH"
3341,2,1,0.5,TRUE,"BH"
3342,1,0,0,FALSE,"BH"
3343,2,0,0,FALSE,"BH"
3344,3,1,0.333333333333333,TRUE,"BH"
3345,0,0,0,FALSE,"BH"
3346,0,0,0,FALSE,"BH"
3347,0,0,0,FALSE,"BH"
3348,0,0,0,FALSE,"BH"
3349,1,0,0,FALSE,"BH"
3350,4,1,0.25,TRUE,"BH"
3351,1,0,0,FALSE,"BH"
3352,0,0,0,FALSE,"BH"
3353,5,1,0.2,TRUE,"BH"
3354,1,0,0,FALSE,"BH"
3355,0,0,0,FALSE,"BH"
3356,1,0,0,FALSE,"BH"
3357,0,0,0,FALSE,"BH"
3358,0,0,0,FALSE,"BH"
3359,2,0,0,FALSE,"BH"
3360,2,0,0,FALSE,"BH"
3361,3,0,0,FALSE,"BH"
3362,1,0,0,FALSE,"BH"
3363,2,0,0,FALSE,"BH"
3364,2,0,0,FALSE,"BH"
3365,2,0,0,FALSE,"BH"
3366,3,0,0,FALSE,"BH"
3367,0,0,0,FALSE,"BH"
3368,2,0,0,FALSE,"BH"
3369,0,0,0,FALSE,"BH"
3370,4,0,0,FALSE,"BH"
3371,3,0,0,FALSE,"BH"
3372,0,0,0,FALSE,"BH"
3373,0,0,0,FALSE,"BH"
3374,2,0,0,FALSE,"BH"
3375,3,0,0,FALSE,"BH"
3376,0,0,0,FALSE,"BH"
3377,4,1,0.25,TRUE,"BH"
3378,3,0,0,FALSE,"BH"
3379,3,0,0,FALSE,"BH"
3380,2,0,0,FALSE,"BH"
3381,0,0,0,FALSE,"BH"
3382,1,0,0,FALSE,"BH"
3383,2,0,0,FALSE,"BH"
3384,0,0,0,FALSE,"BH"
3385,1,0,0,FALSE,"BH"
3386,0,0,0,FALSE,"BH"
3387,0,0,0,FALSE,"BH"
3388,1,0,0,FALSE,"BH"
3389,3,0,0,FALSE,"BH"
3390,1,0,0,FALSE,"BH"
3391,2,0,0,FALSE,"BH"
3392,2,0,0,FALSE,"BH"
3393,3,0,0,FALSE,"BH"
3394,0,0,0,FALSE,"BH"
3395,0,0,0,FALSE,"BH"
3396,1,0,0,FALSE,"BH"
3397,0,0,0,FALSE,"BH"
3398,1,0,0,FALSE,"BH"
3399,2,0,0,FALSE,"BH"
3400,3,0,0,FALSE,"BH"
3401,2,0,0,FALSE,"BH"
3402,1,0,0,FALSE,"BH"
3403,3,0,0,FALSE,"BH"
3404,0,0,0,FALSE,"BH"
3405,1,0,0,FALSE,"BH"
3406,0,0,0,FALSE,"BH"
3407,2,0,0,FALSE,"BH"
3408,0,0,0,FALSE,"BH"
3409,1,0,0,FALSE,"BH"
3410,3,1,0.333333333333333,TRUE,"BH"
3411,3,0,0,FALSE,"BH"
3412,2,0,0,FALSE,"BH"
3413,1,0,0,FALSE,"BH"
3414,1,0,0,FALSE,"BH"
3415,0,0,0,FALSE,"BH"
3416,0,0,0,FALSE,"BH"
3417,0,0,0,FALSE,"BH"
3418,4,0,0,FALSE,"BH"
3419,0,0,0,FALSE,"BH"
3420,0,0,0,FALSE,"BH"
3421,4,1,0.25,TRUE,"BH"
3422,3,0,0,FALSE,"BH"
3423,1,0,0,FALSE,"BH"
3424,1,0,0,FALSE,"BH"
3425,2,0,0,FALSE,"BH"
3426,2,0,0,FALSE,"BH"
3427,1,0,0,FALSE,"BH"
3428,2,0,0,FALSE,"BH"
3429,1,0,0,FALSE,"BH"
3430,1,0,0,FALSE,"BH"
3431,2,0,0,FALSE,"BH"
3432,0,0,0,FALSE,"BH"
3433,1,0,0,FALSE,"BH"
3434,2,0,0,FALSE,"BH"
3435,0,0,0,FALSE,"BH"
3436,4,1,0.25,TRUE,"BH"
3437,0,0,0,FALSE,"BH"
3438,0,0,0,FALSE,"BH"
3439,0,0,0,FALSE,"BH"
3440,1,0,0,FALSE,"BH"
3441,4,0,0,FALSE,"BH"
3442,2,0,0,FALSE,"BH"
3443,1,0,0,FALSE,"BH"
3444,0,0,0,FALSE,"BH"
3445,2,0,0,FALSE,"BH"
3446,3,0,0,FALSE,"BH"
3447,3,1,0.333333333333333,TRUE,"BH"
3448,1,0,0,FALSE,"BH"
3449,4,0,0,FALSE,"BH"
3450,3,0,0,FALSE,"BH"
3451,2,0,0,FALSE,"BH"
3452,5,2,0.4,TRUE,"BH"
3453,3,0,0,FALSE,"BH"
3454,3,0,0,FALSE,"BH"
3455,1,0,0,FALSE,"BH"
3456,1,0,0,FALSE,"BH"
3457,2,0,0,FALSE,"BH"
3458,1,0,0,FALSE,"BH"
3459,2,1,0.5,TRUE,"BH"
3460,1,0,0,FALSE,"BH"
3461,2,0,0,FALSE,"BH"
3462,1,0,0,FALSE,"BH"
3463,4,2,0.5,TRUE,"BH"
3464,2,0,0,FALSE,"BH"
3465,5,1,0.2,TRUE,"BH"
3466,0,0,0,FALSE,"BH"
3467,1,1,1,TRUE,"BH"
3468,2,0,0,FALSE,"BH"
3469,2,0,0,FALSE,"BH"
3470,0,0,0,FALSE,"BH"
3471,2,1,0.5,TRUE,"BH"
3472,1,0,0,FALSE,"BH"
3473,1,0,0,FALSE,"BH"
3474,2,0,0,FALSE,"BH"
3475,0,0,0,FALSE,"BH"
3476,0,0,0,FALSE,"BH"
3477,3,1,0.333333333333333,TRUE,"BH"
3478,2,0,0,FALSE,"BH"
3479,0,0,0,FALSE,"BH"
3480,3,0,0,FALSE,"BH"
3481,1,1,1,TRUE,"BH"
3482,2,0,0,FALSE,"BH"
3483,0,0,0,FALSE,"BH"
3484,0,0,0,FALSE,"BH"
3485,0,0,0,FALSE,"BH"
3486,2,0,0,FALSE,"BH"
3487,1,0,0,FALSE,"BH"
3488,4,0,0,FALSE,"BH"
3489,0,0,0,FALSE,"BH"
3490,1,0,0,FALSE,"BH"
3491,3,0,0,FALSE,"BH"
3492,2,0,0,FALSE,"BH"
3493,0,0,0,FALSE,"BH"
3494,3,1,0.333333333333333,TRUE,"BH"
3495,0,0,0,FALSE,"BH"
3496,1,0,0,FALSE,"BH"
3497,3,0,0,FALSE,"BH"
3498,2,2,1,TRUE,"BH"
3499,6,2,0.333333333333333,TRUE,"BH"
3500,0,0,0,FALSE,"BH"
3501,1,1,1,TRUE,"BH"
3502,3,0,0,FALSE,"BH"
3503,1,0,0,FALSE,"BH"
3504,2,0,0,FALSE,"BH"
3505,0,0,0,FALSE,"BH"
3506,0,0,0,FALSE,"BH"
3507,0,0,0,FALSE,"BH"
3508,0,0,0,FALSE,"BH"
3509,1,0,0,FALSE,"BH"
3510,2,0,0,FALSE,"BH"
3511,2,0,0,FALSE,"BH"
3512,3,0,0,FALSE,"BH"
3513,1,0,0,FALSE,"BH"
3514,1,0,0,FALSE,"BH"
3515,2,0,0,FALSE,"BH"
3516,3,0,0,FALSE,"BH"
3517,0,0,0,FALSE,"BH"
3518,0,0,0,FALSE,"BH"
3519,2,0,0,FALSE,"BH"
3520,2,0,0,FALSE,"BH"
3521,0,0,0,FALSE,"BH"
3522,0,0,0,FALSE,"BH"
3523,1,0,0,FALSE,"BH"
3524,0,0,0,FALSE,"BH"
3525,2,0,0,FALSE,"BH"
3526,2,0,0,FALSE,"BH"
3527,1,0,0,FALSE,"BH"
3528,3,0,0,FALSE,"BH"
3529,2,0,0,FALSE,"BH"
3530,0,0,0,FALSE,"BH"
3531,1,0,0,FALSE,"BH"
3532,2,0,0,FALSE,"BH"
3533,0,0,0,FALSE,"BH"
3534,1,0,0,FALSE,"BH"
3535,4,0,0,FALSE,"BH"
3536,2,0,0,FALSE,"BH"
3537,0,0,0,FALSE,"BH"
3538,2,0,0,FALSE,"BH"
3539,0,0,0,FALSE,"BH"
3540,0,0,0,FALSE,"BH"
3541,5,1,0.2,TRUE,"BH"
3542,2,0,0,FALSE,"BH"
3543,1,1,1,TRUE,"BH"
3544,3,0,0,FALSE,"BH"
3545,0,0,0,FALSE,"BH"
3546,0,0,0,FALSE,"BH"
3547,3,0,0,FALSE,"BH"
3548,3,0,0,FALSE,"BH"
3549,1,0,0,FALSE,"BH"
3550,3,0,0,FALSE,"BH"
3551,3,0,0,FALSE,"BH"
3552,1,0,0,FALSE,"BH"
3553,3,0,0,FALSE,"BH"
3554,0,0,0,FALSE,"BH"
3555,0,0,0,FALSE,"BH"
3556,4,0,0,FALSE,"BH"
3557,0,0,0,FALSE,"BH"
3558,0,0,0,FALSE,"BH"
3559,0,0,0,FALSE,"BH"
3560,3,1,0.333333333333333,TRUE,"BH"
3561,2,0,0,FALSE,"BH"
3562,0,0,0,FALSE,"BH"
3563,1,1,1,TRUE,"BH"
3564,0,0,0,FALSE,"BH"
3565,0,0,0,FALSE,"BH"
3566,2,0,0,FALSE,"BH"
3567,0,0,0,FALSE,"BH"
3568,2,0,0,FALSE,"BH"
3569,1,0,0,FALSE,"BH"
3570,3,0,0,FALSE,"BH"
3571,2,0,0,FALSE,"BH"
3572,3,0,0,FALSE,"BH"
3573,3,1,0.333333333333333,TRUE,"BH"
3574,1,0,0,FALSE,"BH"
3575,0,0,0,FALSE,"BH"
3576,1,0,0,FALSE,"BH"
3577,1,0,0,FALSE,"BH"
3578,0,0,0,FALSE,"BH"
3579,2,0,0,FALSE,"BH"
3580,1,0,0,FALSE,"BH"
3581,1,0,0,FALSE,"BH"
3582,2,0,0,FALSE,"BH"
3583,3,1,0.333333333333333,TRUE,"BH"
3584,2,0,0,FALSE,"BH"
3585,1,0,0,FALSE,"BH"
3586,1,0,0,FALSE,"BH"
3587,0,0,0,FALSE,"BH"
3588,0,0,0,FALSE,"BH"
3589,3,0,0,FALSE,"BH"
3590,0,0,0,FALSE,"BH"
3591,1,0,0,FALSE,"BH"
3592,1,0,0,FALSE,"BH"
3593,2,0,0,FALSE,"BH"
3594,0,0,0,FALSE,"BH"
3595,1,0,0,FALSE,"BH"
3596,0,0,0,FALSE,"BH"
3597,1,0,0,FALSE,"BH"
3598,4,0,0,FALSE,"BH"
3599,2,0,0,FALSE,"BH"
3600,0,0,0,FALSE,"BH"
3601,2,0,0,FALSE,"BH"
3602,1,0,0,FALSE,"BH"
3603,0,0,0,FALSE,"BH"
3604,3,0,0,FALSE,"BH"
3605,4,1,0.25,TRUE,"BH"
3606,1,0,0,FALSE,"BH"
3607,3,0,0,FALSE,"BH"
3608,1,0,0,FALSE,"BH"
3609,1,0,0,FALSE,"BH"
3610,0,0,0,FALSE,"BH"
3611,0,0,0,FALSE,"BH"
3612,1,0,0,FALSE,"BH"
3613,4,1,0.25,TRUE,"BH"
3614,2,0,0,FALSE,"BH"
3615,2,0,0,FALSE,"BH"
3616,0,0,0,FALSE,"BH"
3617,0,0,0,FALSE,"BH"
3618,4,0,0,FALSE,"BH"
3619,1,0,0,FALSE,"BH"
3620,1,0,0,FALSE,"BH"
3621,2,0,0,FALSE,"BH"
3622,2,0,0,FALSE,"BH"
3623,1,0,0,FALSE,"BH"
3624,3,0,0,FALSE,"BH"
3625,1,0,0,FALSE,"BH"
3626,0,0,0,FALSE,"BH"
3627,2,1,0.5,TRUE,"BH"
3628,5,2,0.4,TRUE,"BH"
3629,0,0,0,FALSE,"BH"
3630,1,0,0,FALSE,"BH"
3631,0,0,0,FALSE,"BH"
3632,2,0,0,FALSE,"BH"
3633,4,0,0,FALSE,"BH"
3634,1,0,0,FALSE,"BH"
3635,2,0,0,FALSE,"BH"
3636,1,0,0,FALSE,"BH"
3637,0,0,0,FALSE,"BH"
3638,1,0,0,FALSE,"BH"
3639,2,0,0,FALSE,"BH"
3640,2,0,0,FALSE,"BH"
3641,1,0,0,FALSE,"BH"
3642,4,0,0,FALSE,"BH"
3643,0,0,0,FALSE,"BH"
3644,3,0,0,FALSE,"BH"
3645,0,0,0,FALSE,"BH"
3646,0,0,0,FALSE,"BH"
3647,3,0,0,FALSE,"BH"
3648,3,0,0,FALSE,"BH"
3649,0,0,0,FALSE,"BH"
3650,1,0,0,FALSE,"BH"
3651,1,0,0,FALSE,"BH"
3652,1,0,0,FALSE,"BH"
3653,1,0,0,FALSE,"BH"
3654,1,0,0,FALSE,"BH"
3655,2,1,0.5,TRUE,"BH"
3656,1,0,0,FALSE,"BH"
3657,1,0,0,FALSE,"BH"
3658,0,0,0,FALSE,"BH"
3659,0,0,0,FALSE,"BH"
3660,2,0,0,FALSE,"BH"
3661,2,0,0,FALSE,"BH"
3662,2,0,0,FALSE,"BH"
3663,3,0,0,FALSE,"BH"
3664,1,0,0,FALSE,"BH"
3665,1,0,0,FALSE,"BH"
3666,2,0,0,FALSE,"BH"
3667,4,0,0,FALSE,"BH"
3668,2,0,0,FALSE,"BH"
3669,1,0,0,FALSE,"BH"
3670,2,0,0,FALSE,"BH"
3671,2,0,0,FALSE,"BH"
3672,2,0,0,FALSE,"BH"
3673,2,0,0,FALSE,"BH"
3674,1,0,0,FALSE,"BH"
3675,4,0,0,FALSE,"BH"
3676,2,0,0,FALSE,"BH"
3677,2,0,0,FALSE,"BH"
3678,5,1,0.2,TRUE,"BH"
3679,0,0,0,FALSE,"BH"
3680,2,0,0,FALSE,"BH"
3681,0,0,0,FALSE,"BH"
3682,1,0,0,FALSE,"BH"
3683,3,0,0,FALSE,"BH"
3684,2,0,0,FALSE,"BH"
3685,1,0,0,FALSE,"BH"
3686,1,0,0,FALSE,"BH"
3687,1,1,1,TRUE,"BH"
3688,4,0,0,FALSE,"BH"
3689,2,0,0,FALSE,"BH"
3690,0,0,0,FALSE,"BH"
3691,0,0,0,FALSE,"BH"
3692,3,0,0,FALSE,"BH"
3693,1,0,0,FALSE,"BH"
3694,1,0,0,FALSE,"BH"
3695,1,0,0,FALSE,"BH"
3696,5,1,0.2,TRUE,"BH"
3697,0,0,0,FALSE,"BH"
3698,1,0,0,FALSE,"BH"
3699,1,0,0,FALSE,"BH"
3700,0,0,0,FALSE,"BH"
3701,2,0,0,FALSE,"BH"
3702,3,0,0,FALSE,"BH"
3703,1,0,0,FALSE,"BH"
3704,4,0,0,FALSE,"BH"
3705,0,0,0,FALSE,"BH"
3706,0,0,0,FALSE,"BH"
3707,1,0,0,FALSE,"BH"
3708,2,0,0,FALSE,"BH"
3709,0,0,0,FALSE,"BH"
3710,0,0,0,FALSE,"BH"
3711,2,0,0,FALSE,"BH"
3712,0,0,0,FALSE,"BH"
3713,1,0,0,FALSE,"BH"
3714,5,1,0.2,TRUE,"BH"
3715,1,0,0,FALSE,"BH"
3716,0,0,0,FALSE,"BH"
3717,3,0,0,FALSE,"BH"
3718,3,0,0,FALSE,"BH"
3719,4,0,0,FALSE,"BH"
3720,1,0,0,FALSE,"BH"
3721,0,0,0,FALSE,"BH"
3722,0,0,0,FALSE,"BH"
3723,2,0,0,FALSE,"BH"
3724,0,0,0,FALSE,"BH"
3725,0,0,0,FALSE,"BH"
3726,2,0,0,FALSE,"BH"
3727,3,0,0,FALSE,"BH"
3728,1,0,0,FALSE,"BH"
3729,3,0,0,FALSE,"BH"
3730,4,0,0,FALSE,"BH"
3731,0,0,0,FALSE,"BH"
3732,0,0,0,FALSE,"BH"
3733,1,0,0,FALSE,"BH"
3734,0,0,0,FALSE,"BH"
3735,0,0,0,FALSE,"BH"
3736,3,2,0.666666666666667,TRUE,"BH"
3737,1,0,0,FALSE,"BH"
3738,1,0,0,FALSE,"BH"
3739,1,0,0,FALSE,"BH"
3740,1,0,0,FALSE,"BH"
3741,1,0,0,FALSE,"BH"
3742,4,0,0,FALSE,"BH"
3743,1,0,0,FALSE,"BH"
3744,0,0,0,FALSE,"BH"
3745,2,0,0,FALSE,"BH"
3746,1,0,0,FALSE,"BH"
3747,1,0,0,FALSE,"BH"
3748,0,0,0,FALSE,"BH"
3749,2,0,0,FALSE,"BH"
3750,0,0,0,FALSE,"BH"
3751,0,0,0,FALSE,"BH"
3752,0,0,0,FALSE,"BH"
3753,0,0,0,FALSE,"BH"
3754,1,0,0,FALSE,"BH"
3755,1,1,1,TRUE,"BH"
3756,0,0,0,FALSE,"BH"
3757,0,0,0,FALSE,"BH"
3758,0,0,0,FALSE,"BH"
3759,3,0,0,FALSE,"BH"
3760,0,0,0,FALSE,"BH"
3761,3,0,0,FALSE,"BH"
3762,0,0,0,FALSE,"BH"
3763,0,0,0,FALSE,"BH"
3764,2,1,0.5,TRUE,"BH"
3765,0,0,0,FALSE,"BH"
3766,3,1,0.333333333333333,TRUE,"BH"
3767,1,0,0,FALSE,"BH"
3768,0,0,0,FALSE,"BH"
3769,0,0,0,FALSE,"BH"
3770,0,0,0,FALSE,"BH"
3771,0,0,0,FALSE,"BH"
3772,1,0,0,FALSE,"BH"
3773,1,0,0,FALSE,"BH"
3774,3,0,0,FALSE,"BH"
3775,3,1,0.333333333333333,TRUE,"BH"
3776,0,0,0,FALSE,"BH"
3777,1,0,0,FALSE,"BH"
3778,1,0,0,FALSE,"BH"
3779,3,0,0,FALSE,"BH"
3780,2,0,0,FALSE,"BH"
3781,4,0,0,FALSE,"BH"
3782,6,2,0.333333333333333,TRUE,"BH"
3783,0,0,0,FALSE,"BH"
3784,4,1,0.25,TRUE,"BH"
3785,0,0,0,FALSE,"BH"
3786,1,0,0,FALSE,"BH"
3787,0,0,0,FALSE,"BH"
3788,0,0,0,FALSE,"BH"
3789,2,0,0,FALSE,"BH"
3790,0,0,0,FALSE,"BH"
3791,2,0,0,FALSE,"BH"
3792,1,0,0,FALSE,"BH"
3793,0,0,0,FALSE,"BH"
3794,3,0,0,FALSE,"BH"
3795,2,0,0,FALSE,"BH"
3796,3,0,0,FALSE,"BH"
3797,2,0,0,FALSE,"BH"
3798,1,1,1,TRUE,"BH"
3799,0,0,0,FALSE,"BH"
3800,1,0,0,FALSE,"BH"
3801,2,0,0,FALSE,"BH"
3802,0,0,0,FALSE,"BH"
3803,1,0,0,FALSE,"BH"
3804,1,0,0,FALSE,"BH"
3805,2,0,0,FALSE,"BH"
3806,3,0,0,FALSE,"BH"
3807,1,0,0,FALSE,"BH"
3808,0,0,0,FALSE,"BH"
3809,0,0,0,FALSE,"BH"
3810,0,0,0,FALSE,"BH"
3811,2,0,0,FALSE,"BH"
3812,3,0,0,FALSE,"BH"
3813,1,0,0,FALSE,"BH"
3814,0,0,0,FALSE,"BH"
3815,4,1,0.25,TRUE,"BH"
3816,0,0,0,FALSE,"BH"
3817,1,0,0,FALSE,"BH"
3818,1,0,0,FALSE,"BH"
3819,2,0,0,FALSE,"BH"
3820,3,0,0,FALSE,"BH"
3821,3,0,0,FALSE,"BH"
3822,1,0,0,FALSE,"BH"
3823,1,0,0,FALSE,"BH"
3824,1,0,0,FALSE,"BH"
3825,2,0,0,FALSE,"BH"
3826,1,0,0,FALSE,"BH"
3827,2,0,0,FALSE,"BH"
3828,2,0,0,FALSE,"BH"
3829,2,0,0,FALSE,"BH"
3830,0,0,0,FALSE,"BH"
3831,2,0,0,FALSE,"BH"
3832,0,0,0,FALSE,"BH"
3833,2,0,0,FALSE,"BH"
3834,3,0,0,FALSE,"BH"
3835,1,0,0,FALSE,"BH"
3836,3,0,0,FALSE,"BH"
3837,3,0,0,FALSE,"BH"
3838,3,0,0,FALSE,"BH"
3839,2,0,0,FALSE,"BH"
3840,2,1,0.5,TRUE,"BH"
3841,1,0,0,FALSE,"BH"
3842,2,0,0,FALSE,"BH"
3843,0,0,0,FALSE,"BH"
3844,3,0,0,FALSE,"BH"
3845,0,0,0,FALSE,"BH"
3846,3,0,0,FALSE,"BH"
3847,2,1,0.5,TRUE,"BH"
3848,2,0,0,FALSE,"BH"
3849,1,0,0,FALSE,"BH"
3850,2,0,0,FALSE,"BH"
3851,2,1,0.5,TRUE,"BH"
3852,0,0,0,FALSE,"BH"
3853,1,0,0,FALSE,"BH"
3854,2,0,0,FALSE,"BH"
3855,4,2,0.5,TRUE,"BH"
3856,0,0,0,FALSE,"BH"
3857,3,0,0,FALSE,"BH"
3858,2,0,0,FALSE,"BH"
3859,1,0,0,FALSE,"BH"
3860,0,0,0,FALSE,"BH"
3861,4,0,0,FALSE,"BH"
3862,2,0,0,FALSE,"BH"
3863,0,0,0,FALSE,"BH"
3864,2,0,0,FALSE,"BH"
3865,3,1,0.333333333333333,TRUE,"BH"
3866,0,0,0,FALSE,"BH"
3867,4,1,0.25,TRUE,"BH"
3868,3,0,0,FALSE,"BH"
3869,1,0,0,FALSE,"BH"
3870,0,0,0,FALSE,"BH"
3871,2,0,0,FALSE,"BH"
3872,2,0,0,FALSE,"BH"
3873,1,0,0,FALSE,"BH"
3874,3,0,0,FALSE,"BH"
3875,3,0,0,FALSE,"BH"
3876,1,0,0,FALSE,"BH"
3877,3,0,0,FALSE,"BH"
3878,2,0,0,FALSE,"BH"
3879,1,0,0,FALSE,"BH"
3880,0,0,0,FALSE,"BH"
3881,2,0,0,FALSE,"BH"
3882,3,0,0,FALSE,"BH"
3883,0,0,0,FALSE,"BH"
3884,2,0,0,FALSE,"BH"
3885,2,0,0,FALSE,"BH"
3886,1,0,0,FALSE,"BH"
3887,3,0,0,FALSE,"BH"
3888,0,0,0,FALSE,"BH"
3889,0,0,0,FALSE,"BH"
3890,2,0,0,FALSE,"BH"
3891,4,0,0,FALSE,"BH"
3892,1,0,0,FALSE,"BH"
3893,0,0,0,FALSE,"BH"
3894,0,0,0,FALSE,"BH"
3895,0,0,0,FALSE,"BH"
3896,0,0,0,FALSE,"BH"
3897,1,0,0,FALSE,"BH"
3898,3,0,0,FALSE,"BH"
3899,1,0,0,FALSE,"BH"
3900,4,1,0.25,TRUE,"BH"
3901,0,0,0,FALSE,"BH"
3902,2,0,0,FALSE,"BH"
3903,2,0,0,FALSE,"BH"
3904,1,0,0,FALSE,"BH"
3905,1,0,0,FALSE,"BH"
3906,1,0,0,FALSE,"BH"
3907,4,1,0.25,TRUE,"BH"
3908,3,0,0,FALSE,"BH"
3909,1,0,0,FALSE,"BH"
3910,0,0,0,FALSE,"BH"
3911,1,1,1,TRUE,"BH"
3912,3,0,0,FALSE,"BH"
3913,2,0,0,FALSE,"BH"
3914,4,0,0,FALSE,"BH"
3915,3,0,0,FALSE,"BH"
3916,3,0,0,FALSE,"BH"
3917,4,0,0,FALSE,"BH"
3918,0,0,0,FALSE,"BH"
3919,0,0,0,FALSE,"BH"
3920,0,0,0,FALSE,"BH"
3921,1,0,0,FALSE,"BH"
3922,4,0,0,FALSE,"BH"
3923,1,0,0,FALSE,"BH"
3924,0,0,0,FALSE,"BH"
3925,4,1,0.25,TRUE,"BH"
3926,4,0,0,FALSE,"BH"
3927,2,0,0,FALSE,"BH"
3928,0,0,0,FALSE,"BH"
3929,0,0,0,FALSE,"BH"
3930,2,0,0,FALSE,"BH"
3931,0,0,0,FALSE,"BH"
3932,2,0,0,FALSE,"BH"
3933,0,0,0,FALSE,"BH"
3934,2,1,0.5,TRUE,"BH"
3935,2,0,0,FALSE,"BH"
3936,0,0,0,FALSE,"BH"
3937,4,1,0.25,TRUE,"BH"
3938,0,0,0,FALSE,"BH"
3939,0,0,0,FALSE,"BH"
3940,2,0,0,FALSE,"BH"
3941,4,0,0,FALSE,"BH"
3942,0,0,0,FALSE,"BH"
3943,0,0,0,FALSE,"BH"
3944,0,0,0,FALSE,"BH"
3945,1,0,0,FALSE,"BH"
3946,1,0,0,FALSE,"BH"
3947,0,0,0,FALSE,"BH"
3948,1,0,0,FALSE,"BH"
3949,3,0,0,FALSE,"BH"
3950,1,0,0,FALSE,"BH"
3951,2,0,0,FALSE,"BH"
3952,3,0,0,FALSE,"BH"
3953,0,0,0,FALSE,"BH"
3954,0,0,0,FALSE,"BH"
3955,1,0,0,FALSE,"BH"
3956,1,0,0,FALSE,"BH"
3957,1,0,0,FALSE,"BH"
3958,5,1,0.2,TRUE,"BH"
3959,2,0,0,FALSE,"BH"
3960,0,0,0,FALSE,"BH"
3961,1,0,0,FALSE,"BH"
3962,3,0,0,FALSE,"BH"
3963,4,1,0.25,TRUE,"BH"
3964,1,0,0,FALSE,"BH"
3965,2,0,0,FALSE,"BH"
3966,3,1,0.333333333333333,TRUE,"BH"
3967,1,0,0,FALSE,"BH"
3968,1,0,0,FALSE,"BH"
3969,0,0,0,FALSE,"BH"
3970,2,0,0,FALSE,"BH"
3971,2,0,0,FALSE,"BH"
3972,1,0,0,FALSE,"BH"
3973,1,0,0,FALSE,"BH"
3974,3,0,0,FALSE,"BH"
3975,0,0,0,FALSE,"BH"
3976,2,0,0,FALSE,"BH"
3977,0,0,0,FALSE,"BH"
3978,1,0,0,FALSE,"BH"
3979,0,0,0,FALSE,"BH"
3980,0,0,0,FALSE,"BH"
3981,3,0,0,FALSE,"BH"
3982,3,0,0,FALSE,"BH"
3983,3,0,0,FALSE,"BH"
3984,1,0,0,FALSE,"BH"
3985,3,0,0,FALSE,"BH"
3986,0,0,0,FALSE,"BH"
3987,4,1,0.25,TRUE,"BH"
3988,0,0,0,FALSE,"BH"
3989,3,0,0,FALSE,"BH"
3990,0,0,0,FALSE,"BH"
3991,3,0,0,FALSE,"BH"
3992,1,0,0,FALSE,"BH"
3993,1,0,0,FALSE,"BH"
3994,2,0,0,FALSE,"BH"
3995,0,0,0,FALSE,"BH"
3996,1,0,0,FALSE,"BH"
3997,2,0,0,FALSE,"BH"
3998,1,0,0,FALSE,"BH"
3999,2,1,0.5,TRUE,"BH"
4000,0,0,0,FALSE,"BH"
4001,2,0,0,FALSE,"BH"
4002,3,0,0,FALSE,"BH"
4003,3,0,0,FALSE,"BH"
4004,0,0,0,FALSE,"BH"
4005,1,0,0,FALSE,"BH"
4006,4,1,0.25,TRUE,"BH"
4007,3,1,0.333333333333333,TRUE,"BH"
4008,0,0,0,FALSE,"BH"
4009,2,0,0,FALSE,"BH"
4010,1,0,0,FALSE,"BH"
4011,1,1,1,TRUE,"BH"
4012,1,0,0,FALSE,"BH"
4013,3,0,0,FALSE,"BH"
4014,3,0,0,FALSE,"BH"
4015,0,0,0,FALSE,"BH"
4016,2,0,0,FALSE,"BH"
4017,2,0,0,FALSE,"BH"
4018,1,1,1,TRUE,"BH"
4019,3,0,0,FALSE,"BH"
4020,2,0,0,FALSE,"BH"
4021,3,1,0.333333333333333,TRUE,"BH"
4022,2,0,0,FALSE,"BH"
4023,2,0,0,FALSE,"BH"
4024,5,1,0.2,TRUE,"BH"
4025,6,2,0.333333333333333,TRUE,"BH"
4026,3,0,0,FALSE,"BH"
4027,1,0,0,FALSE,"BH"
4028,1,0,0,FALSE,"BH"
4029,1,0,0,FALSE,"BH"
4030,2,0,0,FALSE,"BH"
4031,2,0,0,FALSE,"BH"
4032,2,0,0,FALSE,"BH"
4033,1,0,0,FALSE,"BH"
4034,1,1,1,TRUE,"BH"
4035,1,0,0,FALSE,"BH"
4036,1,0,0,FALSE,"BH"
4037,0,0,0,FALSE,"BH"
4038,0,0,0,FALSE,"BH"
4039,2,0,0,FALSE,"BH"
4040,3,0,0,FALSE,"BH"
4041,0,0,0,FALSE,"BH"
4042,0,0,0,FALSE,"BH"
4043,2,0,0,FALSE,"BH"
4044,1,0,0,FALSE,"BH"
4045,1,0,0,FALSE,"BH"
4046,3,0,0,FALSE,"BH"
4047,2,0,0,FALSE,"BH"
4048,1,0,0,FALSE,"BH"
4049,0,0,0,FALSE,"BH"
4050,1,0,0,FALSE,"BH"
4051,0,0,0,FALSE,"BH"
4052,2,0,0,FALSE,"BH"
4053,3,1,0.333333333333333,TRUE,"BH"
4054,3,0,0,FALSE,"BH"
4055,3,0,0,FALSE,"BH"
4056,1,0,0,FALSE,"BH"
4057,1,0,0,FALSE,"BH"
4058,4,0,0,FALSE,"BH"
4059,1,1,1,TRUE,"BH"
4060,2,0,0,FALSE,"BH"
4061,2,0,0,FALSE,"BH"
4062,6,2,0.333333333333333,TRUE,"BH"
4063,1,0,0,FALSE,"BH"
4064,2,0,0,FALSE,"BH"
4065,4,0,0,FALSE,"BH"
4066,0,0,0,FALSE,"BH"
4067,1,0,0,FALSE,"BH"
4068,1,0,0,FALSE,"BH"
4069,0,0,0,FALSE,"BH"
4070,0,0,0,FALSE,"BH"
4071,0,0,0,FALSE,"BH"
4072,0,0,0,FALSE,"BH"
4073,2,1,0.5,TRUE,"BH"
4074,3,0,0,FALSE,"BH"
4075,0,0,0,FALSE,"BH"
4076,3,0,0,FALSE,"BH"
4077,3,0,0,FALSE,"BH"
4078,3,0,0,FALSE,"BH"
4079,2,0,0,FALSE,"BH"
4080,1,0,0,FALSE,"BH"
4081,0,0,0,FALSE,"BH"
4082,1,0,0,FALSE,"BH"
4083,0,0,0,FALSE,"BH"
4084,2,0,0,FALSE,"BH"
4085,2,0,0,FALSE,"BH"
4086,2,0,0,FALSE,"BH"
4087,1,0,0,FALSE,"BH"
4088,3,0,0,FALSE,"BH"
4089,3,1,0.333333333333333,TRUE,"BH"
4090,3,0,0,FALSE,"BH"
4091,2,0,0,FALSE,"BH"
4092,1,0,0,FALSE,"BH"
4093,3,0,0,FALSE,"BH"
4094,3,0,0,FALSE,"BH"
4095,4,0,0,FALSE,"BH"
4096,0,0,0,FALSE,"BH"
4097,2,0,0,FALSE,"BH"
4098,0,0,0,FALSE,"BH"
4099,0,0,0,FALSE,"BH"
4100,3,0,0,FALSE,"BH"
4101,0,0,0,FALSE,"BH"
4102,0,0,0,FALSE,"BH"
4103,0,0,0,FALSE,"BH"
4104,0,0,0,FALSE,"BH"
4105,1,0,0,FALSE,"BH"
4106,1,0,0,FALSE,"BH"
4107,0,0,0,FALSE,"BH"
4108,1,0,0,FALSE,"BH"
4109,0,0,0,FALSE,"BH"
4110,1,0,0,FALSE,"BH"
4111,2,0,0,FALSE,"BH"
4112,1,0,0,FALSE,"BH"
4113,2,0,0,FALSE,"BH"
4114,2,1,0.5,TRUE,"BH"
4115,0,0,0,FALSE,"BH"
4116,2,0,0,FALSE,"BH"
4117,0,0,0,FALSE,"BH"
4118,1,0,0,FALSE,"BH"
4119,2,0,0,FALSE,"BH"
4120,0,0,0,FALSE,"BH"
4121,1,1,1,TRUE,"BH"
4122,1,0,0,FALSE,"BH"
4123,1,0,0,FALSE,"BH"
4124,0,0,0,FALSE,"BH"
4125,3,0,0,FALSE,"BH"
4126,3,1,0.333333333333333,TRUE,"BH"
4127,2,0,0,FALSE,"BH"
4128,0,0,0,FALSE,"BH"
4129,3,1,0.333333333333333,TRUE,"BH"
4130,3,0,0,FALSE,"BH"
4131,3,0,0,FALSE,"BH"
4132,3,0,0,FALSE,"BH"
4133,3,0,0,FALSE,"BH"
4134,4,0,0,FALSE,"BH"
4135,0,0,0,FALSE,"BH"
4136,2,0,0,FALSE,"BH"
4137,2,0,0,FALSE,"BH"
4138,0,0,0,FALSE,"BH"
4139,3,0,0,FALSE,"BH"
4140,2,0,0,FALSE,"BH"
4141,0,0,0,FALSE,"BH"
4142,0,0,0,FALSE,"BH"
4143,0,0,0,FALSE,"BH"
4144,2,0,0,FALSE,"BH"
4145,0,0,0,FALSE,"BH"
4146,0,0,0,FALSE,"BH"
4147,1,1,1,TRUE,"BH"
4148,3,0,0,FALSE,"BH"
4149,4,0,0,FALSE,"BH"
4150,3,0,0,FALSE,"BH"
4151,0,0,0,FALSE,"BH"
4152,4,1,0.25,TRUE,"BH"
4153,2,0,0,FALSE,"BH"
4154,2,0,0,FALSE,"BH"
4155,3,0,0,FALSE,"BH"
4156,3,0,0,FALSE,"BH"
4157,2,0,0,FALSE,"BH"
4158,2,0,0,FALSE,"BH"
4159,2,0,0,FALSE,"BH"
4160,0,0,0,FALSE,"BH"
4161,4,0,0,FALSE,"BH"
4162,0,0,0,FALSE,"BH"
4163,1,0,0,FALSE,"BH"
4164,0,0,0,FALSE,"BH"
4165,1,0,0,FALSE,"BH"
4166,1,0,0,FALSE,"BH"
4167,0,0,0,FALSE,"BH"
4168,3,0,0,FALSE,"BH"
4169,4,0,0,FALSE,"BH"
4170,0,0,0,FALSE,"BH"
4171,3,0,0,FALSE,"BH"
4172,2,0,0,FALSE,"BH"
4173,1,0,0,FALSE,"BH"
4174,2,0,0,FALSE,"BH"
4175,0,0,0,FALSE,"BH"
4176,0,0,0,FALSE,"BH"
4177,0,0,0,FALSE,"BH"
4178,0,0,0,FALSE,"BH"
4179,2,0,0,FALSE,"BH"
4180,4,1,0.25,TRUE,"BH"
4181,1,0,0,FALSE,"BH"
4182,2,0,0,FALSE,"BH"
4183,2,0,0,FALSE,"BH"
4184,0,0,0,FALSE,"BH"
4185,1,0,0,FALSE,"BH"
4186,1,0,0,FALSE,"BH"
4187,1,0,0,FALSE,"BH"
4188,0,0,0,FALSE,"BH"
4189,1,0,0,FALSE,"BH"
4190,4,0,0,FALSE,"BH"
4191,3,0,0,FALSE,"BH"
4192,4,0,0,FALSE,"BH"
4193,2,0,0,FALSE,"BH"
4194,1,0,0,FALSE,"BH"
4195,2,0,0,FALSE,"BH"
4196,1,0,0,FALSE,"BH"
4197,2,0,0,FALSE,"BH"
4198,4,0,0,FALSE,"BH"
4199,2,0,0,FALSE,"BH"
4200,1,0,0,FALSE,"BH"
4201,1,0,0,FALSE,"BH"
4202,3,0,0,FALSE,"BH"
4203,0,0,0,FALSE,"BH"
4204,0,0,0,FALSE,"BH"
4205,2,1,0.5,TRUE,"BH"
4206,1,0,0,FALSE,"BH"
4207,1,0,0,FALSE,"BH"
4208,0,0,0,FALSE,"BH"
4209,0,0,0,FALSE,"BH"
4210,2,0,0,FALSE,"BH"
4211,0,0,0,FALSE,"BH"
4212,0,0,0,FALSE,"BH"
4213,1,0,0,FALSE,"BH"
4214,0,0,0,FALSE,"BH"
4215,1,0,0,FALSE,"BH"
4216,3,0,0,FALSE,"BH"
4217,2,0,0,FALSE,"BH"
4218,0,0,0,FALSE,"BH"
4219,2,0,0,FALSE,"BH"
4220,4,0,0,FALSE,"BH"
4221,0,0,0,FALSE,"BH"
4222,1,0,0,FALSE,"BH"
4223,0,0,0,FALSE,"BH"
4224,3,0,0,FALSE,"BH"
4225,2,0,0,FALSE,"BH"
4226,1,0,0,FALSE,"BH"
4227,0,0,0,FALSE,"BH"
4228,0,0,0,FALSE,"BH"
4229,0,0,0,FALSE,"BH"
4230,2,0,0,FALSE,"BH"
4231,2,0,0,FALSE,"BH"
4232,6,2,0.333333333333333,TRUE,"BH"
4233,0,0,0,FALSE,"BH"
4234,1,0,0,FALSE,"BH"
4235,0,0,0,FALSE,"BH"
4236,2,0,0,FALSE,"BH"
4237,0,0,0,FALSE,"BH"
4238,0,0,0,FALSE,"BH"
4239,0,0,0,FALSE,"BH"
4240,0,0,0,FALSE,"BH"
4241,2,0,0,FALSE,"BH"
4242,0,0,0,FALSE,"BH"
4243,0,0,0,FALSE,"BH"
4244,1,0,0,FALSE,"BH"
4245,1,0,0,FALSE,"BH"
4246,1,0,0,FALSE,"BH"
4247,0,0,0,FALSE,"BH"
4248,0,0,0,FALSE,"BH"
4249,0,0,0,FALSE,"BH"
4250,2,0,0,FALSE,"BH"
4251,1,0,0,FALSE,"BH"
4252,2,1,0.5,TRUE,"BH"
4253,2,0,0,FALSE,"BH"
4254,0,0,0,FALSE,"BH"
4255,0,0,0,FALSE,"BH"
4256,2,0,0,FALSE,"BH"
4257,2,0,0,FALSE,"BH"
4258,1,0,0,FALSE,"BH"
4259,2,0,0,FALSE,"BH"
4260,0,0,0,FALSE,"BH"
4261,1,0,0,FALSE,"BH"
4262,0,0,0,FALSE,"BH"
4263,4,0,0,FALSE,"BH"
4264,1,0,0,FALSE,"BH"
4265,1,0,0,FALSE,"BH"
4266,4,1,0.25,TRUE,"BH"
4267,0,0,0,FALSE,"BH"
4268,1,1,1,TRUE,"BH"
4269,0,0,0,FALSE,"BH"
4270,1,0,0,FALSE,"BH"
4271,0,0,0,FALSE,"BH"
4272,0,0,0,FALSE,"BH"
4273,0,0,0,FALSE,"BH"
4274,1,0,0,FALSE,"BH"
4275,0,0,0,FALSE,"BH"
4276,0,0,0,FALSE,"BH"
4277,0,0,0,FALSE,"BH"
4278,1,1,1,TRUE,"BH"
4279,2,0,0,FALSE,"BH"
4280,0,0,0,FALSE,"BH"
4281,3,1,0.333333333333333,TRUE,"BH"
4282,0,0,0,FALSE,"BH"
4283,4,1,0.25,TRUE,"BH"
4284,3,0,0,FALSE,"BH"
4285,1,0,0,FALSE,"BH"
4286,0,0,0,FALSE,"BH"
4287,4,0,0,FALSE,"BH"
4288,2,1,0.5,TRUE,"BH"
4289,2,0,0,FALSE,"BH"
4290,0,0,0,FALSE,"BH"
4291,1,0,0,FALSE,"BH"
4292,0,0,0,FALSE,"BH"
4293,2,0,0,FALSE,"BH"
4294,1,0,0,FALSE,"BH"
4295,2,0,0,FALSE,"BH"
4296,1,0,0,FALSE,"BH"
4297,4,0,0,FALSE,"BH"
4298,1,0,0,FALSE,"BH"
4299,3,1,0.333333333333333,TRUE,"BH"
4300,2,0,0,FALSE,"BH"
4301,0,0,0,FALSE,"BH"
4302,3,0,0,FALSE,"BH"
4303,0,0,0,FALSE,"BH"
4304,0,0,0,FALSE,"BH"
4305,2,1,0.5,TRUE,"BH"
4306,2,0,0,FALSE,"BH"
4307,2,0,0,FALSE,"BH"
4308,3,1,0.333333333333333,TRUE,"BH"
4309,2,0,0,FALSE,"BH"
4310,0,0,0,FALSE,"BH"
4311,1,0,0,FALSE,"BH"
4312,1,0,0,FALSE,"BH"
4313,3,1,0.333333333333333,TRUE,"BH"
4314,1,0,0,FALSE,"BH"
4315,0,0,0,FALSE,"BH"
4316,2,0,0,FALSE,"BH"
4317,1,0,0,FALSE,"BH"
4318,0,0,0,FALSE,"BH"
4319,1,0,0,FALSE,"BH"
4320,3,0,0,FALSE,"BH"
4321,2,0,0,FALSE,"BH"
4322,0,0,0,FALSE,"BH"
4323,1,0,0,FALSE,"BH"
4324,0,0,0,FALSE,"BH"
4325,4,1,0.25,TRUE,"BH"
4326,0,0,0,FALSE,"BH"
4327,0,0,0,FALSE,"BH"
4328,0,0,0,FALSE,"BH"
4329,3,0,0,FALSE,"BH"
4330,1,0,0,FALSE,"BH"
4331,4,1,0.25,TRUE,"BH"
4332,4,1,0.25,TRUE,"BH"
4333,0,0,0,FALSE,"BH"
4334,2,0,0,FALSE,"BH"
4335,0,0,0,FALSE,"BH"
4336,0,0,0,FALSE,"BH"
4337,0,0,0,FALSE,"BH"
4338,0,0,0,FALSE,"BH"
4339,2,0,0,FALSE,"BH"
4340,3,0,0,FALSE,"BH"
4341,5,1,0.2,TRUE,"BH"
4342,2,0,0,FALSE,"BH"
4343,1,0,0,FALSE,"BH"
4344,2,0,0,FALSE,"BH"
4345,0,0,0,FALSE,"BH"
4346,1,0,0,FALSE,"BH"
4347,0,0,0,FALSE,"BH"
4348,0,0,0,FALSE,"BH"
4349,0,0,0,FALSE,"BH"
4350,0,0,0,FALSE,"BH"
4351,4,0,0,FALSE,"BH"
4352,1,0,0,FALSE,"BH"
4353,3,0,0,FALSE,"BH"
4354,1,0,0,FALSE,"BH"
4355,3,0,0,FALSE,"BH"
4356,2,0,0,FALSE,"BH"
4357,1,0,0,FALSE,"BH"
4358,0,0,0,FALSE,"BH"
4359,1,0,0,FALSE,"BH"
4360,0,0,0,FALSE,"BH"
4361,2,0,0,FALSE,"BH"
4362,2,0,0,FALSE,"BH"
4363,0,0,0,FALSE,"BH"
4364,0,0,0,FALSE,"BH"
4365,0,0,0,FALSE,"BH"
4366,4,0,0,FALSE,"BH"
4367,3,0,0,FALSE,"BH"
4368,2,0,0,FALSE,"BH"
4369,2,0,0,FALSE,"BH"
4370,1,0,0,FALSE,"BH"
4371,0,0,0,FALSE,"BH"
4372,1,0,0,FALSE,"BH"
4373,0,0,0,FALSE,"BH"
4374,0,0,0,FALSE,"BH"
4375,1,0,0,FALSE,"BH"
4376,0,0,0,FALSE,"BH"
4377,1,0,0,FALSE,"BH"
4378,1,0,0,FALSE,"BH"
4379,0,0,0,FALSE,"BH"
4380,2,0,0,FALSE,"BH"
4381,0,0,0,FALSE,"BH"
4382,0,0,0,FALSE,"BH"
4383,0,0,0,FALSE,"BH"
4384,0,0,0,FALSE,"BH"
4385,3,0,0,FALSE,"BH"
4386,0,0,0,FALSE,"BH"
4387,1,0,0,FALSE,"BH"
4388,0,0,0,FALSE,"BH"
4389,1,0,0,FALSE,"BH"
4390,1,0,0,FALSE,"BH"
4391,0,0,0,FALSE,"BH"
4392,0,0,0,FALSE,"BH"
4393,0,0,0,FALSE,"BH"
4394,0,0,0,FALSE,"BH"
4395,1,0,0,FALSE,"BH"
4396,4,1,0.25,TRUE,"BH"
4397,3,1,0.333333333333333,TRUE,"BH"
4398,4,0,0,FALSE,"BH"
4399,2,0,0,FALSE,"BH"
4400,6,2,0.333333333333333,TRUE,"BH"
4401,2,0,0,FALSE,"BH"
4402,2,0,0,FALSE,"BH"
4403,1,0,0,FALSE,"BH"
4404,0,0,0,FALSE,"BH"
4405,0,0,0,FALSE,"BH"
4406,2,0,0,FALSE,"BH"
4407,1,0,0,FALSE,"BH"
4408,3,1,0.333333333333333,TRUE,"BH"
4409,0,0,0,FALSE,"BH"
4410,1,0,0,FALSE,"BH"
4411,0,0,0,FALSE,"BH"
4412,0,0,0,FALSE,"BH"
4413,1,0,0,FALSE,"BH"
4414,1,0,0,FALSE,"BH"
4415,1,0,0,FALSE,"BH"
4416,0,0,0,FALSE,"BH"
4417,0,0,0,FALSE,"BH"
4418,3,0,0,FALSE,"BH"
4419,3,0,0,FALSE,"BH"
4420,0,0,0,FALSE,"BH"
4421,1,0,0,FALSE,"BH"
4422,3,1,0.333333333333333,TRUE,"BH"
4423,2,0,0,FALSE,"BH"
4424,3,0,0,FALSE,"BH"
4425,0,0,0,FALSE,"BH"
4426,1,0,0,FALSE,"BH"
4427,0,0,0,FALSE,"BH"
4428,0,0,0,FALSE,"BH"
4429,0,0,0,FALSE,"BH"
4430,3,0,0,FALSE,"BH"
4431,2,0,0,FALSE,"BH"
4432,0,0,0,FALSE,"BH"
4433,0,0,0,FALSE,"BH"
4434,3,0,0,FALSE,"BH"
4435,0,0,0,FALSE,"BH"
4436,3,0,0,FALSE,"BH"
4437,1,0,0,FALSE,"BH"
4438,3,1,0.333333333333333,TRUE,"BH"
4439,3,0,0,FALSE,"BH"
4440,3,0,0,FALSE,"BH"
4441,0,0,0,FALSE,"BH"
4442,1,0,0,FALSE,"BH"
4443,0,0,0,FALSE,"BH"
4444,3,0,0,FALSE,"BH"
4445,0,0,0,FALSE,"BH"
4446,0,0,0,FALSE,"BH"
4447,1,0,0,FALSE,"BH"
4448,3,0,0,FALSE,"BH"
4449,0,0,0,FALSE,"BH"
4450,4,0,0,FALSE,"BH"
4451,2,0,0,FALSE,"BH"
4452,1,0,0,FALSE,"BH"
4453,3,0,0,FALSE,"BH"
4454,4,0,0,FALSE,"BH"
4455,3,0,0,FALSE,"BH"
4456,0,0,0,FALSE,"BH"
4457,3,0,0,FALSE,"BH"
4458,1,0,0,FALSE,"BH"
4459,0,0,0,FALSE,"BH"
4460,2,0,0,FALSE,"BH"
4461,0,0,0,FALSE,"BH"
4462,0,0,0,FALSE,"BH"
4463,0,0,0,FALSE,"BH"
4464,0,0,0,FALSE,"BH"
4465,0,0,0,FALSE,"BH"
4466,1,0,0,FALSE,"BH"
4467,5,3,0.6,TRUE,"BH"
4468,3,0,0,FALSE,"BH"
4469,0,0,0,FALSE,"BH"
4470,0,0,0,FALSE,"BH"
4471,0,0,0,FALSE,"BH"
4472,1,0,0,FALSE,"BH"
4473,1,0,0,FALSE,"BH"
4474,2,0,0,FALSE,"BH"
4475,1,0,0,FALSE,"BH"
4476,0,0,0,FALSE,"BH"
4477,2,0,0,FALSE,"BH"
4478,3,1,0.333333333333333,TRUE,"BH"
4479,0,0,0,FALSE,"BH"
4480,1,0,0,FALSE,"BH"
4481,1,0,0,FALSE,"BH"
4482,2,0,0,FALSE,"BH"
4483,2,0,0,FALSE,"BH"
4484,3,0,0,FALSE,"BH"
4485,0,0,0,FALSE,"BH"
4486,3,0,0,FALSE,"BH"
4487,0,0,0,FALSE,"BH"
4488,1,0,0,FALSE,"BH"
4489,0,0,0,FALSE,"BH"
4490,2,0,0,FALSE,"BH"
4491,0,0,0,FALSE,"BH"
4492,3,0,0,FALSE,"BH"
4493,1,0,0,FALSE,"BH"
4494,1,0,0,FALSE,"BH"
4495,4,1,0.25,TRUE,"BH"
4496,1,0,0,FALSE,"BH"
4497,0,0,0,FALSE,"BH"
4498,2,0,0,FALSE,"BH"
4499,3,0,0,FALSE,"BH"
4500,0,0,0,FALSE,"BH"
4501,1,0,0,FALSE,"BH"
4502,3,0,0,FALSE,"BH"
4503,0,0,0,FALSE,"BH"
4504,0,0,0,FALSE,"BH"
4505,1,0,0,FALSE,"BH"
4506,2,0,0,FALSE,"BH"
4507,2,0,0,FALSE,"BH"
4508,0,0,0,FALSE,"BH"
4509,2,0,0,FALSE,"BH"
4510,1,0,0,FALSE,"BH"
4511,1,0,0,FALSE,"BH"
4512,0,0,0,FALSE,"BH"
4513,0,0,0,FALSE,"BH"
4514,3,0,0,FALSE,"BH"
4515,0,0,0,FALSE,"BH"
4516,1,0,0,FALSE,"BH"
4517,0,0,0,FALSE,"BH"
4518,5,2,0.4,TRUE,"BH"
4519,1,0,0,FALSE,"BH"
4520,3,1,0.333333333333333,TRUE,"BH"
4521,2,0,0,FALSE,"BH"
4522,2,1,0.5,TRUE,"BH"
4523,2,0,0,FALSE,"BH"
4524,2,0,0,FALSE,"BH"
4525,4,1,0.25,TRUE,"BH"
4526,1,0,0,FALSE,"BH"
4527,4,0,0,FALSE,"BH"
4528,2,0,0,FALSE,"BH"
4529,1,0,0,FALSE,"BH"
4530,2,0,0,FALSE,"BH"
4531,4,0,0,FALSE,"BH"
4532,1,1,1,TRUE,"BH"
4533,0,0,0,FALSE,"BH"
4534,4,0,0,FALSE,"BH"
4535,0,0,0,FALSE,"BH"
4536,0,0,0,FALSE,"BH"
4537,1,0,0,FALSE,"BH"
4538,0,0,0,FALSE,"BH"
4539,1,0,0,FALSE,"BH"
4540,2,0,0,FALSE,"BH"
4541,3,0,0,FALSE,"BH"
4542,2,0,0,FALSE,"BH"
4543,1,0,0,FALSE,"BH"
4544,0,0,0,FALSE,"BH"
4545,0,0,0,FALSE,"BH"
4546,2,0,0,FALSE,"BH"
4547,2,0,0,FALSE,"BH"
4548,1,0,0,FALSE,"BH"
4549,3,0,0,FALSE,"BH"
4550,0,0,0,FALSE,"BH"
4551,3,0,0,FALSE,"BH"
4552,3,0,0,FALSE,"BH"
4553,0,0,0,FALSE,"BH"
4554,2,0,0,FALSE,"BH"
4555,0,0,0,FALSE,"BH"
4556,2,0,0,FALSE,"BH"
4557,2,0,0,FALSE,"BH"
4558,2,0,0,FALSE,"BH"
4559,6,2,0.333333333333333,TRUE,"BH"
4560,0,0,0,FALSE,"BH"
4561,1,0,0,FALSE,"BH"
4562,2,0,0,FALSE,"BH"
4563,0,0,0,FALSE,"BH"
4564,2,0,0,FALSE,"BH"
4565,0,0,0,FALSE,"BH"
4566,1,0,0,FALSE,"BH"
4567,4,1,0.25,TRUE,"BH"
4568,0,0,0,FALSE,"BH"
4569,2,0,0,FALSE,"BH"
4570,0,0,0,FALSE,"BH"
4571,0,0,0,FALSE,"BH"
4572,1,0,0,FALSE,"BH"
4573,2,1,0.5,TRUE,"BH"
4574,0,0,0,FALSE,"BH"
4575,1,0,0,FALSE,"BH"
4576,2,0,0,FALSE,"BH"
4577,4,0,0,FALSE,"BH"
4578,2,0,0,FALSE,"BH"
4579,3,0,0,FALSE,"BH"
4580,3,1,0.333333333333333,TRUE,"BH"
4581,3,0,0,FALSE,"BH"
4582,0,0,0,FALSE,"BH"
4583,0,0,0,FALSE,"BH"
4584,0,0,0,FALSE,"BH"
4585,3,0,0,FALSE,"BH"
4586,3,0,0,FALSE,"BH"
4587,2,0,0,FALSE,"BH"
4588,0,0,0,FALSE,"BH"
4589,1,0,0,FALSE,"BH"
4590,3,0,0,FALSE,"BH"
4591,1,0,0,FALSE,"BH"
4592,1,0,0,FALSE,"BH"
4593,3,1,0.333333333333333,TRUE,"BH"
4594,1,0,0,FALSE,"BH"
4595,1,0,0,FALSE,"BH"
4596,0,0,0,FALSE,"BH"
4597,0,0,0,FALSE,"BH"
4598,3,0,0,FALSE,"BH"
4599,3,1,0.333333333333333,TRUE,"BH"
4600,0,0,0,FALSE,"BH"
4601,1,0,0,FALSE,"BH"
4602,2,1,0.5,TRUE,"BH"
4603,2,0,0,FALSE,"BH"
4604,1,0,0,FALSE,"BH"
4605,1,0,0,FALSE,"BH"
4606,0,0,0,FALSE,"BH"
4607,0,0,0,FALSE,"BH"
4608,0,0,0,FALSE,"BH"
4609,1,0,0,FALSE,"BH"
4610,0,0,0,FALSE,"BH"
4611,2,0,0,FALSE,"BH"
4612,3,0,0,FALSE,"BH"
4613,3,0,0,FALSE,"BH"
4614,4,2,0.5,TRUE,"BH"
4615,1,0,0,FALSE,"BH"
4616,2,0,0,FALSE,"BH"
4617,0,0,0,FALSE,"BH"
4618,0,0,0,FALSE,"BH"
4619,0,0,0,FALSE,"BH"
4620,3,0,0,FALSE,"BH"
4621,3,0,0,FALSE,"BH"
4622,0,0,0,FALSE,"BH"
4623,0,0,0,FALSE,"BH"
4624,1,0,0,FALSE,"BH"
4625,0,0,0,FALSE,"BH"
4626,2,0,0,FALSE,"BH"
4627,0,0,0,FALSE,"BH"
4628,5,2,0.4,TRUE,"BH"
4629,4,0,0,FALSE,"BH"
4630,0,0,0,FALSE,"BH"
4631,3,0,0,FALSE,"BH"
4632,1,0,0,FALSE,"BH"
4633,3,1,0.333333333333333,TRUE,"BH"
4634,0,0,0,FALSE,"BH"
4635,2,0,0,FALSE,"BH"
4636,2,0,0,FALSE,"BH"
4637,4,0,0,FALSE,"BH"
4638,0,0,0,FALSE,"BH"
4639,1,0,0,FALSE,"BH"
4640,1,0,0,FALSE,"BH"
4641,1,0,0,FALSE,"BH"
4642,0,0,0,FALSE,"BH"
4643,3,0,0,FALSE,"BH"
4644,1,0,0,FALSE,"BH"
4645,2,1,0.5,TRUE,"BH"
4646,3,1,0.333333333333333,TRUE,"BH"
4647,2,1,0.5,TRUE,"BH"
4648,0,0,0,FALSE,"BH"
4649,0,0,0,FALSE,"BH"
4650,3,0,0,FALSE,"BH"
4651,0,0,0,FALSE,"BH"
4652,3,0,0,FALSE,"BH"
4653,5,1,0.2,TRUE,"BH"
4654,2,1,0.5,TRUE,"BH"
4655,5,2,0.4,TRUE,"BH"
4656,2,0,0,FALSE,"BH"
4657,2,0,0,FALSE,"BH"
4658,0,0,0,FALSE,"BH"
4659,4,0,0,FALSE,"BH"
4660,1,0,0,FALSE,"BH"
4661,1,0,0,FALSE,"BH"
4662,0,0,0,FALSE,"BH"
4663,1,0,0,FALSE,"BH"
4664,0,0,0,FALSE,"BH"
4665,0,0,0,FALSE,"BH"
4666,4,0,0,FALSE,"BH"
4667,2,0,0,FALSE,"BH"
4668,3,0,0,FALSE,"BH"
4669,1,0,0,FALSE,"BH"
4670,0,0,0,FALSE,"BH"
4671,0,0,0,FALSE,"BH"
4672,0,0,0,FALSE,"BH"
4673,0,0,0,FALSE,"BH"
4674,3,0,0,FALSE,"BH"
4675,2,0,0,FALSE,"BH"
4676,2,0,0,FALSE,"BH"
4677,0,0,0,FALSE,"BH"
4678,0,0,0,FALSE,"BH"
4679,1,0,0,FALSE,"BH"
4680,0,0,0,FALSE,"BH"
4681,1,0,0,FALSE,"BH"
4682,1,0,0,FALSE,"BH"
4683,4,0,0,FALSE,"BH"
4684,2,0,0,FALSE,"BH"
4685,1,0,0,FALSE,"BH"
4686,0,0,0,FALSE,"BH"
4687,2,0,0,FALSE,"BH"
4688,1,0,0,FALSE,"BH"
4689,1,0,0,FALSE,"BH"
4690,2,0,0,FALSE,"BH"
4691,2,0,0,FALSE,"BH"
4692,4,0,0,FALSE,"BH"
4693,1,0,0,FALSE,"BH"
4694,2,0,0,FALSE,"BH"
4695,3,0,0,FALSE,"BH"
4696,0,0,0,FALSE,"BH"
4697,0,0,0,FALSE,"BH"
4698,1,0,0,FALSE,"BH"
4699,3,0,0,FALSE,"BH"
4700,1,0,0,FALSE,"BH"
4701,2,0,0,FALSE,"BH"
4702,2,0,0,FALSE,"BH"
4703,0,0,0,FALSE,"BH"
4704,2,0,0,FALSE,"BH"
4705,1,0,0,FALSE,"BH"
4706,2,0,0,FALSE,"BH"
4707,1,0,0,FALSE,"BH"
4708,0,0,0,FALSE,"BH"
4709,0,0,0,FALSE,"BH"
4710,0,0,0,FALSE,"BH"
4711,4,0,0,FALSE,"BH"
4712,0,0,0,FALSE,"BH"
4713,2,0,0,FALSE,"BH"
4714,1,0,0,FALSE,"BH"
4715,4,0,0,FALSE,"BH"
4716,1,0,0,FALSE,"BH"
4717,0,0,0,FALSE,"BH"
4718,0,0,0,FALSE,"BH"
4719,0,0,0,FALSE,"BH"
4720,2,0,0,FALSE,"BH"
4721,1,0,0,FALSE,"BH"
4722,4,1,0.25,TRUE,"BH"
4723,2,0,0,FALSE,"BH"
4724,0,0,0,FALSE,"BH"
4725,1,0,0,FALSE,"BH"
4726,4,0,0,FALSE,"BH"
4727,2,0,0,FALSE,"BH"
4728,1,0,0,FALSE,"BH"
4729,1,1,1,TRUE,"BH"
4730,2,0,0,FALSE,"BH"
4731,0,0,0,FALSE,"BH"
4732,0,0,0,FALSE,"BH"
4733,0,0,0,FALSE,"BH"
4734,0,0,0,FALSE,"BH"
4735,2,0,0,FALSE,"BH"
4736,0,0,0,FALSE,"BH"
4737,1,0,0,FALSE,"BH"
4738,0,0,0,FALSE,"BH"
4739,0,0,0,FALSE,"BH"
4740,0,0,0,FALSE,"BH"
4741,3,0,0,FALSE,"BH"
4742,1,0,0,FALSE,"BH"
4743,1,0,0,FALSE,"BH"
4744,0,0,0,FALSE,"BH"
4745,2,0,0,FALSE,"BH"
4746,1,0,0,FALSE,"BH"
4747,1,0,0,FALSE,"BH"
4748,2,0,0,FALSE,"BH"
4749,3,0,0,FALSE,"BH"
4750,3,0,0,FALSE,"BH"
4751,3,0,0,FALSE,"BH"
4752,2,0,0,FALSE,"BH"
4753,3,0,0,FALSE,"BH"
4754,0,0,0,FALSE,"BH"
4755,0,0,0,FALSE,"BH"
4756,0,0,0,FALSE,"BH"
4757,1,0,0,FALSE,"BH"
4758,0,0,0,FALSE,"BH"
4759,1,0,0,FALSE,"BH"
4760,0,0,0,FALSE,"BH"
4761,0,0,0,FALSE,"BH"
4762,2,0,0,FALSE,"BH"
4763,1,0,0,FALSE,"BH"
4764,2,0,0,FALSE,"BH"
4765,3,0,0,FALSE,"BH"
4766,1,0,0,FALSE,"BH"
4767,1,0,0,FALSE,"BH"
4768,2,0,0,FALSE,"BH"
4769,1,0,0,FALSE,"BH"
4770,3,0,0,FALSE,"BH"
4771,1,0,0,FALSE,"BH"
4772,1,0,0,FALSE,"BH"
4773,0,0,0,FALSE,"BH"
4774,0,0,0,FALSE,"BH"
4775,1,0,0,FALSE,"BH"
4776,3,1,0.333333333333333,TRUE,"BH"
4777,0,0,0,FALSE,"BH"
4778,0,0,0,FALSE,"BH"
4779,0,0,0,FALSE,"BH"
4780,2,0,0,FALSE,"BH"
4781,2,0,0,FALSE,"BH"
4782,1,0,0,FALSE,"BH"
4783,1,0,0,FALSE,"BH"
4784,4,0,0,FALSE,"BH"
4785,4,2,0.5,TRUE,"BH"
4786,0,0,0,FALSE,"BH"
4787,0,0,0,FALSE,"BH"
4788,1,0,0,FALSE,"BH"
4789,1,0,0,FALSE,"BH"
4790,5,2,0.4,TRUE,"BH"
4791,7,3,0.428571428571429,TRUE,"BH"
4792,0,0,0,FALSE,"BH"
4793,1,0,0,FALSE,"BH"
4794,4,1,0.25,TRUE,"BH"
4795,2,0,0,FALSE,"BH"
4796,1,0,0,FALSE,"BH"
4797,0,0,0,FALSE,"BH"
4798,0,0,0,FALSE,"BH"
4799,2,0,0,FALSE,"BH"
4800,0,0,0,FALSE,"BH"
4801,0,0,0,FALSE,"BH"
4802,3,0,0,FALSE,"BH"
4803,3,1,0.333333333333333,TRUE,"BH"
4804,0,0,0,FALSE,"BH"
4805,2,0,0,FALSE,"BH"
4806,0,0,0,FALSE,"BH"
4807,0,0,0,FALSE,"BH"
4808,3,0,0,FALSE,"BH"
4809,0,0,0,FALSE,"BH"
4810,0,0,0,FALSE,"BH"
4811,0,0,0,FALSE,"BH"
4812,2,0,0,FALSE,"BH"
4813,1,0,0,FALSE,"BH"
4814,0,0,0,FALSE,"BH"
4815,2,0,0,FALSE,"BH"
4816,2,0,0,FALSE,"BH"
4817,2,0,0,FALSE,"BH"
4818,0,0,0,FALSE,"BH"
4819,1,0,0,FALSE,"BH"
4820,0,0,0,FALSE,"BH"
4821,1,0,0,FALSE,"BH"
4822,1,0,0,FALSE,"BH"
4823,1,0,0,FALSE,"BH"
4824,0,0,0,FALSE,"BH"
4825,3,0,0,FALSE,"BH"
4826,1,0,0,FALSE,"BH"
4827,0,0,0,FALSE,"BH"
4828,1,0,0,FALSE,"BH"
4829,1,0,0,FALSE,"BH"
4830,1,0,0,FALSE,"BH"
4831,3,0,0,FALSE,"BH"
4832,4,0,0,FALSE,"BH"
4833,1,0,0,FALSE,"BH"
4834,2,0,0,FALSE,"BH"
4835,0,0,0,FALSE,"BH"
4836,0,0,0,FALSE,"BH"
4837,0,0,0,FALSE,"BH"
4838,0,0,0,FALSE,"BH"
4839,0,0,0,FALSE,"BH"
4840,1,0,0,FALSE,"BH"
4841,4,2,0.5,TRUE,"BH"
4842,4,1,0.25,TRUE,"BH"
4843,0,0,0,FALSE,"BH"
4844,2,0,0,FALSE,"BH"
4845,2,0,0,FALSE,"BH"
4846,2,0,0,FALSE,"BH"
4847,3,1,0.333333333333333,TRUE,"BH"
4848,0,0,0,FALSE,"BH"
4849,0,0,0,FALSE,"BH"
4850,0,0,0,FALSE,"BH"
4851,4,0,0,FALSE,"BH"
4852,3,0,0,FALSE,"BH"
4853,1,0,0,FALSE,"BH"
4854,1,0,0,FALSE,"BH"
4855,0,0,0,FALSE,"BH"
4856,1,0,0,FALSE,"BH"
4857,3,0,0,FALSE,"BH"
4858,1,0,0,FALSE,"BH"
4859,1,0,0,FALSE,"BH"
4860,0,0,0,FALSE,"BH"
4861,0,0,0,FALSE,"BH"
4862,4,0,0,FALSE,"BH"
4863,2,1,0.5,TRUE,"BH"
4864,0,0,0,FALSE,"BH"
4865,0,0,0,FALSE,"BH"
4866,2,0,0,FALSE,"BH"
4867,0,0,0,FALSE,"BH"
4868,3,0,0,FALSE,"BH"
4869,0,0,0,FALSE,"BH"
4870,0,0,0,FALSE,"BH"
4871,3,0,0,FALSE,"BH"
4872,1,0,0,FALSE,"BH"
4873,0,0,0,FALSE,"BH"
4874,0,0,0,FALSE,"BH"
4875,1,0,0,FALSE,"BH"
4876,4,0,0,FALSE,"BH"
4877,1,0,0,FALSE,"BH"
4878,3,0,0,FALSE,"BH"
4879,0,0,0,FALSE,"BH"
4880,1,0,0,FALSE,"BH"
4881,0,0,0,FALSE,"BH"
4882,0,0,0,FALSE,"BH"
4883,0,0,0,FALSE,"BH"
4884,2,0,0,FALSE,"BH"
4885,0,0,0,FALSE,"BH"
4886,1,0,0,FALSE,"BH"
4887,0,0,0,FALSE,"BH"
4888,1,1,1,TRUE,"BH"
4889,3,1,0.333333333333333,TRUE,"BH"
4890,2,0,0,FALSE,"BH"
4891,0,0,0,FALSE,"BH"
4892,3,0,0,FALSE,"BH"
4893,2,0,0,FALSE,"BH"
4894,2,1,0.5,TRUE,"BH"
4895,2,0,0,FALSE,"BH"
4896,0,0,0,FALSE,"BH"
4897,0,0,0,FALSE,"BH"
4898,2,0,0,FALSE,"BH"
4899,0,0,0,FALSE,"BH"
4900,0,0,0,FALSE,"BH"
4901,2,0,0,FALSE,"BH"
4902,3,1,0.333333333333333,TRUE,"BH"
4903,4,0,0,FALSE,"BH"
4904,0,0,0,FALSE,"BH"
4905,1,0,0,FALSE,"BH"
4906,3,0,0,FALSE,"BH"
4907,1,0,0,FALSE,"BH"
4908,2,0,0,FALSE,"BH"
4909,3,0,0,FALSE,"BH"
4910,1,0,0,FALSE,"BH"
4911,0,0,0,FALSE,"BH"
4912,2,0,0,FALSE,"BH"
4913,5,1,0.2,TRUE,"BH"
4914,0,0,0,FALSE,"BH"
4915,2,0,0,FALSE,"BH"
4916,0,0,0,FALSE,"BH"
4917,2,0,0,FALSE,"BH"
4918,2,0,0,FALSE,"BH"
4919,2,1,0.5,TRUE,"BH"
4920,3,0,0,FALSE,"BH"
4921,0,0,0,FALSE,"BH"
4922,1,0,0,FALSE,"BH"
4923,0,0,0,FALSE,"BH"
4924,0,0,0,FALSE,"BH"
4925,1,0,0,FALSE,"BH"
4926,0,0,0,FALSE,"BH"
4927,3,1,0.333333333333333,TRUE,"BH"
4928,3,2,0.666666666666667,TRUE,"BH"
4929,0,0,0,FALSE,"BH"
4930,2,1,0.5,TRUE,"BH"
4931,1,0,0,FALSE,"BH"
4932,0,0,0,FALSE,"BH"
4933,0,0,0,FALSE,"BH"
4934,0,0,0,FALSE,"BH"
4935,1,0,0,FALSE,"BH"
4936,2,0,0,FALSE,"BH"
4937,0,0,0,FALSE,"BH"
4938,1,0,0,FALSE,"BH"
4939,1,0,0,FALSE,"BH"
4940,1,0,0,FALSE,"BH"
4941,1,0,0,FALSE,"BH"
4942,0,0,0,FALSE,"BH"
4943,1,0,0,FALSE,"BH"
4944,2,0,0,FALSE,"BH"
4945,4,0,0,FALSE,"BH"
4946,2,0,0,FALSE,"BH"
4947,0,0,0,FALSE,"BH"
4948,0,0,0,FALSE,"BH"
4949,4,1,0.25,TRUE,"BH"
4950,2,0,0,FALSE,"BH"
4951,2,0,0,FALSE,"BH"
4952,1,0,0,FALSE,"BH"
4953,0,0,0,FALSE,"BH"
4954,1,0,0,FALSE,"BH"
4955,0,0,0,FALSE,"BH"
4956,0,0,0,FALSE,"BH"
4957,2,0,0,FALSE,"BH"
4958,3,1,0.333333333333333,TRUE,"BH"
4959,0,0,0,FALSE,"BH"
4960,1,0,0,FALSE,"BH"
4961,1,0,0,FALSE,"BH"
4962,1,0,0,FALSE,"BH"
4963,1,0,0,FALSE,"BH"
4964,1,0,0,FALSE,"BH"
4965,1,0,0,FALSE,"BH"
4966,3,0,0,FALSE,"BH"
4967,2,0,0,FALSE,"BH"
4968,1,1,1,TRUE,"BH"
4969,1,0,0,FALSE,"BH"
4970,1,0,0,FALSE,"BH"
4971,4,0,0,FALSE,"BH"
4972,2,0,0,FALSE,"BH"
4973,3,0,0,FALSE,"BH"
4974,5,2,0.4,TRUE,"BH"
4975,1,0,0,FALSE,"BH"
4976,0,0,0,FALSE,"BH"
4977,3,0,0,FALSE,"BH"
4978,2,0,0,FALSE,"BH"
4979,1,0,0,FALSE,"BH"
4980,3,0,0,FALSE,"BH"
4981,4,0,0,FALSE,"BH"
4982,0,0,0,FALSE,"BH"
4983,1,0,0,FALSE,"BH"
4984,3,0,0,FALSE,"BH"
4985,3,0,0,FALSE,"BH"
4986,3,0,0,FALSE,"BH"
4987,1,0,0,FALSE,"BH"
4988,0,0,0,FALSE,"BH"
4989,2,0,0,FALSE,"BH"
4990,0,0,0,FALSE,"BH"
4991,4,1,0.25,TRUE,"BH"
4992,2,0,0,FALSE,"BH"
4993,3,0,0,FALSE,"BH"
4994,2,0,0,FALSE,"BH"
4995,1,0,0,FALSE,"BH"
4996,2,0,0,FALSE,"BH"
4997,0,0,0,FALSE,"BH"
4998,0,0,0,FALSE,"BH"
4999,4,0,0,FALSE,"BH"
5000,2,0,0,FALSE,"BH"
5001,4,1,0.25,TRUE,"BH"
5002,4,0,0,FALSE,"BH"
5003,2,0,0,FALSE,"BH"
5004,1,0,0,FALSE,"BH"
5005,0,0,0,FALSE,"BH"
5006,0,0,0,FALSE,"BH"
5007,1,0,0,FALSE,"BH"
5008,2,0,0,FALSE,"BH"
5009,2,0,0,FALSE,"BH"
5010,1,0,0,FALSE,"BH"
5011,2,0,0,FALSE,"BH"
5012,0,0,0,FALSE,"BH"
5013,2,0,0,FALSE,"BH"
5014,3,0,0,FALSE,"BH"
5015,2,0,0,FALSE,"BH"
5016,1,0,0,FALSE,"BH"
5017,2,0,0,FALSE,"BH"
5018,0,0,0,FALSE,"BH"
5019,0,0,0,FALSE,"BH"
5020,1,0,0,FALSE,"BH"
5021,0,0,0,FALSE,"BH"
5022,3,0,0,FALSE,"BH"
5023,2,0,0,FALSE,"BH"
5024,0,0,0,FALSE,"BH"
5025,3,1,0.333333333333333,TRUE,"BH"
5026,3,0,0,FALSE,"BH"
5027,0,0,0,FALSE,"BH"
5028,3,0,0,FALSE,"BH"
5029,2,1,0.5,TRUE,"BH"
5030,2,0,0,FALSE,"BH"
5031,2,0,0,FALSE,"BH"
5032,0,0,0,FALSE,"BH"
5033,0,0,0,FALSE,"BH"
5034,3,0,0,FALSE,"BH"
5035,3,1,0.333333333333333,TRUE,"BH"
5036,0,0,0,FALSE,"BH"
5037,0,0,0,FALSE,"BH"
5038,5,1,0.2,TRUE,"BH"
5039,0,0,0,FALSE,"BH"
5040,0,0,0,FALSE,"BH"
5041,0,0,0,FALSE,"BH"
5042,5,2,0.4,TRUE,"BH"
5043,1,0,0,FALSE,"BH"
5044,3,1,0.333333333333333,TRUE,"BH"
5045,0,0,0,FALSE,"BH"
5046,0,0,0,FALSE,"BH"
5047,0,0,0,FALSE,"BH"
5048,3,0,0,FALSE,"BH"
5049,2,0,0,FALSE,"BH"
5050,0,0,0,FALSE,"BH"
5051,1,0,0,FALSE,"BH"
5052,0,0,0,FALSE,"BH"
5053,2,0,0,FALSE,"BH"
5054,0,0,0,FALSE,"BH"
5055,2,0,0,FALSE,"BH"
5056,1,0,0,FALSE,"BH"
5057,3,0,0,FALSE,"BH"
5058,2,0,0,FALSE,"BH"
5059,1,1,1,TRUE,"BH"
5060,4,1,0.25,TRUE,"BH"
5061,0,0,0,FALSE,"BH"
5062,1,0,0,FALSE,"BH"
5063,0,0,0,FALSE,"BH"
5064,1,0,0,FALSE,"BH"
5065,1,0,0,FALSE,"BH"
5066,3,1,0.333333333333333,TRUE,"BH"
5067,0,0,0,FALSE,"BH"
5068,0,0,0,FALSE,"BH"
5069,0,0,0,FALSE,"BH"
5070,1,0,0,FALSE,"BH"
5071,1,0,0,FALSE,"BH"
5072,4,0,0,FALSE,"BH"
5073,1,0,0,FALSE,"BH"
5074,0,0,0,FALSE,"BH"
5075,3,0,0,FALSE,"BH"
5076,1,0,0,FALSE,"BH"
5077,1,0,0,FALSE,"BH"
5078,0,0,0,FALSE,"BH"
5079,2,0,0,FALSE,"BH"
5080,0,0,0,FALSE,"BH"
5081,0,0,0,FALSE,"BH"
5082,0,0,0,FALSE,"BH"
5083,1,0,0,FALSE,"BH"
5084,2,1,0.5,TRUE,"BH"
5085,2,0,0,FALSE,"BH"
5086,1,0,0,FALSE,"BH"
5087,0,0,0,FALSE,"BH"
5088,0,0,0,FALSE,"BH"
5089,1,0,0,FALSE,"BH"
5090,2,0,0,FALSE,"BH"
5091,4,1,0.25,TRUE,"BH"
5092,2,0,0,FALSE,"BH"
5093,4,1,0.25,TRUE,"BH"
5094,3,0,0,FALSE,"BH"
5095,2,0,0,FALSE,"BH"
5096,0,0,0,FALSE,"BH"
5097,5,1,0.2,TRUE,"BH"
5098,3,0,0,FALSE,"BH"
5099,4,1,0.25,TRUE,"BH"
5100,0,0,0,FALSE,"BH"
5101,0,0,0,FALSE,"BH"
5102,0,0,0,FALSE,"BH"
5103,2,0,0,FALSE,"BH"
5104,1,0,0,FALSE,"BH"
5105,5,1,0.2,TRUE,"BH"
5106,4,0,0,FALSE,"BH"
5107,1,0,0,FALSE,"BH"
5108,0,0,0,FALSE,"BH"
5109,2,0,0,FALSE,"BH"
5110,4,1,0.25,TRUE,"BH"
5111,0,0,0,FALSE,"BH"
5112,0,0,0,FALSE,"BH"
5113,1,0,0,FALSE,"BH"
5114,1,0,0,FALSE,"BH"
5115,0,0,0,FALSE,"BH"
5116,0,0,0,FALSE,"BH"
5117,2,0,0,FALSE,"BH"
5118,1,0,0,FALSE,"BH"
5119,2,0,0,FALSE,"BH"
5120,1,0,0,FALSE,"BH"
5121,2,0,0,FALSE,"BH"
5122,0,0,0,FALSE,"BH"
5123,0,0,0,FALSE,"BH"
5124,2,0,0,FALSE,"BH"
5125,3,0,0,FALSE,"BH"
5126,2,0,0,FALSE,"BH"
5127,0,0,0,FALSE,"BH"
5128,3,0,0,FALSE,"BH"
5129,2,0,0,FALSE,"BH"
5130,1,0,0,FALSE,"BH"
5131,1,1,1,TRUE,"BH"
5132,2,0,0,FALSE,"BH"
5133,0,0,0,FALSE,"BH"
5134,3,1,0.333333333333333,TRUE,"BH"
5135,0,0,0,FALSE,"BH"
5136,1,0,0,FALSE,"BH"
5137,4,0,0,FALSE,"BH"
5138,0,0,0,FALSE,"BH"
5139,0,0,0,FALSE,"BH"
5140,1,0,0,FALSE,"BH"
5141,1,0,0,FALSE,"BH"
5142,2,0,0,FALSE,"BH"
5143,0,0,0,FALSE,"BH"
5144,5,1,0.2,TRUE,"BH"
5145,0,0,0,FALSE,"BH"
5146,1,0,0,FALSE,"BH"
5147,0,0,0,FALSE,"BH"
5148,1,0,0,FALSE,"BH"
5149,1,0,0,FALSE,"BH"
5150,1,0,0,FALSE,"BH"
5151,0,0,0,FALSE,"BH"
5152,0,0,0,FALSE,"BH"
5153,0,0,0,FALSE,"BH"
5154,0,0,0,FALSE,"BH"
5155,1,0,0,FALSE,"BH"
5156,4,0,0,FALSE,"BH"
5157,1,0,0,FALSE,"BH"
5158,0,0,0,FALSE,"BH"
5159,0,0,0,FALSE,"BH"
5160,1,0,0,FALSE,"BH"
5161,1,0,0,FALSE,"BH"
5162,1,0,0,FALSE,"BH"
5163,2,0,0,FALSE,"BH"
5164,3,0,0,FALSE,"BH"
5165,2,0,0,FALSE,"BH"
5166,3,0,0,FALSE,"BH"
5167,3,1,0.333333333333333,TRUE,"BH"
5168,0,0,0,FALSE,"BH"
5169,4,0,0,FALSE,"BH"
5170,0,0,0,FALSE,"BH"
5171,0,0,0,FALSE,"BH"
5172,1,0,0,FALSE,"BH"
5173,0,0,0,FALSE,"BH"
5174,0,0,0,FALSE,"BH"
5175,2,0,0,FALSE,"BH"
5176,0,0,0,FALSE,"BH"
5177,2,0,0,FALSE,"BH"
5178,2,0,0,FALSE,"BH"
5179,0,0,0,FALSE,"BH"
5180,1,1,1,TRUE,"BH"
5181,0,0,0,FALSE,"BH"
5182,0,0,0,FALSE,"BH"
5183,0,0,0,FALSE,"BH"
5184,0,0,0,FALSE,"BH"
5185,2,0,0,FALSE,"BH"
5186,1,0,0,FALSE,"BH"
5187,0,0,0,FALSE,"BH"
5188,0,0,0,FALSE,"BH"
5189,0,0,0,FALSE,"BH"
5190,2,0,0,FALSE,"BH"
5191,4,1,0.25,TRUE,"BH"
5192,0,0,0,FALSE,"BH"
5193,3,1,0.333333333333333,TRUE,"BH"
5194,1,0,0,FALSE,"BH"
5195,1,0,0,FALSE,"BH"
5196,3,0,0,FALSE,"BH"
5197,3,0,0,FALSE,"BH"
5198,1,0,0,FALSE,"BH"
5199,1,0,0,FALSE,"BH"
5200,2,0,0,FALSE,"BH"
5201,1,0,0,FALSE,"BH"
5202,3,0,0,FALSE,"BH"
5203,2,0,0,FALSE,"BH"
5204,0,0,0,FALSE,"BH"
5205,0,0,0,FALSE,"BH"
5206,4,1,0.25,TRUE,"BH"
5207,4,0,0,FALSE,"BH"
5208,2,0,0,FALSE,"BH"
5209,0,0,0,FALSE,"BH"
5210,2,0,0,FALSE,"BH"
5211,0,0,0,FALSE,"BH"
5212,4,2,0.5,TRUE,"BH"
5213,2,0,0,FALSE,"BH"
5214,0,0,0,FALSE,"BH"
5215,0,0,0,FALSE,"BH"
5216,0,0,0,FALSE,"BH"
5217,2,0,0,FALSE,"BH"
5218,2,0,0,FALSE,"BH"
5219,3,0,0,FALSE,"BH"
5220,1,0,0,FALSE,"BH"
5221,0,0,0,FALSE,"BH"
5222,0,0,0,FALSE,"BH"
5223,1,0,0,FALSE,"BH"
5224,1,0,0,FALSE,"BH"
5225,3,0,0,FALSE,"BH"
5226,1,0,0,FALSE,"BH"
5227,0,0,0,FALSE,"BH"
5228,1,0,0,FALSE,"BH"
5229,0,0,0,FALSE,"BH"
5230,1,0,0,FALSE,"BH"
5231,2,0,0,FALSE,"BH"
5232,1,0,0,FALSE,"BH"
5233,0,0,0,FALSE,"BH"
5234,2,0,0,FALSE,"BH"
5235,2,0,0,FALSE,"BH"
5236,0,0,0,FALSE,"BH"
5237,2,1,0.5,TRUE,"BH"
5238,0,0,0,FALSE,"BH"
5239,3,1,0.333333333333333,TRUE,"BH"
5240,3,0,0,FALSE,"BH"
5241,0,0,0,FALSE,"BH"
5242,1,0,0,FALSE,"BH"
5243,1,0,0,FALSE,"BH"
5244,1,0,0,FALSE,"BH"
5245,0,0,0,FALSE,"BH"
5246,0,0,0,FALSE,"BH"
5247,2,1,0.5,TRUE,"BH"
5248,1,0,0,FALSE,"BH"
5249,3,0,0,FALSE,"BH"
5250,2,0,0,FALSE,"BH"
5251,0,0,0,FALSE,"BH"
5252,0,0,0,FALSE,"BH"
5253,4,0,0,FALSE,"BH"
5254,2,0,0,FALSE,"BH"
5255,0,0,0,FALSE,"BH"
5256,1,0,0,FALSE,"BH"
5257,3,0,0,FALSE,"BH"
5258,1,0,0,FALSE,"BH"
5259,0,0,0,FALSE,"BH"
5260,4,2,0.5,TRUE,"BH"
5261,2,0,0,FALSE,"BH"
5262,4,0,0,FALSE,"BH"
5263,3,1,0.333333333333333,TRUE,"BH"
5264,3,1,0.333333333333333,TRUE,"BH"
5265,0,0,0,FALSE,"BH"
5266,1,0,0,FALSE,"BH"
5267,0,0,0,FALSE,"BH"
5268,2,0,0,FALSE,"BH"
5269,0,0,0,FALSE,"BH"
5270,0,0,0,FALSE,"BH"
5271,2,1,0.5,TRUE,"BH"
5272,1,0,0,FALSE,"BH"
5273,1,0,0,FALSE,"BH"
5274,1,0,0,FALSE,"BH"
5275,0,0,0,FALSE,"BH"
5276,0,0,0,FALSE,"BH"
5277,1,0,0,FALSE,"BH"
5278,0,0,0,FALSE,"BH"
5279,3,0,0,FALSE,"BH"
5280,3,0,0,FALSE,"BH"
5281,0,0,0,FALSE,"BH"
5282,0,0,0,FALSE,"BH"
5283,2,0,0,FALSE,"BH"
5284,4,0,0,FALSE,"BH"
5285,2,0,0,FALSE,"BH"
5286,1,0,0,FALSE,"BH"
5287,0,0,0,FALSE,"BH"
5288,3,0,0,FALSE,"BH"
5289,0,0,0,FALSE,"BH"
5290,3,0,0,FALSE,"BH"
5291,1,0,0,FALSE,"BH"
5292,3,0,0,FALSE,"BH"
5293,2,0,0,FALSE,"BH"
5294,2,0,0,FALSE,"BH"
5295,1,0,0,FALSE,"BH"
5296,0,0,0,FALSE,"BH"
5297,3,0,0,FALSE,"BH"
5298,0,0,0,FALSE,"BH"
5299,0,0,0,FALSE,"BH"
5300,2,0,0,FALSE,"BH"
5301,2,0,0,FALSE,"BH"
5302,1,0,0,FALSE,"BH"
5303,6,3,0.5,TRUE,"BH"
5304,0,0,0,FALSE,"BH"
5305,0,0,0,FALSE,"BH"
5306,4,0,0,FALSE,"BH"
5307,1,0,0,FALSE,"BH"
5308,0,0,0,FALSE,"BH"
5309,1,0,0,FALSE,"BH"
5310,0,0,0,FALSE,"BH"
5311,1,0,0,FALSE,"BH"
5312,3,0,0,FALSE,"BH"
5313,1,0,0,FALSE,"BH"
5314,3,1,0.333333333333333,TRUE,"BH"
5315,0,0,0,FALSE,"BH"
5316,2,0,0,FALSE,"BH"
5317,1,0,0,FALSE,"BH"
5318,4,0,0,FALSE,"BH"
5319,1,0,0,FALSE,"BH"
5320,0,0,0,FALSE,"BH"
5321,1,0,0,FALSE,"BH"
5322,1,0,0,FALSE,"BH"
5323,0,0,0,FALSE,"BH"
5324,5,1,0.2,TRUE,"BH"
5325,2,0,0,FALSE,"BH"
5326,2,0,0,FALSE,"BH"
5327,1,0,0,FALSE,"BH"
5328,0,0,0,FALSE,"BH"
5329,1,0,0,FALSE,"BH"
5330,0,0,0,FALSE,"BH"
5331,1,0,0,FALSE,"BH"
5332,2,0,0,FALSE,"BH"
5333,4,1,0.25,TRUE,"BH"
5334,3,0,0,FALSE,"BH"
5335,3,0,0,FALSE,"BH"
5336,1,0,0,FALSE,"BH"
5337,4,1,0.25,TRUE,"BH"
5338,3,0,0,FALSE,"BH"
5339,2,0,0,FALSE,"BH"
5340,0,0,0,FALSE,"BH"
5341,0,0,0,FALSE,"BH"
5342,1,0,0,FALSE,"BH"
5343,2,0,0,FALSE,"BH"
5344,2,0,0,FALSE,"BH"
5345,2,0,0,FALSE,"BH"
5346,2,0,0,FALSE,"BH"
5347,3,1,0.333333333333333,TRUE,"BH"
5348,1,0,0,FALSE,"BH"
5349,2,0,0,FALSE,"BH"
5350,0,0,0,FALSE,"BH"
5351,0,0,0,FALSE,"BH"
5352,4,1,0.25,TRUE,"BH"
5353,0,0,0,FALSE,"BH"
5354,1,0,0,FALSE,"BH"
5355,5,3,0.6,TRUE,"BH"
5356,3,0,0,FALSE,"BH"
5357,1,0,0,FALSE,"BH"
5358,2,0,0,FALSE,"BH"
5359,4,1,0.25,TRUE,"BH"
5360,0,0,0,FALSE,"BH"
5361,5,1,0.2,TRUE,"BH"
5362,2,0,0,FALSE,"BH"
5363,2,0,0,FALSE,"BH"
5364,1,0,0,FALSE,"BH"
5365,2,0,0,FALSE,"BH"
5366,0,0,0,FALSE,"BH"
5367,0,0,0,FALSE,"BH"
5368,0,0,0,FALSE,"BH"
5369,2,0,0,FALSE,"BH"
5370,3,0,0,FALSE,"BH"
5371,3,0,0,FALSE,"BH"
5372,0,0,0,FALSE,"BH"
5373,2,0,0,FALSE,"BH"
5374,1,0,0,FALSE,"BH"
5375,0,0,0,FALSE,"BH"
5376,0,0,0,FALSE,"BH"
5377,0,0,0,FALSE,"BH"
5378,0,0,0,FALSE,"BH"
5379,0,0,0,FALSE,"BH"
5380,3,0,0,FALSE,"BH"
5381,0,0,0,FALSE,"BH"
5382,0,0,0,FALSE,"BH"
5383,4,0,0,FALSE,"BH"
5384,0,0,0,FALSE,"BH"
5385,2,1,0.5,TRUE,"BH"
5386,0,0,0,FALSE,"BH"
5387,1,0,0,FALSE,"BH"
5388,0,0,0,FALSE,"BH"
5389,4,0,0,FALSE,"BH"
5390,0,0,0,FALSE,"BH"
5391,0,0,0,FALSE,"BH"
5392,2,0,0,FALSE,"BH"
5393,1,0,0,FALSE,"BH"
5394,4,1,0.25,TRUE,"BH"
5395,2,1,0.5,TRUE,"BH"
5396,3,0,0,FALSE,"BH"
5397,2,0,0,FALSE,"BH"
5398,2,0,0,FALSE,"BH"
5399,1,0,0,FALSE,"BH"
5400,2,0,0,FALSE,"BH"
5401,1,0,0,FALSE,"BH"
5402,0,0,0,FALSE,"BH"
5403,2,1,0.5,TRUE,"BH"
5404,0,0,0,FALSE,"BH"
5405,2,2,1,TRUE,"BH"
5406,1,0,0,FALSE,"BH"
5407,2,0,0,FALSE,"BH"
5408,4,0,0,FALSE,"BH"
5409,1,0,0,FALSE,"BH"
5410,1,0,0,FALSE,"BH"
5411,2,0,0,FALSE,"BH"
5412,3,1,0.333333333333333,TRUE,"BH"
5413,2,0,0,FALSE,"BH"
5414,0,0,0,FALSE,"BH"
5415,0,0,0,FALSE,"BH"
5416,0,0,0,FALSE,"BH"
5417,1,0,0,FALSE,"BH"
5418,0,0,0,FALSE,"BH"
5419,4,1,0.25,TRUE,"BH"
5420,1,0,0,FALSE,"BH"
5421,0,0,0,FALSE,"BH"
5422,2,0,0,FALSE,"BH"
5423,3,0,0,FALSE,"BH"
5424,4,0,0,FALSE,"BH"
5425,1,0,0,FALSE,"BH"
5426,2,0,0,FALSE,"BH"
5427,3,0,0,FALSE,"BH"
5428,4,1,0.25,TRUE,"BH"
5429,0,0,0,FALSE,"BH"
5430,0,0,0,FALSE,"BH"
5431,1,0,0,FALSE,"BH"
5432,0,0,0,FALSE,"BH"
5433,1,0,0,FALSE,"BH"
5434,2,0,0,FALSE,"BH"
5435,4,1,0.25,TRUE,"BH"
5436,1,0,0,FALSE,"BH"
5437,2,1,0.5,TRUE,"BH"
5438,0,0,0,FALSE,"BH"
5439,0,0,0,FALSE,"BH"
5440,1,0,0,FALSE,"BH"
5441,1,0,0,FALSE,"BH"
5442,0,0,0,FALSE,"BH"
5443,1,0,0,FALSE,"BH"
5444,1,1,1,TRUE,"BH"
5445,2,0,0,FALSE,"BH"
5446,0,0,0,FALSE,"BH"
5447,2,0,0,FALSE,"BH"
5448,0,0,0,FALSE,"BH"
5449,1,0,0,FALSE,"BH"
5450,1,0,0,FALSE,"BH"
5451,0,0,0,FALSE,"BH"
5452,0,0,0,FALSE,"BH"
5453,0,0,0,FALSE,"BH"
5454,2,0,0,FALSE,"BH"
5455,2,0,0,FALSE,"BH"
5456,0,0,0,FALSE,"BH"
5457,0,0,0,FALSE,"BH"
5458,0,0,0,FALSE,"BH"
5459,2,0,0,FALSE,"BH"
5460,2,0,0,FALSE,"BH"
5461,2,0,0,FALSE,"BH"
5462,2,0,0,FALSE,"BH"
5463,5,1,0.2,TRUE,"BH"
5464,2,0,0,FALSE,"BH"
5465,1,0,0,FALSE,"BH"
5466,1,0,0,FALSE,"BH"
5467,1,0,0,FALSE,"BH"
5468,2,0,0,FALSE,"BH"
5469,3,0,0,FALSE,"BH"
5470,1,0,0,FALSE,"BH"
5471,0,0,0,FALSE,"BH"
5472,1,0,0,FALSE,"BH"
5473,1,0,0,FALSE,"BH"
5474,0,0,0,FALSE,"BH"
5475,2,0,0,FALSE,"BH"
5476,3,0,0,FALSE,"BH"
5477,1,0,0,FALSE,"BH"
5478,2,0,0,FALSE,"BH"
5479,1,0,0,FALSE,"BH"
5480,1,0,0,FALSE,"BH"
5481,1,0,0,FALSE,"BH"
5482,3,0,0,FALSE,"BH"
5483,3,0,0,FALSE,"BH"
5484,1,0,0,FALSE,"BH"
5485,0,0,0,FALSE,"BH"
5486,0,0,0,FALSE,"BH"
5487,2,1,0.5,TRUE,"BH"
5488,4,0,0,FALSE,"BH"
5489,1,0,0,FALSE,"BH"
5490,1,0,0,FALSE,"BH"
5491,0,0,0,FALSE,"BH"
5492,2,0,0,FALSE,"BH"
5493,0,0,0,FALSE,"BH"
5494,1,0,0,FALSE,"BH"
5495,1,0,0,FALSE,"BH"
5496,0,0,0,FALSE,"BH"
5497,1,0,0,FALSE,"BH"
5498,3,0,0,FALSE,"BH"
5499,2,0,0,FALSE,"BH"
5500,0,0,0,FALSE,"BH"
5501,0,0,0,FALSE,"BH"
5502,0,0,0,FALSE,"BH"
5503,1,0,0,FALSE,"BH"
5504,3,0,0,FALSE,"BH"
5505,0,0,0,FALSE,"BH"
5506,0,0,0,FALSE,"BH"
5507,2,1,0.5,TRUE,"BH"
5508,1,0,0,FALSE,"BH"
5509,2,0,0,FALSE,"BH"
5510,5,1,0.2,TRUE,"BH"
5511,2,1,0.5,TRUE,"BH"
5512,0,0,0,FALSE,"BH"
5513,3,1,0.333333333333333,TRUE,"BH"
5514,2,1,0.5,TRUE,"BH"
5515,2,0,0,FALSE,"BH"
5516,1,0,0,FALSE,"BH"
5517,1,0,0,FALSE,"BH"
5518,2,0,0,FALSE,"BH"
5519,1,0,0,FALSE,"BH"
5520,2,0,0,FALSE,"BH"
5521,0,0,0,FALSE,"BH"
5522,0,0,0,FALSE,"BH"
5523,2,0,0,FALSE,"BH"
5524,1,0,0,FALSE,"BH"
5525,0,0,0,FALSE,"BH"
5526,0,0,0,FALSE,"BH"
5527,0,0,0,FALSE,"BH"
5528,4,0,0,FALSE,"BH"
5529,1,0,0,FALSE,"BH"
5530,1,0,0,FALSE,"BH"
5531,3,0,0,FALSE,"BH"
5532,1,0,0,FALSE,"BH"
5533,1,0,0,FALSE,"BH"
5534,2,0,0,FALSE,"BH"
5535,4,1,0.25,TRUE,"BH"
5536,0,0,0,FALSE,"BH"
5537,0,0,0,FALSE,"BH"
5538,0,0,0,FALSE,"BH"
5539,0,0,0,FALSE,"BH"
5540,1,0,0,FALSE,"BH"
5541,1,0,0,FALSE,"BH"
5542,2,0,0,FALSE,"BH"
5543,5,1,0.2,TRUE,"BH"
5544,1,0,0,FALSE,"BH"
5545,0,0,0,FALSE,"BH"
5546,2,0,0,FALSE,"BH"
5547,0,0,0,FALSE,"BH"
5548,3,0,0,FALSE,"BH"
5549,1,0,0,FALSE,"BH"
5550,0,0,0,FALSE,"BH"
5551,4,1,0.25,TRUE,"BH"
5552,0,0,0,FALSE,"BH"
5553,0,0,0,FALSE,"BH"
5554,3,0,0,FALSE,"BH"
5555,2,0,0,FALSE,"BH"
5556,2,0,0,FALSE,"BH"
5557,4,1,0.25,TRUE,"BH"
5558,0,0,0,FALSE,"BH"
5559,0,0,0,FALSE,"BH"
5560,0,0,0,FALSE,"BH"
5561,0,0,0,FALSE,"BH"
5562,3,0,0,FALSE,"BH"
5563,1,0,0,FALSE,"BH"
5564,3,0,0,FALSE,"BH"
5565,3,0,0,FALSE,"BH"
5566,1,0,0,FALSE,"BH"
5567,1,0,0,FALSE,"BH"
5568,0,0,0,FALSE,"BH"
5569,1,0,0,FALSE,"BH"
5570,3,0,0,FALSE,"BH"
5571,1,0,0,FALSE,"BH"
5572,1,0,0,FALSE,"BH"
5573,1,0,0,FALSE,"BH"
5574,1,0,0,FALSE,"BH"
5575,0,0,0,FALSE,"BH"
5576,0,0,0,FALSE,"BH"
5577,0,0,0,FALSE,"BH"
5578,2,0,0,FALSE,"BH"
5579,1,0,0,FALSE,"BH"
5580,2,0,0,FALSE,"BH"
5581,1,0,0,FALSE,"BH"
5582,3,0,0,FALSE,"BH"
5583,0,0,0,FALSE,"BH"
5584,2,0,0,FALSE,"BH"
5585,0,0,0,FALSE,"BH"
5586,3,0,0,FALSE,"BH"
5587,3,0,0,FALSE,"BH"
5588,2,0,0,FALSE,"BH"
5589,3,1,0.333333333333333,TRUE,"BH"
5590,0,0,0,FALSE,"BH"
5591,1,0,0,FALSE,"BH"
5592,0,0,0,FALSE,"BH"
5593,2,0,0,FALSE,"BH"
5594,0,0,0,FALSE,"BH"
5595,0,0,0,FALSE,"BH"
5596,0,0,0,FALSE,"BH"
5597,2,1,0.5,TRUE,"BH"
5598,4,0,0,FALSE,"BH"
5599,0,0,0,FALSE,"BH"
5600,0,0,0,FALSE,"BH"
5601,2,0,0,FALSE,"BH"
5602,5,2,0.4,TRUE,"BH"
5603,1,0,0,FALSE,"BH"
5604,1,0,0,FALSE,"BH"
5605,0,0,0,FALSE,"BH"
5606,1,0,0,FALSE,"BH"
5607,2,0,0,FALSE,"BH"
5608,2,0,0,FALSE,"BH"
5609,0,0,0,FALSE,"BH"
5610,0,0,0,FALSE,"BH"
5611,0,0,0,FALSE,"BH"
5612,1,0,0,FALSE,"BH"
5613,0,0,0,FALSE,"BH"
5614,4,1,0.25,TRUE,"BH"
5615,0,0,0,FALSE,"BH"
5616,0,0,0,FALSE,"BH"
5617,2,0,0,FALSE,"BH"
5618,2,0,0,FALSE,"BH"
5619,0,0,0,FALSE,"BH"
5620,0,0,0,FALSE,"BH"
5621,1,0,0,FALSE,"BH"
5622,1,0,0,FALSE,"BH"
5623,1,0,0,FALSE,"BH"
5624,0,0,0,FALSE,"BH"
5625,2,0,0,FALSE,"BH"
5626,1,0,0,FALSE,"BH"
5627,2,0,0,FALSE,"BH"
5628,0,0,0,FALSE,"BH"
5629,0,0,0,FALSE,"BH"
5630,3,0,0,FALSE,"BH"
5631,5,2,0.4,TRUE,"BH"
5632,4,0,0,FALSE,"BH"
5633,0,0,0,FALSE,"BH"
5634,3,0,0,FALSE,"BH"
5635,2,0,0,FALSE,"BH"
5636,1,0,0,FALSE,"BH"
5637,3,0,0,FALSE,"BH"
5638,0,0,0,FALSE,"BH"
5639,0,0,0,FALSE,"BH"
5640,1,0,0,FALSE,"BH"
5641,0,0,0,FALSE,"BH"
5642,3,0,0,FALSE,"BH"
5643,1,0,0,FALSE,"BH"
5644,2,0,0,FALSE,"BH"
5645,0,0,0,FALSE,"BH"
5646,0,0,0,FALSE,"BH"
5647,1,0,0,FALSE,"BH"
5648,0,0,0,FALSE,"BH"
5649,1,0,0,FALSE,"BH"
5650,0,0,0,FALSE,"BH"
5651,3,0,0,FALSE,"BH"
5652,3,0,0,FALSE,"BH"
5653,0,0,0,FALSE,"BH"
5654,2,0,0,FALSE,"BH"
5655,0,0,0,FALSE,"BH"
5656,4,0,0,FALSE,"BH"
5657,4,1,0.25,TRUE,"BH"
5658,1,0,0,FALSE,"BH"
5659,6,2,0.333333333333333,TRUE,"BH"
5660,4,0,0,FALSE,"BH"
5661,1,0,0,FALSE,"BH"
5662,3,1,0.333333333333333,TRUE,"BH"
5663,1,0,0,FALSE,"BH"
5664,0,0,0,FALSE,"BH"
5665,2,0,0,FALSE,"BH"
5666,3,1,0.333333333333333,TRUE,"BH"
5667,1,0,0,FALSE,"BH"
5668,0,0,0,FALSE,"BH"
5669,2,1,0.5,TRUE,"BH"
5670,3,0,0,FALSE,"BH"
5671,1,0,0,FALSE,"BH"
5672,2,0,0,FALSE,"BH"
5673,3,0,0,FALSE,"BH"
5674,3,2,0.666666666666667,TRUE,"BH"
5675,4,0,0,FALSE,"BH"
5676,1,0,0,FALSE,"BH"
5677,0,0,0,FALSE,"BH"
5678,2,0,0,FALSE,"BH"
5679,0,0,0,FALSE,"BH"
5680,2,0,0,FALSE,"BH"
5681,0,0,0,FALSE,"BH"
5682,0,0,0,FALSE,"BH"
5683,0,0,0,FALSE,"BH"
5684,0,0,0,FALSE,"BH"
5685,0,0,0,FALSE,"BH"
5686,1,0,0,FALSE,"BH"
5687,1,0,0,FALSE,"BH"
5688,3,0,0,FALSE,"BH"
5689,1,0,0,FALSE,"BH"
5690,1,1,1,TRUE,"BH"
5691,3,0,0,FALSE,"BH"
5692,4,1,0.25,TRUE,"BH"
5693,1,0,0,FALSE,"BH"
5694,0,0,0,FALSE,"BH"
5695,1,0,0,FALSE,"BH"
5696,0,0,0,FALSE,"BH"
5697,1,0,0,FALSE,"BH"
5698,0,0,0,FALSE,"BH"
5699,1,0,0,FALSE,"BH"
5700,2,0,0,FALSE,"BH"
5701,1,0,0,FALSE,"BH"
5702,4,1,0.25,TRUE,"BH"
5703,0,0,0,FALSE,"BH"
5704,2,2,1,TRUE,"BH"
5705,2,0,0,FALSE,"BH"
5706,0,0,0,FALSE,"BH"
5707,0,0,0,FALSE,"BH"
5708,4,0,0,FALSE,"BH"
5709,0,0,0,FALSE,"BH"
5710,0,0,0,FALSE,"BH"
5711,3,0,0,FALSE,"BH"
5712,3,0,0,FALSE,"BH"
5713,4,1,0.25,TRUE,"BH"
5714,1,0,0,FALSE,"BH"
5715,0,0,0,FALSE,"BH"
5716,0,0,0,FALSE,"BH"
5717,1,0,0,FALSE,"BH"
5718,3,0,0,FALSE,"BH"
5719,3,0,0,FALSE,"BH"
5720,0,0,0,FALSE,"BH"
5721,3,0,0,FALSE,"BH"
5722,1,0,0,FALSE,"BH"
5723,2,0,0,FALSE,"BH"
5724,1,0,0,FALSE,"BH"
5725,3,0,0,FALSE,"BH"
5726,2,0,0,FALSE,"BH"
5727,4,0,0,FALSE,"BH"
5728,2,0,0,FALSE,"BH"
5729,0,0,0,FALSE,"BH"
5730,2,0,0,FALSE,"BH"
5731,3,1,0.333333333333333,TRUE,"BH"
5732,1,0,0,FALSE,"BH"
5733,1,1,1,TRUE,"BH"
5734,1,0,0,FALSE,"BH"
5735,2,0,0,FALSE,"BH"
5736,0,0,0,FALSE,"BH"
5737,1,0,0,FALSE,"BH"
5738,2,0,0,FALSE,"BH"
5739,2,0,0,FALSE,"BH"
5740,0,0,0,FALSE,"BH"
5741,2,0,0,FALSE,"BH"
5742,2,0,0,FALSE,"BH"
5743,0,0,0,FALSE,"BH"
5744,2,0,0,FALSE,"BH"
5745,1,1,1,TRUE,"BH"
5746,0,0,0,FALSE,"BH"
5747,0,0,0,FALSE,"BH"
5748,2,0,0,FALSE,"BH"
5749,1,0,0,FALSE,"BH"
5750,3,1,0.333333333333333,TRUE,"BH"
5751,2,0,0,FALSE,"BH"
5752,5,1,0.2,TRUE,"BH"
5753,1,0,0,FALSE,"BH"
5754,4,0,0,FALSE,"BH"
5755,2,0,0,FALSE,"BH"
5756,1,0,0,FALSE,"BH"
5757,2,0,0,FALSE,"BH"
5758,3,1,0.333333333333333,TRUE,"BH"
5759,1,0,0,FALSE,"BH"
5760,0,0,0,FALSE,"BH"
5761,3,1,0.333333333333333,TRUE,"BH"
5762,5,1,0.2,TRUE,"BH"
5763,4,0,0,FALSE,"BH"
5764,0,0,0,FALSE,"BH"
5765,3,0,0,FALSE,"BH"
5766,1,0,0,FALSE,"BH"
5767,2,0,0,FALSE,"BH"
5768,0,0,0,FALSE,"BH"
5769,1,0,0,FALSE,"BH"
5770,1,0,0,FALSE,"BH"
5771,4,0,0,FALSE,"BH"
5772,2,0,0,FALSE,"BH"
5773,5,1,0.2,TRUE,"BH"
5774,0,0,0,FALSE,"BH"
5775,1,0,0,FALSE,"BH"
5776,1,0,0,FALSE,"BH"
5777,3,0,0,FALSE,"BH"
5778,3,1,0.333333333333333,TRUE,"BH"
5779,2,0,0,FALSE,"BH"
5780,0,0,0,FALSE,"BH"
5781,4,1,0.25,TRUE,"BH"
5782,1,0,0,FALSE,"BH"
5783,4,1,0.25,TRUE,"BH"
5784,4,0,0,FALSE,"BH"
5785,0,0,0,FALSE,"BH"
5786,5,1,0.2,TRUE,"BH"
5787,3,0,0,FALSE,"BH"
5788,0,0,0,FALSE,"BH"
5789,2,0,0,FALSE,"BH"
5790,1,0,0,FALSE,"BH"
5791,2,0,0,FALSE,"BH"
5792,4,0,0,FALSE,"BH"
5793,1,0,0,FALSE,"BH"
5794,3,0,0,FALSE,"BH"
5795,3,0,0,FALSE,"BH"
5796,0,0,0,FALSE,"BH"
5797,0,0,0,FALSE,"BH"
5798,2,0,0,FALSE,"BH"
5799,0,0,0,FALSE,"BH"
5800,3,0,0,FALSE,"BH"
5801,4,0,0,FALSE,"BH"
5802,2,0,0,FALSE,"BH"
5803,0,0,0,FALSE,"BH"
5804,0,0,0,FALSE,"BH"
5805,2,1,0.5,TRUE,"BH"
5806,2,0,0,FALSE,"BH"
5807,2,1,0.5,TRUE,"BH"
5808,0,0,0,FALSE,"BH"
5809,1,0,0,FALSE,"BH"
5810,1,0,0,FALSE,"BH"
5811,1,0,0,FALSE,"BH"
5812,3,0,0,FALSE,"BH"
5813,3,0,0,FALSE,"BH"
5814,4,1,0.25,TRUE,"BH"
5815,3,1,0.333333333333333,TRUE,"BH"
5816,1,0,0,FALSE,"BH"
5817,2,0,0,FALSE,"BH"
5818,3,1,0.333333333333333,TRUE,"BH"
5819,0,0,0,FALSE,"BH"
5820,1,0,0,FALSE,"BH"
5821,1,0,0,FALSE,"BH"
5822,2,0,0,FALSE,"BH"
5823,0,0,0,FALSE,"BH"
5824,0,0,0,FALSE,"BH"
5825,1,0,0,FALSE,"BH"
5826,3,0,0,FALSE,"BH"
5827,6,3,0.5,TRUE,"BH"
5828,1,0,0,FALSE,"BH"
5829,4,2,0.5,TRUE,"BH"
5830,0,0,0,FALSE,"BH"
5831,2,0,0,FALSE,"BH"
5832,4,0,0,FALSE,"BH"
5833,1,0,0,FALSE,"BH"
5834,2,1,0.5,TRUE,"BH"
5835,1,0,0,FALSE,"BH"
5836,3,0,0,FALSE,"BH"
5837,1,0,0,FALSE,"BH"
5838,4,1,0.25,TRUE,"BH"
5839,1,0,0,FALSE,"BH"
5840,0,0,0,FALSE,"BH"
5841,0,0,0,FALSE,"BH"
5842,0,0,0,FALSE,"BH"
5843,1,0,0,FALSE,"BH"
5844,2,0,0,FALSE,"BH"
5845,2,0,0,FALSE,"BH"
5846,2,0,0,FALSE,"BH"
5847,0,0,0,FALSE,"BH"
5848,0,0,0,FALSE,"BH"
5849,0,0,0,FALSE,"BH"
5850,0,0,0,FALSE,"BH"
5851,2,0,0,FALSE,"BH"
5852,0,0,0,FALSE,"BH"
5853,1,0,0,FALSE,"BH"
5854,2,0,0,FALSE,"BH"
5855,0,0,0,FALSE,"BH"
5856,0,0,0,FALSE,"BH"
5857,2,0,0,FALSE,"BH"
5858,3,0,0,FALSE,"BH"
5859,0,0,0,FALSE,"BH"
5860,0,0,0,FALSE,"BH"
5861,3,0,0,FALSE,"BH"
5862,0,0,0,FALSE,"BH"
5863,1,0,0,FALSE,"BH"
5864,3,1,0.333333333333333,TRUE,"BH"
5865,0,0,0,FALSE,"BH"
5866,3,1,0.333333333333333,TRUE,"BH"
5867,3,2,0.666666666666667,TRUE,"BH"
5868,1,0,0,FALSE,"BH"
5869,0,0,0,FALSE,"BH"
5870,0,0,0,FALSE,"BH"
5871,1,0,0,FALSE,"BH"
5872,0,0,0,FALSE,"BH"
5873,3,0,0,FALSE,"BH"
5874,0,0,0,FALSE,"BH"
5875,3,0,0,FALSE,"BH"
5876,3,1,0.333333333333333,TRUE,"BH"
5877,3,1,0.333333333333333,TRUE,"BH"
5878,6,2,0.333333333333333,TRUE,"BH"
5879,1,0,0,FALSE,"BH"
5880,4,0,0,FALSE,"BH"
5881,2,0,0,FALSE,"BH"
5882,0,0,0,FALSE,"BH"
5883,0,0,0,FALSE,"BH"
5884,1,0,0,FALSE,"BH"
5885,2,0,0,FALSE,"BH"
5886,2,1,0.5,TRUE,"BH"
5887,0,0,0,FALSE,"BH"
5888,0,0,0,FALSE,"BH"
5889,0,0,0,FALSE,"BH"
5890,0,0,0,FALSE,"BH"
5891,0,0,0,FALSE,"BH"
5892,0,0,0,FALSE,"BH"
5893,3,0,0,FALSE,"BH"
5894,2,0,0,FALSE,"BH"
5895,1,0,0,FALSE,"BH"
5896,0,0,0,FALSE,"BH"
5897,0,0,0,FALSE,"BH"
5898,1,0,0,FALSE,"BH"
5899,2,0,0,FALSE,"BH"
5900,3,0,0,FALSE,"BH"
5901,3,1,0.333333333333333,TRUE,"BH"
5902,4,0,0,FALSE,"BH"
5903,1,0,0,FALSE,"BH"
5904,4,1,0.25,TRUE,"BH"
5905,3,1,0.333333333333333,TRUE,"BH"
5906,2,0,0,FALSE,"BH"
5907,0,0,0,FALSE,"BH"
5908,1,0,0,FALSE,"BH"
5909,1,0,0,FALSE,"BH"
5910,3,0,0,FALSE,"BH"
5911,0,0,0,FALSE,"BH"
5912,0,0,0,FALSE,"BH"
5913,4,2,0.5,TRUE,"BH"
5914,3,1,0.333333333333333,TRUE,"BH"
5915,1,0,0,FALSE,"BH"
5916,2,0,0,FALSE,"BH"
5917,1,0,0,FALSE,"BH"
5918,3,0,0,FALSE,"BH"
5919,2,0,0,FALSE,"BH"
5920,2,0,0,FALSE,"BH"
5921,3,1,0.333333333333333,TRUE,"BH"
5922,5,1,0.2,TRUE,"BH"
5923,1,0,0,FALSE,"BH"
5924,1,0,0,FALSE,"BH"
5925,0,0,0,FALSE,"BH"
5926,0,0,0,FALSE,"BH"
5927,0,0,0,FALSE,"BH"
5928,2,0,0,FALSE,"BH"
5929,0,0,0,FALSE,"BH"
5930,2,0,0,FALSE,"BH"
5931,3,0,0,FALSE,"BH"
5932,1,0,0,FALSE,"BH"
5933,4,0,0,FALSE,"BH"
5934,0,0,0,FALSE,"BH"
5935,2,0,0,FALSE,"BH"
5936,1,0,0,FALSE,"BH"
5937,3,1,0.333333333333333,TRUE,"BH"
5938,1,0,0,FALSE,"BH"
5939,1,0,0,FALSE,"BH"
5940,0,0,0,FALSE,"BH"
5941,2,1,0.5,TRUE,"BH"
5942,1,0,0,FALSE,"BH"
5943,0,0,0,FALSE,"BH"
5944,0,0,0,FALSE,"BH"
5945,1,0,0,FALSE,"BH"
5946,1,0,0,FALSE,"BH"
5947,2,0,0,FALSE,"BH"
5948,1,0,0,FALSE,"BH"
5949,2,0,0,FALSE,"BH"
5950,1,0,0,FALSE,"BH"
5951,3,0,0,FALSE,"BH"
5952,1,0,0,FALSE,"BH"
5953,2,0,0,FALSE,"BH"
5954,4,0,0,FALSE,"BH"
5955,1,0,0,FALSE,"BH"
5956,4,0,0,FALSE,"BH"
5957,3,0,0,FALSE,"BH"
5958,2,0,0,FALSE,"BH"
5959,4,1,0.25,TRUE,"BH"
5960,0,0,0,FALSE,"BH"
5961,4,0,0,FALSE,"BH"
5962,3,0,0,FALSE,"BH"
5963,1,1,1,TRUE,"BH"
5964,0,0,0,FALSE,"BH"
5965,1,0,0,FALSE,"BH"
5966,0,0,0,FALSE,"BH"
5967,2,0,0,FALSE,"BH"
5968,6,2,0.333333333333333,TRUE,"BH"
5969,2,0,0,FALSE,"BH"
5970,0,0,0,FALSE,"BH"
5971,1,0,0,FALSE,"BH"
5972,2,1,0.5,TRUE,"BH"
5973,2,0,0,FALSE,"BH"
5974,1,0,0,FALSE,"BH"
5975,1,0,0,FALSE,"BH"
5976,0,0,0,FALSE,"BH"
5977,0,0,0,FALSE,"BH"
5978,2,0,0,FALSE,"BH"
5979,2,0,0,FALSE,"BH"
5980,2,0,0,FALSE,"BH"
5981,2,1,0.5,TRUE,"BH"
5982,0,0,0,FALSE,"BH"
5983,1,0,0,FALSE,"BH"
5984,2,0,0,FALSE,"BH"
5985,2,0,0,FALSE,"BH"
5986,0,0,0,FALSE,"BH"
5987,2,0,0,FALSE,"BH"
5988,0,0,0,FALSE,"BH"
5989,2,0,0,FALSE,"BH"
5990,0,0,0,FALSE,"BH"
5991,0,0,0,FALSE,"BH"
5992,0,0,0,FALSE,"BH"
5993,0,0,0,FALSE,"BH"
5994,0,0,0,FALSE,"BH"
5995,1,0,0,FALSE,"BH"
5996,3,0,0,FALSE,"BH"
5997,2,0,0,FALSE,"BH"
5998,2,0,0,FALSE,"BH"
5999,2,0,0,FALSE,"BH"
6000,1,0,0,FALSE,"BH"
6001,2,0,0,FALSE,"BH"
6002,1,0,0,FALSE,"BH"
6003,1,0,0,FALSE,"BH"
6004,1,0,0,FALSE,"BH"
6005,0,0,0,FALSE,"BH"
6006,1,0,0,FALSE,"BH"
6007,3,1,0.333333333333333,TRUE,"BH"
6008,0,0,0,FALSE,"BH"
6009,0,0,0,FALSE,"BH"
6010,2,0,0,FALSE,"BH"
6011,3,0,0,FALSE,"BH"
6012,3,0,0,FALSE,"BH"
6013,4,0,0,FALSE,"BH"
6014,1,0,0,FALSE,"BH"
6015,3,0,0,FALSE,"BH"
6016,0,0,0,FALSE,"BH"
6017,0,0,0,FALSE,"BH"
6018,3,0,0,FALSE,"BH"
6019,0,0,0,FALSE,"BH"
6020,1,0,0,FALSE,"BH"
6021,3,0,0,FALSE,"BH"
6022,1,0,0,FALSE,"BH"
6023,2,1,0.5,TRUE,"BH"
6024,0,0,0,FALSE,"BH"
6025,3,0,0,FALSE,"BH"
6026,2,0,0,FALSE,"BH"
6027,1,0,0,FALSE,"BH"
6028,2,0,0,FALSE,"BH"
6029,0,0,0,FALSE,"BH"
6030,2,0,0,FALSE,"BH"
6031,2,0,0,FALSE,"BH"
6032,0,0,0,FALSE,"BH"
6033,0,0,0,FALSE,"BH"
6034,1,0,0,FALSE,"BH"
6035,1,0,0,FALSE,"BH"
6036,0,0,0,FALSE,"BH"
6037,4,1,0.25,TRUE,"BH"
6038,4,1,0.25,TRUE,"BH"
6039,2,0,0,FALSE,"BH"
6040,2,0,0,FALSE,"BH"
6041,4,1,0.25,TRUE,"BH"
6042,0,0,0,FALSE,"BH"
6043,0,0,0,FALSE,"BH"
6044,0,0,0,FALSE,"BH"
6045,0,0,0,FALSE,"BH"
6046,2,0,0,FALSE,"BH"
6047,3,0,0,FALSE,"BH"
6048,2,0,0,FALSE,"BH"
6049,1,0,0,FALSE,"BH"
6050,0,0,0,FALSE,"BH"
6051,3,0,0,FALSE,"BH"
6052,2,0,0,FALSE,"BH"
6053,2,0,0,FALSE,"BH"
6054,3,0,0,FALSE,"BH"
6055,2,0,0,FALSE,"BH"
6056,0,0,0,FALSE,"BH"
6057,1,0,0,FALSE,"BH"
6058,4,0,0,FALSE,"BH"
6059,1,0,0,FALSE,"BH"
6060,2,0,0,FALSE,"BH"
6061,0,0,0,FALSE,"BH"
6062,3,0,0,FALSE,"BH"
6063,1,0,0,FALSE,"BH"
6064,0,0,0,FALSE,"BH"
6065,0,0,0,FALSE,"BH"
6066,1,0,0,FALSE,"BH"
6067,1,0,0,FALSE,"BH"
6068,2,0,0,FALSE,"BH"
6069,2,0,0,FALSE,"BH"
6070,2,1,0.5,TRUE,"BH"
6071,0,0,0,FALSE,"BH"
6072,3,0,0,FALSE,"BH"
6073,0,0,0,FALSE,"BH"
6074,3,0,0,FALSE,"BH"
6075,2,0,0,FALSE,"BH"
6076,4,0,0,FALSE,"BH"
6077,1,0,0,FALSE,"BH"
6078,1,0,0,FALSE,"BH"
6079,1,0,0,FALSE,"BH"
6080,2,0,0,FALSE,"BH"
6081,2,0,0,FALSE,"BH"
6082,0,0,0,FALSE,"BH"
6083,0,0,0,FALSE,"BH"
6084,1,0,0,FALSE,"BH"
6085,1,0,0,FALSE,"BH"
6086,0,0,0,FALSE,"BH"
6087,0,0,0,FALSE,"BH"
6088,1,0,0,FALSE,"BH"
6089,4,2,0.5,TRUE,"BH"
6090,1,0,0,FALSE,"BH"
6091,2,0,0,FALSE,"BH"
6092,0,0,0,FALSE,"BH"
6093,3,0,0,FALSE,"BH"
6094,2,0,0,FALSE,"BH"
6095,0,0,0,FALSE,"BH"
6096,2,0,0,FALSE,"BH"
6097,0,0,0,FALSE,"BH"
6098,2,0,0,FALSE,"BH"
6099,0,0,0,FALSE,"BH"
6100,2,0,0,FALSE,"BH"
6101,2,0,0,FALSE,"BH"
6102,4,0,0,FALSE,"BH"
6103,4,2,0.5,TRUE,"BH"
6104,2,0,0,FALSE,"BH"
6105,2,0,0,FALSE,"BH"
6106,0,0,0,FALSE,"BH"
6107,0,0,0,FALSE,"BH"
6108,2,0,0,FALSE,"BH"
6109,0,0,0,FALSE,"BH"
6110,3,0,0,FALSE,"BH"
6111,1,0,0,FALSE,"BH"
6112,4,1,0.25,TRUE,"BH"
6113,1,0,0,FALSE,"BH"
6114,4,1,0.25,TRUE,"BH"
6115,1,0,0,FALSE,"BH"
6116,3,0,0,FALSE,"BH"
6117,0,0,0,FALSE,"BH"
6118,2,0,0,FALSE,"BH"
6119,1,0,0,FALSE,"BH"
6120,0,0,0,FALSE,"BH"
6121,3,1,0.333333333333333,TRUE,"BH"
6122,2,1,0.5,TRUE,"BH"
6123,2,0,0,FALSE,"BH"
6124,4,0,0,FALSE,"BH"
6125,0,0,0,FALSE,"BH"
6126,2,0,0,FALSE,"BH"
6127,2,0,0,FALSE,"BH"
6128,0,0,0,FALSE,"BH"
6129,2,0,0,FALSE,"BH"
6130,0,0,0,FALSE,"BH"
6131,0,0,0,FALSE,"BH"
6132,0,0,0,FALSE,"BH"
6133,3,0,0,FALSE,"BH"
6134,2,0,0,FALSE,"BH"
6135,0,0,0,FALSE,"BH"
6136,3,0,0,FALSE,"BH"
6137,1,0,0,FALSE,"BH"
6138,0,0,0,FALSE,"BH"
6139,0,0,0,FALSE,"BH"
6140,1,0,0,FALSE,"BH"
6141,3,0,0,FALSE,"BH"
6142,2,0,0,FALSE,"BH"
6143,1,0,0,FALSE,"BH"
6144,2,0,0,FALSE,"BH"
6145,0,0,0,FALSE,"BH"
6146,2,0,0,FALSE,"BH"
6147,3,0,0,FALSE,"BH"
6148,0,0,0,FALSE,"BH"
6149,0,0,0,FALSE,"BH"
6150,0,0,0,FALSE,"BH"
6151,1,0,0,FALSE,"BH"
6152,3,0,0,FALSE,"BH"
6153,1,0,0,FALSE,"BH"
6154,1,0,0,FALSE,"BH"
6155,0,0,0,FALSE,"BH"
6156,0,0,0,FALSE,"BH"
6157,1,0,0,FALSE,"BH"
6158,0,0,0,FALSE,"BH"
6159,0,0,0,FALSE,"BH"
6160,1,0,0,FALSE,"BH"
6161,0,0,0,FALSE,"BH"
6162,2,0,0,FALSE,"BH"
6163,1,0,0,FALSE,"BH"
6164,2,1,0.5,TRUE,"BH"
6165,0,0,0,FALSE,"BH"
6166,0,0,0,FALSE,"BH"
6167,0,0,0,FALSE,"BH"
6168,1,0,0,FALSE,"BH"
6169,1,0,0,FALSE,"BH"
6170,1,0,0,FALSE,"BH"
6171,0,0,0,FALSE,"BH"
6172,0,0,0,FALSE,"BH"
6173,1,0,0,FALSE,"BH"
6174,1,0,0,FALSE,"BH"
6175,2,0,0,FALSE,"BH"
6176,2,0,0,FALSE,"BH"
6177,5,1,0.2,TRUE,"BH"
6178,1,0,0,FALSE,"BH"
6179,4,1,0.25,TRUE,"BH"
6180,0,0,0,FALSE,"BH"
6181,1,0,0,FALSE,"BH"
6182,2,0,0,FALSE,"BH"
6183,2,1,0.5,TRUE,"BH"
6184,1,0,0,FALSE,"BH"
6185,1,0,0,FALSE,"BH"
6186,0,0,0,FALSE,"BH"
6187,2,0,0,FALSE,"BH"
6188,0,0,0,FALSE,"BH"
6189,2,0,0,FALSE,"BH"
6190,2,0,0,FALSE,"BH"
6191,2,0,0,FALSE,"BH"
6192,3,1,0.333333333333333,TRUE,"BH"
6193,0,0,0,FALSE,"BH"
6194,0,0,0,FALSE,"BH"
6195,1,0,0,FALSE,"BH"
6196,2,0,0,FALSE,"BH"
6197,0,0,0,FALSE,"BH"
6198,3,0,0,FALSE,"BH"
6199,3,0,0,FALSE,"BH"
6200,0,0,0,FALSE,"BH"
6201,2,0,0,FALSE,"BH"
6202,0,0,0,FALSE,"BH"
6203,3,0,0,FALSE,"BH"
6204,0,0,0,FALSE,"BH"
6205,0,0,0,FALSE,"BH"
6206,5,1,0.2,TRUE,"BH"
6207,1,0,0,FALSE,"BH"
6208,3,0,0,FALSE,"BH"
6209,0,0,0,FALSE,"BH"
6210,2,0,0,FALSE,"BH"
6211,2,1,0.5,TRUE,"BH"
6212,3,0,0,FALSE,"BH"
6213,3,0,0,FALSE,"BH"
6214,2,0,0,FALSE,"BH"
6215,1,0,0,FALSE,"BH"
6216,1,0,0,FALSE,"BH"
6217,3,0,0,FALSE,"BH"
6218,5,1,0.2,TRUE,"BH"
6219,0,0,0,FALSE,"BH"
6220,2,0,0,FALSE,"BH"
6221,0,0,0,FALSE,"BH"
6222,1,0,0,FALSE,"BH"
6223,0,0,0,FALSE,"BH"
6224,3,0,0,FALSE,"BH"
6225,1,0,0,FALSE,"BH"
6226,0,0,0,FALSE,"BH"
6227,2,0,0,FALSE,"BH"
6228,2,0,0,FALSE,"BH"
6229,2,0,0,FALSE,"BH"
6230,2,0,0,FALSE,"BH"
6231,2,0,0,FALSE,"BH"
6232,2,0,0,FALSE,"BH"
6233,0,0,0,FALSE,"BH"
6234,4,1,0.25,TRUE,"BH"
6235,1,0,0,FALSE,"BH"
6236,0,0,0,FALSE,"BH"
6237,0,0,0,FALSE,"BH"
6238,3,0,0,FALSE,"BH"
6239,3,1,0.333333333333333,TRUE,"BH"
6240,1,0,0,FALSE,"BH"
6241,0,0,0,FALSE,"BH"
6242,3,0,0,FALSE,"BH"
6243,3,0,0,FALSE,"BH"
6244,1,0,0,FALSE,"BH"
6245,0,0,0,FALSE,"BH"
6246,0,0,0,FALSE,"BH"
6247,2,0,0,FALSE,"BH"
6248,0,0,0,FALSE,"BH"
6249,1,0,0,FALSE,"BH"
6250,3,1,0.333333333333333,TRUE,"BH"
6251,2,0,0,FALSE,"BH"
6252,2,0,0,FALSE,"BH"
6253,2,0,0,FALSE,"BH"
6254,0,0,0,FALSE,"BH"
6255,0,0,0,FALSE,"BH"
6256,6,2,0.333333333333333,TRUE,"BH"
6257,0,0,0,FALSE,"BH"
6258,4,0,0,FALSE,"BH"
6259,2,0,0,FALSE,"BH"
6260,1,1,1,TRUE,"BH"
6261,2,0,0,FALSE,"BH"
6262,0,0,0,FALSE,"BH"
6263,3,0,0,FALSE,"BH"
6264,2,0,0,FALSE,"BH"
6265,3,0,0,FALSE,"BH"
6266,1,0,0,FALSE,"BH"
6267,3,1,0.333333333333333,TRUE,"BH"
6268,2,0,0,FALSE,"BH"
6269,3,1,0.333333333333333,TRUE,"BH"
6270,2,2,1,TRUE,"BH"
6271,3,1,0.333333333333333,TRUE,"BH"
6272,0,0,0,FALSE,"BH"
6273,0,0,0,FALSE,"BH"
6274,2,0,0,FALSE,"BH"
6275,0,0,0,FALSE,"BH"
6276,0,0,0,FALSE,"BH"
6277,1,0,0,FALSE,"BH"
6278,1,0,0,FALSE,"BH"
6279,2,0,0,FALSE,"BH"
6280,0,0,0,FALSE,"BH"
6281,1,0,0,FALSE,"BH"
6282,0,0,0,FALSE,"BH"
6283,1,0,0,FALSE,"BH"
6284,0,0,0,FALSE,"BH"
6285,1,0,0,FALSE,"BH"
6286,4,0,0,FALSE,"BH"
6287,1,0,0,FALSE,"BH"
6288,0,0,0,FALSE,"BH"
6289,1,0,0,FALSE,"BH"
6290,2,0,0,FALSE,"BH"
6291,1,0,0,FALSE,"BH"
6292,2,0,0,FALSE,"BH"
6293,1,0,0,FALSE,"BH"
6294,0,0,0,FALSE,"BH"
6295,1,0,0,FALSE,"BH"
6296,1,0,0,FALSE,"BH"
6297,4,1,0.25,TRUE,"BH"
6298,1,0,0,FALSE,"BH"
6299,2,0,0,FALSE,"BH"
6300,2,0,0,FALSE,"BH"
6301,1,0,0,FALSE,"BH"
6302,3,0,0,FALSE,"BH"
6303,3,0,0,FALSE,"BH"
6304,1,0,0,FALSE,"BH"
6305,0,0,0,FALSE,"BH"
6306,2,1,0.5,TRUE,"BH"
6307,5,2,0.4,TRUE,"BH"
6308,2,0,0,FALSE,"BH"
6309,3,0,0,FALSE,"BH"
6310,3,0,0,FALSE,"BH"
6311,2,0,0,FALSE,"BH"
6312,1,0,0,FALSE,"BH"
6313,1,0,0,FALSE,"BH"
6314,3,0,0,FALSE,"BH"
6315,0,0,0,FALSE,"BH"
6316,4,0,0,FALSE,"BH"
6317,1,0,0,FALSE,"BH"
6318,3,0,0,FALSE,"BH"
6319,2,1,0.5,TRUE,"BH"
6320,3,0,0,FALSE,"BH"
6321,1,0,0,FALSE,"BH"
6322,0,0,0,FALSE,"BH"
6323,3,0,0,FALSE,"BH"
6324,2,0,0,FALSE,"BH"
6325,4,0,0,FALSE,"BH"
6326,2,0,0,FALSE,"BH"
6327,0,0,0,FALSE,"BH"
6328,2,0,0,FALSE,"BH"
6329,0,0,0,FALSE,"BH"
6330,2,0,0,FALSE,"BH"
6331,6,2,0.333333333333333,TRUE,"BH"
6332,0,0,0,FALSE,"BH"
6333,3,0,0,FALSE,"BH"
6334,0,0,0,FALSE,"BH"
6335,3,2,0.666666666666667,TRUE,"BH"
6336,1,0,0,FALSE,"BH"
6337,0,0,0,FALSE,"BH"
6338,4,0,0,FALSE,"BH"
6339,3,0,0,FALSE,"BH"
6340,0,0,0,FALSE,"BH"
6341,3,0,0,FALSE,"BH"
6342,3,0,0,FALSE,"BH"
6343,0,0,0,FALSE,"BH"
6344,0,0,0,FALSE,"BH"
6345,4,1,0.25,TRUE,"BH"
6346,2,0,0,FALSE,"BH"
6347,0,0,0,FALSE,"BH"
6348,0,0,0,FALSE,"BH"
6349,2,0,0,FALSE,"BH"
6350,0,0,0,FALSE,"BH"
6351,2,1,0.5,TRUE,"BH"
6352,2,0,0,FALSE,"BH"
6353,4,0,0,FALSE,"BH"
6354,3,0,0,FALSE,"BH"
6355,1,0,0,FALSE,"BH"
6356,1,0,0,FALSE,"BH"
6357,4,0,0,FALSE,"BH"
6358,0,0,0,FALSE,"BH"
6359,1,0,0,FALSE,"BH"
6360,3,0,0,FALSE,"BH"
6361,0,0,0,FALSE,"BH"
6362,2,0,0,FALSE,"BH"
6363,0,0,0,FALSE,"BH"
6364,1,0,0,FALSE,"BH"
6365,0,0,0,FALSE,"BH"
6366,0,0,0,FALSE,"BH"
6367,4,2,0.5,TRUE,"BH"
6368,2,1,0.5,TRUE,"BH"
6369,0,0,0,FALSE,"BH"
6370,3,0,0,FALSE,"BH"
6371,2,0,0,FALSE,"BH"
6372,1,0,0,FALSE,"BH"
6373,4,0,0,FALSE,"BH"
6374,0,0,0,FALSE,"BH"
6375,0,0,0,FALSE,"BH"
6376,0,0,0,FALSE,"BH"
6377,1,0,0,FALSE,"BH"
6378,1,0,0,FALSE,"BH"
6379,0,0,0,FALSE,"BH"
6380,0,0,0,FALSE,"BH"
6381,2,1,0.5,TRUE,"BH"
6382,2,0,0,FALSE,"BH"
6383,1,0,0,FALSE,"BH"
6384,0,0,0,FALSE,"BH"
6385,1,0,0,FALSE,"BH"
6386,0,0,0,FALSE,"BH"
6387,0,0,0,FALSE,"BH"
6388,0,0,0,FALSE,"BH"
6389,1,0,0,FALSE,"BH"
6390,1,0,0,FALSE,"BH"
6391,0,0,0,FALSE,"BH"
6392,2,0,0,FALSE,"BH"
6393,0,0,0,FALSE,"BH"
6394,0,0,0,FALSE,"BH"
6395,3,0,0,FALSE,"BH"
6396,0,0,0,FALSE,"BH"
6397,0,0,0,FALSE,"BH"
6398,2,0,0,FALSE,"BH"
6399,4,0,0,FALSE,"BH"
6400,4,2,0.5,TRUE,"BH"
6401,2,0,0,FALSE,"BH"
6402,1,0,0,FALSE,"BH"
6403,1,0,0,FALSE,"BH"
6404,0,0,0,FALSE,"BH"
6405,0,0,0,FALSE,"BH"
6406,3,1,0.333333333333333,TRUE,"BH"
6407,0,0,0,FALSE,"BH"
6408,0,0,0,FALSE,"BH"
6409,1,0,0,FALSE,"BH"
6410,0,0,0,FALSE,"BH"
6411,0,0,0,FALSE,"BH"
6412,0,0,0,FALSE,"BH"
6413,2,0,0,FALSE,"BH"
6414,1,0,0,FALSE,"BH"
6415,5,1,0.2,TRUE,"BH"
6416,1,0,0,FALSE,"BH"
6417,2,0,0,FALSE,"BH"
6418,0,0,0,FALSE,"BH"
6419,2,0,0,FALSE,"BH"
6420,1,0,0,FALSE,"BH"
6421,4,1,0.25,TRUE,"BH"
6422,2,0,0,FALSE,"BH"
6423,0,0,0,FALSE,"BH"
6424,2,0,0,FALSE,"BH"
6425,3,1,0.333333333333333,TRUE,"BH"
6426,0,0,0,FALSE,"BH"
6427,0,0,0,FALSE,"BH"
6428,4,0,0,FALSE,"BH"
6429,2,0,0,FALSE,"BH"
6430,2,0,0,FALSE,"BH"
6431,2,0,0,FALSE,"BH"
6432,1,0,0,FALSE,"BH"
6433,3,1,0.333333333333333,TRUE,"BH"
6434,1,0,0,FALSE,"BH"
6435,2,2,1,TRUE,"BH"
6436,5,2,0.4,TRUE,"BH"
6437,3,0,0,FALSE,"BH"
6438,4,0,0,FALSE,"BH"
6439,1,0,0,FALSE,"BH"
6440,2,0,0,FALSE,"BH"
6441,0,0,0,FALSE,"BH"
6442,3,0,0,FALSE,"BH"
6443,1,0,0,FALSE,"BH"
6444,0,0,0,FALSE,"BH"
6445,2,0,0,FALSE,"BH"
6446,0,0,0,FALSE,"BH"
6447,0,0,0,FALSE,"BH"
6448,0,0,0,FALSE,"BH"
6449,3,0,0,FALSE,"BH"
6450,0,0,0,FALSE,"BH"
6451,0,0,0,FALSE,"BH"
6452,0,0,0,FALSE,"BH"
6453,1,0,0,FALSE,"BH"
6454,2,1,0.5,TRUE,"BH"
6455,0,0,0,FALSE,"BH"
6456,1,0,0,FALSE,"BH"
6457,2,0,0,FALSE,"BH"
6458,3,0,0,FALSE,"BH"
6459,0,0,0,FALSE,"BH"
6460,3,0,0,FALSE,"BH"
6461,0,0,0,FALSE,"BH"
6462,0,0,0,FALSE,"BH"
6463,0,0,0,FALSE,"BH"
6464,1,0,0,FALSE,"BH"
6465,0,0,0,FALSE,"BH"
6466,2,0,0,FALSE,"BH"
6467,0,0,0,FALSE,"BH"
6468,2,0,0,FALSE,"BH"
6469,0,0,0,FALSE,"BH"
6470,2,0,0,FALSE,"BH"
6471,2,0,0,FALSE,"BH"
6472,2,0,0,FALSE,"BH"
6473,1,0,0,FALSE,"BH"
6474,2,0,0,FALSE,"BH"
6475,3,0,0,FALSE,"BH"
6476,1,0,0,FALSE,"BH"
6477,0,0,0,FALSE,"BH"
6478,0,0,0,FALSE,"BH"
6479,3,0,0,FALSE,"BH"
6480,0,0,0,FALSE,"BH"
6481,1,0,0,FALSE,"BH"
6482,0,0,0,FALSE,"BH"
6483,2,0,0,FALSE,"BH"
6484,3,0,0,FALSE,"BH"
6485,2,0,0,FALSE,"BH"
6486,1,0,0,FALSE,"BH"
6487,1,0,0,FALSE,"BH"
6488,0,0,0,FALSE,"BH"
6489,1,0,0,FALSE,"BH"
6490,2,0,0,FALSE,"BH"
6491,2,0,0,FALSE,"BH"
6492,1,0,0,FALSE,"BH"
6493,3,0,0,FALSE,"BH"
6494,0,0,0,FALSE,"BH"
6495,3,0,0,FALSE,"BH"
6496,0,0,0,FALSE,"BH"
6497,0,0,0,FALSE,"BH"
6498,1,0,0,FALSE,"BH"
6499,0,0,0,FALSE,"BH"
6500,0,0,0,FALSE,"BH"
6501,1,0,0,FALSE,"BH"
6502,1,0,0,FALSE,"BH"
6503,4,0,0,FALSE,"BH"
6504,1,0,0,FALSE,"BH"
6505,1,0,0,FALSE,"BH"
6506,0,0,0,FALSE,"BH"
6507,0,0,0,FALSE,"BH"
6508,3,0,0,FALSE,"BH"
6509,0,0,0,FALSE,"BH"
6510,3,0,0,FALSE,"BH"
6511,1,0,0,FALSE,"BH"
6512,0,0,0,FALSE,"BH"
6513,2,0,0,FALSE,"BH"
6514,2,1,0.5,TRUE,"BH"
6515,3,1,0.333333333333333,TRUE,"BH"
6516,0,0,0,FALSE,"BH"
6517,2,0,0,FALSE,"BH"
6518,1,0,0,FALSE,"BH"
6519,1,0,0,FALSE,"BH"
6520,0,0,0,FALSE,"BH"
6521,0,0,0,FALSE,"BH"
6522,2,0,0,FALSE,"BH"
6523,0,0,0,FALSE,"BH"
6524,0,0,0,FALSE,"BH"
6525,0,0,0,FALSE,"BH"
6526,2,0,0,FALSE,"BH"
6527,1,0,0,FALSE,"BH"
6528,1,0,0,FALSE,"BH"
6529,0,0,0,FALSE,"BH"
6530,2,0,0,FALSE,"BH"
6531,1,0,0,FALSE,"BH"
6532,0,0,0,FALSE,"BH"
6533,2,0,0,FALSE,"BH"
6534,4,0,0,FALSE,"BH"
6535,0,0,0,FALSE,"BH"
6536,2,0,0,FALSE,"BH"
6537,0,0,0,FALSE,"BH"
6538,2,0,0,FALSE,"BH"
6539,3,0,0,FALSE,"BH"
6540,4,0,0,FALSE,"BH"
6541,2,0,0,FALSE,"BH"
6542,2,0,0,FALSE,"BH"
6543,3,1,0.333333333333333,TRUE,"BH"
6544,0,0,0,FALSE,"BH"
6545,0,0,0,FALSE,"BH"
6546,2,0,0,FALSE,"BH"
6547,4,0,0,FALSE,"BH"
6548,1,0,0,FALSE,"BH"
6549,0,0,0,FALSE,"BH"
6550,0,0,0,FALSE,"BH"
6551,1,0,0,FALSE,"BH"
6552,0,0,0,FALSE,"BH"
6553,1,0,0,FALSE,"BH"
6554,2,0,0,FALSE,"BH"
6555,1,0,0,FALSE,"BH"
6556,0,0,0,FALSE,"BH"
6557,1,0,0,FALSE,"BH"
6558,0,0,0,FALSE,"BH"
6559,1,0,0,FALSE,"BH"
6560,1,0,0,FALSE,"BH"
6561,1,0,0,FALSE,"BH"
6562,1,0,0,FALSE,"BH"
6563,0,0,0,FALSE,"BH"
6564,2,0,0,FALSE,"BH"
6565,1,0,0,FALSE,"BH"
6566,0,0,0,FALSE,"BH"
6567,1,0,0,FALSE,"BH"
6568,1,0,0,FALSE,"BH"
6569,1,0,0,FALSE,"BH"
6570,1,0,0,FALSE,"BH"
6571,1,0,0,FALSE,"BH"
6572,1,0,0,FALSE,"BH"
6573,4,0,0,FALSE,"BH"
6574,0,0,0,FALSE,"BH"
6575,0,0,0,FALSE,"BH"
6576,0,0,0,FALSE,"BH"
6577,4,1,0.25,TRUE,"BH"
6578,0,0,0,FALSE,"BH"
6579,0,0,0,FALSE,"BH"
6580,1,0,0,FALSE,"BH"
6581,0,0,0,FALSE,"BH"
6582,2,0,0,FALSE,"BH"
6583,1,0,0,FALSE,"BH"
6584,0,0,0,FALSE,"BH"
6585,1,0,0,FALSE,"BH"
6586,3,0,0,FALSE,"BH"
6587,2,0,0,FALSE,"BH"
6588,1,0,0,FALSE,"BH"
6589,1,0,0,FALSE,"BH"
6590,4,1,0.25,TRUE,"BH"
6591,0,0,0,FALSE,"BH"
6592,1,0,0,FALSE,"BH"
6593,0,0,0,FALSE,"BH"
6594,2,0,0,FALSE,"BH"
6595,0,0,0,FALSE,"BH"
6596,2,0,0,FALSE,"BH"
6597,3,0,0,FALSE,"BH"
6598,0,0,0,FALSE,"BH"
6599,3,0,0,FALSE,"BH"
6600,4,0,0,FALSE,"BH"
6601,0,0,0,FALSE,"BH"
6602,1,0,0,FALSE,"BH"
6603,0,0,0,FALSE,"BH"
6604,1,0,0,FALSE,"BH"
6605,2,0,0,FALSE,"BH"
6606,4,1,0.25,TRUE,"BH"
6607,1,0,0,FALSE,"BH"
6608,0,0,0,FALSE,"BH"
6609,1,0,0,FALSE,"BH"
6610,1,0,0,FALSE,"BH"
6611,1,0,0,FALSE,"BH"
6612,4,1,0.25,TRUE,"BH"
6613,2,0,0,FALSE,"BH"
6614,4,0,0,FALSE,"BH"
6615,2,0,0,FALSE,"BH"
6616,1,0,0,FALSE,"BH"
6617,1,0,0,FALSE,"BH"
6618,1,0,0,FALSE,"BH"
6619,2,0,0,FALSE,"BH"
6620,0,0,0,FALSE,"BH"
6621,0,0,0,FALSE,"BH"
6622,2,1,0.5,TRUE,"BH"
6623,2,0,0,FALSE,"BH"
6624,2,1,0.5,TRUE,"BH"
6625,0,0,0,FALSE,"BH"
6626,1,0,0,FALSE,"BH"
6627,0,0,0,FALSE,"BH"
6628,0,0,0,FALSE,"BH"
6629,2,0,0,FALSE,"BH"
6630,2,0,0,FALSE,"BH"
6631,3,0,0,FALSE,"BH"
6632,3,0,0,FALSE,"BH"
6633,2,0,0,FALSE,"BH"
6634,1,0,0,FALSE,"BH"
6635,2,0,0,FALSE,"BH"
6636,1,0,0,FALSE,"BH"
6637,2,0,0,FALSE,"BH"
6638,4,1,0.25,TRUE,"BH"
6639,0,0,0,FALSE,"BH"
6640,3,0,0,FALSE,"BH"
6641,0,0,0,FALSE,"BH"
6642,1,0,0,FALSE,"BH"
6643,2,0,0,FALSE,"BH"
6644,1,0,0,FALSE,"BH"
6645,2,0,0,FALSE,"BH"
6646,0,0,0,FALSE,"BH"
6647,2,0,0,FALSE,"BH"
6648,0,0,0,FALSE,"BH"
6649,2,0,0,FALSE,"BH"
6650,3,0,0,FALSE,"BH"
6651,0,0,0,FALSE,"BH"
6652,4,1,0.25,TRUE,"BH"
6653,0,0,0,FALSE,"BH"
6654,0,0,0,FALSE,"BH"
6655,2,0,0,FALSE,"BH"
6656,2,0,0,FALSE,"BH"
6657,3,0,0,FALSE,"BH"
6658,3,0,0,FALSE,"BH"
6659,1,0,0,FALSE,"BH"
6660,0,0,0,FALSE,"BH"
6661,1,0,0,FALSE,"BH"
6662,3,0,0,FALSE,"BH"
6663,2,0,0,FALSE,"BH"
6664,1,0,0,FALSE,"BH"
6665,1,0,0,FALSE,"BH"
6666,0,0,0,FALSE,"BH"
6667,0,0,0,FALSE,"BH"
6668,1,0,0,FALSE,"BH"
6669,2,0,0,FALSE,"BH"
6670,0,0,0,FALSE,"BH"
6671,0,0,0,FALSE,"BH"
6672,0,0,0,FALSE,"BH"
6673,2,0,0,FALSE,"BH"
6674,3,0,0,FALSE,"BH"
6675,1,0,0,FALSE,"BH"
6676,2,0,0,FALSE,"BH"
6677,2,0,0,FALSE,"BH"
6678,3,0,0,FALSE,"BH"
6679,5,1,0.2,TRUE,"BH"
6680,0,0,0,FALSE,"BH"
6681,1,0,0,FALSE,"BH"
6682,0,0,0,FALSE,"BH"
6683,4,1,0.25,TRUE,"BH"
6684,2,0,0,FALSE,"BH"
6685,3,0,0,FALSE,"BH"
6686,1,0,0,FALSE,"BH"
6687,1,0,0,FALSE,"BH"
6688,0,0,0,FALSE,"BH"
6689,1,0,0,FALSE,"BH"
6690,1,0,0,FALSE,"BH"
6691,2,0,0,FALSE,"BH"
6692,2,0,0,FALSE,"BH"
6693,1,0,0,FALSE,"BH"
6694,3,0,0,FALSE,"BH"
6695,2,0,0,FALSE,"BH"
6696,0,0,0,FALSE,"BH"
6697,3,0,0,FALSE,"BH"
6698,0,0,0,FALSE,"BH"
6699,1,0,0,FALSE,"BH"
6700,2,0,0,FALSE,"BH"
6701,3,0,0,FALSE,"BH"
6702,0,0,0,FALSE,"BH"
6703,1,0,0,FALSE,"BH"
6704,3,0,0,FALSE,"BH"
6705,2,0,0,FALSE,"BH"
6706,2,0,0,FALSE,"BH"
6707,0,0,0,FALSE,"BH"
6708,3,0,0,FALSE,"BH"
6709,0,0,0,FALSE,"BH"
6710,0,0,0,FALSE,"BH"
6711,2,0,0,FALSE,"BH"
6712,0,0,0,FALSE,"BH"
6713,2,0,0,FALSE,"BH"
6714,0,0,0,FALSE,"BH"
6715,1,1,1,TRUE,"BH"
6716,3,0,0,FALSE,"BH"
6717,0,0,0,FALSE,"BH"
6718,2,0,0,FALSE,"BH"
6719,0,0,0,FALSE,"BH"
6720,1,0,0,FALSE,"BH"
6721,0,0,0,FALSE,"BH"
6722,4,2,0.5,TRUE,"BH"
6723,4,0,0,FALSE,"BH"
6724,0,0,0,FALSE,"BH"
6725,0,0,0,FALSE,"BH"
6726,3,0,0,FALSE,"BH"
6727,0,0,0,FALSE,"BH"
6728,0,0,0,FALSE,"BH"
6729,2,0,0,FALSE,"BH"
6730,1,0,0,FALSE,"BH"
6731,0,0,0,FALSE,"BH"
6732,2,0,0,FALSE,"BH"
6733,1,0,0,FALSE,"BH"
6734,2,0,0,FALSE,"BH"
6735,1,0,0,FALSE,"BH"
6736,3,1,0.333333333333333,TRUE,"BH"
6737,2,0,0,FALSE,"BH"
6738,1,0,0,FALSE,"BH"
6739,3,0,0,FALSE,"BH"
6740,1,0,0,FALSE,"BH"
6741,1,0,0,FALSE,"BH"
6742,0,0,0,FALSE,"BH"
6743,1,0,0,FALSE,"BH"
6744,1,0,0,FALSE,"BH"
6745,4,1,0.25,TRUE,"BH"
6746,0,0,0,FALSE,"BH"
6747,0,0,0,FALSE,"BH"
6748,0,0,0,FALSE,"BH"
6749,0,0,0,FALSE,"BH"
6750,2,0,0,FALSE,"BH"
6751,0,0,0,FALSE,"BH"
6752,3,0,0,FALSE,"BH"
6753,0,0,0,FALSE,"BH"
6754,2,0,0,FALSE,"BH"
6755,2,0,0,FALSE,"BH"
6756,1,0,0,FALSE,"BH"
6757,2,0,0,FALSE,"BH"
6758,0,0,0,FALSE,"BH"
6759,1,0,0,FALSE,"BH"
6760,2,0,0,FALSE,"BH"
6761,0,0,0,FALSE,"BH"
6762,1,0,0,FALSE,"BH"
6763,3,0,0,FALSE,"BH"
6764,4,1,0.25,TRUE,"BH"
6765,0,0,0,FALSE,"BH"
6766,2,0,0,FALSE,"BH"
6767,1,0,0,FALSE,"BH"
6768,0,0,0,FALSE,"BH"
6769,3,0,0,FALSE,"BH"
6770,0,0,0,FALSE,"BH"
6771,2,0,0,FALSE,"BH"
6772,3,0,0,FALSE,"BH"
6773,3,0,0,FALSE,"BH"
6774,0,0,0,FALSE,"BH"
6775,3,0,0,FALSE,"BH"
6776,3,0,0,FALSE,"BH"
6777,2,0,0,FALSE,"BH"
6778,3,0,0,FALSE,"BH"
6779,0,0,0,FALSE,"BH"
6780,1,0,0,FALSE,"BH"
6781,3,0,0,FALSE,"BH"
6782,3,0,0,FALSE,"BH"
6783,1,0,0,FALSE,"BH"
6784,4,0,0,FALSE,"BH"
6785,0,0,0,FALSE,"BH"
6786,2,0,0,FALSE,"BH"
6787,2,0,0,FALSE,"BH"
6788,3,0,0,FALSE,"BH"
6789,0,0,0,FALSE,"BH"
6790,2,0,0,FALSE,"BH"
6791,2,0,0,FALSE,"BH"
6792,0,0,0,FALSE,"BH"
6793,0,0,0,FALSE,"BH"
6794,0,0,0,FALSE,"BH"
6795,0,0,0,FALSE,"BH"
6796,3,0,0,FALSE,"BH"
6797,3,0,0,FALSE,"BH"
6798,3,0,0,FALSE,"BH"
6799,1,0,0,FALSE,"BH"
6800,3,0,0,FALSE,"BH"
6801,1,0,0,FALSE,"BH"
6802,1,0,0,FALSE,"BH"
6803,1,0,0,FALSE,"BH"
6804,1,0,0,FALSE,"BH"
6805,0,0,0,FALSE,"BH"
6806,0,0,0,FALSE,"BH"
6807,2,0,0,FALSE,"BH"
6808,3,0,0,FALSE,"BH"
6809,0,0,0,FALSE,"BH"
6810,0,0,0,FALSE,"BH"
6811,1,0,0,FALSE,"BH"
6812,0,0,0,FALSE,"BH"
6813,0,0,0,FALSE,"BH"
6814,1,0,0,FALSE,"BH"
6815,2,0,0,FALSE,"BH"
6816,0,0,0,FALSE,"BH"
6817,0,0,0,FALSE,"BH"
6818,2,0,0,FALSE,"BH"
6819,0,0,0,FALSE,"BH"
6820,0,0,0,FALSE,"BH"
6821,0,0,0,FALSE,"BH"
6822,2,0,0,FALSE,"BH"
6823,5,1,0.2,TRUE,"BH"
6824,5,1,0.2,TRUE,"BH"
6825,0,0,0,FALSE,"BH"
6826,1,0,0,FALSE,"BH"
6827,0,0,0,FALSE,"BH"
6828,2,0,0,FALSE,"BH"
6829,1,0,0,FALSE,"BH"
6830,3,0,0,FALSE,"BH"
6831,0,0,0,FALSE,"BH"
6832,4,0,0,FALSE,"BH"
6833,2,0,0,FALSE,"BH"
6834,0,0,0,FALSE,"BH"
6835,2,0,0,FALSE,"BH"
6836,2,0,0,FALSE,"BH"
6837,0,0,0,FALSE,"BH"
6838,2,1,0.5,TRUE,"BH"
6839,1,0,0,FALSE,"BH"
6840,0,0,0,FALSE,"BH"
6841,0,0,0,FALSE,"BH"
6842,2,1,0.5,TRUE,"BH"
6843,1,0,0,FALSE,"BH"
6844,1,0,0,FALSE,"BH"
6845,3,0,0,FALSE,"BH"
6846,3,0,0,FALSE,"BH"
6847,1,0,0,FALSE,"BH"
6848,3,0,0,FALSE,"BH"
6849,3,0,0,FALSE,"BH"
6850,4,0,0,FALSE,"BH"
6851,2,1,0.5,TRUE,"BH"
6852,3,0,0,FALSE,"BH"
6853,0,0,0,FALSE,"BH"
6854,3,0,0,FALSE,"BH"
6855,3,0,0,FALSE,"BH"
6856,0,0,0,FALSE,"BH"
6857,0,0,0,FALSE,"BH"
6858,1,0,0,FALSE,"BH"
6859,2,0,0,FALSE,"BH"
6860,3,0,0,FALSE,"BH"
6861,0,0,0,FALSE,"BH"
6862,1,0,0,FALSE,"BH"
6863,0,0,0,FALSE,"BH"
6864,2,0,0,FALSE,"BH"
6865,3,0,0,FALSE,"BH"
6866,0,0,0,FALSE,"BH"
6867,4,1,0.25,TRUE,"BH"
6868,0,0,0,FALSE,"BH"
6869,2,0,0,FALSE,"BH"
6870,2,1,0.5,TRUE,"BH"
6871,0,0,0,FALSE,"BH"
6872,0,0,0,FALSE,"BH"
6873,0,0,0,FALSE,"BH"
6874,0,0,0,FALSE,"BH"
6875,0,0,0,FALSE,"BH"
6876,0,0,0,FALSE,"BH"
6877,3,0,0,FALSE,"BH"
6878,3,0,0,FALSE,"BH"
6879,0,0,0,FALSE,"BH"
6880,4,1,0.25,TRUE,"BH"
6881,1,0,0,FALSE,"BH"
6882,1,0,0,FALSE,"BH"
6883,0,0,0,FALSE,"BH"
6884,0,0,0,FALSE,"BH"
6885,3,0,0,FALSE,"BH"
6886,1,0,0,FALSE,"BH"
6887,3,0,0,FALSE,"BH"
6888,3,0,0,FALSE,"BH"
6889,2,0,0,FALSE,"BH"
6890,1,0,0,FALSE,"BH"
6891,2,0,0,FALSE,"BH"
6892,1,0,0,FALSE,"BH"
6893,2,0,0,FALSE,"BH"
6894,1,0,0,FALSE,"BH"
6895,2,0,0,FALSE,"BH"
6896,4,0,0,FALSE,"BH"
6897,1,0,0,FALSE,"BH"
6898,5,1,0.2,TRUE,"BH"
6899,0,0,0,FALSE,"BH"
6900,3,1,0.333333333333333,TRUE,"BH"
6901,0,0,0,FALSE,"BH"
6902,3,0,0,FALSE,"BH"
6903,1,0,0,FALSE,"BH"
6904,2,0,0,FALSE,"BH"
6905,1,0,0,FALSE,"BH"
6906,2,0,0,FALSE,"BH"
6907,1,0,0,FALSE,"BH"
6908,3,1,0.333333333333333,TRUE,"BH"
6909,0,0,0,FALSE,"BH"
6910,1,0,0,FALSE,"BH"
6911,0,0,0,FALSE,"BH"
6912,1,0,0,FALSE,"BH"
6913,0,0,0,FALSE,"BH"
6914,3,0,0,FALSE,"BH"
6915,1,0,0,FALSE,"BH"
6916,3,0,0,FALSE,"BH"
6917,1,0,0,FALSE,"BH"
6918,4,2,0.5,TRUE,"BH"
6919,0,0,0,FALSE,"BH"
6920,6,2,0.333333333333333,TRUE,"BH"
6921,4,0,0,FALSE,"BH"
6922,3,0,0,FALSE,"BH"
6923,0,0,0,FALSE,"BH"
6924,0,0,0,FALSE,"BH"
6925,3,0,0,FALSE,"BH"
6926,1,0,0,FALSE,"BH"
6927,1,0,0,FALSE,"BH"
6928,2,0,0,FALSE,"BH"
6929,1,0,0,FALSE,"BH"
6930,1,0,0,FALSE,"BH"
6931,1,0,0,FALSE,"BH"
6932,2,0,0,FALSE,"BH"
6933,1,0,0,FALSE,"BH"
6934,1,0,0,FALSE,"BH"
6935,0,0,0,FALSE,"BH"
6936,2,0,0,FALSE,"BH"
6937,2,0,0,FALSE,"BH"
6938,2,0,0,FALSE,"BH"
6939,1,0,0,FALSE,"BH"
6940,2,0,0,FALSE,"BH"
6941,0,0,0,FALSE,"BH"
6942,0,0,0,FALSE,"BH"
6943,6,3,0.5,TRUE,"BH"
6944,3,0,0,FALSE,"BH"
6945,0,0,0,FALSE,"BH"
6946,0,0,0,FALSE,"BH"
6947,0,0,0,FALSE,"BH"
6948,0,0,0,FALSE,"BH"
6949,3,0,0,FALSE,"BH"
6950,3,0,0,FALSE,"BH"
6951,2,0,0,FALSE,"BH"
6952,0,0,0,FALSE,"BH"
6953,1,0,0,FALSE,"BH"
6954,0,0,0,FALSE,"BH"
6955,1,0,0,FALSE,"BH"
6956,3,0,0,FALSE,"BH"
6957,2,0,0,FALSE,"BH"
6958,4,1,0.25,TRUE,"BH"
6959,1,0,0,FALSE,"BH"
6960,1,0,0,FALSE,"BH"
6961,0,0,0,FALSE,"BH"
6962,1,0,0,FALSE,"BH"
6963,5,1,0.2,TRUE,"BH"
6964,2,0,0,FALSE,"BH"
6965,3,0,0,FALSE,"BH"
6966,0,0,0,FALSE,"BH"
6967,1,0,0,FALSE,"BH"
6968,1,0,0,FALSE,"BH"
6969,3,1,0.333333333333333,TRUE,"BH"
6970,0,0,0,FALSE,"BH"
6971,3,0,0,FALSE,"BH"
6972,0,0,0,FALSE,"BH"
6973,4,0,0,FALSE,"BH"
6974,3,1,0.333333333333333,TRUE,"BH"
6975,1,0,0,FALSE,"BH"
6976,4,1,0.25,TRUE,"BH"
6977,1,0,0,FALSE,"BH"
6978,3,0,0,FALSE,"BH"
6979,3,0,0,FALSE,"BH"
6980,0,0,0,FALSE,"BH"
6981,0,0,0,FALSE,"BH"
6982,1,0,0,FALSE,"BH"
6983,2,0,0,FALSE,"BH"
6984,3,0,0,FALSE,"BH"
6985,0,0,0,FALSE,"BH"
6986,2,0,0,FALSE,"BH"
6987,2,0,0,FALSE,"BH"
6988,0,0,0,FALSE,"BH"
6989,0,0,0,FALSE,"BH"
6990,0,0,0,FALSE,"BH"
6991,0,0,0,FALSE,"BH"
6992,0,0,0,FALSE,"BH"
6993,3,0,0,FALSE,"BH"
6994,2,0,0,FALSE,"BH"
6995,3,0,0,FALSE,"BH"
6996,3,1,0.333333333333333,TRUE,"BH"
6997,2,1,0.5,TRUE,"BH"
6998,1,0,0,FALSE,"BH"
6999,2,0,0,FALSE,"BH"
7000,0,0,0,FALSE,"BH"
7001,3,0,0,FALSE,"BH"
7002,0,0,0,FALSE,"BH"
7003,0,0,0,FALSE,"BH"
7004,1,0,0,FALSE,"BH"
7005,6,2,0.333333333333333,TRUE,"BH"
7006,2,0,0,FALSE,"BH"
7007,1,0,0,FALSE,"BH"
7008,4,0,0,FALSE,"BH"
7009,2,0,0,FALSE,"BH"
7010,0,0,0,FALSE,"BH"
7011,0,0,0,FALSE,"BH"
7012,2,1,0.5,TRUE,"BH"
7013,3,0,0,FALSE,"BH"
7014,0,0,0,FALSE,"BH"
7015,0,0,0,FALSE,"BH"
7016,2,0,0,FALSE,"BH"
7017,1,0,0,FALSE,"BH"
7018,0,0,0,FALSE,"BH"
7019,1,0,0,FALSE,"BH"
7020,2,0,0,FALSE,"BH"
7021,3,1,0.333333333333333,TRUE,"BH"
7022,1,0,0,FALSE,"BH"
7023,0,0,0,FALSE,"BH"
7024,1,0,0,FALSE,"BH"
7025,0,0,0,FALSE,"BH"
7026,1,0,0,FALSE,"BH"
7027,0,0,0,FALSE,"BH"
7028,1,0,0,FALSE,"BH"
7029,1,0,0,FALSE,"BH"
7030,3,1,0.333333333333333,TRUE,"BH"
7031,0,0,0,FALSE,"BH"
7032,0,0,0,FALSE,"BH"
7033,0,0,0,FALSE,"BH"
7034,0,0,0,FALSE,"BH"
7035,0,0,0,FALSE,"BH"
7036,4,0,0,FALSE,"BH"
7037,3,0,0,FALSE,"BH"
7038,0,0,0,FALSE,"BH"
7039,1,1,1,TRUE,"BH"
7040,4,1,0.25,TRUE,"BH"
7041,0,0,0,FALSE,"BH"
7042,3,0,0,FALSE,"BH"
7043,0,0,0,FALSE,"BH"
7044,2,0,0,FALSE,"BH"
7045,5,2,0.4,TRUE,"BH"
7046,2,0,0,FALSE,"BH"
7047,0,0,0,FALSE,"BH"
7048,0,0,0,FALSE,"BH"
7049,1,0,0,FALSE,"BH"
7050,0,0,0,FALSE,"BH"
7051,2,0,0,FALSE,"BH"
7052,3,0,0,FALSE,"BH"
7053,2,0,0,FALSE,"BH"
7054,4,0,0,FALSE,"BH"
7055,5,1,0.2,TRUE,"BH"
7056,3,0,0,FALSE,"BH"
7057,2,0,0,FALSE,"BH"
7058,1,0,0,FALSE,"BH"
7059,2,0,0,FALSE,"BH"
7060,1,0,0,FALSE,"BH"
7061,1,0,0,FALSE,"BH"
7062,0,0,0,FALSE,"BH"
7063,1,0,0,FALSE,"BH"
7064,1,0,0,FALSE,"BH"
7065,3,0,0,FALSE,"BH"
7066,2,0,0,FALSE,"BH"
7067,1,0,0,FALSE,"BH"
7068,3,0,0,FALSE,"BH"
7069,0,0,0,FALSE,"BH"
7070,0,0,0,FALSE,"BH"
7071,0,0,0,FALSE,"BH"
7072,0,0,0,FALSE,"BH"
7073,1,0,0,FALSE,"BH"
7074,2,0,0,FALSE,"BH"
7075,2,0,0,FALSE,"BH"
7076,0,0,0,FALSE,"BH"
7077,0,0,0,FALSE,"BH"
7078,3,0,0,FALSE,"BH"
7079,2,0,0,FALSE,"BH"
7080,0,0,0,FALSE,"BH"
7081,2,1,0.5,TRUE,"BH"
7082,4,0,0,FALSE,"BH"
7083,1,0,0,FALSE,"BH"
7084,0,0,0,FALSE,"BH"
7085,1,0,0,FALSE,"BH"
7086,0,0,0,FALSE,"BH"
7087,4,1,0.25,TRUE,"BH"
7088,2,0,0,FALSE,"BH"
7089,0,0,0,FALSE,"BH"
7090,3,0,0,FALSE,"BH"
7091,3,1,0.333333333333333,TRUE,"BH"
7092,3,0,0,FALSE,"BH"
7093,2,0,0,FALSE,"BH"
7094,2,0,0,FALSE,"BH"
7095,1,0,0,FALSE,"BH"
7096,0,0,0,FALSE,"BH"
7097,1,0,0,FALSE,"BH"
7098,3,0,0,FALSE,"BH"
7099,1,0,0,FALSE,"BH"
7100,1,0,0,FALSE,"BH"
7101,0,0,0,FALSE,"BH"
7102,4,0,0,FALSE,"BH"
7103,3,0,0,FALSE,"BH"
7104,1,0,0,FALSE,"BH"
7105,0,0,0,FALSE,"BH"
7106,0,0,0,FALSE,"BH"
7107,0,0,0,FALSE,"BH"
7108,1,0,0,FALSE,"BH"
7109,1,0,0,FALSE,"BH"
7110,1,0,0,FALSE,"BH"
7111,3,0,0,FALSE,"BH"
7112,1,0,0,FALSE,"BH"
7113,4,0,0,FALSE,"BH"
7114,0,0,0,FALSE,"BH"
7115,4,1,0.25,TRUE,"BH"
7116,5,2,0.4,TRUE,"BH"
7117,2,0,0,FALSE,"BH"
7118,0,0,0,FALSE,"BH"
7119,0,0,0,FALSE,"BH"
7120,0,0,0,FALSE,"BH"
7121,0,0,0,FALSE,"BH"
7122,2,0,0,FALSE,"BH"
7123,2,0,0,FALSE,"BH"
7124,1,0,0,FALSE,"BH"
7125,2,0,0,FALSE,"BH"
7126,1,0,0,FALSE,"BH"
7127,3,0,0,FALSE,"BH"
7128,1,0,0,FALSE,"BH"
7129,1,0,0,FALSE,"BH"
7130,2,0,0,FALSE,"BH"
7131,0,0,0,FALSE,"BH"
7132,4,0,0,FALSE,"BH"
7133,0,0,0,FALSE,"BH"
7134,0,0,0,FALSE,"BH"
7135,3,0,0,FALSE,"BH"
7136,0,0,0,FALSE,"BH"
7137,2,0,0,FALSE,"BH"
7138,0,0,0,FALSE,"BH"
7139,3,1,0.333333333333333,TRUE,"BH"
7140,3,0,0,FALSE,"BH"
7141,2,0,0,FALSE,"BH"
7142,1,0,0,FALSE,"BH"
7143,2,0,0,FALSE,"BH"
7144,0,0,0,FALSE,"BH"
7145,1,0,0,FALSE,"BH"
7146,3,0,0,FALSE,"BH"
7147,3,0,0,FALSE,"BH"
7148,1,0,0,FALSE,"BH"
7149,0,0,0,FALSE,"BH"
7150,1,0,0,FALSE,"BH"
7151,1,0,0,FALSE,"BH"
7152,1,0,0,FALSE,"BH"
7153,3,0,0,FALSE,"BH"
7154,3,0,0,FALSE,"BH"
7155,2,0,0,FALSE,"BH"
7156,3,0,0,FALSE,"BH"
7157,3,1,0.333333333333333,TRUE,"BH"
7158,1,0,0,FALSE,"BH"
7159,0,0,0,FALSE,"BH"
7160,0,0,0,FALSE,"BH"
7161,1,0,0,FALSE,"BH"
7162,2,0,0,FALSE,"BH"
7163,2,0,0,FALSE,"BH"
7164,1,0,0,FALSE,"BH"
7165,2,0,0,FALSE,"BH"
7166,1,0,0,FALSE,"BH"
7167,0,0,0,FALSE,"BH"
7168,2,0,0,FALSE,"BH"
7169,0,0,0,FALSE,"BH"
7170,1,0,0,FALSE,"BH"
7171,0,0,0,FALSE,"BH"
7172,1,0,0,FALSE,"BH"
7173,0,0,0,FALSE,"BH"
7174,3,0,0,FALSE,"BH"
7175,2,0,0,FALSE,"BH"
7176,3,0,0,FALSE,"BH"
7177,2,0,0,FALSE,"BH"
7178,3,0,0,FALSE,"BH"
7179,0,0,0,FALSE,"BH"
7180,1,0,0,FALSE,"BH"
7181,0,0,0,FALSE,"BH"
7182,0,0,0,FALSE,"BH"
7183,1,0,0,FALSE,"BH"
7184,0,0,0,FALSE,"BH"
7185,3,0,0,FALSE,"BH"
7186,3,0,0,FALSE,"BH"
7187,3,0,0,FALSE,"BH"
7188,2,1,0.5,TRUE,"BH"
7189,3,0,0,FALSE,"BH"
7190,0,0,0,FALSE,"BH"
7191,0,0,0,FALSE,"BH"
7192,3,0,0,FALSE,"BH"
7193,1,0,0,FALSE,"BH"
7194,1,0,0,FALSE,"BH"
7195,3,0,0,FALSE,"BH"
7196,1,0,0,FALSE,"BH"
7197,3,1,0.333333333333333,TRUE,"BH"
7198,1,0,0,FALSE,"BH"
7199,0,0,0,FALSE,"BH"
7200,0,0,0,FALSE,"BH"
7201,1,0,0,FALSE,"BH"
7202,0,0,0,FALSE,"BH"
7203,1,0,0,FALSE,"BH"
7204,0,0,0,FALSE,"BH"
7205,2,0,0,FALSE,"BH"
7206,0,0,0,FALSE,"BH"
7207,4,0,0,FALSE,"BH"
7208,1,0,0,FALSE,"BH"
7209,0,0,0,FALSE,"BH"
7210,2,0,0,FALSE,"BH"
7211,3,1,0.333333333333333,TRUE,"BH"
7212,3,0,0,FALSE,"BH"
7213,1,0,0,FALSE,"BH"
7214,1,0,0,FALSE,"BH"
7215,1,0,0,FALSE,"BH"
7216,0,0,0,FALSE,"BH"
7217,3,0,0,FALSE,"BH"
7218,1,0,0,FALSE,"BH"
7219,1,0,0,FALSE,"BH"
7220,2,0,0,FALSE,"BH"
7221,0,0,0,FALSE,"BH"
7222,1,0,0,FALSE,"BH"
7223,1,0,0,FALSE,"BH"
7224,2,0,0,FALSE,"BH"
7225,2,1,0.5,TRUE,"BH"
7226,2,1,0.5,TRUE,"BH"
7227,2,0,0,FALSE,"BH"
7228,5,1,0.2,TRUE,"BH"
7229,0,0,0,FALSE,"BH"
7230,3,0,0,FALSE,"BH"
7231,2,0,0,FALSE,"BH"
7232,2,0,0,FALSE,"BH"
7233,2,0,0,FALSE,"BH"
7234,5,1,0.2,TRUE,"BH"
7235,2,0,0,FALSE,"BH"
7236,2,0,0,FALSE,"BH"
7237,2,0,0,FALSE,"BH"
7238,0,0,0,FALSE,"BH"
7239,0,0,0,FALSE,"BH"
7240,4,1,0.25,TRUE,"BH"
7241,1,1,1,TRUE,"BH"
7242,3,1,0.333333333333333,TRUE,"BH"
7243,0,0,0,FALSE,"BH"
7244,1,0,0,FALSE,"BH"
7245,0,0,0,FALSE,"BH"
7246,1,0,0,FALSE,"BH"
7247,1,0,0,FALSE,"BH"
7248,2,0,0,FALSE,"BH"
7249,2,0,0,FALSE,"BH"
7250,0,0,0,FALSE,"BH"
7251,0,0,0,FALSE,"BH"
7252,2,0,0,FALSE,"BH"
7253,3,1,0.333333333333333,TRUE,"BH"
7254,0,0,0,FALSE,"BH"
7255,1,0,0,FALSE,"BH"
7256,0,0,0,FALSE,"BH"
7257,2,1,0.5,TRUE,"BH"
7258,3,1,0.333333333333333,TRUE,"BH"
7259,0,0,0,FALSE,"BH"
7260,3,0,0,FALSE,"BH"
7261,2,0,0,FALSE,"BH"
7262,0,0,0,FALSE,"BH"
7263,4,0,0,FALSE,"BH"
7264,2,0,0,FALSE,"BH"
7265,3,0,0,FALSE,"BH"
7266,3,0,0,FALSE,"BH"
7267,0,0,0,FALSE,"BH"
7268,0,0,0,FALSE,"BH"
7269,1,0,0,FALSE,"BH"
7270,1,0,0,FALSE,"BH"
7271,3,0,0,FALSE,"BH"
7272,1,0,0,FALSE,"BH"
7273,1,0,0,FALSE,"BH"
7274,0,0,0,FALSE,"BH"
7275,0,0,0,FALSE,"BH"
7276,2,1,0.5,TRUE,"BH"
7277,0,0,0,FALSE,"BH"
7278,3,0,0,FALSE,"BH"
7279,0,0,0,FALSE,"BH"
7280,2,0,0,FALSE,"BH"
7281,3,0,0,FALSE,"BH"
7282,1,0,0,FALSE,"BH"
7283,0,0,0,FALSE,"BH"
7284,0,0,0,FALSE,"BH"
7285,2,0,0,FALSE,"BH"
7286,0,0,0,FALSE,"BH"
7287,0,0,0,FALSE,"BH"
7288,4,1,0.25,TRUE,"BH"
7289,1,0,0,FALSE,"BH"
7290,0,0,0,FALSE,"BH"
7291,1,0,0,FALSE,"BH"
7292,2,0,0,FALSE,"BH"
7293,2,0,0,FALSE,"BH"
7294,2,0,0,FALSE,"BH"
7295,4,0,0,FALSE,"BH"
7296,0,0,0,FALSE,"BH"
7297,0,0,0,FALSE,"BH"
7298,2,0,0,FALSE,"BH"
7299,2,0,0,FALSE,"BH"
7300,1,0,0,FALSE,"BH"
7301,1,0,0,FALSE,"BH"
7302,0,0,0,FALSE,"BH"
7303,0,0,0,FALSE,"BH"
7304,3,0,0,FALSE,"BH"
7305,2,0,0,FALSE,"BH"
7306,1,0,0,FALSE,"BH"
7307,3,0,0,FALSE,"BH"
7308,1,0,0,FALSE,"BH"
7309,0,0,0,FALSE,"BH"
7310,2,0,0,FALSE,"BH"
7311,1,0,0,FALSE,"BH"
7312,0,0,0,FALSE,"BH"
7313,2,0,0,FALSE,"BH"
7314,3,1,0.333333333333333,TRUE,"BH"
7315,2,0,0,FALSE,"BH"
7316,2,0,0,FALSE,"BH"
7317,1,0,0,FALSE,"BH"
7318,0,0,0,FALSE,"BH"
7319,1,0,0,FALSE,"BH"
7320,0,0,0,FALSE,"BH"
7321,0,0,0,FALSE,"BH"
7322,0,0,0,FALSE,"BH"
7323,1,0,0,FALSE,"BH"
7324,1,0,0,FALSE,"BH"
7325,3,0,0,FALSE,"BH"
7326,0,0,0,FALSE,"BH"
7327,3,0,0,FALSE,"BH"
7328,2,0,0,FALSE,"BH"
7329,3,0,0,FALSE,"BH"
7330,4,1,0.25,TRUE,"BH"
7331,2,0,0,FALSE,"BH"
7332,1,0,0,FALSE,"BH"
7333,1,0,0,FALSE,"BH"
7334,0,0,0,FALSE,"BH"
7335,0,0,0,FALSE,"BH"
7336,5,1,0.2,TRUE,"BH"
7337,4,1,0.25,TRUE,"BH"
7338,5,2,0.4,TRUE,"BH"
7339,0,0,0,FALSE,"BH"
7340,1,0,0,FALSE,"BH"
7341,0,0,0,FALSE,"BH"
7342,1,0,0,FALSE,"BH"
7343,1,0,0,FALSE,"BH"
7344,3,0,0,FALSE,"BH"
7345,2,0,0,FALSE,"BH"
7346,0,0,0,FALSE,"BH"
7347,0,0,0,FALSE,"BH"
7348,0,0,0,FALSE,"BH"
7349,0,0,0,FALSE,"BH"
7350,3,0,0,FALSE,"BH"
7351,0,0,0,FALSE,"BH"
7352,0,0,0,FALSE,"BH"
7353,1,0,0,FALSE,"BH"
7354,0,0,0,FALSE,"BH"
7355,1,0,0,FALSE,"BH"
7356,0,0,0,FALSE,"BH"
7357,5,1,0.2,TRUE,"BH"
7358,0,0,0,FALSE,"BH"
7359,3,1,0.333333333333333,TRUE,"BH"
7360,2,0,0,FALSE,"BH"
7361,0,0,0,FALSE,"BH"
7362,4,0,0,FALSE,"BH"
7363,2,1,0.5,TRUE,"BH"
7364,0,0,0,FALSE,"BH"
7365,0,0,0,FALSE,"BH"
7366,2,0,0,FALSE,"BH"
7367,3,0,0,FALSE,"BH"
7368,2,0,0,FALSE,"BH"
7369,2,0,0,FALSE,"BH"
7370,2,0,0,FALSE,"BH"
7371,2,0,0,FALSE,"BH"
7372,3,0,0,FALSE,"BH"
7373,0,0,0,FALSE,"BH"
7374,1,0,0,FALSE,"BH"
7375,0,0,0,FALSE,"BH"
7376,1,0,0,FALSE,"BH"
7377,0,0,0,FALSE,"BH"
7378,1,0,0,FALSE,"BH"
7379,2,0,0,FALSE,"BH"
7380,0,0,0,FALSE,"BH"
7381,0,0,0,FALSE,"BH"
7382,2,1,0.5,TRUE,"BH"
7383,4,1,0.25,TRUE,"BH"
7384,1,0,0,FALSE,"BH"
7385,0,0,0,FALSE,"BH"
7386,0,0,0,FALSE,"BH"
7387,3,0,0,FALSE,"BH"
7388,1,0,0,FALSE,"BH"
7389,3,0,0,FALSE,"BH"
7390,0,0,0,FALSE,"BH"
7391,5,1,0.2,TRUE,"BH"
7392,0,0,0,FALSE,"BH"
7393,2,0,0,FALSE,"BH"
7394,4,0,0,FALSE,"BH"
7395,1,0,0,FALSE,"BH"
7396,0,0,0,FALSE,"BH"
7397,0,0,0,FALSE,"BH"
7398,1,0,0,FALSE,"BH"
7399,1,0,0,FALSE,"BH"
7400,0,0,0,FALSE,"BH"
7401,0,0,0,FALSE,"BH"
7402,0,0,0,FALSE,"BH"
7403,1,0,0,FALSE,"BH"
7404,3,0,0,FALSE,"BH"
7405,0,0,0,FALSE,"BH"
7406,5,2,0.4,TRUE,"BH"
7407,0,0,0,FALSE,"BH"
7408,3,0,0,FALSE,"BH"
7409,1,1,1,TRUE,"BH"
7410,1,0,0,FALSE,"BH"
7411,0,0,0,FALSE,"BH"
7412,0,0,0,FALSE,"BH"
7413,2,0,0,FALSE,"BH"
7414,3,0,0,FALSE,"BH"
7415,2,0,0,FALSE,"BH"
7416,0,0,0,FALSE,"BH"
7417,2,0,0,FALSE,"BH"
7418,0,0,0,FALSE,"BH"
7419,0,0,0,FALSE,"BH"
7420,0,0,0,FALSE,"BH"
7421,2,0,0,FALSE,"BH"
7422,2,0,0,FALSE,"BH"
7423,2,1,0.5,TRUE,"BH"
7424,4,0,0,FALSE,"BH"
7425,1,0,0,FALSE,"BH"
7426,0,0,0,FALSE,"BH"
7427,2,0,0,FALSE,"BH"
7428,0,0,0,FALSE,"BH"
7429,3,0,0,FALSE,"BH"
7430,0,0,0,FALSE,"BH"
7431,2,0,0,FALSE,"BH"
7432,2,0,0,FALSE,"BH"
7433,2,0,0,FALSE,"BH"
7434,2,0,0,FALSE,"BH"
7435,1,0,0,FALSE,"BH"
7436,1,0,0,FALSE,"BH"
7437,0,0,0,FALSE,"BH"
7438,0,0,0,FALSE,"BH"
7439,2,0,0,FALSE,"BH"
7440,2,1,0.5,TRUE,"BH"
7441,5,1,0.2,TRUE,"BH"
7442,2,0,0,FALSE,"BH"
7443,0,0,0,FALSE,"BH"
7444,2,0,0,FALSE,"BH"
7445,3,0,0,FALSE,"BH"
7446,1,0,0,FALSE,"BH"
7447,0,0,0,FALSE,"BH"
7448,1,0,0,FALSE,"BH"
7449,0,0,0,FALSE,"BH"
7450,0,0,0,FALSE,"BH"
7451,0,0,0,FALSE,"BH"
7452,0,0,0,FALSE,"BH"
7453,0,0,0,FALSE,"BH"
7454,3,0,0,FALSE,"BH"
7455,4,0,0,FALSE,"BH"
7456,0,0,0,FALSE,"BH"
7457,3,1,0.333333333333333,TRUE,"BH"
7458,0,0,0,FALSE,"BH"
7459,1,0,0,FALSE,"BH"
7460,1,0,0,FALSE,"BH"
7461,2,0,0,FALSE,"BH"
7462,0,0,0,FALSE,"BH"
7463,0,0,0,FALSE,"BH"
7464,4,0,0,FALSE,"BH"
7465,4,0,0,FALSE,"BH"
7466,4,0,0,FALSE,"BH"
7467,2,0,0,FALSE,"BH"
7468,2,0,0,FALSE,"BH"
7469,1,0,0,FALSE,"BH"
7470,1,0,0,FALSE,"BH"
7471,3,0,0,FALSE,"BH"
7472,0,0,0,FALSE,"BH"
7473,1,0,0,FALSE,"BH"
7474,1,0,0,FALSE,"BH"
7475,0,0,0,FALSE,"BH"
7476,3,0,0,FALSE,"BH"
7477,4,0,0,FALSE,"BH"
7478,0,0,0,FALSE,"BH"
7479,1,0,0,FALSE,"BH"
7480,1,0,0,FALSE,"BH"
7481,4,1,0.25,TRUE,"BH"
7482,1,0,0,FALSE,"BH"
7483,2,0,0,FALSE,"BH"
7484,2,0,0,FALSE,"BH"
7485,1,0,0,FALSE,"BH"
7486,1,0,0,FALSE,"BH"
7487,1,0,0,FALSE,"BH"
7488,1,0,0,FALSE,"BH"
7489,0,0,0,FALSE,"BH"
7490,1,0,0,FALSE,"BH"
7491,0,0,0,FALSE,"BH"
7492,0,0,0,FALSE,"BH"
7493,1,0,0,FALSE,"BH"
7494,1,0,0,FALSE,"BH"
7495,1,0,0,FALSE,"BH"
7496,2,0,0,FALSE,"BH"
7497,0,0,0,FALSE,"BH"
7498,3,0,0,FALSE,"BH"
7499,2,1,0.5,TRUE,"BH"
7500,1,0,0,FALSE,"BH"
7501,1,0,0,FALSE,"BH"
7502,4,1,0.25,TRUE,"BH"
7503,2,0,0,FALSE,"BH"
7504,4,0,0,FALSE,"BH"
7505,0,0,0,FALSE,"BH"
7506,2,0,0,FALSE,"BH"
7507,1,0,0,FALSE,"BH"
7508,3,0,0,FALSE,"BH"
7509,4,0,0,FALSE,"BH"
7510,2,0,0,FALSE,"BH"
7511,0,0,0,FALSE,"BH"
7512,0,0,0,FALSE,"BH"
7513,2,0,0,FALSE,"BH"
7514,0,0,0,FALSE,"BH"
7515,2,0,0,FALSE,"BH"
7516,3,0,0,FALSE,"BH"
7517,0,0,0,FALSE,"BH"
7518,1,0,0,FALSE,"BH"
7519,2,0,0,FALSE,"BH"
7520,0,0,0,FALSE,"BH"
7521,4,1,0.25,TRUE,"BH"
7522,3,0,0,FALSE,"BH"
7523,1,0,0,FALSE,"BH"
7524,4,0,0,FALSE,"BH"
7525,3,0,0,FALSE,"BH"
7526,2,1,0.5,TRUE,"BH"
7527,1,1,1,TRUE,"BH"
7528,0,0,0,FALSE,"BH"
7529,3,0,0,FALSE,"BH"
7530,2,1,0.5,TRUE,"BH"
7531,0,0,0,FALSE,"BH"
7532,3,0,0,FALSE,"BH"
7533,3,0,0,FALSE,"BH"
7534,1,0,0,FALSE,"BH"
7535,0,0,0,FALSE,"BH"
7536,2,0,0,FALSE,"BH"
7537,1,0,0,FALSE,"BH"
7538,0,0,0,FALSE,"BH"
7539,1,0,0,FALSE,"BH"
7540,0,0,0,FALSE,"BH"
7541,3,0,0,FALSE,"BH"
7542,3,0,0,FALSE,"BH"
7543,1,0,0,FALSE,"BH"
7544,0,0,0,FALSE,"BH"
7545,3,0,0,FALSE,"BH"
7546,3,0,0,FALSE,"BH"
7547,0,0,0,FALSE,"BH"
7548,3,0,0,FALSE,"BH"
7549,0,0,0,FALSE,"BH"
7550,0,0,0,FALSE,"BH"
7551,0,0,0,FALSE,"BH"
7552,3,0,0,FALSE,"BH"
7553,2,0,0,FALSE,"BH"
7554,1,0,0,FALSE,"BH"
7555,4,1,0.25,TRUE,"BH"
7556,4,1,0.25,TRUE,"BH"
7557,4,0,0,FALSE,"BH"
7558,0,0,0,FALSE,"BH"
7559,0,0,0,FALSE,"BH"
7560,0,0,0,FALSE,"BH"
7561,0,0,0,FALSE,"BH"
7562,0,0,0,FALSE,"BH"
7563,1,0,0,FALSE,"BH"
7564,0,0,0,FALSE,"BH"
7565,1,0,0,FALSE,"BH"
7566,3,1,0.333333333333333,TRUE,"BH"
7567,0,0,0,FALSE,"BH"
7568,3,0,0,FALSE,"BH"
7569,2,0,0,FALSE,"BH"
7570,0,0,0,FALSE,"BH"
7571,1,0,0,FALSE,"BH"
7572,1,0,0,FALSE,"BH"
7573,0,0,0,FALSE,"BH"
7574,0,0,0,FALSE,"BH"
7575,2,0,0,FALSE,"BH"
7576,2,0,0,FALSE,"BH"
7577,2,0,0,FALSE,"BH"
7578,0,0,0,FALSE,"BH"
7579,0,0,0,FALSE,"BH"
7580,0,0,0,FALSE,"BH"
7581,3,0,0,FALSE,"BH"
7582,0,0,0,FALSE,"BH"
7583,1,0,0,FALSE,"BH"
7584,0,0,0,FALSE,"BH"
7585,0,0,0,FALSE,"BH"
7586,2,0,0,FALSE,"BH"
7587,0,0,0,FALSE,"BH"
7588,2,0,0,FALSE,"BH"
7589,1,0,0,FALSE,"BH"
7590,2,0,0,FALSE,"BH"
7591,3,0,0,FALSE,"BH"
7592,2,0,0,FALSE,"BH"
7593,0,0,0,FALSE,"BH"
7594,0,0,0,FALSE,"BH"
7595,1,0,0,FALSE,"BH"
7596,1,0,0,FALSE,"BH"
7597,3,0,0,FALSE,"BH"
7598,0,0,0,FALSE,"BH"
7599,1,0,0,FALSE,"BH"
7600,1,0,0,FALSE,"BH"
7601,2,0,0,FALSE,"BH"
7602,4,1,0.25,TRUE,"BH"
7603,0,0,0,FALSE,"BH"
7604,1,0,0,FALSE,"BH"
7605,2,0,0,FALSE,"BH"
7606,1,0,0,FALSE,"BH"
7607,2,0,0,FALSE,"BH"
7608,2,0,0,FALSE,"BH"
7609,0,0,0,FALSE,"BH"
7610,0,0,0,FALSE,"BH"
7611,1,0,0,FALSE,"BH"
7612,1,0,0,FALSE,"BH"
7613,3,0,0,FALSE,"BH"
7614,1,0,0,FALSE,"BH"
7615,1,0,0,FALSE,"BH"
7616,1,0,0,FALSE,"BH"
7617,1,0,0,FALSE,"BH"
7618,1,0,0,FALSE,"BH"
7619,3,1,0.333333333333333,TRUE,"BH"
7620,2,0,0,FALSE,"BH"
7621,3,0,0,FALSE,"BH"
7622,4,1,0.25,TRUE,"BH"
7623,1,0,0,FALSE,"BH"
7624,1,0,0,FALSE,"BH"
7625,1,0,0,FALSE,"BH"
7626,4,1,0.25,TRUE,"BH"
7627,2,0,0,FALSE,"BH"
7628,2,0,0,FALSE,"BH"
7629,1,0,0,FALSE,"BH"
7630,0,0,0,FALSE,"BH"
7631,2,0,0,FALSE,"BH"
7632,1,0,0,FALSE,"BH"
7633,0,0,0,FALSE,"BH"
7634,1,0,0,FALSE,"BH"
7635,4,1,0.25,TRUE,"BH"
7636,4,1,0.25,TRUE,"BH"
7637,1,0,0,FALSE,"BH"
7638,0,0,0,FALSE,"BH"
7639,3,0,0,FALSE,"BH"
7640,1,0,0,FALSE,"BH"
7641,0,0,0,FALSE,"BH"
7642,0,0,0,FALSE,"BH"
7643,1,0,0,FALSE,"BH"
7644,1,0,0,FALSE,"BH"
7645,3,0,0,FALSE,"BH"
7646,0,0,0,FALSE,"BH"
7647,2,0,0,FALSE,"BH"
7648,2,0,0,FALSE,"BH"
7649,1,0,0,FALSE,"BH"
7650,0,0,0,FALSE,"BH"
7651,6,2,0.333333333333333,TRUE,"BH"
7652,0,0,0,FALSE,"BH"
7653,0,0,0,FALSE,"BH"
7654,0,0,0,FALSE,"BH"
7655,3,0,0,FALSE,"BH"
7656,2,0,0,FALSE,"BH"
7657,1,0,0,FALSE,"BH"
7658,0,0,0,FALSE,"BH"
7659,0,0,0,FALSE,"BH"
7660,4,0,0,FALSE,"BH"
7661,2,0,0,FALSE,"BH"
7662,1,0,0,FALSE,"BH"
7663,0,0,0,FALSE,"BH"
7664,1,0,0,FALSE,"BH"
7665,0,0,0,FALSE,"BH"
7666,2,0,0,FALSE,"BH"
7667,1,0,0,FALSE,"BH"
7668,3,0,0,FALSE,"BH"
7669,3,0,0,FALSE,"BH"
7670,2,0,0,FALSE,"BH"
7671,1,0,0,FALSE,"BH"
7672,0,0,0,FALSE,"BH"
7673,4,1,0.25,TRUE,"BH"
7674,3,0,0,FALSE,"BH"
7675,0,0,0,FALSE,"BH"
7676,3,0,0,FALSE,"BH"
7677,4,0,0,FALSE,"BH"
7678,1,0,0,FALSE,"BH"
7679,0,0,0,FALSE,"BH"
7680,3,0,0,FALSE,"BH"
7681,0,0,0,FALSE,"BH"
7682,4,0,0,FALSE,"BH"
7683,0,0,0,FALSE,"BH"
7684,0,0,0,FALSE,"BH"
7685,2,0,0,FALSE,"BH"
7686,0,0,0,FALSE,"BH"
7687,0,0,0,FALSE,"BH"
7688,4,1,0.25,TRUE,"BH"
7689,0,0,0,FALSE,"BH"
7690,3,1,0.333333333333333,TRUE,"BH"
7691,2,0,0,FALSE,"BH"
7692,0,0,0,FALSE,"BH"
7693,0,0,0,FALSE,"BH"
7694,0,0,0,FALSE,"BH"
7695,3,0,0,FALSE,"BH"
7696,3,1,0.333333333333333,TRUE,"BH"
7697,3,1,0.333333333333333,TRUE,"BH"
7698,2,0,0,FALSE,"BH"
7699,2,0,0,FALSE,"BH"
7700,6,2,0.333333333333333,TRUE,"BH"
7701,2,0,0,FALSE,"BH"
7702,0,0,0,FALSE,"BH"
7703,0,0,0,FALSE,"BH"
7704,0,0,0,FALSE,"BH"
7705,0,0,0,FALSE,"BH"
7706,2,0,0,FALSE,"BH"
7707,1,0,0,FALSE,"BH"
7708,0,0,0,FALSE,"BH"
7709,1,0,0,FALSE,"BH"
7710,1,0,0,FALSE,"BH"
7711,0,0,0,FALSE,"BH"
7712,2,0,0,FALSE,"BH"
7713,3,0,0,FALSE,"BH"
7714,0,0,0,FALSE,"BH"
7715,1,0,0,FALSE,"BH"
7716,4,0,0,FALSE,"BH"
7717,0,0,0,FALSE,"BH"
7718,0,0,0,FALSE,"BH"
7719,3,0,0,FALSE,"BH"
7720,2,1,0.5,TRUE,"BH"
7721,0,0,0,FALSE,"BH"
7722,1,0,0,FALSE,"BH"
7723,0,0,0,FALSE,"BH"
7724,2,0,0,FALSE,"BH"
7725,2,0,0,FALSE,"BH"
7726,0,0,0,FALSE,"BH"
7727,0,0,0,FALSE,"BH"
7728,1,0,0,FALSE,"BH"
7729,0,0,0,FALSE,"BH"
7730,5,1,0.2,TRUE,"BH"
7731,2,0,0,FALSE,"BH"
7732,1,0,0,FALSE,"BH"
7733,3,1,0.333333333333333,TRUE,"BH"
7734,3,0,0,FALSE,"BH"
7735,4,1,0.25,TRUE,"BH"
7736,3,0,0,FALSE,"BH"
7737,2,0,0,FALSE,"BH"
7738,0,0,0,FALSE,"BH"
7739,0,0,0,FALSE,"BH"
7740,3,0,0,FALSE,"BH"
7741,3,0,0,FALSE,"BH"
7742,0,0,0,FALSE,"BH"
7743,2,1,0.5,TRUE,"BH"
7744,0,0,0,FALSE,"BH"
7745,0,0,0,FALSE,"BH"
7746,0,0,0,FALSE,"BH"
7747,1,0,0,FALSE,"BH"
7748,1,0,0,FALSE,"BH"
7749,1,0,0,FALSE,"BH"
7750,2,1,0.5,TRUE,"BH"
7751,0,0,0,FALSE,"BH"
7752,2,0,0,FALSE,"BH"
7753,2,0,0,FALSE,"BH"
7754,4,0,0,FALSE,"BH"
7755,1,0,0,FALSE,"BH"
7756,0,0,0,FALSE,"BH"
7757,2,1,0.5,TRUE,"BH"
7758,1,0,0,FALSE,"BH"
7759,2,0,0,FALSE,"BH"
7760,1,0,0,FALSE,"BH"
7761,0,0,0,FALSE,"BH"
7762,2,0,0,FALSE,"BH"
7763,3,0,0,FALSE,"BH"
7764,2,0,0,FALSE,"BH"
7765,3,0,0,FALSE,"BH"
7766,3,0,0,FALSE,"BH"
7767,4,0,0,FALSE,"BH"
7768,0,0,0,FALSE,"BH"
7769,3,1,0.333333333333333,TRUE,"BH"
7770,1,0,0,FALSE,"BH"
7771,0,0,0,FALSE,"BH"
7772,3,0,0,FALSE,"BH"
7773,0,0,0,FALSE,"BH"
7774,2,0,0,FALSE,"BH"
7775,4,0,0,FALSE,"BH"
7776,2,1,0.5,TRUE,"BH"
7777,0,0,0,FALSE,"BH"
7778,3,0,0,FALSE,"BH"
7779,4,0,0,FALSE,"BH"
7780,0,0,0,FALSE,"BH"
7781,3,0,0,FALSE,"BH"
7782,4,0,0,FALSE,"BH"
7783,0,0,0,FALSE,"BH"
7784,0,0,0,FALSE,"BH"
7785,3,0,0,FALSE,"BH"
7786,2,0,0,FALSE,"BH"
7787,2,0,0,FALSE,"BH"
7788,3,0,0,FALSE,"BH"
7789,2,0,0,FALSE,"BH"
7790,2,0,0,FALSE,"BH"
7791,5,1,0.2,TRUE,"BH"
7792,3,0,0,FALSE,"BH"
7793,4,0,0,FALSE,"BH"
7794,0,0,0,FALSE,"BH"
7795,1,0,0,FALSE,"BH"
7796,2,0,0,FALSE,"BH"
7797,1,0,0,FALSE,"BH"
7798,3,1,0.333333333333333,TRUE,"BH"
7799,1,0,0,FALSE,"BH"
7800,0,0,0,FALSE,"BH"
7801,2,0,0,FALSE,"BH"
7802,2,0,0,FALSE,"BH"
7803,2,0,0,FALSE,"BH"
7804,0,0,0,FALSE,"BH"
7805,2,0,0,FALSE,"BH"
7806,0,0,0,FALSE,"BH"
7807,1,0,0,FALSE,"BH"
7808,4,1,0.25,TRUE,"BH"
7809,3,0,0,FALSE,"BH"
7810,3,0,0,FALSE,"BH"
7811,1,0,0,FALSE,"BH"
7812,2,0,0,FALSE,"BH"
7813,2,1,0.5,TRUE,"BH"
7814,1,0,0,FALSE,"BH"
7815,0,0,0,FALSE,"BH"
7816,2,0,0,FALSE,"BH"
7817,3,0,0,FALSE,"BH"
7818,3,0,0,FALSE,"BH"
7819,0,0,0,FALSE,"BH"
7820,0,0,0,FALSE,"BH"
7821,2,0,0,FALSE,"BH"
7822,0,0,0,FALSE,"BH"
7823,2,0,0,FALSE,"BH"
7824,3,0,0,FALSE,"BH"
7825,0,0,0,FALSE,"BH"
7826,0,0,0,FALSE,"BH"
7827,1,0,0,FALSE,"BH"
7828,0,0,0,FALSE,"BH"
7829,1,0,0,FALSE,"BH"
7830,3,0,0,FALSE,"BH"
7831,0,0,0,FALSE,"BH"
7832,0,0,0,FALSE,"BH"
7833,0,0,0,FALSE,"BH"
7834,0,0,0,FALSE,"BH"
7835,0,0,0,FALSE,"BH"
7836,5,1,0.2,TRUE,"BH"
7837,1,0,0,FALSE,"BH"
7838,2,0,0,FALSE,"BH"
7839,0,0,0,FALSE,"BH"
7840,2,0,0,FALSE,"BH"
7841,3,0,0,FALSE,"BH"
7842,0,0,0,FALSE,"BH"
7843,3,0,0,FALSE,"BH"
7844,0,0,0,FALSE,"BH"
7845,0,0,0,FALSE,"BH"
7846,1,0,0,FALSE,"BH"
7847,1,0,0,FALSE,"BH"
7848,4,1,0.25,TRUE,"BH"
7849,2,0,0,FALSE,"BH"
7850,3,0,0,FALSE,"BH"
7851,3,0,0,FALSE,"BH"
7852,4,0,0,FALSE,"BH"
7853,0,0,0,FALSE,"BH"
7854,0,0,0,FALSE,"BH"
7855,1,0,0,FALSE,"BH"
7856,0,0,0,FALSE,"BH"
7857,0,0,0,FALSE,"BH"
7858,1,0,0,FALSE,"BH"
7859,2,0,0,FALSE,"BH"
7860,1,1,1,TRUE,"BH"
7861,3,0,0,FALSE,"BH"
7862,4,0,0,FALSE,"BH"
7863,1,0,0,FALSE,"BH"
7864,3,0,0,FALSE,"BH"
7865,0,0,0,FALSE,"BH"
7866,0,0,0,FALSE,"BH"
7867,3,0,0,FALSE,"BH"
7868,1,0,0,FALSE,"BH"
7869,2,0,0,FALSE,"BH"
7870,1,0,0,FALSE,"BH"
7871,1,0,0,FALSE,"BH"
7872,0,0,0,FALSE,"BH"
7873,2,0,0,FALSE,"BH"
7874,2,0,0,FALSE,"BH"
7875,0,0,0,FALSE,"BH"
7876,0,0,0,FALSE,"BH"
7877,3,0,0,FALSE,"BH"
7878,0,0,0,FALSE,"BH"
7879,2,0,0,FALSE,"BH"
7880,0,0,0,FALSE,"BH"
7881,2,0,0,FALSE,"BH"
7882,1,0,0,FALSE,"BH"
7883,2,0,0,FALSE,"BH"
7884,0,0,0,FALSE,"BH"
7885,4,1,0.25,TRUE,"BH"
7886,0,0,0,FALSE,"BH"
7887,0,0,0,FALSE,"BH"
7888,3,0,0,FALSE,"BH"
7889,4,0,0,FALSE,"BH"
7890,1,0,0,FALSE,"BH"
7891,2,0,0,FALSE,"BH"
7892,3,0,0,FALSE,"BH"
7893,0,0,0,FALSE,"BH"
7894,0,0,0,FALSE,"BH"
7895,0,0,0,FALSE,"BH"
7896,1,0,0,FALSE,"BH"
7897,1,0,0,FALSE,"BH"
7898,0,0,0,FALSE,"BH"
7899,0,0,0,FALSE,"BH"
7900,1,0,0,FALSE,"BH"
7901,3,0,0,FALSE,"BH"
7902,1,0,0,FALSE,"BH"
7903,3,0,0,FALSE,"BH"
7904,2,0,0,FALSE,"BH"
7905,0,0,0,FALSE,"BH"
7906,1,0,0,FALSE,"BH"
7907,0,0,0,FALSE,"BH"
7908,1,0,0,FALSE,"BH"
7909,0,0,0,FALSE,"BH"
7910,2,0,0,FALSE,"BH"
7911,3,0,0,FALSE,"BH"
7912,0,0,0,FALSE,"BH"
7913,2,0,0,FALSE,"BH"
7914,0,0,0,FALSE,"BH"
7915,0,0,0,FALSE,"BH"
7916,1,0,0,FALSE,"BH"
7917,2,0,0,FALSE,"BH"
7918,0,0,0,FALSE,"BH"
7919,0,0,0,FALSE,"BH"
7920,2,0,0,FALSE,"BH"
7921,2,0,0,FALSE,"BH"
7922,0,0,0,FALSE,"BH"
7923,0,0,0,FALSE,"BH"
7924,0,0,0,FALSE,"BH"
7925,1,0,0,FALSE,"BH"
7926,2,0,0,FALSE,"BH"
7927,1,0,0,FALSE,"BH"
7928,1,0,0,FALSE,"BH"
7929,0,0,0,FALSE,"BH"
7930,1,0,0,FALSE,"BH"
7931,0,0,0,FALSE,"BH"
7932,2,1,0.5,TRUE,"BH"
7933,4,0,0,FALSE,"BH"
7934,3,0,0,FALSE,"BH"
7935,0,0,0,FALSE,"BH"
7936,2,0,0,FALSE,"BH"
7937,4,0,0,FALSE,"BH"
7938,0,0,0,FALSE,"BH"
7939,4,1,0.25,TRUE,"BH"
7940,1,0,0,FALSE,"BH"
7941,0,0,0,FALSE,"BH"
7942,1,0,0,FALSE,"BH"
7943,2,0,0,FALSE,"BH"
7944,0,0,0,FALSE,"BH"
7945,1,0,0,FALSE,"BH"
7946,1,0,0,FALSE,"BH"
7947,0,0,0,FALSE,"BH"
7948,0,0,0,FALSE,"BH"
7949,5,1,0.2,TRUE,"BH"
7950,3,0,0,FALSE,"BH"
7951,1,0,0,FALSE,"BH"
7952,1,0,0,FALSE,"BH"
7953,0,0,0,FALSE,"BH"
7954,0,0,0,FALSE,"BH"
7955,0,0,0,FALSE,"BH"
7956,4,1,0.25,TRUE,"BH"
7957,0,0,0,FALSE,"BH"
7958,1,0,0,FALSE,"BH"
7959,1,0,0,FALSE,"BH"
7960,2,0,0,FALSE,"BH"
7961,4,1,0.25,TRUE,"BH"
7962,2,1,0.5,TRUE,"BH"
7963,1,0,0,FALSE,"BH"
7964,2,0,0,FALSE,"BH"
7965,2,0,0,FALSE,"BH"
7966,1,0,0,FALSE,"BH"
7967,0,0,0,FALSE,"BH"
7968,1,0,0,FALSE,"BH"
7969,3,0,0,FALSE,"BH"
7970,3,0,0,FALSE,"BH"
7971,0,0,0,FALSE,"BH"
7972,1,0,0,FALSE,"BH"
7973,2,0,0,FALSE,"BH"
7974,1,0,0,FALSE,"BH"
7975,1,0,0,FALSE,"BH"
7976,2,0,0,FALSE,"BH"
7977,2,0,0,FALSE,"BH"
7978,1,0,0,FALSE,"BH"
7979,2,0,0,FALSE,"BH"
7980,0,0,0,FALSE,"BH"
7981,3,0,0,FALSE,"BH"
7982,0,0,0,FALSE,"BH"
7983,0,0,0,FALSE,"BH"
7984,0,0,0,FALSE,"BH"
7985,0,0,0,FALSE,"BH"
7986,0,0,0,FALSE,"BH"
7987,1,0,0,FALSE,"BH"
7988,4,0,0,FALSE,"BH"
7989,1,0,0,FALSE,"BH"
7990,1,0,0,FALSE,"BH"
7991,0,0,0,FALSE,"BH"
7992,2,0,0,FALSE,"BH"
7993,1,0,0,FALSE,"BH"
7994,5,2,0.4,TRUE,"BH"
7995,0,0,0,FALSE,"BH"
7996,4,1,0.25,TRUE,"BH"
7997,1,0,0,FALSE,"BH"
7998,0,0,0,FALSE,"BH"
7999,1,0,0,FALSE,"BH"
8000,1,0,0,FALSE,"BH"
8001,1,0,0,FALSE,"BH"
8002,2,0,0,FALSE,"BH"
8003,2,0,0,FALSE,"BH"
8004,2,0,0,FALSE,"BH"
8005,0,0,0,FALSE,"BH"
8006,0,0,0,FALSE,"BH"
8007,1,0,0,FALSE,"BH"
8008,2,0,0,FALSE,"BH"
8009,1,0,0,FALSE,"BH"
8010,3,1,0.333333333333333,TRUE,"BH"
8011,5,1,0.2,TRUE,"BH"
8012,1,0,0,FALSE,"BH"
8013,1,0,0,FALSE,"BH"
8014,1,0,0,FALSE,"BH"
8015,3,0,0,FALSE,"BH"
8016,0,0,0,FALSE,"BH"
8017,0,0,0,FALSE,"BH"
8018,0,0,0,FALSE,"BH"
8019,1,0,0,FALSE,"BH"
8020,1,0,0,FALSE,"BH"
8021,0,0,0,FALSE,"BH"
8022,0,0,0,FALSE,"BH"
8023,2,0,0,FALSE,"BH"
8024,1,0,0,FALSE,"BH"
8025,1,0,0,FALSE,"BH"
8026,0,0,0,FALSE,"BH"
8027,0,0,0,FALSE,"BH"
8028,1,0,0,FALSE,"BH"
8029,0,0,0,FALSE,"BH"
8030,1,0,0,FALSE,"BH"
8031,0,0,0,FALSE,"BH"
8032,2,0,0,FALSE,"BH"
8033,3,0,0,FALSE,"BH"
8034,1,0,0,FALSE,"BH"
8035,1,0,0,FALSE,"BH"
8036,3,0,0,FALSE,"BH"
8037,0,0,0,FALSE,"BH"
8038,2,0,0,FALSE,"BH"
8039,0,0,0,FALSE,"BH"
8040,4,0,0,FALSE,"BH"
8041,2,0,0,FALSE,"BH"
8042,0,0,0,FALSE,"BH"
8043,2,0,0,FALSE,"BH"
8044,5,3,0.6,TRUE,"BH"
8045,2,0,0,FALSE,"BH"
8046,5,2,0.4,TRUE,"BH"
8047,3,1,0.333333333333333,TRUE,"BH"
8048,1,0,0,FALSE,"BH"
8049,0,0,0,FALSE,"BH"
8050,2,0,0,FALSE,"BH"
8051,1,0,0,FALSE,"BH"
8052,1,0,0,FALSE,"BH"
8053,1,0,0,FALSE,"BH"
8054,3,0,0,FALSE,"BH"
8055,5,1,0.2,TRUE,"BH"
8056,0,0,0,FALSE,"BH"
8057,0,0,0,FALSE,"BH"
8058,1,0,0,FALSE,"BH"
8059,3,0,0,FALSE,"BH"
8060,0,0,0,FALSE,"BH"
8061,0,0,0,FALSE,"BH"
8062,3,0,0,FALSE,"BH"
8063,0,0,0,FALSE,"BH"
8064,2,0,0,FALSE,"BH"
8065,2,0,0,FALSE,"BH"
8066,0,0,0,FALSE,"BH"
8067,2,0,0,FALSE,"BH"
8068,4,1,0.25,TRUE,"BH"
8069,0,0,0,FALSE,"BH"
8070,4,0,0,FALSE,"BH"
8071,2,0,0,FALSE,"BH"
8072,1,0,0,FALSE,"BH"
8073,2,0,0,FALSE,"BH"
8074,0,0,0,FALSE,"BH"
8075,1,0,0,FALSE,"BH"
8076,2,0,0,FALSE,"BH"
8077,2,0,0,FALSE,"BH"
8078,0,0,0,FALSE,"BH"
8079,1,0,0,FALSE,"BH"
8080,0,0,0,FALSE,"BH"
8081,0,0,0,FALSE,"BH"
8082,4,1,0.25,TRUE,"BH"
8083,5,2,0.4,TRUE,"BH"
8084,0,0,0,FALSE,"BH"
8085,1,0,0,FALSE,"BH"
8086,0,0,0,FALSE,"BH"
8087,2,0,0,FALSE,"BH"
8088,0,0,0,FALSE,"BH"
8089,1,0,0,FALSE,"BH"
8090,4,0,0,FALSE,"BH"
8091,1,0,0,FALSE,"BH"
8092,5,2,0.4,TRUE,"BH"
8093,2,0,0,FALSE,"BH"
8094,1,0,0,FALSE,"BH"
8095,3,0,0,FALSE,"BH"
8096,4,0,0,FALSE,"BH"
8097,0,0,0,FALSE,"BH"
8098,0,0,0,FALSE,"BH"
8099,2,0,0,FALSE,"BH"
8100,0,0,0,FALSE,"BH"
8101,2,0,0,FALSE,"BH"
8102,0,0,0,FALSE,"BH"
8103,0,0,0,FALSE,"BH"
8104,3,1,0.333333333333333,TRUE,"BH"
8105,1,0,0,FALSE,"BH"
8106,4,1,0.25,TRUE,"BH"
8107,0,0,0,FALSE,"BH"
8108,3,0,0,FALSE,"BH"
8109,0,0,0,FALSE,"BH"
8110,0,0,0,FALSE,"BH"
8111,2,0,0,FALSE,"BH"
8112,3,0,0,FALSE,"BH"
8113,1,0,0,FALSE,"BH"
8114,0,0,0,FALSE,"BH"
8115,2,0,0,FALSE,"BH"
8116,3,0,0,FALSE,"BH"
8117,0,0,0,FALSE,"BH"
8118,1,0,0,FALSE,"BH"
8119,2,0,0,FALSE,"BH"
8120,1,0,0,FALSE,"BH"
8121,0,0,0,FALSE,"BH"
8122,0,0,0,FALSE,"BH"
8123,0,0,0,FALSE,"BH"
8124,3,0,0,FALSE,"BH"
8125,3,0,0,FALSE,"BH"
8126,2,0,0,FALSE,"BH"
8127,2,0,0,FALSE,"BH"
8128,2,0,0,FALSE,"BH"
8129,2,0,0,FALSE,"BH"
8130,2,1,0.5,TRUE,"BH"
8131,2,1,0.5,TRUE,"BH"
8132,1,0,0,FALSE,"BH"
8133,2,0,0,FALSE,"BH"
8134,1,0,0,FALSE,"BH"
8135,2,0,0,FALSE,"BH"
8136,1,0,0,FALSE,"BH"
8137,0,0,0,FALSE,"BH"
8138,1,0,0,FALSE,"BH"
8139,2,0,0,FALSE,"BH"
8140,3,0,0,FALSE,"BH"
8141,0,0,0,FALSE,"BH"
8142,0,0,0,FALSE,"BH"
8143,1,0,0,FALSE,"BH"
8144,0,0,0,FALSE,"BH"
8145,1,0,0,FALSE,"BH"
8146,2,0,0,FALSE,"BH"
8147,2,0,0,FALSE,"BH"
8148,0,0,0,FALSE,"BH"
8149,0,0,0,FALSE,"BH"
8150,1,0,0,FALSE,"BH"
8151,1,0,0,FALSE,"BH"
8152,2,0,0,FALSE,"BH"
8153,1,0,0,FALSE,"BH"
8154,0,0,0,FALSE,"BH"
8155,3,0,0,FALSE,"BH"
8156,3,0,0,FALSE,"BH"
8157,2,1,0.5,TRUE,"BH"
8158,0,0,0,FALSE,"BH"
8159,0,0,0,FALSE,"BH"
8160,2,0,0,FALSE,"BH"
8161,0,0,0,FALSE,"BH"
8162,0,0,0,FALSE,"BH"
8163,1,0,0,FALSE,"BH"
8164,0,0,0,FALSE,"BH"
8165,0,0,0,FALSE,"BH"
8166,1,0,0,FALSE,"BH"
8167,0,0,0,FALSE,"BH"
8168,0,0,0,FALSE,"BH"
8169,0,0,0,FALSE,"BH"
8170,0,0,0,FALSE,"BH"
8171,2,0,0,FALSE,"BH"
8172,2,0,0,FALSE,"BH"
8173,2,0,0,FALSE,"BH"
8174,0,0,0,FALSE,"BH"
8175,1,0,0,FALSE,"BH"
8176,0,0,0,FALSE,"BH"
8177,0,0,0,FALSE,"BH"
8178,0,0,0,FALSE,"BH"
8179,1,0,0,FALSE,"BH"
8180,0,0,0,FALSE,"BH"
8181,1,0,0,FALSE,"BH"
8182,1,0,0,FALSE,"BH"
8183,0,0,0,FALSE,"BH"
8184,3,0,0,FALSE,"BH"
8185,0,0,0,FALSE,"BH"
8186,2,0,0,FALSE,"BH"
8187,1,0,0,FALSE,"BH"
8188,1,0,0,FALSE,"BH"
8189,1,0,0,FALSE,"BH"
8190,0,0,0,FALSE,"BH"
8191,1,0,0,FALSE,"BH"
8192,2,0,0,FALSE,"BH"
8193,1,0,0,FALSE,"BH"
8194,0,0,0,FALSE,"BH"
8195,3,2,0.666666666666667,TRUE,"BH"
8196,2,0,0,FALSE,"BH"
8197,3,0,0,FALSE,"BH"
8198,2,0,0,FALSE,"BH"
8199,1,0,0,FALSE,"BH"
8200,4,0,0,FALSE,"BH"
8201,2,0,0,FALSE,"BH"
8202,1,0,0,FALSE,"BH"
8203,3,0,0,FALSE,"BH"
8204,2,0,0,FALSE,"BH"
8205,0,0,0,FALSE,"BH"
8206,0,0,0,FALSE,"BH"
8207,2,0,0,FALSE,"BH"
8208,0,0,0,FALSE,"BH"
8209,2,0,0,FALSE,"BH"
8210,0,0,0,FALSE,"BH"
8211,2,0,0,FALSE,"BH"
8212,1,0,0,FALSE,"BH"
8213,1,0,0,FALSE,"BH"
8214,2,0,0,FALSE,"BH"
8215,1,0,0,FALSE,"BH"
8216,0,0,0,FALSE,"BH"
8217,0,0,0,FALSE,"BH"
8218,3,0,0,FALSE,"BH"
8219,0,0,0,FALSE,"BH"
8220,0,0,0,FALSE,"BH"
8221,0,0,0,FALSE,"BH"
8222,1,0,0,FALSE,"BH"
8223,2,0,0,FALSE,"BH"
8224,2,0,0,FALSE,"BH"
8225,0,0,0,FALSE,"BH"
8226,1,0,0,FALSE,"BH"
8227,2,0,0,FALSE,"BH"
8228,0,0,0,FALSE,"BH"
8229,0,0,0,FALSE,"BH"
8230,0,0,0,FALSE,"BH"
8231,2,0,0,FALSE,"BH"
8232,3,0,0,FALSE,"BH"
8233,2,0,0,FALSE,"BH"
8234,1,0,0,FALSE,"BH"
8235,0,0,0,FALSE,"BH"
8236,5,1,0.2,TRUE,"BH"
8237,1,0,0,FALSE,"BH"
8238,1,0,0,FALSE,"BH"
8239,0,0,0,FALSE,"BH"
8240,0,0,0,FALSE,"BH"
8241,0,0,0,FALSE,"BH"
8242,1,0,0,FALSE,"BH"
8243,3,0,0,FALSE,"BH"
8244,0,0,0,FALSE,"BH"
8245,1,0,0,FALSE,"BH"
8246,4,0,0,FALSE,"BH"
8247,0,0,0,FALSE,"BH"
8248,1,0,0,FALSE,"BH"
8249,2,0,0,FALSE,"BH"
8250,2,0,0,FALSE,"BH"
8251,3,0,0,FALSE,"BH"
8252,0,0,0,FALSE,"BH"
8253,3,0,0,FALSE,"BH"
8254,0,0,0,FALSE,"BH"
8255,1,1,1,TRUE,"BH"
8256,0,0,0,FALSE,"BH"
8257,2,0,0,FALSE,"BH"
8258,1,0,0,FALSE,"BH"
8259,3,0,0,FALSE,"BH"
8260,0,0,0,FALSE,"BH"
8261,1,1,1,TRUE,"BH"
8262,1,0,0,FALSE,"BH"
8263,2,0,0,FALSE,"BH"
8264,1,0,0,FALSE,"BH"
8265,2,0,0,FALSE,"BH"
8266,1,0,0,FALSE,"BH"
8267,2,0,0,FALSE,"BH"
8268,4,1,0.25,TRUE,"BH"
8269,6,2,0.333333333333333,TRUE,"BH"
8270,2,1,0.5,TRUE,"BH"
8271,4,1,0.25,TRUE,"BH"
8272,1,0,0,FALSE,"BH"
8273,1,0,0,FALSE,"BH"
8274,0,0,0,FALSE,"BH"
8275,2,0,0,FALSE,"BH"
8276,0,0,0,FALSE,"BH"
8277,2,0,0,FALSE,"BH"
8278,1,0,0,FALSE,"BH"
8279,1,0,0,FALSE,"BH"
8280,4,0,0,FALSE,"BH"
8281,0,0,0,FALSE,"BH"
8282,2,0,0,FALSE,"BH"
8283,3,0,0,FALSE,"BH"
8284,4,0,0,FALSE,"BH"
8285,0,0,0,FALSE,"BH"
8286,3,1,0.333333333333333,TRUE,"BH"
8287,1,0,0,FALSE,"BH"
8288,0,0,0,FALSE,"BH"
8289,3,1,0.333333333333333,TRUE,"BH"
8290,2,0,0,FALSE,"BH"
8291,3,0,0,FALSE,"BH"
8292,3,0,0,FALSE,"BH"
8293,3,0,0,FALSE,"BH"
8294,0,0,0,FALSE,"BH"
8295,2,0,0,FALSE,"BH"
8296,0,0,0,FALSE,"BH"
8297,0,0,0,FALSE,"BH"
8298,0,0,0,FALSE,"BH"
8299,0,0,0,FALSE,"BH"
8300,1,0,0,FALSE,"BH"
8301,1,0,0,FALSE,"BH"
8302,0,0,0,FALSE,"BH"
8303,2,0,0,FALSE,"BH"
8304,1,0,0,FALSE,"BH"
8305,0,0,0,FALSE,"BH"
8306,2,0,0,FALSE,"BH"
8307,0,0,0,FALSE,"BH"
8308,2,0,0,FALSE,"BH"
8309,2,0,0,FALSE,"BH"
8310,3,0,0,FALSE,"BH"
8311,2,0,0,FALSE,"BH"
8312,1,0,0,FALSE,"BH"
8313,2,0,0,FALSE,"BH"
8314,1,0,0,FALSE,"BH"
8315,1,0,0,FALSE,"BH"
8316,1,0,0,FALSE,"BH"
8317,4,0,0,FALSE,"BH"
8318,1,0,0,FALSE,"BH"
8319,3,0,0,FALSE,"BH"
8320,4,0,0,FALSE,"BH"
8321,2,0,0,FALSE,"BH"
8322,3,1,0.333333333333333,TRUE,"BH"
8323,2,0,0,FALSE,"BH"
8324,4,1,0.25,TRUE,"BH"
8325,3,0,0,FALSE,"BH"
8326,3,0,0,FALSE,"BH"
8327,2,0,0,FALSE,"BH"
8328,0,0,0,FALSE,"BH"
8329,3,0,0,FALSE,"BH"
8330,2,0,0,FALSE,"BH"
8331,0,0,0,FALSE,"BH"
8332,3,0,0,FALSE,"BH"
8333,1,0,0,FALSE,"BH"
8334,3,0,0,FALSE,"BH"
8335,0,0,0,FALSE,"BH"
8336,2,0,0,FALSE,"BH"
8337,0,0,0,FALSE,"BH"
8338,2,0,0,FALSE,"BH"
8339,0,0,0,FALSE,"BH"
8340,0,0,0,FALSE,"BH"
8341,0,0,0,FALSE,"BH"
8342,1,1,1,TRUE,"BH"
8343,4,0,0,FALSE,"BH"
8344,0,0,0,FALSE,"BH"
8345,3,0,0,FALSE,"BH"
8346,0,0,0,FALSE,"BH"
8347,0,0,0,FALSE,"BH"
8348,2,0,0,FALSE,"BH"
8349,1,0,0,FALSE,"BH"
8350,0,0,0,FALSE,"BH"
8351,1,0,0,FALSE,"BH"
8352,2,0,0,FALSE,"BH"
8353,1,0,0,FALSE,"BH"
8354,0,0,0,FALSE,"BH"
8355,0,0,0,FALSE,"BH"
8356,1,0,0,FALSE,"BH"
8357,1,0,0,FALSE,"BH"
8358,0,0,0,FALSE,"BH"
8359,1,0,0,FALSE,"BH"
8360,4,0,0,FALSE,"BH"
8361,0,0,0,FALSE,"BH"
8362,1,0,0,FALSE,"BH"
8363,2,0,0,FALSE,"BH"
8364,1,0,0,FALSE,"BH"
8365,1,0,0,FALSE,"BH"
8366,4,0,0,FALSE,"BH"
8367,5,1,0.2,TRUE,"BH"
8368,0,0,0,FALSE,"BH"
8369,0,0,0,FALSE,"BH"
8370,0,0,0,FALSE,"BH"
8371,3,0,0,FALSE,"BH"
8372,1,0,0,FALSE,"BH"
8373,2,0,0,FALSE,"BH"
8374,0,0,0,FALSE,"BH"
8375,3,0,0,FALSE,"BH"
8376,2,0,0,FALSE,"BH"
8377,2,0,0,FALSE,"BH"
8378,3,0,0,FALSE,"BH"
8379,1,0,0,FALSE,"BH"
8380,2,0,0,FALSE,"BH"
8381,0,0,0,FALSE,"BH"
8382,3,0,0,FALSE,"BH"
8383,2,0,0,FALSE,"BH"
8384,1,0,0,FALSE,"BH"
8385,1,0,0,FALSE,"BH"
8386,2,0,0,FALSE,"BH"
8387,0,0,0,FALSE,"BH"
8388,2,0,0,FALSE,"BH"
8389,2,0,0,FALSE,"BH"
8390,2,0,0,FALSE,"BH"
8391,3,0,0,FALSE,"BH"
8392,3,0,0,FALSE,"BH"
8393,5,2,0.4,TRUE,"BH"
8394,1,0,0,FALSE,"BH"
8395,0,0,0,FALSE,"BH"
8396,1,0,0,FALSE,"BH"
8397,0,0,0,FALSE,"BH"
8398,2,0,0,FALSE,"BH"
8399,2,0,0,FALSE,"BH"
8400,0,0,0,FALSE,"BH"
8401,2,0,0,FALSE,"BH"
8402,2,0,0,FALSE,"BH"
8403,1,0,0,FALSE,"BH"
8404,3,0,0,FALSE,"BH"
8405,0,0,0,FALSE,"BH"
8406,0,0,0,FALSE,"BH"
8407,1,0,0,FALSE,"BH"
8408,0,0,0,FALSE,"BH"
8409,3,0,0,FALSE,"BH"
8410,0,0,0,FALSE,"BH"
8411,1,1,1,TRUE,"BH"
8412,3,0,0,FALSE,"BH"
8413,1,0,0,FALSE,"BH"
8414,0,0,0,FALSE,"BH"
8415,1,0,0,FALSE,"BH"
8416,4,0,0,FALSE,"BH"
8417,5,1,0.2,TRUE,"BH"
8418,0,0,0,FALSE,"BH"
8419,0,0,0,FALSE,"BH"
8420,5,1,0.2,TRUE,"BH"
8421,0,0,0,FALSE,"BH"
8422,0,0,0,FALSE,"BH"
8423,1,0,0,FALSE,"BH"
8424,2,0,0,FALSE,"BH"
8425,2,0,0,FALSE,"BH"
8426,0,0,0,FALSE,"BH"
8427,3,0,0,FALSE,"BH"
8428,0,0,0,FALSE,"BH"
8429,2,0,0,FALSE,"BH"
8430,3,0,0,FALSE,"BH"
8431,5,4,0.8,TRUE,"BH"
8432,1,0,0,FALSE,"BH"
8433,0,0,0,FALSE,"BH"
8434,1,0,0,FALSE,"BH"
8435,0,0,0,FALSE,"BH"
8436,1,0,0,FALSE,"BH"
8437,0,0,0,FALSE,"BH"
8438,0,0,0,FALSE,"BH"
8439,3,0,0,FALSE,"BH"
8440,0,0,0,FALSE,"BH"
8441,3,0,0,FALSE,"BH"
8442,1,1,1,TRUE,"BH"
8443,5,2,0.4,TRUE,"BH"
8444,0,0,0,FALSE,"BH"
8445,0,0,0,FALSE,"BH"
8446,0,0,0,FALSE,"BH"
8447,0,0,0,FALSE,"BH"
8448,2,0,0,FALSE,"BH"
8449,2,0,0,FALSE,"BH"
8450,3,0,0,FALSE,"BH"
8451,1,0,0,FALSE,"BH"
8452,2,1,0.5,TRUE,"BH"
8453,1,0,0,FALSE,"BH"
8454,3,0,0,FALSE,"BH"
8455,1,0,0,FALSE,"BH"
8456,2,0,0,FALSE,"BH"
8457,3,0,0,FALSE,"BH"
8458,0,0,0,FALSE,"BH"
8459,1,0,0,FALSE,"BH"
8460,0,0,0,FALSE,"BH"
8461,0,0,0,FALSE,"BH"
8462,4,0,0,FALSE,"BH"
8463,1,0,0,FALSE,"BH"
8464,2,0,0,FALSE,"BH"
8465,5,2,0.4,TRUE,"BH"
8466,0,0,0,FALSE,"BH"
8467,2,0,0,FALSE,"BH"
8468,2,0,0,FALSE,"BH"
8469,2,0,0,FALSE,"BH"
8470,0,0,0,FALSE,"BH"
8471,1,0,0,FALSE,"BH"
8472,1,0,0,FALSE,"BH"
8473,6,2,0.333333333333333,TRUE,"BH"
8474,1,0,0,FALSE,"BH"
8475,2,0,0,FALSE,"BH"
8476,0,0,0,FALSE,"BH"
8477,0,0,0,FALSE,"BH"
8478,1,0,0,FALSE,"BH"
8479,0,0,0,FALSE,"BH"
8480,0,0,0,FALSE,"BH"
8481,1,0,0,FALSE,"BH"
8482,0,0,0,FALSE,"BH"
8483,3,1,0.333333333333333,TRUE,"BH"
8484,4,0,0,FALSE,"BH"
8485,1,0,0,FALSE,"BH"
8486,0,0,0,FALSE,"BH"
8487,0,0,0,FALSE,"BH"
8488,4,0,0,FALSE,"BH"
8489,1,0,0,FALSE,"BH"
8490,2,0,0,FALSE,"BH"
8491,3,0,0,FALSE,"BH"
8492,2,0,0,FALSE,"BH"
8493,1,0,0,FALSE,"BH"
8494,3,0,0,FALSE,"BH"
8495,1,0,0,FALSE,"BH"
8496,0,0,0,FALSE,"BH"
8497,3,0,0,FALSE,"BH"
8498,0,0,0,FALSE,"BH"
8499,1,0,0,FALSE,"BH"
8500,2,0,0,FALSE,"BH"
8501,2,0,0,FALSE,"BH"
8502,0,0,0,FALSE,"BH"
8503,0,0,0,FALSE,"BH"
8504,3,0,0,FALSE,"BH"
8505,2,0,0,FALSE,"BH"
8506,0,0,0,FALSE,"BH"
8507,3,0,0,FALSE,"BH"
8508,4,0,0,FALSE,"BH"
8509,0,0,0,FALSE,"BH"
8510,2,0,0,FALSE,"BH"
8511,0,0,0,FALSE,"BH"
8512,1,0,0,FALSE,"BH"
8513,3,0,0,FALSE,"BH"
8514,3,0,0,FALSE,"BH"
8515,1,0,0,FALSE,"BH"
8516,2,0,0,FALSE,"BH"
8517,2,0,0,FALSE,"BH"
8518,1,0,0,FALSE,"BH"
8519,4,1,0.25,TRUE,"BH"
8520,2,0,0,FALSE,"BH"
8521,1,0,0,FALSE,"BH"
8522,1,0,0,FALSE,"BH"
8523,2,0,0,FALSE,"BH"
8524,5,1,0.2,TRUE,"BH"
8525,2,1,0.5,TRUE,"BH"
8526,2,0,0,FALSE,"BH"
8527,2,0,0,FALSE,"BH"
8528,2,0,0,FALSE,"BH"
8529,1,0,0,FALSE,"BH"
8530,0,0,0,FALSE,"BH"
8531,1,0,0,FALSE,"BH"
8532,0,0,0,FALSE,"BH"
8533,0,0,0,FALSE,"BH"
8534,1,0,0,FALSE,"BH"
8535,2,0,0,FALSE,"BH"
8536,1,0,0,FALSE,"BH"
8537,4,0,0,FALSE,"BH"
8538,1,0,0,FALSE,"BH"
8539,3,0,0,FALSE,"BH"
8540,0,0,0,FALSE,"BH"
8541,1,0,0,FALSE,"BH"
8542,0,0,0,FALSE,"BH"
8543,0,0,0,FALSE,"BH"
8544,0,0,0,FALSE,"BH"
8545,3,0,0,FALSE,"BH"
8546,6,2,0.333333333333333,TRUE,"BH"
8547,0,0,0,FALSE,"BH"
8548,3,1,0.333333333333333,TRUE,"BH"
8549,4,1,0.25,TRUE,"BH"
8550,1,0,0,FALSE,"BH"
8551,1,0,0,FALSE,"BH"
8552,2,1,0.5,TRUE,"BH"
8553,1,0,0,FALSE,"BH"
8554,4,1,0.25,TRUE,"BH"
8555,3,0,0,FALSE,"BH"
8556,3,0,0,FALSE,"BH"
8557,3,0,0,FALSE,"BH"
8558,1,0,0,FALSE,"BH"
8559,1,0,0,FALSE,"BH"
8560,4,0,0,FALSE,"BH"
8561,1,0,0,FALSE,"BH"
8562,3,0,0,FALSE,"BH"
8563,0,0,0,FALSE,"BH"
8564,3,0,0,FALSE,"BH"
8565,0,0,0,FALSE,"BH"
8566,2,0,0,FALSE,"BH"
8567,3,0,0,FALSE,"BH"
8568,2,0,0,FALSE,"BH"
8569,2,0,0,FALSE,"BH"
8570,2,0,0,FALSE,"BH"
8571,1,0,0,FALSE,"BH"
8572,2,0,0,FALSE,"BH"
8573,0,0,0,FALSE,"BH"
8574,0,0,0,FALSE,"BH"
8575,0,0,0,FALSE,"BH"
8576,2,0,0,FALSE,"BH"
8577,2,0,0,FALSE,"BH"
8578,2,0,0,FALSE,"BH"
8579,0,0,0,FALSE,"BH"
8580,3,0,0,FALSE,"BH"
8581,4,0,0,FALSE,"BH"
8582,0,0,0,FALSE,"BH"
8583,0,0,0,FALSE,"BH"
8584,0,0,0,FALSE,"BH"
8585,0,0,0,FALSE,"BH"
8586,0,0,0,FALSE,"BH"
8587,0,0,0,FALSE,"BH"
8588,1,1,1,TRUE,"BH"
8589,3,0,0,FALSE,"BH"
8590,1,0,0,FALSE,"BH"
8591,4,1,0.25,TRUE,"BH"
8592,0,0,0,FALSE,"BH"
8593,0,0,0,FALSE,"BH"
8594,2,0,0,FALSE,"BH"
8595,3,1,0.333333333333333,TRUE,"BH"
8596,1,0,0,FALSE,"BH"
8597,1,0,0,FALSE,"BH"
8598,4,0,0,FALSE,"BH"
8599,0,0,0,FALSE,"BH"
8600,1,0,0,FALSE,"BH"
8601,0,0,0,FALSE,"BH"
8602,0,0,0,FALSE,"BH"
8603,2,0,0,FALSE,"BH"
8604,1,0,0,FALSE,"BH"
8605,0,0,0,FALSE,"BH"
8606,1,0,0,FALSE,"BH"
8607,1,0,0,FALSE,"BH"
8608,0,0,0,FALSE,"BH"
8609,2,0,0,FALSE,"BH"
8610,3,0,0,FALSE,"BH"
8611,0,0,0,FALSE,"BH"
8612,3,0,0,FALSE,"BH"
8613,1,0,0,FALSE,"BH"
8614,3,1,0.333333333333333,TRUE,"BH"
8615,0,0,0,FALSE,"BH"
8616,0,0,0,FALSE,"BH"
8617,1,0,0,FALSE,"BH"
8618,2,0,0,FALSE,"BH"
8619,1,0,0,FALSE,"BH"
8620,0,0,0,FALSE,"BH"
8621,0,0,0,FALSE,"BH"
8622,0,0,0,FALSE,"BH"
8623,2,0,0,FALSE,"BH"
8624,0,0,0,FALSE,"BH"
8625,2,0,0,FALSE,"BH"
8626,1,0,0,FALSE,"BH"
8627,2,0,0,FALSE,"BH"
8628,4,1,0.25,TRUE,"BH"
8629,0,0,0,FALSE,"BH"
8630,3,0,0,FALSE,"BH"
8631,3,0,0,FALSE,"BH"
8632,0,0,0,FALSE,"BH"
8633,3,0,0,FALSE,"BH"
8634,3,0,0,FALSE,"BH"
8635,2,0,0,FALSE,"BH"
8636,1,0,0,FALSE,"BH"
8637,2,0,0,FALSE,"BH"
8638,2,0,0,FALSE,"BH"
8639,1,0,0,FALSE,"BH"
8640,1,0,0,FALSE,"BH"
8641,2,0,0,FALSE,"BH"
8642,1,0,0,FALSE,"BH"
8643,1,0,0,FALSE,"BH"
8644,1,0,0,FALSE,"BH"
8645,0,0,0,FALSE,"BH"
8646,2,0,0,FALSE,"BH"
8647,3,0,0,FALSE,"BH"
8648,4,1,0.25,TRUE,"BH"
8649,1,0,0,FALSE,"BH"
8650,4,0,0,FALSE,"BH"
8651,1,0,0,FALSE,"BH"
8652,2,0,0,FALSE,"BH"
8653,4,0,0,FALSE,"BH"
8654,0,0,0,FALSE,"BH"
8655,1,0,0,FALSE,"BH"
8656,3,0,0,FALSE,"BH"
8657,1,1,1,TRUE,"BH"
8658,1,0,0,FALSE,"BH"
8659,0,0,0,FALSE,"BH"
8660,1,0,0,FALSE,"BH"
8661,4,1,0.25,TRUE,"BH"
8662,0,0,0,FALSE,"BH"
8663,3,0,0,FALSE,"BH"
8664,0,0,0,FALSE,"BH"
8665,0,0,0,FALSE,"BH"
8666,0,0,0,FALSE,"BH"
8667,1,0,0,FALSE,"BH"
8668,0,0,0,FALSE,"BH"
8669,3,1,0.333333333333333,TRUE,"BH"
8670,4,0,0,FALSE,"BH"
8671,0,0,0,FALSE,"BH"
8672,4,1,0.25,TRUE,"BH"
8673,2,0,0,FALSE,"BH"
8674,0,0,0,FALSE,"BH"
8675,3,0,0,FALSE,"BH"
8676,3,0,0,FALSE,"BH"
8677,2,0,0,FALSE,"BH"
8678,0,0,0,FALSE,"BH"
8679,1,0,0,FALSE,"BH"
8680,0,0,0,FALSE,"BH"
8681,0,0,0,FALSE,"BH"
8682,4,2,0.5,TRUE,"BH"
8683,3,1,0.333333333333333,TRUE,"BH"
8684,1,0,0,FALSE,"BH"
8685,2,0,0,FALSE,"BH"
8686,3,0,0,FALSE,"BH"
8687,0,0,0,FALSE,"BH"
8688,4,0,0,FALSE,"BH"
8689,2,0,0,FALSE,"BH"
8690,2,0,0,FALSE,"BH"
8691,0,0,0,FALSE,"BH"
8692,2,0,0,FALSE,"BH"
8693,3,1,0.333333333333333,TRUE,"BH"
8694,4,0,0,FALSE,"BH"
8695,0,0,0,FALSE,"BH"
8696,0,0,0,FALSE,"BH"
8697,3,0,0,FALSE,"BH"
8698,1,0,0,FALSE,"BH"
8699,3,1,0.333333333333333,TRUE,"BH"
8700,2,1,0.5,TRUE,"BH"
8701,1,0,0,FALSE,"BH"
8702,4,2,0.5,TRUE,"BH"
8703,1,1,1,TRUE,"BH"
8704,0,0,0,FALSE,"BH"
8705,0,0,0,FALSE,"BH"
8706,3,0,0,FALSE,"BH"
8707,1,0,0,FALSE,"BH"
8708,1,0,0,FALSE,"BH"
8709,1,0,0,FALSE,"BH"
8710,3,0,0,FALSE,"BH"
8711,4,1,0.25,TRUE,"BH"
8712,0,0,0,FALSE,"BH"
8713,0,0,0,FALSE,"BH"
8714,1,0,0,FALSE,"BH"
8715,2,1,0.5,TRUE,"BH"
8716,2,0,0,FALSE,"BH"
8717,1,0,0,FALSE,"BH"
8718,3,0,0,FALSE,"BH"
8719,2,1,0.5,TRUE,"BH"
8720,0,0,0,FALSE,"BH"
8721,0,0,0,FALSE,"BH"
8722,4,0,0,FALSE,"BH"
8723,4,0,0,FALSE,"BH"
8724,0,0,0,FALSE,"BH"
8725,2,0,0,FALSE,"BH"
8726,1,0,0,FALSE,"BH"
8727,0,0,0,FALSE,"BH"
8728,1,0,0,FALSE,"BH"
8729,0,0,0,FALSE,"BH"
8730,2,0,0,FALSE,"BH"
8731,0,0,0,FALSE,"BH"
8732,3,0,0,FALSE,"BH"
8733,2,0,0,FALSE,"BH"
8734,4,0,0,FALSE,"BH"
8735,0,0,0,FALSE,"BH"
8736,0,0,0,FALSE,"BH"
8737,1,0,0,FALSE,"BH"
8738,0,0,0,FALSE,"BH"
8739,0,0,0,FALSE,"BH"
8740,0,0,0,FALSE,"BH"
8741,1,0,0,FALSE,"BH"
8742,0,0,0,FALSE,"BH"
8743,2,0,0,FALSE,"BH"
8744,6,2,0.333333333333333,TRUE,"BH"
8745,1,0,0,FALSE,"BH"
8746,3,0,0,FALSE,"BH"
8747,2,0,0,FALSE,"BH"
8748,0,0,0,FALSE,"BH"
8749,0,0,0,FALSE,"BH"
8750,1,0,0,FALSE,"BH"
8751,0,0,0,FALSE,"BH"
8752,1,0,0,FALSE,"BH"
8753,4,0,0,FALSE,"BH"
8754,4,0,0,FALSE,"BH"
8755,0,0,0,FALSE,"BH"
8756,2,0,0,FALSE,"BH"
8757,0,0,0,FALSE,"BH"
8758,0,0,0,FALSE,"BH"
8759,2,0,0,FALSE,"BH"
8760,2,1,0.5,TRUE,"BH"
8761,0,0,0,FALSE,"BH"
8762,3,0,0,FALSE,"BH"
8763,1,0,0,FALSE,"BH"
8764,2,0,0,FALSE,"BH"
8765,0,0,0,FALSE,"BH"
8766,1,0,0,FALSE,"BH"
8767,4,0,0,FALSE,"BH"
8768,0,0,0,FALSE,"BH"
8769,1,0,0,FALSE,"BH"
8770,3,0,0,FALSE,"BH"
8771,0,0,0,FALSE,"BH"
8772,0,0,0,FALSE,"BH"
8773,0,0,0,FALSE,"BH"
8774,2,0,0,FALSE,"BH"
8775,2,1,0.5,TRUE,"BH"
8776,2,0,0,FALSE,"BH"
8777,2,0,0,FALSE,"BH"
8778,0,0,0,FALSE,"BH"
8779,0,0,0,FALSE,"BH"
8780,0,0,0,FALSE,"BH"
8781,0,0,0,FALSE,"BH"
8782,1,0,0,FALSE,"BH"
8783,2,0,0,FALSE,"BH"
8784,0,0,0,FALSE,"BH"
8785,0,0,0,FALSE,"BH"
8786,2,1,0.5,TRUE,"BH"
8787,4,1,0.25,TRUE,"BH"
8788,0,0,0,FALSE,"BH"
8789,3,0,0,FALSE,"BH"
8790,2,0,0,FALSE,"BH"
8791,2,0,0,FALSE,"BH"
8792,0,0,0,FALSE,"BH"
8793,4,0,0,FALSE,"BH"
8794,0,0,0,FALSE,"BH"
8795,0,0,0,FALSE,"BH"
8796,0,0,0,FALSE,"BH"
8797,1,0,0,FALSE,"BH"
8798,0,0,0,FALSE,"BH"
8799,1,0,0,FALSE,"BH"
8800,1,0,0,FALSE,"BH"
8801,2,0,0,FALSE,"BH"
8802,1,0,0,FALSE,"BH"
8803,1,0,0,FALSE,"BH"
8804,0,0,0,FALSE,"BH"
8805,4,1,0.25,TRUE,"BH"
8806,1,0,0,FALSE,"BH"
8807,1,0,0,FALSE,"BH"
8808,4,0,0,FALSE,"BH"
8809,0,0,0,FALSE,"BH"
8810,0,0,0,FALSE,"BH"
8811,2,0,0,FALSE,"BH"
8812,0,0,0,FALSE,"BH"
8813,2,0,0,FALSE,"BH"
8814,3,0,0,FALSE,"BH"
8815,4,0,0,FALSE,"BH"
8816,0,0,0,FALSE,"BH"
8817,0,0,0,FALSE,"BH"
8818,1,0,0,FALSE,"BH"
8819,4,0,0,FALSE,"BH"
8820,0,0,0,FALSE,"BH"
8821,2,0,0,FALSE,"BH"
8822,2,0,0,FALSE,"BH"
8823,2,0,0,FALSE,"BH"
8824,4,0,0,FALSE,"BH"
8825,1,1,1,TRUE,"BH"
8826,3,2,0.666666666666667,TRUE,"BH"
8827,0,0,0,FALSE,"BH"
8828,0,0,0,FALSE,"BH"
8829,2,0,0,FALSE,"BH"
8830,0,0,0,FALSE,"BH"
8831,1,0,0,FALSE,"BH"
8832,1,0,0,FALSE,"BH"
8833,0,0,0,FALSE,"BH"
8834,0,0,0,FALSE,"BH"
8835,1,0,0,FALSE,"BH"
8836,0,0,0,FALSE,"BH"
8837,1,0,0,FALSE,"BH"
8838,1,0,0,FALSE,"BH"
8839,0,0,0,FALSE,"BH"
8840,0,0,0,FALSE,"BH"
8841,0,0,0,FALSE,"BH"
8842,1,0,0,FALSE,"BH"
8843,1,0,0,FALSE,"BH"
8844,2,0,0,FALSE,"BH"
8845,2,0,0,FALSE,"BH"
8846,1,0,0,FALSE,"BH"
8847,0,0,0,FALSE,"BH"
8848,3,0,0,FALSE,"BH"
8849,4,0,0,FALSE,"BH"
8850,2,0,0,FALSE,"BH"
8851,3,0,0,FALSE,"BH"
8852,0,0,0,FALSE,"BH"
8853,0,0,0,FALSE,"BH"
8854,3,0,0,FALSE,"BH"
8855,1,0,0,FALSE,"BH"
8856,3,0,0,FALSE,"BH"
8857,3,1,0.333333333333333,TRUE,"BH"
8858,0,0,0,FALSE,"BH"
8859,3,0,0,FALSE,"BH"
8860,1,0,0,FALSE,"BH"
8861,2,0,0,FALSE,"BH"
8862,2,0,0,FALSE,"BH"
8863,1,0,0,FALSE,"BH"
8864,2,0,0,FALSE,"BH"
8865,4,1,0.25,TRUE,"BH"
8866,3,0,0,FALSE,"BH"
8867,4,1,0.25,TRUE,"BH"
8868,2,0,0,FALSE,"BH"
8869,2,0,0,FALSE,"BH"
8870,1,0,0,FALSE,"BH"
8871,2,0,0,FALSE,"BH"
8872,2,0,0,FALSE,"BH"
8873,0,0,0,FALSE,"BH"
8874,0,0,0,FALSE,"BH"
8875,1,0,0,FALSE,"BH"
8876,0,0,0,FALSE,"BH"
8877,0,0,0,FALSE,"BH"
8878,0,0,0,FALSE,"BH"
8879,1,0,0,FALSE,"BH"
8880,2,0,0,FALSE,"BH"
8881,1,0,0,FALSE,"BH"
8882,4,0,0,FALSE,"BH"
8883,2,0,0,FALSE,"BH"
8884,1,0,0,FALSE,"BH"
8885,2,0,0,FALSE,"BH"
8886,0,0,0,FALSE,"BH"
8887,0,0,0,FALSE,"BH"
8888,1,0,0,FALSE,"BH"
8889,3,0,0,FALSE,"BH"
8890,0,0,0,FALSE,"BH"
8891,0,0,0,FALSE,"BH"
8892,1,0,0,FALSE,"BH"
8893,1,0,0,FALSE,"BH"
8894,3,0,0,FALSE,"BH"
8895,2,0,0,FALSE,"BH"
8896,1,0,0,FALSE,"BH"
8897,2,0,0,FALSE,"BH"
8898,1,0,0,FALSE,"BH"
8899,1,0,0,FALSE,"BH"
8900,0,0,0,FALSE,"BH"
8901,1,0,0,FALSE,"BH"
8902,2,0,0,FALSE,"BH"
8903,2,0,0,FALSE,"BH"
8904,3,0,0,FALSE,"BH"
8905,1,0,0,FALSE,"BH"
8906,3,0,0,FALSE,"BH"
8907,2,0,0,FALSE,"BH"
8908,1,0,0,FALSE,"BH"
8909,2,0,0,FALSE,"BH"
8910,0,0,0,FALSE,"BH"
8911,2,0,0,FALSE,"BH"
8912,0,0,0,FALSE,"BH"
8913,1,0,0,FALSE,"BH"
8914,3,0,0,FALSE,"BH"
8915,0,0,0,FALSE,"BH"
8916,2,0,0,FALSE,"BH"
8917,3,0,0,FALSE,"BH"
8918,0,0,0,FALSE,"BH"
8919,3,0,0,FALSE,"BH"
8920,2,0,0,FALSE,"BH"
8921,0,0,0,FALSE,"BH"
8922,2,0,0,FALSE,"BH"
8923,1,0,0,FALSE,"BH"
8924,4,0,0,FALSE,"BH"
8925,2,0,0,FALSE,"BH"
8926,1,1,1,TRUE,"BH"
8927,3,0,0,FALSE,"BH"
8928,0,0,0,FALSE,"BH"
8929,1,0,0,FALSE,"BH"
8930,2,0,0,FALSE,"BH"
8931,1,0,0,FALSE,"BH"
8932,1,0,0,FALSE,"BH"
8933,0,0,0,FALSE,"BH"
8934,2,0,0,FALSE,"BH"
8935,4,1,0.25,TRUE,"BH"
8936,0,0,0,FALSE,"BH"
8937,0,0,0,FALSE,"BH"
8938,2,0,0,FALSE,"BH"
8939,1,0,0,FALSE,"BH"
8940,1,0,0,FALSE,"BH"
8941,0,0,0,FALSE,"BH"
8942,1,0,0,FALSE,"BH"
8943,1,0,0,FALSE,"BH"
8944,5,1,0.2,TRUE,"BH"
8945,0,0,0,FALSE,"BH"
8946,2,0,0,FALSE,"BH"
8947,1,0,0,FALSE,"BH"
8948,1,0,0,FALSE,"BH"
8949,2,0,0,FALSE,"BH"
8950,0,0,0,FALSE,"BH"
8951,0,0,0,FALSE,"BH"
8952,1,0,0,FALSE,"BH"
8953,0,0,0,FALSE,"BH"
8954,0,0,0,FALSE,"BH"
8955,0,0,0,FALSE,"BH"
8956,0,0,0,FALSE,"BH"
8957,2,1,0.5,TRUE,"BH"
8958,0,0,0,FALSE,"BH"
8959,0,0,0,FALSE,"BH"
8960,1,0,0,FALSE,"BH"
8961,4,2,0.5,TRUE,"BH"
8962,0,0,0,FALSE,"BH"
8963,1,0,0,FALSE,"BH"
8964,4,0,0,FALSE,"BH"
8965,0,0,0,FALSE,"BH"
8966,0,0,0,FALSE,"BH"
8967,4,0,0,FALSE,"BH"
8968,1,0,0,FALSE,"BH"
8969,1,0,0,FALSE,"BH"
8970,0,0,0,FALSE,"BH"
8971,0,0,0,FALSE,"BH"
8972,3,0,0,FALSE,"BH"
8973,0,0,0,FALSE,"BH"
8974,1,0,0,FALSE,"BH"
8975,0,0,0,FALSE,"BH"
8976,1,0,0,FALSE,"BH"
8977,0,0,0,FALSE,"BH"
8978,3,0,0,FALSE,"BH"
8979,0,0,0,FALSE,"BH"
8980,0,0,0,FALSE,"BH"
8981,3,0,0,FALSE,"BH"
8982,2,0,0,FALSE,"BH"
8983,1,0,0,FALSE,"BH"
8984,0,0,0,FALSE,"BH"
8985,2,0,0,FALSE,"BH"
8986,0,0,0,FALSE,"BH"
8987,1,0,0,FALSE,"BH"
8988,1,0,0,FALSE,"BH"
8989,3,0,0,FALSE,"BH"
8990,1,0,0,FALSE,"BH"
8991,2,0,0,FALSE,"BH"
8992,0,0,0,FALSE,"BH"
8993,2,0,0,FALSE,"BH"
8994,0,0,0,FALSE,"BH"
8995,3,0,0,FALSE,"BH"
8996,0,0,0,FALSE,"BH"
8997,0,0,0,FALSE,"BH"
8998,4,2,0.5,TRUE,"BH"
8999,1,0,0,FALSE,"BH"
9000,2,0,0,FALSE,"BH"
9001,2,1,0.5,TRUE,"BH"
9002,0,0,0,FALSE,"BH"
9003,0,0,0,FALSE,"BH"
9004,1,0,0,FALSE,"BH"
9005,0,0,0,FALSE,"BH"
9006,0,0,0,FALSE,"BH"
9007,0,0,0,FALSE,"BH"
9008,0,0,0,FALSE,"BH"
9009,2,0,0,FALSE,"BH"
9010,5,1,0.2,TRUE,"BH"
9011,2,0,0,FALSE,"BH"
9012,2,0,0,FALSE,"BH"
9013,2,0,0,FALSE,"BH"
9014,0,0,0,FALSE,"BH"
9015,2,0,0,FALSE,"BH"
9016,2,1,0.5,TRUE,"BH"
9017,0,0,0,FALSE,"BH"
9018,0,0,0,FALSE,"BH"
9019,0,0,0,FALSE,"BH"
9020,1,0,0,FALSE,"BH"
9021,2,0,0,FALSE,"BH"
9022,4,2,0.5,TRUE,"BH"
9023,4,0,0,FALSE,"BH"
9024,5,2,0.4,TRUE,"BH"
9025,2,0,0,FALSE,"BH"
9026,0,0,0,FALSE,"BH"
9027,1,0,0,FALSE,"BH"
9028,0,0,0,FALSE,"BH"
9029,1,0,0,FALSE,"BH"
9030,2,1,0.5,TRUE,"BH"
9031,3,0,0,FALSE,"BH"
9032,1,0,0,FALSE,"BH"
9033,1,0,0,FALSE,"BH"
9034,4,0,0,FALSE,"BH"
9035,1,0,0,FALSE,"BH"
9036,3,0,0,FALSE,"BH"
9037,0,0,0,FALSE,"BH"
9038,0,0,0,FALSE,"BH"
9039,2,0,0,FALSE,"BH"
9040,2,0,0,FALSE,"BH"
9041,1,0,0,FALSE,"BH"
9042,1,0,0,FALSE,"BH"
9043,0,0,0,FALSE,"BH"
9044,1,0,0,FALSE,"BH"
9045,1,1,1,TRUE,"BH"
9046,1,0,0,FALSE,"BH"
9047,2,0,0,FALSE,"BH"
9048,2,0,0,FALSE,"BH"
9049,4,0,0,FALSE,"BH"
9050,0,0,0,FALSE,"BH"
9051,1,0,0,FALSE,"BH"
9052,0,0,0,FALSE,"BH"
9053,1,0,0,FALSE,"BH"
9054,4,0,0,FALSE,"BH"
9055,0,0,0,FALSE,"BH"
9056,3,0,0,FALSE,"BH"
9057,1,0,0,FALSE,"BH"
9058,3,0,0,FALSE,"BH"
9059,1,0,0,FALSE,"BH"
9060,3,0,0,FALSE,"BH"
9061,1,1,1,TRUE,"BH"
9062,3,0,0,FALSE,"BH"
9063,4,0,0,FALSE,"BH"
9064,2,1,0.5,TRUE,"BH"
9065,1,0,0,FALSE,"BH"
9066,0,0,0,FALSE,"BH"
9067,3,0,0,FALSE,"BH"
9068,4,1,0.25,TRUE,"BH"
9069,1,0,0,FALSE,"BH"
9070,2,0,0,FALSE,"BH"
9071,0,0,0,FALSE,"BH"
9072,0,0,0,FALSE,"BH"
9073,2,1,0.5,TRUE,"BH"
9074,4,0,0,FALSE,"BH"
9075,1,0,0,FALSE,"BH"
9076,0,0,0,FALSE,"BH"
9077,4,1,0.25,TRUE,"BH"
9078,0,0,0,FALSE,"BH"
9079,2,0,0,FALSE,"BH"
9080,2,0,0,FALSE,"BH"
9081,2,0,0,FALSE,"BH"
9082,5,1,0.2,TRUE,"BH"
9083,3,0,0,FALSE,"BH"
9084,0,0,0,FALSE,"BH"
9085,2,0,0,FALSE,"BH"
9086,3,0,0,FALSE,"BH"
9087,3,0,0,FALSE,"BH"
9088,0,0,0,FALSE,"BH"
9089,3,0,0,FALSE,"BH"
9090,1,0,0,FALSE,"BH"
9091,2,0,0,FALSE,"BH"
9092,5,1,0.2,TRUE,"BH"
9093,0,0,0,FALSE,"BH"
9094,1,0,0,FALSE,"BH"
9095,1,0,0,FALSE,"BH"
9096,0,0,0,FALSE,"BH"
9097,1,0,0,FALSE,"BH"
9098,2,0,0,FALSE,"BH"
9099,3,0,0,FALSE,"BH"
9100,3,0,0,FALSE,"BH"
9101,0,0,0,FALSE,"BH"
9102,1,0,0,FALSE,"BH"
9103,3,0,0,FALSE,"BH"
9104,1,0,0,FALSE,"BH"
9105,3,0,0,FALSE,"BH"
9106,0,0,0,FALSE,"BH"
9107,0,0,0,FALSE,"BH"
9108,1,0,0,FALSE,"BH"
9109,3,0,0,FALSE,"BH"
9110,1,0,0,FALSE,"BH"
9111,1,0,0,FALSE,"BH"
9112,1,0,0,FALSE,"BH"
9113,0,0,0,FALSE,"BH"
9114,1,0,0,FALSE,"BH"
9115,0,0,0,FALSE,"BH"
9116,0,0,0,FALSE,"BH"
9117,1,0,0,FALSE,"BH"
9118,3,0,0,FALSE,"BH"
9119,4,0,0,FALSE,"BH"
9120,3,0,0,FALSE,"BH"
9121,0,0,0,FALSE,"BH"
9122,0,0,0,FALSE,"BH"
9123,2,0,0,FALSE,"BH"
9124,3,0,0,FALSE,"BH"
9125,3,0,0,FALSE,"BH"
9126,0,0,0,FALSE,"BH"
9127,1,0,0,FALSE,"BH"
9128,0,0,0,FALSE,"BH"
9129,0,0,0,FALSE,"BH"
9130,4,0,0,FALSE,"BH"
9131,1,0,0,FALSE,"BH"
9132,2,0,0,FALSE,"BH"
9133,0,0,0,FALSE,"BH"
9134,0,0,0,FALSE,"BH"
9135,1,0,0,FALSE,"BH"
9136,4,0,0,FALSE,"BH"
9137,3,1,0.333333333333333,TRUE,"BH"
9138,1,0,0,FALSE,"BH"
9139,0,0,0,FALSE,"BH"
9140,0,0,0,FALSE,"BH"
9141,2,1,0.5,TRUE,"BH"
9142,2,0,0,FALSE,"BH"
9143,3,0,0,FALSE,"BH"
9144,0,0,0,FALSE,"BH"
9145,1,0,0,FALSE,"BH"
9146,1,0,0,FALSE,"BH"
9147,3,1,0.333333333333333,TRUE,"BH"
9148,0,0,0,FALSE,"BH"
9149,2,0,0,FALSE,"BH"
9150,2,0,0,FALSE,"BH"
9151,3,1,0.333333333333333,TRUE,"BH"
9152,2,0,0,FALSE,"BH"
9153,0,0,0,FALSE,"BH"
9154,2,1,0.5,TRUE,"BH"
9155,0,0,0,FALSE,"BH"
9156,0,0,0,FALSE,"BH"
9157,0,0,0,FALSE,"BH"
9158,0,0,0,FALSE,"BH"
9159,3,0,0,FALSE,"BH"
9160,2,0,0,FALSE,"BH"
9161,0,0,0,FALSE,"BH"
9162,0,0,0,FALSE,"BH"
9163,1,0,0,FALSE,"BH"
9164,1,0,0,FALSE,"BH"
9165,3,1,0.333333333333333,TRUE,"BH"
9166,1,0,0,FALSE,"BH"
9167,0,0,0,FALSE,"BH"
9168,2,1,0.5,TRUE,"BH"
9169,0,0,0,FALSE,"BH"
9170,4,0,0,FALSE,"BH"
9171,2,0,0,FALSE,"BH"
9172,3,0,0,FALSE,"BH"
9173,2,0,0,FALSE,"BH"
9174,0,0,0,FALSE,"BH"
9175,3,0,0,FALSE,"BH"
9176,0,0,0,FALSE,"BH"
9177,1,0,0,FALSE,"BH"
9178,3,0,0,FALSE,"BH"
9179,4,1,0.25,TRUE,"BH"
9180,2,0,0,FALSE,"BH"
9181,1,0,0,FALSE,"BH"
9182,0,0,0,FALSE,"BH"
9183,1,0,0,FALSE,"BH"
9184,2,0,0,FALSE,"BH"
9185,0,0,0,FALSE,"BH"
9186,1,0,0,FALSE,"BH"
9187,0,0,0,FALSE,"BH"
9188,0,0,0,FALSE,"BH"
9189,2,0,0,FALSE,"BH"
9190,4,1,0.25,TRUE,"BH"
9191,0,0,0,FALSE,"BH"
9192,2,0,0,FALSE,"BH"
9193,1,0,0,FALSE,"BH"
9194,5,1,0.2,TRUE,"BH"
9195,1,0,0,FALSE,"BH"
9196,1,0,0,FALSE,"BH"
9197,2,0,0,FALSE,"BH"
9198,2,0,0,FALSE,"BH"
9199,1,0,0,FALSE,"BH"
9200,0,0,0,FALSE,"BH"
9201,3,0,0,FALSE,"BH"
9202,2,0,0,FALSE,"BH"
9203,0,0,0,FALSE,"BH"
9204,1,0,0,FALSE,"BH"
9205,1,1,1,TRUE,"BH"
9206,2,0,0,FALSE,"BH"
9207,0,0,0,FALSE,"BH"
9208,1,0,0,FALSE,"BH"
9209,1,0,0,FALSE,"BH"
9210,1,0,0,FALSE,"BH"
9211,0,0,0,FALSE,"BH"
9212,2,0,0,FALSE,"BH"
9213,1,0,0,FALSE,"BH"
9214,5,1,0.2,TRUE,"BH"
9215,5,1,0.2,TRUE,"BH"
9216,3,0,0,FALSE,"BH"
9217,0,0,0,FALSE,"BH"
9218,2,0,0,FALSE,"BH"
9219,1,0,0,FALSE,"BH"
9220,1,0,0,FALSE,"BH"
9221,0,0,0,FALSE,"BH"
9222,1,0,0,FALSE,"BH"
9223,4,1,0.25,TRUE,"BH"
9224,1,0,0,FALSE,"BH"
9225,2,0,0,FALSE,"BH"
9226,3,1,0.333333333333333,TRUE,"BH"
9227,1,0,0,FALSE,"BH"
9228,1,0,0,FALSE,"BH"
9229,0,0,0,FALSE,"BH"
9230,1,0,0,FALSE,"BH"
9231,1,0,0,FALSE,"BH"
9232,3,0,0,FALSE,"BH"
9233,4,0,0,FALSE,"BH"
9234,4,1,0.25,TRUE,"BH"
9235,0,0,0,FALSE,"BH"
9236,1,0,0,FALSE,"BH"
9237,4,0,0,FALSE,"BH"
9238,1,0,0,FALSE,"BH"
9239,2,0,0,FALSE,"BH"
9240,0,0,0,FALSE,"BH"
9241,0,0,0,FALSE,"BH"
9242,1,0,0,FALSE,"BH"
9243,2,0,0,FALSE,"BH"
9244,1,0,0,FALSE,"BH"
9245,2,0,0,FALSE,"BH"
9246,3,0,0,FALSE,"BH"
9247,0,0,0,FALSE,"BH"
9248,1,0,0,FALSE,"BH"
9249,0,0,0,FALSE,"BH"
9250,3,0,0,FALSE,"BH"
9251,2,0,0,FALSE,"BH"
9252,2,0,0,FALSE,"BH"
9253,1,0,0,FALSE,"BH"
9254,0,0,0,FALSE,"BH"
9255,4,0,0,FALSE,"BH"
9256,2,0,0,FALSE,"BH"
9257,3,0,0,FALSE,"BH"
9258,0,0,0,FALSE,"BH"
9259,2,0,0,FALSE,"BH"
9260,0,0,0,FALSE,"BH"
9261,0,0,0,FALSE,"BH"
9262,3,1,0.333333333333333,TRUE,"BH"
9263,6,3,0.5,TRUE,"BH"
9264,1,0,0,FALSE,"BH"
9265,0,0,0,FALSE,"BH"
9266,1,0,0,FALSE,"BH"
9267,3,0,0,FALSE,"BH"
9268,0,0,0,FALSE,"BH"
9269,3,0,0,FALSE,"BH"
9270,0,0,0,FALSE,"BH"
9271,0,0,0,FALSE,"BH"
9272,2,1,0.5,TRUE,"BH"
9273,0,0,0,FALSE,"BH"
9274,3,0,0,FALSE,"BH"
9275,3,0,0,FALSE,"BH"
9276,2,0,0,FALSE,"BH"
9277,2,0,0,FALSE,"BH"
9278,3,0,0,FALSE,"BH"
9279,2,0,0,FALSE,"BH"
9280,3,0,0,FALSE,"BH"
9281,3,0,0,FALSE,"BH"
9282,3,0,0,FALSE,"BH"
9283,2,0,0,FALSE,"BH"
9284,4,1,0.25,TRUE,"BH"
9285,1,0,0,FALSE,"BH"
9286,1,0,0,FALSE,"BH"
9287,2,0,0,FALSE,"BH"
9288,2,0,0,FALSE,"BH"
9289,0,0,0,FALSE,"BH"
9290,0,0,0,FALSE,"BH"
9291,2,0,0,FALSE,"BH"
9292,0,0,0,FALSE,"BH"
9293,1,0,0,FALSE,"BH"
9294,2,0,0,FALSE,"BH"
9295,0,0,0,FALSE,"BH"
9296,1,0,0,FALSE,"BH"
9297,4,1,0.25,TRUE,"BH"
9298,1,0,0,FALSE,"BH"
9299,0,0,0,FALSE,"BH"
9300,1,0,0,FALSE,"BH"
9301,0,0,0,FALSE,"BH"
9302,1,0,0,FALSE,"BH"
9303,2,0,0,FALSE,"BH"
9304,1,0,0,FALSE,"BH"
9305,3,0,0,FALSE,"BH"
9306,4,1,0.25,TRUE,"BH"
9307,4,0,0,FALSE,"BH"
9308,1,0,0,FALSE,"BH"
9309,2,0,0,FALSE,"BH"
9310,0,0,0,FALSE,"BH"
9311,1,0,0,FALSE,"BH"
9312,4,1,0.25,TRUE,"BH"
9313,1,0,0,FALSE,"BH"
9314,1,0,0,FALSE,"BH"
9315,2,0,0,FALSE,"BH"
9316,0,0,0,FALSE,"BH"
9317,2,1,0.5,TRUE,"BH"
9318,2,0,0,FALSE,"BH"
9319,1,0,0,FALSE,"BH"
9320,0,0,0,FALSE,"BH"
9321,2,0,0,FALSE,"BH"
9322,1,0,0,FALSE,"BH"
9323,0,0,0,FALSE,"BH"
9324,1,0,0,FALSE,"BH"
9325,0,0,0,FALSE,"BH"
9326,1,0,0,FALSE,"BH"
9327,4,1,0.25,TRUE,"BH"
9328,1,1,1,TRUE,"BH"
9329,3,0,0,FALSE,"BH"
9330,0,0,0,FALSE,"BH"
9331,0,0,0,FALSE,"BH"
9332,2,0,0,FALSE,"BH"
9333,0,0,0,FALSE,"BH"
9334,3,0,0,FALSE,"BH"
9335,3,0,0,FALSE,"BH"
9336,1,0,0,FALSE,"BH"
9337,0,0,0,FALSE,"BH"
9338,0,0,0,FALSE,"BH"
9339,2,0,0,FALSE,"BH"
9340,2,0,0,FALSE,"BH"
9341,1,0,0,FALSE,"BH"
9342,0,0,0,FALSE,"BH"
9343,0,0,0,FALSE,"BH"
9344,2,0,0,FALSE,"BH"
9345,2,0,0,FALSE,"BH"
9346,0,0,0,FALSE,"BH"
9347,3,1,0.333333333333333,TRUE,"BH"
9348,1,0,0,FALSE,"BH"
9349,1,0,0,FALSE,"BH"
9350,2,0,0,FALSE,"BH"
9351,2,0,0,FALSE,"BH"
9352,1,0,0,FALSE,"BH"
9353,2,0,0,FALSE,"BH"
9354,1,0,0,FALSE,"BH"
9355,3,0,0,FALSE,"BH"
9356,2,1,0.5,TRUE,"BH"
9357,2,0,0,FALSE,"BH"
9358,0,0,0,FALSE,"BH"
9359,1,0,0,FALSE,"BH"
9360,0,0,0,FALSE,"BH"
9361,1,0,0,FALSE,"BH"
9362,2,0,0,FALSE,"BH"
9363,2,0,0,FALSE,"BH"
9364,0,0,0,FALSE,"BH"
9365,0,0,0,FALSE,"BH"
9366,1,0,0,FALSE,"BH"
9367,3,0,0,FALSE,"BH"
9368,1,0,0,FALSE,"BH"
9369,2,0,0,FALSE,"BH"
9370,3,0,0,FALSE,"BH"
9371,4,1,0.25,TRUE,"BH"
9372,0,0,0,FALSE,"BH"
9373,0,0,0,FALSE,"BH"
9374,3,1,0.333333333333333,TRUE,"BH"
9375,3,0,0,FALSE,"BH"
9376,0,0,0,FALSE,"BH"
9377,0,0,0,FALSE,"BH"
9378,2,0,0,FALSE,"BH"
9379,3,0,0,FALSE,"BH"
9380,0,0,0,FALSE,"BH"
9381,3,0,0,FALSE,"BH"
9382,3,0,0,FALSE,"BH"
9383,1,0,0,FALSE,"BH"
9384,0,0,0,FALSE,"BH"
9385,2,0,0,FALSE,"BH"
9386,4,0,0,FALSE,"BH"
9387,0,0,0,FALSE,"BH"
9388,0,0,0,FALSE,"BH"
9389,4,0,0,FALSE,"BH"
9390,3,0,0,FALSE,"BH"
9391,2,0,0,FALSE,"BH"
9392,3,0,0,FALSE,"BH"
9393,3,0,0,FALSE,"BH"
9394,2,0,0,FALSE,"BH"
9395,2,0,0,FALSE,"BH"
9396,3,0,0,FALSE,"BH"
9397,0,0,0,FALSE,"BH"
9398,1,1,1,TRUE,"BH"
9399,1,0,0,FALSE,"BH"
9400,2,0,0,FALSE,"BH"
9401,1,0,0,FALSE,"BH"
9402,0,0,0,FALSE,"BH"
9403,0,0,0,FALSE,"BH"
9404,0,0,0,FALSE,"BH"
9405,4,0,0,FALSE,"BH"
9406,2,0,0,FALSE,"BH"
9407,0,0,0,FALSE,"BH"
9408,1,1,1,TRUE,"BH"
9409,2,1,0.5,TRUE,"BH"
9410,2,0,0,FALSE,"BH"
9411,3,0,0,FALSE,"BH"
9412,2,0,0,FALSE,"BH"
9413,1,0,0,FALSE,"BH"
9414,4,0,0,FALSE,"BH"
9415,2,0,0,FALSE,"BH"
9416,4,1,0.25,TRUE,"BH"
9417,2,0,0,FALSE,"BH"
9418,1,0,0,FALSE,"BH"
9419,0,0,0,FALSE,"BH"
9420,2,0,0,FALSE,"BH"
9421,1,0,0,FALSE,"BH"
9422,2,0,0,FALSE,"BH"
9423,3,0,0,FALSE,"BH"
9424,0,0,0,FALSE,"BH"
9425,0,0,0,FALSE,"BH"
9426,0,0,0,FALSE,"BH"
9427,1,0,0,FALSE,"BH"
9428,0,0,0,FALSE,"BH"
9429,1,1,1,TRUE,"BH"
9430,3,0,0,FALSE,"BH"
9431,3,0,0,FALSE,"BH"
9432,1,0,0,FALSE,"BH"
9433,2,0,0,FALSE,"BH"
9434,0,0,0,FALSE,"BH"
9435,1,0,0,FALSE,"BH"
9436,0,0,0,FALSE,"BH"
9437,0,0,0,FALSE,"BH"
9438,1,0,0,FALSE,"BH"
9439,1,0,0,FALSE,"BH"
9440,2,0,0,FALSE,"BH"
9441,0,0,0,FALSE,"BH"
9442,3,1,0.333333333333333,TRUE,"BH"
9443,0,0,0,FALSE,"BH"
9444,0,0,0,FALSE,"BH"
9445,1,0,0,FALSE,"BH"
9446,0,0,0,FALSE,"BH"
9447,1,0,0,FALSE,"BH"
9448,0,0,0,FALSE,"BH"
9449,3,0,0,FALSE,"BH"
9450,0,0,0,FALSE,"BH"
9451,0,0,0,FALSE,"BH"
9452,1,0,0,FALSE,"BH"
9453,1,0,0,FALSE,"BH"
9454,1,0,0,FALSE,"BH"
9455,0,0,0,FALSE,"BH"
9456,4,0,0,FALSE,"BH"
9457,2,0,0,FALSE,"BH"
9458,3,0,0,FALSE,"BH"
9459,3,0,0,FALSE,"BH"
9460,2,0,0,FALSE,"BH"
9461,0,0,0,FALSE,"BH"
9462,4,0,0,FALSE,"BH"
9463,3,0,0,FALSE,"BH"
9464,3,0,0,FALSE,"BH"
9465,0,0,0,FALSE,"BH"
9466,0,0,0,FALSE,"BH"
9467,0,0,0,FALSE,"BH"
9468,0,0,0,FALSE,"BH"
9469,2,0,0,FALSE,"BH"
9470,0,0,0,FALSE,"BH"
9471,4,0,0,FALSE,"BH"
9472,1,0,0,FALSE,"BH"
9473,1,0,0,FALSE,"BH"
9474,3,0,0,FALSE,"BH"
9475,0,0,0,FALSE,"BH"
9476,0,0,0,FALSE,"BH"
9477,0,0,0,FALSE,"BH"
9478,2,1,0.5,TRUE,"BH"
9479,0,0,0,FALSE,"BH"
9480,2,0,0,FALSE,"BH"
9481,1,0,0,FALSE,"BH"
9482,0,0,0,FALSE,"BH"
9483,2,0,0,FALSE,"BH"
9484,3,1,0.333333333333333,TRUE,"BH"
9485,2,0,0,FALSE,"BH"
9486,0,0,0,FALSE,"BH"
9487,2,0,0,FALSE,"BH"
9488,0,0,0,FALSE,"BH"
9489,2,0,0,FALSE,"BH"
9490,0,0,0,FALSE,"BH"
9491,1,0,0,FALSE,"BH"
9492,0,0,0,FALSE,"BH"
9493,1,0,0,FALSE,"BH"
9494,0,0,0,FALSE,"BH"
9495,1,0,0,FALSE,"BH"
9496,4,0,0,FALSE,"BH"
9497,0,0,0,FALSE,"BH"
9498,3,0,0,FALSE,"BH"
9499,0,0,0,FALSE,"BH"
9500,2,0,0,FALSE,"BH"
9501,0,0,0,FALSE,"BH"
9502,1,0,0,FALSE,"BH"
9503,0,0,0,FALSE,"BH"
9504,1,0,0,FALSE,"BH"
9505,1,0,0,FALSE,"BH"
9506,4,0,0,FALSE,"BH"
9507,2,0,0,FALSE,"BH"
9508,0,0,0,FALSE,"BH"
9509,0,0,0,FALSE,"BH"
9510,2,0,0,FALSE,"BH"
9511,2,0,0,FALSE,"BH"
9512,0,0,0,FALSE,"BH"
9513,0,0,0,FALSE,"BH"
9514,5,1,0.2,TRUE,"BH"
9515,1,0,0,FALSE,"BH"
9516,3,0,0,FALSE,"BH"
9517,1,0,0,FALSE,"BH"
9518,3,0,0,FALSE,"BH"
9519,0,0,0,FALSE,"BH"
9520,0,0,0,FALSE,"BH"
9521,1,0,0,FALSE,"BH"
9522,2,0,0,FALSE,"BH"
9523,2,0,0,FALSE,"BH"
9524,0,0,0,FALSE,"BH"
9525,0,0,0,FALSE,"BH"
9526,0,0,0,FALSE,"BH"
9527,0,0,0,FALSE,"BH"
9528,0,0,0,FALSE,"BH"
9529,3,0,0,FALSE,"BH"
9530,0,0,0,FALSE,"BH"
9531,1,1,1,TRUE,"BH"
9532,2,0,0,FALSE,"BH"
9533,1,0,0,FALSE,"BH"
9534,1,0,0,FALSE,"BH"
9535,1,0,0,FALSE,"BH"
9536,0,0,0,FALSE,"BH"
9537,3,0,0,FALSE,"BH"
9538,4,0,0,FALSE,"BH"
9539,2,0,0,FALSE,"BH"
9540,2,0,0,FALSE,"BH"
9541,0,0,0,FALSE,"BH"
9542,2,0,0,FALSE,"BH"
9543,0,0,0,FALSE,"BH"
9544,0,0,0,FALSE,"BH"
9545,0,0,0,FALSE,"BH"
9546,2,0,0,FALSE,"BH"
9547,2,0,0,FALSE,"BH"
9548,0,0,0,FALSE,"BH"
9549,0,0,0,FALSE,"BH"
9550,0,0,0,FALSE,"BH"
9551,0,0,0,FALSE,"BH"
9552,0,0,0,FALSE,"BH"
9553,2,1,0.5,TRUE,"BH"
9554,3,0,0,FALSE,"BH"
9555,1,0,0,FALSE,"BH"
9556,3,0,0,FALSE,"BH"
9557,0,0,0,FALSE,"BH"
9558,3,0,0,FALSE,"BH"
9559,3,0,0,FALSE,"BH"
9560,1,0,0,FALSE,"BH"
9561,3,0,0,FALSE,"BH"
9562,3,1,0.333333333333333,TRUE,"BH"
9563,0,0,0,FALSE,"BH"
9564,0,0,0,FALSE,"BH"
9565,0,0,0,FALSE,"BH"
9566,1,1,1,TRUE,"BH"
9567,2,0,0,FALSE,"BH"
9568,2,1,0.5,TRUE,"BH"
9569,0,0,0,FALSE,"BH"
9570,0,0,0,FALSE,"BH"
9571,3,0,0,FALSE,"BH"
9572,2,1,0.5,TRUE,"BH"
9573,1,0,0,FALSE,"BH"
9574,0,0,0,FALSE,"BH"
9575,1,0,0,FALSE,"BH"
9576,1,0,0,FALSE,"BH"
9577,2,0,0,FALSE,"BH"
9578,2,0,0,FALSE,"BH"
9579,2,0,0,FALSE,"BH"
9580,1,0,0,FALSE,"BH"
9581,2,1,0.5,TRUE,"BH"
9582,3,0,0,FALSE,"BH"
9583,0,0,0,FALSE,"BH"
9584,1,0,0,FALSE,"BH"
9585,3,0,0,FALSE,"BH"
9586,3,0,0,FALSE,"BH"
9587,0,0,0,FALSE,"BH"
9588,0,0,0,FALSE,"BH"
9589,4,1,0.25,TRUE,"BH"
9590,0,0,0,FALSE,"BH"
9591,0,0,0,FALSE,"BH"
9592,6,2,0.333333333333333,TRUE,"BH"
9593,0,0,0,FALSE,"BH"
9594,1,0,0,FALSE,"BH"
9595,2,0,0,FALSE,"BH"
9596,1,0,0,FALSE,"BH"
9597,0,0,0,FALSE,"BH"
9598,1,0,0,FALSE,"BH"
9599,0,0,0,FALSE,"BH"
9600,2,0,0,FALSE,"BH"
9601,2,0,0,FALSE,"BH"
9602,2,0,0,FALSE,"BH"
9603,2,0,0,FALSE,"BH"
9604,3,1,0.333333333333333,TRUE,"BH"
9605,3,0,0,FALSE,"BH"
9606,0,0,0,FALSE,"BH"
9607,2,0,0,FALSE,"BH"
9608,2,0,0,FALSE,"BH"
9609,2,0,0,FALSE,"BH"
9610,3,0,0,FALSE,"BH"
9611,1,0,0,FALSE,"BH"
9612,3,0,0,FALSE,"BH"
9613,3,0,0,FALSE,"BH"
9614,2,0,0,FALSE,"BH"
9615,0,0,0,FALSE,"BH"
9616,0,0,0,FALSE,"BH"
9617,2,0,0,FALSE,"BH"
9618,2,0,0,FALSE,"BH"
9619,1,0,0,FALSE,"BH"
9620,0,0,0,FALSE,"BH"
9621,1,0,0,FALSE,"BH"
9622,1,0,0,FALSE,"BH"
9623,3,0,0,FALSE,"BH"
9624,2,0,0,FALSE,"BH"
9625,3,1,0.333333333333333,TRUE,"BH"
9626,4,0,0,FALSE,"BH"
9627,0,0,0,FALSE,"BH"
9628,0,0,0,FALSE,"BH"
9629,1,0,0,FALSE,"BH"
9630,6,3,0.5,TRUE,"BH"
9631,2,0,0,FALSE,"BH"
9632,2,0,0,FALSE,"BH"
9633,2,0,0,FALSE,"BH"
9634,1,0,0,FALSE,"BH"
9635,1,0,0,FALSE,"BH"
9636,0,0,0,FALSE,"BH"
9637,0,0,0,FALSE,"BH"
9638,1,0,0,FALSE,"BH"
9639,1,0,0,FALSE,"BH"
9640,1,0,0,FALSE,"BH"
9641,0,0,0,FALSE,"BH"
9642,2,0,0,FALSE,"BH"
9643,1,0,0,FALSE,"BH"
9644,0,0,0,FALSE,"BH"
9645,2,0,0,FALSE,"BH"
9646,0,0,0,FALSE,"BH"
9647,3,0,0,FALSE,"BH"
9648,2,1,0.5,TRUE,"BH"
9649,2,0,0,FALSE,"BH"
9650,2,0,0,FALSE,"BH"
9651,3,0,0,FALSE,"BH"
9652,3,0,0,FALSE,"BH"
9653,1,0,0,FALSE,"BH"
9654,0,0,0,FALSE,"BH"
9655,2,0,0,FALSE,"BH"
9656,0,0,0,FALSE,"BH"
9657,2,0,0,FALSE,"BH"
9658,0,0,0,FALSE,"BH"
9659,3,1,0.333333333333333,TRUE,"BH"
9660,2,0,0,FALSE,"BH"
9661,2,0,0,FALSE,"BH"
9662,0,0,0,FALSE,"BH"
9663,2,1,0.5,TRUE,"BH"
9664,2,0,0,FALSE,"BH"
9665,1,0,0,FALSE,"BH"
9666,1,0,0,FALSE,"BH"
9667,1,0,0,FALSE,"BH"
9668,0,0,0,FALSE,"BH"
9669,0,0,0,FALSE,"BH"
9670,0,0,0,FALSE,"BH"
9671,1,0,0,FALSE,"BH"
9672,0,0,0,FALSE,"BH"
9673,0,0,0,FALSE,"BH"
9674,0,0,0,FALSE,"BH"
9675,1,0,0,FALSE,"BH"
9676,2,0,0,FALSE,"BH"
9677,1,0,0,FALSE,"BH"
9678,1,0,0,FALSE,"BH"
9679,2,0,0,FALSE,"BH"
9680,0,0,0,FALSE,"BH"
9681,3,0,0,FALSE,"BH"
9682,3,0,0,FALSE,"BH"
9683,1,0,0,FALSE,"BH"
9684,0,0,0,FALSE,"BH"
9685,2,0,0,FALSE,"BH"
9686,0,0,0,FALSE,"BH"
9687,0,0,0,FALSE,"BH"
9688,0,0,0,FALSE,"BH"
9689,1,0,0,FALSE,"BH"
9690,3,0,0,FALSE,"BH"
9691,2,0,0,FALSE,"BH"
9692,0,0,0,FALSE,"BH"
9693,2,0,0,FALSE,"BH"
9694,4,0,0,FALSE,"BH"
9695,4,0,0,FALSE,"BH"
9696,3,0,0,FALSE,"BH"
9697,2,0,0,FALSE,"BH"
9698,2,0,0,FALSE,"BH"
9699,0,0,0,FALSE,"BH"
9700,2,1,0.5,TRUE,"BH"
9701,2,0,0,FALSE,"BH"
9702,2,0,0,FALSE,"BH"
9703,2,0,0,FALSE,"BH"
9704,0,0,0,FALSE,"BH"
9705,0,0,0,FALSE,"BH"
9706,0,0,0,FALSE,"BH"
9707,2,0,0,FALSE,"BH"
9708,1,0,0,FALSE,"BH"
9709,1,0,0,FALSE,"BH"
9710,1,0,0,FALSE,"BH"
9711,2,0,0,FALSE,"BH"
9712,0,0,0,FALSE,"BH"
9713,2,0,0,FALSE,"BH"
9714,3,0,0,FALSE,"BH"
9715,3,0,0,FALSE,"BH"
9716,4,0,0,FALSE,"BH"
9717,0,0,0,FALSE,"BH"
9718,0,0,0,FALSE,"BH"
9719,0,0,0,FALSE,"BH"
9720,0,0,0,FALSE,"BH"
9721,2,0,0,FALSE,"BH"
9722,0,0,0,FALSE,"BH"
9723,0,0,0,FALSE,"BH"
9724,0,0,0,FALSE,"BH"
9725,0,0,0,FALSE,"BH"
9726,1,0,0,FALSE,"BH"
9727,2,0,0,FALSE,"BH"
9728,0,0,0,FALSE,"BH"
9729,1,0,0,FALSE,"BH"
9730,2,0,0,FALSE,"BH"
9731,0,0,0,FALSE,"BH"
9732,0,0,0,FALSE,"BH"
9733,4,0,0,FALSE,"BH"
9734,0,0,0,FALSE,"BH"
9735,4,1,0.25,TRUE,"BH"
9736,0,0,0,FALSE,"BH"
9737,4,2,0.5,TRUE,"BH"
9738,5,1,0.2,TRUE,"BH"
9739,2,0,0,FALSE,"BH"
9740,0,0,0,FALSE,"BH"
9741,3,1,0.333333333333333,TRUE,"BH"
9742,0,0,0,FALSE,"BH"
9743,1,0,0,FALSE,"BH"
9744,1,0,0,FALSE,"BH"
9745,2,1,0.5,TRUE,"BH"
9746,1,0,0,FALSE,"BH"
9747,0,0,0,FALSE,"BH"
9748,4,1,0.25,TRUE,"BH"
9749,2,0,0,FALSE,"BH"
9750,0,0,0,FALSE,"BH"
9751,4,1,0.25,TRUE,"BH"
9752,1,0,0,FALSE,"BH"
9753,3,0,0,FALSE,"BH"
9754,0,0,0,FALSE,"BH"
9755,3,0,0,FALSE,"BH"
9756,4,1,0.25,TRUE,"BH"
9757,0,0,0,FALSE,"BH"
9758,0,0,0,FALSE,"BH"
9759,2,0,0,FALSE,"BH"
9760,0,0,0,FALSE,"BH"
9761,2,0,0,FALSE,"BH"
9762,3,0,0,FALSE,"BH"
9763,3,0,0,FALSE,"BH"
9764,4,0,0,FALSE,"BH"
9765,0,0,0,FALSE,"BH"
9766,2,0,0,FALSE,"BH"
9767,0,0,0,FALSE,"BH"
9768,1,0,0,FALSE,"BH"
9769,0,0,0,FALSE,"BH"
9770,1,1,1,TRUE,"BH"
9771,2,0,0,FALSE,"BH"
9772,0,0,0,FALSE,"BH"
9773,1,0,0,FALSE,"BH"
9774,4,0,0,FALSE,"BH"
9775,0,0,0,FALSE,"BH"
9776,0,0,0,FALSE,"BH"
9777,0,0,0,FALSE,"BH"
9778,0,0,0,FALSE,"BH"
9779,1,0,0,FALSE,"BH"
9780,3,0,0,FALSE,"BH"
9781,3,1,0.333333333333333,TRUE,"BH"
9782,5,1,0.2,TRUE,"BH"
9783,2,0,0,FALSE,"BH"
9784,2,0,0,FALSE,"BH"
9785,0,0,0,FALSE,"BH"
9786,0,0,0,FALSE,"BH"
9787,2,0,0,FALSE,"BH"
9788,0,0,0,FALSE,"BH"
9789,0,0,0,FALSE,"BH"
9790,4,1,0.25,TRUE,"BH"
9791,0,0,0,FALSE,"BH"
9792,3,0,0,FALSE,"BH"
9793,3,0,0,FALSE,"BH"
9794,3,0,0,FALSE,"BH"
9795,2,0,0,FALSE,"BH"
9796,0,0,0,FALSE,"BH"
9797,4,0,0,FALSE,"BH"
9798,1,0,0,FALSE,"BH"
9799,0,0,0,FALSE,"BH"
9800,0,0,0,FALSE,"BH"
9801,0,0,0,FALSE,"BH"
9802,3,0,0,FALSE,"BH"
9803,2,0,0,FALSE,"BH"
9804,1,0,0,FALSE,"BH"
9805,2,1,0.5,TRUE,"BH"
9806,4,1,0.25,TRUE,"BH"
9807,1,0,0,FALSE,"BH"
9808,1,0,0,FALSE,"BH"
9809,1,0,0,FALSE,"BH"
9810,0,0,0,FALSE,"BH"
9811,1,0,0,FALSE,"BH"
9812,2,1,0.5,TRUE,"BH"
9813,1,0,0,FALSE,"BH"
9814,0,0,0,FALSE,"BH"
9815,2,0,0,FALSE,"BH"
9816,3,0,0,FALSE,"BH"
9817,0,0,0,FALSE,"BH"
9818,1,0,0,FALSE,"BH"
9819,1,0,0,FALSE,"BH"
9820,0,0,0,FALSE,"BH"
9821,2,0,0,FALSE,"BH"
9822,0,0,0,FALSE,"BH"
9823,1,0,0,FALSE,"BH"
9824,2,1,0.5,TRUE,"BH"
9825,1,0,0,FALSE,"BH"
9826,0,0,0,FALSE,"BH"
9827,1,0,0,FALSE,"BH"
9828,3,1,0.333333333333333,TRUE,"BH"
9829,0,0,0,FALSE,"BH"
9830,4,0,0,FALSE,"BH"
9831,0,0,0,FALSE,"BH"
9832,1,0,0,FALSE,"BH"
9833,3,1,0.333333333333333,TRUE,"BH"
9834,1,0,0,FALSE,"BH"
9835,0,0,0,FALSE,"BH"
9836,0,0,0,FALSE,"BH"
9837,2,0,0,FALSE,"BH"
9838,0,0,0,FALSE,"BH"
9839,2,0,0,FALSE,"BH"
9840,4,0,0,FALSE,"BH"
9841,1,0,0,FALSE,"BH"
9842,2,0,0,FALSE,"BH"
9843,1,0,0,FALSE,"BH"
9844,0,0,0,FALSE,"BH"
9845,2,0,0,FALSE,"BH"
9846,0,0,0,FALSE,"BH"
9847,2,0,0,FALSE,"BH"
9848,2,0,0,FALSE,"BH"
9849,1,0,0,FALSE,"BH"
9850,1,0,0,FALSE,"BH"
9851,1,0,0,FALSE,"BH"
9852,5,1,0.2,TRUE,"BH"
9853,2,0,0,FALSE,"BH"
9854,3,0,0,FALSE,"BH"
9855,0,0,0,FALSE,"BH"
9856,0,0,0,FALSE,"BH"
9857,3,2,0.666666666666667,TRUE,"BH"
9858,3,0,0,FALSE,"BH"
9859,1,0,0,FALSE,"BH"
9860,0,0,0,FALSE,"BH"
9861,2,0,0,FALSE,"BH"
9862,1,0,0,FALSE,"BH"
9863,0,0,0,FALSE,"BH"
9864,1,0,0,FALSE,"BH"
9865,1,0,0,FALSE,"BH"
9866,3,0,0,FALSE,"BH"
9867,0,0,0,FALSE,"BH"
9868,1,0,0,FALSE,"BH"
9869,3,0,0,FALSE,"BH"
9870,0,0,0,FALSE,"BH"
9871,1,0,0,FALSE,"BH"
9872,2,0,0,FALSE,"BH"
9873,2,0,0,FALSE,"BH"
9874,2,1,0.5,TRUE,"BH"
9875,2,0,0,FALSE,"BH"
9876,0,0,0,FALSE,"BH"
9877,3,1,0.333333333333333,TRUE,"BH"
9878,2,0,0,FALSE,"BH"
9879,3,0,0,FALSE,"BH"
9880,0,0,0,FALSE,"BH"
9881,1,0,0,FALSE,"BH"
9882,1,0,0,FALSE,"BH"
9883,0,0,0,FALSE,"BH"
9884,3,0,0,FALSE,"BH"
9885,2,0,0,FALSE,"BH"
9886,1,0,0,FALSE,"BH"
9887,0,0,0,FALSE,"BH"
9888,0,0,0,FALSE,"BH"
9889,1,0,0,FALSE,"BH"
9890,1,0,0,FALSE,"BH"
9891,3,1,0.333333333333333,TRUE,"BH"
9892,0,0,0,FALSE,"BH"
9893,1,0,0,FALSE,"BH"
9894,3,0,0,FALSE,"BH"
9895,1,0,0,FALSE,"BH"
9896,1,0,0,FALSE,"BH"
9897,0,0,0,FALSE,"BH"
9898,3,1,0.333333333333333,TRUE,"BH"
9899,0,0,0,FALSE,"BH"
9900,1,0,0,FALSE,"BH"
9901,2,0,0,FALSE,"BH"
9902,1,0,0,FALSE,"BH"
9903,2,0,0,FALSE,"BH"
9904,1,0,0,FALSE,"BH"
9905,4,0,0,FALSE,"BH"
9906,3,0,0,FALSE,"BH"
9907,3,0,0,FALSE,"BH"
9908,2,0,0,FALSE,"BH"
9909,2,0,0,FALSE,"BH"
9910,0,0,0,FALSE,"BH"
9911,0,0,0,FALSE,"BH"
9912,2,0,0,FALSE,"BH"
9913,2,0,0,FALSE,"BH"
9914,3,0,0,FALSE,"BH"
9915,0,0,0,FALSE,"BH"
9916,0,0,0,FALSE,"BH"
9917,1,0,0,FALSE,"BH"
9918,0,0,0,FALSE,"BH"
9919,1,0,0,FALSE,"BH"
9920,3,0,0,FALSE,"BH"
9921,0,0,0,FALSE,"BH"
9922,2,0,0,FALSE,"BH"
9923,2,1,0.5,TRUE,"BH"
9924,1,0,0,FALSE,"BH"
9925,2,0,0,FALSE,"BH"
9926,1,0,0,FALSE,"BH"
9927,2,0,0,FALSE,"BH"
9928,2,0,0,FALSE,"BH"
9929,2,0,0,FALSE,"BH"
9930,1,0,0,FALSE,"BH"
9931,1,0,0,FALSE,"BH"
9932,0,0,0,FALSE,"BH"
9933,3,0,0,FALSE,"BH"
9934,0,0,0,FALSE,"BH"
9935,3,0,0,FALSE,"BH"
9936,3,1,0.333333333333333,TRUE,"BH"
9937,1,0,0,FALSE,"BH"
9938,3,0,0,FALSE,"BH"
9939,3,0,0,FALSE,"BH"
9940,0,0,0,FALSE,"BH"
9941,1,0,0,FALSE,"BH"
9942,1,0,0,FALSE,"BH"
9943,5,2,0.4,TRUE,"BH"
9944,0,0,0,FALSE,"BH"
9945,3,1,0.333333333333333,TRUE,"BH"
9946,2,0,0,FALSE,"BH"
9947,1,0,0,FALSE,"BH"
9948,4,1,0.25,TRUE,"BH"
9949,3,1,0.333333333333333,TRUE,"BH"
9950,1,0,0,FALSE,"BH"
9951,3,0,0,FALSE,"BH"
9952,4,0,0,FALSE,"BH"
9953,0,0,0,FALSE,"BH"
9954,3,1,0.333333333333333,TRUE,"BH"
9955,3,1,0.333333333333333,TRUE,"BH"
9956,1,0,0,FALSE,"BH"
9957,0,0,0,FALSE,"BH"
9958,0,0,0,FALSE,"BH"
9959,0,0,0,FALSE,"BH"
9960,2,0,0,FALSE,"BH"
9961,1,0,0,FALSE,"BH"
9962,0,0,0,FALSE,"BH"
9963,0,0,0,FALSE,"BH"
9964,2,0,0,FALSE,"BH"
9965,0,0,0,FALSE,"BH"
9966,0,0,0,FALSE,"BH"
9967,2,0,0,FALSE,"BH"
9968,3,1,0.333333333333333,TRUE,"BH"
9969,1,0,0,FALSE,"BH"
9970,2,0,0,FALSE,"BH"
9971,5,1,0.2,TRUE,"BH"
9972,3,1,0.333333333333333,TRUE,"BH"
9973,1,0,0,FALSE,"BH"
9974,1,0,0,FALSE,"BH"
9975,1,0,0,FALSE,"BH"
9976,0,0,0,FALSE,"BH"
9977,0,0,0,FALSE,"BH"
9978,3,0,0,FALSE,"BH"
9979,2,1,0.5,TRUE,"BH"
9980,4,0,0,FALSE,"BH"
9981,2,0,0,FALSE,"BH"
9982,0,0,0,FALSE,"BH"
9983,3,0,0,FALSE,"BH"
9984,3,0,0,FALSE,"BH"
9985,1,0,0,FALSE,"BH"
9986,4,0,0,FALSE,"BH"
9987,0,0,0,FALSE,"BH"
9988,0,0,0,FALSE,"BH"
9989,2,0,0,FALSE,"BH"
9990,1,0,0,FALSE,"BH"
9991,1,0,0,FALSE,"BH"
9992,1,0,0,FALSE,"BH"
9993,3,0,0,FALSE,"BH"
9994,2,0,0,FALSE,"BH"
9995,0,0,0,FALSE,"BH"
9996,1,0,0,FALSE,"BH"
9997,0,0,0,FALSE,"BH"
9998,0,0,0,FALSE,"BH"
9999,2,1,0.5,TRUE,"BH"
10000,3,0,0,FALSE,"BH"
