"single","minimum"
0.458374319838885,0.458374319838885
0.426160945311913,0.00263895763424444
0.294349846998449,0.294349846998449
0.25479712303768,0.0258512861683427
0.436328016164201,0.292887358249461
0.323323656093589,0.214854352577887
0.432420227603029,0.168598650354035
0.83598893450141,0.432056493868924
0.508375579021793,0.0415607671426654
0.418963014333366,0.197771563590351
0.820097696662542,0.200013201342954
0.116744168713315,0.0907813853874249
0.419954440413497,0.0659031588611211
0.051497905197307,0.051497905197307
0.549202662467888,0.195965021452513
0.493600613242709,0.319889817127259
0.414480917972036,0.414480917972036
0.114723670573665,0.114723670573665
0.515968880182397,0.230947016704899
0.217697690735876,0.217697690735876
0.0733604473875582,0.0733604473875582
0.550616717240273,0.393032476546639
0.828509208873647,0.174268154027876
0.360508830286723,0.0134013221712003
0.847585956514509,0.626539612349522
0.726270208182951,0.525676326969968
0.680212334574028,0.295658388294786
0.859096328022722,0.0802992459070718
0.0504204173475815,0.0504204173475815
0.972593334364435,0.392242668642559
0.0219675259229788,0.0219675259229788
0.878058149949008,0.0216600659455187
0.438342067896532,0.0710328191143662
0.168462888730721,0.0285878789061499
0.559417829101978,0.0747706749266975
0.870778236080034,0.00894549886916066
0.920355065659783,0.450566152038295
0.810127476580398,0.0447222781759175
0.200081275409908,0.200081275409908
0.830098450887261,0.307077666390673
0.317746834131139,0.317746834131139
0.526940963175637,0.173848305139252
0.858690207914127,0.376190011880634
0.343959445379687,0.175831017429588
0.274229564281517,0.0528124177879595
0.887729277521372,0.000384760524261736
0.0744830201375567,0.02973401755793
0.358987362035329,0.140641499690686
0.626633906574973,0.149167196608851
0.20636297397086,0.20636297397086
0.249375750405236,0.249375750405236
0.782780552472097,0.171073591158804
0.931955550805988,0.399208124775541
0.665028901280905,0.173649751681568
0.689835325919114,0.239795506204686
0.541859859910758,0.3393474019899
0.5530218048746,0.149992435043137
0.415141666135076,0.0231650631263869
0.640673246646792,0.0141015730811021
0.362632259420295,0.281724268516342
0.18766439143986,0.0161246026798368
0.147558731478481,0.147558731478481
0.998877573986004,0.240827183804311
0.778932245663316,0.133732522191218
0.0715218019969968,0.0715218019969968
0.601056098129027,0.416711599239062
0.72274298528574,0.0235017603588202
0.333936188705454,0.110110695753765
0.212035477323766,0.212035477323766
0.411720318322697,0.174293235765283
0.917778611524495,0.264781765866409
0.674982673766862,0.130166160770555
0.898822359471006,0.0786271575971536
0.516396774954125,0.393580479691417
0.78076553659916,0.0430075732784286
0.215598454073039,0.215598454073039
0.457061902237047,0.228196452798454
0.681383452896723,0.0915284588487228
0.787153476540707,0.160703440744532
0.929043998180791,0.346471984880515
0.807326348844012,0.00463736228760991
0.709091057667874,0.160678835618658
0.478443518753555,0.274164360795631
0.14977710741175,0.00927861142776698
0.516183647976197,0.391843181558696
0.739927445979655,0.173200471705765
0.318675755829282,0.0882408764502962
0.140566635907383,0.140566635907383
0.883768344420408,0.146841337108417
0.544994091669635,0.544994091669635
0.00193748252152133,0.00193748252152133
0.864337160802099,0.661904612137071
0.35978706504108,0.144257615313091
0.0178656175603364,0.0178656175603364
0.497447812902239,0.279556796348179
0.334501825516357,0.000278635249860724
0.147932752767749,0.0638330191929114
0.241480779107023,0.155219446882635
0.71168885855843,0.0352802180835432
0.596690588673493,0.0718798938454102
0.275739268783848,0.275739268783848
0.568216235583326,0.24594171063462
0.535129394058548,0.338866416325806
0.39431092479368,0.244115031412453
0.795311649573883,0.266904124474733
0.538519760087937,0.216291075523028
0.891766262252811,0.176443081422734
0.162454786077555,0.0969095990009342
0.201722312599993,0.11146900704223
0.995043263762914,0.0988484982084152
0.958219936887365,0.0874584933609172
0.429431920440439,0.0367676348487367
0.714468288083437,0.427826386789473
0.643045260094205,0.117773709694472
0.19052951689248,0.0578155028074388
0.587237228690322,0.0906400521780348
0.720592181737541,0.153933950863022
0.119506125365854,0.119506125365854
0.0706735019647681,0.0706735019647681
0.0553068380067951,0.012491053917858
0.974759984814004,0.116634414209667
0.0650258399931528,0.0650258399931528
0.51931906958792,0.0314271235162466
0.576928071571235,0.131907967166018
0.708762834477082,0.0825970341254952
0.163170187251874,0.163170187251874
0.381973655366062,0.296719108673654
0.101379446424579,0.101379446424579
0.801506353619042,0.651036804447421
0.494039767626832,0.0973972529170153
0.503894352517134,0.407161334574095
0.513809604434906,0.465531114430271
0.420324074809559,0.287779769802715
0.788700941852372,0.0784446554912142
0.9976085827879,0.158403356225492
0.333442894852443,0.0119515904341738
0.823362923840516,0.198026645706788
0.0351827414110018,0.0351827414110018
0.86313321014196,0.37925642022439
0.384950108478948,0.110336470891889
0.688523060551067,0.341601663658238
0.0107766208245257,0.0107766208245257
0.891359328186484,0.119462329818367
0.498372877061848,0.0996837895374863
0.244928196704626,0.244928196704626
0.547291856885263,0.0222151493736681
0.418461164250757,0.0650444001415884
0.977350149316955,0.139362576433534
0.199338554472177,7.23991212791043e-05
0.567159055707031,0.476538739405791
0.0942800728456629,0.0942800728456629
0.129281721158598,0.129281721158598
0.219409958489801,0.219409958489801
0.820365454989416,0.192234825457892
0.0843717256990259,0.0843717256990259
0.982572692935306,0.311494580118598
0.319828725832413,0.126832017271707
0.976459756416432,0.059107133771672
0.10296823517046,0.101078324280941
0.67567448786216,0.0622089813742864
0.0150962869520777,0.0150962869520777
0.00285183046457302,0.00285183046457302
0.514559574768571,0.0710055708671961
0.320014698088417,0.198815567792639
0.282442887381112,0.127363023385433
0.285833261455497,0.0626604220069333
0.24215877740595,0.0118517376274775
0.841621062153164,0.174230212994657
0.177651743265886,0.0718104721524944
0.300758222504679,0.106330639716603
0.485373167834797,0.0248166964425595
0.36351363875396,0.246913540692028
0.740108584396211,0.473713704957343
0.628186844246116,0.249943830801661
0.130905676899473,0.130905676899473
0.945826683896306,0.128101775323378
0.0511355725864596,0.0511355725864596
0.903532627538367,0.158303544083465
0.623354822156587,0.0850832357306877
0.442356534579897,0.442356534579897
0.368206635187311,0.368206635187311
0.649670725970802,0.186161395796828
0.9478186671351,0.296637878516039
0.295617453079349,0.224561612241438
0.534791669452169,0.327872190348443
0.551954500108303,0.010466533225413
0.169824508291465,0.169824508291465
0.426930550392841,0.110757900797989
0.428648277716004,0.0629291732234396
0.442834803198539,0.00706253508320971
0.256593634765287,0.254694757330574
0.224532655503406,0.141204849823598
0.374219785776253,0.374219785776253
0.541047285836169,0.338916086965245
0.682185429438766,0.0343620502237545
0.706517569276864,0.0807302101973742
0.0906380649732845,0.0906380649732845
0.969413820668496,0.172303497475067
0.697982078855461,0.0607062639152108
0.493371704725289,0.330044846748513
0.0853616601943251,0.0853616601943251
0.928800054513082,0.368903038706251
0.989293192514852,0.222048619730844
0.795016107866715,0.290708036344869
0.230400763169248,0.21503528853323
0.688124442437283,0.193648708519919
0.902048478609325,0.256819203803445
0.734901680460474,0.333146016254119
0.00652867694125422,0.00652867694125422
0.925746329390054,0.328954517614975
0.441286407707643,0.212234878081683
0.764419162609546,0.108032821397398
0.613743981738638,0.494297028094701
0.145741312649268,0.145741312649268
0.783888309535108,0.0985382968988654
0.298948287795145,0.198796509448916
0.687088822802479,0.102076892717932
0.879120303666632,0.25567949371784
0.773402990047811,0.020035491405552
0.936202531063631,0.0451112881049142
0.90443485668549,0.0723885867621196
0.910169228976601,0.307081921070777
0.304868047953167,0.304868047953167
0.902861897264399,0.0374030078914296
0.35675045086539,0.0689907434309051
0.527866646444442,0.037633690228874
0.696862844541548,0.568078073591962
0.222771203252657,0.0427208972086927
0.219914791074754,0.109498649878349
0.22379017352415,0.169960998579924
0.0720483140555955,0.0720483140555955
0.178366898320377,0.122102313498483
0.306125077240367,0.0310456790320518
0.672969500188093,0.378311940386252
0.94729138645673,0.0123748604152242
0.374020632623442,0.0463230428125133
0.245240370938545,0.157666342319075
0.0722502380150352,0.0722502380150352
0.946021720473222,0.175411869359736
0.126945379664548,0.126945379664548
0.202583928742314,0.202583928742314
0.828773667721022,0.016200048912789
0.898509790119856,0.287824752452093
0.00710698188991051,0.00710698188991051
0.129822176574581,0.129822176574581
0.0194500505503563,0.0194500505503563
0.733585599249569,0.265041694281381
0.0538483387702589,0.00456506300595687
0.254476381466915,0.129721825082429
0.0345145155524639,0.0345145155524639
0.600525683802151,0.0803797160274721
0.150020731370147,0.150020731370147
0.778337256262134,0.015621233825855
0.733695468875344,0.365973321977977
0.941261355091498,0.0934779486673132
0.821551083399401,0.103866583096944
0.812723058931947,0.179783466091276
0.153691558899523,0.153691558899523
0.167335188103813,0.167335188103813
0.981641646341232,0.321215239651559
0.501996163763364,0.308871063691074
0.878840647081878,0.0591161373429882
0.965946094347241,0.2315274829927
0.206124436475908,0.206124436475908
0.559222625985985,0.17692270677086
0.431445166969917,0.431445166969917
0.429115866482046,0.102206867642269
0.728676152710631,0.603124866134192
0.511748895097049,0.105291907669173
0.445567665448327,0.445567665448327
0.750183778597724,0.0342942722795794
0.0905696540255171,0.0905696540255171
0.499008182167048,0.401130536110338
0.364704987712262,0.0673090370523589
0.155565234872834,0.140168922353507
0.303450189395166,0.303450189395166
0.0247775019528904,0.0247775019528904
0.265623740394785,0.0159955013605594
0.328892880348082,0.00335796116540688
0.559907690669467,0.559907690669467
0.681097621598165,0.0659765113540061
0.47844466063085,0.037051027945479
0.49800149674614,0.252796930972357
0.231009413254248,0.226770590391465
0.114948942037913,0.114948942037913
0.140818814494494,0.0780714006040203
0.00844824214570357,0.00844824214570357
0.0340222366360304,0.0230512425687202
0.030390180820409,0.030390180820409
0.489426157913198,0.199237251004025
0.997966606316222,0.0041179141005045
0.110890411198651,0.00724103805574183
0.226832863133581,0.0409282614918834
0.695177659307494,0.20524021802844
0.435939688736101,0.00430595948910022
0.613065916684839,0.0298119121665338
0.351462080085158,0.131435087877681
0.471873769448477,0.0569431574411805
0.872766284709308,0.0987305649883035
0.883188920909429,0.067165295898424
0.567506818366359,0.0353808236649465
0.0330222450990662,0.0330222450990662
0.838222695790595,0.245414312977281
0.505345307788096,0.116859875958679
0.0283918367704793,0.0283918367704793
0.119611727989186,0.119611727989186
0.136729620895205,0.017370518624171
0.407457594427489,0.0309602056411217
0.848672001711837,0.0453226512577424
0.178481376156505,0.178481376156505
0.655704786315622,0.172451759530921
0.930876656802251,0.0480062380389805
0.34702003754425,0.0890342310336331
0.0422498315803589,0.0422498315803589
0.0410538716954503,0.0410538716954503
0.672318758418691,0.132787535801198
0.183189347690317,0.0270641783026784
0.604285354205639,0.604285354205639
0.593674774774194,0.021744752595461
0.951914829052078,0.532240092575191
0.127517673755803,0.0241309900710092
0.422967884050523,0.102433953272138
0.733924941917023,0.260749910315955
0.509182968181301,0.381685062579933
0.884568768259122,0.368929045476469
0.39369092261967,0.162083361532399
0.980639892966609,0.761093764654345
0.177214826413652,0.13758301610826
0.74757681871225,0.0929585098807217
0.98804427714859,0.0735857029012502
0.129626539374324,0.129626539374324
0.807619689289375,0.380930122240661
0.164850532319376,0.164850532319376
0.574215171990109,0.403480954820039
0.665612716375959,0.601697045880036
0.81164681989529,0.21840119608077
0.0727905301665424,0.0633932188354327
0.317642272153134,0.0635828118207225
0.862875682524335,0.0860910282818437
0.753671755298994,0.428818017904069
0.304786748594324,0.304786748594324
0.975941378520147,0.188369011371378
0.503910307619984,0.00686910206999615
0.00606190662428586,0.00606190662428586
0.426020085520612,0.0135416302361044
0.0463333933419863,0.0463333933419863
0.00249321666403964,0.00249321666403964
0.043291120772112,0.043291120772112
0.982030403908056,0.333027578502928
0.589355689465145,0.00417747310579414
0.512991695147783,0.175227190124338
0.0543837782638262,0.0543837782638262
0.579431333904797,0.093057445994028
0.877907571435658,0.21324780257971
0.947880498392227,0.38964399357881
0.902985241749426,0.144120956033958
0.542260175202031,0.0154270550445899
0.648707409916617,0.0675539785668912
0.222471926051761,0.0901008620444169
0.317240374483764,0.317240374483764
0.795658251465121,0.407061999430982
0.48400877785417,0.00915092421732318
0.214508664339539,0.0388508491342533
0.850465005705453,0.0369811808775206
0.861116742220102,0.245528877177475
0.69094297711089,0.0230283620550243
0.628281146327926,0.128688396948603
0.93974707193239,0.0101179818659088
0.428751976645155,0.0391007371989494
0.399388947664274,0.0123952455177499
0.0309101513067066,0.0309101513067066
0.28562238759694,0.28562238759694
0.515861814002581,0.109845864958776
0.702075124425877,0.0590086410185183
0.641112085560642,0.164662311913069
0.261399900747346,0.0160866081747842
0.739865942420685,0.577125826093165
0.576012047517593,0.317146523081714
0.889862668633997,0.236498588317546
0.140088994738828,0.140088994738828
0.107317077765129,0.107317077765129
0.0852176964110528,0.0852176964110528
0.355977574340267,0.0731817892224665
0.924489193695459,0.159552299354444
0.299051466826554,0.0129151504902306
0.738838389226213,0.350893856871765
0.435906733110535,0.435906733110535
0.981586185119488,0.356546430327572
0.163665355594648,0.0366652791458165
0.355208410242953,0.0494920550202704
0.805263842193483,0.0410269504667921
0.918119697503208,0.193047976914571
0.273044787950536,0.178420707138241
0.237371893561925,0.236007327139011
0.894861433597828,0.0283986412607169
0.496860609760832,0.048659338522853
0.633427977255269,0.032181519770883
0.645410098981768,0.00804528105762969
0.347840667785576,0.0719452984196926
0.497204681959468,0.173574773092573
0.209260008781009,0.00894758049669955
0.0933864715910139,0.0933864715910139
0.567727643649474,0.0834611309259742
0.635611522203371,0.11651693667523
0.816156970589911,0.0316800188986413
0.264191010050519,0.0108859633106159
0.250807236607089,0.0788445849352741
0.262125081645591,0.262125081645591
0.75880735370495,0.0446573456255922
0.615660290813997,0.130559918975517
0.0480265440818967,0.0393123891227407
0.0944289946116181,0.0431754671620319
0.1847574095409,0.14604222781088
0.0392792655646094,0.0392792655646094
0.871522222454914,0.0102346056802251
0.22045009716255,0.148482256508254
0.725300665238062,0.0890033775855997
0.543143406006778,0.0405847428685597
0.609737802952406,0.10678975659226
0.018211371973849,0.018211371973849
0.749427048844098,0.183972563869147
0.673784011602402,0.37936226145551
0.286582172029796,0.148658646277458
0.788962683831539,0.199182351274293
0.456846634678911,0.175601740865233
0.189850064155216,0.189850064155216
0.135600256800552,0.05272755872108
0.56758202510305,0.56758202510305
0.514531997328576,0.231130562939678
0.787938282347458,0.0450167236078654
0.168419518805927,0.168419518805927
0.789236660048411,0.144280514643953
0.962564815058157,0.113225727188044
0.792070679911077,0.674693364859809
0.182313955295473,0.182313955295473
0.134400121751804,0.134400121751804
0.104682102110249,0.104682102110249
0.76027716505784,0.0518535122459771
0.794474142449356,0.388585123627489
0.775904408272547,0.0435196070235965
0.63574265262781,0.0486542659233777
0.523395264129295,0.0518403356819316
0.860240870153024,0.245284945907068
0.679647632618598,0.0386014195255581
0.119728034449506,0.000588765880969216
0.550719947257264,0.0740947146976333
0.699704230689047,0.210305162091303
0.657048167730834,0.444246336027803
0.597193310170319,0.0507586474113494
0.327531269388359,0.0736867886963931
0.64107135995165,0.418918251575537
0.646625204035528,0.398445316855326
0.387260042503503,0.0379165859142093
0.549754730492096,0.242152559426229
0.861716935619623,0.0155979617075514
0.012866165363513,0.012866165363513
0.356989342776522,0.069015607496921
0.0960016919879447,0.0557954206441235
0.0469515332488064,0.0469515332488064
0.900061917685002,0.193752184277093
0.714341270633819,0.0706361485089365
0.115573506780156,0.115573506780156
0.732512944876845,0.71915144750136
0.99456100158254,0.0429175000479558
0.835232919855605,0.0939499706828351
0.00156092929280263,0.00156092929280263
0.717952800841274,0.0218678128579553
0.483046836928454,0.166414476637754
0.601786164492342,0.113042000558867
0.127455724794828,0.127455724794828
0.625298161168863,0.0707707033660837
0.152689914643531,0.152689914643531
0.801123082237977,0.164543709346184
0.855419323211369,0.0623469558837914
0.0839445298063175,0.0839445298063175
0.00261882648458851,0.00261882648458851
0.639892905694309,0.227290523172955
0.744462927832547,0.2405163148711
0.053783140371822,0.053783140371822
0.114111772615803,0.114111772615803
0.9777247067918,0.341577736057605
0.687467067085007,0.153379104914495
0.493130962475542,0.0630332234655983
0.116253658923676,0.116253658923676
0.226965625621816,0.226965625621816
0.585571102118088,0.0107280431843084
0.71525115296494,0.428923465760552
0.781229814736471,0.0144857052825547
0.934227869300491,0.35865516719165
0.120364883166779,0.0245181418289018
0.802082359546009,0.317221327715002
0.834904867200486,0.0784020237471949
0.455796442763166,0.190597116600758
0.157286819613799,0.157286819613799
0.255163316298857,0.210675506272914
0.946596726843366,0.131850421218197
0.202244565852289,0.0344705942805856
0.403467374891367,0.171188966816813
0.680684063860513,0.118271074833036
0.767270286462484,0.260355327166506
0.0752841885581662,0.0752841885581662
0.908483635943728,0.238530526286987
0.371879443375063,0.313368918443451
0.0966828447767193,0.0966828447767193
0.585442158971192,0.337139367504421
0.273916246293607,0.0735781000105914
0.211960316069045,0.0207369598004675
0.056218504910147,0.056218504910147
0.76679574478382,0.0371321545255038
0.107318056309044,0.107318056309044
0.967703439613916,0.0343342855887256
0.555649039673747,0.114417519742989
0.350882045300302,0.00575582048725485
0.139784883560201,0.0049264620008386
0.288066729997983,0.21354259393789
0.629279847784141,0.0434423703548334
0.891373492162317,0.00322298850036329
0.668973846737826,0.00733497184850866
0.68973403646001,0.438240415189387
0.341474361189442,0.0773012377136289
0.0439077108832579,0.0439077108832579
0.182320506454311,0.182320506454311
0.621683625097251,0.435134379712399
0.380169008677925,0.118246326007999
0.369473180260112,0.153154042175006
0.943901404108866,0.0740646547965968
0.607553172671951,0.00578297683882682
0.832061294182694,0.312227842707637
0.122690214834845,0.00506076162177813
0.68461523133976,0.174407158303454
0.543468292059646,0.0322205937233308
0.783944009948481,0.125784530572552
0.674007649314627,0.147532203955592
0.506614149893034,0.302592018574412
0.067284552550041,0.0146404334875096
0.0666265403349494,0.0666265403349494
0.826159285044353,0.0282195913285521
0.553885375291598,0.27061193426678
0.830639764910221,0.20178136219345
0.149058533891014,0.0323198045909285
0.783597417223774,0.055052472898942
0.0806521385622951,0.0806521385622951
0.889638893229861,0.0351535525047762
0.268642484743485,0.0909021015732051
0.576531363666493,0.0757935097258297
0.837812603541078,0.507411411936832
0.220920670417973,0.0502612349249769
0.481616361943681,0.400272252676201
0.41757854548655,0.197499831073388
0.796634077690402,0.329053667573654
0.153827126240842,0.153827126240842
0.149073585822177,0.142603107919121
0.793333945204683,0.0165834497407015
0.746275149617224,0.0207171774350377
0.484163647685847,0.465741807767613
0.83682872649848,0.484939716491956
0.406155205201505,0.302020170383354
0.502967618437744,0.000973748472651488
0.231291711469679,0.00977178915276223
0.453459988260394,0.0269037504809765
0.87064514095152,0.500249022268977
0.634619882320105,0.118055567827173
0.0459817779662406,0.0459817779662406
0.976589584271991,0.183935988813835
0.890359305982107,0.203355054757428
0.183778177492717,0.0654479034895115
0.0522705396383214,0.0522705396383214
0.600108399429995,0.317538045186604
0.590569599719794,0.315417269133487
0.970676116851564,0.266888094956574
0.171398813582589,0.171398813582589
0.350838000821497,0.120865990550136
0.398739172147773,0.16283668940915
0.486267996860003,0.1050634285223
0.345332311507915,0.286870152780617
0.767433269687277,0.0298281540579827
0.527089932006722,0.144267403621323
0.642060282391222,0.487314056744993
0.234373535172722,0.15836751482023
0.189015682752244,0.189015682752244
0.560745993807319,0.0662771933928865
0.09049842242124,0.09049842242124
0.624893566806964,0.0822256968244225
0.523184859997906,0.0887055921957972
0.087175761045925,0.087175761045925
0.134586808775086,0.0908798122872367
0.570338028938813,0.225168496036666
0.78639749950178,0.0789725529460806
0.225641580630797,0.225641580630797
0.026219967030744,0.026219967030744
0.279734378091753,0.279734378091753
0.537159989510039,0.082691170556109
0.976625129205544,0.0350127675980167
0.10493348508685,0.10493348508685
0.593852386097839,0.0276885172646057
0.154407607747243,0.0531716202277747
0.203650909647099,0.169129034432949
0.690509785237695,0.122857592896914
0.541949472974386,0.124904749166918
0.0125677178346942,0.0125677178346942
0.979498944873748,0.0702750997188554
0.4328836588422,0.107886814262543
0.704899374541502,0.338657305736923
0.657382390378418,0.445981645523378
0.757603522139938,0.228319580221186
0.979948564951729,0.130205881337576
0.862350779636806,0.41704991473523
0.90747462715311,0.172646005163758
0.719269766473585,0.024912448961919
0.0962171613566264,0.0962171613566264
0.815424663423332,0.0882065821343491
0.489157292756153,0.347387691035214
0.284974968416706,0.0736619654596577
0.511539462111654,0.0108890078681881
0.687073685000835,0.460623308096324
0.174428501031461,0.0279747107513951
0.960777142825348,0.203582433542877
0.421540478304231,0.136520711915605
0.336041680411707,0.122067406975439
0.884038317253508,0.443055499556932
0.22858487221474,0.22858487221474
0.45420389069115,0.248225369229321
0.98526155592581,0.276016443427501
0.483734686396089,0.178883831308959
0.789312149960957,0.150150855604678
0.152392480150777,0.152392480150777
0.287175534711131,0.14667212003081
0.47166357818859,0.216805039471185
0.846307689663184,0.19734838799561
0.411009614721492,0.160249657278043
0.285190847407545,0.285190847407545
0.241911006239742,0.241911006239742
0.419564148973996,0.361865963408443
0.23005637531329,0.169114725080164
0.840774481071179,0.264699045835712
0.3572277809717,0.212893433198048
0.0694887741439524,0.0694887741439524
0.570726643406327,0.377668213231758
0.00380715386926384,0.00380715386926384
0.0414093909655768,0.0414093909655768
0.663572679699554,0.208885242189839
0.148121076243452,0.0862960945674385
0.762255197954041,0.259896545939999
0.410452838531841,0.131493627656424
0.403232864283638,0.250171569061042
0.199690033688898,0.199690033688898
0.754796173161648,0.0151058423289764
0.444353281075903,0.356298793978918
0.745534833768178,0.27967927027099
0.0188059725099648,0.0188059725099648
0.0237475415963004,0.0237475415963004
0.872342026865487,0.0100670761856792
0.784945651452235,0.299366266033485
0.771803502136619,0.0473359055981351
0.238614987047028,0.234150972490262
0.349607816232505,0.27574779065727
0.0586872500110576,0.0586872500110576
0.556554753734858,0.00560787399421288
0.549660551292724,0.107003626617845
0.837816969189699,0.167283516578421
0.467882198885435,0.277847913853951
0.350492141470806,0.201200699679405
0.432378308098314,0.378824184438772
0.840136014672575,0.0353219623929435
0.321564126641039,0.321564126641039
0.4635379125339,0.0678966976615779
0.437367412660783,0.179403044173432
0.169621927649044,0.162185365609065
0.0778506384451819,0.0778506384451819
0.304180083369469,0.118524705290588
0.113943146684067,0.0223446300307575
0.635767563025342,0.177029254340057
0.385566488100089,0.112461573526959
0.475598852088357,0.296329070320785
0.0295861268724195,0.0295861268724195
0.440319301692855,0.00286423019570983
0.769131867505819,0.452777279590232
0.217547395710473,0.0806108425160674
0.882353883531508,0.419265983054834
0.922907240563873,0.104529845323979
0.48712424645448,0.328033336376994
0.0286045927673682,0.0286045927673682
0.437041441113086,0.254073007127433
0.161360307502732,0.102470938047824
0.638425665659212,0.0407385906607343
0.866380815508521,0.18176451578573
0.91404457970652,0.0122201085411599
0.537819816963643,0.164713894748002
0.023372007115157,0.023372007115157
0.523432183517854,0.0322087629133996
0.256842487950491,0.256842487950491
0.516442607645954,0.225063995684428
0.253179277168236,0.234801309664628
0.874422142825263,0.554285669399299
0.451048412914727,0.194365575656389
0.524012617835556,0.310660576503273
0.184013337086444,0.162659962201975
0.280496176090407,0.118350202954759
0.853494610677305,0.204282219297121
0.415056028113308,0.151272609997677
0.335797120254556,0.0168839017913907
0.21408297656711,0.143841958640047
0.533784020909431,0.265886251583888
0.845992887216824,0.143433481115012
0.969611093491078,0.0969375869204771
0.175638855046575,0.175638855046575
0.81504724566217,0.0468962655695292
0.235499825363545,0.235499825363545
0.0922781825878962,0.0922781825878962
0.662979186851807,0.606336140726751
0.690496920770521,0.369722417660034
0.166430201456852,0.11965231845458
0.928940170552393,0.520444940331722
0.53138415629488,0.282067396681582
0.924865920190387,0.543834941123156
0.0373584429210903,0.0373584429210903
0.37359510578509,0.113704424557583
0.446652049871388,0.0188741574124557
0.71109235889457,0.111595675792329
0.69338248034063,0.145917476958196
0.556148499403381,0.057167817187151
0.279732549295617,0.279732549295617
0.467638072458235,0.172009556514926
0.0183377599724065,0.0183377599724065
0.0385064016589977,0.0385064016589977
0.712427767970662,0.0860907203029931
0.6238875978554,0.253742135233616
0.581832440780773,0.204198256475273
0.932627055823095,0.0957176983491958
0.261358589812989,0.0916363391181163
0.660772490947997,0.126932499961755
0.814684657023013,0.134838243151531
0.665162866748212,0.32018785429671
0.335270984315194,0.0332721791264872
0.713989943582073,0.23713682278743
0.807611350321255,0.281252932184423
0.0482210918249408,0.0372544647886435
0.833094439369212,0.0223590843596308
0.528449676537291,0.199663921528392
0.45768242581563,0.0258045095148841
0.0746351848203243,0.0746351848203243
0.948744153046835,0.287463462505862
0.5288551495819,0.183933098773619
0.274678131064912,0.208483381768004
0.3418244144967,0.3418244144967
0.246227801571177,0.0226217911465231
0.430818389833662,0.197197123880468
0.851548692744471,0.219801319520811
0.900546107206508,0.0393944258365975
0.0485843405424099,0.0485843405424099
0.861719509204172,0.142870917846255
0.940907930736847,0.151230268979539
0.653553403315173,0.0140633775770908
0.0691406994400311,0.0246035964967702
0.366717125899855,0.366717125899855
0.297708554008063,0.253921250492646
0.532782341018338,0.261902564739725
0.671844227877227,0.0426126553493358
0.987311095298959,0.459717404174633
0.531642109672654,0.0532399354905691
0.361502417506265,0.256755578094794
0.388267125533419,0.259350655805957
0.203168384091496,0.041628217652536
0.529917335851792,0.525528966927857
0.877656427001858,0.231833394422806
0.677568188618564,0.282143910019862
0.0479624893922559,0.00142763267719163
0.11984901836822,0.11984901836822
0.345883685875151,0.345883685875151
0.0799604677483965,0.00833889320356114
0.868378401401499,0.179021484519592
0.281642319932714,0.0677644997269773
0.613716721767631,0.380225488551999
0.551026482158897,0.12773298523443
0.849133429662731,0.219166981742923
0.123325212300058,0.123325212300058
0.513603974307322,0.216499337262102
0.399404227835266,0.104594355051618
0.508271269169911,0.0170024519570092
0.927173639926515,0.336339072066828
0.404273800939782,0.160697593741856
0.00398007285719371,0.00398007285719371
0.556432015248033,0.0532186117355019
0.677098087534738,0.286574510671976
0.00081258988567787,0.00081258988567787
0.341240968555331,0.341240968555331
0.0962411327774831,0.0962411327774831
0.714054164473662,0.408706326762619
0.498263126258581,0.498263126258581
0.577306127482423,0.146943950325281
0.280741965387942,0.0806941973972537
0.638113494400192,0.284886055799257
0.429047744890024,0.008965216025135
0.765615500582258,0.0282550882673163
0.132147204954383,0.030609382212711
0.39558470206335,0.246461657251186
0.931699544025533,0.0886831385035177
0.116356099160987,0.116356099160987
0.0646887240483011,0.0322412364053127
0.730105357487765,0.171113895012903
0.314254737775263,0.177618324898758
0.436509717986956,0.436509717986956
0.329570566845207,0.0182154123538545
0.0788123302505034,0.00297756670113218
0.315525441391378,0.0778314594454313
0.627343677243845,0.0251921028747727
0.853513796802905,0.0242735743546436
0.811024872537596,0.351131797685493
0.299876330314149,0.221315120258765
0.629538026268793,0.503942813023077
0.671469187630235,0.0509334449894309
0.76523448735381,0.187636260539839
0.763850160014135,0.0567411338484817
0.829710678526414,0.270400683657618
0.564486638101505,0.120977689681801
0.754377263642519,0.00405237963388993
0.613166131067019,0.0766835802371106
0.683789612761191,0.366075281403313
0.845943740346884,0.0654210565161206
0.367923114546469,0.0892931620011172
0.0810799377115742,0.0810799377115742
0.366404747262472,0.354435361410289
0.861007290809341,0.0749999532633927
0.627431697542763,0.344541663828585
0.0728566028435545,0.033607325328444
0.46939274267274,0.317801160343809
0.621851273750907,0.114211367467229
0.309374019652907,0.0414477155496167
0.253878615234318,0.00624662663423894
0.907056299496563,0.131589811703557
0.974902394790701,0.282069159870947
0.306901624510565,0.103886316631637
0.220439950182743,0.220439950182743
0.124216246692539,0.11428508354968
0.411163629246393,0.187182538915245
0.81921497749765,0.273470950470971
0.268897058534927,0.0133245723052373
0.142010547984276,0.142010547984276
0.217561299909926,0.13392111440005
0.781700506259247,0.088819656391995
0.991446313288339,0.398369701496556
0.604002761385269,0.344199525496641
0.198388585594216,0.198388585594216
0.726967095387901,0.178812754722391
0.405990484326393,0.328627659301993
0.83003677590895,0.20932176518344
0.0540078363893342,0.0540078363893342
0.86028724607559,0.14829252623099
0.762457572214047,0.020405203017557
0.546734611450878,0.257532955745097
0.748546024637644,0.408054789418433
0.958498599301639,0.245861995000181
0.68413807701569,0.33066878255431
0.261906719794259,0.14146095274196
0.719404022817745,0.044466774136284
0.648365556574039,0.0381440835618519
0.0375950966503163,0.0375950966503163
0.923496264094295,0.0251613050308761
0.94474957907894,0.16547377648483
0.20060285577101,0.20060285577101
0.00525766984129532,0.00525766984129532
0.710208417682795,0.560875485367268
0.323489374928448,0.247335344397129
0.173614332589716,0.0255192542457514
0.4844265874087,0.4844265874087
4.90822489954665e-05,4.90822489954665e-05
0.77432541332029,0.0274362725948209
0.314372303706228,0.314372303706228
0.130874376981558,0.130874376981558
0.00575191599892897,0.00575191599892897
0.373393441247124,0.0170307134274928
0.494443690840152,0.043902685429519
0.123654256212906,0.000534275334162078
0.412097827918306,0.0819276633522734
0.776050743715545,0.217230483107197
0.971725752543758,0.129181819278581
0.927378517635555,0.0500266656891684
0.940278332044388,0.3707693040204
0.485572229775597,0.202513193187839
0.199251430255871,0.199251430255871
0.03846437412296,0.03846437412296
0.474514403122238,0.421016845305237
0.167004769332557,0.117628280836708
0.891919858670386,0.299664952295912
0.611714720478066,0.0810623978989177
0.329701696665716,0.115011961554907
0.745242259899237,0.338359431815421
0.279294252562474,0.181809516080515
0.826503584110042,0.465608231854422
0.99293685606105,0.468196067669481
0.0220527920367096,0.0220527920367096
0.229955043465924,0.175954599204426
0.341085482400854,0.341085482400854
0.231644367491924,0.0112822826584534
0.188020287018897,0.103073995385986
0.841182916189654,0.169297553904335
0.555411986914172,0.00841520708876335
0.258685864187159,0.182300444921035
0.587755837848753,0.2466744093757
0.828054126474601,0.451740807220207
0.482822766357707,0.294601208288053
0.66073248034795,0.583936497759725
0.388968147190878,0.153494708988183
0.175721583083799,0.165425691849865
0.503156443186911,0.109491379002926
0.0673510602213564,0.0673510602213564
0.663171180803594,0.339265522490566
0.258549804056433,0.119526619712928
0.732952601019041,0.00823458216730989
0.177585329785798,0.0250482917824321
0.184465873609114,0.0153872897391464
0.712405445556877,0.120176370187161
0.511531978511419,0.277058449860778
0.32889590559495,0.0177006413265196
0.370317680969772,0.327325108520209
0.932339247295842,0.276552162417275
0.571461562271184,0.316654908620111
0.468549385641475,0.414486809752301
0.485364480817466,0.17228376352361
0.484393835265062,0.211020503009622
0.552511572237506,0.196334690886273
0.774728180000675,0.154052484993067
0.923854784708094,0.0744558458746953
0.892535061024434,0.705096421652909
0.144448820236571,0.011720492601221
0.745970816277476,0.0711252967787853
0.0853780453195939,0.0853780453195939
0.47172795445555,0.270190281098442
0.134380431490843,0.119633781520395
0.744559819306263,0.191789001932139
0.939216748298305,0.0269233240239943
0.818537802237475,0.35322004509542
0.201257010908668,0.02010427657665
0.873141043160274,0.00408117968043193
0.369946987030273,0.0494154189626297
0.112193244442284,0.112193244442284
0.663905249639184,0.255624027442538
0.628429549237222,0.396611763215155
0.894124868824634,0.255909730710991
0.949380200669361,0.125411782512532
0.629503803733405,0.101513880769834
0.113973561882313,0.0298110743508681
0.613127482756294,0.346158720257776
0.880903677016132,0.255208975981788
0.355532786643653,0.073068530929971
0.905314497874251,0.126539612209141
0.423100552355111,0.14982723218199
0.0262591913403009,0.0262591913403009
0.485372600368532,0.125669219511121
0.141719499904226,0.0390453545402575
0.0816055727710663,0.0816055727710663
0.737548483883549,0.344764467529985
0.722417772975812,0.066062809042649
0.33135523073967,0.0281925383298388
0.698294775579026,0.283217184589688
0.623361359700738,0.161112500748863
0.153754806356208,0.153754806356208
0.136998833167406,0.136998833167406
0.3666106124738,0.27488343570983
0.379359043548861,0.247073896068088
0.0718453775336251,0.0718453775336251
0.122503848519179,0.122503848519179
0.580283490238558,0.147607436602748
0.465499806201433,0.0570928052995332
0.632203951175593,0.223296461257798
0.219985653064808,0.202114541535226
0.545608824772594,0.129974206547754
0.98481286877216,0.294573136722373
0.462453320822971,0.462453320822971
0.212999414791308,0.147157740314857
0.994110427902456,0.277623285687841
0.551417541227377,0.196674046288818
0.924733342978913,0.474506119619867
0.293738224074551,0.15183966055861
0.625688917691105,0.366057707019151
0.0268442049194149,0.0268442049194149
0.223167047951818,0.223167047951818
0.416761754984953,0.0330678658588143
0.494936734546452,0.217619981667115
0.777212666698571,0.259123339411012
0.882087306873756,0.32459017430085
0.886350496861555,0.13742080887051
0.448308108935699,0.0634494983972589
0.0539244404437615,0.0244693181030354
0.931175024189542,0.549694266002958
0.450063353757315,0.292637944181901
0.0409744377628503,0.0251337309302259
0.595804070366843,0.13818632406004
0.349500743820665,0.212316074230452
0.385151164834417,0.0785507200580205
0.976271701406715,0.0748949774210375
0.0662458918872062,0.0662458918872062
0.506981949237836,0.392852703042555
0.872191020490136,0.151163400823231
0.338970509631739,0.112535049806541
0.738875923524499,0.0780637919655374
0.0874169870800373,0.0478944438060251
0.777181446564748,0.49282184062702
0.321950759933892,0.300043078056304
0.523846378691486,0.523846378691486
0.296052733675783,0.109427851133429
0.687426488441608,0.117093559317185
0.127926911757805,0.0824296340656524
0.270093406033397,0.270093406033397
0.345387487606909,0.011812705225142
0.318175029776079,0.116760548823163
0.878405175596338,0.381609548314252
0.118935523352841,0.118935523352841
0.982514288116862,0.652907386039811
0.31452445416523,0.0139713681028674
0.622312065737519,0.28235274640236
0.122463799312344,0.066130184789949
0.366232937125498,0.228656716042183
0.320350937880345,0.0166646600288379
0.836631606406485,0.21058454945502
0.0843522242396516,0.0286820544795439
0.0135646184551033,0.0135646184551033
0.899079472937887,0.194644104956393
0.622524033485446,0.170970620440532
0.0157317399965037,0.0157317399965037
0.856413666451096,0.050565499785032
0.150870838923429,0.150870838923429
0.58586489758879,0.0489511622253102
0.521206843635603,0.0137471172934969
0.760352247335922,0.152206190646082
0.767938524465244,0.172194324549198
0.855776387125062,0.195865308360167
0.480627970703947,0.248013689291613
0.45945659203087,0.0381007960630723
0.937013093987378,0.0497332960293687
0.902870611075384,0.0816647679227204
0.107481747757864,0.107481747757864
0.475848077114855,0.149015784928187
0.329179365108825,0.329012474608174
0.429938932448239,0.089149882325244
0.541771028232587,0.175737622598719
0.76155995413689,0.427872710693074
0.233396783728546,0.233396783728546
0.0508960903931882,0.0508960903931882
0.714078462689703,0.0545706534353475
0.61798889288144,0.129159817426544
0.899800306436439,0.083473405117984
0.246134009532843,0.024762505991284
0.411249928638491,0.406196026036971
0.692792227868933,0.287874200898545
0.934272990871039,0.00041400394807848
0.2154842374093,3.32897596906958e-05
0.17291281019798,0.031753717635323
0.417636470575971,0.164799423834522
0.461848754618308,0.241285888245718
0.601298023660732,0.0726882657850149
0.574364231333257,0.0235949433685373
0.852850548475295,0.141762326366295
0.618163663029298,0.220433354864059
0.971288018941052,0.175721897665462
0.848460446259626,0.184929184070759
0.99853520219534,0.00577649453184336
0.287124674991908,0.208160114851246
0.663597785746293,0.416739953751288
0.957433988519286,0.00554246680841512
0.332092241756778,0.0979412934427152
0.555580136687542,0.38054681944455
0.147969871060735,0.147969871060735
0.859954617336175,0.175261584759343
0.241724989330954,0.0418619963537557
0.819975287126526,0.0178414411014726
0.0953469860096657,0.0953469860096657
0.715036433298,0.223483350046307
0.440068037958794,0.0105891727538539
0.833727750586596,0.0667181951239176
0.432887530785334,0.0303863717501119
0.723307525211331,0.134644159489004
0.267424484733999,0.0311059975868921
0.443848814732246,0.0921513354309671
0.207572618092577,0.207572618092577
0.411324194126503,0.176173003066644
0.721525433588253,0.377519621103989
0.882728213479476,0.186201840829518
0.074000859779774,0.074000859779774
0.661010418830834,0.0119261266957138
0.67382453867058,0.243111942458858
0.495581951135679,0.101778275679889
0.654546865266969,0.0314108647432289
0.0880493548707889,0.0880493548707889
0.69610184977309,0.330530316116314
0.475610350099411,0.400035440378599
0.479172104027,0.159939371159237
0.486250617589193,0.175909178937123
0.448086803297217,0.171424111821844
0.0864778030451789,0.0740470147695314
0.958631253882439,0.0159688789280617
0.992607813356884,0.0201792207797107
0.870792021070047,0.428038584976541
0.528179357263958,0.119277272674977
0.159070876664362,0.159070876664362
0.457044061996593,0.457044061996593
0.50035994427438,0.257145974892459
0.523303411006031,0.142678223639782
0.127819271799977,0.127819271799977
0.0202514281623049,0.0202514281623049
0.729118804544128,0.0116243530376651
0.489252453510356,0.196939413273945
0.346574780686875,0.0155212890147526
0.816030504196724,0.0324489602541833
0.114915058420739,0.114915058420739
0.270580945254837,0.0367876366835093
0.587431617087868,0.515539866904559
0.382929512497547,0.382929512497547
0.132411566205261,0.0689496692419248
0.910919944642043,0.471605802939476
0.66952895802556,0.262020878652532
0.735242593832846,0.62597211684591
0.465544915367537,0.0736179978589946
0.0586167767252068,0.0376394277653066
0.630756173326821,0.120327460325963
0.862567633141787,0.198751362685927
0.328722515139025,0.176238875068842
0.130816999788755,0.130816999788755
0.0836471808509468,0.0239679880929973
0.0778114511282437,0.0250072525890304
0.771202071810689,0.044407326587015
0.53455952563911,0.0781559550302951
0.141075420798025,0.141075420798025
0.389370528215852,0.00651836462648693
0.763690095296664,0.281676862645122
0.486498667536786,0.439064946547788
0.217433542029178,0.0699561853783287
0.305519832298063,0.127027522843974
0.982401019015564,0.0313271931455132
0.101442029040845,0.0829980090095633
0.72826720709293,0.144567252506795
0.891239319062254,0.1064477081763
0.838288348844844,0.228109193643356
0.69222233773445,0.205637043473035
0.249796661802156,0.249796661802156
0.113757824603829,0.113757824603829
0.219135735452139,0.219135735452139
0.952162186771905,0.516216432818291
0.888352301408396,0.0571767907790562
0.552578029542871,0.213454566517709
0.840478312200936,0.134284262419683
0.092176302021411,0.092176302021411
0.468114137489697,0.116651125147686
0.746047505723799,0.0259658771105122
0.368267704978769,0.176744031162246
0.144664855824196,0.144664855824196
0.304445480927961,0.0774772883188634
0.356221231737964,0.15240091101886
0.714867704352353,0.171091679705292
0.0186947078942062,0.0186947078942062
0.427268143641944,0.427268143641944
0.716552751967122,0.159960467867092
0.844329429865835,0.402793113962296
0.339660597567375,0.0204853782145601
0.0559459244810738,0.0559459244810738
0.710778095841858,0.578465931780177
0.664334919860313,0.477832802377446
0.00139437332988678,0.00139437332988678
0.553580037639968,0.404639297986633
0.188054120898587,0.0675728520484417
0.590798031452497,0.273330967219553
0.983636336696335,0.29898750989334
0.904462855503192,0.0523434855072454
0.73306034485106,0.0240981381660025
0.617868794945956,0.0247482295605249
0.896369860289677,0.0428757658263954
0.156685664438655,0.156685664438655
0.847857741854775,0.375895243917729
0.458074369272274,0.0990129570258355
0.0269701372210001,0.0269701372210001
0.666429189289226,0.147540314851779
0.892361605318308,0.489803485272851
0.672797306801185,0.190263919763424
0.538903365634745,0.107234387959977
0.443025686472669,0.0118368368203515
0.665007463903725,0.395818393362014
0.598644649195698,0.0390922618572549
0.844000272761568,0.34009903073465
0.306806446014166,0.24761307775916
0.556283814115333,0.0346444933080919
0.419665446704698,0.419665446704698
0.402255801084872,0.371312878214683
0.308445620271659,0.136134418215608
0.140977679128768,0.140977679128768
0.163057149544434,0.0485718435150512
0.832691003101847,0.383116346750871
0.513584743287746,0.0363376024505235
0.443986976431816,0.184696024338556
0.233176578511557,0.233176578511557
0.682305551134109,0.115462386621482
0.125703076029431,0.125703076029431
0.875770794200864,0.0318058174675625
0.54848709385103,0.240012748127424
0.0265927905720626,0.0265927905720626
0.723887766358811,0.624911066253858
0.724739119927503,0.123516458059546
0.159557766431574,0.0819047102938928
0.247204144295275,0.00238986786508208
0.43688571498514,0.212734387629803
0.350532562590078,0.0362515420203748
0.060479829423827,0.060479829423827
0.642451287125493,0.0628253372836057
0.163724422064821,0.163724422064821
0.652413415330307,0.0707679361114393
0.234854708168178,0.156181808214173
0.383300206588991,0.383300206588991
0.193521877523013,0.193521877523013
0.732844082616186,0.71596700853648
0.830965137851416,0.0850732718208829
0.574915596219678,0.269932963693266
0.299883999409781,0.118453145727276
0.528672192842583,0.0901771730608787
0.561245112597843,0.249035173982054
0.855262748169604,0.366695472753594
0.28526120588637,0.28526120588637
0.642931311402143,0.043792560643217
0.892910203227394,0.280640966591028
0.762972059149883,0.417526357256082
0.16672416494349,0.16672416494349
0.762690020533026,0.115832142801867
0.922264154615226,0.0661048797840714
0.551201356346622,0.00338620965463353
0.286566934897568,0.286566934897568
0.919893296889137,0.165825042276827
0.91357128242558,0.376686733210625
0.980092528896898,0.863876781566288
0.934753191624969,0.00999750756134561
0.14729196090247,0.14729196090247
0.29263707834027,0.033441092198172
0.804428365555307,0.106523552610956
0.645052610012814,0.113100232393794
0.640254721942492,0.30262408830448
0.655852101357141,0.0336122923419032
0.824691129556544,0.0748831731394441
0.319581909684107,0.26781150653184
0.946598540340145,0.062447045390735
0.0129698501458136,0.0129698501458136
0.266962561247617,0.0844284965619494
0.115160850394355,0.0233582583559459
0.605142653872297,0.0680065354150142
0.307716856717081,0.0535577011419495
0.720876678933058,0.0323585065344864
0.0271738292901014,0.0271738292901014
0.978799396551732,0.280431301178068
0.11916482405366,0.11916482405366
0.332430044086993,0.332430044086993
0.0633286851161833,0.0633286851161833
0.13035552666969,0.0526006885080319
0.159621967077708,0.025775382644116
0.907630177858882,0.0081035741352865
0.639569318538385,0.115778970789991
0.207203682691397,0.207203682691397
0.0864446690261646,0.0864446690261646
0.634759097468555,0.0543592526519014
0.949603875169118,0.0815156954462535
0.111839358026061,0.111839358026061
0.825768312545578,0.335602291416764
0.0999522843637567,0.0999522843637567
0.77115044710558,0.00465626247928108
0.295455415964391,0.00203811678064641
0.00694189126709676,0.00694189126709676
0.762244874902524,0.210022371775395
0.468873754967223,0.0811461557780918
0.992552737612002,0.116562585439998
0.456453477014072,0.157614849256357
0.880807420209625,0.0166411090870632
0.981842067124936,0.00602779781959066
0.0452671801278785,0.0452671801278785
0.0199455190354539,0.0199455190354539
0.422557196369513,0.422557196369513
0.376600029623143,0.376600029623143
0.24886067849235,0.159676417196034
0.85352440606769,0.227630476414605
0.817040643917809,0.0380712292490809
0.581711832533768,0.0014125781369538
0.8328117322802,0.127715174478067
0.374091314893601,0.10212561719977
0.958811195014956,0.650267873218941
0.215135590359728,0.215135590359728
0.642614052652762,0.0736766538829569
0.316125061762623,0.316125061762623
0.989709107992097,0.0225282720137653
0.683226885700912,0.154144388707524
0.177228104091843,0.177228104091843
0.590139618742544,0.45657673780428
0.921374456444915,0.0367912713844451
0.0109302789889782,0.0109302789889782
0.532666120440737,0.532666120440737
0.544921599910477,0.0479790901974351
0.940269657729111,0.034437370125768
0.730067776952516,0.637996011409276
0.477639311036518,0.0790385557531894
0.543881615572901,0.307832106438473
0.870972521032656,0.238141150684944
0.0956594576801948,0.0478891329431151
0.618476924796529,0.14811951016631
0.192621293265104,0.192621293265104
0.443499542590335,0.0785823189098525
0.148599909898059,0.148599909898059
0.135168186032453,0.102011001002273
0.163116897423322,0.163116897423322
0.72423725345629,0.497023140041552
0.525019240410454,0.350699175243651
0.698992146211451,0.568185140212233
0.463576975259433,0.115729857476528
0.908866175824654,0.212560909494942
0.0810202251859842,0.0236327164795452
0.837774531068085,0.178414325718083
0.521989225723897,0.222142006260797
0.258992728500218,0.0493584709975954
0.0729802431251012,0.0729802431251012
0.784147607155008,0.0971330454990216
0.422917271123473,0.20434765571987
0.303729966919904,0.0708257534405578
0.34670668569479,0.18542356416883
0.0111201297700511,0.0111201297700511
0.68832616311886,0.227073401526597
0.875770129634561,0.123480868800458
0.640966963007111,0.30063464967531
0.678004273539292,0.149462866622834
0.526322813265141,0.313603086344205
0.763380511105265,0.0353155551854117
0.400874870046027,0.326037458106649
0.188269350520015,0.188269350520015
0.221201173531477,0.218330437709804
0.0891367208743642,0.00436243744011002
0.984186488961033,0.348010845732833
0.92058490679705,0.162569940405903
0.177125029454807,0.177125029454807
0.605879966603288,0.0310376113916775
0.440349564122593,0.100027221559369
0.0646242680607987,0.00656900492285047
0.149221477992314,0.139691024522012
0.0293134313793806,0.0293134313793806
0.973067313726718,0.2735796344964
0.378016368747112,0.150532861133795
0.692184956194611,0.054613527729393
0.379339596066945,0.0871009935190839
0.634128183937579,0.105279918450519
0.630348826058263,0.500244450624303
0.910618152112645,0.0181696382132835
0.895617704651126,0.219169952128855
0.59675001659806,0.10614796799054
0.369799923184883,0.104022151621061
0.299018062657229,0.173902623507842
0.878303904585799,0.0408569152705605
0.67534338481113,0.0999414713520899
0.290539978923174,0.0100300418929849
0.31540379940924,0.256823954164752
0.0809529321426791,0.0809529321426791
0.485052615888302,0.432580653349196
0.466106023633748,0.325016636973264
0.573797922104988,0.391144268317812
0.0242157552831701,0.0242157552831701
0.935123250795191,0.200647490304742
0.574517098849646,0.149121465786899
0.966556238224799,0.612442903171833
0.206300712946565,0.206300712946565
0.706402694665228,0.347166761710305
0.0384550699759847,0.0384550699759847
0.741292181063548,0.457980221621228
0.439965778000919,0.328790448973488
0.813907018213845,0.654416914773238
0.12615257297031,0.12615257297031
0.308524484458925,0.308524484458925
0.615759045057317,0.235796365592901
0.185824566098682,0.185824566098682
0.581418560761155,0.197173190765104
0.886614143195511,0.645113623960084
0.818278582081145,0.0349699958156491
0.846505575276138,0.185385552649074
0.776339467804279,0.0903125836172511
0.271883374660519,0.118981787477931
0.137255447361141,0.0449740783566151
0.91419175084263,0.0190779825345293
0.820182909674321,0.447592121843874
0.91153791314451,0.408898210517825
0.617506475980626,0.0808920630185347
0.9926652038482,0.0239451749230756
0.37911508954769,0.0748542420731911
0.41113951372871,0.033138399901304
0.769921923361325,0.319328624665396
0.387847353637443,0.112245995852472
0.211436245001207,0.195304606590786
0.732357562819668,0.581228053021668
0.864821483277666,0.0214762735110338
0.0590646073512317,0.0590646073512317
0.972794274482751,0.116027816437855
0.000652615352861094,0.000652615352861094
0.247231188756438,0.247231188756438
0.715947723130696,0.129664335648432
0.734833323397332,0.240317100466878
0.815235532905126,0.439537184360828
0.613727820762263,0.0567237645998332
0.53282080390668,0.311536188875682
0.677988324491743,0.269462953193888
0.963069658722042,0.451403932065666
0.97573248695392,0.105820804343868
0.292508597574053,0.292508597574053
0.150521878490802,0.0254937352202467
0.485418692088622,0.485418692088622
0.875710386750674,0.0648826952635138
0.0201893206300379,0.0201893206300379
0.0178714034149943,0.0178714034149943
0.408141811627611,0.150547987498015
0.259532513660221,0.205239842918073
0.666436208187214,0.0186272377432964
0.333305487993871,0.135967908112066
0.857303655417104,0.0015734117407644
0.269641778322456,0.141790144653372
0.220916761357148,0.199887121484974
0.129646058827406,0.129646058827406
0.907438932951151,0.0110703821581729
0.196190022336765,0.0411018670373239
0.644194733370684,0.0964375578974199
0.804004040042924,0.173158668050361
0.472408552441966,0.233592101182452
0.334497609259624,0.174682319665958
0.211436886058765,0.0649496795295685
0.610152122550921,0.150686243106296
0.351832142790937,0.119346030020134
0.922083292641138,0.0977089765991298
0.454243844342916,0.448119122995075
0.69291607776126,0.131888828427017
0.131706972033565,0.0315690341630707
0.340081113388562,0.0253553487199362
0.15808679078425,0.035357920003579
0.926247941330187,0.326892241843333
0.274247427548193,0.121059236046244
0.947681882575857,0.0961424072957052
0.491010176744405,0.0297191719602592
0.73797601233387,0.614992052342006
0.524938254699451,0.00210659672901915
0.651191658596941,0.101806256271672
0.0104254397659393,0.0104254397659393
0.961002703355588,0.303998949718804
0.188052665271647,0.0604262008008313
0.539859045224895,0.0664083283531486
0.846715131140321,0.0446946734490755
0.000171325063760979,0.000171325063760979
0.274944912553658,0.210887833337249
0.239713235550906,0.101031804201061
0.589006777756665,0.300411758988
0.332584645643681,0.1023382938943
0.838894101046523,0.311050955019449
0.0479173175894083,0.0479173175894083
0.405063642917659,0.366198761444337
0.92159667544124,0.0972315200969443
0.812622917568308,0.27065666477359
0.738666750876269,0.257076426009319
0.00473790326314924,0.00473790326314924
0.120732578402535,0.0385106337759056
0.98430571673074,0.46072904234626
0.647598185786883,0.0760778672402236
0.444621571611561,0.345498923074489
0.591862796702948,0.069550797554212
0.463687899785706,0.424182634015338
0.559143133445063,0.412199624064183
0.900749225105079,0.113910219616468
0.770545062420448,0.07452160072526
0.948348225602792,0.160112151191055
0.448196432596519,0.00367826806845624
0.616827223350604,0.0720034043926793
0.189238857751391,0.189238857751391
0.38207390442558,0.224084978197257
0.814748553673371,0.0780209008250139
0.0190555690462206,0.00196423239762631
0.842294102747573,0.210855696078142
0.64853193547582,0.145577646220417
0.35561091687572,0.35561091687572
0.0147464344618172,0.0147464344618172
0.288826122551895,0.288826122551895
0.678762295940815,0.212996283670617
0.230292070236132,0.148412991651807
0.046936907938691,0.046936907938691
0.950944194974511,0.493274276158481
0.626006403715051,0.286083118421462
0.678948295838552,0.0491957705880756
0.869230919840165,0.0283606424552663
0.696757323523135,0.180098091942612
0.133545443130207,0.133545443130207
0.966233458274169,0.113199823008819
0.169850783259383,0.0523594786015259
0.197152276519752,0.197152276519752
0.767788653165632,0.0849141711643479
0.632575632080596,0.481418078704292
0.47941216834873,0.0153669212625494
0.419957196613917,0.0350452741605711
0.143791328356979,0.143791328356979
0.403689308037051,0.00828043899098473
0.181799444214547,0.181799444214547
0.975798526878649,0.162268047110038
0.477859702299241,0.177298773325451
0.947019288270784,0.197401837067258
0.586469347862456,0.267985677144671
0.79955914093931,0.24244649759114
0.177889858346723,0.177889858346723
0.131123766011125,0.131123766011125
0.0251734267373697,0.0105037201149413
0.825785507619027,0.184530765328576
0.390985217131202,0.164737447347317
0.485114470667085,0.00172143344077315
0.983209387594157,0.0202063995854473
0.134592370053218,0.0767512781240957
0.893131699121223,0.661012920623151
0.584856107332678,0.484464074291168
0.457246320176253,0.0608331648536661
0.118850189660661,0.0486544370489737
0.826264812851326,0.0169866170895743
0.81525632104664,0.617916733404622
0.348620080286418,0.0220973629861077
0.335575353660716,0.216707721706872
0.983485253109072,0.375882587584041
0.971512477837581,0.332024010152393
0.981790308690772,0.0199054143868907
0.818279270967595,0.19915855315112
0.0296817957446649,0.0296817957446649
0.444414649299823,0.219559064905518
0.973520645766289,0.0225139130645216
0.435262018565561,0.0120761589844205
0.61644113340456,0.310834528529842
0.0186619731235175,0.0186619731235175
0.106035475456757,0.106035475456757
0.419764399917388,0.0790701832343714
0.774182381275781,0.276910540915591
0.166525389630241,0.166525389630241
0.206977168870564,0.183583530999883
0.479822941142178,0.479822941142178
0.947017163796007,0.172524444766009
0.496116399827972,0.327665496801814
0.321518104404762,0.0176202315728084
0.531643402382673,0.275300121399519
0.840220433884531,0.144626507854485
0.0267386249746415,0.0267386249746415
0.624489070286146,0.163210532185943
0.411493708826922,0.159644463603045
0.0952727340382912,0.0952727340382912
0.139681204287684,0.139681204287684
0.241266667901562,0.241266667901562
0.772677534851707,0.0883503681073532
0.806963116365801,0.0968241670443049
0.233654887213996,0.0153022060794155
0.0841107101060507,0.0841107101060507
0.435632479215205,0.0378985084627971
0.157801050125945,0.157801050125945
0.869593017948308,0.217514511146147
0.00298034839393575,0.00298034839393575
0.152459754132501,0.143492451569005
0.30275112688486,0.116041530099249
0.0874547423301396,0.0535188151112009
0.931643024113723,0.184165614695899
0.193274993046768,0.0621973120459869
0.317299071215362,0.196802005258175
0.224711457469534,0.224711457469534
0.00704846896969639,0.00704846896969639
0.265204248152112,0.265204248152112
0.439061999566003,0.353882136799088
0.1055966870529,0.0658529007898839
0.303864497970993,0.0878357775888523
0.663745272723181,0.275800847876484
0.866609122180016,0.210696853908335
0.807568468438329,0.513963985454016
0.559482639849322,0.186213917301113
0.975037532471604,0.03432450451219
0.751649902122298,0.146282585498929
0.514145371129385,0.179029125216648
0.695294761606536,0.588591546227348
0.891742132286974,0.077287739061796
0.174486038320565,0.174486038320565
0.225294209338598,0.225294209338598
0.583245175206803,0.421058537651055
0.0510394670804676,0.0510394670804676
0.452635535310145,0.452635535310145
0.177794827571975,0.000824492761198142
0.533661606698759,0.0154295534147163
0.595373835784906,0.128824625331318
0.760438133437744,0.152913366862325
0.411026156836272,0.411026156836272
0.357944021379956,0.0827749144769914
0.128476589045916,0.128476589045916
0.72948854907345,0.312167527468201
0.950384332218306,0.013024234559904
0.773489602102155,0.321837307114097
0.551273808732305,0.101888768151293
0.023887660148759,0.023887660148759
0.151303021098311,0.151303021098311
0.663444894877841,0.493068266909104
0.431623632191816,0.0252790146669504
0.36999196704385,0.245516605667081
0.425222711035848,0.065588532900643
0.996259978965184,0.000467484366656294
0.35264670847807,0.3414084812404
0.528816688962065,0.0681756693561531
0.876394373576042,0.653278863387177
0.716075065983367,0.120641213909054
0.714239689173352,0.0107333699106978
0.635362521398805,0.118921037725978
0.340943682950554,0.340943682950554
0.0927335125714404,0.0927335125714404
0.6756246276992,0.11753785158194
0.807960178953764,0.094421242799817
0.75587103269785,0.688456351271876
0.624872993830901,0.11542532115239
0.946681280752657,0.0859384672556938
0.664542095487775,0.664542095487775
0.689555047324692,0.113995253174503
0.836535600634191,0.0770763876309694
0.774341543120003,0.221771469199535
0.874481647968521,0.158269358537375
0.30494595466245,0.30494595466245
0.995881617106815,0.132043022994696
0.417150686532683,0.0152317816113713
0.495459242761948,0.481770433068503
0.337848582046392,0.0345850204604503
0.75049802690448,0.293635149266146
0.0997621296463485,0.0997621296463485
0.894455981207307,0.220571144191628
0.0315365322853751,0.0315365322853751
0.132513374910101,0.132513374910101
0.138972099223551,0.138972099223551
0.703294829696272,0.127650472936411
0.298426176219888,0.298426176219888
0.343520840004489,0.118477792083368
0.200740497575,0.200740497575
0.936705115160506,0.243327382249576
0.480016809067233,0.121166229674618
0.561382428923238,0.236324266744794
0.860381477603565,0.306912238013331
0.618254429405047,0.444311200836247
0.740069999766058,0.242009881885818
0.575768891567919,0.0339243119153273
0.697738460137568,0.121994792431935
0.0373893375048851,0.0249769512914501
0.140416130659133,0.122669984978148
0.727725568187804,0.057110052581499
0.466610717142831,0.242982483759505
0.804281071732984,0.0550117944894781
0.787821273785409,0.0826014426117476
0.673017699539688,0.0780812192215494
0.182583903771662,0.182583903771662
0.700402971680012,0.136229149846208
0.179864746605094,0.179864746605094
0.0641802659383521,0.0641802659383521
0.775399274417217,0.179373201910756
0.464448376112182,0.130035628953933
0.304969973319394,0.194750501456171
0.241603028129272,0.241603028129272
0.208370785010685,0.0637302595050374
0.597785843715866,0.259851329371563
0.921162476365513,0.595248454102644
0.104533087930057,0.104533087930057
0.108581134485466,0.108581134485466
0.513594192728371,0.184244508604996
0.619843803896063,0.199946393444382
0.6977128584252,0.0369786232130917
0.282321338675887,0.282321338675887
0.948681717598062,0.264279679372782
0.522646091236408,0.0642855461656237
0.437402663705913,0.219949472673026
0.462806838651994,0.0405588257672729
0.702607863505555,0.31092090357312
0.929018703138224,0.152621353607596
0.0893965030287219,0.0893965030287219
0.872826738477021,0.0569309020325844
0.00484636453633368,0.00484636453633368
0.880280425111094,0.382248716376497
0.703965541230231,0.533194475745586
0.673017399649134,0.204001287958115
0.626839079390316,0.130004623649729
0.271216190445342,0.0952267561180288
0.649099134934946,0.0547447689792973
0.202767834539654,0.0406021896046993
0.884857916813508,0.420596819151952
0.969775589038919,0.0946178015544855
0.0143466563449454,0.0143466563449454
0.707678693808584,0.0815032905886317
0.703220093457185,0.659071190537598
0.0133537434743598,0.0133537434743598
0.320736248152045,0.00921909327388873
0.777516113760886,0.278178006771256
0.938163931580312,0.102531711722638
0.630389303794045,0.227093169483586
0.391990381933314,0.257362131254357
0.530580337529485,0.0859522339288098
0.550628551354443,0.282139137237477
0.245738250916146,0.0206691118333809
0.923121383624521,0.273041891678087
0.515765438306395,0.432731229201169
0.405368581820433,0.287326324110365
0.22249174673834,0.22249174673834
0.102015524712892,0.0117560175266867
0.47675988347901,0.269022221023894
0.220566413504249,0.145191364550488
0.837820383211095,0.0489298642961855
0.232251117088629,0.232251117088629
0.835461392776896,0.192234125755766
0.115594275852044,0.115594275852044
0.560764862215033,0.154464729081858
0.751296984916854,0.148684541452358
0.339876844675081,0.195645235009676
0.966535425530558,0.052864849649768
0.249800069861569,0.0431853897822447
0.89057769037277,0.251756830802578
0.869577620103525,0.467765153048315
0.219746613055179,0.219746613055179
0.0819554311079338,0.000678749750410201
0.509108590926766,0.380932606941166
0.740107245190118,0.181732308265288
0.698996704040012,0.38209858258736
0.660516468241389,0.106766718154176
0.507786864895881,0.118803616385226
0.87569460469928,0.0526034673278978
0.958244622455586,0.641770342443128
0.00892421483128655,0.00892421483128655
0.651538167052475,0.110866867335521
0.820913479765474,0.726426018892492
0.742329571833726,0.250703914895979
0.272579309390581,0.016021906004195
0.113525379592606,0.113525379592606
0.0940943181326081,0.0296547991058097
0.551754085266791,0.280837851010178
0.138821220624413,0.0961577128109612
0.600501993864288,0.0123692609932211
0.186527463322965,0.0346696804389124
0.483767412920675,0.0112660458283765
0.710231134714876,0.289360897073749
0.382452395365609,0.268587911755778
0.223719891971164,0.0238404260119475
0.405090804920003,0.128971709096044
0.777420986895036,0.113808537045511
0.371721227538919,0.15734746673511
0.611970302511445,0.126406505982593
0.644996716378435,0.340695988642044
0.150838019575748,0.150838019575748
0.558108943695154,0.132332539322966
0.46826010229953,0.0994360122763309
0.110345063184558,0.110345063184558
0.517815161808076,0.320440777476359
0.0433245447222237,0.0147624120165898
0.499968259949418,0.0947667044559234
0.341895660969694,0.341895660969694
0.812707837626999,0.0462554595270281
0.856227396626668,0.0809744916041856
0.321846568508233,0.166029591674879
0.854761644351843,0.061275138726333
0.26943968446866,0.122652519569047
0.461157102151671,0.461157102151671
0.992828182355962,0.444108739031534
0.191133258771229,0.0142066388954562
0.904971437043329,0.0684576770259388
0.104606109459509,0.104606109459509
0.964380556445778,0.0482198694471895
0.703181329340626,0.0873217125235635
0.674181515960007,0.155507484869377
0.28233991201412,0.195745025623948
0.441522491534066,0.441522491534066
0.490430600048574,0.175118439529948
0.616979823124619,0.0417146971608236
0.0276446182957635,0.0276446182957635
0.798287866258829,0.443507302059685
0.883358766354902,0.0273227213059552
0.510311493786471,0.38786173834659
0.342983627472042,0.0944322356175407
0.878739828394542,0.383239604535558
0.447131532228335,0.0505402692360537
0.470167004483382,0.218588149963265
0.746873160395985,0.179569616310821
0.764053503286694,0.379032262452265
0.668470919495001,0.0303941954897666
0.924518814447017,0.368749172531676
0.154519546729613,0.154519546729613
0.741028629784953,0.0853211438078787
0.459956217882123,0.0942669750195839
0.262492472957145,0.111389137392474
0.575869954630304,0.17016429967133
0.0797300582530052,0.0797300582530052
0.641813972933435,0.0787730948815715
0.847603524883305,0.0148173010850902
0.483896755676893,0.270360173378836
0.208599965154882,0.175039561662401
0.258450357179509,0.0429006932078951
0.596067777614491,0.0848963175378348
0.96955133134749,0.160056633940522
0.9233064849337,0.0555187834302222
0.220501797926939,0.220501797926939
0.84128492181179,0.226885872781332
0.647012294858442,0.196347286783325
0.305824876511597,0.0276108040791959
0.286606525909613,0.167885951472534
0.86186520361123,0.396685397998166
0.123617404105128,0.123617404105128
0.629839118775984,0.49304549868491
0.347562036940496,0.133967191102896
0.862137170420278,0.468264851074395
0.182653414390125,0.13559509425221
0.0990227930433,0.0722027632424655
0.231109841795285,0.154094612425515
0.21434099317394,0.122549914585617
0.0276388550202842,0.0276388550202842
0.684026055644483,0.543860152297827
0.64336813983147,0.0571803211815256
0.621379128522246,0.178827597442077
0.520250928002822,0.231975952522932
0.212923940894871,0.212923940894871
0.285867705190662,0.0487305710278252
0.560746113851068,0.0469675469406154
0.0674734314770683,0.0674734314770683
0.539402830569416,0.539402830569416
0.822916163978569,0.530992398272419
0.145998734119905,0.145998734119905
0.888821904848969,0.241103090247511
0.847353135812816,0.251641972729166
0.434992449809544,0.164809796066057
0.028761925696901,0.028761925696901
0.159708792484679,0.129067640060382
0.649153954453616,0.00378592484056405
0.989020790709441,0.169658194678744
0.261800477250419,0.0630475043020932
0.920329965528487,0.0354987540385068
0.123860789002102,0.123860789002102
0.0863617558872407,0.0863617558872407
0.846548841356684,0.0362189151293757
0.474399436803718,0.0487308953049096
0.0704082119182372,0.0704082119182372
0.734084764979794,0.122705320556591
0.7598801690008,0.121840541942268
0.916825623991274,0.0080906159376799
0.499073872818145,0.098228300376176
0.273895826011951,0.273895826011951
0.4283041674444,0.22698080389932
0.830743053854287,0.56594121509643
0.173925643977252,0.106250988824126
0.495652365665992,0.405134642201418
0.24124749265982,0.237099602146289
0.206193983858937,0.117714311095732
0.819449235958343,0.330473512967298
0.817543596813101,0.121089814827309
0.296063009582279,0.0240278922431268
0.387344316599383,0.387344316599383
0.263006874111395,0.263006874111395
0.0634029030767124,0.0634029030767124
0.7461349265536,0.0158653969611333
0.950098692610444,0.0761582355560819
0.649517388211185,0.033044398940605
0.954584985718443,0.087771858474429
0.425598804422966,0.257043968691
0.723069003984538,0.117832042985474
0.0823366255357712,0.0823366255357712
0.912584122736436,0.130542960842947
0.853489543562268,0.337881460986971
0.268653471424682,0.268653471424682
0.197299109897935,0.14789027923014
0.289942916071428,0.200595073683967
0.743207825943507,0.0148683164491315
0.82900135255822,0.000407015174664745
0.469085892046618,0.161051434434139
0.779455853115303,0.0697523460813683
0.920018418608206,0.245728128988447
0.780598808996545,0.0742093651461342
0.453534491482268,0.0750252265816973
0.651191393629463,0.204645776670292
0.185569376244659,0.185569376244659
0.111528297095231,0.111528297095231
0.48062820831621,0.0766534799189758
0.444515631167314,0.308372199847687
0.326306693498458,0.0121912641430585
0.944655800476394,0.16527186389079
0.831962522467498,0.0448330733716944
0.487096982418784,0.304144051101434
0.393524128507546,0.0918909464247654
0.928928289144255,0.0603248145784026
0.253910100943436,0.0933966281330461
0.183167355737633,0.183167355737633
0.357729396148566,0.1224788613692
0.42612981628005,0.420214833074415
0.799565561195588,0.360726469442163
0.0993575993969011,0.0125390312920058
0.510283463112195,0.229881787309056
0.469000586786686,0.137425992140279
0.611091100412583,0.275204682428412
0.709359977671595,0.578638403667234
0.0839396813834494,0.0839396813834494
0.904808578131447,0.00497450942511144
0.189170171657957,0.014427742450187
0.659462288234834,0.375697555306942
0.0259046842627391,0.0259046842627391
0.514780070926624,0.294104112997772
0.324977458293897,0.0046693639038451
0.222820296852885,0.0941951275057181
0.536697102829355,0.295372481765134
0.813162035727683,0.649542837974225
0.769211959947771,0.330464658569464
0.219146570494394,0.115204101496631
0.480043034356468,0.0111604380009744
0.0997561518598141,0.0997561518598141
0.781031883850318,0.070312697000294
0.274890380881414,0.274890380881414
0.233443484157185,0.233443484157185
0.547276440489783,0.144271228688319
0.210023399117382,0.0180727037565001
0.69320924276845,0.652095451654469
0.614318756716023,0.0170886954964463
0.310765675491052,0.0919335473817347
0.662144624353274,0.156191233912206
0.544550029346331,0.544550029346331
0.977244801790718,0.0856697782891619
0.543979293678967,0.167317155842078
0.297013182770192,0.216459351988834
0.277298355008777,0.062275985063151
0.310068124032991,0.175806104540527
0.678852051596397,0.21384737777258
0.926192316373517,0.398875403775296
0.291198608523625,0.146427118140814
0.926637695510989,0.0746499300075977
0.970254684972738,0.23763853405713
0.644394236835797,0.106341109241558
0.556900299101212,0.120181400785702
0.268438650071085,0.147135766511792
0.865353987603102,0.0882818209178316
0.62281252142808,0.0807414020408937
0.875211412702811,0.340183639643417
0.335481064386628,0.155858886677116
0.0358652204542859,0.0358652204542859
0.0983372957003242,0.0983372957003242
0.838383515835648,0.0301277628643915
0.370543161676801,0.0228159352860652
0.852025327512519,0.26247670231822
0.0685611257823086,0.0132039614024036
0.0753193137462786,0.0753193137462786
0.848896146591132,0.184503301673569
0.900808174808639,0.0240354148486272
0.416717599706427,0.416717599706427
0.0817975846770857,0.024380396364537
0.0857333381861808,0.0439940352034404
0.150042543095392,0.0652396361792893
0.674148197821979,0.157961326304959
0.580009575511197,0.136222685308163
0.237496521378358,0.230364873423475
0.914930562326851,0.144146178311594
0.482217348888905,0.178438835041615
0.245076799410803,0.245076799410803
0.759888638005014,0.347118039258929
0.165776587333945,0.165776587333945
0.619159965539236,0.0256654589744155
0.368197350442919,0.368197350442919
0.380109774226982,0.148936017877067
0.0936029578390918,0.0936029578390918
0.652044443413596,0.0698141112515299
0.05922400491284,0.0322216064810826
0.693264486127223,0.301384127381039
0.245229725376452,0.0215422154195449
0.110273428453356,0.0403703877746526
0.201250207437874,0.201250207437874
0.056258415678757,0.056258415678757
0.492240614901014,0.0577011554478409
0.0538133030617184,0.0538133030617184
0.632806640693142,0.1083756890217
0.832094067795125,0.181297605556199
0.272351882020344,0.272351882020344
0.595239547043459,0.190214933686922
0.367043118909882,0.134124439495008
0.176861650560302,0.176861650560302
0.712773601108024,0.426457409814403
0.127656315633501,0.127656315633501
0.535635211330084,0.0849507039338915
0.512882346950389,0.13533394131738
0.477984067201768,0.00828959207224045
0.105188436347625,0.105188436347625
0.57564545578098,0.0213210692869445
0.103754793798383,0.103754793798383
0.982181166895252,0.463440934494208
0.143826705452437,0.143826705452437
0.388879870391282,0.205951506238786
0.216768315176476,0.0197114910878729
0.574077575168519,0.365796203063224
0.121671114978733,0.121671114978733
0.254900442849802,0.254900442849802
0.662909094559157,0.187709691879591
0.157437560078523,0.0618321458505101
0.691860377266834,0.14601376347655
0.353405971929718,0.353405971929718
0.426441163870136,0.426441163870136
0.0208137132468545,0.0208137132468545
0.380800542685796,0.0740506979017468
0.53150490246835,0.00604686335985872
0.778657080676468,0.122691371164579
0.37081752558231,0.369282770517406
0.826554294683,0.327013085390495
0.468520246739151,0.384185277657488
0.181673476453004,0.181673476453004
0.57529313878281,0.207924667131199
0.914061402984642,0.0257084251694673
0.451892834807174,0.111987193984121
0.401849026596862,0.205948084334642
0.969800911014866,0.319598350428436
0.701172565527183,0.0170944780481157
0.227133106298521,0.227133106298521
0.996934453790531,0.22215399897808
0.0325398797173813,0.0325398797173813
0.173422762636794,0.00044764040431101
0.861230561180795,0.0313949061126095
0.501724988650236,0.187693711131792
0.881368315850237,0.256467491139551
0.748710315078969,0.493832629902982
0.599848684996642,0.101208414707233
0.463532878271268,0.105473390618226
0.340758632918827,0.297978416930198
0.939937042738157,0.236728271978546
0.182801843396113,0.17861254773428
0.8502718634179,0.13487852695349
0.175947188373928,0.175947188373928
0.225034043940641,0.107383991683552
0.138028381304675,0.138028381304675
0.92539640091482,0.0884616928043435
0.509736301198765,0.0874511696139833
0.996135255373603,0.0682336099608509
0.789450830909736,0.000939797594390345
0.166498008166958,0.141681957208231
0.193080684895811,0.193080684895811
0.47976384827,0.318591499931135
0.102231460098505,0.0872238408991602
0.0897259531442465,0.0897259531442465
0.423510900100755,0.164543888596065
0.128132683302239,0.128132683302239
0.326393880664543,0.0237479809514985
0.817508827848755,0.210146784858391
0.262432442747332,0.261625489521422
0.101586758151202,0.0155834427690625
0.696122585623097,0.00845576685839946
0.409700153123963,0.409700153123963
0.0382081620481377,0.0382081620481377
0.366906324165876,0.23035796835233
0.346257478335596,0.225344235850843
0.676959208777805,0.0293954899650975
0.75318004882842,0.225632942421971
0.641684232546071,0.641684232546071
0.925639403159249,0.0680631260149412
0.794816967181622,0.249814029308262
0.10862291658204,0.10862291658204
0.597126077960174,0.15572920097163
0.0364057048132461,0.0364057048132461
0.722347038512124,0.0282796487984914
0.874826165113607,0.043476289897259
0.590756739846222,0.0415691575230897
0.183603455400736,0.0152198740619818
0.44184297441481,0.44184297441481
0.208493972855782,0.00319996363189533
0.449230424201833,0.200650419447292
0.0157974428994805,0.0157974428994805
0.0786190059981702,0.0786190059981702
0.395001281446271,0.221470021071751
0.633675013261003,0.509547819665055
0.119754092992923,0.0143190953648992
0.0612248363332332,0.0323300383632473
0.736544002803273,0.0763857067671633
0.495258185418671,0.300342522438343
0.518485105034981,0.0504442178714804
0.773084896518847,0.115462491211528
0.421001754076754,0.0944606814822508
0.0299606983720351,0.0299606983720351
0.781840581770155,0.141024834657621
0.14898605815911,0.0209668278220407
0.865213855926205,0.123054041684094
0.140085730664449,0.127281238218102
0.758750643551279,0.111210792721722
0.810265095953143,0.13272643823346
0.585681513056525,0.0933525960033081
0.936221099557152,0.233282003858461
0.768222387853575,0.287798439132714
0.76789385330937,0.238158165897686
0.452713713589694,0.0847168393974598
0.530382284356446,0.125469945728775
0.214888979699257,0.214888979699257
0.464759449178465,0.0654564781540352
0.505111868013382,0.278488776974102
0.867863414376801,0.399498982745508
0.521390057823625,0.146934611200544
0.168267340683422,0.168267340683422
0.478639202644047,0.374101571854493
0.0915809921691246,0.0915809921691246
0.162442505300291,0.0830438335223289
0.986899976758517,0.272177553970877
0.00471621301500009,0.00471621301500009
0.209795418415636,0.0819619089167008
0.750974968076859,0.212744465544292
0.5173345558972,0.325279906410198
0.354634286869195,0.13045340403026
0.531637404998095,0.0068774163838193
0.302577580416922,0.143466638808756
0.072609062945456,0.0532845767030804
0.57508757277773,0.359100901695484
0.936762490727766,0.0720034763767124
0.112278871451573,0.112278871451573
0.800002906056186,0.149159494320203
0.542228756462452,0.387491230134147
0.0989723419834551,0.0989723419834551
0.761067873133343,0.251684443517372
0.175687003136036,0.175687003136036
0.608371345887079,0.52549892993402
0.401071156283141,0.33240774384475
0.071566301377909,0.071566301377909
0.701977919021569,0.40582322292174
0.179437134679059,0.142339587420333
0.405434342003556,0.272941662266609
0.564707834914702,0.471195979946462
0.362828489974448,0.362828489974448
0.402604888000147,0.0382719039988751
0.752695330788035,0.145463724759405
0.465237900903593,0.362857675445206
0.00196839894280119,0.00196839894280119
0.445466740061051,0.124062641968506
0.636100818445154,0.195573383981412
0.766303326763577,0.0165461845848769
0.345536717484839,0.345536717484839
0.19715571724002,0.19715571724002
0.213034776286612,0.209539941611912
0.51817036383421,0.51817036383421
0.677608732879632,0.358021320239829
0.565702465321215,0.335740146834307
0.673388265855491,0.256372009896669
0.0679079010824705,0.0679079010824705
0.710768867226532,0.019763053308141
0.458767911388017,0.170253615268714
0.122448154848249,0.122448154848249
0.132282454914226,0.132282454914226
0.534501641700156,0.274791791027463
0.695538280895787,0.04724543923848
0.479070985678275,0.155196665080829
0.844908785643655,0.610516132763594
0.830205176424774,0.0437272810583041
0.599223727812479,0.100902622261123
0.124924789715688,0.106593333459453
0.921518450168893,0.0112938084736616
0.151569441274016,0.0516029623330551
0.228877626415671,0.228877626415671
0.488951830962674,0.13413826852696
0.421419960677894,0.021024500205868
0.721275481468018,0.323904717487863
0.450161800911187,0.450161800911187
0.280555978724755,0.280555978724755
0.490190673841847,0.254636159529718
0.081717019987617,0.081717019987617
0.677132619435757,0.0582053090340031
0.8471404450023,0.0912713554634093
0.969395331920336,0.130650392863796
0.99918388199629,0.0275825025962821
0.210962583820202,0.210962583820202
0.0138600166659377,0.0138600166659377
0.745973990721083,0.100528400535694
0.0244515037548858,0.0244515037548858
0.516672993022703,0.0871792394488903
0.0611997221750314,0.0611997221750314
0.0726760440087016,0.0199430571091679
0.887458858382349,0.104626687832089
0.0438667902389102,0.0438667902389102
0.0128097890445149,0.0128097890445149
0.602148739872445,0.142898020366057
0.187160909021491,0.187160909021491
0.377052660363444,0.0134961943673555
0.39158413982278,0.0994223468457087
0.506711284705968,0.0034847527499846
0.358674856259917,0.0880422722975883
0.925165167039065,0.442041180870155
0.0198005304447831,0.0198005304447831
0.666605822995442,0.0879132573345861
0.736560468143018,0.188547346226523
0.179422345291786,0.114897427138147
0.444647090568194,0.0558388851748568
0.882724406516159,0.121449618169692
0.399219382122318,0.0412919303022561
0.412260821469812,0.412260821469812
0.0701313746047375,0.0701313746047375
0.228226686975545,0.1262735945899
0.515366057232346,0.29384980066406
0.527726026723701,0.352704343196715
0.0862947513188251,0.0862947513188251
0.831671070379033,0.311724446642247
0.0572048936457791,0.0572048936457791
0.236778914016353,0.236778914016353
0.688807192042298,0.0994425921569413
0.346501243091575,0.0243819155631763
0.478653451002472,0.31954366358339
0.741095396661286,0.113046221514789
0.940272083826419,0.387714210310785
0.757390055562548,0.249351828436313
0.409610676690505,0.0317962528862174
0.937871787791448,0.00088650153753955
0.116116514909749,0.116116514909749
0.31634121579171,0.0705463872999932
0.646681455302897,0.453132775645413
0.73093806633852,0.300688573545632
0.399177076389656,0.0327255039928818
0.603776437694282,0.227620726632949
0.359837440759861,0.296544386843773
0.552087720719839,0.042642393169049
0.257272469646733,0.0666565039669843
0.413721173617347,0.196794222425412
0.897171731201954,0.0198735946256742
0.496944067399111,0.189288862292884
0.99351906770099,0.119797244975297
0.451831230858616,0.136797211007188
0.451797906973855,0.0304088907260402
0.741486696463047,0.158745605904408
0.170134315547161,0.170134315547161
0.497625980988079,0.187460428977198
0.450510481402072,0.117791970974202
0.952307687281572,0.155103029882196
0.937976186330034,0.0615774524979113
0.765342459734199,0.381746540119909
0.0722368026507965,0.0722368026507965
0.82241430746597,0.180881361245433
0.4707707657509,0.153368404564745
0.310527854532884,0.128913520005692
0.804112200535391,0.215866377360861
0.138588704608467,0.0587313874656815
0.339547953033835,0.140544143475717
0.322037313610908,0.0513189391768598
0.936464856018017,0.0825067936114122
0.393640783922043,0.287229942901569
0.795242255136229,0.149297656707633
0.00292270656894083,0.00292270656894083
0.0914377561209258,0.0914377561209258
0.350558425647307,0.316485184520204
0.566039018620142,0.0446952504229377
0.563838654151007,0.351172671179626
0.881029730474824,0.166030759489659
0.469177849202303,0.216221877236817
0.0402920488206334,0.0402920488206334
0.24755219745562,0.174165803342388
0.820818233235221,0.034550046114632
0.944324775953156,0.0239379142529361
0.956526336440354,0.0249271376684674
0.992854408963079,0.00616992571920733
0.500329621072193,0.0970037552261777
0.142021408764017,0.0203735960455431
0.403491660177069,0.372683028997401
0.00569562502665015,0.00569562502665015
0.160739566199624,0.141203040651603
0.437245047469322,0.437245047469322
0.263874666684061,0.138791341594706
0.800338534152862,0.776811662727146
0.475510909050132,0.0113527258564149
0.945798851086913,0.150890643548588
0.466865865040112,0.128984577926301
0.354381042028227,0.0381671096480098
0.917702756554988,0.0492965656088526
0.349689655421365,0.046078366430357
0.546480018994433,0.198840562529117
0.652007903464855,0.107704440496488
0.194512133260997,0.194512133260997
0.340236203625198,0.163675386098426
0.631482489472513,0.109909246022594
0.474773859452038,0.0170790252152171
0.668791831807376,0.607782264286672
0.625576172626926,0.120455759089558
0.222424493860832,0.0248420757005975
0.0649078668669736,0.0649078668669736
0.683622095842633,0.0231527187494262
0.997970926041815,0.0563443438214615
0.383298168509228,0.383298168509228
0.35692266430664,0.0935719371330877
0.413500398808356,0.110081039649841
0.827301205132371,0.413328329448483
0.224846932473247,0.196890666632696
0.577980364210955,0.125265271775863
0.670788775062091,0.0355561217246809
0.628186060444113,0.0256140197755622
0.550334703273629,0.0178182041111223
0.397911128424046,0.0996330303948352
0.900924291952044,0.039484832981822
0.154926997818493,0.154926997818493
0.640453967363482,0.0343278082243466
0.556376468904043,0.0490525761076778
0.0519722169449921,0.0519722169449921
0.551119569704834,0.426825625141456
0.432324568392278,0.403596774397784
0.653067691877022,0.012313868900384
0.062896992485795,0.062896992485795
0.157762899043156,0.157762899043156
0.697724093988016,0.122081212431866
0.682062644880714,0.130355951862536
0.98914699010268,0.2305763595211
0.564988234034294,0.33617661652267
0.912996811215728,0.399144291094936
0.0882304300239822,0.0882304300239822
0.688784771516157,0.179505854242898
0.770023731956738,0.0996398369208027
0.96758852820603,0.655477866235602
0.91232293985365,0.576585534739666
0.936761536603685,0.356471524275686
0.366372442622102,0.163118913706388
0.390457774210056,0.135479432254413
0.735447551146685,0.0245708501967374
0.764609812540034,0.211801471897358
0.668455999120478,0.266322344168218
0.0947341459743351,0.0421459543302714
0.688941608280266,0.0667822288853383
0.0937914840170788,0.0937914840170788
0.766068343660703,0.0338333504139667
0.148440332289305,0.148440332289305
0.645276336416452,0.41834776737609
0.965657822650353,0.0384769853436348
0.0789946930313339,0.0789946930313339
0.117045448169773,0.117045448169773
0.585101152579991,0.151614480099426
0.37536566668554,0.299709146830757
0.644632714533513,0.0336367739139294
0.688312984438789,0.188383935070685
0.432462201126253,0.19972345883143
0.922600468420796,0.275220890974133
0.0315140299217268,0.0315140299217268
0.374544317189282,0.158722829394283
0.222439455621278,0.222439455621278
0.0995659986380799,0.0813158004084553
0.720715561335376,0.238708093780916
0.384652319754972,0.102028135570742
0.111757440361393,0.0546378804195395
0.575431603404316,0.174356332774128
0.295972442226367,0.0103614695261103
0.0272139008200143,0.0175796440077597
0.855848727160722,0.0109467754407348
0.370516682013462,0.046945618909493
0.473263238265415,0.157007770451743
0.378290010600257,0.150041850748516
0.635283726353371,0.472199704222874
0.0635276508482705,0.0635276508482705
0.829010766341539,0.0583453926984805
0.839143221844911,0.0371371224190064
0.850357872521839,0.0119502196119835
0.641595739058293,0.241928438311803
0.26423642837544,0.0471140191828937
0.316652892709716,0.316652892709716
0.0789586951331745,0.0789586951331745
0.461797215688127,0.169576726499968
0.0420200427047591,0.0420200427047591
0.249433705243658,0.0243634147094193
0.0873757282569366,0.0873757282569366
0.584027749317033,0.143299529053611
0.00525178412371664,0.00525178412371664
0.586233875037796,0.271187341206001
0.334315881994091,0.334315881994091
0.938248358238387,0.156047613094247
0.381705022619066,0.13961200746138
0.972094236234624,0.242940749537756
0.652382170718162,0.366442127745909
0.148694079953058,0.148694079953058
0.826216109932377,0.038824751161424
0.57353831625079,0.225120970209844
0.845496764646516,0.329630015513954
0.553533685428613,0.0635611312344536
0.52940545653652,0.130622085233861
0.110979429402385,0.110979429402385
0.764979732960288,0.115198124680654
0.938190466072936,0.0380150590690081
0.455483907679577,0.245150705247262
0.0906969670045116,0.0194597714388264
0.0935615834270036,0.0935615834270036
0.870756391523025,0.367507326735379
0.939689347382602,0.0754380137372881
0.197366600331969,0.197366600331969
0.784595063175243,0.0485763417362048
0.804383830264907,0.0100659683800578
0.937916507337847,0.109095910787412
0.585101159762976,0.0315615002414889
0.972161571942462,0.30483234450996
0.588588248291143,0.157656441531161
0.0646406255585995,0.0646406255585995
0.279357254084616,0.0332530852401205
0.570596581037347,0.127174096667132
0.890433269893775,0.450945882585322
0.463631009254698,0.250656193032738
0.321907146953748,0.0890572333733059
0.172029027563601,0.172029027563601
0.0626537503753123,0.0283798717111414
0.632177454029116,0.57409578719117
0.34256739320915,0.0314464249247208
0.451518249745423,0.0563376533146681
0.896031389547164,0.0890031917728618
0.705098010436823,0.171545506021408
0.644816721426644,0.304261356613551
0.514201337395202,0.214497113982884
0.606693084150609,0.229065489160883
0.0427072844168136,0.0427072844168136
0.207648389067957,0.207648389067957
0.0507163896927742,0.0507163896927742
0.605646028228047,0.0743573231307089
0.510402437290874,0.0183867349438185
0.158578480409589,0.0373422054814169
0.366362067846584,0.366362067846584
0.146767151681948,0.146767151681948
0.495900897994803,0.135938347955338
0.673512726382336,0.173332544529906
0.0163022346701111,0.0163022346701111
0.222562414145008,0.220309165211484
0.286597601596049,0.286597601596049
0.495307018340615,0.0724595477872221
0.299580076458364,0.299580076458364
0.613252781997186,0.42482867078118
0.987166349463737,0.27536890224594
0.0183111119094965,0.0183111119094965
0.551632448436965,0.132937079892933
0.687657831926197,0.141904947747251
0.95334550712858,0.396247290722434
0.451949758991942,0.100892239274983
0.179782238779275,0.179782238779275
0.43289245129882,0.222740738864631
0.608882183540173,0.251755848936227
0.697462349419406,0.184098517182798
0.513536390092716,0.0930921834817417
0.47790018580345,0.272339586534595
0.63709368349591,0.565725218380581
0.0681160392344407,0.0681160392344407
0.798937124390144,0.345651266989941
0.924061865634072,0.484425136708532
0.0827678584854,0.0827678584854
0.551633383678077,0.108395560375537
0.279730802131611,0.0206603518675609
0.771482517011009,0.190577555586239
0.46069055618258,0.0209795663712452
0.759588333056247,0.0189100849260328
0.719373226811502,0.0485107711041656
0.550631143716359,0.0863166448268394
0.232945454055379,0.115813302147739
0.219967280768424,0.0638831127631559
0.0129730233110192,0.0129730233110192
0.189426710964005,0.0662532819191307
0.782389317672513,0.222756538647763
0.111293186487838,0.0186840202363817
0.313624231449743,0.297111136938139
0.0665612186228261,0.0665612186228261
0.352219784723265,0.173151233112613
0.15364612610254,0.15364612610254
0.011150534146497,0.011150534146497
0.884943891799105,0.0915857311610244
0.159587755510679,0.0243771802284206
0.0212064241141359,0.0212064241141359
0.439654609630431,0.0366540991211678
0.113951099997387,0.0105458131558534
0.111846761011528,0.111846761011528
0.274293992548482,0.246593964743418
0.822675974568152,0.00371942613930319
0.295875414932332,0.295875414932332
0.176871839459336,0.176871839459336
0.476561808977824,0.128342909113514
0.287587957447692,0.0191985402739363
0.880866770653549,0.163208807832724
0.409763419535076,0.250341599406495
0.763295361650654,0.088990687872055
0.94271225770687,0.220753247195693
0.911733081377619,0.0291621196813159
0.220884015542025,0.220884015542025
0.533407616538238,0.0638679183718077
0.800839132785852,0.126557695269773
0.713001483828559,0.321805561546916
0.316896758334457,0.252348674892043
0.00508545370978476,0.00508545370978476
0.177993734944256,0.177993734944256
0.357203143468882,0.357203143468882
0.931168156618013,0.326999519631835
0.124422109959958,0.124422109959958
0.207454737973071,0.0559860515278396
0.564092466212613,0.383262891229232
0.0857664163318895,0.0857664163318895
0.532054442948223,0.532054442948223
0.709806213946759,0.093684031336877
0.933570253921064,0.42476504166086
0.370746049200002,0.0537361263794949
0.509560401829192,0.134589356091628
0.974008958033537,0.104401949897246
0.71526211123132,0.0180171252160406
0.506582740220512,0.0834469413159633
0.654580553056778,0.173836929290691
0.340207334673214,0.340207334673214
0.704015832735208,0.161095736677035
0.321622873118236,0.13657914650721
0.053467268814481,0.0130123226674922
0.541219643508466,0.05299957701137
0.499181282418822,0.196590976545231
0.243117437699239,0.0230540563713877
0.812788771327142,0.472091207218439
0.516316388242701,0.319288551033543
0.442196413520266,0.0230997528267812
0.344572156626066,0.247997862901863
0.574334669108695,0.359802643440486
0.0551236304688218,0.0551236304688218
0.207891951670477,0.0258162634716462
0.484940616781144,0.179273328595531
0.230589138762444,0.230589138762444
0.491547354493489,0.306013838670332
0.850403964972046,0.263985119598993
0.197050463997352,0.0745579633660638
0.0144220048639877,0.0144220048639877
0.936590186238753,0.107542188981355
0.967865373638957,0.585911488534399
0.109040925382356,0.012581808790206
0.380530506097282,0.380530506097282
0.466941115763022,0.431397247638222
0.0824265622709636,0.0327174320786259
0.676439529143693,0.19388021337936
0.652252086356735,0.303663309309948
0.470122160884016,0.470122160884016
0.924561546504399,0.200158169570592
0.526686506573847,0.0239454128619478
0.784041171166999,0.0850907461418105
0.724158142435377,0.224155068736344
0.850924682383228,0.0307395822316322
0.612901805715328,0.612901805715328
0.66035630553268,0.0489316222394497
0.532250811928474,0.027315187727831
0.645096599250499,0.107049152753042
0.071630836873957,0.071630836873957
0.762154239276844,0.643632184922996
0.274473986548579,0.0864935809814623
0.406660099978093,0.052984337048889
0.68086101528617,0.331346623030171
0.588204837628602,0.311081531498462
0.622953014036587,0.190058273434617
0.33015431825199,0.0345529796342333
0.0296425887680928,0.0296425887680928
0.0713152669081849,0.0713152669081849
0.74180077936372,0.117417575459189
0.212371153432653,0.0891569683891304
0.834132576772823,0.0944811759729326
0.800676349038556,0.330596494720844
0.556486871851717,0.373309966061048
0.506573471201928,0.00615321424061905
0.379490752547191,0.0737111542934938
0.0523700832922704,0.0523700832922704
0.739588257160311,0.0859547414938325
0.46416437728032,0.133043022143496
0.798787592280233,0.096041817832202
0.431555287543929,0.20337100351944
0.619640446990559,0.150094753736209
0.097090110698449,0.097090110698449
0.565387795151296,0.327344546881907
0.320317790210006,0.281382916370011
0.214240500504627,0.214240500504627
0.594708190559693,0.049028700953105
0.273285584226675,0.0251199877407942
0.00470858963705842,0.00470858963705842
0.742066437580557,0.0344513474682758
0.995162315754698,0.256242958202619
0.582067876169636,0.0402823804237462
0.631413874093542,0.367630885312346
0.0713753743731087,0.0713753743731087
0.885610135666527,0.105729938390762
0.899714953426115,0.00360420897246687
0.794150849996471,0.103883933138552
0.264112597707877,0.264112597707877
0.211197174822689,0.211197174822689
0.501146099322705,0.0937559373080117
0.360199924299632,0.185205249450781
0.164630851102581,0.152877358754216
0.22039699659643,0.0435122475239929
0.683361563619687,0.0873864287483261
0.139223228913041,0.139223228913041
0.0453989324864289,0.0453989324864289
0.860181011105188,0.0259935929256456
0.922452341091136,0.0193481672923714
0.273941037267469,0.18292391873741
0.0401379637648017,0.0401379637648017
0.624128258213359,0.624128258213359
0.916176838098073,0.195146438552744
0.856877804244218,0.236982382021054
0.100109539230702,0.100109539230702
0.828383243558525,0.0440984133665265
0.975256989726521,0.0313415444408356
0.40738923366118,0.245473235733518
0.423130562239033,0.423130562239033
0.00129033010724215,0.00129033010724215
0.286134290906549,0.00485870800666586
0.223077390919847,0.150917544004134
0.517676663450277,0.127071169428042
0.716746069981784,0.154464211782532
0.521158854181878,0.175627938138399
0.861203247760823,0.141727109793282
0.0550660084680405,0.0550660084680405
0.0815497738647662,0.00210549641794655
0.571276394669737,0.0594528452466627
0.43241329292664,0.0560459661613813
0.635668583565547,0.0241342359161278
0.135037708954512,0.135037708954512
0.130066137130228,0.130066137130228
0.471661775013481,0.409600144363844
0.937904275007789,0.380688060276131
0.0617743160505382,0.0617743160505382
0.0352097183001336,0.0352097183001336
0.449256798297917,0.449256798297917
0.444465062625917,0.14218304684445
0.532938990345426,0.0234045360150394
0.211211545919244,0.211211545919244
0.262180896387402,0.100148782672979
0.890503762196969,0.0670463803549811
0.779592968756356,0.281476487388942
0.101406296506993,0.0474025231252716
0.521129252745772,0.240016500623792
0.136049823576761,0.136049823576761
0.251579541867174,0.251579541867174
0.60729849087119,0.154171535805051
0.192256672391772,0.14020648937386
0.141363448484973,0.141363448484973
0.0539794430832839,0.0539794430832839
0.828165330552837,0.137543621768358
0.584011374971343,0.584011374971343
0.976899671131747,0.00473846550947002
0.947079572176902,0.0385800802854834
0.287632511538724,0.188398241706698
0.406454274842399,0.0883980336853352
0.489476675185042,0.00356459195354069
0.528690936272285,0.211997044670047
0.19163633896955,0.101581016133183
0.306126859182476,0.24366658288246
0.391009674178618,0.345385910682367
0.776783193434341,0.224156268691812
0.878798085586661,0.12316492001361
0.429535199551881,0.00298331190082384
0.083512623670954,0.083512623670954
0.479121054471305,0.479121054471305
0.199918115777433,0.199918115777433
0.122135963549017,0.0512690253489973
0.528683735272185,0.274305850767704
0.552671544077924,0.0346567952152688
0.800776741338614,0.266902308337673
0.946132929748993,0.126558843294119
0.31933274418015,0.15841328354184
0.823132130640866,0.627309269659405
0.825656552237756,0.194369430046465
0.127086892709837,0.127086892709837
0.582230926359014,0.175297839273395
0.748659820212795,0.00608654192214599
0.0044775106184057,0.0044775106184057
0.836668563922562,0.177762191390702
0.93322611119441,0.443633144580472
0.707301717050341,0.0156484062170637
0.997303773054667,0.365358213923161
0.426467003661926,0.0834224012837979
0.890057569429549,0.441059629255572
0.629645297092891,0.0972487329677641
0.280364507886513,0.0895742503603109
0.172138252424747,0.0827429885745581
0.42531062234735,0.057914745761429
0.490513149268615,0.211570414733994
0.869614210182928,0.0259590236847734
0.965422514450061,0.0930036179244317
0.865574599836094,0.252904084796028
0.613150386796212,0.0678290720803597
0.0789460722767715,0.0789460722767715
0.574235248678195,0.122221575701811
0.700173603082366,0.223484643866707
0.823390199016306,0.121322679337479
0.199736772686014,0.101069181627988
0.224386926121615,0.117890573841083
0.120527306566386,0.120527306566386
0.0585232943002883,0.0585232943002883
0.885839189531801,0.158306022492804
0.359312402111769,0.0344431559574695
0.195025475481612,0.195025475481612
0.184160255983943,0.107338358420409
0.386576654743273,0.106902251487037
0.310358122696265,0.167492559824567
0.79531426276382,0.286650957525523
0.577530790708823,0.298369115234456
0.0768332770492944,0.0768332770492944
0.780827028650811,0.0568766406372393
0.992688527358128,0.531398104132845
0.247020728834757,0.054060038993893
0.547475630243869,0.0802851194082028
0.422385301600194,0.422385301600194
0.738180962682056,0.192232290791276
0.454506741636476,0.183920261856202
0.620903508435917,0.20242024268893
0.810388032574546,0.0107383348130129
0.91716892067114,0.173052306106129
0.458413518542069,0.170161457869824
0.20130068116273,0.20130068116273
0.0549239466553656,0.0549239466553656
0.163179741697009,0.15646090182811
0.688190999478386,0.20058006573291
0.936921331062963,0.112655153424005
0.0637232946146562,0.0225695880219247
0.634030307704179,0.0225200215908542
0.183025030902354,0.183025030902354
0.624713822131695,0.122208719382203
0.583157254085631,0.319493246852538
0.842189475042745,0.169894094876681
0.839505537131938,0.0580446310443326
0.910617478009959,0.17619116449726
0.948523398838255,0.633371385989613
0.570699690649969,0.303681874802187
0.963030734292658,0.0541307672353568
0.425761561156455,0.191664989376491
0.918169990357849,0.203402054464479
0.146002305193042,0.0124254052442432
0.106830259612481,0.106830259612481
0.07280944190479,0.07280944190479
0.650835188700698,0.57555063423303
0.431855948209025,0.336075664011105
0.35878237455587,0.042293260937095
0.00175826871274439,0.00175826871274439
0.133365030395065,0.133365030395065
0.000975492371470784,0.000975492371470784
0.268072578356408,0.011265819912462
0.82679780319071,0.00235477727092729
0.65801707174915,0.0319204762616951
0.952257453433886,0.111285628854362
0.770427301900713,0.245056160994447
0.361703082308122,0.361703082308122
0.288243826983595,0.0921774874951668
0.182962401693994,0.182962401693994
0.0166972273176833,0.0166972273176833
0.870625903941087,0.209247674934124
0.836299021882655,0.126695946471823
0.119040824819997,0.0388162824720804
0.713465382591763,0.0945569366832444
0.728077361677196,0.27540650218659
0.0185055310573816,0.0185055310573816
0.939064665671494,0.346292175112192
0.0309938473630168,0.0309938473630168
0.838445161381431,0.167811689255369
0.675603540713452,0.0255182177055908
0.89503485002121,0.181990057221434
0.410506304602505,0.00169641401763162
0.595818658386912,0.320223746853631
0.941448443924465,0.192065051256251
0.505575628003232,0.505575628003232
0.135042137684105,0.134996368430897
0.52428484415752,0.52428484415752
0.832442411659194,0.0695583511588513
0.472084492709041,0.263071791227661
0.841031692236841,0.445606221010535
0.808861156790202,0.0942465264250295
0.578324231352012,0.0647035123249052
0.211928079324716,0.211928079324716
0.151352818963069,0.00966928154144406
0.418080444815005,0.149668456154209
0.63045020740978,0.408469210827867
0.30240879697847,0.112333411865638
0.489304421301827,0.359355310603986
0.530959544521151,0.121391671847031
0.132481128354489,0.124414511139196
0.570099768720443,0.0583872325493565
0.301954008321972,0.137038244524265
0.0955311617739048,0.0955311617739048
0.30047886850039,0.212489243638544
0.356228049547066,0.102931981074744
0.670375107823572,0.152078279771852
0.798499747100356,0.454949150086522
0.0558439069553014,0.0558439069553014
0.843923221902806,0.290736132973124
0.204762260427344,0.204762260427344
0.720778566443106,0.407338902847405
0.962449507933799,0.127946825108952
0.235790553732019,0.235790553732019
0.422592043268087,0.146464274242002
0.661221028039614,0.0203458877182251
0.636575260054991,0.0537845155715364
0.0413677411807288,2.96708154668209e-05
0.486911751306673,0.0887370920284045
0.917508703723912,0.00974485570076357
0.136877759289984,0.00143191346272368
0.242377373349884,0.12851713914782
0.223687360063446,0.0236237401762759
0.0109138224230964,0.0109138224230964
0.651472164066325,0.39903060776881
0.162483287446777,0.158900953187704
0.223917826993285,0.217596114969345
0.751676303326251,0.166761543180897
0.196270967633987,0.0132924414020019
0.259712802105873,0.0477474186600274
0.554912098897772,0.152453448101535
0.076175233345671,0.076175233345671
0.23692146537828,0.23692146537828
0.672751501367497,0.203349271698512
0.104768492659398,0.104768492659398
0.287472755162539,0.228912122000026
0.680870757195218,0.275096383357627
0.0558999327519555,0.0558999327519555
0.432362270816299,0.100578719734975
0.143125131037685,0.121965257618159
0.428934077385409,0.328706559759561
0.23528929273288,0.23528929273288
0.771916755229162,0.128102555001702
0.193945601784734,0.0702371847939025
0.247661329617582,0.0109118931394411
0.717730010657005,0.348590083038414
0.812023704676669,0.255411818235687
0.0731702599635908,0.0731702599635908
0.524732830924321,0.0353653974673353
0.81181837299039,0.324044393654668
0.0984037006644368,0.0695997962647036
0.00593498078143674,0.00593498078143674
0.587061028281217,0.000530485339773845
0.848812698863487,0.0401522541118906
0.67206884298962,0.244869052649357
0.760523964815578,0.0607091174173811
0.46258675555171,0.0142013632893873
0.351305971242443,0.234007644479594
0.66424612005411,0.00778063234490853
0.256503918289193,0.0724042304880626
0.689254983678931,0.242993644901274
0.706039021309614,0.189273720260521
0.100967666231112,0.100967666231112
0.912287403163717,0.187412174285587
0.401818895554646,0.372062190500949
0.723996455285256,0.282505303324837
0.258307556337545,0.154059285371709
0.73260944308,0.201452888933199
0.721335941882058,0.143850604307462
0.783617986465038,0.152781274118453
0.0338403734140912,0.0338403734140912
0.753890570288819,0.100690204127079
0.577359882182025,0.20004271702641
0.63861490353474,0.589833452360748
0.988207625839585,0.287659825307022
0.973309305148117,0.680579828035399
0.248841763307409,0.107867244543632
0.847420791670636,0.847420791670636
0.64286283053239,0.086864626744512
0.357178951752342,0.0267474877246692
0.799256116962204,0.139731312372087
0.0964973111120261,0.0964973111120261
0.683520589872388,0.164793476967642
0.353527633579009,0.0196001047032495
0.0664986572189423,0.0664986572189423
0.696724231299139,0.0451729231891187
0.311992313680013,0.0516790754247729
0.341079699738059,0.328068983970143
0.526700058430626,0.108798135242745
0.908290174159238,0.674534610247383
0.862963508501359,0.761041006315043
0.254943568466103,0.202237561316479
0.0822951603438687,0.056876465504393
0.378859353142241,0.31463618023175
0.222866657380166,0.137763946440306
0.19967760201166,0.19967760201166
0.22274774556151,0.22274774556151
0.863364271278083,0.428283718160376
0.883091351567006,0.116244661362477
0.201415682906458,0.0691671413529568
0.117697745957485,0.0133496885509617
0.560485807450735,0.179848777684278
0.535728123474557,0.137556776329718
0.9635468291295,0.270843274816958
0.213099518157072,0.0607783527730051
0.306592546115252,0.306592546115252
0.394091095478159,0.252711412537666
0.0514508994438181,0.0514508994438181
0.777370558806778,0.0987867822287128
0.051164361791647,0.051164361791647
0.175448748901199,0.0660654562232818
0.544741800585447,0.0391730461188322
0.906446572832185,0.0214967676737974
0.961144811355996,0.00362144279727701
0.245941045161288,0.245941045161288
0.746449195100148,0.0120426279845105
0.923698896479002,0.00906264846302365
0.538160499792634,0.0969792581979331
0.525972310651115,0.0585702466757551
0.259197779004767,0.259197779004767
0.318134963752241,0.146976989009115
0.182636021414697,0.12464471839501
0.963662367523506,0.265178404848503
0.072435520091979,0.072435520091979
0.282645592635727,0.195944094801371
0.327143378370981,0.2391932869724
0.35282564538041,0.165998292980329
0.263728514555891,0.134313540119186
0.536484826410125,0.453511833647504
0.387784287200988,0.182672630879174
0.32965149868846,0.172842763186994
0.320548171736857,0.184587296027029
0.603315263885671,0.0433603707636254
0.732658852354819,0.247210356316577
0.430970226746072,0.12281803442859
0.623430208851307,0.623430208851307
0.380704166601052,0.119108161787304
0.115362641037724,0.115362641037724
0.823126829685124,0.32098291196693
0.589587649415947,0.0578531779982209
0.107771962216609,0.00519901944415663
0.436680226124843,0.102123502437813
0.735156769629481,0.0471200693117051
0.123934221439164,0.123934221439164
0.919875895090787,0.333009378734229
0.314150408468128,0.010522573713028
0.073835719894563,0.073835719894563
0.455845476245676,0.26227924268234
0.334034779136782,0.0260795652133498
0.617483481289916,0.161343410877063
0.755741300035315,0.367738931580025
0.533588208450602,0.236831765205973
0.378055193184349,0.338883820954756
0.69692099946458,0.020402304162066
0.374023206404189,0.0513188376766043
0.149513588852019,0.149513588852019
0.318152926477685,0.180071461181459
0.613406643853734,0.0757941978320608
0.800441609139171,0.0336878241274125
0.0428513246449805,0.0428513246449805
0.871951914172643,0.707594609487487
0.146854121574715,0.0158699439897786
0.636172330233072,0.144272218463466
0.679973777486958,0.152230526155131
0.349948056105863,0.0250132892879191
0.359280667714687,0.0726393723416147
0.92756195688885,0.731068335767477
0.469632594795297,0.138396024150006
0.791353643475711,0.137556394564385
0.79709255052242,0.0182143262863845
0.313715651869474,0.121367471228966
0.00557752548243383,0.00557752548243383
0.433003851853585,0.000166933620041188
0.0990516702360368,0.0990516702360368
0.815533890357562,0.135505473565063
0.59671702292923,0.429209445159825
0.657759468891716,0.263616757180736
0.305158414545087,0.0562950497799808
0.0841244935365207,0.0735922150621982
0.262742915280906,0.262742915280906
0.752197844485313,0.194879151180479
0.549923400019941,0.0115445246284674
0.768993078171103,0.0531622523044615
0.685427044186911,0.0639136810709454
0.754347464259183,0.0703375162882877
0.714726200652739,0.0910675183412327
0.653603776216657,0.0341846132769404
0.0853248049263252,0.00960284866296893
0.751605270689971,0.161140998053647
0.548864512532284,0.0347227913115462
0.642407242168299,0.20901583410669
0.664443407353884,0.276316900520524
0.289799219733772,0.0901952232610621
0.619196016438775,0.206980737948105
0.203122780814727,0.0575935231516016
0.247148209114643,0.0849882177366764
0.324445340695164,0.0519050425113654
0.677045444746349,0.197549229235754
0.263285322839746,0.249995784855173
0.479553932051968,0.358284753564774
0.6978584883781,0.111510625956715
0.666622004052775,0.0445893893623458
0.63540811887554,0.0823157551245101
0.970748254578863,0.414697449247048
0.211052339913664,0.000325496669012966
0.138608605038939,0.138608605038939
0.57653611711538,0.355848901085624
0.899794969276419,0.0940691862687808
0.121572698752579,0.121572698752579
0.193127328081394,0.0981683565029918
0.255313957014634,0.0344761315548303
0.438161010061203,0.126239725258361
0.89057909627163,0.100571438777237
0.197472098258456,0.197472098258456
0.624533684968823,0.0771061077454283
0.206421151913393,0.206421151913393
0.64460169144163,0.13111543545879
0.748763433253973,0.154735544254843
0.594523972455615,0.294397032252971
0.242009564255123,0.19276093713142
0.343910439901679,0.00956962247140544
0.598380664074152,0.598380664074152
0.770257505838217,0.163093245734787
0.676626783721553,0.380856760023719
0.115768838203475,0.115768838203475
0.533412800274377,0.147269368144983
0.983350602501013,0.113387734675249
0.750062963100443,0.0928862377377736
0.434867361684751,0.434589779233777
0.314727335166491,0.0147096164625364
0.525810560583779,0.30397314728392
0.382740716770035,0.382740716770035
0.601273816465579,0.275386291949898
0.566676601748679,0.131460986514908
0.0568243134803714,0.0568243134803714
0.139996603187344,0.139996603187344
0.689086392398858,0.10892361904738
0.789971897145823,0.11257521987964
0.709040579860154,0.606990676519394
0.30266961049188,0.075995068176709
0.77272271623865,0.211909279308445
0.0265561360010213,0.0265561360010213
0.682480883018379,0.29487315276508
0.0667542014323926,0.0667542014323926
0.508265146135353,0.0945987158336995
0.609585156938763,0.00471722624262232
0.767881242137753,0.277489355791666
0.642742443867251,0.0476032630498362
0.731344118608547,0.240539398588241
0.00151527188966328,0.00151527188966328
0.134973889546361,0.0369776767731501
0.570513017401186,0.055082591037835
0.109055023690719,0.109055023690719
0.225629749033571,0.193728850346999
0.37744582275092,0.0602823346518371
0.565885262499829,0.201391237566686
0.789842600628027,0.183944933014664
0.284378111108268,0.0635586519503649
0.816819489332925,0.217282947862
0.271476392852421,0.129049112241765
0.595837356411165,0.0079584062594479
0.421961493062468,0.395405729989511
0.198700530528406,0.198700530528406
0.446040124937457,0.0879110858664427
0.308298787309769,0.137155867050614
0.41216162252016,0.00475852676421624
0.102643352713324,0.102643352713324
0.468931524763215,0.32023179924718
0.399752905749636,0.0517119073085338
0.399448237997579,0.00660190962540915
0.4790766260074,0.115182113956469
0.580046841340453,0.0397084618404546
0.812422363766631,0.0562478468916651
0.229152092672659,0.229152092672659
0.137139833827378,0.137139833827378
0.919505139443732,0.0961074957986472
0.847705363994851,0.254876443700214
0.37916001630545,0.00980524214309529
0.520317126893379,0.016371494687456
0.537562187124165,0.139884275850184
0.843969916556899,0.683280135903379
0.576830888998653,0.000604307776028433
0.508052382485357,0.0271275747879949
0.954127319516293,0.0667135186889733
0.157313384430696,0.113969384562027
0.7676401009549,0.240322403210826
0.0937081780194952,0.0937081780194952
0.458833855858402,0.0956806045300638
0.592299225777823,0.261532611747801
0.482998083883575,0.00250844473110994
0.442810096394417,0.442810096394417
0.48375845098387,0.206202887912752
0.2843859286935,0.0139972119186522
0.758693952987193,0.0860606045412124
0.935641618286283,0.271235177604304
0.865447065608144,0.191949982652047
0.490710615261722,0.490710615261722
0.649380671134942,0.126669826867786
0.14802711035527,0.14802711035527
0.737480028779047,0.469848448525532
0.646688360465595,0.312026871101772
0.554762353966895,0.0878166040639101
0.711986090684321,0.491466593505908
0.226591514734067,0.144022538180804
0.0272741302270538,0.0272741302270538
0.333012500404097,0.316747510554038
0.501147870524287,0.102336729652668
0.573450499172714,0.183827969063073
0.509410622253555,0.0880212620586568
0.972138734400958,0.0771565708621986
0.448214284307163,0.100487416182359
0.516807669523033,0.171288801028607
0.938046055373991,0.0103945164624701
0.37543355048007,0.0623331394568387
0.393193286817591,0.01014432270102
0.146502676024596,0.146502676024596
0.435635352116447,0.151831328891022
0.900859673667064,0.0128827460189586
0.280550029120572,0.167276543999971
0.807339396382155,0.051859551294597
0.444444829111157,0.291240544428661
0.752471060733232,0.508283284452287
0.517247150908529,0.172190520829882
0.437651121601138,0.10091690703523
0.455487909363592,0.156918355705293
0.0134394083826685,0.0060869000285168
0.499583490195853,0.00525778532873954
0.651401559898021,0.052089708289756
0.779715254742626,0.0310369008197228
0.930695408465388,0.327009986913154
0.0276100257723332,0.0276100257723332
0.944813240995893,0.102963371738475
0.501795255734909,0.161469221311764
0.285555052909753,0.0239671750541676
0.299136250762973,0.299136250762973
0.231438636064185,0.0427048961465308
0.163856642198918,0.163856642198918
0.645478488594488,0.0226904661207025
0.433059571215002,0.15822363939939
0.605496357144142,0.13786012748312
0.0674285095768756,0.0674285095768756
0.339357023069085,0.339357023069085
0.846144345554018,0.176045580675846
0.313438055162706,0.0600724859181536
0.667639354201402,0.187110708133911
0.422485381639901,0.422485381639901
0.193204501152972,0.0745592179176369
0.0757892873940862,0.0757892873940862
0.968667706155558,0.122173477498089
0.780369735607886,0.0642028902713476
0.673576723608211,0.251087026865672
0.988829117531607,0.489148305353372
0.433369628262905,0.276322655532535
0.571942855992268,0.210647267077723
0.230341875948144,0.230341875948144
0.357996874124734,0.092230522433146
0.0344739093244551,0.0344739093244551
0.798162380769514,0.105272666156008
0.821532593909534,0.144438912079983
0.629905590933706,0.243539581176588
0.142423651189802,0.142423651189802
0.393162051674638,0.212757697421027
0.294383024340147,0.00517694281594303
0.276085560460136,0.0364200063356421
0.04385591418975,0.04385591418975
0.620335758203781,0.147562767806695
0.96092305029841,0.117618453866571
0.923177432623431,0.545864015266299
0.893411991352256,0.0665020016357651
0.833143389899412,0.00851168719537364
0.849515383495757,0.563121958614757
0.0862115172275683,0.0862115172275683
0.577398914000382,0.261766259320257
0.585022373366107,0.0192077900274805
0.401722314718282,0.00527531398852797
0.93684053240783,0.0871392837714975
0.236848657082184,0.184870025636938
0.750563197290019,0.0307102310706488
0.524201077796076,0.177107506035763
0.369390322697017,0.0344284752689201
0.150063703022649,0.150063703022649
0.058465884860634,0.058465884860634
0.227827851887583,0.210200485243552
0.232878299791685,0.20969888622841
0.0519452235216391,0.0519452235216391
0.0570498730060342,0.0570498730060342
0.276184415754211,0.138852998394421
0.434963630288043,0.237624628157218
0.168992480070181,0.168992480070181
0.500562569694377,0.0759350161422054
0.424645629105877,0.164631871335326
0.195304453081276,0.195304453081276
0.354864428492014,0.0156917919431093
0.012628436991205,0.012628436991205
0.117872372961453,0.117872372961453
0.51719604064245,0.0155162333879049
0.531635234445049,0.16131976532814
0.605465903064193,0.462939602773271
0.255728686274853,0.255728686274853
0.380176722537384,0.172121997252387
0.575265707394156,0.0371432882688501
0.68055191635426,0.0540067918295064
0.239160957070885,0.0893439535943072
0.728305503965686,0.233533523011228
0.565876058548137,0.0105700522610759
0.762375364978981,0.668737390986709
0.464999095971292,0.113011601916412
0.418350843437905,0.364601848565864
0.245599096977661,0.245599096977661
0.639456523873393,0.0508726293240965
0.711829591022775,0.0953206020710077
0.8596103683297,0.0324304697574541
0.517235285766215,0.517235285766215
0.520289362130775,0.0566795593946699
0.0634048186598153,0.00337020351756054
0.453638456572619,0.283524974741817
0.0849154114508628,0.0849154114508628
0.0801411469047707,0.0713062331239458
0.658742658532988,0.00546103015853825
0.699072070818047,0.193800511624958
0.177480858869021,0.175599153205978
0.931232231030643,0.233120668546124
0.564128563913248,0.0816597284344501
0.975543800669162,0.00465855881881373
0.527310031057585,0.527310031057585
0.466864485491218,0.0346250891674559
0.402049683876787,0.350882140519839
0.576324623561211,0.576324623561211
0.760837798102414,0.587832914311473
0.132351848491767,0.112518992736375
0.748828806997024,0.0577322560661202
0.626195190337885,0.0651651669685825
0.929052411452809,0.198502351713211
0.453721603971267,0.18932465072583
0.27079244485588,0.0335371245279582
0.552131713304441,0.240634224710303
0.0290518423929519,0.0190161605964987
0.535081055884534,0.223318211323717
0.710875285073971,0.0222505936564063
0.69967211029041,0.0711208134700525
0.808235067659372,0.089964180566692
0.619987511896837,0.220528123871367
0.579920379449827,0.24378588096507
0.91851421399085,0.296049617914678
0.712992200292716,0.0035623359097433
0.275283789652202,0.275283789652202
0.419624857652924,0.163019389231797
0.623154255840591,0.184202792574085
0.0849401159004896,0.0794775522438249
0.441360836616666,0.200222520347074
0.191082667449773,0.0376466477099151
0.0028815761883825,0.0028815761883825
0.897528959235632,0.00819853764773021
0.77345481490323,0.379660831259566
0.614192740989675,0.0710477755661901
0.00120865146506786,0.00120865146506786
0.322801181789902,0.0205217975453865
0.359776349724099,0.359776349724099
0.0590280008017173,0.000516260902898557
0.855635423347267,0.382311639859174
0.432291128675424,0.432291128675424
0.0444317770528904,0.0444317770528904
0.0401848565157006,0.0401848565157006
0.199123618726439,0.199123618726439
0.100019183592786,0.0818508931602266
0.105607167956197,0.105607167956197
0.65044166858648,0.0913780580606846
0.394933088652102,0.181247876253231
0.0602661987628982,0.0602661987628982
0.538730986528643,0.0391666340244973
0.506396118641523,0.314036284254737
0.791398327747922,0.132881605046985
0.405567147427463,0.405567147427463
0.952180427078209,0.360624155452995
0.711316128449767,0.266117482863309
0.638244957535794,0.366323896241563
0.596899954739055,0.112031578116521
0.783887940039517,0.310943297673164
0.234622294587261,0.0964927777341015
0.295777170382501,0.0332318908282476
0.0378126781722062,0.0378126781722062
0.793115096285413,0.27365258520078
0.294945133940306,0.0900599657711873
0.466021619913182,0.297507779461727
0.0173579839311638,0.0173579839311638
0.578767653970525,0.182128026001173
0.59497877353465,0.269213335084408
0.705183774695393,0.145540369241186
0.376177474653567,0.376177474653567
0.424662134372033,0.323435601174373
0.942175861479404,0.196640105072051
0.47293422800895,0.0446357335058073
0.726967107150972,0.585745858941971
0.755777951916615,0.0892547178131464
0.738780754470365,0.0311933598193923
0.519610171232358,0.0455108504297536
0.133074857602145,0.0201537147624105
0.0720800229081564,0.0720800229081564
0.649950219944569,0.0580225483068511
0.651270217777406,0.599143153266642
0.0943976779037753,0.0195863837552331
0.017434047174894,0.017434047174894
0.512637453851263,0.0518969178624124
0.849895680536694,0.291025022206126
0.360716003563356,0.153795345403043
0.616935896479483,0.00204635732823793
0.690479454740909,0.300267356322362
0.482967274961704,0.0264783073779963
0.787029055905242,0.0673420763829915
0.649692563291623,0.420724150941631
0.384832866489494,0.195829465588196
0.493933601938978,0.29065262394964
0.399191079132701,0.0257250227645293
0.919964021259927,0.408275849747086
0.471041419073947,0.120322827384607
0.524909250287622,0.389494132424611
0.637609167185159,0.625757298739153
0.150842923598257,0.150842923598257
0.847016431525099,0.0341078261750444
0.0739853362636361,0.0739853362636361
0.725874367979308,0.028820354764083
0.873876150738937,0.0416299347616753
0.958852592839774,0.231815584144589
0.216099575989444,0.216099575989444
0.943131772369494,0.00170584167044478
0.482881946960551,0.0716226916009893
0.595724344883475,0.595724344883475
0.491422435770669,0.0434663629236743
0.342195239945431,0.342195239945431
0.155397734250618,0.155397734250618
0.591718668029527,0.0474464516991048
0.671081036024041,0.239336541073813
0.588327598641355,0.00409732204645087
0.443996842818547,0.135166221267303
0.142556045686991,0.012249401083268
0.130162420590785,0.0641765743182196
0.715435529952525,0.16251600374724
0.450032695126856,0.0371652395729342
0.0803404391703625,0.0803404391703625
0.648259493155241,0.0333424066256146
0.757235992113028,0.2899719509497
0.517868939041905,0.11698769472032
0.928023358920627,0.0624226573993009
0.213136049013427,0.150417982538482
0.566407774340818,0.0752652167303711
0.00836660631117573,0.00836660631117573
0.491584239597277,0.0670987489674038
0.976701194075821,0.151985918303099
0.915423464931383,0.152926148153995
0.397308378911279,0.264037297652162
0.996211313723579,0.394206017212471
0.0176541583169572,0.0176541583169572
0.241972338056891,0.241972338056891
0.497714399166731,0.077598880413241
0.861602343994205,0.0472786621376626
0.57700298704614,0.446132195201224
0.311970847855422,0.311970847855422
0.99741116574546,0.0431684581435637
0.200751310253379,0.12098378176822
0.604401722510503,0.187718444988286
0.533088275513063,0.263707307726803
0.496606673169735,0.142540002465969
0.462539717598391,0.00131274913534846
0.646339861905714,0.354420523511979
0.708273246893121,0.132267585492946
0.717382102984438,0.302543784940859
0.2831302452622,0.2831302452622
0.144325449825832,0.00968565628682277
0.18338381429043,0.18338381429043
0.974806243757051,0.437424005319897
0.921774395140175,0.064204606241312
0.614813913016781,0.0097572140130538
0.695404597504053,0.423700547994122
0.927989191395889,0.173815211954285
0.642787044556231,0.120276145139719
0.284082322409575,0.00384173181616008
0.243245168683141,0.141481511868064
0.56765519981007,0.159415651089802
0.300480474953621,0.0701208724264294
0.03872654515185,0.03872654515185
0.59890295325026,0.262602344605582
0.666752107409815,0.0161708688676506
0.139140686153043,0.139140686153043
0.833082699731201,0.104812370853378
0.435449003814306,0.218814600487279
0.870504355340971,0.0732474602976548
0.392159370674219,0.204392679292576
0.281460513085941,0.0507735165590578
0.442298307513145,0.0871923444123923
0.154247204658429,0.0868495834563464
0.09106645911985,0.09106645911985
0.306786207252074,0.306786207252074
0.0411308518010188,0.0411308518010188
0.600318551219437,0.171498253187661
0.604466336106569,0.0699361335897887
0.00197750456324357,0.00197750456324357
0.41641724387438,0.0431927332167406
0.483276780390813,0.0475984870690124
0.640388103360239,0.0203002223194604
0.878949536844449,0.0218321102107112
0.593849344111556,0.192106019228118
0.318329789589679,0.0430906147695643
0.263649206440221,0.0403587982856189
0.275946516064707,0.077465912496596
0.355984790531564,0.0618361292712485
0.739199240669563,0.0638579124737491
0.536685804742683,0.0792156178500016
0.513692357300201,0.281176931914463
0.416753543949823,0.416753543949823
0.755158421010708,0.183786020382995
0.208044280176892,0.208044280176892
0.483708932309944,0.0716017156262791
0.882973604499409,0.017505097057459
0.590890001890182,0.0939898316514229
0.930410009347293,0.0355802154721946
0.509164469873888,0.300697512107395
0.417060725403638,0.290875758981469
0.507855670652298,0.00748745995622403
0.775942510872282,0.0548425802469802
0.172731805543156,0.172731805543156
0.286904348730539,0.251067382344495
0.838265180167224,0.130367360503223
0.512354158821971,0.46616220444304
0.917592960489364,0.0157587200816324
0.140547604833304,0.140547604833304
0.798274240417202,0.289517408430987
0.187701811328736,0.187701811328736
0.233428459939151,0.183044464880526
0.818237061321373,0.509797679457288
0.748851393136845,0.133103842542574
0.752155556770855,0.262337964176014
0.931684069474459,0.21134724262675
0.959169688038586,0.0460738397303006
0.416024228574825,0.27399543966661
0.638013315633185,0.259126472478885
0.844514128454389,0.160594934611642
0.198574635136094,0.147208104896295
0.298380543230869,0.073163752278346
0.261533866215922,0.159282711081715
0.99126176063291,0.355988104418692
0.504208037646805,0.504208037646805
0.327271116985128,0.0263244947000218
0.0188044728719754,0.0188044728719754
0.0811725612540596,0.0811725612540596
0.725978799778048,0.420716264212503
0.368205545462968,0.206038702695741
0.64988572728962,0.0107718931331589
0.0760906991072784,0.0760906991072784
0.22287017462232,0.0274796466524615
0.0786928131574134,0.0786928131574134
0.697756401290341,0.0541404712874198
0.914175106977877,0.265446170066096
0.561797935918666,0.133648897890271
0.333321645353059,0.0905348523822963
0.501729476902001,0.464668933965653
0.354190122508085,0.122620855751858
0.820373749938781,0.010384516338309
0.678102227788143,0.06871406478377
0.580327690922915,0.002395096983221
0.792234350577187,0.146934046819717
0.154129451463862,0.13893317950329
0.764375092723202,0.32774301555741
0.959874413588721,0.10830354523662
0.374313474968034,0.374313474968034
0.615864657864566,0.221041401183835
0.916059287907414,0.513576551291378
0.597200603801193,0.313574279905404
0.844744565462785,0.398102074856999
0.0786722425770996,0.0786722425770996
0.0309653821780702,0.0309653821780702
0.500652217309361,0.251403207452466
0.838599101808406,0.088875866664906
0.819894067142097,0.0802377862734701
0.738745994718724,0.0938554502438874
0.191088448647739,0.191088448647739
0.400453688107224,0.0597000456940797
0.967246513082009,0.35391827334336
0.556546726112224,0.353096067843293
0.498369989402959,0.104198129955997
0.369529582450717,0.092982388231594
0.806118682082242,0.144799670409823
0.174580659757739,0.174580659757739
0.25173972033555,0.122263471668981
0.285287152044985,0.285287152044985
0.476497660550871,0.0927554622507685
0.195930034684062,0.195930034684062
0.136383477314017,0.0777936435270754
0.931486973624056,0.744367514008493
0.119366325554274,0.119366325554274
0.675513195411333,0.114417473149174
0.425615599860615,0.301659957245781
0.391747021803107,0.157042358905844
0.498644175235775,0.134535792707842
0.925923209243656,0.0727003856929699
0.913586422059252,0.080070654045942
0.817758425808554,0.0575327847531398
0.0237110987422585,0.0237110987422585
0.368840618716334,0.192756365815007
0.407679880619123,0.0695493826020657
0.69488421391178,0.256704420729654
0.792629876783883,0.00964963968589189
0.386865377686189,0.195521959988525
0.355568605083248,0.207778633596317
0.327016449444345,0.0625655268356409
0.277828253110296,0.0998812808006204
0.0360121854599206,0.0360121854599206
0.0966137140983045,0.0334483839615542
0.716252418798462,0.0316484162679493
0.224835253830887,0.0644364976601724
0.230962800598306,0.0256580008459975
0.579732915977665,0.0126475754411285
0.773784266860894,0.38359961219112
0.713947495646055,0.16275189549313
0.908168639558081,0.267762210358487
0.020368414966958,0.020368414966958
0.0557715851350611,0.0557715851350611
0.00239110121822282,0.00239110121822282
0.571209298493461,0.101353991496886
0.12189438712044,0.12189438712044
0.934383212090566,0.337243555418048
0.732257458410182,0.0636373102019544
0.555912770940178,0.0136633656514569
0.105267019195194,0.0302240808506803
0.683540569415651,0.0428996428083299
0.995183022588666,0.275907991787059
0.949130012309626,0.0075842742359219
0.720550024349788,0.0904092349162594
0.923126775440437,0.261498001377068
0.572028326400095,0.465103433298179
0.26793024993428,0.185205898934479
0.70791846335072,0.10279287831575
0.355480856305504,0.115356509870846
0.418305560940596,0.184880794512647
0.0329792716353202,0.0329792716353202
0.958700889950352,0.162421208499628
0.636598916540363,0.0487468865209153
0.657239708778996,0.343177476780545
0.862722763862661,0.0198244224703001
0.92012076557425,0.370767140380643
0.416120317356288,0.167527826071106
0.952904712577159,0.521246970559793
0.145149272229365,0.0142071416180396
0.735707249803206,0.00573079076987596
0.897074052457818,0.520885953923978
0.00212657415865121,0.00212657415865121
0.486965778684358,0.387839720365511
0.198650937738634,0.195821795980121
0.398820997681605,0.153551966437982
0.458533191322726,0.0122735036324177
0.638609383555697,0.0363387106312929
0.0505349712826351,0.00801990180134175
0.281892979725236,0.157870619006475
0.0676714277156397,0.0676714277156397
5.34734153113159e-05,5.34734153113159e-05
0.551962763349076,0.398852807850678
0.778090989910413,0.016564981153827
0.970371490784114,0.594287426165066
0.540351283281247,0.540351283281247
0.4914656863092,0.168547922684502
0.190946922519816,0.190946922519816
0.616123200385271,0.0302083375014071
0.424533152410765,0.30997290240829
0.0158054598190235,0.0158054598190235
0.917103489295198,0.0389873926029689
0.83365950123271,0.0514053721238207
0.300218424686198,0.0094286437608184
0.726780144870927,0.00974935803058863
0.73037606388491,0.0557775804747505
0.170125337221263,0.0629926613723622
0.747452848349744,0.153308840261687
0.525844302998728,0.439573951433489
0.398158924746347,0.33484410129701
0.681091458663828,0.0308228527562513
0.8435924999801,0.109358862805302
0.967898851663276,0.646182661041468
0.892716971784499,0.299767009803762
0.939056498968021,0.119402047116512
0.981412639376399,0.442737326100262
0.0527576050063018,0.0445629986547049
0.744463621028405,0.552055737398774
0.434080477905698,0.142733760554707
0.979115605648381,0.414262347195008
0.432953740502413,0.23992028825593
0.960616092450603,0.638087714158833
0.518451369012854,0.0789105094001753
0.286059231757424,0.0618426680188915
0.0120686398556742,0.0120686398556742
0.213359101144612,0.213359101144612
0.67792293293287,0.0950285462588658
0.955374369616676,0.488672712073728
0.036217611318696,0.036217611318696
0.000984470231100294,0.000984470231100294
0.481049075639394,0.0187426061886916
0.290085485924373,0.223313267454357
0.159860440590589,0.159860440590589
0.479217336563179,0.398032314757071
0.0510198768827228,0.0510198768827228
0.300991045022886,0.143694444871668
0.187546087898878,0.126141064504855
0.180766455483389,0.054421714413285
0.0720927896640757,0.0720927896640757
0.473077242400982,0.0402135064421502
0.566219093137776,3.63651807754442e-05
0.346341326838023,0.346341326838023
0.258521651962319,0.210347305573613
0.471945695201653,0.0466290419976636
0.938676898285646,0.0417121307007929
0.317400586695657,0.070834761284484
0.715156116795589,0.484167957993814
0.921989343242862,0.170409031376614
0.395893485428589,0.380957708742032
0.946583551553478,0.122837014266841
0.556624034316806,0.0131139585041057
0.790530830844837,0.505481201384729
0.654854655477175,0.422199872977496
0.057597602364885,0.057597602364885
0.300501376450746,0.0371589861904767
0.883307557070807,0.366069734386933
0.41619601599926,0.0157775976764486
0.564085433590009,0.270582769544221
0.543946126655345,0.480111435389582
0.985454381189841,0.150770746485037
0.751870213472677,0.195374727206371
0.542511236848822,0.486637014865986
0.712435537772783,0.365490384597526
0.0952941879777341,0.0952941879777341
0.565861181521274,0.039655191099875
0.217608142704073,0.150785030241728
0.0609735608756071,0.0609735608756071
0.819556900244043,0.288774979790704
0.683592207790172,0.0608464968007786
0.585526416130272,0.0932993276715135
0.926594802692976,0.199163436117085
0.137256041985585,0.137256041985585
0.820829073483565,0.0931544374114954
0.975529066985764,0.0771334298721162
0.290652206684544,0.290652206684544
0.815853655223234,0.259229828054999
0.878342900102976,0.0939500133054297
0.572552026780096,0.449719633922572
0.65557686449124,0.243918183424429
0.134389242181062,0.134389242181062
0.390399700033375,0.390399700033375
0.639595693797033,0.0434167301988388
0.914223323510459,0.328830989608283
0.823818341932534,0.705252620868957
0.60610926569813,0.289513252855953
0.312023767523668,0.211793105146417
0.841892726322778,0.0180014573935498
0.477897017865996,0.250660366813676
0.949524464395947,0.043629336057772
0.571086599053666,0.501063471004298
0.250143110902954,0.250143110902954
0.96438982844492,0.159596988586653
0.352666416502029,0.0145828350116326
0.941566925899851,0.028824762217987
0.613393126417638,0.265897576428038
0.639321591014808,0.0405323470612076
0.317229171022091,0.0616837050888696
0.358986968251853,0.0604826229250893
0.524757657775129,0.263242236502064
0.902832532063231,0.306214988412553
0.630050755016364,0.0865699271572822
0.0257659225419918,0.0257659225419918
0.0760745914093517,0.0760745914093517
0.328536570829096,0.328536570829096
0.312352764306847,0.157609189808703
0.97852055492304,0.119767315881833
0.277820564449783,0.147477079346326
0.0708362055822688,0.000384146198834957
0.0642421412438167,0.0642421412438167
0.991846619749179,0.105218897012674
0.982778388380905,0.00579274099705284
0.456605192167598,0.139962232422753
0.432014863486369,0.134983662919545
0.911346156080627,0.132012222849876
0.828145049463882,0.104590166292588
0.711335975791327,0.246867379763001
0.391506972908655,0.0972637126711872
0.597103488609064,0.114669370422284
0.904318202964059,0.359086396368209
0.111316128393567,0.0377695041671175
0.30592849648828,0.140435533179934
0.00519070025391439,0.00519070025391439
0.37121681131594,0.299411575644254
0.94307788421196,0.343013119203389
0.312420241990424,0.304754924506649
0.371142635845317,0.165398828008868
0.87134886457778,0.064709716299291
0.100130681995273,0.100130681995273
0.456318457713169,0.113087788705059
0.101463084526749,0.101463084526749
0.667113672868515,0.136841716626997
0.491086424873947,0.491086424873947
0.885428491250365,0.10423213384678
0.193960433385715,0.193960433385715
0.531234473640674,0.133805532941676
0.335155212903059,0.335155212903059
0.0920876016093124,0.0366201991431325
0.548135380777488,0.461186118064931
0.16191339708573,0.16191339708573
0.249709865989184,0.0446254762571872
0.00593319105811736,0.00593319105811736
0.768800910104733,0.021506868810192
0.739727711368209,0.142873399193231
0.018983093137948,0.018983093137948
0.54472126279219,0.181619083695149
0.329948084848898,0.105150256597903
0.0212963532236178,0.0212963532236178
0.971351000221802,0.099499799037909
0.349818197127665,0.171122979949948
0.402250567383266,0.0827209392530581
0.491885561419385,0.0386574961470234
0.22867533050451,0.22867533050451
0.203543176779235,0.0761340912435054
0.64274467712836,0.148416029003311
0.804060253912202,0.21314976345737
0.792529492914131,0.0563875961623323
0.410771396464864,0.410771396464864
0.337992550946668,0.0982182409240143
0.232353604903706,0.232353604903706
0.0162315193840203,0.0162315193840203
0.223896668444228,0.223896668444228
0.540242139007862,0.00707962232487902
0.807980909331035,0.16209809323432
0.767091073007097,0.0195631083113392
0.17041498425289,0.0894434681819166
0.595293268541977,0.189790991204195
0.503208543476638,0.0483172144889964
0.693444907541978,0.217600442250358
0.609381821491355,0.359914655912873
0.995189766828875,0.398697920772557
0.506045860317384,0.0664910019374222
0.185505899865054,0.0152827038298467
0.139850489877579,0.102362586300432
0.682328404155,0.206221854583105
0.37833088534358,0.37833088534358
0.730918356625759,0.0313551762499642
0.381366933938273,0.381366933938273
0.978488895600911,0.00661022587125423
0.711537452289001,0.0410339248093465
0.362632122530361,0.124397377521971
0.941427038593449,0.00785482764444917
0.267610401758139,0.10138622604043
0.771541538585418,0.222859891956206
0.254784505561021,0.0289235853410069
0.894009237801635,0.37980019728576
0.954746006282992,0.0504556061595506
0.22814435128147,0.0970939304557917
0.55081280331219,0.226924681310406
0.504559262723257,0.02513744662868
0.009420990555241,0.009420990555241
0.0424383227006494,0.0424383227006494
0.930120985058882,0.118521699246029
0.355635400892679,0.30132347941785
0.864280285723438,0.575652315788997
0.0681012204310833,0.0681012204310833
0.0332208452390534,0.0332208452390534
0.200846349257589,0.128453857347019
0.932639717243446,0.261239212416967
0.215892744654605,0.215892744654605
0.677651259346023,0.425788366513677
0.0439364713681875,0.0439364713681875
0.860491314699623,0.335341769185735
0.74020875632088,0.252788478419255
0.0324135224570163,0.0324135224570163
0.56590596448508,0.0758383830505316
0.196558917191659,0.196558917191659
0.18564125448716,0.18564125448716
0.554763705890829,0.167036473733228
0.740543784406547,0.492642799293223
0.420928202876104,0.420928202876104
0.883119670769368,0.0418173229148367
0.878829726034215,0.370979825277432
0.616866826333207,0.123018706078055
0.928433230436274,0.398635469410437
0.715941278249958,0.715941278249958
0.87333868824493,0.186610774413237
0.52760444835074,0.13072993503096
0.324167227695043,0.144522613229447
0.360277841964817,0.250187467145699
0.702604086537844,0.0945135756033418
0.637759346338473,0.100347397800605
0.756289719268887,0.0804284243967464
0.126275295145002,0.126275295145002
0.864749540952364,0.387557275152244
0.860888043002897,0.174600391566185
0.289330222559105,0.0976362987759884
0.957949527779684,0.0448233759409675
0.234988270527487,0.165205223573365
0.298359320352329,0.00856612897356581
0.522309418488362,0.217843558725403
0.699863287911338,0.349919953592116
0.797571095898912,0.163443917422387
0.677381011664137,0.268005403980269
0.566652820254028,0.317780201645514
0.0793921900714617,0.0793921900714617
0.406722652210328,0.115015303008506
0.675361008730705,0.073728871016336
0.366226603652462,0.122472386505862
0.315924357395027,0.181961084991581
0.27033630582547,0.194955690209225
0.123511767492084,0.123511767492084
0.680833879364821,0.0543598958298294
0.491390346026755,0.231803012594198
0.233937248142544,0.0558058802328082
0.194078013068406,0.0281053044300698
0.272967041062046,0.272967041062046
0.495236922064571,0.495236922064571
0.292250360524343,0.040340250056075
0.429652828160174,0.0843957435218969
0.418494589610701,0.142730653799846
0.340715373305212,0.10418318531719
0.869766368712768,0.252440531155196
0.954312349155749,0.0496517011436845
0.705567063848418,0.167689564469807
0.0642825114692591,0.0642825114692591
0.488661133285684,0.307273908005031
0.260385776333461,0.129703745901278
0.234850657811579,0.183317203697111
0.914261944607347,0.154925945385963
0.700256803354648,0.335731937414242
0.676593103796477,0.35573580611607
0.933628611930181,0.107553625992054
0.945496263911568,0.212749773506256
0.685015558613498,0.107846458850719
0.967064399267001,0.100978312162311
0.255801106026826,0.179707982362131
0.222892751464773,0.181986956813226
0.658351106602896,0.234893707025057
0.380738846599801,0.0377480828789866
0.303937742959013,0.303937742959013
0.211610295045057,0.186413030884224
0.997227559204963,0.193217820949749
0.489163634565474,0.118611267076386
0.673422772191828,0.272758110023572
0.832985857036973,0.323394730590005
0.971657403078336,0.143239409578846
0.95424855548945,0.204780398439507
0.790082780593191,0.151058608858107
0.619110775719381,0.186726569587571
0.430898121279199,0.00885484133754349
0.858883467901378,0.0808769761299384
0.434961709297573,0.434961709297573
0.350707924360143,0.270294791546184
0.280910479891862,0.280910479891862
0.651384755405211,0.290834884439936
0.164633677884895,0.0190735007669284
0.179243593467264,0.179243593467264
0.115829105938813,0.0488343216565474
0.624301856671897,0.131656197033672
0.140425920734348,0.140425920734348
0.13209882588214,0.13209882588214
0.136734592364794,0.0893220059928876
0.594291879851896,0.456132043624578
0.666826167018218,0.0156097018599357
0.589767484800416,0.0608098316158917
0.349367133980514,0.0777228301134644
0.939718041992024,0.223437660357643
0.570082244757252,0.200779241041563
0.806366056693225,0.482923814047134
0.812045786405015,0.0702174415163783
0.68908491299392,0.145895552839446
0.41971853370198,0.41971853370198
0.396591152768498,0.396591152768498
0.555090307994431,0.10282813405583
0.555288467741524,0.332568730365983
0.691530148946654,0.537988821581262
0.141587389124359,0.141587389124359
0.192890678855752,0.0710623419235703
0.773669111389193,0.064609164164155
0.596577245243068,0.526292515782808
0.211790272679047,0.0101409981536352
0.0607569345739113,0.0607569345739113
0.164305759141115,0.00335290296593464
0.67207808086067,0.0229028651688865
0.224132596713947,0.123932437054776
0.655697189152914,0.206529153990018
0.492816038779373,0.00268074985942899
0.777055861760133,0.143231803137953
0.633048580834752,0.329167359686588
0.737622998643583,0.152972868579255
0.0207488231720237,0.0207488231720237
0.633945718826051,0.251871983083868
0.931864743092871,0.519252473617147
0.00213603459804869,0.00213603459804869
0.170886261888847,0.0280444171237829
0.881118996236422,0.430769625743518
0.33422403318997,0.238163334584597
0.992557813457942,0.165450578426446
0.960150786795931,0.316551313356448
0.882483563079921,0.201431253011778
0.721258163276289,0.133640520320904
0.697816315162653,0.30819600824464
0.438765592495609,0.126566879320487
0.886140514234225,0.275693561642283
0.549788898231131,0.0714803212324153
0.265606445704732,0.265606445704732
0.316243289024904,0.14295302426933
0.46944984038236,0.0568845395022202
0.254922716821928,0.128875372701306
0.779351721019473,0.0444695335257563
0.230705406939222,0.161115841966766
0.265077066314226,0.0846065983484424
0.610654187095219,0.0638703974906158
0.686822900098737,0.0873449082443449
0.694721595822774,0.154359637326238
0.623973344428933,0.053894670198811
0.387660921649369,0.162940785123223
0.540753161479492,0.292063919390773
0.528523662570971,0.0895840234173483
0.931905175415642,0.181449753768723
0.726908649192582,0.093542393635074
0.796901038619017,0.499651457691543
0.454063800402973,0.218820626734504
0.547863248935331,0.057015129155334
0.0640920684407165,0.0640920684407165
0.719170086762685,0.202915925487169
0.0241159768476636,0.0241159768476636
0.535785700653798,0.0725421102002314
0.408728384550201,0.136423933222092
0.545699006732306,0.0483003818305999
0.330266005273446,0.0149818197428408
0.461508578499853,0.254507526589528
0.629406868123834,0.344226311981147
0.830576483286554,0.419750698589198
0.8736925545061,0.653855985929985
0.0347680900915763,0.0347680900915763
0.943579195902858,0.108828252664849
0.0504404195220607,0.0504404195220607
0.537305802311794,0.0694392217074222
0.352940185868187,0.208365376637602
0.321810165456668,0.0278227732258697
0.0375794225571488,0.0375794225571488
0.991998927755678,0.0697381356459483
0.469564950755982,0.108737658173903
0.856891654709204,0.0703863179768929
0.272659175683201,0.204222325006395
0.430707325574454,0.257781775565607
0.16385087246999,0.16385087246999
0.193244218386474,0.00113567501502329
0.59290814471344,0.205759600523735
0.985099745022101,0.0198277104621549
0.797103744160529,0.0112948780366306
0.068620331116335,0.068620331116335
0.591364915611053,0.329526526682932
0.457553489525136,0.413280735714074
0.78153726458046,0.0549832515279628
0.895689007631371,0.00443047410328924
0.131799889244681,0.115691586049858
0.328390868188552,0.210227776026321
0.382664144578675,0.0493093968428888
0.127179904127112,0.127179904127112
0.798554888519723,0.0587373552121674
0.819660643472389,0.0925258566341778
0.1429151375451,0.1429151375451
0.518103966529373,0.502557653098753
0.945898209459274,0.0896474500972821
0.663043884020705,0.437186568868124
0.40372643190031,0.20527167406735
0.269885915542412,0.193467871483024
0.153451151604756,0.0307668320559498
0.285202525160995,0.285202525160995
0.65989146649383,0.214018119619256
0.00916510745980594,0.00916510745980594
0.200065720480745,0.146546457559877
0.922778820195101,0.401931730563948
0.176085681883411,0.100363868161018
0.427912128338913,0.197709652512395
0.0146731414928057,0.0146731414928057
0.583326446083864,0.0448554719366962
0.890307111099665,0.0266898224481982
0.265582202713258,0.0232832042831687
0.679598542428437,0.215525021335333
0.791122602369532,0.0526278800198219
0.817911309660929,0.119728257292475
0.948211799421188,0.0442923863292437
0.0685297986632493,0.0392725896554766
0.991424981384258,0.230880413168918
0.348439400442167,0.190263405916046
0.000461309668667683,0.000461309668667683
0.0256479919105587,0.0256479919105587
0.808450214431853,0.200005178779311
0.687983370139088,0.148778316870491
0.36980701334339,0.36980701334339
0.24016348948181,0.24016348948181
0.32584653910276,0.0422873816661518
0.223532569015845,0.223532569015845
0.117666099186058,0.0275627418692471
0.771737618149639,0.0898037493484857
0.029077544218988,0.029077544218988
0.00684199694098854,0.00684199694098854
0.393787722226169,0.393787722226169
0.96140866312477,0.301192755156893
0.53680670235632,0.0182285841177306
0.23532561428945,0.23532561428945
0.41966033866124,0.164910023833103
0.469262094070343,0.172067454351249
0.409083151832544,0.094353718390169
0.066451568315278,0.066451568315278
0.66359061633441,0.0157261818104588
0.306351722555364,0.101253869560144
0.625599748322617,0.140343575197202
0.219417322618216,0.0868581927668803
0.0847154521102516,0.0847154521102516
0.388277907940954,0.0606085017704074
0.912475155965702,0.123227800603077
0.0855404353150179,0.0855404353150179
0.598304869889352,0.073402702774439
0.997032102667981,0.149897656425854
0.0621721418529384,0.0621721418529384
0.668930762402488,0.160494034099202
0.017744934686506,0.017744934686506
0.624590945584586,0.437810428791839
0.865602895728873,0.144969826783165
0.31041571661504,0.0518071486082548
0.788465165026275,0.0541695482762308
0.366408285065812,0.145513013418455
0.646052497198694,0.190850396146456
0.661397822161374,0.274227127025074
0.797093634432734,0.510246841659825
0.468008522423427,0.468008522423427
0.95326091266348,0.270418978373314
0.454864260852064,0.0399018237999659
0.000928762804678549,0.000928762804678549
0.744626304043875,0.0323638955926314
0.106175641476269,0.086996757610246
0.530274462980218,0.225132494157104
0.425369132066926,0.0294298707145102
0.918363837929356,0.217497824719301
0.641750664264466,0.208835360009757
0.592206972352693,0.0919190146622413
0.648184801589182,0.103685581137258
0.172435029642954,0.172435029642954
0.667598949938634,0.0967458304928617
0.973433374173178,0.0552931742468134
0.536210547722789,0.20709140138375
0.219557128259414,0.219557128259414
0.49806134939935,0.356308211648391
0.898578492702798,0.271452060769731
0.20099237392408,0.20099237392408
0.292105124946735,0.220254025429006
0.809168253203148,0.219721695073971
0.00571073840495751,0.00571073840495751
0.895486662154671,0.114107947316447
0.65928002684169,0.175935151050155
0.454908867557237,0.454908867557237
0.795968146283044,0.0978275826384342
0.337036118513959,0.321993887334397
0.466629369547988,0.0458752671220743
0.137897132648097,0.137897132648097
0.701354272061885,0.0149894578614395
0.736360690514108,0.31971970633415
0.537257420647572,0.219260095707866
0.269581880707993,0.208231749229401
0.952573147591394,0.40726964316776
0.283120743420977,0.235010641619082
0.594038342624904,0.178124786625587
0.041363089463361,0.041363089463361
0.0322069658685877,0.0322069658685877
0.342503396848495,0.117503039253315
0.870901402726137,0.0972298938803386
0.403625403564493,0.326346198209344
0.335151290982647,0.192513315689536
0.870700208426846,0.244950752977895
0.92777289661338,0.265641473235479
0.144433456720536,0.144433456720536
0.516309319288424,0.287914024899069
0.232314841248071,0.0997980868215129
0.18283516650195,0.034045593372353
0.210803187782261,0.049638474623524
0.388826723063584,0.388826723063584
0.564869717633193,0.00582599000253595
0.843348246264922,0.192781795860142
0.275442839777162,0.0835630983177184
0.207740833722494,0.122683623000253
0.51729469194175,0.12351934201419
0.855709836656775,0.079310222870849
0.575848827714761,0.451213083394723
0.0756005611593821,0.0756005611593821
0.23545832650378,0.0495926992535067
0.486859562454979,0.0783032133993605
0.429507713399571,0.178014563761656
0.960234306502588,0.396750334206432
0.9618914426052,0.395253557539399
0.185834394098758,0.143212111002263
0.518607218742964,0.518607218742964
0.522406107160433,0.218734217601074
0.773673656801787,0.245254730642603
0.972075805758,0.642645707622606
0.037118936964943,0.0206354214130371
0.798779543493544,0.0302796733349759
0.524262090127537,0.129222002955287
0.0326444056231649,0.0326444056231649
0.634603463671076,0.253757063434372
0.752612671533887,0.0915372670067791
0.136848876660978,0.0995765498128708
0.108551014652991,0.00853202984420907
0.571807475659716,0.0661798207199635
0.474716480396415,0.0192682149587751
0.478195774569028,0.22914479391529
0.894126342604778,0.567938657606292
0.932705244703483,0.214155488185162
0.617145936641445,0.0100034538287711
0.261382182488821,0.261382182488821
0.0588408630390192,0.0588408630390192
0.592326720724413,0.101413993909628
0.804962394360962,0.293804014368245
0.767750904202363,0.390407433059285
0.666567802887087,0.0210526422941936
0.668964494671873,0.47885531004652
0.385947054388497,0.185957240821727
0.638541370239798,0.0891512091596023
0.900838948887848,0.151461598568916
0.0409908829021532,0.0409908829021532
0.36489221773464,0.033205877681625
0.320693518021997,0.14701529330039
0.327954388010877,0.194287671981263
0.410735043127474,0.122699609551693
0.706624237443936,0.00239525262892709
0.255798790386572,0.042852899327544
0.456948457685068,0.219417496020776
0.0600104870456462,0.0600104870456462
0.27247504617261,0.104737559144468
0.659266065284962,0.242472465965273
0.036066169803319,0.036066169803319
0.37821280991138,0.0244645831028425
0.337230242414135,0.0184339205318772
0.417311713549896,0.0492397123890548
0.719029504200679,0.0704620299187029
0.976288367937059,0.248680417626148
0.899415694273573,0.138727111170139
0.289447532033082,0.289447532033082
0.0846715051813047,0.0402660309275394
0.746715236273112,0.506819847989114
0.0611461544070293,0.0611461544070293
0.0448776102330269,0.0448776102330269
0.787556864290136,0.112392191005352
0.0763672205184494,0.0763672205184494
0.220317802588943,0.146395017408149
0.629087899264227,0.098263631155112
0.813981600540921,0.0688729762377398
0.562557354904963,0.0889208243633858
0.217855748112731,0.217855748112731
0.349375044249306,0.0278333168102002
0.679441884504887,0.00598453276561479
0.771114041190353,0.165885986567955
0.835445564031789,0.0191228738069745
0.670469226502114,0.210833909455348
0.758291720856535,0.042826521730572
0.0193402744421889,0.0193402744421889
0.311761212011014,0.129435312104716
0.382484773943139,0.134849567655431
0.796657451121527,0.116305663308078
0.576991535407514,0.124520266549312
0.84724783890138,0.425741997065419
0.820536153060218,0.029793372593283
0.316214864255284,0.136813443182934
0.555564132208636,0.0655419015416924
0.45940459698416,0.407031488525599
0.947623516612944,0.313035340387664
0.541944069551025,0.430171510649163
0.691680887132573,0.0311978073739641
0.439592610402975,0.0797241862641352
0.418729681699444,0.0978577396726344
0.129984457909152,0.129984457909152
0.374008021266514,0.336094819129806
0.143768810540524,0.143768810540524
0.79410435649613,0.199921958699282
0.183925358244933,0.1614650548908
0.829569072253504,0.383755940463992
0.433907828107869,0.388379793981079
0.023495536719064,0.023495536719064
0.824274463842849,0.485266909780438
0.293898677044906,0.293898677044906
0.678502203087562,0.0210438230062381
0.511082515798931,0.124563975281225
0.885772543439565,0.0789627920766217
0.381078570686369,0.0202852958821345
0.820242487857867,0.187003416841793
0.931838477218347,0.0916189643892347
0.912026610798199,0.270614003754667
0.918830813025335,0.306459270952016
0.661312608383253,0.0241694979944
0.722578585933679,0.212250982573315
0.0799085055763821,0.0630109436975755
0.78056913590539,0.249977814390166
0.494745010648161,0.0683029238012945
0.582678591878522,0.178388497368534
0.795804701875433,0.00242968355892175
0.991917344731267,0.430027640353255
0.110670961338482,0.110670961338482
0.165238185177582,0.0914240919424575
0.12571404785072,0.12571404785072
0.289440536943586,0.0490682332745274
0.400108870234189,0.0113689156081284
0.579320730714979,0.197461486458294
0.630698374133636,0.340256555769799
0.360362980284693,0.360362980284693
0.107127928801567,0.107127928801567
0.805265941175311,0.023777566059963
0.79514693311554,0.122527184213798
0.708261342952839,0.169422573589776
0.290732446169734,0.0346621942163458
0.470206128973867,0.075283926771537
0.801782541550043,0.516446320875458
0.00139156794824982,0.00139156794824982
0.742601785252285,0.277484433814613
0.240260306491239,0.240260306491239
0.0913101829384547,0.0913101829384547
0.737701570991972,0.168040409666519
0.172712263319589,0.118041368965186
0.78395662132242,0.473953861243309
0.786336856855143,0.222603339030041
0.654939549162654,0.329733036272389
0.648900651195122,0.397812094009247
0.303693265811251,0.0105620582732346
0.706558004259608,0.107754412535869
0.722122871761777,0.020127649425269
0.0738858985631579,0.0643580290498438
0.587313313745219,0.0982450284489539
0.641220031963094,0.491901686699322
0.585123164753592,0.0492181576426131
0.480417110499135,0.0308772645387596
0.101352525455203,0.101352525455203
0.856110056786532,0.0952854815401995
0.369232097377343,0.208806185568228
0.276673995045277,0.276673995045277
0.380088130487138,0.053687015163964
0.492982733525228,0.131391460801107
0.454035595780608,0.0016958217921358
0.274608492013983,0.0387566440575107
0.261165195627107,0.093593351484541
0.0488179172222805,0.0488179172222805
0.598504981518575,0.268913893588722
0.799730044997564,0.0908962963072217
0.868444641893113,0.20824589239715
0.482929946076613,0.041823912510958
0.539624222832588,0.0543264001355909
0.795358825945054,0.14556792842685
0.637430358777282,0.190481156230806
0.163209904749746,0.00855131216058921
0.788531980938659,0.0770389883534991
0.0446933421358317,0.0446933421358317
0.941328481805153,0.0807686685321466
0.839198563182348,0.134228098135041
0.911713989862676,0.0433033255489981
0.432025481398028,0.104527658931897
0.706926881475093,0.670921306500809
0.597326657785988,0.417414497921751
0.00667398393628613,0.00667398393628613
0.364032225067149,0.0877312707239685
0.43070760085224,0.152777013355742
0.343590998117413,0.162735423849976
0.63153938096415,0.173057712336452
0.333623983271281,0.00613926712823017
0.473876560855137,0.196629930387814
0.872393694354204,0.06196882201055
0.0174210732686051,0.0174210732686051
0.218663303855417,0.218663303855417
0.751907456136576,0.0576531960231571
0.173430487905941,0.173430487905941
0.104435789191124,0.104435789191124
0.13875189648484,0.081444847472726
0.672868152775371,0.35209291529348
0.496578296999809,0.441356752774867
0.597411834875475,0.00226757938380647
0.749521117416218,0.125404647674334
0.581475202042995,0.0863766411590396
0.980413023503181,0.108895791228252
0.69417160703552,0.0245442763484156
0.379138051334383,0.379138051334383
0.079735550295273,0.079735550295273
0.13266632398972,0.0548765932414522
0.0541254417754362,0.0539592131572977
0.304478874359809,0.304478874359809
0.0513149324204898,0.0513149324204898
0.673199057767915,0.167291964958496
0.340856211826307,0.146709526408709
0.188700259903617,0.175121556072027
0.912080848397907,0.0384011210323238
0.479593764193734,0.43013354009609
0.860860157500386,0.180749219824916
0.628872515158107,0.162516551030405
0.96854079136375,0.00868038876001424
0.22904651228481,0.143764399658688
0.413042125542398,0.204628271064293
0.913263099515077,0.138525069484795
0.43819479878328,0.0129563856762757
0.383875179431873,0.383875179431873
0.780971607173359,0.166569799300762
0.67753237638702,0.549442101671687
0.276416740368356,0.0134718702268281
0.231283774263913,0.201469269549337
0.559422523189437,0.160433046340675
0.656856076816488,0.0153190512158409
0.428774767121168,0.428774767121168
0.750555186068878,0.0529613378821376
0.914310684155151,0.0286114058032699
0.279763190996692,0.166395725948556
0.752215172186916,0.0906110669111861
0.170892565859114,0.170892565859114
0.452640412667761,0.380341711405816
0.216120398600192,0.120763156179052
0.962301972307337,0.154140304405131
0.182008584754739,0.182008584754739
0.12496911980218,0.12496911980218
0.962572086644312,0.0189295259388868
0.804986444158239,0.161814456558525
0.210927169395481,0.210927169395481
0.492807913635609,0.436372308986874
0.8377756970956,0.4793397535295
0.628511350229986,0.223355330224216
0.0140104607756093,0.0140104607756093
0.0218525972309977,0.0218525972309977
0.400219600703723,0.0602571773966816
0.577446064280122,0.168660086633234
0.966292494770152,0.0279732797528318
0.888594840843742,0.0499642245996072
0.551659611577591,0.0791566339165659
0.973633991446394,0.357463085301879
0.115644677360526,0.115644677360526
0.976329380482036,0.279640336651773
0.0535972735596007,0.0535972735596007
0.295387420014068,0.295387420014068
0.930790166079434,0.00606006996057535
0.129279413208221,0.129279413208221
0.0112868760893993,0.0112868760893993
0.736577733437818,0.643712178685512
0.00921256854262543,0.00921256854262543
0.08876461462817,0.08876461462817
0.288139785698613,0.281057139385003
0.200849482840003,0.200849482840003
0.946254582277286,0.623545416527771
0.837615264179711,0.0450386788726121
0.0162551112481241,0.0162551112481241
0.572021933288424,0.116307411141261
0.979249706405043,0.0419373837472958
0.693780240370351,0.310625499260172
0.798750846082465,0.171635523331853
0.519373212340615,0.350929508254264
0.7355481569539,0.0207816839655807
0.76441395100539,0.0394376528434946
0.955010326210966,0.186674656974964
0.0563031542342426,0.0563031542342426
0.802143925956638,0.4962748398646
0.555453295712123,0.0367042453633803
0.776845996753174,0.188866801333832
0.920045868503815,0.0206710624607834
0.208965795152064,0.137448129518274
0.340194974988247,0.256459450273414
0.785990637336104,0.0373834194567115
0.174721716045372,0.0692490694721122
0.158444591282721,0.158444591282721
0.575393818415877,0.342251599209821
0.136254166796223,0.136254166796223
0.217577540856013,0.177068810880036
0.662346382028969,0.339304878705678
0.902719883825818,0.127000092316726
0.325032398798225,0.0185498559515853
0.0425879998126355,0.0425879998126355
0.213525611670415,0.0768959728828207
0.670871063000717,0.4009238090769
0.44010594466649,0.0228030830432385
0.116401132156041,0.116401132156041
0.980573263914156,0.00860791979159277
0.326358642616642,0.326358642616642
0.609803304534293,0.0702235910457187
0.772460353523845,0.0221420691440834
0.518079601509839,0.0711707564107741
0.890117795773117,0.0477191859900853
0.373698327655786,0.226353642960091
0.931288966851927,0.239690412139237
0.507052043734592,0.36303728065532
0.572394854536498,0.1971081507211
0.500404954586988,0.150472788297576
0.0661973751579221,0.0288470947278961
0.747473931941198,0.221521465927716
0.266724779960487,0.045063035844833
0.645926931674027,0.244554457212267
0.623905423012002,0.0981976556060397
0.687287282940776,0.0690947844145702
0.679292476889076,0.0678394591079981
0.0747707545761058,0.0486548887483028
0.579558438813982,0.283653987064506
0.527744007066046,0.106550671882114
0.39549359882751,0.36178616637798
0.54340276161844,0.445615835680265
0.127538540528853,0.127538540528853
0.825278259573413,0.0285512957526346
0.847535351400682,0.100135750894549
0.335128458429682,0.0837543782792121
0.684254497736642,0.413486836510033
0.178359745452043,0.178359745452043
0.93675504672019,0.304812095672955
0.207583744873027,0.0652979170337328
0.00418960196911171,0.00418960196911171
0.657091423059251,0.323606701747693
0.63523335426233,0.222025858098539
0.965870199583636,0.238419854602889
0.728901208752341,0.191234519345112
0.768163205321985,0.000156593263366676
0.962031992083098,0.214116293662898
0.772146880966589,0.0120725037500612
0.50732841089452,0.431001635317961
0.492071464734607,0.0116426097897439
0.169180838923388,0.020493345696312
0.120247399710988,0.120247399710988
0.633683164722617,0.0767170786574243
0.217886000333877,0.0109561902304199
0.493642011668339,0.117612412791661
0.691656674968523,0.0978390979246152
0.616468699468763,0.199983352138586
0.68597243728966,0.303101008974797
0.586857977417305,0.293018273808281
0.476471151850126,0.306343589431021
0.408581304608118,0.23775637358101
0.656987918086173,0.411567447224956
0.134934546696099,0.134934546696099
0.715616921529183,0.715616921529183
0.782885225239848,0.566461346534648
0.515542767017602,0.0343177923998524
0.314279266092169,0.314279266092169
0.636615101703369,0.191709346370982
0.595204036786462,0.0462604390306273
0.438722142489949,0.438722142489949
0.974963255934464,0.293013767588063
0.328523772155707,0.328523772155707
0.446819165857338,0.165343705108423
0.308474849737627,0.0712328150575692
0.15331354651003,0.15331354651003
0.607405813991833,0.252163946720911
0.844342301321304,0.360474944237231
0.0558390829451203,0.043081472712917
0.0595126770485751,0.0595126770485751
0.933074883965662,0.0640930827614326
0.235663939018414,0.0157288593345361
0.0580417620041186,0.0580417620041186
0.152714840703172,0.0980078982049317
0.423643382014989,0.252434690570494
0.0684068780631313,0.0684068780631313
0.788618488774905,0.0535413985176931
0.569586844354231,0.480892933052008
0.129807054999681,0.129807054999681
0.143871124522929,0.143871124522929
0.552694115921576,0.3406255328895
0.934370020983199,0.215579896453941
0.821971300925703,0.0585707195595297
0.247228531008322,0.155085306663737
0.455776515465284,0.0668332813449569
0.73718094475417,0.31053379379562
0.248327292707982,0.248327292707982
0.19036742150525,0.19036742150525
0.946128960130712,0.0666608559388201
0.314104873283949,0.277438987371909
0.323077013810088,0.323077013810088
0.11648172450959,0.116290544529807
0.362813979257598,0.121997034664295
0.741536117494347,0.075972341939556
0.619458254501825,0.364701449699681
0.56240744833426,0.0509742899016125
0.905388004537376,0.0489022051666358
0.761255180806212,0.0290004476715512
0.133240443508242,0.0735653900306264
0.724923667185007,0.565280861211731
0.852291022243196,0.252158481221373
0.0902699853779943,0.0902699853779943
0.880998439654953,0.0661014867733078
0.291273281546904,0.121546118412415
0.513213887144671,0.156299920143868
0.0330743453990488,0.0330743453990488
0.990049436709322,0.367394323500671
0.243798377088489,0.0865081337135897
0.078139648786107,0.078139648786107
0.4518127217338,0.0276985488374673
0.517664941576143,0.199710565590182
0.382617958010508,0.138746430424592
0.133003401268923,0.133003401268923
0.0796707305188063,0.0796707305188063
0.166907831246779,0.166907831246779
0.170754415709183,0.0846182870623549
0.374643371685329,0.0164583420742279
0.407280035176286,0.293898560648207
0.723989805305155,0.127319544515991
0.724603969000171,0.0776362740082923
0.204767208189192,0.15415511864249
0.617795565203612,0.38154751131104
0.585896523965395,0.210117132107283
0.125174238540134,0.125174238540134
0.447943121620634,0.014658833414634
0.263054167421292,0.25358734362867
0.219446456209819,0.19062049587011
0.303282302284745,0.303282302284745
0.571540459844425,0.211864392543525
0.56461885363591,0.13595870228525
0.720538349037568,0.178732447223714
0.47946986826536,0.385919935532648
0.93569235973464,0.222841472673513
0.228548526327111,0.136589396980797
0.777492744507025,0.14867009194161
0.13001569088885,0.123564346042786
0.125826260852183,0.0309098451499583
0.0473898101241299,0.0473898101241299
0.463437750285189,0.213761170175774
0.351743837268416,0.031493507162801
0.461541172724478,0.354407540077855
0.106894631874618,0.106894631874618
0.398299412210685,0.150520837338333
0.384001376206321,0.294129010723846
0.871471620289988,0.193937167318907
0.174855582600578,0.174855582600578
0.269348111613364,0.0567932714037659
0.458512735843362,0.104304855524472
0.434877737503281,0.211855526245433
0.396637870198441,0.0243568423300787
0.812071567163965,0.126228517923699
0.770080849759619,0.14553249008204
0.379055787035064,0.207628844212935
0.67295984173344,0.351137462689745
0.807365914979493,0.225025802018303
0.976586433046968,0.0276880731894833
0.579063586640364,0.0592727975744993
0.639322737273418,0.16452381236254
0.888072974072956,0.259884022933785
0.519595065554513,0.143557914373261
0.145935739828268,0.145935739828268
0.402396381626619,0.250555770588861
0.630449804969537,0.460164142699277
0.403099399698156,0.105278184126093
0.310997949089123,0.204475006943914
0.599564526781123,0.170339263257029
0.0815916657645746,0.0815916657645746
0.115567496874769,0.115567496874769
0.599044834604496,0.0395105829904211
0.165097441803268,0.165097441803268
0.747002074480601,0.0561035254105884
0.0150303855341963,0.0150303855341963
0.0875505047166176,0.0875505047166176
0.185571057705039,0.185571057705039
0.486410452972778,0.486410452972778
0.902239257719635,0.204020229395651
0.236199991252587,0.0024314494289313
0.707673632367793,0.322171759752049
0.231694330203703,0.231694330203703
0.35854406555467,0.0414320166081863
0.261522014293641,0.13798448324806
0.154518245404071,0.154518245404071
0.199636525673213,0.199636525673213
0.263009780840708,0.263009780840708
0.682610172780811,0.0989652337047657
0.559628758833368,0.254520656728923
0.741915121324433,0.0603934690117751
0.3859657414305,0.3859657414305
0.958932009606332,0.0213617231052413
0.608482674387147,0.378753674242221
0.249834325680685,0.249834325680685
0.011840094698859,0.011840094698859
0.679089716169145,0.232614823022248
0.0838488927341571,0.0838488927341571
0.643516862946971,0.299321351322035
0.295771159200194,0.295771159200194
0.906748873080956,0.565941338709525
0.803653414073721,0.108851977014837
0.683130862984487,0.0725242152610153
0.977857813904226,0.0788248333749404
0.260633222115254,0.260633222115254
0.362697647287769,0.0204252077097056
0.868690053542991,0.0845048279005075
0.201351929766526,0.151616365775905
0.260495471723266,0.260495471723266
0.508845791762558,0.0629682335774518
0.219512802815971,0.20924682856648
0.0430961357502831,0.0430961357502831
0.604167026025876,0.024355112101721
0.542070625512993,0.126162644326847
0.118389024582544,0.0618306348430735
0.0986493009908371,0.0909638669221158
0.228068990222821,0.0693487564183757
0.375908991274107,0.315186755515846
0.943120933453032,0.0711131154897544
0.162255009849951,0.162255009849951
0.753015329221971,0.115449543012806
0.324022156088149,0.0552249003998716
0.748020800619033,0.122344578407734
0.69208188455146,0.0524880183914355
0.237735722954997,0.205632495094802
0.723701411060121,0.112159037633227
0.810678389340824,0.147976770237666
0.651742792654344,0.00136295416865386
0.912904643988515,0.166001859457055
0.398744091054248,0.358803853932749
0.312680584110473,0.195557446131436
0.265178801501769,0.061533111232936
0.831638363920043,0.303548444714804
0.0352531140968354,0.00459063487526368
0.859756576710881,0.00482676368499398
0.051089445728348,0.051089445728348
0.487265015989227,0.348133524397049
0.278002855776568,0.0440333169073779
0.4244272625238,0.115226041737562
0.256174146362082,0.177421469126201
0.503528996686878,0.0224629643860759
0.900372643802368,0.00742195123455156
0.183785498045082,0.0422234503210228
0.158574772195375,0.137925314705092
0.198729415620245,0.0621384449622794
0.591475331116313,0.0196175841030527
0.100714109998235,0.0174418029370914
0.747192232599907,0.258123968656481
0.471028005121572,0.159969829796402
0.0603951445898354,0.0603951445898354
0.94606514938138,0.0940596368589714
0.526555997904031,0.422363832893402
0.461790373846144,0.00948591525901633
0.312108408741271,0.0903091111400899
0.471841474308016,0.405121058521803
0.436727773841295,0.386132306389886
0.515445007341289,0.0240414718267224
0.935073966867505,0.304449854500828
0.236825710927004,0.109094089356778
0.267626262035536,0.0149597349770167
0.0270123583429814,0.0270123583429814
0.105313332173258,0.105313332173258
0.164985905657378,0.00719444329641924
0.485311112827123,0.0443450741484873
0.507721622992272,0.0470552469153026
0.66406565885023,0.499108415926785
0.870981567288122,0.0360681172465196
0.616906812143368,0.0223971244148084
0.500996007617209,0.200210946778416
0.10908739751678,0.10908739751678
0.296773861156584,0.118862128748035
0.388637213498587,0.00514537181589518
0.764130488055461,0.237303222706298
0.71737892941205,0.316560461943092
0.240700851111434,0.0187252424091625
0.751470983839444,0.0154116156413355
0.393665452120945,0.0745819140423899
0.468235470098354,0.145112511082594
0.502126573102639,0.220127602216455
0.036565748338664,0.036565748338664
0.905697727158537,0.195989700997645
0.88548499995855,0.0700425600990229
0.212113932006896,0.212113932006896
0.358265277366976,0.358265277366976
0.476885740201784,0.0156194099685297
0.711342054516848,0.669810507336232
0.242816712937661,0.0478959802648056
0.435083208776466,0.0310766123747284
0.518075084692392,0.435254677290649
0.20427557055348,0.16353019610871
0.56062812286547,0.219198622912245
0.888739160708043,0.0697276296469
0.231155047810055,0.172258067325351
0.173737002971938,0.173737002971938
0.386263480522311,0.362324598850961
0.816671613802334,0.136782564782936
0.082150181659153,0.0727105103070534
0.7803703336484,0.000944676061181493
0.233952821755196,0.0341740098100846
0.60598773011695,0.118580427042454
0.167093600195155,0.0639757576522416
0.527087449542136,0.0747182741677195
0.361945806323315,0.00936539290476819
0.394845191817928,0.0633274892188627
0.048206820989933,0.048206820989933
0.0717818718836794,0.0717818718836794
0.0762442070126503,0.0762442070126503
0.219129595531675,0.210129405962266
0.115483847852051,0.115483847852051
0.30961222846637,0.30961222846637
0.740123775636672,0.216814991524919
0.929437582943803,0.113964604824354
0.479576352484063,0.124161725418453
0.288595621103749,0.149372239598832
0.192339493631182,0.101521563212287
0.022364850964585,0.0130227453727362
0.548104768986457,0.199610107689598
0.545140472419658,0.0341576547357591
0.0175363464089271,0.0175363464089271
0.185155163160394,0.0736531866951491
0.861807731987038,0.655175032105461
0.204068874121132,0.204068874121132
0.448640737810115,0.200837203704465
0.750876621079338,0.0118275056167893
0.101334737155407,0.101334737155407
0.299800330322069,0.256191370556204
0.185203941343962,0.0135687187090302
0.180297928272388,0.0709634819786576
0.893117487008699,0.178247867367011
0.696882857196633,0.0446021174912845
0.806256604783146,0.28238448269506
0.854187640981526,0.701153255178923
0.398237991635199,0.175088120360617
0.617124364041239,0.110334618891403
0.710247234247176,0.316362998968707
0.18645208416984,0.129170894208026
0.389237591797363,0.389237591797363
0.841540111227532,0.271627229503568
0.81272324196513,0.0734654487206237
0.749546381937965,0.103159440605514
0.551084118016419,0.188550942547722
0.152177519844403,0.152177519844403
0.505908256435909,0.27619946090698
0.143488573140938,0.143488573140938
0.795378875272242,0.0530126962596367
0.875312009044684,0.0990759882493968
0.753116312661934,0.0492272675852354
0.609138634566235,0.201700761490332
0.436156438699021,0.436156438699021
0.741265015881823,0.192336088074391
0.117030289176488,0.117030289176488
0.785930924857593,0.0562482988744474
0.168857612168399,0.15452167165581
0.636360741498502,0.0617255183514344
0.979627637209012,0.165001286439685
0.232432452321369,0.232432452321369
0.105071536977438,0.105071536977438
0.247853343565372,0.247853343565372
0.356099576371192,0.283306218842869
0.339691296980676,0.00119656112985787
0.0382840371717778,0.00749931904287279
0.00924714627505675,0.00924714627505675
0.591126199048571,0.0160891199210163
0.792445503640798,0.152716916807518
0.135690292780975,0.135690292780975
0.157477705424678,0.0935989489280877
0.077675678551696,0.077675678551696
0.993033935299208,0.344677101098941
0.171835820153708,0.171835820153708
0.0873298190037676,0.0873298190037676
0.479738410856139,0.0911733694729788
0.267862585310781,0.176233684354709
0.175265303649468,0.135370784116505
0.189687068552628,0.188669681519129
0.253258892610832,0.0991200627486364
0.208383643946479,0.00904316487131976
0.619065390526099,0.0690919356976742
0.379086124201298,0.131871028186451
0.908641795539733,0.219805809753595
0.451802158864314,0.201264200264341
0.31912765798055,0.196849471013165
0.214247270434108,0.0470888599122786
0.151916894332132,0.0996046971909946
0.868230767061275,0.0671355330199935
0.958501889425337,0.169342113617292
0.702518994261521,0.205606658887804
0.769410500277308,0.0268808367558025
0.54596348278807,0.242183870148671
0.242566453045466,0.242566453045466
0.25525574064349,0.108655576124122
0.990510028725523,0.00294951636220609
0.0539091199358962,0.0539091199358962
0.266714630885674,0.266714630885674
0.255481969568818,0.255481969568818
0.969223821298836,0.359505739471522
0.60302043886685,0.0241266409743131
0.374171909680541,0.0426116363430723
0.506573122974518,0.216787562081331
0.294643413658049,0.171836625782111
0.783780973435496,0.294464180492505
0.299458607542411,0.141192860925408
0.798104060802413,0.263744839311356
0.472327056949517,0.340500414482581
0.262302882036202,0.0888335945670122
0.092422057018496,0.092422057018496
0.260408645619575,0.117163684182167
0.87265678451226,0.212603119397989
0.906975747635855,0.478984774367038
0.154638805026807,0.0607468005071393
0.350721211114205,0.232343640117021
0.250874465888518,0.111190097950377
0.0295804707510332,0.0295804707510332
0.698200093297041,0.109768169289836
0.0518667693784548,0.0518667693784548
0.703576527042757,0.101143769338519
0.791077482069539,0.045391260056007
0.964401681207564,0.187688176778009
0.773139794794687,0.0563177505667897
0.136824781821713,0.0419754301740539
0.738432505878257,0.128246971916542
0.576979950263733,0.06263641840712
0.972557801221317,0.500708010909968
0.00915622153362946,0.00915622153362946
0.746427464894631,0.103340477462794
0.845254415759528,0.364119248560912
0.811473347458232,0.00560327559158364
0.228342430331367,0.146198555258292
0.13495431148722,0.13495431148722
0.370496706054816,0.278317882301086
0.386331519206057,0.0193406367171298
0.895961857560197,0.0313938324408085
0.577277430102381,0.271702883562754
0.299710359774917,0.215447242830371
0.109949452999862,0.02728815585017
0.0924402481815384,0.0924402481815384
0.103311762556822,0.0430417750176625
0.361370796139211,0.109787808730272
0.587843013860855,0.164494086621505
0.895340522139217,0.172295109922457
0.302089752871271,0.162173326422246
0.116761786325529,0.0723078538592642
0.936810568909534,0.0708666366728387
0.59763731683185,0.0558880080062443
0.383142733039644,0.275928934621121
0.409549734878582,0.135023925595346
0.153583035697194,0.153583035697194
0.071111490548944,0.071111490548944
0.654817186755025,0.0513086562628219
0.447589064241955,0.168064345382148
0.054206235879729,0.054206235879729
0.197130797000572,0.0321009422216545
0.351223991695483,0.154136214696103
0.54769634209744,0.206000732252872
0.623457652122673,0.0521876659668149
0.90769455925149,0.456069176391356
0.268391021797199,0.0417697253825811
0.266044369624385,0.0813315655413174
0.896358612922086,0.127206140816731
0.10208149074165,0.10208149074165
0.115489483870747,0.115489483870747
0.454323286243369,0.047022569549834
0.924148901435283,0.299080571442244
0.87355525806309,0.567202256342559
0.682012492766122,0.017015203131589
0.0836198132945964,0.0836198132945964
0.743069279730958,0.221632996817084
0.831856896060962,0.0639794104688117
0.684906808030525,0.125036090407649
0.61709072735715,0.205621110403554
0.988455969871642,0.119322162546614
0.641635889758477,0.00708933857320542
0.564117618093017,0.303709021919439
0.70253923994984,0.0083180452478519
0.685543489804001,0.23730688321923
0.489830682871927,0.146942238858306
0.0190104478824496,0.0190104478824496
0.380200238582185,0.152546003663177
0.141106303187168,0.141106303187168
0.436261194332695,0.0786700571909771
0.996617310262518,0.082560671550871
0.238413775974582,0.238413775974582
0.548859820981036,0.451100727099192
0.902104398943676,0.109263173695459
0.826055598165593,0.315583573361706
0.471863886471853,0.0344247877442485
0.141562609494075,0.141562609494075
0.0798927260969158,0.0798927260969158
0.385951963036576,0.0763900593874728
0.920844464947495,0.074974985515673
0.550017075999833,0.150618084435967
0.808805531080651,0.00877534359768105
0.280784501659668,0.01040256942506
0.270221709144646,0.143439614804581
0.27064033854011,0.0269278720013233
0.116727124449859,0.0875491937591828
0.145444229845221,0.145444229845221
0.80512697302607,0.0727842382410867
0.141355885412346,0.017427428575464
0.396461788165186,0.130879188107769
0.193192836595051,0.193192836595051
0.71811282326024,0.104851468000488
0.0109604835146374,0.0109604835146374
0.825524580252973,0.127126587584661
0.907062304939599,0.0515268128743283
0.889029926379435,0.0799429409044896
0.217817008339928,0.217817008339928
0.37430276231962,0.37430276231962
0.191273767090556,0.0401118385701913
0.243668499721379,0.00353156549310046
0.31606981360502,0.211321665485644
0.00409578046666575,0.00409578046666575
0.615358622278185,0.0180799034542108
0.227406562151902,0.156841353807444
0.747128602928653,0.47802385112226
0.449661173662613,0.200695030800645
0.561632072755963,0.371924505707438
0.375901195047053,0.356774352571037
0.811130118976774,0.192385018977165
0.0832104617778852,0.0233559144248875
0.858352355775731,0.105539127781807
0.550485381780233,0.0663678575685835
0.544133008226082,0.0638733450834711
0.645522104797596,0.00348917287401794
0.74679948858976,0.0960361809433112
0.40236699661604,0.228996957487101
0.298583124111861,0.0620578634598417
0.348577336594475,0.0711267230792214
0.476095232131213,0.0385776591930144
0.577369223598131,0.465707625293642
0.654725927531989,0.076349604919783
0.0555022522995875,0.0555022522995875
0.413790179349656,0.115898116368824
0.122687650018494,0.00545164808219104
0.400524429092779,0.335496753000967
0.505564310652932,0.0317111345583696
0.944218966134083,0.244700599069121
0.650740471659791,0.291112352723477
0.43213518058053,0.43213518058053
0.38152298177532,0.10802025426968
0.0222552935571964,0.0222552935571964
0.183171092150117,0.0532862465038543
0.735984499760502,0.0648658730008285
0.912501672095949,0.317773924630474
0.961058216756037,0.565541892593168
0.478616171747067,0.294405116478967
0.128548033402847,0.102833226932252
0.588820917621103,0.0207263748696046
0.518614669833417,0.0400165512279716
0.333671953888963,0.328729927321759
0.422631850259279,0.0792985482131942
0.757045045193936,0.282659736732211
0.121237513567808,0.0401108941202808
0.647655584719068,0.18826862806182
0.478189530235917,0.272312800663929
0.602893810261714,0.00453688630675822
0.78064709764577,0.0144691559550944
0.243770182858547,0.243770182858547
0.0592463808505161,0.0592463808505161
0.912014306086009,0.15029198740819
0.38884371998752,0.0819054473356704
0.647126341448746,0.128143455251055
0.822592831208553,0.0563488580983837
0.51523353659387,0.0431239366893705
0.746172780378018,0.0219976513441283
0.706584234006908,0.69519302412871
0.810364299220921,0.251573962150003
0.0525117090006244,0.0408561884499799
0.931576685855867,0.0162263900520901
0.897378490865481,0.193127436401082
0.711104344949083,0.0307513301907832
0.651108470453869,0.515659798096607
0.41381844653598,0.16368662863074
0.290581731162745,0.109544417643751
0.644630905991774,0.381695366361354
0.118182954048441,0.0438226767369089
0.695924335194082,0.0345330665942602
0.994345697644919,0.0257487624370824
0.575106351848608,0.101953472517616
0.629747667421074,0.40977510856105
0.284723711120247,0.183889023729981
0.71071035408774,0.0195795189781898
0.759937538399923,0.185416702712622
0.587338425489101,0.363613749004225
0.780148988956324,0.0449570606845861
0.667067259587579,0.0665072504686351
0.734259913756836,0.0248014655641227
0.374076996341432,0.143197097784366
0.143676502842752,0.143676502842752
0.543688094769244,0.0594452642705538
0.563044973238865,0.0189438573911689
0.00213092221917122,0.00213092221917122
0.418707030546711,0.0946949498822318
0.110338791742511,0.110338791742511
0.523704900649587,0.177649785475562
0.143438419114823,0.143438419114823
0.291411933800554,0.291411933800554
0.855363876370515,0.212282653162142
0.126536419935165,0.126536419935165
0.607465508668295,0.150408623190441
0.920388524816119,0.304827778052064
0.115382605381445,0.09371753618245
0.708078849548433,0.242658662902653
0.31577073526102,0.195295096544301
0.512581986484643,0.0598762009938332
0.593638355895729,0.023304355870909
0.132460788382123,0.0458130876549277
0.521764294674806,0.175727596638115
0.422403577027094,0.347234585714533
0.517334966614505,0.213396967357732
0.374833302064309,0.18621212949281
0.0965807995231275,0.0256167148333032
0.117522625785693,0.117522625785693
0.917588833251563,0.00544576840089139
0.977213440883531,0.114881127660544
0.80487924804759,0.0168923191076618
0.540661752307328,0.17644848609799
0.0529044188556204,0.00166886787199781
0.586809203205504,0.0707872936259777
0.947573198687784,0.119153869270705
0.976754579108341,0.155473934013963
0.750881441481038,0.570386833531049
0.347732799236463,0.113244511240634
0.639364098979875,0.318996107335863
0.0926085414390772,0.0926085414390772
0.753197171517218,0.132362699833271
0.50589346194166,0.166497194376831
0.220241371432495,0.220241371432495
0.766384648622476,0.157051169479202
0.81228533958036,0.213631208039031
0.325931942240625,0.136397269737405
0.815265515087787,0.146445064707387
0.436946861254722,0.124528290746455
0.904820735177777,0.143255377099962
0.968924163143056,0.0651954883653875
0.572825544374461,0.0237792893197159
0.535721492289409,0.491032559238275
0.0669819171231605,0.0669819171231605
0.557366183411935,0.175865644732316
0.416652557225025,0.0535947262670654
0.740778310920322,0.0321496213182426
0.17932928471586,0.0553586262493023
0.265573503860398,0.0199070947462254
0.934881819158983,0.113724434494425
0.394916029704533,0.0998083821844189
0.716109454988758,0.0117522580001371
0.555232518849138,0.206502056566846
0.659707145293875,0.302526905375715
0.557821171653876,0.384077110671566
0.621499883664958,0.505323030991027
0.0411019520693954,0.0411019520693954
0.357505341260097,0.0904497107742316
0.542453469021375,0.415928131910273
0.750524753525357,0.493391413157439
0.577048138979688,0.108132558945877
0.582325966943126,0.233601258662369
0.1221397138602,0.1221397138602
0.359926994413556,0.0224930862723563
0.583679975103921,0.356398613489977
0.404356786858185,0.288691492502155
0.772039512036405,0.0903756035040201
0.910310834939595,0.162625546328062
0.810622763810655,0.0551868475524997
0.79670016449374,0.0989460532261479
0.040354603955464,0.0279110235992381
0.753413671902081,0.441779333564823
0.627618533678981,0.5356289337688
0.125123309549815,0.125123309549815
0.396376210076909,0.292996997916404
0.892775267752009,0.437818015555492
0.956584330003892,0.20858096973093
0.258277404217786,0.258277404217786
0.38806120269451,0.07687289963174
0.0134610262161123,0.0046811255337133
0.918266167847397,0.400718590854132
0.106355197160577,0.017826562286493
0.905445034960301,0.503327819193105
0.16080277385548,0.16080277385548
0.419715828288411,0.0524009230589799
0.0292840316977834,0.0292840316977834
0.181280312709661,0.181280312709661
0.78580497688611,0.150567079271833
0.117215920889284,0.010558282469653
0.55498063645116,0.360503240035573
0.552204277707392,0.238107401460356
0.125302328503733,0.125302328503733
0.622364103799251,0.0766350443903968
0.365428855169744,0.136579758191972
0.216849506536714,0.0018477138823803
0.0444564350724958,0.0444564350724958
0.200550807651304,0.108442057218297
0.0844697243286642,0.0278765082029146
0.790989409185759,0.0839620545019317
0.171702760375004,0.171702760375004
0.782276223083867,0.366312551284446
0.940075282862012,0.479963082176463
0.392866609594706,0.00708434504349568
0.144404479307907,0.144404479307907
0.0257823972068761,0.0257823972068761
0.288579464332422,0.288579464332422
0.740175132178217,0.0444882646900573
0.438490767244039,0.238773035298171
0.47723239148345,0.18867873326087
0.185248566535401,0.1643805808845
0.719884593918539,0.034709968632234
0.454095738636525,0.454095738636525
0.185508935189935,0.0369682377858854
0.919344074277512,0.00821881994364846
0.284892093576047,0.208298740902037
0.91477779146893,0.387174364472803
0.953541747140161,0.0871905859336684
0.0257689551312006,0.0257689551312006
0.9320999296132,0.264920001075254
0.236735805929025,0.208912398395962
0.363218606139217,0.159013958960996
0.534152449428586,0.307831873600967
0.0320695542053936,0.0320695542053936
0.960038004397492,0.161834435803992
0.0743994102933483,0.0743994102933483
0.165254887913574,0.132553764193457
0.0694508315426446,0.0694508315426446
0.866991011502036,0.590963430816511
0.757838445171694,0.159213119820563
0.0755728168532785,0.0755728168532785
0.455922740149942,0.0729259388459872
0.100590919950152,0.0578748957184521
0.979415162002134,0.101938462791056
0.830899678231306,0.194896980145245
0.175299729840519,0.0664536991598614
0.392922950244759,0.137494581230595
0.984921101868928,0.0569787069609703
0.401567930327833,0.312758479611686
0.282793284499683,0.133216079879565
0.169414652884727,0.150025213476298
0.00929954089685294,0.00929954089685294
0.00962387580729109,0.00962387580729109
0.717671714424647,0.0213155542546783
0.781376909576328,0.274684752536657
0.0045358880061818,0.0045358880061818
0.543292491509,0.543292491509
0.152314896483002,0.0612706128977881
0.476567640949862,0.118850592279484
0.365474781250709,0.365474781250709
0.754335568978768,0.0513404110936345
0.684942500046288,0.142437222472049
0.0440909484449371,0.0440909484449371
0.734505285193429,0.0173241988092886
0.895739236608382,0.011901646137709
0.857046630888018,0.0485636519990142
0.403907713980375,0.0686409110881319
0.890522926534966,0.0280359239594984
0.838643662025647,0.425925892409225
0.981312307499228,0.141525691838006
0.695051777860749,0.00163844930689273
0.133018208947737,0.0366847221429823
0.55849686113082,0.0749568847018014
0.92622475684993,0.0283203026814756
0.339155976761083,0.155931873631846
0.415997803192565,0.392942670649408
0.5025654495643,0.0283303934425107
0.612516330065562,0.612516330065562
0.137689701486642,0.137689701486642
0.509484471606708,0.509484471606708
0.653863728953304,0.589235304330712
0.584156491223458,0.0924590519873123
0.686222740914149,0.00155035215392382
0.0450443742143577,0.0450443742143577
0.925869431777597,0.00542081182971943
0.801991518457077,0.105253924427836
0.180560572437514,0.0765554670102373
0.502995419136176,0.0206888401111054
0.703543888293046,0.280776611339807
0.131126359495547,0.131126359495547
0.53290818022667,0.0275055973558219
0.844772485958032,0.0179398258257438
0.797012106664019,0.0723650411481194
0.495905629674343,0.386991960494664
0.741672575310673,0.1864930241639
0.95667928125017,0.182499892852886
0.922155103882345,0.0755971151187798
0.889263702577696,0.0824198638464079
0.374822900126739,0.0939507131999326
0.7791298360201,0.153584738180806
0.326900270399159,0.326900270399159
0.0933581820123632,0.0933581820123632
0.721896899895324,0.120265369209256
0.981880546370778,0.417883416044502
0.19485017888745,0.19485017888745
0.161360268270942,0.161360268270942
0.805716299949705,0.0186444449123813
0.16982471915462,0.16982471915462
0.851051580499667,0.622385220086048
0.929289647682547,0.131063093911802
0.957687496272318,0.255214625572581
0.14678648640176,0.14678648640176
0.368247068218371,0.288697179374329
0.0394504221836832,0.0394504221836832
0.560934907768005,0.396719196781786
0.402077053920255,0.0702288021670013
0.344548476986794,0.324824122627086
0.929384623148336,0.217866383464609
0.364147475787168,0.0335246212896072
0.331972187236621,0.128042660739373
0.455791387838951,0.455791387838951
0.783174299812291,0.423195728147499
0.281969494033629,0.281969494033629
0.53157382329676,0.00852253009656021
0.643923265164413,0.207849599718547
0.117236877626504,0.117236877626504
0.733084152707488,0.069429919327797
0.9698918029613,0.482663874342958
0.931097459374427,0.0369811737396431
0.70271637581574,0.39430541630155
0.472750439009304,0.058318570864734
0.338592140019642,0.0212004200963229
0.857383101383023,0.0568900780684755
0.555426575381172,0.0164137914596895
0.382225088055215,0.276136651341144
0.592608582557404,0.4276985125325
0.260626389076815,0.173763183600964
0.778666833138769,0.0582196008583863
0.950228284875345,0.036428799339234
0.416151121817687,0.239108368502985
0.993082644024759,0.0696561223357438
0.789756364052673,0.163598159792294
0.5703889437883,0.0334062648039631
0.0480494367700165,0.0480494367700165
0.486657947560153,0.0175550902470123
0.681798061094696,0.347629719747605
0.346143391559709,0.269964654218408
0.146180347898332,0.146180347898332
0.350886149630873,0.325823518714545
0.896684260288785,0.1431551420862
0.16707761716511,0.0690925411852621
0.627912783063904,0.627912783063904
0.542260871025751,0.176691719925263
0.843437162005131,0.346177237572001
0.729391258679494,0.244088409766236
0.689500137103841,0.397753742114289
0.818044860318127,0.134310469083028
0.0595255304275035,0.0595255304275035
0.83043093425784,0.181380571581412
0.767217105935291,0.215068589072304
0.456765682040222,0.161322686064928
0.766824235488753,0.091276302230371
0.655557176088795,0.0903891183326338
0.247303178678715,0.00218512989937967
0.0157648691828514,0.0157648691828514
0.218655245217597,0.0311750415133381
0.989348666774172,0.105180507378534
0.679715775382231,0.128968815854403
0.88077612854992,0.161064612448744
0.655181635242212,0.0877150390900333
0.601291836909844,0.112142415925223
0.180351812166927,0.00488549149157875
0.690676497310514,0.0670282990251183
0.628448612102149,0.312058450877088
0.458837923143286,0.0531353111456502
0.104315170691684,0.0788492085524149
0.531809475803507,0.00437113998596891
0.0237307182859242,0.0237307182859242
0.609075067635395,0.0448925805213752
0.0405219151639401,0.0405219151639401
0.12885924296482,0.0957047412467537
0.589019743702135,0.407738237293198
0.712154846277489,0.232638179829777
0.29769499640447,0.129737646771471
0.259633393074624,0.183261602272397
0.864600602930152,0.57063314221336
0.642598390345549,0.0915394321624011
0.161095031882691,0.161095031882691
0.209677408647901,0.209677408647901
0.944510807220513,0.00430644976160706
0.793291780060593,0.633817821682294
0.617382155890801,0.402757565223335
0.509919323123967,0.0963649232582132
0.118130383883212,0.118130383883212
0.61528988726711,0.116426058791954
0.437255941200414,0.437255941200414
0.546559459197382,0.059623580190023
0.265003261679344,0.0221619553142173
0.428461996942198,0.0357441345082188
0.789306052617171,0.0854684757257912
0.105154101168617,0.105154101168617
0.107073480502135,0.105890249813557
0.799133186811088,0.0520701991536292
0.147742419520971,0.121631482069692
0.681089605066132,0.253901983917067
0.103366872948698,0.103366872948698
0.730157709268274,0.111791359331955
0.799617550620722,0.131443769071318
0.710827430045424,0.667399713690003
0.76151506362614,0.0736612121793294
0.048221415117677,0.048221415117677
0.136438007791454,0.109605843390201
0.949840662227726,0.452629827382165
0.831577695712736,0.0831259671780238
0.194048650915144,0.0494261792036174
0.775486276387438,0.130105931189381
0.113372771671888,0.113372771671888
0.259215516739102,0.176464227492374
0.100667574664022,0.100667574664022
0.603156086022166,0.400183994347671
0.86681098450277,0.133974100802245
0.515696177477935,0.169685576746576
0.91644970210728,0.263253619616927
0.733436029650832,0.0393020291406198
0.332773691711322,0.332773691711322
0.658110853675657,0.134682884128213
0.647382645257807,0.309401560455159
0.636001788798624,0.0604810973746506
0.198707533981292,0.011468345090727
0.19766425889617,0.116207343996988
0.105551645055518,0.105551645055518
0.272502572801586,0.272502572801586
0.247373956733767,0.19393459708115
0.86500963116938,0.125084296876959
0.332100823239147,0.332100823239147
0.053789910012317,0.053789910012317
0.339112727499725,0.0159050391945677
0.651674201724791,0.0975588782570957
0.11452869067643,0.0015342947532271
0.867122003121656,0.351580352528604
0.475120396415119,0.0532010673204866
0.530055674264546,0.0473830335206498
0.572724835486885,0.124854769779737
0.563007149553945,0.0653974042922472
0.842086816679113,0.0943816840548082
0.0311235171934065,0.0311235171934065
0.268891682889522,0.0812471374851701
0.840667163101529,0.169899707599295
0.814151516563382,0.48578205088526
0.623845609893263,0.0788025180052775
0.372235987334337,0.325047206363418
0.664849388416557,0.0564576980689534
0.868130071243716,0.0735752922452387
0.449568966167839,0.193668326246565
0.221488540359638,0.221488540359638
0.23700413780419,0.063827061822201
0.546780924990376,0.543912044668227
0.892119865027811,0.223157844339444
0.332474084181996,0.131208336379442
0.804836629620123,0.0718552814749729
0.430782680406732,0.202355941891356
0.0676671237422303,0.00186704897515138
0.635292883974964,0.131641940977705
0.760817768435158,0.119268388032063
0.565076555077536,0.264967781013504
0.694826705412123,0.0242256736793823
0.175205758136501,0.145432558307885
0.529842437032468,0.0306982999315663
0.531664999397043,0.320079510246458
0.426561384810312,0.256111282606857
0.55863382896777,0.226333755211382
0.831721782438309,0.211741673221981
0.719415070746825,0.0392617155562213
0.126786196913321,0.0300932888956493
0.574955993407197,0.288212853709878
0.067218474312586,0.067218474312586
0.62001403610923,0.231263191007474
0.717604624031911,0.261965070807849
0.810769706936738,0.212995949226934
0.847661639711608,0.0629973009260348
0.0432227965469596,0.0432227965469596
0.0880754234485103,0.00782686381346953
0.619972237331593,0.0820338410087412
0.588893584853316,0.26672420495521
0.844087539949818,0.294414034367864
0.613345546071431,0.587475903313861
0.447566621002118,0.130498114161816
0.557570931280333,0.234523334627492
0.308108513072143,0.120393373452354
0.694858996972467,0.0232287155696433
0.323368672388066,0.0278670667059295
0.302787546112942,0.302787546112942
0.683718805826024,0.0387636190254408
0.240299738469044,0.135558278197296
0.458314574183286,0.458314574183286
0.102731141466641,0.102731141466641
0.666590500314147,0.0913839866922384
0.695654671581163,0.32325395713595
0.0224405252150365,0.00547568805713633
0.0857228016364805,0.0857228016364805
0.367705657612542,0.017099991475247
0.774889769780674,0.0719408679084539
0.462907845477247,0.043761109316711
0.894893572742633,0.407514071055029
0.592588622399827,0.296854287627102
0.961926586063786,0.19117303709365
0.452105925189582,0.345709689203827
0.787917191547565,0.186304341899032
0.984445620529694,0.388571468280117
0.972937795543925,0.49626281253741
0.492081459564233,0.231538935921354
0.995880007179098,0.249586574418883
0.638311067960678,0.0552773556211828
0.179231245660775,0.0967743342233303
0.631244288501222,0.0981993191058163
0.232989310169275,0.163495845542448
0.473246333518091,0.0500642793027655
0.0846056650264071,0.0266614706653261
0.567858666561498,0.0947352235386634
0.448326661298067,0.0526047752258813
0.736121352136824,0.235200698464379
0.684703876189816,0.307478590831731
0.479870319894339,0.439674016628247
0.982882480169952,0.0684425381377801
0.42388191085986,0.241596298424905
0.823084926640221,0.0243594952085981
0.84836272229003,0.0888774137845434
0.853034608891306,0.156988732433012
0.223495693235405,0.223495693235405
0.822407913402962,0.33146543135274
0.513862360651298,0.0228456759905317
0.434216825569917,0.0928837420892195
0.338786700919818,0.0754682382597363
0.603734120752935,0.175883226857882
0.257941777897727,0.195430369272287
0.349838793207984,0.349838793207984
0.733359499808158,0.0363782819520138
0.623442116108266,0.00372814247752176
0.617269180958072,0.0799883302044988
0.884130776190215,0.103938672233261
0.0475715455892971,0.0475715455892971
0.160737423883222,0.160737423883222
0.348584634601781,0.0777997265197326
0.618473706525927,0.188117512579218
0.958593771795897,0.547943268194094
0.989833391260636,0.0694686504275483
0.735090714562044,0.232811377223395
0.752681396024433,0.102241478507511
0.608386457257352,0.078766270200357
0.399606873731031,0.138225527403162
0.339966217391819,0.121160470686518
0.0426888512183176,0.0426888512183176
0.413722754870936,0.0900640945285684
0.258968365415309,0.171146911897199
0.199155354799192,0.0739350687065176
0.131643588521046,0.131643588521046
0.222177092459906,0.0441126399390168
0.684484157789491,0.364272180974537
0.378323485573518,0.258039164934684
0.536367271945599,0.293377872757115
0.130323304138621,0.130323304138621
0.496994021895326,0.0928767846585534
0.44084108018322,0.147618360481265
0.747863543826763,0.122680086332261
0.331203511821466,0.290284755743269
0.0994136934261512,0.0523437682822839
0.0468398055661812,0.0468398055661812
0.719944445314224,0.206600430347384
0.0883085215753773,0.0883085215753773
0.496624805708362,0.413958980440932
0.450823736489477,0.450823736489477
0.96270163163189,0.11704590716125
0.365685049885344,0.0161650006540413
0.332061517012124,0.332061517012124
0.963174945748037,0.053929733483153
0.99678088239145,0.0660727069321063
0.725181053465322,0.291719946621221
0.198573628647455,0.104790908716171
0.101935821838672,0.101935821838672
0.958470895930282,0.0279398786116122
0.297318110072175,0.0961458849541583
0.660396314276858,0.000832283967735926
0.787000342921341,0.157489721705613
0.668938372393588,0.355972801811096
0.210850423187258,0.0805722022187899
0.550680002851691,0.0577778976705606
0.718057818406633,0.0550499648356907
0.755597721625884,0.413184835196631
0.342638593463258,0.0524959987645984
0.991995881142544,0.113490418475979
0.516078914593038,0.516078914593038
0.587864676491104,0.0394038334133352
0.535646575726493,0.098164547007805
0.382012868144611,0.245571792931779
0.612791526465677,0.230138280736388
0.483078557257519,0.424528968536593
0.89564405362629,0.35718438171215
0.0218499629976719,0.0218499629976719
0.671396251950994,0.0251716687907294
0.809490506239569,0.174046034886736
0.797906111120306,0.188212141220937
0.088324290898189,0.088324290898189
0.587020638419649,0.513360568052522
0.81471061988068,0.206418295145641
0.75703567428739,0.75703567428739
0.443249967202592,0.226404872826585
0.563857883602224,0.0205077936279461
0.308336655935086,0.220693519016617
0.532117878799319,0.136341002303757
0.784556948415566,0.217735788578168
0.932734116660041,0.330878032117752
0.309140958536119,0.0506410834005462
0.343507177766954,0.0674352696214589
0.936056573239249,0.263404192489596
0.165517117524057,0.165517117524057
0.757011615949043,0.0899091680986745
0.124019059533338,0.124019059533338
0.0966879891909111,0.0326397947191312
0.00232265228088011,0.00232265228088011
0.298501752267009,0.196691541188798
0.921062232952339,0.0604412974547186
0.858500217437138,0.241031316224986
0.414547783949314,0.0539251406629578
0.854846661470534,0.182278010617752
0.180322039167999,0.180322039167999
0.00799810193870141,0.00799810193870141
0.818889068129822,0.0326015591832841
0.181147925431242,0.181147925431242
0.413757393659367,0.112141116596737
0.005083304666414,0.005083304666414
0.277825876533689,0.0888776982871942
0.206797745456308,0.00964919984366011
0.959941471960292,0.0403626103278191
0.37318068690253,0.0917471345329218
0.465579167571257,0.168017718033367
0.359837392727183,0.00910273485902893
0.83552576562041,0.38890285028889
0.285176416015242,0.242569093443212
0.141125951451632,0.0335115144811049
0.621096227852839,0.0397772177345795
0.187153148829973,0.047231676944692
0.305773655914402,0.305773655914402
0.831389759814496,0.0555222146464758
0.924150673268064,0.523373839734343
0.0508112954150717,0.0508112954150717
0.342160401089682,0.0582282037973805
0.128801613501215,0.0822401264310626
0.930901048840597,0.294542387710685
0.645192529585758,0.0563311350234802
0.146876396568122,0.14381964992354
0.232880367041581,0.0546605657063323
0.105401856011499,0.105401856011499
0.633094673093106,0.121536397296499
0.809836036839677,0.165778036915306
0.623107720640262,0.0116919433474001
0.720333470130399,0.0885259943582289
0.542830092181655,0.513854110054221
0.428112799470087,0.223378731464707
0.641260047094262,0.136671972367971
0.458285072608585,0.101920148410833
0.19469652970839,0.19469652970839
0.365520762595342,0.191902301259668
0.384844838592312,0.160041129412428
0.0974611016719044,0.0974611016719044
0.609360743584964,0.0330623327929077
0.983618869594217,0.365685997516539
0.702029157529391,0.0772815992430081
0.209119722469163,0.209119722469163
0.650602667233909,0.650602667233909
0.0725232020891913,0.0725232020891913
0.603383841382821,0.260182915688709
0.322343039594541,0.00907128463103329
0.832789080185955,0.0749627224483603
0.516544907125186,0.0202202461002233
0.984514822461234,0.0181315612521589
0.382050193318638,0.0185345621629804
0.32394498709041,0.154272428960796
0.232377946706051,0.232377946706051
0.362095432285314,0.362095432285314
0.709907880266902,0.269981536922349
0.260934661515009,0.0886661149216081
0.769141536053124,0.286531195953886
0.358801621459895,0.152403222966739
0.266260525809215,0.266260525809215
0.721355345758229,0.0201179149419559
0.122305934373677,0.122305934373677
0.671457301025979,0.0390770820064945
0.519742614443919,0.12705106083253
0.423549506154149,0.031306669192469
0.750303700144499,0.256583175260052
0.0415644585279616,0.0415644585279616
0.481010327216217,0.297932674996989
0.859303619922943,0.230675527546348
0.62700622578115,0.0460919496844281
0.292040861208791,0.227228106611077
0.328480152888377,0.199358480670256
0.163604626760625,0.163604626760625
0.138509465201561,0.0148761812655981
0.334855382508178,0.0842827567849812
0.514091577193543,0.514091577193543
0.806546154177369,0.151891585613787
0.852793682985262,0.137253001800307
0.299322512059745,0.099384643056291
0.117739582970779,0.114311771077537
0.614032091610897,0.236073927414884
0.231307244892708,0.231307244892708
0.730760609044013,0.13776556957362
0.140867492771603,0.140867492771603
0.807548250439733,0.196350693639838
0.939098088458513,0.105074948951276
0.365427335635064,0.0972917601316627
0.77999370349731,0.138828648327268
0.340607510898035,0.340607510898035
0.311137633036538,0.0916955683681563
0.534557021310501,0.219655385833643
0.986157442951137,0.695889893831695
0.363936040015816,0.313490794338409
0.45659200538936,0.0670711904073798
0.448128181094456,0.0597761107998904
0.851046624371364,0.0476176856352379
0.0555612916764392,0.0555612916764392
0.136797638184849,0.136797638184849
0.70686359649655,0.166319596368934
0.633328131477877,0.0166813452914928
0.440000616302033,0.193012124935349
0.559439204318194,0.0446818183297553
0.424714803085478,0.0353598230805002
0.897096277865439,0.0523078957741755
0.394481906439212,0.00555245842037773
0.678437399447055,0.0839642494674569
0.202130218740236,0.202130218740236
0.875108308343281,0.0493094820195349
0.129674629808313,0.129674629808313
0.102605129096064,0.102605129096064
0.574650158781277,0.0103727863717258
0.581736546722269,0.188262350917317
0.44717397010945,0.0398867376487116
0.523113108732573,0.00281907876649562
0.403299401595662,0.288928356845824
0.596692056358715,0.377279404140006
0.635210834360376,0.155684428899791
0.226458374882132,0.226458374882132
0.0583348242573721,0.0583348242573721
0.911108627089763,0.214284849082037
0.235108278865606,0.00789469810662004
0.618237114430406,0.347994862451581
0.118339169983471,0.118339169983471
0.572376592594098,0.568425473834141
0.195484435538533,0.195484435538533
0.695054493346825,0.375811488530271
0.342606910236844,0.0417608109201516
0.328773456748993,0.015850329470443
0.525560874206733,0.172622978495316
0.751755590909439,0.0293435715702695
0.709531758311412,0.151626447287194
0.21489799584145,0.169143757058164
0.866062119049236,0.257780110325188
0.811909993248061,0.38850756151601
0.104367531932823,0.104367531932823
0.380962650217051,0.156736441023821
0.108113432715136,0.108113432715136
0.337402255775867,0.0692966808101576
0.15540240813965,0.0900096294512129
0.551500444351406,0.190944594754862
0.14471271710474,0.122901932952816
0.207285212176698,0.115581411556167
0.910035799559443,0.20944629779978
0.705447065520331,0.152239718164453
0.902586205721673,0.151571530402947
0.567960753386682,0.265121113231346
0.15764022397117,0.0798792941570887
0.36865321857369,0.00983234178716408
0.164524443382971,0.0469064177041423
0.810057785866273,0.550109421474338
0.44326694704739,0.44326694704739
0.106429647317032,0.0794712658982806
0.814163251938289,0.0602088616074
0.947275117650813,0.111297372323328
0.264723331486972,0.0941458412046379
0.129636422876069,0.129636422876069
0.0641590111140745,0.0606314042539594
0.702405566863417,0.702405566863417
0.0699188003531613,0.0699188003531613
0.0374721345682571,0.0374721345682571
0.767124276360156,0.3294139897618
0.771544640370623,0.0617356562398093
0.514435259518053,0.514435259518053
0.748644635386073,0.330419855730206
0.310275024320978,0.221906925563134
0.604585401912981,0.378119207258433
0.380438964980404,0.0681417023087218
0.631248077859405,0.582110687222049
0.340805851546302,0.0912310146368304
0.0125066571811384,0.0125066571811384
0.828358288784327,0.28658582637452
0.68868397532334,0.0411230933138646
0.686973941970735,0.0116037935285352
0.343973734454068,0.343973734454068
0.783081181077252,0.571107189054145
0.454422596751959,0.328478012234623
0.00568052616309745,0.00568052616309745
0.673203520878366,0.159677649418039
0.00501202695204807,0.00501202695204807
0.973693807435457,0.219326951735197
0.320208272521136,0.0212344944284742
0.839330819771188,0.0613752659823945
0.5140009443307,0.0232305184317277
0.927217202448984,0.278803603198291
0.742324832203177,0.0741697666525584
0.109766389412566,0.100780575932797
0.965461559240185,0.10982681667875
0.42472305606784,0.0410323929927816
0.241919115429581,0.0293573122490525
0.115717747512314,0.115717747512314
0.684966904975339,0.309256337388129
0.202182118540748,0.0243042094765428
0.790212074390115,0.239432075793333
0.286294295357725,0.0564810728111968
0.24407000951196,0.24407000951196
0.103434238385972,0.00555066931058361
0.564288702068445,0.248124049797956
0.715061485839124,0.481038163116242
0.114851974758901,0.114851974758901
0.690239986002673,0.0357913559268965
0.162013178710572,0.162013178710572
0.119624219263724,0.119624219263724
0.590020915380896,0.0861801845564545
0.257154259476042,0.0373326347288669
0.363086230451779,0.0425024994058757
0.537329191177871,0.138948795546626
0.540526402224119,0.185407363545164
0.322658329265113,0.18050922870442
0.244967645017552,0.0747053939487853
0.880191151790688,0.197353061276578
0.483122045662373,0.325458833021117
0.00279587607242683,0.00279587607242683
0.880841441766846,0.367310872086943
0.163127875731976,0.163127875731976
0.733639103086752,0.495371443130696
0.112831169958247,0.110852067835939
0.322344542700322,0.251625166873617
0.0394755058705883,0.0394755058705883
0.766457233595553,0.370469547885217
0.975238039386246,0.0974510031575905
0.76034501557865,0.0901344331689894
0.322593974829076,0.322593974829076
0.617577011332778,0.452820080783338
0.884246033973428,0.587105503476081
0.648123615814806,0.0700925387894459
0.990885824418942,0.21230661370787
0.635588563536912,0.0365231692016378
0.579052399490781,0.0907147692128074
0.285699843465646,0.285699843465646
0.767483653430816,0.36668780675801
0.047187256767459,0.047187256767459
0.760195997053668,0.0254494823296472
0.0482106410987605,0.0482106410987605
0.207329490660674,0.207329490660674
0.733721592777488,0.442033782291008
0.783283531403213,0.158264629402619
0.462048913809349,0.066781181428173
0.392931709128797,0.110287554349218
0.861212147337818,0.817521192381049
0.994733668136197,0.468884552332612
0.0487422615666638,0.0487422615666638
0.716098436983458,0.716098436983458
0.439979145218529,0.208277761735485
0.0907077946085003,0.0907077946085003
0.640348544213507,0.206745296625859
0.105065462213475,0.105065462213475
0.77186039485108,0.104233308850045
0.62216972100626,0.0234553769507429
0.955551615378836,0.224930376258866
0.793893898849771,0.480225141507991
0.317798470589476,0.028654846234768
0.637361310600163,0.408986328393346
0.462358184411378,0.462358184411378
0.636855674941278,0.189275465510962
0.891741943633755,0.21095740490254
0.329593659792657,0.026939272035218
0.629598150014288,0.34514984997827
0.530102121904634,0.0266433037661222
0.88247032834859,0.0197069074522159
0.270576901195682,0.270576901195682
0.395699822300318,0.112178704307791
0.660490594642162,0.167208713685962
0.218753910079526,0.218753910079526
0.299814794465672,0.059538754737896
0.922507520576409,0.0428993689997872
0.394847576228999,0.0813147816748051
0.0694660691196047,0.0694660691196047
0.27664257572859,0.27664257572859
0.967581168859186,0.00466922060744406
0.991448647467864,0.0342392750328676
0.0825020132952817,0.0825020132952817
0.688105305691115,0.167590219765441
0.881426669006022,0.0558616177187482
0.194271126104038,0.0557977129687656
0.802909793024427,0.0867913775992013
0.240201201705864,0.240201201705864
0.939052746203457,0.0689087431307921
0.643169771067188,0.0393752481232668
0.0539600955378818,0.0309268494901665
0.0311514819459962,0.0311514819459962
0.364975073797146,0.205672594498388
0.0516285835828051,0.0399841920916578
0.0462733433788039,0.00194850464329086
0.560562339941883,0.504909607117263
0.230988605267454,0.189858974592251
0.728292783462783,0.219134478176244
0.298702293696653,0.298702293696653
0.833876813459017,0.378674562781537
0.862479997691396,0.239090662813472
0.586781102486659,0.0070668238110851
0.706696324520256,0.160920890629277
0.427086836969999,0.134783910582496
0.369584300090351,0.00404251240405105
0.913873979686596,0.298234906699097
0.806638185270781,0.0684537750039392
0.0629232075616753,0.0629232075616753
0.285775097448205,0.00194367641011577
0.233872911934276,0.233872911934276
0.22120280966446,0.215827194383175
0.405777432931902,0.195964406138086
0.945250933185066,0.0725393317303477
0.981436095460599,0.646669515664534
0.088811622761258,0.0691818593016136
0.710985686137828,0.0521331788213749
0.467690142317389,0.0951202132411497
0.984221499066678,0.255081389370459
0.642225816872758,0.062214733664924
0.772509603501817,0.164748330442122
0.440160711435796,0.339794370172462
0.725784471372283,0.074990096457591
0.444009106219591,0.0260426327464351
0.907573425585849,0.29072774146086
0.483354915228008,0.095078296474162
0.673031985706213,0.1799979025719
0.172099838712905,0.153750068708976
0.213521238808479,0.00721403689616784
0.574991949490105,0.107860575325152
0.826223350939502,0.0980899949812664
0.0596001724557824,0.0596001724557824
0.418651944695728,0.058100846455187
0.0116902723780125,0.0116902723780125
0.722907205322333,0.22371838836457
0.790723482553802,0.00170954859769174
0.912773456495338,0.353203356119602
0.746226008976021,0.0402910307848069
0.700035147646445,0.136087433895106
0.217386238944297,0.0139025191631088
0.779525775934262,0.0153040090975411
0.270002463710657,0.270002463710657
0.415936262098961,0.0628881705507925
0.768900648365598,0.0687132493933641
0.219628188104213,0.0846239644659319
0.0820028640266858,0.0820028640266858
0.312085762514905,0.312085762514905
0.432586294101487,0.202545856814111
0.51269500166894,0.127672318777976
0.9665170196169,0.724191005055892
0.792701801081865,0.283065590662854
0.221828608951683,0.221828608951683
0.301898828637476,0.301898828637476
0.259450864466854,0.0639835204911644
0.898871868258849,0.225374873448552
0.718039176465003,0.335856858707932
0.916691975028079,0.375793737133115
0.45237272617334,0.0500606864928448
0.55900899280844,0.29598237913852
0.422789211340395,0.00606631626088874
0.70247936633746,0.0546492017758942
0.5101133217389,0.0855297687499573
0.769238974530391,0.280641883083192
0.0349769965300871,0.0188348359152349
0.227893760403031,0.227893760403031
0.241383108121793,0.161965970499431
0.0141056133954067,0.0141056133954067
0.330709054537304,0.00540022855762636
0.957212312718161,0.112587116607653
0.4384199840259,0.0236492536766568
0.353280497440854,0.00166055597509083
0.175883208209446,0.0994380477182915
0.961314131487209,0.151362619579195
0.654441556184964,0.0347671316238718
0.815346802892006,0.0664367395243092
0.47670236290234,0.236698628553032
0.20835179676504,0.20835179676504
0.985091757832596,0.0362789875626376
0.723864727978705,0.0447584337292949
0.721827835034252,0.000634068932968209
0.600163985202079,0.204894642153649
0.0792843813418746,0.0792843813418746
0.0910944012327106,0.0454247049142719
0.875858412419353,0.329524207202246
0.589412256302075,0.0926939520821421
0.601428126604239,0.163860130837669
0.98596316990265,0.202772609051507
0.0553472297057815,0.0553472297057815
0.109976606629485,0.0922430998246675
0.193935666678901,0.193935666678901
0.208003726400433,0.134772548885751
0.757368992050214,0.00734201662550066
0.831337169135404,0.25100026876882
0.933391685164258,0.049836979408914
0.042556230769757,0.0222812901011294
0.58957738382617,0.0219226589299214
0.740222689663866,0.275013163687332
0.75988126423606,0.168674354453246
0.141577241499061,0.0635615493730309
0.677804380108095,0.13471494951834
0.357797029805066,0.294029505816476
0.769727716195151,0.052572810085663
0.0545174778548806,0.0545174778548806
0.137629210229934,0.0534082767937318
0.977771259618052,0.270356746391515
0.277496797283619,0.277496797283619
0.675651337123183,0.253679476016669
0.0276683871051208,0.0276683871051208
0.516245679620842,0.072068793885474
0.750595879767714,0.0614777263805684
0.370166481019205,0.146996268755466
0.27764158958205,0.19227935788687
0.344844589677065,0.286029500975532
0.373202592142986,0.349950479828191
0.921216322027767,0.255266695408579
0.0608298034475122,0.0608298034475122
0.742904728971865,0.177736775453133
0.333469400343485,0.13395258847786
0.912010202505373,0.119249404284406
0.445525022128917,0.143862832353436
0.916604037596362,0.0139142104393677
0.793459532265167,0.0848863426427758
0.118107064613912,0.118107064613912
0.102029057451358,0.0255501638077128
0.662013009250953,0.031601271759941
0.30482128125652,0.206504902829729
0.843829893759627,0.460757489943388
0.947294991227627,0.00188174031196801
0.666910688299414,0.420476068421404
0.0251279671851731,0.0251279671851731
0.176565373580589,0.0104691969653079
0.617544319520505,0.00604122280929987
0.959610477708273,0.24418377920155
0.42736961576443,0.138198830043723
0.0051553033631194,0.0051553033631194
0.95563413671978,0.219199767767332
0.948136345778213,0.177515859576307
0.523656495806907,0.175134605954854
0.41783124483657,0.000652326211523167
0.755257740739239,0.118522900946303
0.542351875819923,0.25938350504067
0.620393243823544,0.276002755637893
0.12568168531372,0.11415997526472
0.34701931407164,0.174978708341241
0.845175762356676,0.06852067395427
0.399388585099271,0.164724212141788
0.858172498375544,0.245536751068334
0.523488435815695,0.138923195748044
0.931846091562908,0.303176285360663
0.501004520146911,0.501004520146911
0.57220529150097,0.379193412829288
0.761441846836879,0.087710888559044
0.816211984085245,0.0858854419870505
0.439843486744341,0.25226770585311
0.79925562940842,0.231134508421035
0.908147536840558,0.0235423362642292
0.130432208954358,0.0208729914860541
0.626272761498394,0.614357888984213
0.977199434186298,0.163256347101
0.254758496686539,0.254758496686539
0.304165857743003,0.0908153419845937
0.152062427926065,0.152062427926065
0.613150173261001,0.0124495514112277
0.527459621306077,0.347371539159727
0.691472979969583,0.23412250806845
0.719920494474028,0.0217345375638151
0.657229081521366,0.180474696483078
0.705177535250316,0.419916484797897
0.857445003251318,0.281289051056226
0.078289100282852,0.0472716880304592
0.716726110969792,0.0224154839818663
0.19664669205008,0.0421713810100968
0.53960209541064,0.0231793445057174
0.260608464340486,0.00775615578650131
0.743567898054203,0.0628151168815505
0.318704971181067,0.168656563422347
0.549778819179428,0.00197872167942743
0.280771018002999,0.00987732327320954
0.400040506003353,0.127915948768621
0.600558347929306,0.386899522423894
0.981284853620679,0.178072338489521
0.126512278793263,0.126512278793263
0.0793814307619057,0.0793814307619057
0.656609256959974,0.253961506553874
0.121039058012245,0.121039058012245
0.865902500490013,0.073502367689303
0.67846239592201,0.261432491267668
0.840648162287788,0.106287171097223
0.616157684506836,0.0148890062962581
0.805054130554831,0.0116096608918413
0.342669682210693,0.0733032753991631
0.743153968875618,0.0641550759139053
0.500426139519322,0.07427753812948
0.642947847972905,0.537666892492674
0.949498293374909,0.0204657854169329
0.832911094435608,0.103685830253242
0.964097485208895,0.0291786968877206
0.389772548375339,0.281880322531611
0.0929713495199062,0.0929713495199062
0.152573893035083,0.0108776698725708
0.513392873445312,0.209008682608906
0.823625343346165,0.180495254082725
0.797409639517924,0.0308512092431622
0.789916956995285,0.180202365361495
0.167918165286727,0.00404128750427877
0.778086334669963,0.0290227965333741
0.66591826830912,0.0537991885284339
0.000525331784277371,0.000525331784277371
0.914201794897601,0.00789370923357698
0.794451969551766,0.145953880052565
0.761698938780037,0.060013006647791
0.618248728140987,0.0981909581996258
0.681181004234156,0.0795121223145275
0.542080781657982,0.159171566122218
0.752892679189091,0.170218465184444
0.398218332798961,0.201613752575864
0.572764159424713,0.193324470366094
0.314929008815349,0.314929008815349
0.53601687773858,0.00685430193502452
0.81651590938306,0.282796200009957
0.731576880810545,0.082015868239165
0.292726058683099,0.127807811299694
0.0188634736178495,0.0188634736178495
0.063534853906618,0.063534853906618
0.856071251702544,0.123252072194528
0.442359309126789,0.442359309126789
0.535612467932951,0.255428621902336
0.826372824864157,0.0260309134032834
0.880028860296951,0.0136163918703265
0.0751650536826354,0.0265351591454863
0.335178480844881,0.0367189453960824
0.75417705631334,0.0272091210498956
0.096585890664426,0.070781443631928
0.823188712038814,0.041588411737825
0.770575067077908,0.127006149217769
0.794157065824743,0.320808508803858
0.164322549894186,0.0780521913551321
0.967890373140855,0.669414262244602
0.802452532811593,0.609462211714187
0.442336070194037,0.253931010689274
0.896025181124674,0.359185515873515
0.205367726247747,0.00597950463330295
0.889634263985175,0.00731040740164496
0.678716957296783,0.0290061034773041
0.656103857430985,0.0233431740927862
0.0691013466108376,0.0691013466108376
0.413701873832333,0.100254178587593
0.720860962904671,0.0477282237094386
0.483514522591991,0.460351020979988
0.415210361574662,0.0128556255506695
0.191434718190935,0.191434718190935
0.85889683458235,0.00125070009472343
0.344221833021075,0.280698178992483
0.794278689144182,0.624190308331434
0.782671339205928,0.0529950476955801
0.152827981652553,0.0550373157681551
0.236206341669994,0.236206341669994
0.449504278310922,0.201885866194938
0.641611585192345,0.0477559297725967
0.507264501293281,0.507264501293281
0.480563961888758,0.469469669556101
0.323602488270744,0.0514305272420588
0.146491460244311,0.0764362715025785
0.467781705774581,0.138921415698941
0.527538316794449,0.352192324583333
0.0609099300374785,0.0143025716285165
0.0788366534241348,0.0788366534241348
0.0348759973148419,0.0348759973148419
0.804408064096228,0.207280537789092
0.685608317809085,0.397335327276192
0.714739377995798,0.279197448100099
0.88701787775001,0.172574677668749
0.550216904071798,0.092584916238095
0.851156771639337,0.274187116319528
0.188989566619623,0.0160490613804565
0.276155390560354,0.172968593792479
0.516454210217049,0.1932789105001
0.560060515892295,0.0249430248808434
0.661894429521011,0.149218014136213
0.06120875738482,0.06120875738482
0.201679639671984,0.0861181788230706
0.562973560971842,0.00043406770238229
0.607487822263381,0.193420795214124
0.662489780976316,0.133150092516934
0.367115057781655,0.008093471496896
0.0462232476060191,0.0210609040720341
0.711365711920386,0.677959491256617
0.201740738602516,0.201740738602516
0.976277063670588,0.41183585077389
0.302316376883959,0.302316376883959
0.304546420044657,0.0124680728412236
0.368345717651525,0.109832068126954
0.587490477645928,0.344912329732599
0.343255338789936,0.0312433400006312
0.954763846972645,0.0672886981635837
0.143641460634287,0.143641460634287
0.406684916789463,0.406684916789463
0.8471039885216,0.0897203776207433
0.716029480846591,0.103807804307235
0.717412020539899,0.370023691971891
0.0266527239113338,0.0266527239113338
0.683209888508546,0.0297059265270151
0.638474446436947,0.116698827434851
0.0906113188376862,0.0906113188376862
0.0600059890760763,0.0600059890760763
0.75748654247632,0.193095061998007
0.529304715155245,0.157880978352471
0.291250428685224,0.139936702587361
0.69337665025711,0.0782805951136143
0.212466839381981,0.212466839381981
0.464265615960129,0.348016012310153
0.925333673385938,0.109585406627707
0.634279877518728,0.377061870016336
0.565821393622951,0.565821393622951
0.854892964055493,0.0855963963570969
0.673676922727711,0.150548513109364
0.82047457373281,0.324316078158539
0.0548991085786356,0.0548991085786356
0.297174905924201,0.106016421998615
0.0629409611946654,0.0286097525922856
0.896934727254805,0.0988994529531452
0.464570729261962,0.334443723510053
0.57412712224885,0.51570853499841
0.118912356652401,0.118912356652401
0.921884012143093,0.276165420390235
0.68438120703224,0.285985287453342
0.00166830292290771,0.00166830292290771
0.26050917710258,0.174171386306535
0.066930642787107,0.066930642787107
0.966089159833871,0.126087192816858
0.578478308599278,0.00218020434541754
0.197372372288612,0.197372372288612
0.19385787716499,0.0974204126606434
0.266756487062218,0.133061923212382
0.339598485778119,0.00683478266765313
0.808190351014397,0.528319950258748
0.518276657122415,0.516986818182209
0.709553570407821,0.028694373027512
0.0068388579031615,0.0068388579031615
0.710497631696092,0.2043971720276
0.272994647688452,0.109648798699266
0.441007872761791,0.156218493807965
0.817575181785243,0.24091997462745
0.850206848039411,0.0198222667414217
0.312436495593204,0.312436495593204
0.53778560412654,0.112574025704293
0.65135219118285,0.170507307368472
0.386446685931597,0.0570620784493168
0.696098407819048,0.465018867291571
0.178351222208035,0.0405117388047998
0.0996980085043046,0.0996980085043046
0.622244773535313,0.112515541486289
0.739475983623418,0.41045981715562
0.00822327173759627,0.00822327173759627
0.686418985628693,0.228321628820888
0.563349406813286,0.142597482749766
0.963130207339704,0.185127284498284
0.828499488066056,0.119149937250817
0.810661691134039,0.151723180475415
0.9080309737724,0.264115016527347
0.22711818175795,0.0151257651765428
0.32837935615034,0.0549035838885411
0.414781531093113,0.414781531093113
0.956741292821958,0.23151914955844
0.313345901271533,0.0466173239578671
0.918978341336537,0.109845918157906
0.521773117208704,0.470897545945273
0.640025355221993,0.00431122490207407
0.217456411103054,0.217456411103054
0.064051045071158,0.064051045071158
0.733423071099229,0.0169016667147989
0.415036275325432,0.0301507336148333
0.581923008544543,0.283707061273854
0.416216762067758,0.416216762067758
0.586486542731302,0.0578953513997928
0.312118214613741,0.213418139916204
0.211740505966645,0.211740505966645
0.50762407073397,0.0645652048307061
0.249689109677947,0.0345597542417015
0.428441513568582,0.0532184365322617
0.803409982485463,0.0498421616522615
0.186885329545236,0.156972329560456
0.385360871598157,0.156406270462575
0.69688490411023,0.0229227385914326
0.0701154034073764,0.0701154034073764
0.299814258047472,0.299814258047472
0.427435115187722,0.00870747203100991
0.0325221200992231,0.0325221200992231
0.848308917157536,0.575068924502803
0.443455818353581,0.144141394703436
0.925798810830726,0.0935657795511951
0.85792742054895,0.0655823290464881
0.297131130125423,0.297131130125423
0.755306330841339,0.66923664456433
0.938265932393533,0.00729490084084212
0.00560518227951356,0.00560518227951356
0.00776937948636849,0.00776937948636849
0.0791948830247189,0.0791948830247189
0.225390344037493,0.225390344037493
0.00490394016386045,0.00490394016386045
0.533293228172197,0.529466952375936
0.983685913320105,0.0185662759197702
0.489988252835015,0.489988252835015
0.293459370495658,0.143862472457609
0.232906372097612,0.232906372097612
0.0611817131366673,0.0505929945412158
0.949070035571984,0.178144545734101
0.186073019033434,0.0392614057047562
0.152212610659055,0.0836128718034825
0.449646147525894,0.0577789312880496
0.230458019393073,0.222384121998698
0.00480901389436273,0.00480901389436273
0.634670200870243,0.135049097639816
0.334924443454728,0.033933930075284
0.946380586045158,0.287710530277968
0.421724905061497,0.241411220173883
0.183054190032063,0.183054190032063
0.485935256807769,0.129644790769079
0.987231815335581,0.313552333730793
0.123020462107127,0.123020462107127
0.79040180789648,0.248738019820809
0.94519382643061,0.0610609909437302
0.722535687568119,0.356648631208802
0.388590122758967,0.0911895929541901
0.030470827949243,0.030470827949243
0.490806479413307,0.242147450367966
0.494488293659608,0.105786328310007
0.321404610659877,0.0243254260050294
0.754875316247965,0.244509839953808
0.990024837682504,0.56666671579542
0.103609106836673,0.103609106836673
0.675181568220985,0.0180610632802883
0.154269004469239,0.0832603262428356
0.816190765677337,0.118004859178294
0.191617311116847,0.0976956239619814
0.315598999037446,0.237326296066465
0.458864731160756,0.293664662772819
0.827954104333764,0.163889261070408
0.38196054292936,0.0348545898136422
0.102094549040211,0.082214558417745
0.619607707959879,0.0576589817113591
0.152254934347905,0.152254934347905
0.433008734441599,0.0733707730139727
0.820258623019798,0.151344079171463
0.331918590543964,0.03346672439541
0.162038519056374,0.162038519056374
0.289477493900691,0.289477493900691
0.993123175456517,0.634448990701732
0.0622891304663988,0.0182751417980387
0.982245839865972,0.0869566649178957
0.640192468312882,0.0794156237267538
0.49218726400252,0.069733486931778
0.563982889486752,0.00963253254591167
0.468985975533924,0.134294359270492
0.746337150844248,0.17205324849328
0.9856393832325,0.0399776850303212
0.000450227464094557,0.000450227464094557
0.287350945016348,0.17339412873135
0.949362036438216,0.132183614498891
0.518632197015309,0.0980304086074684
0.0967295945796722,0.0967295945796722
0.79578682812617,0.261494989742355
0.919663033222594,0.157418023276412
0.243636727911485,0.171220987516326
0.633397822502665,0.0856269676924403
0.540261309151498,0.21491675211373
0.0746284334718718,0.0746284334718718
0.752558143706451,0.0680176628872745
0.249513632523927,0.227339906202373
0.00141383913588956,0.00141383913588956
0.206161586093197,0.0132766030199178
0.356061471198499,0.0340468762220047
0.685851753965235,0.417705753183816
0.788817823225723,0.0110360236552555
0.780037684294334,0.0472197433931896
0.685627429161026,0.0867164578655888
0.782314628650961,0.341605692056567
0.244319883900057,0.0686681471643806
0.790333398754637,0.123051059020094
0.446178373607187,0.218091953538051
0.904269493027275,0.252507969270231
0.275426841983399,0.275426841983399
0.114580302595213,0.0403753075011485
0.168155333945108,0.168155333945108
0.298318244098075,0.0827216308224981
0.510616685862681,0.283367905132169
0.634872464372081,0.296880235438458
0.104097931460521,0.104097931460521
0.837936418749205,0.0477488929746263
0.411811392012843,0.00568155889377325
0.541423893887542,0.262581156768708
0.584701445849746,0.296559976762785
0.32336375662161,0.0786389666079377
0.963814074988894,0.0846574610995595
0.271284893974659,0.158062646394305
0.875128153342281,0.0440270769023067
0.231944973272604,0.231944973272604
0.20350785772741,0.0496325805900556
0.774937048145909,0.295260070986551
0.683110737222406,0.132341761912976
0.563680691465144,0.27536816966526
0.38979909182696,0.1532422501903
0.77669333226054,0.291974484701654
0.253687811896536,0.114030950234966
0.957708983410798,0.21234063220274
0.830170196773616,0.58226080933706
0.323812997511716,0.323812997511716
0.788946385749205,0.28660378349519
0.422459555100728,0.422459555100728
0.968019471301855,0.593713238269668
0.103050169578423,0.0204378233787946
0.807645637983089,0.0642411642956731
0.97418632635197,0.518172461846588
0.745089087403594,0.263387372685849
0.86660983612909,0.0503671318473186
0.0600449766756387,0.0600449766756387
0.296734620493218,0.0635886706782752
0.219427638457039,0.182879036540635
0.607089539586081,0.0210373581756812
0.265821921539414,0.011991144779845
0.239150938992481,0.239150938992481
0.0858287469022203,0.0858287469022203
0.913350303642591,0.108459501351975
0.220475396421148,0.106030974135748
0.396841455451675,0.0549862755758811
0.932467568144266,0.104240325743251
0.682002203168843,0.0280668987758401
0.732128740646626,0.0631896851858385
0.620541171510002,0.172655401475839
0.239599217288591,0.144921270799031
0.166487774172,0.166487774172
0.220179527966528,0.220179527966528
0.923702278140184,0.177999331836654
0.266056465186463,0.140132670137447
0.230067058544662,0.208387936062137
0.792787309291713,0.296126271044865
0.108001729636817,0.108001729636817
0.82636867442268,0.259874602879205
0.656205125725664,0.356242216602307
0.744934744827385,0.0314204271070622
0.458632283995615,0.270974860065707
0.62870163691678,0.102786694659605
0.767626492252,0.186824008800346
0.816730948018187,0.0131689091253292
0.864259996085963,0.467751977216073
0.475995981950841,0.475995981950841
0.977627572649129,0.183204807456598
0.553416647686214,0.122718142838301
0.507142840551701,0.277532690788247
0.219972907919144,0.166989711852982
0.492456475309059,0.18414621197036
0.989370492737822,0.0391121140084032
0.568996682859634,0.131428892264497
0.237873044819852,0.0263604069831161
0.640822996274442,0.211117289881555
0.802759936994171,0.284865097115381
0.566004710339075,0.243633031553415
0.72346095268273,0.0667979641836032
0.720930553311346,0.36236572571905
0.505293149077775,0.163790291482995
0.32545829028728,0.210707744837209
0.105063712577342,0.105063712577342
0.673239934371237,0.034343430991457
0.308438239329346,0.00289741997075397
0.770773806391845,0.163019055154326
0.6789500781631,0.019819390284897
0.426201655049574,0.00129746840430829
0.959830162507573,0.0164013382359446
0.128819893186994,0.0201946755790034
0.719202103045688,0.309810635052034
0.943588094164285,0.300978989723286
0.0419109523135766,0.0419109523135766
0.831545925716408,0.275735596427528
0.0433661503228986,0.0433661503228986
0.225375675380615,0.225375675380615
0.708259379512138,0.00766282169437525
0.258893037694332,0.258893037694332
0.0521610938437415,0.0521610938437415
0.178526962346159,0.0776331039440947
0.779095195522478,0.033439077661437
0.758119271065178,0.0460296692848269
0.426324862571359,0.0269186023687022
0.680684840481833,0.217451213633712
0.598460619145815,0.0410362761875036
0.11191117576114,0.051488466443133
0.200383804461783,0.0998405749047482
0.534702451334925,0.0943530826511933
0.181340740198339,0.00672765530555292
0.611676961257273,0.153664929946022
0.829881585535485,0.121745893488574
0.595665259648656,0.273934048753853
0.117134404192929,0.0142322463833285
0.775276333005503,0.0931274141962278
0.151512580800886,0.151512580800886
0.895234555772972,0.487556262511385
0.945858909555626,0.221790131892961
0.798611215299437,0.0492474155682632
0.890999527276521,0.408522964255124
0.957644252802365,0.0658579305391827
0.0697530733038482,0.0402748924458484
0.163114367563215,0.163114367563215
0.489504806718785,0.0770281863300943
0.553940039575744,0.121193654175457
0.828563928753989,0.429771188004362
0.0226418668303698,0.0226418668303698
0.249209115092991,0.249209115092991
0.611155894610694,0.0670884309963151
0.851571978457374,0.011455293463911
0.321936613947551,0.00489617076823796
0.679934538047986,0.131880155697261
0.870771376347189,0.24073717626787
0.0149397838218623,0.0149397838218623
0.168453339140411,0.168453339140411
0.0326783078394251,0.0326783078394251
0.307436383367481,0.307436383367481
0.0373102989504766,0.0373102989504766
0.666784818938833,0.11018943029077
0.182709317656013,0.182709317656013
0.249295724037775,0.249295724037775
0.692768548264431,0.51370406058537
0.220433740476793,0.0316489400213382
0.365758668971396,0.365758668971396
0.737729086348665,0.0113490886871687
0.890097926368253,0.429802360233644
0.827460035285885,0.418817794490673
0.42247011852252,0.0574559338868412
0.443077902085764,0.33106799533959
0.592050847204842,0.125366525130978
0.906889911406026,0.304112591429384
0.317490082163259,0.251121547707352
0.326109160940721,0.223542255779025
0.37681963629399,0.210841155232908
0.358549400903646,0.10041925041593
0.247769467453113,0.0338907708325607
0.556200886139465,0.157481975658173
0.396132615968583,0.0998614799730284
0.835078890100433,0.181833131199946
0.37012258044573,0.37012258044573
0.526678210835849,0.526678210835849
0.662550654584198,0.266496549041655
0.963104241978718,0.584098603604046
0.98064910106649,0.000478224269493525
0.219367371268081,0.185302365568287
0.419165832659745,0.130518932424478
0.676496224013907,0.142235917777784
0.791838647015738,0.0532583202071227
0.356802217468282,0.0527266549218657
0.853438783056109,0.0971453831601939
0.718833971913908,0.147448685194524
0.694231284722373,0.123433136524356
0.553039077399436,0.104109132612188
0.726451099230866,0.299358623844331
0.671438517180258,0.0514029871854292
0.75148843202788,0.154884120167698
0.965643810097325,0.242594252445373
0.411459724084866,0.00996736262999123
0.118276968578294,0.118276968578294
0.955481324204747,0.111877025449949
0.46789486463064,0.3919401929333
0.887059125278488,0.0216202773743615
0.503045463057765,0.29130344200433
0.719701908707763,0.285628128248421
0.901288484991262,0.146420736765256
0.400378228775955,0.0179483821859763
0.0793061663180303,0.0793061663180303
0.976462632257824,0.324134090710124
0.0735860074549882,0.0735860074549882
0.174077365442678,0.174077365442678
0.285059893915471,0.170682431148914
0.891774785523801,0.128972335863194
0.422387476118877,0.422387476118877
0.710548076202124,0.0492866175069282
0.49361798421128,0.133230628610973
0.919590350402469,0.366386443317081
0.0361983153593235,0.0361983153593235
0.748021955789594,0.170273075673004
0.80971001138583,0.74301987076288
0.615435447589325,0.615435447589325
0.847069815276036,0.167767716349399
0.932002083682035,0.0482213043932876
0.736986348703007,0.572639325497455
0.728689854748316,0.0391174411273302
0.319904483387571,0.265124275579869
0.989773734198033,0.24261896246509
0.205366121445246,0.205366121445246
0.768540771077893,0.359078018916011
0.654367975103006,0.442365757928563
0.414962414939454,0.414962414939454
0.242456434746289,0.242456434746289
0.100593472480444,0.100593472480444
0.54902007277549,0.433138087986933
0.0451209269587019,0.0451209269587019
0.713009687679006,0.421254788034568
0.930136136776413,0.319162705387567
0.727571374588281,0.192549804872882
0.0154112418434038,0.0154112418434038
0.767851147265243,0.406862445550962
0.432832533534452,0.146022475434035
0.213502646962516,0.213502646962516
0.651493089215239,0.0965971069930193
0.564107825046492,0.268784543781643
0.426831770300578,0.298034830475955
0.00838972258642596,0.00838972258642596
0.403315817073795,0.297306756795928
0.1673433948551,0.030906010456952
0.377725354898529,0.139303417548416
0.993012035270296,0.392299533003602
0.753308245868845,0.128683721954468
0.854033206962009,0.0488230211273433
0.401661926598657,0.229911753828817
0.140738267767519,0.115521047118794
0.989539176987935,0.109166679675194
0.46003301016859,0.000123623687945838
0.576891672717029,0.160791927986253
0.834583464760515,0.184108853406352
0.196817790223888,0.104806166743622
0.514607491813206,0.153118535219717
0.382959124266275,0.0198859939695223
0.676004988980439,0.45698952622457
0.815747815766501,0.65924509614003
0.120467205156932,0.120467205156932
0.39858163465049,0.337564129686441
0.423812261944239,0.279824981878777
0.0694867471398291,0.044233895629798
0.864292007769045,0.237936462043001
0.749173657922592,0.0425441963158687
0.89332331232229,0.352734173636945
0.261261898297872,0.261261898297872
0.0149251288478302,0.0149251288478302
0.882732139971386,0.00279172853219934
0.864975309391451,0.348583436657171
0.533940947221548,0.303468326918769
0.810733932096324,0.417642433455605
0.14170747774601,0.14170747774601
0.112587327813557,0.028356885793686
0.865792356616278,0.238280598391542
0.229334376188834,0.229334376188834
0.610011206024021,0.306040778678501
0.369082579645349,0.156597067855358
0.78145225689489,0.0507491396898843
0.357505654103866,0.0605384689047834
0.276772464913108,0.276772464913108
0.123387332494424,0.123387332494424
0.255822530328433,0.163024901192572
0.675904741754041,0.439788243882296
0.515924358306004,0.364162409366095
0.708158175273589,0.0826368865343424
0.0921709901216651,0.0921709901216651
0.920074745532717,0.294697791822028
0.615359869117012,0.0494075846888036
0.246140110411388,0.0724750400018911
0.992111718767818,0.227478757408955
0.406939351771769,0.389131695956024
0.970406174196643,0.190875229818915
0.0142363887331133,0.0142363887331133
0.0465751703703189,0.0465751703703189
0.916539777039521,0.204803778300768
0.638030860497662,0.0306802721999678
0.614008869816975,0.0699807681584809
0.0311907877907754,0.0311907877907754
0.470595483233202,0.188518858292833
0.157399482582298,0.0364753174509837
0.797708298981517,0.059672640849076
0.589305521739353,0.589305521739353
0.318910086227634,0.221788301163799
0.942262887072182,0.188114640399803
0.329701490201045,0.235828768351829
0.229886409503861,0.154940869440668
0.429524916565607,0.33926362253526
0.990105810836423,0.200082913167362
0.414895199163618,0.324249036350279
0.615065520839499,0.0837371350670171
0.987176660655466,0.135508191582491
0.837655269718737,0.501893194610471
0.349826035738944,0.0510697552558085
0.623784973192195,0.405374600787052
0.176633600415929,0.0593134855712544
0.724861570908876,0.353001971026094
0.18584141157879,0.1168659301181
0.658651309424876,0.229456854888503
0.679188639694821,0.0601830570028716
0.869067505313004,0.0625943745291881
0.0690084138391335,0.055155070071005
0.552732384944118,0.206778031580426
0.0107047572485565,0.0107047572485565
0.663010298925967,0.275258040027673
0.208121937738778,0.144892741052853
0.149452064154979,0.126653524686637
0.383929315040214,0.0283450991451685
0.607171899359825,0.607171899359825
0.317120490477232,0.0110757391277088
0.748186119060206,0.0600465343339712
0.31715828879738,0.31715828879738
0.581071859142851,0.146468233840149
0.991822019531572,0.0241509381318072
0.8587495220143,0.0184827820236742
0.478443244722216,0.156943690738363
0.719377273929458,0.0241881729525902
0.974597164320733,0.0650398493644714
0.737232640366471,0.312941818117554
0.420566551543597,0.0966462410596349
0.676470362069642,0.00198405521851882
0.296449566572498,0.0970228750391462
0.711207078206169,0.43096959404745
0.566490929236147,0.0708759775856842
0.455735194942754,0.138913106798858
0.957659546372035,0.532882938076023
0.081814055296213,0.081814055296213
0.354168309413264,0.211694260277854
0.595742932507383,0.274089057175851
0.546976444278807,0.509604849310037
0.807184126133274,0.338301600771354
0.156723422391388,0.00579201688547039
0.928370214392327,0.385793922684684
0.357106461379889,0.276779038538942
0.289840062470608,0.289840062470608
0.858876940835802,0.0350885407363363
0.536265570602705,0.187950661289983
0.620803639637735,0.310339454274925
0.0584429043462189,0.0584429043462189
0.477960047489896,0.477960047489896
0.344353744913671,0.077719884231622
0.533688450032956,0.122984108789937
0.176061233790758,0.176061233790758
0.194367481779647,0.117491602641409
0.518905882820971,0.217361993993982
0.259105633847571,0.0301145032979567
0.263210844547198,0.263210844547198
0.796856597238722,0.0999373329985674
0.745463098747598,0.19958812196977
0.203800928074152,0.179030913217523
0.586909374254142,0.104174490967506
0.0442481047138828,0.0442481047138828
0.559282194227531,0.0270971893606922
0.81935242426603,0.11056228631536
0.872222641098867,0.0593374604047622
0.0103801170271623,0.0103801170271623
0.819056680719013,0.124542874774008
0.436468999132588,0.209046711344312
0.355393574815251,0.0565924664327728
0.741381394688601,0.481379253044241
0.530399750180474,0.216000086651524
0.596258586980548,0.440190210283037
0.953677354075067,0.0343619904218918
0.599890467896967,0.113823897518689
0.325978178941639,0.0253246779806714
0.804700198100644,0.265679626287328
0.588449085795832,0.00876275762759071
0.968508415610845,0.225168062683071
0.297866237359058,0.0199021360823256
0.398347951284478,0.30516662247385
0.353634634849701,0.0700526533052385
0.264885244609076,0.264885244609076
0.834261743933386,0.187268682148039
0.880417857713361,0.30621446295317
0.219158774996552,0.210999011635697
0.252478156203151,0.0693947140829208
0.771933722289231,0.117257892924888
0.497579312759055,0.0925378212881513
0.928148997551525,0.0359378029478739
0.985567294396585,0.0396491625158987
0.988587106863697,0.0725521359575813
0.0743355880741975,0.0551637295766875
0.412214351517533,0.300104179921937
0.743888960952054,0.0778200449791421
0.732768047705594,0.0148399231549546
0.513026650954783,0.0968523898495741
0.87886120785294,0.27447057271194
0.835235446500005,0.603963550326775
0.340097210107771,0.175642525679442
0.372905345333287,0.0161572172174074
0.208978156720931,0.107994592879352
0.920086115688477,0.202521871272505
0.625673756874951,0.625673756874951
0.122318037808249,0.122318037808249
0.711665441459062,0.11328694444514
0.427821816746902,0.0492299793552958
0.172041731588607,0.172041731588607
0.328295471192749,0.130337666751566
0.600906431713743,0.0295102576653361
0.0776343274301719,0.0776343274301719
0.420742306589551,0.228879249858941
0.864855777557439,0.0303703268881608
0.306563976848502,0.146523362630797
0.308191459451691,0.115306651091477
0.18463164212338,0.18463164212338
0.823106559843393,0.112537062875556
0.60159051695674,0.0889236881529281
0.1081342776738,0.1081342776738
0.138846674999618,0.040618217447527
0.807163466780409,0.0149066338518086
0.580468853101123,0.122593819403759
0.701514136825801,0.130726748281095
0.917180225157789,0.217975274563413
0.973329351349693,0.0723587629492254
0.932819895754151,0.0439823784501862
0.111194025697261,0.111194025697261
0.916738233633249,0.0124727840985582
0.738853598328934,0.316825538142008
0.0510008644503608,0.0510008644503608
0.776707979279558,0.00368061559780402
0.475471281194041,0.475471281194041
0.64986698936548,0.137025696317856
0.484774810635758,0.0484661397655744
0.831539482311182,0.17000687186825
0.029871854397471,0.029871854397471
0.781522324601402,0.522854663177302
0.699179755824213,0.0305439858570379
0.242131281397323,0.103842531249873
0.768381057590088,0.0527265301940227
0.238471177372505,0.170995637323116
0.449982087126168,0.0600330536940722
0.657678317246754,0.0213834823861873
0.692742764465051,0.141546804010945
0.824404054063707,0.41832742708016
0.23845504159211,0.0564308601966899
0.55702475046307,0.299899401689608
0.30890276017625,0.135876458308849
0.776529933272975,0.283852396512662
0.659543628028604,0.130404610419274
0.345520109098958,0.0498826169552163
0.700427136050033,0.0688910307760475
0.31350266289474,0.31350266289474
0.863738060704822,0.399283338668705
0.652609472284532,0.202903095979257
0.29730935470819,0.0172909887435403
0.15288776972807,0.15288776972807
0.201231146514387,0.201231146514387
0.0206859253828121,0.0206859253828121
0.386217541639754,0.131353330493159
0.884164305080409,0.358211521247237
0.123667336828855,0.0706951309437306
0.833948145502649,0.240148552450509
0.530480872167796,0.405126310117457
0.0710184346322306,0.0710184346322306
0.0105337443699384,0.0105337443699384
0.506729497625455,0.174616974769152
0.00473660402430736,0.00473660402430736
0.808626778392358,0.370413270562077
0.437309529625031,0.138592375824506
0.216059392413606,0.216059392413606
0.573619637699756,0.158189014582153
0.871198386017001,0.0338869978546726
0.84101600524008,0.233882194817822
0.844555738259953,0.018066795033461
0.489591315358684,0.166560140518992
0.519702370421477,0.20555084981627
0.265145139077808,0.109162924010627
0.742745252774504,0.24011233898012
0.495546745283555,0.101964320766454
0.138103111419422,0.138103111419422
0.321216066184634,0.0288950712059321
0.604800153472755,0.178663192968363
0.428234584867367,0.205642445726672
0.595633429645561,0.0677397254242136
0.699070110876349,0.282061740188837
0.309890442978207,0.0625284437224933
0.744673251071203,0.131671718018065
0.0369203800944618,0.0369203800944618
0.478123562793678,0.0994954370223909
0.0255519704137964,0.0252927944311893
0.108484666443894,0.108484666443894
0.959895100526186,0.121944430848924
0.142398004999701,0.142398004999701
0.0978059778566647,0.0978059778566647
0.704131115425838,0.0823911063813217
0.388997383849252,0.107053917877254
0.483273818835916,0.0473643860991377
0.0921833485006706,0.0921833485006706
0.479931413163272,0.259567150860924
0.0154847667342539,0.0154847667342539
0.812489174835189,0.34651749156744
0.907615526084087,0.350828600484983
0.637613558952773,0.38817542685687
0.713580633388903,0.0184477028204219
0.184589300418126,0.184589300418126
0.00291557748682433,0.00291557748682433
0.559054240685859,0.0945300028855076
0.828302121714486,0.318808815331677
0.639555898939315,0.263802941762389
0.600116565966413,0.21491138334673
0.195549587357836,0.195549587357836
0.666603403885765,0.0973280202600962
0.220539339183033,0.0819648145188465
0.720230504556719,0.291183105243066
0.959004165738119,0.317522862747409
0.317542618074941,0.109146933896487
0.927030219891052,0.0729896518047446
0.803275793723681,0.261033778189789
0.246351969757347,0.240633508644153
0.828174520442554,0.48616175455246
0.59716341849254,0.119511029364453
0.0842346504513595,0.0842346504513595
0.616613805300371,0.149358615063914
0.802241219199544,0.14548127802447
0.934245478285418,0.560852402577611
0.258501546742874,0.20648493176521
0.63655669275814,0.0770427168993381
0.947425849205844,0.0244675957088675
0.533501663393591,0.0489596146194501
0.267441742980259,0.18098983718649
0.905656404535671,0.00572433502926593
0.345399397833201,0.166401914576816
0.330169415276575,0.0478417136646009
0.0270591038303821,0.0270591038303821
0.282898856820576,0.282898856820576
0.637989419458256,0.134346938493562
0.874572921647515,0.508718612767435
0.576943045472207,0.0597401215922898
0.187722167139592,0.187722167139592
0.775419100008152,0.0262337371338195
0.485675464092695,0.128825478315585
0.276436963933504,0.0696114836289381
0.774775519802993,0.0777544268174968
0.249234406514607,0.109113815224515
0.0712612063981709,0.0648870707807497
0.983333105495009,0.326077730683683
0.479908185331035,0.0503462633696278
0.943254247816022,0.659540557586973
0.369335216794493,0.325921692671249
0.644937547389995,0.036830081717736
0.877301690706278,0.609501878514435
0.883835295960157,0.0915723251459943
0.634107650019691,0.0445098195057068
0.837195811307805,0.383445879270512
0.309541331354832,0.241204792591971
0.7988250919461,0.0686422124533808
0.371973520862529,0.257652796396403
0.791908060988674,0.342256570030486
0.883117435550593,0.0921427559574728
0.472333544515977,0.313995298170814
0.0505918442541377,0.0505918442541377
0.390936683864621,0.221359146333262
0.439384356365589,0.0126615600775207
0.336195633256147,0.223613134171982
0.488293114527638,0.362437326868914
0.554166863478048,0.0230733639225904
0.770175105331393,0.121652999148881
0.15330411265201,0.15330411265201
0.0130914827840405,0.0130914827840405
0.497031662860678,0.389877135438039
0.825730337327399,0.0258068686542316
0.845240288611713,0.33616562674866
0.142049575092986,0.00834586382140043
0.339148482584968,0.0502730433500302
0.243884129555671,0.0765187933715627
0.547662797886108,0.448522606093841
0.319872171251736,0.199155475992353
0.488798143704791,0.488798143704791
0.285178300171455,0.204886948720238
0.804676281475027,0.357614080979802
0.182470712637087,0.0519013820807254
0.175194285703436,0.000539437753090835
0.880113529589946,0.055892096147904
0.633319142620766,0.169654877903218
0.362593705612942,0.362593705612942
0.950712160036305,0.18682963358016
0.112263066531624,0.112263066531624
0.828919877650698,0.516340969937791
0.6164632394859,0.0767229005431443
0.699670815609567,0.513229895842364
0.677587808696497,0.0100046973816154
0.428056030508927,0.126994265876419
0.725332202087279,0.725332202087279
0.222796621199509,0.222796621199509
0.483231566563591,0.332244359585898
0.954279421374874,0.378755077199142
0.96082578402978,0.0597320185168644
0.232222438067496,0.232222438067496
0.521047017738692,0.185703138325499
0.406308288810957,0.024913431075803
0.133593222160698,0.133593222160698
0.484052438705454,0.251077485029934
0.222708023097198,0.222708023097198
0.990544608945506,0.345694915241721
0.0901018136266741,0.0901018136266741
0.852673886597385,0.0738218245864257
0.585987569586715,0.46441834756094
0.0665273130849712,0.0665273130849712
0.598624948909273,0.195933006059564
0.495982208010842,0.00293274756923283
0.480931050594612,0.0382306725873668
0.7118495069527,0.150646782724107
0.409240725554696,0.380819291982967
0.492240289617889,0.0178890263281615
0.351843343515074,0.00507072743533392
0.660737437408516,0.339274802495292
0.240989755723246,0.0711916307954956
0.524272902195646,0.190232655150858
0.225298537328121,0.0964643987411255
0.750226128748353,0.00800404042354874
0.823550250117147,0.00606947109407887
0.469663977325892,0.00417004731347257
0.869443763600627,0.0498152862373575
0.0930756596133279,0.0930756596133279
0.235197797616979,0.0588800134563292
0.516689941469886,0.0138500602531874
0.912940263473742,0.0316937652692709
0.850486679507323,0.00653114166053302
0.0735427873904886,0.0475999135210438
0.88416788688107,0.429083046304595
0.371607471980415,0.0403249012320217
0.327479694822795,0.138722967106363
0.238624492833386,0.238624492833386
0.050297108324599,0.050297108324599
0.406488947676042,0.0639151222076517
0.98609615366805,0.00134668429061411
0.677461989391675,0.237432492023666
0.181622372458621,0.0693998764470915
0.362084167117156,0.0313398132666471
0.175987061982748,0.0449471352737883
0.534086376793157,0.0647945502222464
0.0431103993900685,0.0431103993900685
0.667545988272432,0.0843933823822943
0.493667197357398,0.184755445527354
0.537516440917456,0.250490639860078
0.76826078798038,0.440624726646246
0.545028893744184,0.0652361445109798
0.566621194048458,0.0806415673385534
0.910376479748699,0.226748867031713
0.942985966228204,0.23001990591959
0.76559725176783,0.313339855849965
0.278233970624295,0.242007558748845
0.736253808532432,0.12111757514665
0.596719734137627,0.117445419860462
0.787485206791483,0.21145109679964
0.0775113282813607,0.016982873563727
0.703431329339585,0.224166605628218
0.346741892188285,0.14945772186243
0.140025915541218,0.032835411207422
0.64813668503577,0.0702485679941205
0.574856509213178,0.0708549507322496
0.68098909495117,0.140634170748306
0.475287507942785,0.014063380696135
0.118717820776766,0.00257150094261133
0.113645317850694,0.113645317850694
0.348224906517776,0.160220540204429
0.428317910905098,0.0154490999758729
0.397601327557989,0.123503557798521
0.157752194287965,0.133284607404246
0.138336682151139,0.0853498251811854
0.971730721179659,0.00568765188138957
0.464074255306289,0.0625778967513053
0.842631344350821,0.194608194066543
0.822365501674035,0.318664070235369
0.696739912479895,0.063560224147309
0.139485393785466,0.139485393785466
0.340499915363475,0.124428148619572
0.340593343017699,0.115771278410406
0.339953419114229,0.0706030273305966
0.0570255511360979,0.0570255511360979
0.331356470184592,0.286105517393152
0.0269988755453077,0.0269988755453077
0.702241774007906,0.210809123353749
0.476938471546997,0.30589514536698
0.480275679763154,0.218608832532457
0.0856894744160844,0.0856894744160844
0.338251182054788,0.0102005206958744
0.957026022773791,0.655241739703296
0.0848534817124148,0.0848534817124148
0.170835465582665,0.111834278248039
0.337890331998052,0.11210134742426
0.733578888658239,0.0786072286014617
0.486927758001724,0.173584779559285
0.0313720560599406,0.0313720560599406
0.921565168205895,0.36601724463147
0.0169159127964636,0.0169159127964636
0.982794513367797,0.00882030914383281
0.108047718615794,0.108047718615794
0.288621258153576,0.288621258153576
0.342274942279686,0.010852965650245
0.515753370617745,0.0282460362388421
0.633305332843833,0.180569723122098
0.725467304972995,0.418489904260524
0.777914745428499,0.138655715397823
0.513347679655244,0.0414065310818816
0.762322780193669,0.153781435168365
0.771899171858441,0.57540501783434
0.16773530129096,0.16773530129096
0.971065184124115,0.10330682118826
0.020124547360852,0.020124547360852
0.791600796787885,0.255561636011728
0.62913254712458,0.404246587764323
0.382174949705832,0.382174949705832
0.48593433288624,0.200341037176063
0.547926298282076,0.273583093028416
0.301881838123138,0.0997869031995949
0.560188193374221,0.323217130877497
0.707223866449648,0.221932057295855
0.151025757050978,0.0309035386208491
0.757214865907333,0.310160216070615
0.413040972781406,0.182784100088276
0.743135466782554,0.0119232280600594
0.972749922719248,0.21401782259446
0.663399657122484,0.0339178122018765
0.431420076238217,0.206093697627191
0.394425293638421,0.156491172694914
0.945923118674901,0.109514238626639
0.132426488051292,0.070256178104938
0.210644112874316,0.160413969987971
0.121252892461799,0.121252892461799
0.23194230199208,0.23194230199208
0.996535937563392,0.169587500229435
0.560105660830113,0.118445115745152
0.561190191761593,0.0639068939429484
0.165244470788357,0.165244470788357
0.549847883721327,0.0769776755395681
0.253115066090299,0.253115066090299
0.277468023935115,0.0339516359915436
0.413642694749758,0.00581166334253248
0.874783352249724,0.34133465204098
0.662843980615125,0.187054619790875
0.174403480088236,0.174403480088236
0.757448439932419,0.141979987359046
0.996798450339308,0.121365364442934
0.557955700010457,0.138814159132318
0.95104141127599,0.0683321794088435
0.42934116711754,0.0215544779019894
0.804878800788333,0.475449412396786
0.688727019125895,0.0142993406176209
0.595321405150367,0.14455252541294
0.152820514909706,0.0747643223744075
0.42956955468873,0.42956955468873
0.175181183431671,0.175181183431671
0.245158335402247,0.121844751598612
0.509803229725952,0.0157700594128587
0.349859325055589,0.0184613949931382
0.764361199368653,0.313315854008394
0.41698314476495,0.278814240075416
0.213731237113809,0.213731237113809
0.69750659354994,0.276338045946992
0.860167848324987,0.166561117572514
0.665546496316195,0.0728140891740041
0.427867975789525,0.226371680341953
0.834314704467509,0.350690633959073
0.95296395851918,0.419397165361603
0.598208514943686,0.203335900271125
0.839663747914485,0.354073230337536
0.676249152507527,0.250621988169391
0.827111329416759,0.768501904910542
0.0887748886800093,0.0789273658948666
0.407511986453301,0.182964309025327
0.688255995847943,0.198642534104937
0.372843953300398,0.0724028595726586
0.82900623280579,0.392668745434858
0.972346915521594,0.431846010983641
0.493366013610679,0.26598557502497
0.694646185036708,0.0146830987934436
0.0798431906749388,0.0798431906749388
0.120047081944118,0.120047081944118
0.744794691052581,0.619442452152127
0.552112573840864,0.241889770472302
0.905759933660513,0.0525184680088895
0.344577371595616,0.0750320801878287
0.231734341766198,0.154289590704797
0.226134789129597,0.173871879083275
0.655222888537636,0.21114353077856
0.38448230772097,0.0413638973753103
0.338867741517325,0.107783433642907
0.166048200223993,0.166048200223993
0.832793957024294,0.328813042463158
0.720938328631241,0.2050485424989
0.765241071269745,0.0523254576429165
0.713155079399215,0.168459824220781
0.916076700557972,0.289104066802278
0.395451884516014,0.395451884516014
0.557705953670311,0.338910790656072
0.636999883030895,0.139775511005311
0.0467409087548699,0.0467409087548699
0.825809139605673,0.0492627176138285
0.414921182002297,0.221688035819682
0.238784089368847,0.0853749579067772
0.836023671512816,0.0106841036974208
0.18895955708372,0.0239416319215254
0.611423127779154,0.0139416822588773
0.850260279629368,0.179333987828321
0.958330427905648,0.442677708118261
0.975794372384941,0.152220980836138
0.777472447312089,0.345193172082111
0.356389009984851,0.314898416615218
0.253489905349957,0.253489905349957
0.535354230736367,0.0247748121915044
0.0744724781452968,0.0744724781452968
0.512641779043239,0.0960566307605796
0.10711140284445,0.10711140284445
0.612030382081194,0.092108675058014
0.108778724140255,0.108778724140255
0.3191523652419,0.190347276578519
0.96381601869542,0.340140431651775
0.199018844764693,0.0584753044190065
0.984254058504758,0.39001110163149
0.705246392460028,0.493012205983675
0.700522104333576,0.0443405010964245
0.407137612203398,0.346943833101982
0.551175563560949,0.340576431381136
0.155297969569254,0.155297969569254
0.600205411769046,0.030422108004924
0.613551822825009,0.377930718864294
0.278544254227688,0.0758269642907729
0.629658578080451,0.0902863604102525
0.0896878330688696,0.0026836010203508
0.795863175815984,0.358647284510865
0.872590176132085,0.0587397279079693
0.245925561623387,0.245925561623387
0.453750802944547,0.26591110775642
0.683651881603617,0.220632454268979
0.997505637057914,0.00215964713385556
0.838906430208001,0.0649618015291032
0.958565457668602,0.0864779038418771
0.297823874269034,0.0911894612584653
0.937108601824815,0.0738029676550268
0.860904290468759,0.538541947159247
0.699494485525921,0.282449910067836
0.143501326305703,0.0101434574714529
0.145360948471846,0.0405574303596576
0.07121248220879,0.07121248220879
0.519591402120147,0.0186741821529241
0.470024493715905,0.181292067485776
0.0561991312740799,0.0561991312740799
0.489119043601904,0.0635055099862314
0.00591603075397027,0.00591603075397027
0.919365140897844,0.216972157641937
0.888919136980029,0.0160456088716404
0.027461783632508,0.027461783632508
0.458880711526349,0.020428045507101
0.64931283318041,0.140919375669044
0.894833026282726,0.216551466236812
0.821007599466875,0.000899212655452407
0.161695888514554,0.00258560996371712
0.374232143385648,0.138959370434579
0.918931044946172,0.463841143894467
0.0835753548280884,0.0835753548280884
0.431357606619988,0.187777021340571
0.744728687755445,0.122927216964576
0.864876501521178,0.166943186612244
0.0303895532764848,0.0303895532764848
0.669882242947105,0.251319650917169
0.459712691203051,0.263222563250512
0.990980821665165,0.113861280525292
0.183444004716471,0.183444004716471
0.485558484964746,0.142765669653012
0.43737598500268,0.251813724720199
0.842234720970785,0.154776044434168
0.569601405101333,0.142241269609259
0.945528416542686,0.175628074331077
0.758877922461282,0.0718939604270311
0.750437865384153,0.0283415780455306
0.0743314704349134,0.0238677436622512
0.950926576711758,0.427082560379377
0.912882495361882,0.363207754870101
0.583221884308854,0.00906587115043632
0.189170043920748,0.189170043920748
0.0204668837650694,0.0204668837650694
0.387617692563037,0.0656788459775907
0.491718623052821,0.0402758217032024
0.45582380004519,0.130983146746449
0.255950431829924,0.255950431829924
0.325319968149947,0.27469882720772
0.997786529905835,0.0747969068203052
0.88897105178822,0.0209768920665755
0.260825999369712,0.260825999369712
0.945830071229944,0.0754064945874432
0.62651086012548,0.206389807650772
0.677133276398549,0.020625170652305
0.765359175984693,0.600543036726152
0.76934709971608,0.0703176787508567
0.782494937732969,0.194136643059352
0.863945337647218,0.222419456823169
0.573205022103116,0.0290020598327597
0.298751508503986,0.043034366360169
0.731637904004867,0.0400539300805663
0.117184452537053,0.117184452537053
0.592726284447721,0.218204111340045
0.248068433946306,0.248068433946306
0.19780031679787,0.19780031679787
0.767887450806197,0.385613713242914
0.93709764151041,0.05289841678919
0.248937511980695,0.248937511980695
0.600436534984973,0.0318056947501297
0.952975937461765,0.390392554820612
0.357381027999811,0.34219837462766
0.631976451785041,0.208768318296977
0.627340482742409,0.525550056136346
0.467369429815217,0.0238254322194981
0.865000605784865,0.361218479522217
0.146884267037547,0.146884267037547
0.774918177578035,0.127550418522426
0.861322806467108,0.189724699839188
0.059640539774997,0.059640539774997
0.48717887037025,0.162161298087344
0.86100028563721,0.106815035718668
0.14439533560947,0.010404731778936
0.259395795515399,0.135935299384306
0.225351080081426,0.0299361485535495
0.673864644612602,0.0973344943561649
0.18700192765451,0.186454677738683
0.649639072590385,0.0779934294634072
0.0791326144911494,0.0373210271530204
0.139901501951039,0.139901501951039
0.352828012673288,0.352057118834465
0.642277584029288,0.485712044446502
0.969149877974879,0.181690231595535
0.725206758448599,0.211937966143952
0.88394553062805,0.207249255321725
0.606518316490391,0.12336855848698
0.386453492663616,0.253010952178012
0.79959621828092,0.142239989208786
0.148281589885405,0.0459819753113609
0.292577439192597,0.0396623839088406
0.171041667363389,0.148948808580872
0.702703058604172,0.145737156305836
0.981242130705183,0.0180225620349726
0.637040846873997,0.0669813936128586
0.922320905660544,0.0399683086759533
0.186926740543105,0.0857453719603447
0.879693429380875,0.113801352727738
0.0135725741412749,0.0135725741412749
0.401183470565423,0.0592093842830466
0.787322084138922,0.0567921308622012
0.194760049231897,0.114653744454834
0.488698255962656,0.105997556749263
0.24666290615132,0.0452529707735502
0.290868451512561,0.000794958140481659
0.206249424498046,0.191199936404882
0.640164302179967,0.0849650367523841
0.456328319642524,0.0704462880471368
0.00697615139579911,0.00697615139579911
0.394350038948891,0.117308721143076
0.811883730637873,0.0832803702577702
0.545032370546822,0.326293756360098
0.629647023252709,0.409315572824608
0.239933973245512,0.141575770402807
0.224669320989927,0.179175462448691
0.50300537550571,0.202337076657183
0.519509762410688,0.0426051047295162
0.65325502322828,0.365371420794134
0.260163615795568,0.0292048045176403
0.143573832169008,0.0691832304339907
0.0777736529978155,0.0777736529978155
0.163872176069685,0.163872176069685
0.933250916591463,0.159354254273795
0.833347392831546,0.00402958325448529
0.890237097694569,0.125744880677398
0.95642414702045,0.689810466597789
0.141585919684472,0.139284667323691
0.990679606407536,0.185040185564608
0.242863961988832,0.0816485048612503
0.0178978436264996,0.0178978436264996
0.224969126273522,0.224969126273522
0.0186984799851208,0.0186984799851208
0.977845677085337,0.235126365074889
0.178418411900628,0.178418411900628
0.332497901671521,0.298932303739026
0.766777398389022,0.0643123609376815
0.548044669252894,0.401268989850341
0.973282317606208,0.123273928092458
0.75186714330108,0.221008535836478
0.223088077952803,0.223088077952803
0.212716826100182,0.0269131222329757
0.704689082067012,0.0745927136087495
0.134243141668387,0.134243141668387
0.713429547785191,0.0216863034325598
0.417540573503499,0.334896819790476
0.45466922309759,0.344348298658752
0.492047056066376,0.102082080638488
0.188104624484636,0.000126792045275702
0.392662980569015,0.090289575742115
0.906713488115889,0.134454076440301
0.370597872400067,0.370597872400067
0.170713609413753,0.0599367205664392
0.234674105018639,0.147875514363885
0.875607865858058,0.336048585825905
0.369577897571594,0.122773458501078
0.48894440125109,0.00859071851892802
0.126551849424757,0.0108108925111456
0.837086149963608,0.281821841069958
0.636662899407784,0.251781966592422
0.658566728184486,0.118938495891932
0.927046546063672,0.139014785303489
0.774724423520029,0.0800818477480275
0.491119597660383,0.296037297844285
0.427454836514194,0.309911546761003
0.959478863461513,0.401522333418322
0.066819508339334,0.0300781480202409
0.170092675625158,0.170092675625158
0.927332275964226,0.151361061192409
0.355923946981059,0.355923946981059
0.716486210995885,0.272347302049601
0.29450382463837,0.153498275783635
0.946949258804257,0.117003953593693
0.0999882015405587,0.0487446901507323
0.617730807415231,0.0265512835730089
0.880961501174705,0.631916979702561
0.945934932925356,0.318896078285199
0.222678128286258,0.108932417225832
0.196673785762881,0.0900246116546567
0.795377471567365,0.166277471805741
0.121419634851438,0.121419634851438
0.75357855032625,0.245760145676932
0.0732359358794715,0.0732359358794715
0.388460457338083,0.157579660805333
0.163429912257973,0.155101318984797
0.415989659325285,0.0790116269735965
0.959050413848732,0.375358104905102
0.968567803252365,0.466402645931419
0.204947567366933,0.0901662384026176
0.654908318937441,0.0641713147368966
0.60446763585605,0.0961258960890976
0.806317136915674,0.239941518232167
0.673271397352063,0.105293155857908
0.427774686276129,0.0143745174118284
0.851149724903739,0.0195637974372492
0.391745733112646,0.157949330980071
0.862033561525776,0.0629635959570345
0.19489369984702,0.19489369984702
0.992671740137642,0.153340299064198
0.927844873226506,0.264615271716655
0.686521926422743,0.0884163459418243
0.378006377331602,0.378006377331602
0.474226584036404,0.12956402092323
0.743562992790609,0.402125856010608
0.584798988288227,0.234730334701191
0.641102272244481,0.0498515352646664
0.75377435108552,0.0539494133662414
0.953583039164467,0.0772817714692879
0.891833292754378,0.0933136964405975
0.593693449407605,0.185094178437676
0.100872880795013,0.100872880795013
0.541075894720464,0.100074638269068
0.0838004324336516,0.0838004324336516
0.836688866140391,0.588623504484639
0.413967489941064,0.0738504922342837
0.0216205413731884,0.0216205413731884
0.239176094855623,0.160584329736155
0.748089661509933,0.272715420528714
0.431944884545042,0.056553362223557
0.528401463133428,0.252414088126677
0.180530211839368,0.0598009542485217
0.227603236858997,0.227603236858997
0.427589542235358,0.0155237050157401
0.359336287126299,0.10639431973146
0.392415359922964,0.0358921054174359
0.263052674078809,0.0535354254053769
0.796617538216788,0.0749925021607971
0.986294812990523,0.550371706920859
0.113126424431978,0.113126424431978
0.983506745406493,0.0133955622208008
0.587470660432394,0.161360061124097
0.755380320475452,0.274231996630012
0.77082044378928,0.230147100752971
0.0730270016991802,0.0730270016991802
0.0705295929493975,0.0705295929493975
0.853010764459587,0.318192360586339
0.920007419623312,0.12076680317082
0.284359526812849,0.284359526812849
0.117799921934615,0.0947067190079675
0.850985918282499,0.105527559839862
0.815055818818903,0.0630020512753836
0.915317822701404,0.111967157315093
0.425063378566634,0.237356919790368
0.82459847647816,0.563800510381606
0.739681747231341,0.105364671392355
0.99133427834278,0.128723023464215
0.45268124429421,0.107371890300878
0.211505273050309,0.157765873699736
0.765637590078733,0.118262960525284
0.482950394059506,0.482950394059506
0.549218982731857,0.532599214312289
0.813369435132572,0.394800633991516
0.537941272326929,0.067489583789169
0.282630789320249,0.282630789320249
0.726388816007043,0.588180282461027
0.291097467983049,0.019237407355341
0.34656353254444,0.0457611705411656
0.870161173121249,0.218526151695584
0.179164368835173,0.0667336142877954
0.219402108982576,0.219402108982576
0.887123476882563,0.461742247154958
0.502228944162667,0.25572129495916
0.0342226229937484,0.0342226229937484
0.963262983152675,0.421288294276353
0.30215251946407,0.161566811909651
0.505173123767345,0.0573338458881235
0.289380822470418,0.0496805773983431
0.210567412608985,0.194138638448361
0.935664832127269,0.0140573678820672
0.108625224519465,0.108625224519465
0.71836734600653,0.206726578281532
0.455225473375981,0.167864397431078
0.372629121916488,0.146237479776175
0.611217432443219,0.243023241542029
0.384521017447224,0.0860669137736091
0.547649779986781,0.107095630845994
0.441389620124165,0.246769663539225
0.112579324627613,0.051472997054869
0.469241981358095,0.171627152474842
0.900488174607589,0.108701431012315
0.665928719032779,0.144301568673016
0.961643570815411,0.511162931048004
0.705541085719488,0.335478583010512
0.608467581522546,0.0997345825597234
0.672775558988422,0.0218948927057087
0.64762219844976,0.210671070241757
0.710452458923166,0.155471966329916
0.345087744557558,0.0363366772979968
0.834718255307566,0.091321155765205
0.1252520417778,0.00655508451714012
0.0631568627670689,0.0631568627670689
0.0807820455115315,0.0807820455115315
0.566185838420518,0.434520336320593
0.91456912052065,0.171088265610749
0.580935462992836,0.0417836853378533
0.963419829152639,0.127601960752013
0.622442611552344,0.0692211407145426
0.580939513988856,0.0266381620260069
0.285602476461478,0.0513058433327018
0.839753955631762,0.184014012383876
0.982719437818945,0.213112617905207
0.874936912006962,0.485968745883893
0.331739161958675,0.0494017591278141
0.507612612102416,0.00345017263945448
0.821060925364566,0.0826023436561692
0.0907127360523865,0.083311698319434
0.235077519293449,0.235077519293449
0.647379840729135,0.513623535783992
0.204232556347752,0.204232556347752
0.928002511812974,0.28880736850042
0.718206375860314,0.178444221225826
0.0827664305009871,0.0827664305009871
0.27638791741947,0.27638791741947
0.972274459698854,0.0689380880539153
0.279047569300185,0.227356146666117
0.370797635801432,0.0481507984610541
0.86421565051198,0.246922550969655
0.0877139419724095,0.0877139419724095
0.984297018609231,0.184471810258526
0.798602194879404,0.394483049125188
0.777556632114011,0.0283198637832692
0.257008323499974,0.0111922381313809
0.536778222319694,0.0456069385473716
0.734768441800399,0.111944880947856
0.884897151648986,0.00511421547797023
0.179391458886409,0.179391458886409
0.771544580904881,0.0210307601876083
0.519734844332058,0.481126078807013
0.536730829673216,0.0912386342321599
0.0178735272943617,0.0178735272943617
0.474674228219853,0.360856868580761
0.291573828807641,0.253443164923988
0.0263105511664816,0.0039867210199125
0.728501467208626,0.25359042498191
0.274312675819142,0.274312675819142
0.564484870682812,0.124952031048188
0.0302846834095994,0.0302846834095994
0.767783620452483,0.0290864153122469
0.85472482447176,0.0553766157996384
0.227285428155874,0.0521008322608189
0.00310282180868249,0.00310282180868249
0.408846863769713,0.00822261318425102
0.586257612342528,0.139341159807712
0.860882568024521,0.119564364027105
0.749326486422191,0.0500385160715933
0.890752927381025,0.121799922878989
0.975857577136786,0.289320017334133
0.376416896168245,0.376416896168245
0.336916723140404,0.336916723140404
0.798877236505134,0.363092533492174
0.0536692844352077,0.0536692844352077
0.456964947551805,0.456964947551805
0.0780525775550924,0.0780525775550924
0.064023914567266,0.064023914567266
0.77232779235972,0.073710571925408
0.78830076872499,0.414084600705377
0.426899708944147,0.351605315993513
0.73830980394486,0.17677320953358
0.56023551777611,0.195062106768438
0.0821160590829026,0.0494657663457217
0.959446022243049,0.00765921631989689
0.783711289307421,0.0618393646784573
0.362789869390759,0.128410867496483
0.507998477812249,0.248902704165145
0.74072653591754,0.0322109395448546
0.950108581761549,0.0418547290159829
0.239962174989212,0.139822556614498
0.464274230378417,0.0524429695286283
0.792349888029333,0.00901158194378108
0.658063557248285,0.00639301712947038
0.103196421644897,0.0708087776015112
0.0316219339786172,0.0316219339786172
0.569425856562334,0.35842001357761
0.195877591092164,0.0367076815355646
0.199533011266258,0.00080029269813727
0.0884407998306334,0.0884407998306334
0.897173636148537,0.61794059046109
0.575050839688084,0.3173742356573
0.951970865983599,0.259408026294086
0.324823164456339,0.324823164456339
0.96967402093591,0.3045662104082
0.708331149868274,0.0408402211903581
0.338881741968601,0.151863309811144
0.183513336315023,0.0118906421013464
0.704682293814331,0.0806686442746294
0.480612523533656,0.444239266554877
0.178950046942954,0.130023885488476
0.322444892012042,0.0149137039075417
0.471252878933342,0.0550859611011308
0.0139937926004847,0.0139937926004847
0.78393212691537,0.0765206137033969
0.449465879696703,0.0167559259560438
0.457121820067022,0.0514348775898937
0.19018811983103,0.19018811983103
0.719490916586774,0.30474846789794
0.0585208269058486,0.0585208269058486
0.116242038371664,0.116242038371664
0.558008478859559,0.0286351467414539
0.524758577328438,0.257913764381309
0.040247026111205,0.0105167890708671
0.443994579722291,0.244475245667671
0.822091808507855,0.0129211368094879
0.805913354583585,0.0365635711132873
0.475549182936902,0.297860054099023
0.635034727728293,0.188922297923411
0.523653469779814,0.399676582311754
0.134462329096089,0.134462329096089
0.692305588937878,0.317915505640476
0.989055177147955,0.233314046041216
0.87514979700374,0.236628019833847
0.72109521678218,0.193548297504613
0.679861558968414,0.679861558968414
0.509872080221716,0.46221590266305
0.551291429864401,0.515628707271013
0.283661414772366,0.104199360565473
0.0279590015939042,0.00575950822577052
0.958751861491122,0.184182092740678
0.293730817134431,0.0291554355461219
0.872097753159615,0.0177308896396618
0.960780020368232,0.104249791754827
0.41942445913967,0.322464970513824
0.153062442532463,0.112732633819891
0.892570743279056,0.0210152963734342
0.209378078842654,0.169695088861862
0.276525489703129,0.276525489703129
0.508592144271341,0.167729807403213
0.894338582792522,0.0453169612009333
0.0953967353367883,0.0953967353367883
0.198078754859798,0.127091581557995
0.480406274988627,0.298671365132711
0.615394271065971,0.122583588272589
0.250527869183329,0.00341564623869138
0.82087426941643,0.0576539834798231
0.903764119365342,0.238220987743815
0.476147483916779,0.267681809386796
0.899056584047934,0.0261419684586464
0.325032442124615,0.195663737823866
0.768051758053332,0.184132947608076
0.457834308499474,0.0735943542785912
0.17469390824557,0.17469390824557
0.0736699970976899,0.0736699970976899
0.230418937391658,0.0854415332702028
0.166831583708137,0.0496701659422641
0.106704917279337,0.106704917279337
0.637804613592864,0.35279112640587
0.548005612298395,0.426108022659624
0.789692877901556,0.0386685320923068
0.0127833492768105,0.0127833492768105
0.670694129900551,0.012096294084658
0.239263253037586,0.239263253037586
0.118981050064801,0.0853912735407511
0.884849871338168,0.119530455354225
0.566172650166551,0.566172650166551
0.114675379192773,0.114675379192773
0.930739527161058,0.189002395399083
0.277908756566015,0.277908756566015
0.906020208882502,0.380395155972771
0.858186651195537,0.443467846488864
0.126927294078436,0.126927294078436
0.350003110314735,0.162461299966824
0.398726224371554,0.109033359310724
0.478476452706308,0.156385708563298
0.015834217183304,0.015834217183304
0.118154926615359,0.118154926615359
0.286686131333124,0.171115919342396
0.0699972984486886,0.0699972984486886
0.500400186900738,0.418233876013407
0.615042507354046,0.0395243297768671
0.331055309164836,0.155290185117189
0.603132227897529,0.199771271405426
0.821866719345509,0.234057107604839
0.433927270482257,0.00359440417221841
0.945856286917358,0.00304401052108971
0.553541913636371,0.553541913636371
0.987354317386044,0.581496918381975
0.321573471726022,0.321573471726022
0.141004973174287,0.0475785907427563
0.697933354624973,0.0277539945204128
0.302331167108605,0.093010227948421
0.470757995056431,0.0813873900952259
0.986061551636044,0.00723550484380733
0.563632704233652,0.135693846089132
0.0369790910447811,0.0369790910447811
0.749935953568131,0.119708984471083
0.971873681578708,0.147998520213692
0.479629557318014,0.300852810081754
0.338280849829444,0.152037439449638
0.482144463551993,0.0487869330240368
0.609450032785565,0.120260024367869
0.385723804287704,0.215398812362684
0.198936668806216,0.198936668806216
0.151533931911995,0.116285943934767
0.136168440611094,0.0410906459479042
0.622149995166613,0.0389212646053938
0.683021267761904,0.393877601322892
0.531066640298266,0.0913968235366927
0.601072784595155,0.0501578765241478
0.524036900001082,0.0468836662256563
0.255806168014667,0.179974412720357
0.973539849841196,0.167197631344623
0.573450888463591,0.456584170288851
0.988451747212255,0.513446371523797
0.378172261837728,0.378172261837728
0.439371651182489,0.0779188226571331
0.978975117799959,0.357248782575899
0.281763718687329,0.0107231131080714
0.397248470298084,0.0795227497322637
0.908050277748834,0.0653945481830939
0.0434511144045983,0.0434511144045983
0.0787483234826328,0.0787483234826328
0.0359105096668817,0.0359105096668817
0.931462907723973,0.237944513481979
0.519381003164867,0.239603041137851
0.796994156098205,0.118472927123828
0.971747626907888,0.0484573529188425
0.417546769952894,0.100637728000023
0.48629128338309,0.181573756325684
0.0656474933374927,0.0656474933374927
0.126676977375025,0.099825291519687
0.50796392961438,0.0782063787870816
0.500794330047597,0.1453940170176
0.331678771703555,0.0688184036061631
0.981057495258606,0.233897235356041
0.388683525397693,0.388683525397693
0.625677657840549,0.200733929541778
0.423562275747809,0.0245728380333571
0.958620438526238,0.673650472666543
0.565649818630418,0.296913975010462
0.472052799707823,0.463727876856448
0.0538358800449497,0.0538358800449497
0.869574385771999,0.0122681281134247
0.801566578787672,0.175793626395371
0.835866198354539,0.139850726428799
0.623857203874873,0.193552189287803
0.147278003479428,0.00270718988791746
0.318209215296937,0.0674137981894627
0.188711092014555,0.0172334344139544
0.029468141522772,0.029468141522772
0.603315809270279,0.157501075402141
0.229045078771669,0.0732402038947901
0.910450611478124,0.102170344340917
0.166096586095322,0.0540678015364375
0.535043427813848,0.535043427813848
0.815469438831424,0.297878083641718
0.3225194256969,0.222237940236286
0.0484104104272492,0.0484104104272492
0.21629977390289,0.0974181578794753
0.00835976135451067,0.00835976135451067
0.484977454196763,0.103292837000353
0.530837903657729,0.0285462593426087
0.759467097117924,0.0263903343542077
0.576920213639714,0.193843538127075
0.694108251876748,0.0763645000316039
0.713794061440221,0.0711529116334028
0.0462800989651533,0.0312064704327685
0.921304869684884,0.1264279631268
0.39125520586312,0.0698888292315842
0.844249488915098,0.174985058785081
0.169899614382486,0.169899614382486
0.98651044788709,0.169868892901387
0.758470807891889,0.0994025453517066
0.611701787953191,0.240471790191384
0.0727571633035565,0.0132025108444168
0.792402091786114,0.106639273330557
0.421901562727216,0.244487698416088
0.683872824567395,0.115456302334627
0.516064041342141,0.0143801035645927
0.0383999335996996,0.0383999335996996
0.707591612499754,0.645313591419491
0.867715395835475,0.111297618175353
0.743101251058039,0.288662256765242
0.280451049888434,0.00533186397739289
0.62649458559116,0.381630447596872
0.851064302253129,0.406665531383908
0.945778686880324,0.113767736647206
0.319777338691397,0.319777338691397
0.216575183581735,0.216575183581735
0.0199874467853987,0.0199874467853987
0.744193465105769,0.00811757391125342
0.821223448028523,0.0997834786281324
0.999785962357845,0.357779472246392
0.557439684107023,0.0540722794309589
0.790980584427221,0.328712502783386
0.146836268369328,0.0777602220060334
0.918101052541026,0.0165047393159626
0.385397743047309,0.385397743047309
0.226636624529997,0.0912043842844803
0.101026344213498,0.101026344213498
0.159185542824502,0.159185542824502
0.348781462658952,0.0945033749361617
0.907087176243081,0.231286867418993
0.605831183182409,0.142420821050976
0.0439361315286198,0.0439361315286198
0.619484040142723,0.128291014303723
0.118968890964416,0.118968890964416
0.737707935918705,0.67411420216586
0.191954952653712,0.189478646259314
0.745157581744362,0.0990586208381361
0.636739027058592,0.159755263946985
0.36093481830698,0.341147867986334
0.983133014208978,0.405670943429637
0.383104151676819,0.383104151676819
0.187784464124097,0.17205198509261
0.419170937769683,0.135117641713346
0.326158331506423,0.0939294572101687
0.60079800100696,0.310558486843749
0.494327918020463,0.435254435589644
0.201401108929906,0.201401108929906
0.0339603787714167,0.0339603787714167
0.904455313358615,0.0243546994899036
0.177056778335446,0.0661432698973739
0.00708968647916749,0.00708968647916749
0.489116534366696,0.0378618384918685
0.733121390889942,0.0953676883491388
0.0612578182191795,0.0612578182191795
0.320842566913405,0.209021292567124
0.193701301342959,0.193701301342959
0.0102561233547877,0.0102561233547877
0.92121282488066,0.41508712572619
0.154485000624653,0.154485000624653
0.569430007267068,0.106212904523416
0.244568409915823,0.0698198150333243
0.740627672659298,0.0167216713772184
0.174726887906835,0.107076659451859
0.0861392379494507,0.0861392379494507
0.760619901156137,0.188255510022465
0.713950682178869,0.404883743149628
0.313183163635424,0.0413042575410284
0.407718084302158,0.330980083137138
0.0917342960415004,0.0917342960415004
0.0149729492861885,0.0149729492861885
0.0815441418743727,0.0815441418743727
0.336950622182248,0.0759437630087105
0.934526417885381,0.0471261943647317
0.140164121058107,0.140164121058107
0.337240344349797,0.00442707341935869
0.506746358382658,0.280907461885527
0.372597237675662,0.372597237675662
0.941408922847789,0.0258723640116289
0.676106240890983,0.288209039272811
0.526081458219972,0.146916808835033
0.695016043736245,0.312346304163365
0.978000545855649,0.103680035772552
0.491593844182496,0.217533251465077
0.191126782498269,0.191126782498269
0.695356894094985,0.490897655906893
0.85747346821309,0.130733640657119
0.815602346605644,0.611858017187322
0.761210811955228,0.0786699285950982
0.20076558234201,0.0242043983671809
0.961556613663539,0.205703958833693
0.359358735919043,0.0926956178723566
0.232834442168372,0.232834442168372
0.666262498664687,0.338098746596904
0.614228350004655,0.344970853780435
0.627040851218235,0.449962338349004
0.434431602405041,0.382891845286514
0.994862977825501,0.136397351988498
0.829944110729247,0.474064426002949
0.233802692205541,0.233802692205541
0.756122327412894,0.01872003322348
0.519904717890093,0.336893731426145
0.938787248907617,0.240423156732763
0.696954646742466,0.0106313896218528
0.16152181121561,0.123259291257673
0.830632546025278,0.500057243305279
0.453159529592842,0.0461318963832304
0.954209693994361,0.0780222106317875
0.32026246698931,0.143567538891182
0.858716189871998,0.680838889773112
0.807973800157482,0.160540581257193
0.354444918942784,0.106674920270355
0.944568367187654,0.32472718184294
0.843937619774994,0.0434473405444688
0.902516757987272,0.386548246955579
0.747075563870506,0.165951491485368
0.257299275081543,0.186687474791036
0.453803163444459,0.0248570890213606
0.0293193212469632,0.0293193212469632
0.120972039356505,0.120972039356505
0.63912020542558,0.0771666945772574
0.577569069542198,0.180201505940954
0.7469716681961,0.22832164844102
0.269327025522007,0.0215789983084942
0.631051331302781,0.202592599792991
0.458026728004093,0.0780103289746685
0.44348164502088,0.392636206766416
0.528345384956758,0.106824581455605
0.395516192835523,0.122876992905322
0.0931916679422153,0.0931916679422153
0.575922646785639,0.0593343648880909
0.517972063475839,0.138021734064305
0.828917993659861,0.322377661949299
0.557281700856136,0.22318924252038
0.639098114592385,0.639098114592385
0.279252402484624,0.104425994200925
0.14288786096322,0.0244133887254875
0.0990921914325903,0.0706644076914876
0.907517392877861,0.0473689439200268
0.837467276977867,0.15153874215767
0.903643640094255,0.218250330724155
0.896101070850292,0.0118823408393349
0.118151063934282,0.0516166124472754
0.114879631293124,0.114879631293124
0.036767087472909,0.036767087472909
0.442050448515814,0.273567245554959
0.562252783049339,0.373843987943289
0.351849523155092,0.210819211024382
0.201761675712848,0.0339637014816607
0.241329497192625,0.241329497192625
0.29852293089805,0.124448945868543
0.187852699086024,0.15879627261961
0.642510368660006,0.0961270859314653
0.262312523456317,0.0170298124188193
0.292345669701155,0.0174711882523196
0.219951896062494,0.219951896062494
0.646992806732032,0.357183096229163
0.879183116412079,0.110462266171341
0.239198090638448,0.239198090638448
0.385610473536405,0.199811221005467
0.170765514337125,0.0454689210249095
0.514823533810624,0.514823533810624
0.903900042616905,0.0180533924391553
0.881284727365706,0.140164174436368
0.335825060149805,0.335825060149805
0.386057475928254,0.256939211947209
0.820516061674135,0.120035649278949
0.11168130603419,0.11168130603419
0.500499160466493,0.500499160466493
0.762735046400059,0.126400788588226
0.961466459976977,0.189812022366986
0.217248439191349,0.144813629402548
0.462788279988537,0.244554199000856
0.499575703314273,0.0326509866841265
0.182338281253579,0.121772933513644
0.661730950209645,0.0310542341766003
0.704639954765877,0.411937839962003
0.0727921941212712,0.0727921941212712
0.93979990340393,0.120725515209638
0.134906861386846,0.134906861386846
0.860007230310763,0.251702657982225
0.361433220603881,0.361433220603881
0.976454133085579,0.357350805473788
0.657967627476773,0.4268271225693
0.870893095174782,0.0694279526985355
0.234691204462638,0.166841586893435
0.0252849065889149,0.0252849065889149
0.32168685598965,0.0280047560673899
0.426756837640748,0.398297391722528
0.345579326262493,0.345579326262493
0.911914439395828,0.552437072681999
0.878837865715666,0.0819499140585975
0.745056885055125,0.0061507340857942
0.930389855495086,0.283545132655254
0.0118473802746086,0.0118473802746086
0.845670566103083,0.344351287503987
0.705201118074247,0.26288204011923
0.10053182464133,0.10053182464133
0.863697080551119,0.627008462393406
0.610383228779785,0.398679271130932
0.194391931404939,0.0298250972329058
0.556048701289278,0.242970803878875
0.912337292865258,0.15289341346017
0.796895004176731,0.216572997004538
0.377871761978092,0.0676018304057017
0.362592867240012,0.362592867240012
0.4649351645146,0.330400775516711
0.439922732357247,0.059138864913631
0.262481878176006,0.262481878176006
0.437904161754199,0.0867564191514979
0.216290126849303,0.210081197087089
0.733519879194987,0.00668666432678775
0.855361097371057,0.11550353551715
0.993381628410633,0.417379818485725
0.678897003130711,0.034382091490401
0.945720562173509,0.0474151738097193
0.442585965013083,0.442585965013083
0.386185760068796,0.0637633257861296
0.195013112398131,0.195013112398131
0.0231564281773151,0.0231564281773151
0.374649239726301,0.374649239726301
0.0519705669208524,0.0519705669208524
0.751738812345669,0.147628887408978
0.746670571230146,0.0701646995942323
0.748570751581456,0.226627763551487
0.489699639721816,0.128683037418309
0.959633879220245,0.0613257442210119
0.0191428814532799,0.0191428814532799
0.284137575799559,0.0592134385099048
0.261731668371988,0.261731668371988
0.685483840927531,0.166104400622418
0.219278107137647,0.215256864025358
0.543417926166991,0.496848650013496
0.997195541720848,0.042084530395338
0.620553720396826,0.174899910430162
0.0227042059669631,0.0227042059669631
0.348912292297856,0.165417788469004
0.473493284475782,0.0700482164669198
0.346497151976123,0.0154220184997773
0.325535054106707,0.170828746501523
0.385235248673254,0.202262222095285
0.46751820184688,0.060601704280056
0.580220859838372,0.225519376323875
0.5542835949228,0.00828740538053445
0.854214799391534,0.206843486176338
0.777260140549056,0.333900668266342
0.867801692083154,0.283182192440146
0.422838754159094,0.315726402643031
0.776205292622132,0.00475904734726312
0.819106487227774,0.0693543683532308
0.334065325695774,0.153039803445033
0.990604871578327,0.215914825069428
0.822426043628314,0.163098415023077
0.421263523970765,0.0242653348670517
0.602112943314824,0.0968970951953852
0.0426008204181489,0.0426008204181489
0.394689342493061,0.125397653084196
0.0179903932996491,0.0179903932996491
0.81508053383075,0.00635556196653943
0.726155914361675,0.0149325614582007
0.0733743892444306,0.0733743892444306
0.670197737155376,0.0594102017087621
0.98510933378017,0.0868076287346976
0.57192179756234,0.106526768525167
0.240241797883853,0.185040892338349
0.646164597746209,0.633370819450171
0.515945976897682,0.136126450608752
0.352929358056985,0.253238117823995
0.0389620238449951,0.0179717809509584
0.307015502757701,0.00736532565403748
0.425781455911302,0.0450921576072838
0.00672017107147212,0.00118231142841172
0.696301107742778,0.178239601291078
0.780336704463038,0.483886362859173
0.719893707554438,0.200412128478435
0.905203427519187,0.0416089409088395
0.554737039551737,0.0263910512324128
0.849527507940424,0.127666481125258
0.357542703867063,0.0694354105722347
0.900448412002052,0.084093263878178
0.866987156506164,0.252862289442055
0.984746243556202,0.156151321272975
0.764069577475024,0.136643459893075
0.0548474543234879,0.0548474543234879
0.577875271388823,0.166714546301203
0.59819556758933,0.172401156081486
0.975759227864752,0.0524576128800496
0.90186915133232,0.213857172537093
0.633941987544735,0.251330616044259
0.529351108793251,0.450154736421863
0.450973819851605,0.222023958419026
0.781253802989837,0.570900936316467
0.238981882819914,0.0925582361370864
0.0660097623383305,0.0660097623383305
0.332395117186002,0.272981454017467
0.252554573018793,0.0882450578415282
0.471195613918376,0.0704768763971685
0.924230183350772,0.144290754184052
0.647056009110158,0.226790813921864
0.617970178193519,0.127164562528267
0.522841317710669,0.358445900676457
0.288546832510254,0.0961952670766916
0.223128084446723,0.0742327778997962
0.758246437182085,0.114553564966576
0.0646270756359288,0.0646270756359288
0.290522086990278,0.0779110851774125
0.0555976382934665,0.0555976382934665
0.0128601093696095,0.0128601093696095
0.700668656260611,0.068210944407566
0.0266058527113889,0.0266058527113889
0.0434257135170967,0.0140531130464183
0.582972000181577,0.192874458342859
0.0335541887664789,0.0335541887664789
0.137562194462632,0.137562194462632
0.666564009757574,0.357757029342835
0.324085040679337,0.324085040679337
0.917298659773859,0.31343790131344
0.152795972471762,0.152795972471762
0.861006944457672,0.175889789789834
0.903637674951659,0.046699312769558
0.540339302876241,0.381856186625998
0.700642035583485,0.07323686972568
0.440067003264427,0.0601288803991827
0.35199907985574,0.0749009213097398
0.639858314623605,0.482905766834298
0.203960808839834,0.203960808839834
0.812979139937863,0.00127773681467483
0.799381108621125,0.532352529463591
0.415262260304874,0.274089130674722
0.411829837743833,0.12291820787993
0.836749146667614,0.0165184426668245
0.981556779423131,0.172521877790217
0.894803428842353,0.164819338222343
0.474518304965899,0.0698577159070509
0.68866126086674,0.125066246357496
0.383900972348448,0.00401627592034443
0.803979177522164,0.349881938426825
0.629401758387497,0.0728885071064763
0.215434144105149,0.0878091742157056
0.783624789089245,0.0388492533377105
0.125396714954871,0.125396714954871
0.928845759375016,0.147465990214024
0.0500461885134997,0.0500461885134997
0.470572133526343,0.458863310847069
0.209610854879091,0.116304401205243
0.864822099848208,0.281361142987273
0.678560399463678,0.0847302103419581
0.8741124999253,0.122038649781583
0.532551242680581,0.532551242680581
0.848450626262546,0.153696245558382
0.172511994361732,0.150249222047189
0.114065132837674,0.114065132837674
0.854003750716874,0.0713777383076502
0.120201370521132,0.120201370521132
0.56930842330427,0.0279142083000764
0.0220375569597992,0.0220375569597992
0.0439265416054607,0.0439265416054607
0.796219357130399,0.0517947999137273
0.411315401375503,0.159095331808357
0.666133073670973,0.163454263193973
0.474234182692603,0.248995296801744
0.817570429137061,0.127046379999627
0.0620360843495456,0.0620360843495456
0.473207642846326,0.30685256913794
0.99085778653679,0.0185962992864271
0.0767520211923149,0.0767520211923149
0.255541820381372,0.10636516577387
0.971088930360007,0.231913433702026
0.977284498805782,0.128783523650117
0.0963209157392503,0.0963209157392503
0.77845342506068,0.000365202761257057
0.786571419740975,0.12192244332409
0.090961503451841,0.0436475662854242
0.542590115702086,0.292541921241304
0.329812396541857,0.329812396541857
0.848969173727338,0.0645588552188086
0.735199063628883,0.0358449578957276
0.603529433172906,0.353836007488965
0.45239802526047,0.0795471481878169
0.846402379353546,0.121921751216485
0.174600852240141,0.0794584357495894
0.908257966244024,0.0687508394963696
0.303489626688642,0.10491628028358
0.952658612076961,0.0800675179136496
0.115143056762832,0.115143056762832
0.583140093882223,0.0542595759429813
0.0704953830574044,0.0310763771275111
0.570047638120631,0.365885341448363
0.597886736470324,0.409593986337681
0.400657369091743,0.127503888633337
0.915473692249562,0.0295351093019498
0.23669489983375,0.0477963376462216
0.697378407028999,0.367122975620601
0.771881246863571,0.174044364219804
0.644268062447287,0.0122283072467655
0.850887630900047,0.201852213759933
0.672483816856195,0.171744092733214
0.492486828429123,0.0157702503761127
0.721912956086645,0.668991164331778
0.945427435885769,0.0613871285288705
0.445406712997442,0.274489956349187
0.776029689527601,0.00678251847269012
0.748002205337305,0.0952155180976785
0.4732429860146,0.227073854089784
0.892908099992263,0.0183095250983873
0.952700672294622,0.0450986355354159
0.432184715012824,0.068262908273355
0.133999216853174,0.133999216853174
0.243738744276103,0.124503320719314
0.831110518285116,0.334419397509936
0.482462339845536,0.0286036908994891
0.364182217579598,0.279436453484532
0.418224203598039,0.418224203598039
0.937767631266052,0.187941857946164
0.250218122762207,0.250218122762207
0.906745706649173,0.125385764635613
0.389270727909709,0.389270727909709
0.733109337967734,0.00378058650787561
0.0136569760508989,0.0136569760508989
0.439085177411076,0.199415454499975
0.780826258645572,0.0206383336897432
0.437576222732421,0.0604230842897637
0.350394920696382,0.16388800133543
0.285678256295236,0.121877131109263
0.323615924657004,0.323615924657004
0.343080189337179,0.0836751637331943
0.838076488761788,0.174465296525207
0.816850735947887,0.245149365107789
0.756977168126695,0.13787855003842
0.196195419970477,0.0295870438667426
0.97329195395118,0.0171384012300102
0.85780474817072,0.0820814935070614
0.334431264000409,0.260774030560344
0.587965970943298,0.10845393988212
0.195234096818066,0.195234096818066
0.790737661161629,0.258272030609569
0.369933071667007,0.0782909507619313
0.302970581448176,0.279293880740477
0.434709723188503,0.434709723188503
0.0603782894189845,0.0224904390925891
0.310411593030794,0.06249745968792
0.58036436548045,0.296862888870065
0.601249477531863,0.226177827390441
0.119849425757898,0.119849425757898
0.656211071734908,0.0525906228756105
0.868269450938464,0.312656595735048
0.282279000764724,0.209292856723117
0.0704026288896201,0.0704026288896201
0.846383327801889,0.08076343062029
0.50491953138554,0.219000840388947
0.109584171265076,0.109584171265076
0.199625036591719,0.199625036591719
0.412911181854386,0.123101945744537
0.0934983518047408,0.0934983518047408
0.797137268567729,0.513571699532265
0.729595207402099,0.0243197435628947
0.822395191658723,0.0262380277747441
0.546740591056622,0.179328174813047
0.0872915672787829,0.0139927540482592
0.143093303611356,0.0716157846391837
0.605597515666658,0.229877018944006
0.776579710870789,0.305184252624559
0.807918161981844,0.0648715999103969
0.295992473764786,0.0612572860746424
0.127027558100539,0.127027558100539
0.479781691235756,0.188804636329406
0.54978298015363,0.403782900745773
0.904657840141363,0.0252357293717711
0.794382225208258,0.145667404000188
0.865976013265799,0.00763946309303406
0.449142292849783,0.449142292849783
0.307492549453024,0.0574579890494846
0.122950118084146,0.122950118084146
0.0626017263809906,0.0626017263809906
0.138533334144874,0.138533334144874
0.264450130933976,0.129225866334749
0.300790311155144,0.0791619231195296
0.944163263616328,0.337008131119673
0.0986793055567674,0.0986793055567674
0.70943685842345,0.0751303336832108
0.565621592824474,0.139204209109635
0.681035969791409,0.162431002311066
0.458785106133188,0.0734561151804722
0.719841935183918,0.2878600236802
0.641822311951917,0.224372593769905
0.726245013730327,0.060515492855995
0.8520038673521,0.174512960893156
0.68097461730146,0.203339439890271
0.178983327388652,0.178983327388652
0.59243283338436,0.270981331324159
0.245585722188999,0.245585722188999
0.927940281635434,0.455379112364742
0.137210851120929,0.0359941459609025
0.237831226496842,0.131000154142451
0.446183058557412,0.0650034601332621
0.586838141574658,0.425722367089325
0.240411693497487,0.240411693497487
0.338404962411477,0.142775124034376
0.660395695957903,0.215963483147692
0.953008311303505,0.439703222969889
0.61047747625089,0.0680726039055857
0.802507138802189,0.206080017344169
0.389882448811742,0.177770545018089
0.140704208983631,0.089511262932534
0.921568885021674,0.33305527421853
0.561954985132723,0.0614485519905714
0.900423970620751,0.229975644046958
0.460630209866824,0.10464481570857
0.130222693403324,0.130222693403324
0.237325263659161,0.0773878864119749
0.205430990938456,0.0962936643444975
0.0367253580989593,0.0367253580989593
0.495528603235904,0.0263106748897228
0.0604780499486373,0.0604780499486373
0.602848375870881,0.0325641826166126
0.892087467430652,0.294633985061391
0.951579975152706,0.0505777172142596
0.98375788057273,0.19134142164882
0.262674724376281,0.0511770110324826
0.544200050595137,0.0380640385754562
0.16500303592296,0.0202676397176581
0.524463878653349,0.439484904756951
0.565379857113622,0.565379857113622
0.290907471028307,0.290907471028307
0.210309165474595,0.071681631171329
0.443072112348032,0.05983017011961
0.829044504077097,0.08871806237718
0.635668293003075,0.0820537236016848
0.509747275794675,0.172506500549277
0.70368781448089,0.129053499699978
0.734647742339745,0.108065820852717
0.217758076364159,0.217758076364159
0.790919211768373,0.175725336156139
0.772704282522394,0.0218115946650891
0.393143449211158,0.138397562164781
0.0592741441721471,0.0592741441721471
0.297323413243803,0.210169198054336
0.60005055147438,0.242295516036531
0.429673798018181,0.0613843122329409
0.986813548869137,0.0077466924955533
0.442679138962348,0.0827616372304055
0.771880781450496,0.32597122206144
0.772984016572402,0.0382394417999289
0.921635054981891,0.0510847635518743
0.422555493967115,0.252634660706619
0.857726996949447,0.260243199906353
0.429390367148231,0.129234484594596
0.44285987566174,0.193043548541024
0.515282583821612,0.206241415240574
0.212360200660197,0.0751606481643208
0.35912811380265,0.235140999475817
0.123778347251242,0.123778347251242
0.606889016721628,0.104249663118041
0.534406778050948,0.0212079221164362
0.455686539735207,0.173672262224714
0.778995674910708,0.442750633491148
0.0596766920380007,0.0596766920380007
0.00928780801938775,0.00928780801938775
0.434771918370212,0.2290649734489
0.116177230436237,0.116177230436237
0.382526222705927,0.089239205294696
0.929635755060046,0.352249313524615
0.553619527600433,0.262144666108039
0.723697925223835,0.248118994026576
0.17103159665892,0.101578268146233
0.507243745273122,0.267531265918304
0.993700394633686,0.209347910333298
0.308005007927494,0.228860509817562
0.621550898959704,0.356124670320793
0.571328737069709,0.231649153702801
0.798229659019206,0.416533468889673
0.586248401977951,0.0998908258633597
0.221220433277197,0.208867370283743
0.937968420918989,0.0500414517939078
0.245927235064303,0.0798777604830137
0.613399871996994,0.0912371451434597
0.185573984003467,0.185573984003467
0.849596290950122,0.160708484792096
0.248673427713521,0.0296293428709648
0.307067374994068,0.0054725747881289
0.505837033637473,0.14778890894339
0.986293170246318,0.134390476271028
0.427123327714815,0.129300119383375
0.28970807837896,0.196956701379818
0.469141280707754,0.0735427263167385
0.26825331257563,0.26825331257563
0.93816607617464,0.110123352607217
0.0429573185008042,0.0164982891683439
0.0576924235363647,0.0565349481441243
0.998865591829066,0.483978699080354
0.791406647564266,0.302928642626492
0.341303273091509,0.202698552064226
0.0649927850170867,0.00146493339658129
0.45135472785999,0.315301980723934
0.225285330209533,0.225285330209533
0.708305241889768,0.0424456037352699
0.466544553349897,0.0328851394973406
0.347957747330039,0.324842450532568
0.424691160163796,0.198386004658364
0.740576758338947,0.13902140739849
0.626681113543235,0.0160246433244104
0.37239278116074,0.305415192603882
0.240882130157427,0.240882130157427
0.604026138859489,0.001446426168432
0.492667189569505,0.25705290632703
0.909378622130342,0.517400356563859
0.883480967660983,0.223609729667805
0.562834323495555,0.0844482287611895
0.314735187001294,0.00753424863247952
0.0167784481120551,0.0167784481120551
0.392003969317918,0.381769636774226
0.685404320452093,0.328748937882553
0.305429584764314,0.305429584764314
0.944089849373525,0.267590396287452
0.499826949167074,0.455492101987979
0.884891953200863,0.110557133169096
0.762731173449902,0.0903681146284782
0.68954094149402,0.283138553628651
0.65149263249278,0.0271014119800079
0.740043240176133,0.129339396172779
0.386688482757017,0.124431606338125
0.520038100365608,0.0363227207623083
0.610374682593197,0.270146656693054
0.482385969073706,0.0411397105250749
0.242245448364839,0.0683273750672857
0.928432180842761,0.077078922240689
0.535740506443968,0.118054844661052
0.328899772856432,0.0840509573250688
0.111168541373471,0.111168541373471
0.362069762920164,0.169754847641124
0.0332287616909306,0.0332287616909306
0.276325873131141,0.267878284822621
0.724047857645701,0.0106138989760896
0.603900729957226,0.476045356293856
0.33627256905654,0.168586727738979
0.556687170101604,0.0139455090466152
0.591658623919698,0.0825860085414779
0.396660290213802,0.00698007280675874
0.669578195413219,0.227763475793799
0.755218967178597,0.0614814602631496
0.462362258915898,0.146542331183467
0.560004766219808,0.0530712158754529
0.97393334786084,0.00206303724476236
0.870543606035833,0.0373762736351461
0.432671996240281,0.432671996240281
0.558372671325321,0.391697245199511
0.491645724055542,0.402560765675856
0.63540518933428,0.130463088707696
0.0226478181849545,0.0226478181849545
0.355868767298815,0.355868767298815
0.501637243537121,0.159156033392252
0.214025123271878,0.214025123271878
0.25150328747768,0.00280933110393244
0.677098046897544,0.173232322446807
0.518045046515935,0.448326666150794
0.477676262048238,0.194924102621931
0.812186779655369,0.260460889428153
0.629894230747316,0.554217834955813
0.44863394445826,0.264216674942913
0.0561611405572768,0.00786714056930899
0.747555281764234,0.471340208160575
0.532215911189549,0.24252193404361
0.57445771583792,0.321653403244333
0.348291134672392,0.0949634974527684
0.352431961747545,0.352431961747545
0.565879308608699,0.39351185145795
0.775233012664851,0.570971513626525
0.828041231884513,0.616164493784483
0.0625832185879764,0.0625832185879764
0.501694940075175,0.0756611010798687
0.831196687747165,0.110156620269026
0.325073977394062,0.244716768315735
0.0572756876929665,0.0572756876929665
0.439493436220656,0.256647573538557
0.120894401935059,0.0947734115695009
0.632999930416923,0.275274374948251
0.403394726135063,0.279202719206735
0.349214153710738,0.195542462026866
0.0838168420880236,0.0489888374074267
0.354734721110625,0.248333378790409
0.588330503265853,0.403560059079653
0.368833074914284,0.134750986350463
0.84669308445042,0.078584608902618
0.546156129047804,0.039570476184092
0.0273681238465,0.0273681238465
0.711125397164548,0.14248337086051
0.391695456750528,0.14465983857825
0.938749165257969,0.125675427934582
0.487786554462056,0.250223877913644
0.335553343186479,0.0157596834144507
0.164139398232876,0.0372739133056472
0.0888023241874522,0.0888023241874522
0.665995657884744,0.105841044577408
0.515480691134699,0.347764954431717
0.923186413870539,0.210386644697044
0.171334598060743,0.0929376676249566
0.324446771798902,0.110224994841584
0.199492737523826,0.199492737523826
0.938860956141354,0.218147810537641
0.664093755946321,0.448842065430393
0.715935192552543,0.462169996375148
0.156520278699577,0.156520278699577
0.799980190826197,0.0463051375397277
0.643584222412696,0.00852438069486217
0.422742407686904,0.194352397636472
0.568996118536576,0.166038128727812
0.71184120807682,0.0235440839995335
0.657951974687527,0.0520877743019744
0.493967464144777,0.23276329061
0.132602591869658,0.132602591869658
0.255526279468712,0.222664173895753
0.492933291538484,0.332550983471998
0.704707608436759,0.0911334680007719
0.677208857206521,0.0312925770533486
0.986984157340572,0.0218726819522418
0.209356225860168,0.016323284951166
0.671603304673877,0.0572139515816914
0.345363058433918,0.100799955619449
0.777741977293208,0.161070351671915
0.224757611471109,0.0534361694685796
0.513665241166748,0.242935530498724
0.568508490619073,0.10239650944776
0.591890684249284,0.111252595110698
0.609724472697801,0.175062198440382
0.692059043569838,0.237490105775808
0.113023623819148,0.0822268546155728
0.296155405118015,0.030098788715002
0.531926317764368,0.169767299619345
0.991495849232327,0.130622321558459
0.343953329412384,0.0385061982476844
0.976783422951168,0.488373370601069
0.790909551583767,0.119920676524018
0.797188115959174,0.067072213213651
0.715006351493474,0.188317334273997
0.700255645289996,0.0243996326436558
0.298310784575885,0.0689810863230697
0.0527109445455244,0.0527109445455244
0.0357729616406605,0.0357729616406605
0.131184702261015,0.131184702261015
0.621458222207163,0.101111379951288
0.501131148084706,0.0168464483850168
0.0650972532203408,0.0622893385615161
0.900640138878928,0.328271025018338
0.760878568337349,0.102181422043977
0.998163520598947,0.611645268791765
0.955374040837268,0.165434560870402
0.759201640334318,0.160459267161467
0.914307286365284,0.0252553505292556
0.0631984100706706,0.0155911078699621
0.737444230493684,0.418333971686804
0.715147866011781,0.366679209525353
0.0447032814421024,0.0447032814421024
0.36989770737596,0.0256473325081365
0.582943125843231,0.1055088913924
0.110425379575221,0.110425379575221
0.780181072383501,0.101678403008515
0.38251386893577,0.250280434542445
0.646270389079684,0.0865970917398563
0.675148597876381,0.0961247205535678
0.182911197962245,0.0586464275557351
0.935533439269045,0.0943526445562227
0.324958619731493,0.133580971510887
0.290243694594691,0.0091209301084849
0.406513699030386,0.313238365625631
0.912610184349947,0.0594936458778735
0.252564711514277,0.252564711514277
0.966000693425754,0.105895206788788
0.583148198075494,0.0450552130002561
0.0810234329924702,0.0810234329924702
0.853728292111994,0.0538420196535778
0.975243029557801,0.0595531307699708
0.980632288754061,0.275754237393588
0.112294009470212,0.112294009470212
0.745218151951985,0.428515629336127
0.256238599177682,0.256238599177682
0.147079079426198,0.0694538632662494
0.386893465932939,0.0667392957764435
0.694866735217083,0.382732324616319
0.0621755414626355,0.0621755414626355
0.285127507372371,0.1135225975891
0.915475180427436,0.0265665450792892
0.00167136469287823,0.00167136469287823
0.651612259716275,0.556264106716949
0.991837583038904,0.168517060255034
0.216575098651029,0.12722957932682
0.206819553374744,0.0422508117682052
0.749982644605912,0.0778880449622887
0.742714698485517,0.077106751398016
0.635484141634873,0.238962541489034
0.495044614330163,0.00157773289856051
0.164262743148404,0.164262743148404
0.601609978611757,0.0290441732026613
0.569749582946828,0.21062952261252
0.477248452839203,0.0371146238235608
0.79305418113513,0.116213762710837
0.197515875802183,0.197515875802183
0.671643686751896,0.188137583361426
0.624441033908067,0.216518013071488
0.55797140248453,0.356130955709463
0.38580488260673,0.38580488260673
0.314194035242064,0.314194035242064
0.387362640782355,0.186487283196454
0.932537591247189,0.0162273316066443
0.412533895070762,0.0432131210519624
0.609085725976805,0.127837980417395
0.556240509061379,0.0776517932860303
0.17917576690154,0.00372736839553892
0.201115764809562,0.0072015217132068
0.921506056542497,0.513315761850264
0.0282807481958247,0.0282807481958247
0.270441444806067,0.270441444806067
0.908821824116034,0.154126514620792
0.76013411679827,0.208036429305477
0.943329670052638,0.354126200299469
0.608799242251321,0.00574451029102074
0.77817082208362,0.244735232125782
0.179651144359394,0.179651144359394
0.253408160009297,0.204147492598221
0.831841971653263,0.0354312246632542
0.868922923651546,0.121608661315825
0.53174140462548,0.135532446695635
0.129467853120962,0.0576168623657091
0.354273775539955,0.162530068914432
0.471282889816112,0.149669025907152
0.993609808351822,0.095922270498968
0.755913858679061,0.264845765460067
0.102221771116689,0.0186200682325855
0.93089472645157,0.0892651478689896
0.271200237214194,0.233074044084562
0.707613215250688,0.107754676750194
0.112020186520887,0.112020186520887
0.447042552756468,0.336312903429223
0.114936559438901,0.0581176891689468
0.74010100006361,0.0908798168099799
0.230497187758203,0.00139253148225236
0.391323689571745,0.391323689571745
0.704375493343717,0.505445451694566
0.609325148725446,0.207382699996652
0.276802770602332,0.0484840013886992
0.712136315758457,0.152364946894057
0.301507077417196,0.0875910288340136
0.779084184602193,0.108106359984329
0.440600248561824,0.0169672591772152
0.0597835049549802,0.0597835049549802
0.198558030382385,0.198558030382385
0.010867188684334,0.010867188684334
0.594021626882369,0.247629887884825
0.505564294067825,0.00313917753865761
0.0222546536849488,0.0222546536849488
0.378024159167825,0.106452557435394
0.716138180134548,0.0104034405086284
0.131791032937401,0.131791032937401
0.949994114471441,0.228670546606923
0.319815338595163,0.319815338595163
0.457198807483904,0.0305252607951964
0.139029514474128,0.139029514474128
0.848946779258853,0.212271924345893
0.456115523758409,0.456115523758409
0.0915784386036531,0.0915784386036531
0.572051916853133,0.0549079999426178
0.434739117288566,0.397862712777046
0.178078473451214,0.178078473451214
0.0775854107375122,0.07319472270844
0.623057730895507,0.144101964755262
0.2882445112342,0.2882445112342
0.476527333583263,0.211501957015065
0.854329929674771,0.143123707947396
0.997162645861035,0.194290042230102
0.454979655395551,0.327458584399333
0.745953206765511,0.190048382750194
0.404413252444106,0.121977866012888
0.725571139730712,0.527483742384456
0.310100697688939,0.252560773082297
0.722443332441256,0.176936439288993
0.849970069208406,0.79674909858767
0.754619783891654,0.321288706093228
0.240612092582182,0.240612092582182
0.0198260434453646,0.0198260434453646
0.423395591338198,0.104775992331739
0.80677933738735,0.110318396015004
0.262077934355545,0.262077934355545
0.56935331798202,0.439806618209375
0.822095028565576,0.495641987585817
0.686954448035049,0.243410878393084
0.476137000723592,0.126494901553692
0.313200661693538,0.0858903092730229
0.812511365858741,0.274420506639465
0.695655418985119,0.148246314744407
0.137100363507841,0.0217424678030927
0.729919037628185,0.070387576015235
0.655672187552417,0.226206859062647
0.98151488783987,0.0704315830303137
0.234063828142401,0.167557515704678
0.274377571256105,0.121916234715046
0.244252253362709,0.178819042848071
0.227497903641068,0.04053383379305
0.81613261722084,0.152111921354404
0.681473187066784,0.203253875388975
0.067803792764098,0.067803792764098
0.632982499240344,0.0898315401319891
0.062721594445885,0.062721594445885
0.382235161097465,0.212655950170904
0.179282150633381,2.01463449749237e-05
0.192819559687755,0.192819559687755
0.615344419763016,0.334097709403543
0.397550899216864,0.24188325814703
0.569013407614017,0.00393592241656286
0.939171474785162,0.124630501765721
0.00433081902330753,0.00433081902330753
0.504495555630232,0.0210582806492548
0.599447927016976,0.123780336026796
0.661032553612366,0.0308299349184374
0.0134318037978641,0.0134318037978641
0.238147888732246,0.0166925659149781
0.278480339129104,0.278480339129104
0.671997316345814,0.0810246094950272
0.496983241107881,0.0309775217716767
0.101685338383277,0.101685338383277
0.206671369012943,0.0453045357908777
0.483114833513021,0.285304896195915
0.791746525836459,0.150732841933528
0.501466802907077,0.0418968999892897
0.448036844524888,0.246203259412482
0.937800930556933,0.0938562735657058
0.738913988688393,0.298625836866058
0.223201709233718,0.0475553622873524
0.971799924554066,0.494338589414743
0.976895165435722,0.332088983286519
0.945121318150698,0.0410437796385544
0.836660379952855,0.139014291068896
0.00209811574851476,0.00209811574851476
0.661371348983859,0.0288953875946277
0.205055980191148,0.205055980191148
0.0530142186249632,0.0530142186249632
0.250893473209423,0.00598132089823738
0.23357055750488,0.23357055750488
0.445298477072966,0.00364219863637716
0.0711953005729478,0.0711953005729478
0.772258236627042,0.101119596489633
0.356725742000749,0.21930258342042
0.0317257981422825,0.00205638182527955
0.435131617237259,0.223301665138817
0.275969577936301,0.0454622072462225
0.514118537992237,0.119865287320942
0.384350672275794,0.30385773212053
0.523875084683895,0.162262960658735
0.957058007200106,0.0330045691679439
0.998023054846388,0.116847072242645
0.363475933759644,0.256345949565458
0.769393708862565,0.101692237892707
0.804966964134908,0.443238150354759
0.708212291008925,0.0462390920587664
0.373476139015711,0.144650604284499
0.871927113851896,0.211187981758257
0.616170934552587,0.616170934552587
0.408191648657367,0.288897381087356
0.509530169607472,0.293014065410638
0.00528602650186843,0.00528602650186843
0.324004936187842,0.303707222836553
0.982137241050687,0.311175378925096
0.630202880502854,0.0523475775429562
0.0862675225455755,0.0862675225455755
0.264621037395881,0.264621037395881
0.735297743880913,0.208331645158756
0.405877561966811,0.206569730586974
0.400314293394628,0.0628422559637982
0.901001366347289,0.596967219050899
0.331920377197788,0.331920377197788
0.239913174807791,0.0868232659886483
0.294878861608983,0.0382008983725751
0.877750456668917,0.52143907156043
0.00253925302801305,0.00253925302801305
0.0675348831426581,0.0675348831426581
0.968481754637249,0.288417862395543
0.173590376161476,0.173590376161476
0.333497493330308,0.249165971837765
0.923618181608915,0.00250846500822774
0.526395582477432,0.209984546994704
0.339445240128993,0.339445240128993
0.897313405145951,0.00743564207051652
0.783995608613122,0.180266444950307
0.105609740916456,0.105609740916456
0.54646990257516,0.124203763464529
0.311794578861332,0.311794578861332
0.762404017849359,0.164008329473679
0.555730308399082,0.202420364728811
0.12628959226186,0.0924558511664553
0.926539806783549,0.308877071354927
0.817351025564356,0.293009641423123
0.329216192874085,0.041836932138987
0.966627866486213,0.361725416862722
0.09140538040462,0.09140538040462
0.236379050983857,0.236379050983857
0.556134961928777,0.0577886501821152
0.201053992967032,0.201053992967032
0.195657024575614,0.195657024575614
0.283480371954809,0.283480371954809
0.841817911895946,0.0850628052640032
0.69035261903251,0.252386070941965
0.0613540878231364,0.0613540878231364
0.536121453778485,0.380545505345886
0.096466117988077,0.0861477007867315
0.719204956519603,0.215084054705875
0.754031118010373,0.121452310023225
0.577141180010543,0.0197075235455544
0.0691337583405764,0.0691337583405764
0.802520069198475,0.481720271592741
0.829248120319236,0.15766603538161
0.689965951746119,0.0408876924935248
0.541821414441501,0.19565654059191
0.287039785990285,0.0578708737739096
0.573666879796502,0.261764423964056
0.1507770106529,0.1507770106529
0.938424237852498,0.0152338045113798
0.444183552616542,0.204135722925134
0.644112674217688,0.082599888612448
0.167734758687401,0.0368888893730362
0.862335022705818,0.222619168360582
0.644518638530453,0.00255576434573306
0.0567215176013096,0.0567215176013096
0.323819035480351,0.0326890934574842
0.220655787845008,0.176971227547537
0.77482389684296,0.485146577366384
0.579073397246072,0.163007859132578
0.643035044552737,0.0368331531304654
0.685494747252606,0.195398569091974
0.737699899207324,0.234160791766958
0.389464989775064,0.00138560029717251
0.0803552081985076,0.0803552081985076
0.428928207986672,0.428928207986672
0.842281919310789,0.644835876255981
0.87847747130998,0.292315740249937
0.753428726187149,0.135689037259345
0.270835476184316,0.270835476184316
0.260003624871174,0.0345038459056421
0.66932271014056,0.00468193923768007
0.345402934199647,0.157878234755964
0.0586182132492138,0.0586182132492138
0.626106669064554,0.393302031158592
0.996125806808644,0.136512893810743
0.631498584032923,0.0552391415936391
0.951755770480684,0.0461591928107541
0.717958366648987,0.342358516353408
0.769329537200563,0.558338614529861
0.440040377799641,0.368208514881933
0.224367430580665,0.224367430580665
0.697289484787704,0.0148480032488244
0.672248825816246,0.521170854435412
0.407566733155564,0.30603244848331
0.638533560491104,0.149820572905579
0.473887174839525,0.0853221386788541
0.931293584537891,0.25101153175126
0.462838470236453,0.0943663803102146
0.188821930107394,0.0373115566720147
0.754929331423242,0.0486687364292609
0.996417977638062,0.467675428005232
0.28629416179604,0.171221306287807
0.833945025718806,0.137542428243182
0.471240641339949,0.150618072119837
0.0723711631091664,0.064896855168739
0.819518954831489,0.0588860859347002
0.520991197063152,0.167543931164813
0.466798130674027,0.00283635549563607
0.716894931053965,0.0641164732813576
0.212828443962769,0.212828443962769
0.755660797227078,0.144395066969502
0.450465423669797,0.0338071895095904
0.101776485030551,0.00532031123036895
0.842438471987137,0.00915773343681682
0.211562444072845,0.190326686711991
0.0131673019494587,0.0131673019494587
0.771480796731919,0.207263240081204
0.286720248358385,0.23524457852442
0.801524891504153,0.138113553203633
0.291545610453359,0.261960100576921
0.288916747630876,0.135476629410699
0.285658099530234,0.113071006154026
0.509433510324432,0.00402561126297385
0.728248347180967,0.529374939731058
0.691321074732067,0.0367385746269665
0.765771803454637,0.0304840508233234
0.0740710636390327,0.0740710636390327
0.453758630978903,0.0308782037144082
0.35195935543621,0.0611111736699734
0.612346107166244,0.143366455965684
0.144305172022977,0.144305172022977
0.997375918763368,0.568466278880139
0.755578205721686,0.128030560978135
0.625175371327635,0.0972298455823714
0.836526356412624,0.177270618041178
0.953808767972567,0.602969819711249
0.309736021177476,0.295508364390717
0.715999078127588,0.0228130505564192
0.825342077853946,0.1923068097225
0.469235961517421,0.0336254220577624
0.999279334979531,0.456446171643228
0.469526514775239,0.469526514775239
0.0783668746219368,0.0506865405832208
0.186885302506842,0.186885302506842
0.494083909598717,0.45283886338345
0.907253086760382,0.0110860807979198
0.486840928913772,0.210563129587701
0.912544942518517,0.405873802940406
0.195745228755621,0.195745228755621
0.51466933103653,0.0214128143417768
0.284518056607445,0.0476242710757292
0.927398775084209,0.0234758047046333
0.194115360793894,0.194115360793894
0.913809262225617,0.0730519743053053
0.818057124364189,0.29015505703723
0.970043070437349,0.0621497333579648
0.306780156520868,0.203965453945906
0.510021242918721,0.1501095586707
0.954988674877918,0.133716055439915
0.31901654458295,0.158144887994284
0.197773799204389,0.197773799204389
0.642628113195922,0.0932799533443551
0.42929768843796,0.316131242001469
0.828345859129338,0.0601666990316917
0.870156910890419,0.0408606120330868
0.433009532801473,0.230374864791902
0.822195142960954,0.329965603703509
0.987811051169022,0.16435770241928
0.5356312962572,0.338684537852492
0.907194265966392,0.0881434382330535
0.763798216495515,0.0709688366635382
0.532490175939965,0.14728705605929
0.247423070800175,0.0439182359394883
0.620807182470191,0.45120231604011
0.956920523083213,0.0556980392445256
0.550105477340774,0.149331291413616
0.328217684393262,0.293291862406701
0.911350960800853,0.166317170143906
0.511446088384754,0.0973501309158758
0.636557117253928,0.636557117253928
0.449168599904261,0.0425518222271878
0.986957101228442,0.222556805245245
0.443921695919924,0.260539143937676
0.0868622887164042,0.0868622887164042
0.378819947171461,0.378819947171461
0.406784583878176,0.406784583878176
0.819901046275888,0.0642079245093388
0.88506997894335,0.323829695818031
0.50633622830779,0.498579189027297
0.765840190441609,0.0665829087227705
0.239335984185495,0.201606107759617
0.376846748312216,0.0361784218723229
0.938153904586972,0.0693589945201303
0.447023914826333,0.0617583752034277
0.135273415827957,0.072572370470315
0.819276230748952,0.114309107790368
0.384320369366364,0.248018128460823
0.556844611884913,0.556844611884913
0.317630852378025,0.00495122587940206
0.090486747321618,0.0301229213507413
0.779625241101667,0.0189058128619276
0.835748350993076,0.0113909679868935
0.29130108729181,0.104790089576398
0.301634166187303,0.104640568334287
0.801480788486399,0.038307556270088
0.867060287609059,0.108381528031325
0.815829895926719,0.0301074815922258
0.479096336610664,0.0768016804233853
0.670359799150211,0.281532746964469
0.494011745553913,0.257588314075009
0.0533518175429428,0.0533518175429428
0.00499772519616072,0.00499772519616072
0.989818207023841,0.0317728923672526
0.521716948713691,0.147199785928433
0.161112157795113,0.161112157795113
0.402712479503111,0.00179189821554816
0.947417130800459,0.0361855794717272
0.25148435669036,0.160371390179969
0.789376322739596,0.167466867086221
0.631074616890883,0.414104746524105
0.173057168062751,0.136595536680472
0.873659714320804,0.346333557414868
0.549789293935489,0.174883091621415
0.84760607414447,0.060451728645529
0.516414534499926,0.433109738743613
0.490143949115649,0.066235616756476
0.764439477201386,0.22618484722458
0.294537166948896,0.00305145047269262
0.91196632669999,0.483163816366711
0.855219770956549,0.32887336873098
0.696844936362629,0.540928427311398
0.709150039107609,0.213360417807944
0.457349910410445,0.214961364359841
0.407079146506919,0.0613802348870838
0.957724562304996,0.276799642825107
0.741062290337017,0.196831174039026
0.918997730139361,0.30092051035812
0.502500787907549,0.160949859657763
0.118762491221154,0.118762491221154
0.595295726393891,0.134807151179269
0.0257800691354114,0.0257800691354114
0.558337760435509,0.293094761721346
0.00345310628207878,0.00345310628207878
0.399265312870374,0.119301126308946
0.141535898072427,0.141535898072427
0.645955048768333,0.200128474868767
0.384802909121209,0.127174436443373
0.44906265029072,0.0899090177373143
0.839522875445255,0.275074167592013
0.782990582619645,0.140291549582271
0.736371044950291,0.289510010289464
0.55699848237538,0.276752843683238
0.564254953974085,0.564254953974085
0.434268903167391,0.39958625777734
0.667441645148155,0.32268466675171
0.224104361324513,0.224104361324513
0.523488742691671,0.212329517987436
0.0484400186775742,0.0484400186775742
0.897209004968693,0.448000971009766
0.488338876212934,0.271347310490717
0.791776343517686,0.109044944424804
0.174542963162505,0.0575659950193559
0.69955959948935,0.0135415450026153
0.973752219561955,0.279082980379183
0.627965256754421,0.221039495653309
0.460025557130291,0.20195101208994
0.810629039490943,0.0107787819376135
0.884369443324993,0.0291577257382491
0.455272029742035,0.126601529035579
0.500316998183019,0.160487594588954
0.87027370449483,0.108828325509761
0.620530181901554,0.102143051568378
0.673720684039176,0.213288615473233
0.678388284362309,0.00448332094529894
0.794144800852772,0.408603055969122
0.990936448765435,0.167389584107822
0.10802945009503,0.10802945009503
0.325211191943299,0.0849842471838574
0.502940746468291,0.0483056038295616
0.551296307999334,0.149621851845923
0.401332526677431,0.401332526677431
0.476092460661133,0.476092460661133
0.183935820850386,0.183935820850386
0.153670767988748,0.153670767988748
0.330280245778906,0.109976328129623
0.633323006458123,0.548903523011054
0.320816151529432,0.099926299408451
0.423748564293036,0.246433793810551
0.420459954113259,0.231334005352565
0.400806126768602,0.400806126768602
0.261990071693841,0.215365307894648
0.960785931608227,0.10903407676115
0.355202699340572,0.296828721620965
0.209331921338632,0.0366705012096068
0.802753116850949,0.132450651062949
0.442589520850652,0.0963173232620083
0.396909076920707,0.319598983890545
0.180566362639239,0.16715745501548
0.62653763761364,0.0512218806793123
0.179447116029204,0.179447116029204
0.644208775086527,0.428257316901116
0.707089000664111,0.122243177930092
0.867142473467946,0.0186002958195519
0.565092469546786,0.316631104756796
0.417051055339699,0.417051055339699
0.442436040534481,0.198556967316857
0.263772503035491,0.263772503035491
0.520396912703789,0.153572960380607
0.209459534728251,0.0175922866189508
0.732595069324761,0.0377050401566128
0.819430837120063,0.0374097882508182
0.576738671129069,0.552565855987999
0.833102721984264,0.129620555315212
0.051656385353278,0.051656385353278
0.0275673942094759,0.0275673942094759
0.264535556855486,0.164100532500684
0.055174175057028,0.055174175057028
0.0874682936676241,0.0874682936676241
0.037215531420103,0.037215531420103
0.984925576175295,0.567903889800706
0.613269925466109,0.220836663929514
0.121809800499597,0.121809800499597
0.816518050438309,0.261734292551131
0.410650103437111,0.326955136765879
0.491629000124561,0.377411334126159
0.535263386547801,0.279761253855192
0.00210874883856874,0.00210874883856874
0.741502606138136,0.0269034015468635
0.874220450532534,0.0543434420951704
0.20969223196544,0.058622936197494
0.780968943816979,0.191656285262836
0.447678156225868,0.00690818463472157
0.845677363077976,0.284566463966536
0.340819134888512,0.201141396790182
0.693954033847727,0.0286505450737817
0.920024638129305,0.264484070718302
0.39749360583147,0.39749360583147
0.480459080675206,0.182408792012596
0.25188234601435,0.175809563683164
0.0180163744324141,0.0180163744324141
0.0654219892690102,0.0654219892690102
0.737945349731707,0.120466310441415
0.28296193124892,0.222573014527707
0.133763670994759,0.0508074717028824
0.0506411866624844,0.0506411866624844
0.179829055466996,0.0401878056343415
0.781422310410806,0.0602135655631653
0.213989885885915,0.213989885885915
0.0624780942184007,0.0624780942184007
0.000136832338879688,0.000136832338879688
0.925960151334746,0.54166698198968
0.69004176870214,0.285996204326204
0.67782191329452,0.315274607636664
0.756775769876696,0.322437574902992
0.811239467347286,0.425251320563864
0.990717321807675,0.0149319968524152
0.576260736868625,0.18110997427313
0.332543784304063,0.0526611948428571
0.400383982927708,0.400383982927708
0.853819003643697,0.259581812727149
0.985705275273133,0.103212862758767
0.396182493566776,0.0819905836688544
0.740091503353725,0.0691040053756599
0.87763840435202,0.101398341001928
0.620536762979208,0.551556174490113
0.640419522986206,0.277463958427242
0.950707289313437,0.177174066421636
0.0469787589367658,0.00379361889547519
0.944121412764189,0.137715116671853
0.435252812128998,0.369347114143401
0.884832281378996,0.0698889401352616
0.73452509101327,0.368759934462717
0.703794851226739,0.0244184945035006
0.777829368855106,0.267128387933296
0.692364290769852,0.321055431592781
0.19479500587551,0.19479500587551
0.695305550451441,0.170224059621899
0.343218749260176,0.0102744349818075
0.820624936266213,0.273968081701516
0.200265832395748,0.0465871710233408
0.656447565045262,0.254811442460684
0.559341664677105,0.0670630357713751
0.0127997348969107,0.0127997348969107
0.275639045768023,0.0893015255497805
0.791337645297668,0.141970572029307
0.649626610110624,0.0513030695762671
0.179543679634959,0.156836294938635
0.0108394377251401,0.0108394377251401
0.826238970028714,0.268383740284106
0.25109654075504,0.10554158051443
0.252659855796847,0.0597605948790799
0.177217389134174,0.109659570108904
0.827427685382863,0.0377746142014954
0.688625034253403,0.011579779205069
0.261789984345149,0.261789984345149
0.381785928027412,0.0216730349610012
0.644745078063903,0.359512729619007
0.868846962607649,0.160118599936816
0.8242084038351,0.182926324423311
0.456049910505894,0.324004776839082
0.557526154044463,0.284084997678846
0.355068152890621,0.348910484148582
0.777752352528654,0.147552073110513
0.489632026555059,0.246381823246244
0.105096010527989,0.105096010527989
0.725121488432853,0.229270118776659
0.633550328355183,0.0311982421925077
0.960444595864462,0.0494263918773664
0.918084704815559,0.0952871322857887
0.409654927786885,0.409654927786885
0.299722425188879,0.0732327084316634
0.547137241984592,0.124246025463895
0.636814358942035,0.0178388706735853
0.139946776878556,0.139946776878556
0.426549038743225,0.339367663826077
0.0974534736444039,0.00297070813566184
0.229247560605276,0.229247560605276
0.0198640875137939,0.0161045153910969
0.747588597533268,0.273446206407226
0.477086379552365,0.0250730327572944
0.937245913370029,0.0463132518718961
0.349789720158455,0.349789720158455
0.000848316749550887,0.000848316749550887
0.55337523900217,0.0691315830719847
0.0472814631141048,0.0170226723035509
0.917115094738819,0.410620013310592
0.500422014129494,0.0453114495760487
0.790158327632646,0.153926783452619
0.737412295292689,0.737412295292689
0.815761405470015,0.0880278094604613
0.951149212814828,0.013561133069128
0.872923870743346,0.0211302909063021
0.249876262742199,0.249876262742199
0.9859458672974,0.122722994511393
0.389181683281792,0.255712148700464
0.902313130747363,0.214724565172544
0.430654531360501,0.0562287719984201
0.487702171966901,0.0579740409757182
0.23107354840216,0.23107354840216
0.523312640786653,0.0637899550420601
0.957789052914044,0.472843170649322
0.825073312333219,0.140059173301167
0.718040588849822,0.149482742370807
0.575131402584642,0.20872240188557
0.377337562388572,0.0567707614452649
0.267141962442726,0.267141962442726
0.712507531500375,0.0577420310976528
0.870710051462791,0.171831516845254
0.714116831146667,0.497346501938868
0.233755933593228,0.0482515031691262
0.307059419742845,0.307059419742845
0.653942947179854,0.00784693039696719
0.709325504004865,0.207274819051312
0.71246789527825,0.0777914000552801
0.956999907119768,0.197974829526624
0.0825818218181067,0.0046139437003145
0.300797100212347,0.166613861951146
0.0751515349142597,0.0751515349142597
0.449472739405072,0.449472739405072
0.194288836898046,0.194288836898046
0.274933126685055,0.115992739723869
0.734896714146273,0.0296508221701026
0.391144193568942,0.0348731303604688
0.794952248487068,0.272237419605884
0.00846219696137466,0.00846219696137466
0.494957363349448,0.375585020457249
0.244666297918341,0.244666297918341
0.959252281637928,0.200429197445061
0.443846836943529,0.443846836943529
0.937075238744041,0.3218770377441
0.822401336901535,0.186266602039801
0.128709004548069,0.128709004548069
0.556109081035838,0.0120381796574672
0.585772620805061,0.585772620805061
0.909959745772161,0.496841234685534
0.74592258303994,0.309932087958229
0.125918435584166,0.125918435584166
0.918352969891222,0.0388733953000627
0.432971600259004,0.221091164368395
0.640159320548686,0.331608088056095
0.725992506644447,0.396020130483246
0.935213587214867,0.145860750370038
0.776289199731396,0.532732103739022
0.0990897898238495,0.0990897898238495
0.0567849206996322,0.0516355035186029
0.996178856357311,0.168835756647897
0.743317973487935,0.613251422232161
0.277266703063033,0.211406557957018
0.299812406077953,0.240089567181188
0.504711468009144,0.0740541712595004
0.395563232385635,0.00663778097998411
0.176485395397939,0.00387160215865332
0.500109928811185,0.355209049282011
0.698455435923034,0.0730901679352332
0.0742745433871502,0.0742745433871502
0.507809111235809,0.435633056870792
0.470650385876734,0.161738288279929
0.688754197646896,0.23746791872221
0.873293482314244,0.0461236143625294
0.242507828745248,0.0811048427691634
0.691853125980784,0.472686248153205
0.664120501794827,0.247118368089909
0.0869776375937182,0.0869776375937182
0.327361500960093,0.0110071244700175
0.994561849237399,0.165744816545159
0.46015160832905,0.0640956315583976
0.178100368276773,0.178100368276773
0.587610345271387,0.10554942213966
0.0729817974500599,0.0137062717888224
0.780009576983593,0.169053855941149
0.729989657864873,0.0883165612210386
0.999916617207534,0.0250207276338099
0.641059970500674,0.176464849138734
0.973279001868078,0.02819370749552
0.935992635837714,0.107334302558658
0.375378556693598,0.040720605010843
0.701925083697671,0.482443510169967
0.474338783489851,0.474338783489851
0.706342332644803,0.135213381822887
0.212849513446839,0.0062672381928084
0.179041747716227,0.0899983660840363
0.362091357499301,0.106607354031347
0.229475317500201,0.0948192269023475
0.447959904066636,0.0534737306857964
0.21066723809163,0.145473136571742
0.425337183172545,0.425337183172545
0.88059142800774,0.346845819631479
0.178620538478245,0.0630246114997442
0.808959805662579,0.0573430705927281
0.915917082158916,0.0231220067615642
0.553744421378384,0.0610945590288359
0.521592956269232,0.142455301584521
0.420096276369472,0.420096276369472
0.712317429590516,0.032692253117881
0.925209685121607,0.160949730377952
0.120161870322669,0.0767771367211382
0.637066133306314,0.390859951463751
0.56489422798382,0.0916009232289295
0.226171148827657,0.06202551798012
0.240151414139999,0.240151414139999
0.209324331078264,0.209324331078264
0.628285375283077,0.536537928653149
0.454075553771487,0.0420066988880084
0.776616162667677,0.146112376459944
0.334112139022589,0.10631465588178
0.800135888438711,0.113300288356214
0.216392157719926,0.136802357665113
0.402800806178726,0.0697805127902766
0.559763734871114,0.269055433281809
0.126320775281638,0.126320775281638
0.901770171051375,0.0387996257293472
0.588540310482784,0.387005028104718
0.703637955115676,0.0985122918799592
0.630766969620116,0.630766969620116
0.330673144566233,0.138380805960893
0.132427203750099,0.132427203750099
0.312515046304913,0.0875777327051991
0.520217217022589,0.0252888862366528
0.818617187137846,0.558496753292964
0.86081623711402,0.211767905889727
0.695221041509434,0.254533525270459
0.526524666392255,0.0238697594583663
0.129517815171729,0.0608396627392298
0.485374165042791,0.485374165042791
0.103187854024978,0.103187854024978
0.336717967299356,0.00335821383735992
0.158482689864461,0.158482689864461
0.298856446246511,0.0252150329171216
0.464546690008036,0.0793050962962626
0.964946505957426,0.0691303292565154
0.737892628520846,0.08293433955249
0.152956625337066,0.130832977295547
0.825928938838736,0.000127341661677178
0.393245731244931,0.334178185415158
0.647781385278212,0.647781385278212
0.700442415846035,0.453990847603097
0.956753550436842,0.100383366145215
0.469896994126409,0.189684116368993
0.10411312376014,0.10411312376014
0.438581581082695,0.0165512255055337
0.755304372276199,0.0366611184747187
0.556182075789967,0.466723374327213
0.105822984532157,0.105822984532157
0.772394458039687,0.382483493587061
0.0127251196590769,0.0127251196590769
0.90544468456627,0.000125155358747458
0.29216428632534,0.160241277632934
0.686005481163312,0.146027900189697
0.737752125238246,0.197495505528907
0.779461316333224,0.0250791407603596
0.412204532630434,0.258677991272644
0.466302822344964,0.380739044562073
0.335884090838546,0.231514850666677
0.425239109614498,0.425239109614498
0.756661954515674,0.265374981237398
0.384420082136999,0.144339011344313
0.448100196869977,0.241243934987779
0.607866197944076,0.152808872275021
0.721954433021152,0.083997508521056
0.0492124475833476,0.0492124475833476
0.678917804989996,0.00118562535242656
0.440125989081877,0.0746555734385861
0.608975771170677,0.00311430895911
0.171899226989619,0.108618078615792
0.215646845777742,0.16773129194429
0.067273677215445,0.067273677215445
0.379101222346939,0.0196916447178361
0.672497207085449,0.0344493847363988
0.143272379460856,0.0273618003195507
0.978873676442111,0.0415318734593662
0.133219104443734,0.133219104443734
0.785255163355431,0.327700868563947
0.0553197584435882,0.0553197584435882
0.50021077146432,0.0113621506828736
0.918633470587718,0.257184196804105
0.688544594442509,0.461425415034853
0.652704205748232,0.293891442536872
0.744251702162274,0.640231337879935
0.822376569002748,0.358978396395963
0.836264867309748,0.0858376591760562
0.0947152552310313,0.0947152552310313
0.564118214436872,0.0423521982396565
0.844338252810756,0.4531603577458
0.806106436118882,0.248181575515117
0.492195024646664,0.0132005050205195
0.48862303932153,0.132838983513013
0.939278018638069,0.244230795484095
0.851803940903818,0.279128018837804
0.694834907149445,0.059519581605841
0.664211491302654,0.108872309653884
0.620219556373491,0.182772541387047
0.260711549284517,0.202861600103104
0.426634978777097,0.259124245893285
0.215600182680596,0.0193769487067152
0.563468760394292,0.111263715994301
0.0463706180166227,0.0463706180166227
0.535998289403956,0.114277978993464
0.571695337062603,0.345172477471542
0.691781396377597,0.256770449977341
0.0187920230584384,0.0187920230584384
0.49600906132301,0.0760656742372865
0.815389896405553,0.0675150175450582
0.506684359037541,0.228571277144775
0.690511620391265,0.27919513192405
0.611373253194144,0.499311779982835
0.0128592381415287,0.00470381802634386
0.376165972110549,0.214985486322124
0.724751390741729,0.00282287648888077
0.0406354985025467,0.0347961233773519
0.556672108071199,0.109396640360747
0.588632563976999,0.0957643798337457
0.248537242368757,0.0761750117416428
0.520112359843282,0.340481568462894
0.279759834637524,0.203374893143936
0.0545577721073709,0.0545577721073709
0.595965591115249,0.369888783733078
0.172582648961604,0.172582648961604
0.0536717357164407,0.0536717357164407
0.342444325464033,0.193945880324674
0.392800595061137,0.173477009805553
0.215005819750523,0.122103423384736
0.180678382841517,0.120504094566406
0.499905041643742,0.257354765353891
0.243193006535185,0.120310921670276
0.412548489203757,0.0273818839346561
0.5839916496791,0.357321794320199
0.493388247632067,0.073797550796449
0.343809694027889,0.0535736355918758
0.165919163511974,0.165919163511974
0.506805534577076,0.0760415412660563
0.8575720818221,0.112436344677946
0.754098074862503,0.0402343345796679
0.621706731402785,0.141252037400226
0.7258644058884,0.0464148031886784
0.592604448466435,0.197148252637482
0.760692230256808,0.0971723474626653
0.752377767055952,0.017949385460309
0.851345891198,0.489257821755037
0.536751682998149,0.256129470438283
0.281170903331313,0.281170903331313
0.887704361857159,0.356456634153471
0.662610258906828,0.632847601701974
0.939301896294162,0.00329733495450303
0.187133140205892,0.187133140205892
0.416761147098589,0.314180713649294
0.768284460347264,0.348351869945037
0.748781865463563,0.150294084096443
0.576818067046775,0.0356626741239347
0.560334226060815,0.31784522883545
0.151111278112272,0.151111278112272
0.942922124184219,0.319095963227861
0.0187608548995028,0.0187608548995028
0.597599794383936,0.0083922549909155
0.137090353730317,0.137090353730317
0.246373901987954,0.246373901987954
0.397746538515317,0.397746538515317
0.84097069386304,0.12493383214632
0.291976938543398,0.275615811028645
0.776006030676345,0.24160273153684
0.949622844711549,0.129432552850458
0.952297977530244,0.551500076263985
0.345479911008418,0.178842100169828
0.994708995454307,0.206247124232268
0.452409398599973,0.0622099597619707
0.830435013367654,0.0372129052923684
0.656862979236912,0.121301148942009
0.852112591740198,0.324073712935432
0.104543197141841,0.0627024565757244
0.79561169171302,0.456957049725824
0.365230439060009,0.112830782010717
0.0726640027816187,0.0378543814481148
0.993056496635853,0.183344948454228
0.5104902920604,0.27694547279257
0.337570863985217,0.111112438424102
0.349336096606015,0.0774630538455596
0.355289548899037,0.0804369973041528
0.0561933271455722,0.0561933271455722
0.967271750895714,0.0361005984563447
0.615842515260391,0.29412779082498
0.989449704027463,0.00800443606396289
0.209772957282166,0.177491888788857
0.550100203516472,0.102137443874826
0.893593301435119,0.020261756145611
0.477502442636164,0.168789715519023
0.418966482735422,0.136428548403296
0.333674978958986,0.0280894322078897
0.272775188034112,0.172679405580568
0.930115819848834,0.105876728634953
0.650673438169984,0.0865571765836438
0.183545537359354,0.0227682564368963
0.942109108585846,0.131547465434538
0.558320517086973,0.286264115676738
0.818789250599342,0.132287560588754
0.813537157636962,0.000504326454687856
0.846299717672472,0.144997795141177
0.675557116102199,0.28140009242551
0.26431419050845,0.0440116719953531
0.14360152950361,0.14360152950361
0.922727603432594,0.0365854277333543
0.633178296917154,0.0723234816973581
0.87538918989296,0.0706602393950959
0.645785642282327,0.224333404313374
0.0457317649482226,0.0457317649482226
0.4420855901718,0.0652370210123284
0.915663624613812,0.0325011709203509
0.387222472800677,0.298467322342517
0.315479936909802,0.315479936909802
0.300576267383143,0.300576267383143
0.522910974889937,0.353048505277749
0.95845282463939,0.0835990451824494
0.555060670953006,0.324483131413445
0.965334588498635,0.0492925799491674
0.972282434349736,0.692527672265145
0.551608352152926,0.226461859924856
0.577177198990739,0.204958185532169
0.301974165982117,0.0678670155610267
0.440423482922788,0.205952454747912
0.518664231491614,0.518664231491614
0.303151740222871,0.179019944089294
0.270805576307083,0.270805576307083
0.679735935504455,0.176373696619132
0.485153800504598,0.0594870277641043
0.250922369774064,0.250922369774064
0.297028585963741,0.284675094118266
0.499445452075678,0.049348184585174
0.462518508189954,0.180360026671704
0.7619092838456,0.0505238849760163
0.870239450170726,0.0210124138148519
0.516968100815477,0.19392886361933
0.776859175023382,0.00267656558327413
0.766737120834201,0.111498290266688
0.902736876194832,0.0444190296936838
0.81384748945685,0.106192171945725
0.00699083190844545,0.00699083190844545
0.843580099742717,0.231725694992896
0.426795591618645,0.0972978411036557
0.125486403189252,0.125486403189252
0.860084103957867,0.082522904017043
0.226994988410729,0.128229690720362
0.280810749578025,0.280810749578025
0.588241312417089,0.22486027116422
0.280106150063941,0.0506461602773644
0.773940163230391,0.15873254662772
0.782967708858859,0.232039953271128
0.0908036434530486,0.0908036434530486
0.0155353672474082,0.0155353672474082
0.460406030094205,0.0495748800911304
0.0289165935801043,0.0289165935801043
0.519512392937635,0.519512392937635
0.250137492939324,0.0385587650723722
0.394470741416391,0.132803862108236
0.418868818338403,0.418868818338403
0.725756860326983,0.221416852217881
0.0843583898465485,0.0843583898465485
0.608680602927379,0.108045720510192
0.433609466225998,0.145543556117348
0.597008751951016,0.0954501057639447
0.560858067091104,0.0144476908498524
0.238697237900139,0.111588041193741
0.251836520427056,0.0665326777809931
0.902085169703075,0.0937089451303931
0.00437158623523456,0.00437158623523456
0.837927156652999,0.124461003043016
0.134927287288193,0.134927287288193
0.306938685573783,0.306938685573783
0.28354667864309,0.28354667864309
0.0946100736973032,0.00177616610934747
0.25074743275025,0.232408415551643
0.503962193760049,0.0845478218673763
0.0704344412849519,0.0704344412849519
0.933494854671726,0.229527189934935
0.000902774228816547,0.000902774228816547
0.2469993373889,0.2469993373889
0.685146995837155,0.0543104614998121
0.730519199791625,0.564403047759276
0.048475737339679,0.048475737339679
0.022896346705945,0.022896346705945
0.651783962699939,0.208144720604055
0.801419135319299,0.105144229961849
0.445014900072661,0.148432070534311
0.731277460167441,0.121129805248038
0.56241248443041,0.0602309995811618
0.713056436549943,0.129385035002066
0.376335158567411,0.190954676639338
0.682643455565607,0.523012157699688
0.0730258388047413,0.0730258388047413
0.54160539476615,0.153089731860159
0.466610043185806,0.466610043185806
0.217501065164761,0.217501065164761
0.236670500383094,0.0871092366539607
0.0483874907846703,0.0483874907846703
0.776637931096412,0.290769195799846
0.152462179068892,0.0106424276548446
0.358978392386755,0.233618784994824
0.89615484813798,0.261717568784514
0.220823588738998,0.0106682585493731
0.641508443427327,0.389148831760479
0.541196980299138,0.401462508877614
0.385374929962431,0.0592342916123446
0.627811877985153,0.00735459720012701
0.409663590351143,0.315503236433277
0.0485526770875632,0.0485526770875632
0.941356048666135,0.272832909117328
0.619958107099527,0.264060290905674
0.462698532141771,0.210773205541445
0.652846478898968,0.111080153822987
0.597587622424895,0.105226197322812
0.969771564854409,0.0278346787302716
0.557276124981692,0.373523511173029
0.0956070242162213,0.016536073051016
0.288600583675037,0.288600583675037
0.0499404735855053,0.0404265796986712
0.986820811815008,0.0392718269530057
0.846418040137395,0.201621064046871
0.0614865399483994,0.0614865399483994
0.449338177657222,0.209110100293297
0.585188588416934,0.306378524235671
0.893141049002214,0.13168378491371
0.705499172866832,0.168880944114294
0.782085292260185,0.354472644299759
0.869088612789853,0.0890001908973319
0.970010042394646,0.0167020590884315
0.74772657764677,0.262768272194364
0.68084716542134,0.531830588637125
0.894918696077396,0.123620388519285
0.731517446110257,0.255898064643573
0.788574234603616,0.177429029602737
0.202984121632911,0.123489424706914
0.447340235353435,0.3554521027496
0.677623915908573,0.0588069541410947
0.212113444578887,0.191889338817999
0.57122038283689,0.163812065317436
0.895836675575566,0.0516043593607453
0.178962484424303,0.178962484424303
0.892759677192382,0.254654095059879
0.432311838495401,0.142081893897194
0.543004990109732,0.0387947177209578
0.44574476997616,0.217487000842899
0.755937248981186,0.736779661929917
0.781637924054293,0.571354824801725
0.285702397107334,0.158815957163903
0.287474772126171,0.287474772126171
0.351449992807483,0.273460225449429
0.486558287624249,0.182879044031267
0.113698047767641,0.113698047767641
0.368734422813764,0.00222316327831755
0.654039220769322,0.126493466648817
0.149205270872194,0.149205270872194
0.357355264769273,0.169848382173843
0.460626639903976,0.0146827077166885
0.6092621258972,0.573121157818804
0.30078055792683,0.10232167983656
0.26187944825695,0.0956147022390826
0.820648725213741,0.0463528848041063
0.569444871905241,0.0419316537548865
0.71384376790001,0.121262270699391
0.40632914614111,0.199494986220813
0.61171894013728,0.44423135296115
0.693169634304393,0.478629062542402
0.419255875190241,0.409749121564223
0.947999115655508,0.211409328485682
0.929053688526376,0.370114131562019
0.739254062112368,0.216617256118888
0.555679042410354,0.0149591128851119
0.340627791433475,0.0041694930870459
0.937266135584921,0.152013495835377
0.350999874133381,0.0174188987655662
0.112214500626062,0.112214500626062
0.0724015487040558,0.0724015487040558
0.334679778324257,0.25733237702285
0.71996468399213,0.196969108798437
0.930218817103172,0.200110050016848
0.279473357781746,0.279473357781746
0.0594243429366684,0.0594243429366684
0.821316566420175,0.01789409823781
0.101608543669109,0.101608543669109
0.429205114273393,0.191890978321683
0.427467586335439,0.427467586335439
0.507202651165917,0.262176481024325
0.272663355477018,0.162865160847632
0.933363516551698,0.0671111161636984
0.938015487669581,0.465922707910423
0.429396583683403,0.13835243390257
0.761664324167914,0.0773262803159537
0.200517401788491,0.0431576507742949
0.42568399579753,0.344810252303559
0.49814096593823,0.168216668268334
0.591713461109346,0.029933367272803
0.448374167833369,0.0772091194200631
0.746986523446951,0.135753619030631
0.979034969351138,0.0325307762731255
0.79230194114204,0.106131145489973
0.336828118900585,0.28968371671513
0.0629734520387657,0.0629734520387657
0.0734719659732815,0.0734719659732815
0.533223655397011,0.140010212033576
0.092981715925763,0.092981715925763
0.496204395410293,0.177255781275868
0.528888572122628,0.226545064618486
0.459213239255182,0.345202258712754
0.629778136199889,0.0760314379073286
0.8012219128276,0.157100193840516
0.00481203698691968,0.00481203698691968
0.170862768816168,0.170862768816168
0.903673627910866,0.313625221783412
0.329479775244556,0.191873671598571
0.205334542810246,0.132509214860691
0.010189422975672,0.010189422975672
0.500548227630624,0.297475350460537
0.0905307178996254,0.0905307178996254
0.8156489698326,0.0880229606665821
0.379543703265756,0.085441770072452
0.398435090057149,0.207081807877463
0.0774146754528606,0.0774146754528606
0.00112613355100408,0.00112613355100408
0.544134988267442,0.0867270067293829
0.677361624992256,0.408677175249252
0.599307635445798,0.0455700101566324
0.65034737998234,0.30592957416074
0.732540212398452,0.130711681774883
0.899754220254787,0.337254682453299
0.300896858718236,0.244628061082034
0.68597605954984,0.429957867655139
0.726569102757353,0.00262148677496688
0.98542143638224,0.528115051965661
0.861099684854416,0.296886883072782
0.412502764532117,0.251968803501221
0.729724126612924,0.254987076417879
0.35700253108775,0.276638633466669
0.808405218303076,0.0184614194290967
0.0751846336627924,0.0751846336627924
0.367408125901612,0.229465427962933
0.90261250117269,0.3848956431419
0.198213016681874,0.0958130050371325
0.19940249652249,0.19940249652249
0.625053410923052,0.363778334058799
0.516242762877113,0.187394653931684
0.497397481717656,0.163183884324245
0.277429488103395,0.277429488103395
0.471894896491541,0.0046300666273826
0.0323110225595401,0.0323110225595401
0.0912296502977782,0.0912296502977782
0.530731398172811,0.379424162534897
0.203175896158552,0.203175896158552
0.314057358598902,0.181914664519869
0.616527646679809,0.204840064144014
0.99138782549422,0.219150736443338
0.337021215541079,0.035517374501082
0.41297730916813,0.328175492480491
0.111816698917616,0.111816698917616
0.724545986552575,0.0392397279818041
0.00295819152030125,0.00295819152030125
0.497220462200188,0.089228118144403
0.0360868683507705,0.0360868683507705
0.216237388584515,0.125146902354481
0.401680902613251,0.401680902613251
0.839981339986772,0.305839870200262
0.738145217018008,0.176741356629402
0.950677532663092,0.150723629742366
0.488958629381367,0.179739649151397
0.972126173876464,0.22629740998764
0.898582351055863,0.00165327900067975
0.464594838841008,0.424816837710935
0.393444197055221,0.332448555917954
0.344931406708276,0.344931406708276
0.478736655280643,0.30057502700047
0.337813704988962,0.271274304256559
0.187173604519381,0.00073075459291743
0.105830676649784,0.0452273254132282
0.871707745285463,0.242959981499333
0.547982855132832,0.161120185368912
0.274022691706665,0.274022691706665
0.118963248172824,0.118963248172824
0.96839367839542,0.0293727807781781
0.97669906190004,0.361407700671085
0.959175191734255,0.116035552057201
0.0058596167686941,0.0058596167686941
0.754347450439118,0.164235887198138
0.638989278451602,0.0827802238065944
0.434297732583737,0.128384556274398
0.360068713009633,0.00241452362786546
0.65802946739111,0.26357192038875
0.74607569784033,0.0460397730301966
0.143823981649894,0.0134778193630231
0.0538919422001922,0.0283343896556095
0.918378215154287,0.352391416325025
0.261340210941552,0.0643827514723689
0.253608891127854,0.253608891127854
0.400731026886698,0.228864988599238
0.721450130748301,0.370283891806848
0.514055039455096,0.0817040565767606
0.726888358563863,0.0603524239265487
0.923609435519729,0.0423071383477512
0.185688087284683,0.185688087284683
0.950542098023847,0.0469667389730186
0.721915240892636,0.222860815140671
0.36963541986043,0.250860200621858
0.332609481777197,0.332609481777197
0.464449166767744,0.249066143992691
0.0191630742900847,0.0191630742900847
0.981888441520461,0.634693136129713
0.980560031064404,0.141219619762954
0.729170215203162,0.292025595656024
0.530984101222264,0.133973861852596
0.0540986561901297,0.0311046991280856
0.34350351165009,0.34350351165009
0.0402789272125136,0.0402789272125136
0.646524819156001,0.0177956548134048
0.506831160701995,0.174333299985236
0.955082468554942,0.112156233330116
0.525851808720191,0.181770352712066
0.0486945690894844,0.0486945690894844
0.294221338229667,0.16824690554132
0.840157040468009,0.432237258793979
0.540513998967033,0.0631521693435959
0.724380993557647,0.019188593230986
0.0836290641834596,0.0120575834609643
0.864205287317819,0.0153474457835188
0.863193078230239,0.404082819858123
0.517186925279898,0.151465421086297
0.133474484431809,0.00190863914780686
0.693437376571862,0.625005575256474
0.98251980247605,0.0199814647067543
0.594493623935995,0.199774884461651
0.685121273104313,0.575888105029092
0.368195429893616,0.228549676567452
0.782962512640413,0.0671479199536834
0.933441104207232,0.423586868014321
0.397944164793357,0.0566150497670039
0.792509055755696,0.149383632455147
0.91602405946799,0.151390063385537
0.914553452873451,0.276249599645469
0.295348149183432,0.295348149183432
0.381604656828933,0.104611601066366
0.225398984530163,0.0071225954424552
0.461820777409189,0.04147403843866
0.315819225963117,0.0388930722278161
0.831391866210158,0.0415907327431366
0.633027286485681,0.0776569154678904
0.550380369951255,0.0222102688598792
0.56588023531666,0.0886226678950969
0.0407860094791282,0.0407860094791282
0.571617219747686,0.0356605412427411
0.431273277804151,0.0490266560665555
0.507017604810249,0.507017604810249
0.0951082149747276,0.0690044816415922
0.0488650283488848,0.0488650283488848
0.618905531617612,0.286761203768205
0.107267040438294,0.107267040438294
0.468953387924575,0.163734875141542
0.637276954308558,0.0419149662518378
0.244434868417894,0.0602402662453697
0.436332839418148,0.436332839418148
0.303645001479528,0.0192780193788659
0.67455516447627,0.279439121531341
0.499568950117019,0.0252535803811347
0.790536329966303,0.263054078048424
0.479030500009899,0.0670788957140059
0.0233093266795967,0.0233093266795967
0.802424808431868,0.541007301092652
0.224809046801701,0.020674601445738
0.222636294148579,0.222636294148579
0.226953838367067,0.11439309547205
0.211768043156568,0.211768043156568
0.759599385296233,0.233749448944943
0.263613377309094,0.234120705014508
0.216095491861811,0.0223607323829811
0.706249889307657,0.014126051169728
0.875835791598514,0.554894737323066
0.00521279416258728,0.00521279416258728
0.632010759013763,0.632010759013763
0.712887646891673,0.032518848695836
0.834826556785949,0.0768893627232342
0.0627913959417523,0.0627913959417523
0.485389970836429,0.117287315578674
0.661746412732264,0.245635954311344
0.564745651201202,0.177445307043689
0.111787243120041,0.111787243120041
0.442094454426997,0.122135732039492
0.622648708740029,0.127335709174993
0.238157691234981,0.238157691234981
0.922381459707197,0.209387759407797
0.771190135957046,0.0193489654303953
0.0232615729516867,0.0232615729516867
0.843814968376028,0.369758478109387
0.434890070182247,0.0415495234808061
0.546234023078068,0.18152103470174
0.306050342992056,0.084591536230399
0.61604251995513,0.141138043655608
0.414293003276402,0.0119153033035557
0.594473296728975,0.00474341961338335
0.864724231427318,0.25184120611102
0.33780457070377,0.28740376665785
0.362097043574313,0.0971463839905681
0.351322601285271,0.107468723881316
0.252911811867025,0.252911811867025
0.224526385383819,0.163322641628013
0.699959712177224,0.0410918208583819
0.225877129248823,0.0872358863703795
0.913951837021987,0.497196621180348
0.188965191057951,0.0677177528686434
0.767821286314463,0.537145010302563
0.572390666916109,0.253126742904785
0.131789431058097,0.0722083437529089
0.260502987901261,0.260502987901261
0.688127381707591,0.10992247338888
0.984499275364524,0.475295121396078
0.778472908966076,0.0543763044189929
0.90009713594321,0.138802387275283
0.525234459547652,0.0398222194022239
0.603350365159918,0.265939766260404
0.698740068265381,0.0872892713189926
0.300297186632948,0.103220103885042
0.943684419109727,0.159290135199357
0.18485081665873,0.18485081665873
0.104787818923905,0.104787818923905
0.920243350187024,0.146530937589074
0.0217646045544029,0.0217646045544029
0.434424240012293,0.00256768585736327
0.573576475804933,0.158538436569961
0.0265757260959395,0.0265757260959395
0.313759267914933,0.227977653999771
0.98027649196655,0.0947565381561199
0.540581498350141,0.274763608826695
0.557404931754544,0.209776831875993
0.244409002134898,0.244409002134898
0.501679795253831,0.0396749864531987
0.811418143869127,0.101949962710864
0.888111841731748,0.295414206799412
0.372153021628175,0.237875561586795
0.0630532559818382,0.0630532559818382
0.72759813260296,0.112504314539286
0.418259784155469,0.0586246543428434
0.190775680456218,0.0396244145358403
0.824461744592674,0.246258001021381
0.537103602120601,0.200270741108064
0.984036579516428,0.286576864419432
0.454170727174057,0.257198490496402
0.821975137609835,0.0207384764595914
0.245506323864396,0.245506323864396
0.508151746301577,0.00665504341755477
0.228320542646159,0.228320542646159
0.195618580985005,0.0524124711880482
0.469752373854991,0.0692339904627958
0.311411478105331,0.136661241402719
0.94374981710971,0.0581264805051517
0.316949239882753,0.0877600261790148
0.8204562751407,0.479185394628142
0.350584717329113,0.33753446903604
0.663857912037214,0.108770580229273
0.0135214537103962,0.0135214537103962
0.913624708616461,0.0532327750834585
0.733407449619092,0.682501376224947
0.0695208201098413,0.0695208201098413
0.554688748016605,0.303384966290491
0.734607678171765,0.014179598557863
0.503769984568467,0.144949748270335
0.214145402632565,0.20742147823838
0.38712370142101,0.153991486186837
0.224126537540637,0.182946410535311
0.962053574385408,0.233191710300356
0.131467335262267,0.0479654814229384
0.390876347664131,0.134241977624004
0.241483176954467,0.112212768699187
0.153058081495552,0.0266523437032373
0.369309594844709,0.369309594844709
0.577404457038219,0.0301859110544875
0.671457415486423,0.187503884187913
0.887551636614807,0.0364148140999565
0.95175894973213,0.528941197119396
0.234269905959191,0.234269905959191
0.85492709473813,0.183746033871789
0.474054669754612,0.0635427757618482
0.609745527858755,0.132806406778291
0.73194544649864,0.0836541961560819
0.657589634723589,0.123867586605778
0.838059821644973,0.0887626462954045
0.77991162933423,0.00800492047114441
0.739004621395642,0.106353445545555
0.406127413387112,0.406127413387112
0.740695330001883,0.0760554176528594
0.0134343437777924,0.0134343437777924
0.582514698338559,0.471506649651592
0.5133379232785,0.130567209139911
0.559834834413682,0.0226965577876413
0.928888167468804,0.453353400766773
0.134678126743208,0.134678126743208
0.9221648291378,0.0803698873121896
0.0992025873052219,0.0992025873052219
0.0337658620266011,0.0337658620266011
0.305742786248441,0.0830029618686062
0.892858996726738,0.361562484424075
0.617813881546749,0.0718718170593086
0.717997324864255,0.107675437361217
0.232236359201189,0.101894411912027
0.783629232898968,0.0457589700573813
0.0116563257951935,0.0116563257951935
0.342941849585011,0.0595818921810931
0.067945698401406,0.067945698401406
0.998955206056943,0.0476688657667837
0.0757994840681283,0.0757994840681283
0.661914691905683,0.081832625217267
0.429592329964948,0.0590062689539858
0.554349051712151,0.125162250328351
0.591330631454099,0.36737093584536
0.328078332149002,0.323888985329442
0.590683804216184,0.469772557221046
0.0725127646463027,0.0725127646463027
0.785220825951369,0.287163382050348
0.835513072945477,0.450970136395611
0.848704111374395,0.602764664804639
0.74414349626494,0.292499377915132
0.148502858950224,0.148502858950224
0.267844806885046,0.0539056553943459
0.0971541248143482,0.0141917864131405
0.299732365829488,0.299732365829488
0.375620918652423,0.134283282686169
0.447860098952646,0.0173398783681558
0.20026033867508,0.0189022974870894
0.277231040016092,0.0280142440385004
0.87203703558878,0.24340937351724
0.691285465781579,0.27928828316996
0.814316076556152,0.230604125644173
0.96553394055637,0.0376754109194097
0.715760389285994,0.581811407291186
0.531060762644656,0.0521236425679002
0.188244795800321,0.0233584032241571
0.804594705778775,0.212069087073982
0.592512970000738,0.00443534660075103
0.634084151776671,0.37666007420283
0.167055152924576,0.167055152924576
0.651495123771479,0.247157639373296
0.727054200368558,0.0114780127445052
0.118178322345976,0.0897332587449306
0.182174376086051,0.182174376086051
0.544782135953573,0.0212319001613343
0.257958057955002,0.241815137066635
0.838518320278847,0.140302766858896
0.977471293651408,0.028464930522738
0.0115761159201639,0.0115761159201639
0.599468809451991,0.0970540964171144
0.168831962054204,0.168831962054204
0.57890852682825,0.0606322686125383
0.230086173770266,0.230086173770266
0.418951174034355,0.000249436922559574
0.192937197963703,0.192937197963703
0.884311863293547,0.0933691158792066
0.351177843816752,0.280395315585835
0.695643121005043,0.127570913368133
0.914572360738317,0.193434109063236
0.283526185300259,0.141294292330922
0.757663554504602,0.0775709326063539
0.726401108426169,0.0227778543716284
0.20739458052645,0.0413239768186934
0.274464019801912,0.228982766147132
0.291710604520199,0.114118396973332
0.83071724848657,0.622855000116297
0.724639004545598,0.297663507056973
0.971091128239894,0.0554320874743493
0.129884741526533,0.129884741526533
0.885174627784522,0.088584462351495
0.684572526899368,0.278288409391656
0.920940722464026,0.129875546724007
0.115726409979138,0.115726409979138
0.669457115521914,0.0461498868693805
0.764580400290361,0.188795961671331
0.630431993737103,0.147475770933105
0.999351706348137,0.00452041932886471
0.871901170094936,0.28876731080413
0.369205880972947,0.0406331498914851
0.884346962101467,0.0455821301518411
0.607992651769891,0.0375608586233756
0.2619920326932,0.00160946179056941
0.403836840219919,0.232832861109997
0.0145906538960417,0.0055601250798068
0.715805451293648,0.0380865476507626
0.00830318075246169,0.00830318075246169
0.703022242522995,0.594765535607667
0.120657944630795,0.120657944630795
0.897463255683127,0.100142870320647
0.89435668418233,0.372487481185264
0.618765615317696,0.572726207225902
0.379663070624974,0.299872427123907
0.900507503498799,0.14655167295181
0.342203124159532,0.342203124159532
0.191585481407683,0.0292658120483498
0.428809782085294,0.428809782085294
0.97025575371006,0.462461960725269
0.0414365515554888,0.0414365515554888
0.97093236215689,0.351261674454835
0.619407507094363,0.455885199990254
0.431152178188983,0.0892177183771552
0.142693804499908,0.0247961301322418
0.957783057188873,0.239307980534786
0.796828352882699,0.51227097686601
0.482516925445866,0.0903199341287264
0.595154368795156,0.521528711217556
0.0515087386768986,0.0515087386768986
0.944105898609734,0.102077175706076
0.697354109368194,0.113945537130365
0.228035585738437,0.186477834886027
0.0232874544908937,0.0232874544908937
0.381062040967666,0.0337837125583534
0.558806897651395,0.0168046139172542
0.22297240943763,0.0501056523531502
0.0644045788095275,0.0644045788095275
0.258010624732847,0.258010624732847
0.794741876533879,0.190154305929666
0.48744401908814,0.155792085689226
0.753046273546051,0.0529917365181156
0.998364978090458,0.00602852966863447
0.524953841909643,0.128739009644304
0.410927299489668,0.171804583766787
0.78933174711293,0.0813914381810917
0.40653509642516,0.316419525634952
0.996835681640798,0.020399599197793
0.341328886240551,0.0363935757699466
0.32127952803989,0.188179197181981
0.591410318888635,0.429198473345392
0.128732185010633,0.0965695323798707
0.508551168396903,0.508551168396903
0.250579640301478,0.0146070597344832
0.29590031638586,0.277210166307357
0.192020662232385,0.192020662232385
0.972995378304243,0.00229723574020503
0.195185636884369,0.195185636884369
0.675410943343243,0.391641026166375
0.276070026780325,0.192443999865714
0.0697040579790269,0.0697040579790269
0.4200659226115,0.253308956718637
0.931027294821541,0.100521788513605
0.843460372960571,0.28409274682836
0.552872394441754,0.0816464992472916
0.103283393166899,0.0556487847239577
0.31453067881259,0.042114721804673
0.0896629824340699,0.0896629824340699
0.137877599420279,0.137877599420279
0.363753474905778,0.205660161614843
0.490124816672584,0.0531503283977593
0.547609201636276,0.00620185517001436
0.151624711910418,0.139119531005264
0.291666357991077,0.291666357991077
0.434864286636814,0.2754284309214
0.443447156769086,0.443447156769086
0.108503820545097,0.108503820545097
0.391249707547001,0.162851487622831
0.067889951740911,0.067889951740911
0.67425263472963,0.19386076743022
0.970049514694585,0.133478280856903
0.00486077919680848,0.00486077919680848
0.324440039510881,0.143354114066876
0.864335035285092,0.0996931615676208
0.512005453066745,0.0642790734849852
0.800798132219862,0.0972194606255566
0.20533862143269,0.20533862143269
0.955513270935391,0.221617574654616
0.108875857786127,0.0428202392849273
0.9602118093697,0.13281151385306
0.481038634973846,0.0149827953185104
0.141506920343638,0.0145672700741636
0.404790984590507,0.098304297130001
0.149120783190281,0.0427136151429549
0.195704378787093,0.0300141492105122
0.238158453876978,0.238158453876978
0.964718007833194,0.0300894973995247
0.816018477449119,0.0122651278225135
0.266650421337421,0.162640764315215
0.911709947561874,0.37247538226088
0.817452856266391,0.0565956669577598
0.379594324872008,0.0635821987816591
0.843124504568677,0.0894541544445551
0.959641237778896,0.0750018055479281
0.00185669204372321,0.00185669204372321
0.574027447733404,0.100221125925509
0.075152799564664,0.0131580495080566
0.395346470373576,0.140960221187481
0.578722721251377,0.121721681644268
0.254465571143516,0.0881897153054843
0.998020204209132,0.0410608217613161
0.0265324373516104,0.0265324373516104
0.130121447124546,0.130121447124546
0.495171377871618,0.111221773011152
0.540065104785465,0.473069733246169
0.298380668576933,0.0796157418187341
0.389477415209697,0.389477415209697
0.663552303191257,0.00513307248889181
0.124573263395218,0.117899913119746
0.952100826232357,0.186578217521525
0.31386012661967,0.31386012661967
0.422393142215085,0.0304886769372891
0.260772949529101,0.260772949529101
0.817942946682042,0.204644971386947
0.809384364394103,0.105581713948164
0.107633165988039,0.107633165988039
0.453798443293291,0.302530838973102
0.898268924080246,0.0673699459573784
0.115481896142442,0.115481896142442
0.980809442012883,0.257765311356987
0.632674985465066,0.336856570136758
0.144532002607196,0.0103087921181747
0.672123238603901,0.0833670665785241
0.0187833246670603,0.0187833246670603
0.630516179231851,0.164515943582669
0.244194370238608,0.183148709269321
0.479146746620119,0.444855127520294
0.494878559427203,0.202926843391241
0.242444496974869,0.242444496974869
0.107033427707203,0.107033427707203
0.794865711418261,0.165423677155141
0.781167711933609,0.0190183754855896
0.603537381705423,0.0935921218964316
0.119329440748762,0.119329440748762
0.574651028600284,0.0214746421621886
0.96629751753383,0.0227706131076245
0.7055115760841,0.0745484800792239
0.507134271758844,0.00580583365491032
0.23677197216604,0.23677197216604
0.545932713647175,0.184773334778929
0.98896335111417,0.273468284572124
0.916800207590565,0.26500896627841
0.152676992773202,0.152676992773202
0.412438912198969,0.0873982507493124
0.37894333300198,0.12182482174757
0.685374711354727,0.207179306593882
0.61847461551984,0.305351429586664
0.965745016508782,0.040198490461499
0.696067979188295,0.029907396310064
0.550630768047367,0.178094883076273
0.542205353162459,0.332567423288817
0.306805365428628,0.0303944833975254
0.723328697115405,0.0176388889979003
0.954151760996702,0.0959395305052188
0.762004386288644,0.0769619584139425
0.695858255163734,0.378688780423762
0.301077854617121,0.261895181539953
