"design","mean"
"Unrelated preparations",-5.5
"Unrelated preparations",-6.74777777777778
"Unrelated preparations",-12.7777777777778
"Unrelated preparations",-16.2738888888889
"Unrelated preparations",-2.18722222222222
"Unrelated preparations",-16.5405555555555
"Unrelated preparations",-10.5588888888889
"Unrelated preparations",-25.0133333333333
"Unrelated preparations",-5.69166666666666
"Unrelated preparations",-22.4338888888889
"Unrelated preparations",-9.20777777777778
"Unrelated preparations",-21.6
"Unrelated preparations",-3.4838888888889
"Unrelated preparations",-9.22000000000001
"Unrelated preparations",-18.8633333333333
"Unrelated preparations",-13.4277777777778
"Unrelated preparations",-15.7088888888889
"Unrelated preparations",-11.9588888888889
"Unrelated preparations",-4.18166666666667
"Unrelated preparations",-22.9222222222222
"Unrelated preparations",-8.97833333333334
"Unrelated preparations",-22.2638888888889
"Unrelated preparations",-13.2483333333333
"Unrelated preparations",-7.39500000000001
"Unrelated preparations",-24.6461111111111
"Unrelated preparations",-16.0033333333333
"Unrelated preparations",4.87777777777775
"Unrelated preparations",-10.7038888888889
"Unrelated preparations",-0.227222222222224
"Unrelated preparations",-29.98
"Unrelated preparations",-9.15777777777777
"Unrelated preparations",-4.67722222222223
"Unrelated preparations",-5.71888888888887
"Unrelated preparations",-12.1511111111111
"Unrelated preparations",-3.41666666666669
"Unrelated preparations",-19.1977777777778
"Unrelated preparations",-10.6183333333333
"Unrelated preparations",-5.77777777777777
"Unrelated preparations",-10.1933333333333
"Unrelated preparations",-10.7344444444444
"Unrelated preparations",-26.3766666666667
"Unrelated preparations",-15.8272222222222
"Unrelated preparations",-10.5194444444444
"Unrelated preparations",-9.67722222222224
"Unrelated preparations",-12.4072222222222
"Unrelated preparations",-22.15
"Unrelated preparations",3.49055555555557
"Unrelated preparations",-32.445
"Unrelated preparations",-16.7888888888889
"Unrelated preparations",-13.4877777777778
"Unrelated preparations",-16.9372222222222
"Unrelated preparations",-8.92666666666668
"Unrelated preparations",-18.1827777777778
"Unrelated preparations",-8.08111111111111
"Unrelated preparations",-16.7
"Unrelated preparations",-24.8511111111111
"Unrelated preparations",-20.0566666666667
"Unrelated preparations",-12.1505555555556
"Unrelated preparations",-23.1044444444444
"Unrelated preparations",0.4572222222222
"Unrelated preparations",-3.94666666666666
"Unrelated preparations",-0.0533333333333559
"Unrelated preparations",0.357777777777798
"Unrelated preparations",-9.03888888888889
"Unrelated preparations",-18.74
"Unrelated preparations",-3.74388888888892
"Unrelated preparations",-9.10944444444445
"Unrelated preparations",-9.54055555555553
"Unrelated preparations",-31.2244444444445
"Unrelated preparations",-2.95666666666668
"Unrelated preparations",-13.0383333333333
"Unrelated preparations",-10.7355555555555
"Unrelated preparations",5.44055555555555
"Unrelated preparations",-28.4344444444445
"Unrelated preparations",-25.6605555555556
"Unrelated preparations",-15.1538888888889
"Unrelated preparations",-11.9044444444444
"Unrelated preparations",-5.04888888888888
"Unrelated preparations",-8.78944444444444
"Unrelated preparations",-26.8238888888889
"Unrelated preparations",-1.42333333333333
"Unrelated preparations",-14.6572222222222
"Unrelated preparations",-6.66888888888892
"Unrelated preparations",-12.0333333333333
"Unrelated preparations",-15.295
"Unrelated preparations",-21.65
"Unrelated preparations",-10.47
"Unrelated preparations",-8.22333333333334
"Unrelated preparations",-21.5127777777778
"Unrelated preparations",5.33166666666666
"Unrelated preparations",-10.1477777777778
"Unrelated preparations",-14.175
"Unrelated preparations",-34.3416666666667
"Unrelated preparations",-13.8355555555556
"Unrelated preparations",-9.36055555555555
"Unrelated preparations",-8.48666666666666
"Unrelated preparations",-9.58444444444442
"Unrelated preparations",-6.97499999999998
"Unrelated preparations",-11.4855555555556
"Unrelated preparations",-16.5622222222222
"Unrelated preparations",-14.7127777777778
"Unrelated preparations",-17.1572222222222
"Unrelated preparations",-12.9594444444444
"Unrelated preparations",-19.0838888888889
"Unrelated preparations",-16.4533333333333
"Unrelated preparations",-11.7333333333333
"Unrelated preparations",-10.3633333333333
"Unrelated preparations",-4.26388888888887
"Unrelated preparations",-25.4933333333333
"Unrelated preparations",-27.5977777777778
"Unrelated preparations",-16.0466666666667
"Unrelated preparations",-1.16611111111111
"Unrelated preparations",-2.60000000000001
"Unrelated preparations",-9.74444444444445
"Unrelated preparations",-14.1527777777778
"Unrelated preparations",2.04388888888887
"Unrelated preparations",-25.125
"Unrelated preparations",-23.5733333333334
"Unrelated preparations",-11.1694444444445
"Unrelated preparations",-31.8322222222222
"Unrelated preparations",-29.8955555555555
"Unrelated preparations",-8.80499999999998
"Unrelated preparations",-29.7816666666667
"Unrelated preparations",-21.8161111111111
"Unrelated preparations",-12.6033333333334
"Unrelated preparations",-25.1838888888889
"Unrelated preparations",-7.86666666666666
"Unrelated preparations",-21.6811111111111
"Unrelated preparations",-12.5755555555555
"Unrelated preparations",-18.2444444444444
"Unrelated preparations",-12.6016666666666
"Unrelated preparations",-41.1077777777778
"Unrelated preparations",-12.8166666666667
"Unrelated preparations",-11.5838888888889
"Unrelated preparations",-11.6777777777777
"Unrelated preparations",-1.51611111111112
"Unrelated preparations",-12.6672222222222
"Unrelated preparations",-34.7644444444444
"Unrelated preparations",-18.0272222222222
"Unrelated preparations",-7.01111111111113
"Unrelated preparations",-5.09444444444445
"Unrelated preparations",-29.1038888888889
"Unrelated preparations",2.89055555555557
"Unrelated preparations",-31.13
"Unrelated preparations",2.9488888888889
"Unrelated preparations",-4.55111111111111
"Unrelated preparations",-15.1066666666667
"Unrelated preparations",-20.2144444444445
"Unrelated preparations",-13.3822222222222
"Unrelated preparations",-19.0833333333333
"Unrelated preparations",-12.945
"Unrelated preparations",-14.3416666666667
"Unrelated preparations",-18.7322222222222
"Unrelated preparations",1.93611111111109
"Unrelated preparations",-12.4394444444444
"Unrelated preparations",-13.9066666666667
"Unrelated preparations",-7.49777777777777
"Unrelated preparations",-7.5661111111111
"Unrelated preparations",-24.5794444444445
"Unrelated preparations",-15.1494444444444
"Unrelated preparations",-17.7144444444445
"Unrelated preparations",-8.32111111111112
"Unrelated preparations",-23.5177777777778
"Unrelated preparations",-20.5327777777778
"Unrelated preparations",-2.19333333333334
"Unrelated preparations",-21.4788888888889
"Unrelated preparations",-14.645
"Unrelated preparations",4.08611111111111
"Unrelated preparations",8.72333333333334
"Unrelated preparations",-14.9733333333333
"Unrelated preparations",-16.8244444444444
"Unrelated preparations",-4.2338888888889
"Unrelated preparations",-10.015
"Unrelated preparations",-7.37444444444446
"Unrelated preparations",-10.7638888888889
"Unrelated preparations",-11.9166666666667
"Unrelated preparations",-12.1016666666667
"Unrelated preparations",-15.8483333333333
"Unrelated preparations",-4.15222222222222
"Unrelated preparations",-20.5344444444444
"Unrelated preparations",-18.5816666666667
"Unrelated preparations",-22.3727777777778
"Unrelated preparations",-10.1283333333333
"Unrelated preparations",-15.8538888888889
"Unrelated preparations",-0.326666666666625
"Unrelated preparations",-16.4983333333333
"Unrelated preparations",7.90222222222222
"Unrelated preparations",-3.49833333333333
"Unrelated preparations",-8.11444444444446
"Unrelated preparations",2.7211111111111
"Unrelated preparations",-8.85888888888888
"Unrelated preparations",-15.0044444444445
"Unrelated preparations",-17.7466666666667
"Unrelated preparations",-31.0233333333333
"Unrelated preparations",-23.2388888888889
"Unrelated preparations",-25.215
"Unrelated preparations",5.4661111111111
"Unrelated preparations",-22.2694444444444
"Unrelated preparations",-17.3244444444445
"Unrelated preparations",-31.6422222222222
"Unrelated preparations",-1.62944444444445
"Unrelated preparations",-2.96944444444443
"Unrelated preparations",-7.92666666666665
"Unrelated preparations",-31.0444444444445
"Unrelated preparations",-19.6
"Unrelated preparations",-24.1877777777778
"Unrelated preparations",-16.4827777777778
"Unrelated preparations",-15.4683333333333
"Unrelated preparations",-9.15222222222221
"Unrelated preparations",-5.58833333333334
"Unrelated preparations",-3.55166666666668
"Unrelated preparations",-15.1716666666667
"Unrelated preparations",-6.31722222222223
"Unrelated preparations",-5.18944444444446
"Unrelated preparations",-17.7661111111111
"Unrelated preparations",-19.9844444444444
"Unrelated preparations",-12.9572222222222
"Unrelated preparations",4.84611111111111
"Unrelated preparations",-27.5477777777778
"Unrelated preparations",-1.88055555555556
"Unrelated preparations",2.02666666666669
"Unrelated preparations",-22.8555555555556
"Unrelated preparations",-6.10444444444447
"Unrelated preparations",-16.0905555555556
"Unrelated preparations",-9.25777777777776
"Unrelated preparations",-25.5244444444444
"Unrelated preparations",-4.41999999999999
"Unrelated preparations",-3.86277777777777
"Unrelated preparations",-32.0238888888889
"Unrelated preparations",-21.9644444444445
"Unrelated preparations",-4.46944444444445
"Unrelated preparations",-20.9355555555556
"Unrelated preparations",-9.18111111111109
"Unrelated preparations",-9.46611111111112
"Unrelated preparations",-22.7188888888889
"Unrelated preparations",-17.7138888888889
"Unrelated preparations",4.08055555555558
"Unrelated preparations",-17.6733333333333
"Unrelated preparations",-11.8177777777777
"Unrelated preparations",-14.4394444444445
"Unrelated preparations",-14.3711111111111
"Unrelated preparations",-6.52666666666667
"Unrelated preparations",-16.9605555555555
"Unrelated preparations",-14.1183333333333
"Unrelated preparations",-14.3105555555556
"Unrelated preparations",-18.8055555555556
"Unrelated preparations",-7.08611111111111
"Unrelated preparations",-11.0194444444444
"Unrelated preparations",-4.26722222222224
"Unrelated preparations",-10.1238888888889
"Unrelated preparations",-15.3405555555555
"Unrelated preparations",-3.24000000000001
"Unrelated preparations",-26.1533333333333
"Unrelated preparations",-5.47555555555556
"Unrelated preparations",-22.6455555555556
"Unrelated preparations",-2.12222222222222
"Unrelated preparations",-12.5072222222222
"Unrelated preparations",-16.3861111111111
"Unrelated preparations",-23.8255555555556
"Unrelated preparations",-23.4688888888889
"Unrelated preparations",-9.23666666666668
"Unrelated preparations",-15.51
"Unrelated preparations",-12.8011111111111
"Unrelated preparations",-12.5272222222222
"Unrelated preparations",-4.21555555555555
"Unrelated preparations",-19.3588888888889
"Unrelated preparations",-14.1266666666667
"Unrelated preparations",-8.91666666666667
"Unrelated preparations",-8.37277777777776
"Unrelated preparations",-36.4877777777778
"Unrelated preparations",-31.4472222222222
"Unrelated preparations",-9.75555555555557
"Unrelated preparations",-16.4066666666667
"Unrelated preparations",-12.2194444444445
"Unrelated preparations",-13.4561111111111
"Unrelated preparations",-6.61444444444444
"Unrelated preparations",-9.22555555555556
"Unrelated preparations",-2.5138888888889
"Unrelated preparations",-3.92722222222221
"Unrelated preparations",-23.4577777777778
"Unrelated preparations",-7.14055555555557
"Unrelated preparations",-24.4483333333334
"Unrelated preparations",-16.9733333333334
"Unrelated preparations",-21.0488888888889
"Unrelated preparations",-11.9333333333334
"Unrelated preparations",9.98833333333333
"Unrelated preparations",-22.6611111111111
"Unrelated preparations",-14.4816666666667
"Unrelated preparations",-16.6172222222222
"Unrelated preparations",-10.8722222222222
"Unrelated preparations",-8.80333333333331
"Unrelated preparations",-12.7472222222222
"Unrelated preparations",-13.1344444444444
"Unrelated preparations",-29.1161111111111
"Unrelated preparations",-22.3483333333333
"Unrelated preparations",-13.325
"Unrelated preparations",-11.6705555555556
"Unrelated preparations",2.5772222222222
"Unrelated preparations",-25.6477777777778
"Unrelated preparations",-7.11999999999999
"Unrelated preparations",-9.05111111111113
"Unrelated preparations",-12.9577777777778
"Unrelated preparations",-8.91333333333336
"Unrelated preparations",-11.6022222222222
"Unrelated preparations",-18.6588888888889
"Unrelated preparations",9.24888888888889
"Unrelated preparations",-14.2944444444444
"Unrelated preparations",0.910555555555561
"Unrelated preparations",-12.7677777777778
"Unrelated preparations",12.2238888888889
"Unrelated preparations",-16.1072222222222
"Unrelated preparations",-8.91166666666668
"Unrelated preparations",-7.58444444444444
"Unrelated preparations",-6.9838888888889
"Unrelated preparations",-17.6666666666667
"Unrelated preparations",-35.99
"Unrelated preparations",-13.6111111111111
"Unrelated preparations",-3.88444444444444
"Unrelated preparations",-32.1761111111111
"Unrelated preparations",-19.6866666666667
"Unrelated preparations",-16.4738888888889
"Unrelated preparations",-6.82500000000002
"Unrelated preparations",-16.8483333333333
"Unrelated preparations",-17.3155555555556
"Unrelated preparations",5.48444444444446
"Unrelated preparations",-1.14944444444446
"Unrelated preparations",-6.30722222222221
"Unrelated preparations",-30.1355555555556
"Unrelated preparations",-4.60111111111111
"Unrelated preparations",-13.2355555555556
"Unrelated preparations",-0.428888888888878
"Unrelated preparations",-1.68944444444446
"Unrelated preparations",-12.7522222222222
"Unrelated preparations",-16.0316666666667
"Unrelated preparations",4.97666666666669
"Unrelated preparations",-15.2616666666667
"Unrelated preparations",-15.1388888888889
"Unrelated preparations",-18.6833333333333
"Unrelated preparations",-16.4327777777778
"Unrelated preparations",-20.3066666666667
"Unrelated preparations",-15.4038888888889
"Unrelated preparations",-24.4538888888889
"Unrelated preparations",-6.76833333333333
"Unrelated preparations",-4.21388888888892
"Unrelated preparations",-18.3505555555556
"Unrelated preparations",-13.885
"Unrelated preparations",-3.53111111111113
"Unrelated preparations",-14.9022222222222
"Unrelated preparations",-4.26555555555554
"Unrelated preparations",-20.9505555555556
"Unrelated preparations",-13.755
"Unrelated preparations",-3.86555555555557
"Unrelated preparations",-12.2222222222222
"Unrelated preparations",-29.3977777777777
"Unrelated preparations",0.063333333333361
"Unrelated preparations",-18.4011111111111
"Unrelated preparations",-16.7922222222222
"Unrelated preparations",-10.9816666666667
"Unrelated preparations",-22.6705555555556
"Unrelated preparations",-14.49
"Unrelated preparations",-6.63444444444445
"Unrelated preparations",-24.9622222222222
"Unrelated preparations",-14.2927777777778
"Unrelated preparations",-21.1166666666666
"Unrelated preparations",-19.7161111111111
"Unrelated preparations",-10.7994444444444
"Unrelated preparations",-27.2272222222222
"Unrelated preparations",-34.9283333333333
"Unrelated preparations",-28.3605555555556
"Unrelated preparations",-30.5155555555556
"Unrelated preparations",-12.1844444444444
"Unrelated preparations",-8.17166666666665
"Unrelated preparations",-30.4555555555555
"Unrelated preparations",-7.28055555555555
"Unrelated preparations",-13.8
"Unrelated preparations",-20.0344444444444
"Unrelated preparations",-28.9616666666667
"Unrelated preparations",-12.885
"Unrelated preparations",-12.3877777777778
"Unrelated preparations",-3.21555555555555
"Unrelated preparations",-11.7944444444444
"Unrelated preparations",2.46222222222221
"Unrelated preparations",-22.2677777777778
"Unrelated preparations",-13.2883333333333
"Unrelated preparations",-9.59166666666667
"Unrelated preparations",-10.5827777777778
"Unrelated preparations",-16.4788888888889
"Unrelated preparations",-9.65333333333334
"Unrelated preparations",-22.2827777777778
"Unrelated preparations",-14.4227777777778
"Unrelated preparations",-19.9905555555556
"Unrelated preparations",-16.5294444444445
"Unrelated preparations",-34.735
"Unrelated preparations",-11.2505555555556
"Unrelated preparations",-12.4983333333333
"Unrelated preparations",-1.33611111111111
"Unrelated preparations",-23.4222222222222
"Unrelated preparations",-11.6744444444445
"Unrelated preparations",-19.9566666666667
"Unrelated preparations",-32.0255555555555
"Unrelated preparations",-22.9955555555555
"Unrelated preparations",-6.40000000000002
"Unrelated preparations",-19.7772222222222
"Unrelated preparations",-19.3938888888889
"Unrelated preparations",-20.1622222222222
"Unrelated preparations",-19.3494444444444
"Unrelated preparations",-9.70333333333333
"Unrelated preparations",-12.7038888888889
"Unrelated preparations",-31.7644444444445
"Unrelated preparations",-18.2416666666667
"Unrelated preparations",-13.925
"Unrelated preparations",-10.2005555555555
"Unrelated preparations",-17.1633333333333
"Unrelated preparations",-5.09333333333335
"Unrelated preparations",-5.14055555555557
"Unrelated preparations",-7.86722222222225
"Unrelated preparations",-10.3983333333333
"Unrelated preparations",-9.68111111111112
"Unrelated preparations",-12.2661111111111
"Unrelated preparations",-18.0044444444445
"Unrelated preparations",-20.0394444444445
"Unrelated preparations",-12.5111111111111
"Unrelated preparations",-11.7077777777778
"Unrelated preparations",-22.1544444444445
"Unrelated preparations",-27.8905555555556
"Unrelated preparations",-27.1533333333333
"Unrelated preparations",-5.2827777777778
"Unrelated preparations",-20.145
"Unrelated preparations",-8.57611111111112
"Unrelated preparations",-6.30944444444444
"Unrelated preparations",-11.7022222222222
"Unrelated preparations",-12.6327777777777
"Unrelated preparations",-31.0733333333333
"Unrelated preparations",-38.8972222222222
"Unrelated preparations",-8.58111111111111
"Unrelated preparations",0.816111111111113
"Unrelated preparations",-15.0883333333333
"Unrelated preparations",-27.2255555555556
"Unrelated preparations",-17.355
"Unrelated preparations",-13.0961111111111
"Unrelated preparations",-18.8216666666667
"Unrelated preparations",-12.9466666666667
"Unrelated preparations",-3.86055555555554
"Unrelated preparations",-24.6111111111111
"Unrelated preparations",3.94833333333335
"Unrelated preparations",-16.605
"Unrelated preparations",-4.00444444444443
"Unrelated preparations",5.81611111111111
"Unrelated preparations",-4.20333333333335
"Unrelated preparations",-38.1838888888889
"Unrelated preparations",-20.9538888888889
"Unrelated preparations",-6.63555555555557
"Unrelated preparations",-21.3183333333334
"Unrelated preparations",-10.6866666666667
"Unrelated preparations",-21.29
"Unrelated preparations",-10.6111111111111
"Unrelated preparations",-20.9905555555555
"Unrelated preparations",-34.94
"Unrelated preparations",-2.20833333333334
"Unrelated preparations",-19.615
"Unrelated preparations",-3.14722222222224
"Unrelated preparations",-13.6761111111111
"Unrelated preparations",-12.3855555555555
"Unrelated preparations",-0.532222222222231
"Unrelated preparations",-30.4872222222222
"Unrelated preparations",-13.1027777777778
"Unrelated preparations",-19.8988888888889
"Unrelated preparations",-13.56
"Unrelated preparations",-23.0461111111111
"Unrelated preparations",-3.64111111111112
"Unrelated preparations",-5.15222222222221
"Unrelated preparations",-10.8922222222222
"Unrelated preparations",-3.60888888888888
"Unrelated preparations",-20.0605555555556
"Unrelated preparations",-14.64
"Unrelated preparations",-14.3672222222222
"Unrelated preparations",-14.9883333333333
"Unrelated preparations",-5.96388888888889
"Unrelated preparations",-15.16
"Unrelated preparations",-15.575
"Unrelated preparations",-11.7455555555556
"Unrelated preparations",-31.1427777777778
"Unrelated preparations",-21.2061111111111
"Unrelated preparations",-7.97055555555558
"Unrelated preparations",-10.3305555555555
"Unrelated preparations",-13.1166666666667
"Unrelated preparations",-13.8294444444444
"Unrelated preparations",-18.0077777777778
"Unrelated preparations",-9.92944444444443
"Unrelated preparations",-2.83944444444447
"Unrelated preparations",-10.0188888888889
"Unrelated preparations",-6.59777777777776
"Unrelated preparations",-28.5244444444444
"Unrelated preparations",-16.5816666666667
"Unrelated preparations",-18.9683333333333
"Unrelated preparations",-6.06777777777778
"Unrelated preparations",-19.6411111111111
"Unrelated preparations",-17.2927777777778
"Unrelated preparations",-14.0383333333334
"Unrelated preparations",-41.5566666666667
"Unrelated preparations",-11.9561111111111
"Unrelated preparations",-17.005
"Unrelated preparations",-7.63555555555556
"Unrelated preparations",-21.0905555555555
"Unrelated preparations",-18.6188888888889
"Unrelated preparations",-17.4644444444445
"Unrelated preparations",-29.2094444444444
"Unrelated preparations",-30.0722222222222
"Unrelated preparations",-21.5033333333333
"Unrelated preparations",-12.79
"Unrelated preparations",-17.6311111111111
"Unrelated preparations",-38.2211111111111
"Unrelated preparations",-20.2427777777778
"Unrelated preparations",-10.6655555555556
"Unrelated preparations",-10.5694444444444
"Unrelated preparations",-24.8922222222222
"Unrelated preparations",-18.5022222222222
"Unrelated preparations",-26.7188888888889
"Unrelated preparations",-3.65777777777778
"Unrelated preparations",-12.705
"Unrelated preparations",-8.86388888888889
"Unrelated preparations",-16.8961111111111
"Unrelated preparations",-8.00777777777779
"Unrelated preparations",-21.1616666666667
"Unrelated preparations",-12.1061111111111
"Unrelated preparations",-23.8066666666667
"Unrelated preparations",-13.3538888888889
"Unrelated preparations",-21.0888888888889
"Unrelated preparations",-24.0005555555556
"Unrelated preparations",-24.275
"Unrelated preparations",-21.1711111111111
"Unrelated preparations",-32.0066666666667
"Unrelated preparations",-18.8083333333333
"Unrelated preparations",4.08944444444447
"Unrelated preparations",-14.3261111111111
"Unrelated preparations",-22.895
"Unrelated preparations",-7.54000000000001
"Unrelated preparations",-18.0055555555555
"Unrelated preparations",-3.86388888888888
"Unrelated preparations",1.05444444444444
"Unrelated preparations",-7.31666666666666
"Unrelated preparations",-1.9261111111111
"Unrelated preparations",-21.915
"Unrelated preparations",-12.2611111111111
"Unrelated preparations",-12.5983333333333
"Unrelated preparations",-30.4772222222222
"Unrelated preparations",-37.4483333333333
"Unrelated preparations",-15.1611111111111
"Unrelated preparations",7.81833333333337
"Unrelated preparations",-12.9177777777778
"Unrelated preparations",-22.0261111111111
"Unrelated preparations",-26.6322222222222
"Unrelated preparations",-11.8355555555556
"Unrelated preparations",-15.525
"Unrelated preparations",-7.48111111111112
"Unrelated preparations",-13.7088888888889
"Unrelated preparations",2.27611111111111
"Unrelated preparations",-7.38499999999999
"Unrelated preparations",-20.5722222222222
"Unrelated preparations",-25.8483333333333
"Unrelated preparations",-1.25444444444445
"Unrelated preparations",-10.9027777777778
"Unrelated preparations",-1.15333333333331
"Unrelated preparations",-6.16722222222222
"Unrelated preparations",-18.6983333333333
"Unrelated preparations",-9.57888888888887
"Unrelated preparations",-18.6944444444444
"Unrelated preparations",-13.3283333333333
"Unrelated preparations",-17.0055555555556
"Unrelated preparations",-22.9266666666666
"Unrelated preparations",-6.87722222222224
"Unrelated preparations",-4.94222222222221
"Unrelated preparations",-10.9405555555555
"Unrelated preparations",-12.0061111111111
"Unrelated preparations",-23.4216666666667
"Unrelated preparations",-8.19277777777776
"Unrelated preparations",-5.20722222222223
"Unrelated preparations",-4.56222222222222
"Unrelated preparations",-7.83944444444445
"Unrelated preparations",-7.53666666666668
"Unrelated preparations",-30.1694444444444
"Unrelated preparations",-8.16944444444444
"Unrelated preparations",0.277777777777771
"Unrelated preparations",-3.46888888888888
"Unrelated preparations",-2.9927777777778
"Unrelated preparations",-5.48777777777777
"Unrelated preparations",5.13833333333334
"Unrelated preparations",-17.8355555555556
"Unrelated preparations",-14.3133333333333
"Unrelated preparations",-10.4788888888889
"Unrelated preparations",-27.7583333333333
"Unrelated preparations",-0.700000000000017
"Unrelated preparations",-7.38999999999999
"Unrelated preparations",-22.6366666666667
"Unrelated preparations",-18.3683333333333
"Unrelated preparations",-1.53222222222223
"Unrelated preparations",-11.54
"Unrelated preparations",-10.8416666666667
"Unrelated preparations",-7.95277777777778
"Unrelated preparations",-17.3333333333333
"Unrelated preparations",-14.9344444444444
"Unrelated preparations",-21.8455555555556
"Unrelated preparations",7.27611111111112
"Unrelated preparations",-26.4916666666667
"Unrelated preparations",-23.7416666666667
"Unrelated preparations",-8.21722222222219
"Unrelated preparations",-30.035
"Unrelated preparations",-12.6705555555556
"Unrelated preparations",-8.03166666666667
"Unrelated preparations",-17.2661111111111
"Unrelated preparations",-0.0377777777777624
"Unrelated preparations",-20.1294444444444
"Unrelated preparations",-4.58166666666665
"Unrelated preparations",-20.3111111111111
"Unrelated preparations",-14.815
"Unrelated preparations",-11.155
"Unrelated preparations",-8.16277777777779
"Unrelated preparations",0.241111111111096
"Unrelated preparations",-17.4405555555556
"Unrelated preparations",-19.1016666666667
"Unrelated preparations",-3.19388888888889
"Unrelated preparations",-25.5583333333333
"Unrelated preparations",-26.3605555555555
"Unrelated preparations",-12.2283333333333
"Unrelated preparations",-3.24666666666666
"Unrelated preparations",-24.8994444444445
"Unrelated preparations",-20.0466666666667
"Unrelated preparations",-23.7216666666667
"Unrelated preparations",0.808888888888902
"Unrelated preparations",-3.72833333333332
"Unrelated preparations",-10.4922222222222
"Unrelated preparations",-19.6583333333333
"Unrelated preparations",-13.8183333333333
"Unrelated preparations",-1.03222222222222
"Unrelated preparations",-6.84444444444443
"Unrelated preparations",-12.6466666666667
"Unrelated preparations",-12.1883333333333
"Unrelated preparations",-13.3916666666667
"Unrelated preparations",-2.72388888888889
"Unrelated preparations",-36.65
"Unrelated preparations",-11.0005555555555
"Unrelated preparations",-18.3011111111111
"Unrelated preparations",-33.8305555555555
"Unrelated preparations",-28.0805555555556
"Unrelated preparations",-13.58
"Unrelated preparations",-11.5755555555555
"Unrelated preparations",-32.9122222222222
"Unrelated preparations",-13.2172222222222
"Unrelated preparations",-17.5616666666667
"Unrelated preparations",5.45722222222223
"Unrelated preparations",-12.4038888888889
"Unrelated preparations",-13.2177777777778
"Unrelated preparations",-8.85944444444445
"Unrelated preparations",-13.4722222222222
"Unrelated preparations",-8.235
"Unrelated preparations",-22.1511111111111
"Unrelated preparations",-16.3005555555556
"Unrelated preparations",-17.7616666666667
"Unrelated preparations",-18.1338888888889
"Unrelated preparations",-7.66611111111112
"Unrelated preparations",-28.8705555555556
"Unrelated preparations",-16.9055555555556
"Unrelated preparations",-4.22055555555556
"Unrelated preparations",-11.8555555555556
"Unrelated preparations",-17.33
"Unrelated preparations",-9.53611111111111
"Unrelated preparations",-36.8477777777778
"Unrelated preparations",-5.68111111111114
"Unrelated preparations",-17.1444444444444
"Unrelated preparations",-4.51111111111112
"Unrelated preparations",-34.2666666666667
"Unrelated preparations",-19.8016666666667
"Unrelated preparations",-15.7816666666667
"Unrelated preparations",-9.59777777777779
"Unrelated preparations",-2.00888888888888
"Unrelated preparations",-13.7188888888889
"Unrelated preparations",-11.6027777777778
"Unrelated preparations",-27.8411111111111
"Unrelated preparations",-16.6222222222222
"Unrelated preparations",-20.3761111111111
"Unrelated preparations",-10.9088888888889
"Unrelated preparations",-0.475000000000009
"Unrelated preparations",-6.49666666666667
"Unrelated preparations",-21.5083333333333
"Unrelated preparations",-18.2605555555556
"Unrelated preparations",-15.0883333333333
"Unrelated preparations",-14.4427777777778
"Unrelated preparations",-13.8877777777778
"Unrelated preparations",-5.77555555555557
"Unrelated preparations",-18.2205555555555
"Unrelated preparations",-13.2255555555555
"Unrelated preparations",-33.6238888888889
"Unrelated preparations",-20.3427777777778
"Unrelated preparations",-17.4627777777777
"Unrelated preparations",-19.1761111111111
"Unrelated preparations",-10.3077777777778
"Unrelated preparations",-37.1638888888889
"Unrelated preparations",-22.1288888888889
"Unrelated preparations",-21.3011111111111
"Unrelated preparations",-22.7872222222222
"Unrelated preparations",-24.2355555555555
"Unrelated preparations",-3.55722222222222
"Unrelated preparations",-10.975
"Unrelated preparations",-9.10611111111113
"Unrelated preparations",-3.30166666666668
"Unrelated preparations",-31.8244444444444
"Unrelated preparations",-18.7783333333333
"Unrelated preparations",-9.31111111111112
"Unrelated preparations",-4.60166666666667
"Unrelated preparations",5.48555555555556
"Unrelated preparations",-7.45111111111112
"Unrelated preparations",-7.35888888888891
"Unrelated preparations",-8.43333333333334
"Unrelated preparations",-0.344999999999985
"Unrelated preparations",-18.6222222222222
"Unrelated preparations",-11.1394444444445
"Unrelated preparations",-9.62
"Unrelated preparations",-14.3672222222222
"Unrelated preparations",-3.85166666666667
"Unrelated preparations",-11.7466666666667
"Unrelated preparations",-17.5383333333333
"Unrelated preparations",-17.5172222222222
"Unrelated preparations",-12.1138888888889
"Unrelated preparations",-7.60722222222225
"Unrelated preparations",-25.6683333333333
"Unrelated preparations",-15.7105555555556
"Unrelated preparations",-6.72
"Unrelated preparations",-4.51166666666666
"Unrelated preparations",-31.0516666666666
"Unrelated preparations",-7.38055555555555
"Unrelated preparations",0.296111111111131
"Unrelated preparations",-9.7788888888889
"Unrelated preparations",-17.8794444444444
"Unrelated preparations",-12.4466666666667
"Unrelated preparations",-32.2116666666667
"Unrelated preparations",-18.0222222222222
"Unrelated preparations",-14.4033333333334
"Unrelated preparations",-14.7422222222222
"Unrelated preparations",5.94333333333333
"Unrelated preparations",-23.8394444444445
"Unrelated preparations",-22.7933333333333
"Unrelated preparations",-8.72333333333334
"Unrelated preparations",-5.55222222222221
"Unrelated preparations",-30.255
"Unrelated preparations",-13.0183333333333
"Unrelated preparations",3.77944444444447
"Unrelated preparations",-15.4066666666667
"Unrelated preparations",-12.6311111111111
"Unrelated preparations",-22.6516666666667
"Unrelated preparations",-13.3272222222222
"Unrelated preparations",-32.3955555555555
"Unrelated preparations",-11.9072222222222
"Unrelated preparations",-29.4305555555556
"Unrelated preparations",-9.79777777777777
"Unrelated preparations",-14.3455555555555
"Unrelated preparations",-23.7544444444444
"Unrelated preparations",-27.0611111111111
"Unrelated preparations",-33.9088888888889
"Unrelated preparations",-15.8227777777778
"Unrelated preparations",-8.19055555555555
"Unrelated preparations",-27.3261111111111
"Unrelated preparations",-12.4833333333333
"Unrelated preparations",-10.5516666666667
"Unrelated preparations",-8.34388888888891
"Unrelated preparations",-17.1322222222222
"Unrelated preparations",-35.1022222222222
"Unrelated preparations",-21.4772222222222
"Unrelated preparations",-13.3794444444445
"Unrelated preparations",-7.41111111111111
"Unrelated preparations",-32.6644444444445
"Unrelated preparations",-7.54111111111112
"Unrelated preparations",-24.0494444444444
"Unrelated preparations",-24.4266666666666
"Unrelated preparations",-32.0355555555556
"Unrelated preparations",-17.8766666666667
"Unrelated preparations",-41.4405555555555
"Unrelated preparations",-14.6566666666667
"Unrelated preparations",-13.3894444444444
"Unrelated preparations",-14.1388888888889
"Unrelated preparations",-9.83444444444444
"Unrelated preparations",-18.9672222222222
"Unrelated preparations",-6.21166666666669
"Unrelated preparations",-12.8894444444445
"Unrelated preparations",-4.18833333333332
"Unrelated preparations",-27.0988888888889
"Unrelated preparations",-11.8622222222222
"Unrelated preparations",-14.4972222222222
"Unrelated preparations",-10.3366666666667
"Unrelated preparations",1.18777777777778
"Unrelated preparations",-33.715
"Unrelated preparations",-10.995
"Unrelated preparations",-27.4372222222222
"Unrelated preparations",-11.8216666666667
"Unrelated preparations",-3.33222222222221
"Unrelated preparations",-6.05777777777779
"Unrelated preparations",-14.055
"Unrelated preparations",-22.4583333333333
"Unrelated preparations",-15.55
"Unrelated preparations",-20.7638888888889
"Unrelated preparations",-10.0983333333333
"Unrelated preparations",-23.6616666666667
"Unrelated preparations",-13.0261111111111
"Unrelated preparations",-14.4116666666667
"Unrelated preparations",-21.6516666666667
"Unrelated preparations",-20.9794444444444
"Unrelated preparations",-16.5355555555555
"Unrelated preparations",-9.54499999999997
"Unrelated preparations",5.16388888888885
"Unrelated preparations",-19.63
"Unrelated preparations",-8.40055555555556
"Unrelated preparations",-21.2683333333333
"Unrelated preparations",-13.5705555555556
"Unrelated preparations",-12.2433333333333
"Unrelated preparations",-16.5861111111111
"Unrelated preparations",-15.1011111111111
"Unrelated preparations",-3.58555555555554
"Unrelated preparations",-16.5622222222222
"Unrelated preparations",2.95611111111111
"Unrelated preparations",-0.956111111111085
"Unrelated preparations",-15.5905555555556
"Unrelated preparations",-16.01
"Unrelated preparations",-10.065
"Unrelated preparations",-29.2372222222222
"Unrelated preparations",-2.92833333333334
"Unrelated preparations",-13.2672222222222
"Unrelated preparations",-11.6077777777778
"Unrelated preparations",-16.6105555555556
"Unrelated preparations",-13.9616666666667
"Unrelated preparations",-17.8133333333333
"Unrelated preparations",-14.2294444444444
"Unrelated preparations",8.85166666666669
"Unrelated preparations",-13.0933333333333
"Unrelated preparations",-16.2172222222222
"Unrelated preparations",-26.0644444444444
"Unrelated preparations",-6.8461111111111
"Unrelated preparations",-23.5777777777778
"Unrelated preparations",-9.00166666666667
"Unrelated preparations",-7.09111111111108
"Unrelated preparations",-22.1555555555556
"Unrelated preparations",-15.01
"Unrelated preparations",-9.68666666666668
"Unrelated preparations",-14.0561111111111
"Unrelated preparations",-2.72111111111111
"Unrelated preparations",-16.5644444444444
"Unrelated preparations",-30.8461111111111
"Unrelated preparations",-19.495
"Unrelated preparations",-19.5327777777778
"Unrelated preparations",-14.4638888888889
"Unrelated preparations",-6.14333333333332
"Unrelated preparations",-27.5944444444444
"Unrelated preparations",-7.49333333333334
"Unrelated preparations",-33.8655555555556
"Unrelated preparations",-26.6244444444444
"Unrelated preparations",-11.8016666666667
"Unrelated preparations",-0.198333333333338
"Unrelated preparations",-14.8833333333333
"Unrelated preparations",-13.66
"Unrelated preparations",-24.1705555555556
"Unrelated preparations",-15.0683333333333
"Unrelated preparations",-4.03444444444445
"Unrelated preparations",-31.4044444444444
"Unrelated preparations",-12.9755555555556
"Unrelated preparations",-9.52166666666669
"Unrelated preparations",-3.58444444444446
"Unrelated preparations",0.24388888888889
"Unrelated preparations",-16.7461111111111
"Unrelated preparations",-16.12
"Unrelated preparations",-27.9994444444444
"Unrelated preparations",-5.74333333333335
"Unrelated preparations",-6.48277777777777
"Unrelated preparations",-24.4688888888889
"Unrelated preparations",1.39388888888891
"Unrelated preparations",-24.1077777777778
"Unrelated preparations",-17.7588888888889
"Unrelated preparations",-13.615
"Unrelated preparations",6.7311111111111
"Unrelated preparations",-26.0477777777778
"Unrelated preparations",10.2361111111111
"Unrelated preparations",-12.4366666666667
"Unrelated preparations",-17.4661111111111
"Unrelated preparations",-14.6944444444444
"Unrelated preparations",-13.3711111111111
"Unrelated preparations",-16.0266666666667
"Unrelated preparations",-32.0705555555556
"Unrelated preparations",-3.72611111111111
"Unrelated preparations",-27.3322222222222
"Unrelated preparations",2.46333333333332
"Unrelated preparations",-7.61222222222221
"Unrelated preparations",-1.23333333333335
"Unrelated preparations",-7.64888888888888
"Unrelated preparations",-3.10722222222222
"Unrelated preparations",-18.1127777777778
"Unrelated preparations",-14.8
"Unrelated preparations",-12.9733333333333
"Unrelated preparations",-4.76444444444442
"Unrelated preparations",-25.8094444444444
"Unrelated preparations",1.01000000000001
"Unrelated preparations",-21.64
"Unrelated preparations",-12.7255555555556
"Unrelated preparations",-14.6072222222222
"Unrelated preparations",-1.26388888888886
"Unrelated preparations",-10.2733333333333
"Unrelated preparations",-12.4055555555556
"Unrelated preparations",-9.35333333333335
"Unrelated preparations",-28.0544444444444
"Unrelated preparations",-26.9044444444445
"Unrelated preparations",-16.5788888888889
"Unrelated preparations",-21.5555555555556
"Unrelated preparations",-9.71555555555557
"Unrelated preparations",-15.6283333333333
"Unrelated preparations",-20.3188888888889
"Unrelated preparations",-17.0355555555555
"Unrelated preparations",-26.1322222222222
"Unrelated preparations",9.70888888888891
"Unrelated preparations",-14.4905555555556
"Unrelated preparations",-3.59388888888888
"Unrelated preparations",-29.7827777777778
"Unrelated preparations",1.59222222222223
"Unrelated preparations",-20.6961111111111
"Unrelated preparations",-17.4461111111111
"Unrelated preparations",-15.6
"Unrelated preparations",-8.52555555555556
"Unrelated preparations",-27.5005555555555
"Unrelated preparations",-16.9083333333333
"Unrelated preparations",-3.15777777777781
"Unrelated preparations",-3.54222222222222
"Unrelated preparations",-37.8444444444444
"Unrelated preparations",-2.6738888888889
"Unrelated preparations",-22.5427777777778
"Unrelated preparations",-2.43444444444444
"Unrelated preparations",-15.0683333333333
"Unrelated preparations",-8.135
"Unrelated preparations",-35.9461111111111
"Unrelated preparations",-10.0816666666667
"Unrelated preparations",-12.9705555555556
"Unrelated preparations",-5.3961111111111
"Unrelated preparations",-13.085
"Unrelated preparations",-19.7466666666666
"Unrelated preparations",-15.6316666666667
"Unrelated preparations",-13.0338888888889
"Unrelated preparations",-15.9161111111111
"Unrelated preparations",1.37333333333333
"Unrelated preparations",-10.1727777777778
"Unrelated preparations",-24.97
"Unrelated preparations",-8.08388888888888
"Unrelated preparations",-30.3166666666667
"Unrelated preparations",-5.24333333333334
"Unrelated preparations",-17.2055555555555
"Unrelated preparations",-10.8183333333333
"Unrelated preparations",-4.11555555555557
"Unrelated preparations",-17.1561111111111
"Unrelated preparations",-12.5222222222222
"Unrelated preparations",-14.4055555555555
"Unrelated preparations",-19.0111111111111
"Unrelated preparations",-22.4094444444445
"Unrelated preparations",-24.2688888888889
"Unrelated preparations",-18.295
"Unrelated preparations",-11.4
"Unrelated preparations",-17.3405555555556
"Unrelated preparations",1.51166666666666
"Unrelated preparations",-18.2172222222222
"Unrelated preparations",0.563888888888883
"Unrelated preparations",-2.66500000000001
"Unrelated preparations",-28.2811111111111
"Unrelated preparations",-12.4905555555555
"Unrelated preparations",-26.5972222222222
"Unrelated preparations",-28.2627777777778
"Unrelated preparations",-9.25388888888888
"Unrelated preparations",-8.92944444444446
"Unrelated preparations",-18.5733333333333
"Unrelated preparations",-16.4183333333334
"Unrelated preparations",-8.88499999999998
"Unrelated preparations",-23.8783333333333
"Unrelated preparations",-23.8422222222222
"Unrelated preparations",-19.5805555555555
"Unrelated preparations",-24.1661111111111
"Unrelated preparations",-21.8794444444445
"Unrelated preparations",-15.6566666666667
"Unrelated preparations",-16.8977777777778
"Unrelated preparations",-9.47888888888892
"Unrelated preparations",-15.0083333333333
"Unrelated preparations",-33.0005555555555
"Unrelated preparations",-13.6944444444445
"Unrelated preparations",-16.3083333333333
"Unrelated preparations",-16.1055555555556
"Unrelated preparations",-30.5766666666667
"Unrelated preparations",-5.46555555555555
"Unrelated preparations",-22.3961111111111
"Unrelated preparations",-20.45
"Unrelated preparations",-18.06
"Unrelated preparations",-10.5516666666667
"Unrelated preparations",2.2788888888889
"Unrelated preparations",-7.60333333333334
"Unrelated preparations",-27.7766666666667
"Unrelated preparations",-7.75777777777776
"Unrelated preparations",-20.6577777777778
"Unrelated preparations",-5.81222222222222
"Unrelated preparations",-9.70222222222223
"Unrelated preparations",-20.755
"Unrelated preparations",-3.79444444444444
"Unrelated preparations",-27.1661111111111
"Unrelated preparations",3.16222222222223
"Unrelated preparations",-36.3988888888889
"Unrelated preparations",-14.8177777777778
"Unrelated preparations",-13.8927777777778
"Unrelated preparations",-8.26222222222223
"Unrelated preparations",-12.8372222222222
"Unrelated preparations",-11.285
"Unrelated preparations",-13.1844444444445
"Unrelated preparations",-16.8005555555555
"Unrelated preparations",1.79333333333331
"Unrelated preparations",-11.7083333333333
"Unrelated preparations",-23.9361111111111
"Unrelated preparations",-13.1733333333333
"Unrelated preparations",-14.4155555555556
"Unrelated preparations",-15.7505555555556
"Unrelated preparations",-20.1677777777778
"Unrelated preparations",-16.7222222222222
"Unrelated preparations",-16.6983333333333
"Unrelated preparations",-6.27722222222222
"Unrelated preparations",-32.3716666666667
"Unrelated preparations",-12.0094444444444
"Unrelated preparations",-39.8644444444445
"Unrelated preparations",-18.1166666666667
"Unrelated preparations",-14.7194444444444
"Unrelated preparations",-20.1244444444444
"Unrelated preparations",-3.17333333333335
"Unrelated preparations",-24.8255555555556
"Unrelated preparations",-7.1933333333333
"Unrelated preparations",-15.6455555555555
"Unrelated preparations",-1.62888888888889
"Unrelated preparations",-21.9555555555556
"Unrelated preparations",-22.4405555555555
"Unrelated preparations",-25.7411111111111
"Unrelated preparations",-20.3088888888889
"Unrelated preparations",0.608888888888885
"Unrelated preparations",-11.7738888888889
"Unrelated preparations",-20.1655555555555
"Unrelated preparations",-17.7116666666667
"Unrelated preparations",-22.7022222222222
"Unrelated preparations",-6.98944444444443
"Unrelated preparations",-17.3538888888889
"Unrelated preparations",-2.78722222222224
"Unrelated preparations",-20.6005555555555
"Unrelated preparations",-16.3261111111111
"Unrelated preparations",-16.9044444444444
"Unrelated preparations",-1.0288888888889
"Unrelated preparations",-8.92000000000002
"Unrelated preparations",-10.9061111111111
"Unrelated preparations",-22.5911111111111
"Unrelated preparations",-11.5388888888889
"Unrelated preparations",-12.0905555555555
"Unrelated preparations",-18.9322222222222
"Unrelated preparations",-9.7511111111111
"Unrelated preparations",-13.7255555555555
"Unrelated preparations",-22.2872222222222
"Unrelated preparations",-18.8411111111111
"Unrelated preparations",-9.33555555555556
"Unrelated preparations",-13.2038888888889
"Unrelated preparations",-20.9744444444444
"Unrelated preparations",-3.12833333333333
"Unrelated preparations",-24.8238888888889
"Unrelated preparations",-4.88888888888887
"Unrelated preparations",-17.4888888888889
"Unrelated preparations",-5.48444444444443
"Unrelated preparations",-29.6433333333333
"Unrelated preparations",-11.9705555555556
"Unrelated preparations",-18.9588888888889
"Unrelated preparations",-20.2016666666667
"Unrelated preparations",-23.8744444444445
"Unrelated preparations",-27.9555555555555
"Unrelated preparations",-16.7583333333333
"Unrelated preparations",-15.3944444444444
"Unrelated preparations",-14.5016666666667
"Unrelated preparations",-19.8644444444445
"Unrelated preparations",-15.4733333333333
"Unrelated preparations",-2.41499999999998
"Unrelated preparations",-23.8472222222222
"Unrelated preparations",-16.0777777777778
"Unrelated preparations",-0.394999999999996
"Unrelated preparations",-20.2766666666667
"Unrelated preparations",-9.17666666666665
"Unrelated preparations",-14.6388888888889
"Unrelated preparations",-25.5694444444444
"Unrelated preparations",-7.83944444444444
"Unrelated preparations",-25.53
"Unrelated preparations",-3.77166666666665
"Unrelated preparations",-27.4027777777778
"Unrelated preparations",-27.7038888888889
"Unrelated preparations",-12.9605555555556
"Unrelated preparations",-27.2944444444444
"Unrelated preparations",4.05555555555554
"Unrelated preparations",-25.6227777777778
"Unrelated preparations",-5.09944444444443
"Unrelated preparations",-18.9888888888889
"Unrelated preparations",-41.5033333333333
"Unrelated preparations",-12.5255555555556
"Unrelated preparations",-2.86444444444446
"Unrelated preparations",-11.6333333333333
"Unrelated preparations",-25.9344444444444
"Unrelated preparations",-8.30666666666669
"Unrelated preparations",-29.3744444444444
"Unrelated preparations",-6.06666666666668
"Unrelated preparations",-26.5027777777778
"Unrelated preparations",-8.31555555555556
"Unrelated preparations",-13.3633333333333
"Unrelated preparations",-31.7916666666667
"Unrelated preparations",1.70555555555553
"Unrelated preparations",-7.42333333333332
"Unrelated preparations",-16.5177777777778
"Unrelated preparations",3.71666666666664
"Unrelated preparations",2.8622222222222
"Unrelated preparations",-19.5716666666667
"Unrelated preparations",-10.3872222222222
"Unrelated preparations",-19.19
"Unrelated preparations",-16.7644444444444
"Unrelated preparations",0.672222222222231
"Unrelated preparations",-13.6233333333333
"Unrelated preparations",-4.535
"Unrelated preparations",-16.7477777777778
"Unrelated preparations",-9.74111111111111
"Unrelated preparations",2.25888888888889
"Unrelated preparations",-23.1866666666667
"Unrelated preparations",-12.03
"Unrelated preparations",-16.7172222222222
"Unrelated preparations",-16.6083333333333
"Unrelated preparations",-15.6872222222222
"Unrelated preparations",-2.63833333333332
"Unrelated preparations",-4.22666666666665
"Unrelated preparations",-31.275
"Unrelated preparations",-29.2794444444445
"Unrelated preparations",13.0666666666667
"Unrelated preparations",-11.4077777777778
"Unrelated preparations",-17.1161111111111
"Unrelated preparations",-20.4611111111111
"Unrelated preparations",-3.1588888888889
"Unrelated preparations",-30.6116666666667
"Unrelated preparations",-12.8688888888889
"Unrelated preparations",-18.1188888888889
"Unrelated preparations",-6.71500000000002
"Unrelated preparations",-27.9583333333333
"Unrelated preparations",-23.6016666666666
"Unrelated preparations",-20.2738888888889
"Unrelated preparations",-24.5677777777778
"Unrelated preparations",-22.0661111111111
"Unrelated preparations",-16.3427777777778
"Unrelated preparations",-13.9977777777778
"Unrelated preparations",-13.935
"Unrelated preparations",-18.7077777777778
"Unrelated preparations",-1.65166666666664
"Unrelated preparations",-18.9216666666667
"Unrelated preparations",-13.1255555555556
"Unrelated preparations",-4.37722222222223
"Unrelated preparations",-2.43333333333335
"Unrelated preparations",-13.6794444444444
"Unrelated preparations",-23.0288888888889
"Unrelated preparations",-8.86000000000001
"Unrelated preparations",-3.61555555555555
"Unrelated preparations",-12.6133333333333
"Unrelated preparations",-25.4833333333333
"Unrelated preparations",-14.8427777777777
"Unrelated preparations",-27.5144444444445
"Unrelated preparations",-14.3366666666667
"Unrelated preparations",-5.16722222222222
"Unrelated preparations",-20.5911111111111
"Unrelated preparations",-17.0644444444444
"Unrelated preparations",-14.8066666666667
"Unrelated preparations",-8.14166666666667
"Unrelated preparations",-12.855
"Unrelated preparations",-16.9838888888889
"Unrelated preparations",15.6544444444444
"Unrelated preparations",-23.0272222222222
"Unrelated preparations",-30.7022222222222
"Unrelated preparations",-10.0322222222222
"Unrelated preparations",-0.202777777777797
"Unrelated preparations",-12.2566666666667
"Unrelated preparations",-18.9133333333333
"Unrelated preparations",-21.4233333333333
"Unrelated preparations",-27.0533333333334
"Unrelated preparations",4.66666666666667
"Unrelated preparations",-16.1577777777778
"Unrelated preparations",-12.9616666666667
"Unrelated preparations",-12.9322222222223
"Unrelated preparations",-17.1016666666667
"Unrelated preparations",-7.69388888888889
"Unrelated preparations",-10.8777777777778
"Unrelated preparations",-21.1088888888889
"Unrelated preparations",-10.3477777777778
"Unrelated preparations",-28.5883333333333
"Unrelated preparations",-21.0311111111111
"Unrelated preparations",-20.2316666666667
"Unrelated preparations",-7.25444444444443
"Unrelated preparations",-8.90222222222222
"Unrelated preparations",-27.4511111111111
"Unrelated preparations",-16.4411111111111
"Unrelated preparations",-2.78944444444444
"Unrelated preparations",-14.8611111111111
"Unrelated preparations",-11.6038888888889
"Unrelated preparations",-8.25444444444445
"Unrelated preparations",-16.9255555555556
"Unrelated preparations",0.572222222222223
"Unrelated preparations",-13.0494444444444
"Unrelated preparations",-14.0927777777778
"Unrelated preparations",0.01111111111112
"Unrelated preparations",-20.3261111111111
"Unrelated preparations",-20.7816666666667
"Unrelated preparations",-14.3555555555556
"Unrelated preparations",-15.4344444444444
"Unrelated preparations",9.60722222222222
"Unrelated preparations",-10.1494444444445
"Unrelated preparations",-24.0816666666666
"Unrelated preparations",-7.49277777777777
"Unrelated preparations",-26.5116666666666
"Unrelated preparations",-9.09333333333335
"Unrelated preparations",-13.78
"Unrelated preparations",-22.255
"Unrelated preparations",-22.7888888888889
"Unrelated preparations",-11.0361111111111
"Unrelated preparations",-14.6661111111111
"Unrelated preparations",-16.0894444444445
"Unrelated preparations",2.16888888888889
"Unrelated preparations",-50.2055555555556
"Unrelated preparations",-12.6077777777778
"Unrelated preparations",-10.5327777777778
"Unrelated preparations",-35.975
"Unrelated preparations",-17.2222222222222
"Unrelated preparations",-2.53388888888888
"Unrelated preparations",-16.2166666666667
"Unrelated preparations",-17.1683333333333
"Unrelated preparations",-7.29833333333335
"Unrelated preparations",-2.01722222222224
"Unrelated preparations",-15.2866666666666
"Unrelated preparations",-12.64
"Unrelated preparations",1.36666666666665
"Unrelated preparations",-7.81777777777775
"Unrelated preparations",-16.8438888888889
"Unrelated preparations",-5.62777777777777
"Unrelated preparations",-17.3938888888889
"Unrelated preparations",-7.17055555555555
"Unrelated preparations",-11.9194444444445
"Unrelated preparations",-17.5416666666666
"Unrelated preparations",-15.6155555555556
"Unrelated preparations",-15.77
"Unrelated preparations",-11.365
"Unrelated preparations",-2.01944444444442
"Unrelated preparations",-9.91333333333334
"Unrelated preparations",-14.7022222222222
"Unrelated preparations",-8.33111111111111
"Unrelated preparations",-2.87944444444447
"Unrelated preparations",-26.8127777777778
"Unrelated preparations",-8.7977777777778
"Unrelated preparations",-20.6116666666667
"Unrelated preparations",-4.27555555555554
"Unrelated preparations",-17.47
"Unrelated preparations",-1.86999999999999
"Unrelated preparations",-25.0588888888889
"Unrelated preparations",-22.36
"Unrelated preparations",-8.64333333333335
"Unrelated preparations",-11.8516666666667
"Unrelated preparations",-15.3711111111111
"Unrelated preparations",-15.4588888888889
"Unrelated preparations",1.84888888888889
"Unrelated preparations",-33.7827777777778
"Unrelated preparations",-19.7077777777778
"Unrelated preparations",-30.4811111111111
"Unrelated preparations",-4.73388888888888
"Unrelated preparations",-30.7216666666667
"Unrelated preparations",-24.5127777777778
"Unrelated preparations",-30.8538888888889
"Unrelated preparations",-24.6677777777778
"Unrelated preparations",-8.39555555555556
"Unrelated preparations",-21.4311111111111
"Unrelated preparations",-23.1983333333333
"Unrelated preparations",-14.2194444444444
"Unrelated preparations",4.33388888888891
"Unrelated preparations",14.6788888888889
"Unrelated preparations",-21.4916666666667
"Unrelated preparations",-16.915
"Unrelated preparations",-6.52944444444442
"Unrelated preparations",6.54555555555557
"Unrelated preparations",-20.5666666666667
"Unrelated preparations",-18.5366666666667
"Unrelated preparations",-3.93055555555554
"Unrelated preparations",-15.6838888888889
"Unrelated preparations",-20.4961111111111
"Unrelated preparations",-14.6405555555556
"Unrelated preparations",-3.17222222222222
"Unrelated preparations",-0.774999999999991
"Unrelated preparations",-2.70999999999999
"Unrelated preparations",6.13722222222222
"Unrelated preparations",-17.4805555555556
"Unrelated preparations",-23.8472222222222
"Unrelated preparations",-16.0394444444445
"Unrelated preparations",14.6044444444445
"Unrelated preparations",-14.0288888888889
"Unrelated preparations",-9.72277777777778
"Unrelated preparations",-14.1861111111111
"Unrelated preparations",-16.8505555555556
"Unrelated preparations",-10.95
"Unrelated preparations",-10.52
"Unrelated preparations",-8.82944444444445
"Unrelated preparations",-13.5633333333333
"Unrelated preparations",4.43277777777777
"Unrelated preparations",-6.365
"Unrelated preparations",-7.93722222222222
"Unrelated preparations",-10.0611111111111
"Unrelated preparations",-16.5288888888889
"Unrelated preparations",-10.2788888888889
"Unrelated preparations",-18.8277777777778
"Unrelated preparations",-10.6305555555556
"Unrelated preparations",-6.76777777777777
"Unrelated preparations",-2.52166666666666
"Unrelated preparations",-26.0277777777778
"Unrelated preparations",-13.9866666666666
"Unrelated preparations",-17.1394444444444
"Unrelated preparations",12.6705555555556
"Unrelated preparations",-23.5227777777778
"Unrelated preparations",-3.28833333333331
"Unrelated preparations",-6.23888888888889
"Unrelated preparations",0.125555555555565
"Unrelated preparations",-4.84055555555555
"Unrelated preparations",-6.07222222222224
"Unrelated preparations",-9.34055555555557
"Unrelated preparations",-6.70888888888889
"Unrelated preparations",-8.04555555555555
"Unrelated preparations",-9.15055555555557
"Unrelated preparations",-34.7822222222222
"Unrelated preparations",-18.4783333333333
"Unrelated preparations",-18.1177777777778
"Unrelated preparations",-2.54111111111109
"Unrelated preparations",-9.43499999999999
"Unrelated preparations",-16.0455555555556
"Unrelated preparations",-24.8627777777778
"Unrelated preparations",-12.1388888888889
"Unrelated preparations",-16.9116666666667
"Unrelated preparations",-14.8088888888889
"Unrelated preparations",-4.00444444444443
"Unrelated preparations",-5.13888888888889
"Unrelated preparations",-20.0066666666667
"Unrelated preparations",-28.5444444444445
"Unrelated preparations",-18.0166666666667
"Unrelated preparations",-16.2566666666667
"Unrelated preparations",-17.2538888888889
"Unrelated preparations",-20.6633333333334
"Unrelated preparations",-11.1616666666667
"Unrelated preparations",-9.24111111111111
"Unrelated preparations",-17.6794444444445
"Unrelated preparations",-3.69
"Unrelated preparations",-17.4444444444444
"Unrelated preparations",-19.2166666666667
"Unrelated preparations",-18.7116666666667
"Unrelated preparations",-11.7666666666667
"Unrelated preparations",-10.8483333333333
"Unrelated preparations",-16.0427777777778
"Unrelated preparations",-1.19500000000002
"Unrelated preparations",-14.9094444444445
"Unrelated preparations",-14.545
"Unrelated preparations",-14.5105555555556
"Unrelated preparations",-6.42888888888889
"Unrelated preparations",-2.02055555555557
"Unrelated preparations",-6.13888888888887
"Unrelated preparations",-14.9022222222222
"Unrelated preparations",-7.48666666666668
"Unrelated preparations",-30.2694444444444
"Unrelated preparations",-5.5011111111111
"Unrelated preparations",4.76666666666667
"Unrelated preparations",-21.7633333333333
"Unrelated preparations",-20.3433333333333
"Unrelated preparations",-1.95999999999999
"Unrelated preparations",-2.935
"Unrelated preparations",-1.90722222222219
"Unrelated preparations",0.021666666666647
"Unrelated preparations",-5.855
"Unrelated preparations",-19.8661111111111
"Unrelated preparations",-12.2266666666667
"Unrelated preparations",-15.2438888888889
"Unrelated preparations",-18.9905555555555
"Unrelated preparations",-0.378888888888895
"Unrelated preparations",-22.2972222222222
"Unrelated preparations",-9.51944444444445
"Unrelated preparations",-23.0627777777778
"Unrelated preparations",5.17944444444444
"Unrelated preparations",-11.3927777777778
"Unrelated preparations",-18.8644444444445
"Unrelated preparations",-12.9977777777778
"Unrelated preparations",-10.8605555555556
"Unrelated preparations",-20.735
"Unrelated preparations",-16.9416666666667
"Unrelated preparations",-6.56222222222223
"Unrelated preparations",-23.6561111111111
"Unrelated preparations",-17.3205555555555
"Unrelated preparations",-12.3205555555555
"Unrelated preparations",6.39833333333335
"Unrelated preparations",5.69277777777775
"Unrelated preparations",13.2477777777778
"Unrelated preparations",-2.19444444444443
"Unrelated preparations",-16.52
"Unrelated preparations",-11.2538888888889
"Unrelated preparations",-20.1816666666667
"Unrelated preparations",-17.3577777777778
"Unrelated preparations",-25.2094444444444
"Unrelated preparations",-16.9216666666667
"Unrelated preparations",-2.27944444444445
"Unrelated preparations",-23.1655555555555
"Unrelated preparations",-10.6661111111111
"Unrelated preparations",-2.81111111111113
"Unrelated preparations",0.197222222222209
"Unrelated preparations",-4.27888888888889
"Unrelated preparations",-10.8816666666667
"Unrelated preparations",-5.10277777777779
"Unrelated preparations",-9.74444444444443
"Unrelated preparations",-7.45166666666668
"Unrelated preparations",-23.9911111111111
"Unrelated preparations",0.646666666666661
"Unrelated preparations",-13.115
"Unrelated preparations",7.0638888888889
"Unrelated preparations",-23.0572222222222
"Unrelated preparations",-14.3572222222222
"Unrelated preparations",-8.13499999999999
"Unrelated preparations",-16.1944444444444
"Unrelated preparations",7.74111111111111
"Unrelated preparations",-10.7983333333333
"Unrelated preparations",-21.3011111111111
"Unrelated preparations",6.37222222222225
"Unrelated preparations",-15.3205555555556
"Unrelated preparations",2.98555555555556
"Unrelated preparations",-11.9438888888889
"Unrelated preparations",-28.1738888888889
"Unrelated preparations",-13.235
"Unrelated preparations",-18.8533333333333
"Unrelated preparations",5.13611111111111
"Unrelated preparations",-28.0466666666667
"Unrelated preparations",-27.2344444444444
"Unrelated preparations",-5.73833333333334
"Unrelated preparations",-15.3933333333333
"Unrelated preparations",1.84333333333333
"Unrelated preparations",0.938888888888883
"Unrelated preparations",-28.3061111111112
"Unrelated preparations",-17.6133333333333
"Unrelated preparations",-23.01
"Unrelated preparations",-8.03166666666667
"Unrelated preparations",-18.7622222222222
"Unrelated preparations",-24.0888888888889
"Unrelated preparations",-19.5183333333333
"Unrelated preparations",-28.6672222222222
"Unrelated preparations",-2.02444444444444
"Unrelated preparations",-29.025
"Unrelated preparations",-19.4572222222222
"Unrelated preparations",2.62444444444442
"Unrelated preparations",-15.3627777777778
"Unrelated preparations",-40.3172222222222
"Unrelated preparations",-22.8183333333333
"Unrelated preparations",-1.80611111111112
"Unrelated preparations",-26.2388888888889
"Unrelated preparations",-11.3166666666667
"Unrelated preparations",-18.7394444444445
"Unrelated preparations",-3.30444444444443
"Unrelated preparations",-10.6322222222222
"Unrelated preparations",-23.0833333333333
"Unrelated preparations",1.00722222222224
"Unrelated preparations",-9.8727777777778
"Unrelated preparations",-22.3422222222222
"Unrelated preparations",-18.0477777777778
"Unrelated preparations",-4.92444444444446
"Unrelated preparations",-18.3788888888889
"Unrelated preparations",-15.4427777777778
"Unrelated preparations",-26.6333333333333
"Unrelated preparations",-9.79944444444443
"Unrelated preparations",-13.0227777777778
"Unrelated preparations",-11.4216666666667
"Unrelated preparations",-12.3022222222222
"Unrelated preparations",-1.28166666666668
"Unrelated preparations",-37.8872222222222
"Unrelated preparations",-13.1588888888889
"Unrelated preparations",-12.2283333333334
"Unrelated preparations",-6.60111111111111
"Unrelated preparations",-10.825
"Unrelated preparations",-5.86277777777777
"Unrelated preparations",-20.3583333333333
"Unrelated preparations",-10.0555555555556
"Unrelated preparations",-9.64944444444444
"Unrelated preparations",-11
"Unrelated preparations",-0.275555555555556
"Unrelated preparations",-11.5922222222222
"Unrelated preparations",5.17444444444445
"Unrelated preparations",-7.01555555555555
"Unrelated preparations",-19.3783333333333
"Unrelated preparations",-19.8077777777778
"Unrelated preparations",-26.6011111111111
"Unrelated preparations",-17.7055555555556
"Unrelated preparations",-12.9861111111111
"Unrelated preparations",-30.9883333333333
"Unrelated preparations",-20.6505555555556
"Unrelated preparations",-9.17444444444445
"Unrelated preparations",-18.0227777777778
"Unrelated preparations",-25.2433333333333
"Unrelated preparations",-2.63666666666668
"Unrelated preparations",-23.8516666666667
"Unrelated preparations",-13.5683333333333
"Unrelated preparations",-0.765555555555565
"Unrelated preparations",-23.6022222222222
"Unrelated preparations",-5.94888888888887
"Unrelated preparations",-4.74333333333334
"Unrelated preparations",-6.14777777777778
"Unrelated preparations",-4.395
"Unrelated preparations",-11.7066666666667
"Unrelated preparations",2.25666666666666
"Unrelated preparations",-27.6216666666667
"Unrelated preparations",-13.2305555555556
"Unrelated preparations",-13.1583333333333
"Unrelated preparations",-20.6255555555556
"Unrelated preparations",3.05277777777779
"Unrelated preparations",-23.075
"Unrelated preparations",-22.1894444444444
"Unrelated preparations",6.98555555555556
"Unrelated preparations",-9.05222222222221
"Unrelated preparations",-11.8183333333333
"Unrelated preparations",-7.08277777777778
"Unrelated preparations",-4.17944444444446
"Unrelated preparations",-16.1338888888889
"Unrelated preparations",-25.3783333333333
"Unrelated preparations",-12.7594444444445
"Unrelated preparations",-39.5694444444445
"Unrelated preparations",-31.6155555555556
"Unrelated preparations",-7.15388888888889
"Unrelated preparations",-3.73333333333332
"Unrelated preparations",-10.2616666666667
"Unrelated preparations",10.6355555555556
"Unrelated preparations",-12.0933333333333
"Unrelated preparations",-17.5438888888889
"Unrelated preparations",-1.52555555555554
"Unrelated preparations",-3.76500000000001
"Unrelated preparations",-14.2216666666667
"Unrelated preparations",-9.59833333333333
"Unrelated preparations",3.91055555555558
"Unrelated preparations",-4.18222222222221
"Unrelated preparations",-10.0183333333333
"Unrelated preparations",-11.2988888888889
"Unrelated preparations",9.75111111111111
"Unrelated preparations",-13.265
"Unrelated preparations",-3.37
"Unrelated preparations",-28.9655555555556
"Unrelated preparations",-25.6772222222222
"Unrelated preparations",-5.49833333333331
"Unrelated preparations",-13.1461111111111
"Unrelated preparations",-21.6083333333333
"Unrelated preparations",-32.2122222222222
"Unrelated preparations",9.15611111111113
"Unrelated preparations",-25.2038888888889
"Unrelated preparations",-5.71777777777778
"Unrelated preparations",-11.3111111111111
"Unrelated preparations",-25.3605555555556
"Unrelated preparations",-27.3233333333334
"Unrelated preparations",-15.2322222222222
"Unrelated preparations",-2.83277777777778
"Unrelated preparations",-14.8094444444444
"Unrelated preparations",-19.9594444444444
"Unrelated preparations",-14.1061111111111
"Unrelated preparations",-10.8244444444445
"Unrelated preparations",-12.8227777777778
"Unrelated preparations",-25.1705555555556
"Unrelated preparations",-25.5716666666667
"Unrelated preparations",-0.758333333333326
"Unrelated preparations",3.17777777777778
"Unrelated preparations",-31.4172222222222
"Unrelated preparations",-12.4422222222222
"Unrelated preparations",-22.8483333333333
"Unrelated preparations",-2.94444444444441
"Unrelated preparations",-14.3316666666667
"Unrelated preparations",-16.0605555555555
"Unrelated preparations",-27.9822222222222
"Unrelated preparations",-21.7183333333333
"Unrelated preparations",-20.6872222222222
"Unrelated preparations",-4.50555555555555
"Unrelated preparations",-16.6372222222222
"Unrelated preparations",-16.3138888888889
"Unrelated preparations",-12.9161111111111
"Unrelated preparations",-9.31666666666665
"Unrelated preparations",-7.91222222222221
"Unrelated preparations",-27.2244444444444
"Unrelated preparations",-2.9388888888889
"Unrelated preparations",-6.32833333333333
"Unrelated preparations",-19.245
"Unrelated preparations",-32.4866666666667
"Unrelated preparations",-25.3694444444445
"Unrelated preparations",-9.27444444444446
"Unrelated preparations",-8.57833333333333
"Unrelated preparations",-27.0777777777778
"Unrelated preparations",-25.0616666666667
"Unrelated preparations",-6.30277777777778
"Unrelated preparations",-6.66444444444446
"Unrelated preparations",-10.7144444444444
"Unrelated preparations",-39.2044444444444
"Unrelated preparations",-11.4811111111111
"Unrelated preparations",-27.9605555555555
"Unrelated preparations",-30.5333333333333
"Unrelated preparations",-19.0166666666667
"Unrelated preparations",6.34055555555555
"Unrelated preparations",-16.3394444444445
"Unrelated preparations",-25.5666666666667
"Unrelated preparations",-17.4688888888889
"Unrelated preparations",-19.2172222222222
"Unrelated preparations",-9.11000000000001
"Unrelated preparations",-11.3394444444444
"Unrelated preparations",-25.1005555555555
"Unrelated preparations",1.97444444444444
"Unrelated preparations",-15.5066666666667
"Unrelated preparations",-13.6694444444445
"Unrelated preparations",-9.03777777777779
"Unrelated preparations",-15.9822222222222
"Unrelated preparations",-20.9294444444444
"Unrelated preparations",-18.6833333333333
"Unrelated preparations",-14.4166666666667
"Unrelated preparations",-18.0555555555555
"Unrelated preparations",-16.6727777777778
"Unrelated preparations",-10.175
"Unrelated preparations",-12.015
"Unrelated preparations",-26.9527777777778
"Unrelated preparations",-0.0811111111110847
"Unrelated preparations",-24.2555555555556
"Unrelated preparations",-12.6744444444444
"Unrelated preparations",-8.13833333333334
"Unrelated preparations",-14.4561111111111
"Unrelated preparations",4.94666666666667
"Unrelated preparations",-17.3316666666667
"Unrelated preparations",-0.74111111111111
"Unrelated preparations",-32.4972222222222
"Unrelated preparations",-9.92166666666668
"Unrelated preparations",-21.8672222222222
"Unrelated preparations",-5.82666666666665
"Unrelated preparations",-2.54111111111112
"Unrelated preparations",-4.54833333333333
"Unrelated preparations",-14.205
"Unrelated preparations",-14.285
"Unrelated preparations",-5.31277777777777
"Unrelated preparations",-12.3105555555555
"Unrelated preparations",-11.8961111111111
"Unrelated preparations",-17.2288888888889
"Unrelated preparations",-31.1494444444445
"Unrelated preparations",-18.3222222222222
"Unrelated preparations",-18.7755555555555
"Unrelated preparations",-23.0227777777777
"Unrelated preparations",-7.82444444444445
"Unrelated preparations",-20.3283333333333
"Unrelated preparations",-17.6722222222222
"Unrelated preparations",-14.1655555555556
"Unrelated preparations",-13.2288888888889
"Unrelated preparations",-14.6961111111111
"Unrelated preparations",-2.63777777777776
"Unrelated preparations",-2.12
"Unrelated preparations",-10.9466666666667
"Unrelated preparations",-30.9522222222222
"Unrelated preparations",-13.9694444444444
"Unrelated preparations",-6.47833333333332
"Unrelated preparations",-14.2755555555555
"Unrelated preparations",-10.6583333333333
"Unrelated preparations",-10.8711111111111
"Unrelated preparations",-29.3833333333333
"Unrelated preparations",-25.2461111111111
"Unrelated preparations",-8.28888888888889
"Unrelated preparations",-7.37833333333337
"Unrelated preparations",-13.4094444444444
"Unrelated preparations",-13.4866666666667
"Unrelated preparations",-18.5472222222222
"Unrelated preparations",-8.29444444444442
"Unrelated preparations",-15.4738888888889
"Unrelated preparations",-18.835
"Unrelated preparations",-14.2716666666667
"Unrelated preparations",-25.3116666666667
"Unrelated preparations",-7.80611111111109
"Unrelated preparations",-28.38
"Unrelated preparations",-27.7105555555556
"Unrelated preparations",-2.34388888888888
"Unrelated preparations",-15.1038888888889
"Unrelated preparations",-14.3161111111111
"Unrelated preparations",-5.46777777777781
"Unrelated preparations",-12.8166666666667
"Unrelated preparations",-17.2644444444445
"Unrelated preparations",-9.7511111111111
"Unrelated preparations",-19.8738888888889
"Unrelated preparations",-13.14
"Unrelated preparations",-6.08
"Unrelated preparations",-23.9777777777778
"Unrelated preparations",-11.7827777777778
"Unrelated preparations",-21.835
"Unrelated preparations",-18.2588888888889
"Unrelated preparations",-13.7005555555556
"Unrelated preparations",-16.6355555555555
"Unrelated preparations",-19.6022222222222
"Unrelated preparations",-19.3494444444445
"Unrelated preparations",-17.7761111111111
"Unrelated preparations",-10.0511111111111
"Unrelated preparations",-11.1522222222222
"Unrelated preparations",-4.80222222222223
"Unrelated preparations",-32.0983333333333
"Unrelated preparations",-10.3877777777778
"Unrelated preparations",-20.18
"Unrelated preparations",-9.1538888888889
"Unrelated preparations",-26.4288888888889
"Unrelated preparations",-16.0188888888889
"Unrelated preparations",-13.8633333333333
"Unrelated preparations",-23.8466666666667
"Unrelated preparations",-18.8033333333333
"Unrelated preparations",-0.555000000000007
"Unrelated preparations",-20.5883333333333
"Unrelated preparations",-5.78722222222221
"Unrelated preparations",-21.7172222222222
"Unrelated preparations",-9.29499999999997
"Unrelated preparations",-13.0261111111111
"Unrelated preparations",-19.4422222222222
"Unrelated preparations",-13.5788888888889
"Unrelated preparations",-12.0805555555556
"Unrelated preparations",-7.60111111111111
"Unrelated preparations",-19.4244444444444
"Unrelated preparations",-14.2211111111111
"Unrelated preparations",-6.78222222222225
"Unrelated preparations",-20.1538888888889
"Unrelated preparations",-31.7161111111111
"Unrelated preparations",-7.9061111111111
"Unrelated preparations",-20.0655555555556
"Unrelated preparations",-4.55388888888889
"Unrelated preparations",-9.43944444444446
"Unrelated preparations",-15.4516666666667
"Unrelated preparations",-19.4055555555556
"Unrelated preparations",-12.01
"Unrelated preparations",-1.48611111111113
"Unrelated preparations",-16.4455555555555
"Unrelated preparations",-23.775
"Unrelated preparations",7.18444444444444
"Unrelated preparations",-11.74
"Unrelated preparations",-24.0144444444445
"Unrelated preparations",-28.3361111111111
"Unrelated preparations",-15.4505555555556
"Unrelated preparations",-15.4788888888889
"Unrelated preparations",-8.85611111111112
"Unrelated preparations",-16.055
"Unrelated preparations",-22.3105555555555
"Unrelated preparations",-24.2422222222222
"Unrelated preparations",-0.181666666666658
"Unrelated preparations",-7.03722222222223
"Unrelated preparations",-13.2877777777778
"Unrelated preparations",-6.15333333333332
"Unrelated preparations",-8.24722222222221
"Unrelated preparations",-19.6938888888889
"Unrelated preparations",4.12722222222224
"Unrelated preparations",-16.8305555555555
"Unrelated preparations",-19.1227777777778
"Unrelated preparations",-10.9033333333333
"Unrelated preparations",-15.5305555555556
"Unrelated preparations",-3.85944444444443
"Unrelated preparations",-26.4244444444444
"Unrelated preparations",-24.7922222222222
"Unrelated preparations",-12.6244444444444
"Unrelated preparations",-9.90722222222223
"Unrelated preparations",-27.7211111111111
"Unrelated preparations",-22.2077777777778
"Unrelated preparations",-11.6361111111111
"Unrelated preparations",-22.01
"Unrelated preparations",-9.82388888888887
"Unrelated preparations",0.765555555555565
"Unrelated preparations",-6.42999999999998
"Unrelated preparations",-16.1522222222222
"Unrelated preparations",-8.84944444444443
"Unrelated preparations",-6.81166666666667
"Unrelated preparations",-6.84999999999997
"Unrelated preparations",-17.1894444444444
"Unrelated preparations",-23.0972222222222
"Unrelated preparations",1.22777777777777
"Unrelated preparations",-9.49388888888888
"Unrelated preparations",-24.7588888888889
"Unrelated preparations",-15.3811111111111
"Unrelated preparations",-25.5594444444444
"Unrelated preparations",-12.3044444444444
"Unrelated preparations",1.16333333333333
"Unrelated preparations",-20.755
"Unrelated preparations",-14.5938888888889
"Unrelated preparations",-27.6416666666667
"Unrelated preparations",-21.005
"Unrelated preparations",-11.6705555555555
"Unrelated preparations",-26.53
"Unrelated preparations",-17.7633333333333
"Unrelated preparations",-13.2894444444444
"Unrelated preparations",-30.1933333333333
"Unrelated preparations",-12.4305555555556
"Unrelated preparations",-4.53833333333333
"Unrelated preparations",-16.8172222222222
"Unrelated preparations",-26.435
"Unrelated preparations",-16.5855555555556
"Unrelated preparations",-24.9366666666667
"Unrelated preparations",-31.8766666666666
"Unrelated preparations",-23.3611111111111
"Unrelated preparations",-5.4088888888889
"Unrelated preparations",-21.6466666666666
"Unrelated preparations",-11.105
"Unrelated preparations",-29.4055555555556
"Unrelated preparations",-12.2616666666667
"Unrelated preparations",-4.01388888888891
"Unrelated preparations",-10.9272222222222
"Unrelated preparations",-0.774999999999991
"Unrelated preparations",-7.85666666666665
"Unrelated preparations",-23.9644444444444
"Unrelated preparations",-34.3011111111111
"Unrelated preparations",-19.6433333333333
"Unrelated preparations",-9.34499999999997
"Unrelated preparations",-31.2172222222222
"Unrelated preparations",-25.6522222222222
"Unrelated preparations",-22.7427777777778
"Unrelated preparations",-22.7427777777778
"Unrelated preparations",-18.6283333333333
"Unrelated preparations",-12.1488888888889
"Unrelated preparations",-14.5238888888889
"Unrelated preparations",-1.565
"Unrelated preparations",-27.0588888888889
"Unrelated preparations",-0.284444444444446
"Unrelated preparations",-10.1033333333333
"Unrelated preparations",-21.6666666666667
"Unrelated preparations",-16.3788888888889
"Unrelated preparations",-14.6861111111111
"Unrelated preparations",-13.3805555555556
"Unrelated preparations",-24.1488888888889
"Unrelated preparations",-18.3561111111111
"Unrelated preparations",-23.4083333333333
"Unrelated preparations",2.89666666666668
"Unrelated preparations",-11.7227777777778
"Unrelated preparations",-4.97111111111114
"Unrelated preparations",-22.8944444444444
"Unrelated preparations",-15.2188888888889
"Unrelated preparations",-16.7433333333333
"Unrelated preparations",-18.0588888888889
"Unrelated preparations",-24.3194444444444
"Unrelated preparations",-14.0672222222222
"Unrelated preparations",-21.5394444444445
"Unrelated preparations",-2.75222222222222
"Unrelated preparations",-10.7166666666667
"Unrelated preparations",-25.2638888888889
"Unrelated preparations",1.60333333333332
"Unrelated preparations",-23.2616666666667
"Unrelated preparations",-15.1322222222222
"Unrelated preparations",-14.5133333333333
"Unrelated preparations",-34.49
"Unrelated preparations",-11.155
"Unrelated preparations",-13.8805555555555
"Unrelated preparations",-23.0155555555556
"Unrelated preparations",4.61555555555555
"Unrelated preparations",-14.4516666666667
"Unrelated preparations",-13.8155555555556
"Unrelated preparations",-9.25277777777777
"Unrelated preparations",-20.2805555555556
"Unrelated preparations",-13.4616666666667
"Unrelated preparations",-14.5288888888889
"Unrelated preparations",-15.2188888888889
"Unrelated preparations",-13.5755555555555
"Unrelated preparations",-4.48833333333333
"Unrelated preparations",-20.32
"Unrelated preparations",-18.5844444444444
"Unrelated preparations",-5.15000000000002
"Unrelated preparations",-26.1588888888889
"Unrelated preparations",-22.8677777777778
"Unrelated preparations",-26.3838888888889
"Unrelated preparations",-21.0027777777778
"Unrelated preparations",-4.31388888888891
"Unrelated preparations",-15.2694444444444
"Unrelated preparations",-33.7866666666667
"Unrelated preparations",-14.3116666666667
"Unrelated preparations",-6.43888888888888
"Unrelated preparations",-36.0905555555556
"Unrelated preparations",-10.6205555555555
"Unrelated preparations",-20.03
"Unrelated preparations",-11.4655555555556
"Unrelated preparations",-28.3288888888889
"Unrelated preparations",-19.1511111111111
"Unrelated preparations",-30.4261111111111
"Unrelated preparations",1.005
"Unrelated preparations",-25.0722222222222
"Unrelated preparations",-4.85555555555557
"Unrelated preparations",3.82777777777778
"Unrelated preparations",-20.3461111111111
"Unrelated preparations",-1.45333333333335
"Unrelated preparations",-24.77
"Unrelated preparations",-11.3722222222222
"Unrelated preparations",-7.28999999999998
"Unrelated preparations",-42.6238888888889
"Unrelated preparations",12.9527777777778
"Unrelated preparations",-39.98
"Unrelated preparations",-23.8972222222222
"Unrelated preparations",-6.60666666666667
"Unrelated preparations",-42.0744444444445
"Unrelated preparations",-15.6083333333333
"Unrelated preparations",-9.56
"Unrelated preparations",-21.0522222222222
"Unrelated preparations",-7.47833333333332
"Unrelated preparations",-11.9122222222222
"Unrelated preparations",-12.7611111111111
"Unrelated preparations",-17.705
"Unrelated preparations",-9.30055555555556
"Unrelated preparations",-5.15000000000001
"Unrelated preparations",-12.2172222222222
"Unrelated preparations",8.23444444444445
"Unrelated preparations",-5.55944444444444
"Unrelated preparations",-17.8227777777778
"Unrelated preparations",-9.235
"Unrelated preparations",-28.5983333333333
"Unrelated preparations",-12.8105555555555
"Unrelated preparations",-12.5905555555556
"Unrelated preparations",-11.3161111111111
"Unrelated preparations",-12.0338888888889
"Unrelated preparations",-16.7727777777778
"Unrelated preparations",-15.04
"Unrelated preparations",-18.3083333333333
"Unrelated preparations",-12.165
"Unrelated preparations",-7.53333333333332
"Unrelated preparations",-24.6055555555556
"Unrelated preparations",-16.0816666666667
"Unrelated preparations",-9.59833333333334
"Unrelated preparations",-19.2105555555556
"Unrelated preparations",-0.217222222222233
"Unrelated preparations",-20.2916666666667
"Unrelated preparations",-8.76055555555554
"Unrelated preparations",-14.5972222222222
"Unrelated preparations",-25.55
"Unrelated preparations",-23.2111111111111
"Unrelated preparations",-3.91166666666668
"Unrelated preparations",-34.5366666666667
"Unrelated preparations",-23.1494444444444
"Unrelated preparations",-18.1055555555556
"Unrelated preparations",2.8577777777778
"Unrelated preparations",-5.58333333333333
"Unrelated preparations",-10.5866666666667
"Unrelated preparations",-7.77666666666667
"Unrelated preparations",-17.5122222222222
"Unrelated preparations",-9.33222222222223
"Unrelated preparations",-12.1794444444444
"Unrelated preparations",-22.9661111111111
"Unrelated preparations",-31.2244444444445
"Unrelated preparations",-9.2288888888889
"Unrelated preparations",-11.9766666666667
"Unrelated preparations",-8.295
"Unrelated preparations",-14.2861111111111
"Unrelated preparations",-31.7655555555556
"Unrelated preparations",9.13888888888887
"Unrelated preparations",-12.5227777777778
"Unrelated preparations",-23.9127777777778
"Unrelated preparations",0.868888888888904
"Unrelated preparations",-8.40555555555557
"Unrelated preparations",-4.06500000000001
"Unrelated preparations",-3.67277777777777
"Unrelated preparations",-12.9777777777778
"Unrelated preparations",-10.4622222222222
"Unrelated preparations",-10.5766666666667
"Unrelated preparations",-22.345
"Unrelated preparations",-14.4688888888889
"Unrelated preparations",-6.55833333333337
"Unrelated preparations",-10.5288888888889
"Unrelated preparations",-17.4822222222222
"Unrelated preparations",-4.96222222222224
"Unrelated preparations",-15.1083333333333
"Unrelated preparations",-10.7361111111111
"Unrelated preparations",-6.90277777777776
"Unrelated preparations",-29.6111111111111
"Unrelated preparations",-16.7644444444445
"Unrelated preparations",-20.7538888888889
"Unrelated preparations",-15.4761111111111
"Unrelated preparations",-11.2572222222222
"Unrelated preparations",-13.4866666666667
"Unrelated preparations",-12.5894444444444
"Unrelated preparations",-7.89499999999998
"Unrelated preparations",-5.15277777777777
"Unrelated preparations",7.82333333333332
"Unrelated preparations",-13.35
"Unrelated preparations",-23.4194444444445
"Unrelated preparations",-14.4261111111111
"Unrelated preparations",-16.1922222222222
"Unrelated preparations",-4.3422222222222
"Unrelated preparations",-26.9577777777778
"Unrelated preparations",-2.82999999999997
"Unrelated preparations",-15.9711111111111
"Unrelated preparations",-13.3833333333334
"Unrelated preparations",-12.3911111111111
"Unrelated preparations",-11.5811111111111
"Unrelated preparations",-3.33166666666665
"Unrelated preparations",-15.8966666666667
"Unrelated preparations",-3.52111111111111
"Unrelated preparations",-6.19611111111112
"Unrelated preparations",1.21666666666665
"Unrelated preparations",-6.79777777777775
"Unrelated preparations",-24.9005555555556
"Unrelated preparations",11.7005555555556
"Unrelated preparations",-20.7216666666667
"Unrelated preparations",-16.0194444444444
"Unrelated preparations",-28.1733333333333
"Unrelated preparations",-15.4661111111111
"Unrelated preparations",-11.2083333333334
"Unrelated preparations",1.28666666666668
"Unrelated preparations",-10.9105555555555
"Unrelated preparations",-12.8588888888889
"Unrelated preparations",3.79833333333332
"Unrelated preparations",-4.17444444444445
"Unrelated preparations",-18.62
"Unrelated preparations",-27.0316666666667
"Unrelated preparations",1.60055555555554
"Unrelated preparations",-17.22
"Unrelated preparations",-0.88055555555556
"Unrelated preparations",-18.7705555555556
"Unrelated preparations",0.946111111111122
"Unrelated preparations",-2.70388888888891
"Unrelated preparations",-11.0505555555555
"Unrelated preparations",-33.5583333333333
"Unrelated preparations",-14.6894444444444
"Unrelated preparations",-20.0005555555556
"Unrelated preparations",-12.75
"Unrelated preparations",-8.73055555555555
"Unrelated preparations",-23.7494444444444
"Unrelated preparations",-7.21055555555556
"Unrelated preparations",-19.7466666666667
"Unrelated preparations",-11.5488888888889
"Unrelated preparations",-23.28
"Unrelated preparations",-9.86333333333334
"Unrelated preparations",2.60111111111112
"Unrelated preparations",-27.5483333333333
"Unrelated preparations",-15.325
"Unrelated preparations",-4.87944444444443
"Unrelated preparations",-1.24722222222221
"Unrelated preparations",0.273333333333341
"Unrelated preparations",4.02500000000001
"Unrelated preparations",-21.9266666666667
"Unrelated preparations",-7.88166666666666
"Unrelated preparations",-19.1955555555556
"Unrelated preparations",-15.8083333333333
"Unrelated preparations",-24.7761111111111
"Unrelated preparations",-27.405
"Unrelated preparations",-8.84111111111112
"Unrelated preparations",-25.6116666666667
"Unrelated preparations",-17.4044444444445
"Unrelated preparations",-8.2488888888889
"Unrelated preparations",-25.1227777777778
"Unrelated preparations",-18.0594444444444
"Unrelated preparations",-8.16277777777779
"Unrelated preparations",-10.2872222222222
"Unrelated preparations",-20.78
"Unrelated preparations",-7.13111111111111
"Unrelated preparations",-17.0861111111111
"Unrelated preparations",-18.6633333333333
"Unrelated preparations",-12.6366666666667
"Unrelated preparations",-7.61888888888888
"Unrelated preparations",-14.1538888888889
"Unrelated preparations",-9.27055555555555
"Unrelated preparations",-9.33500000000004
"Unrelated preparations",-14.5961111111111
"Unrelated preparations",-19.5383333333333
"Unrelated preparations",-16.3394444444444
"Unrelated preparations",-12.2277777777778
"Unrelated preparations",-18.5111111111111
"Unrelated preparations",-5.24444444444445
"Unrelated preparations",-15.7
"Unrelated preparations",-2.44833333333332
"Unrelated preparations",-12.37
"Unrelated preparations",-23.515
"Unrelated preparations",-5.93222222222222
"Unrelated preparations",-18.7661111111111
"Unrelated preparations",-13.0633333333333
"Unrelated preparations",-13.7061111111111
"Unrelated preparations",-18.6272222222222
"Unrelated preparations",-20.6066666666667
"Unrelated preparations",-6.85555555555555
"Unrelated preparations",-7.25166666666667
"Unrelated preparations",-18.7677777777778
"Unrelated preparations",-10.3405555555556
"Unrelated preparations",-9.77388888888889
"Unrelated preparations",-0.0450000000000017
"Unrelated preparations",6.29055555555556
"Unrelated preparations",-0.153333333333322
"Unrelated preparations",-0.521666666666675
"Unrelated preparations",-23.5677777777778
"Unrelated preparations",-12.4905555555555
"Unrelated preparations",-7.94
"Unrelated preparations",-11.0911111111111
"Unrelated preparations",-17.3133333333333
"Unrelated preparations",-11.6405555555556
"Unrelated preparations",-28.63
"Unrelated preparations",-9.3422222222222
"Unrelated preparations",-4.92222222222222
"Unrelated preparations",-4.34277777777774
"Unrelated preparations",-18.9655555555555
"Unrelated preparations",-10.0266666666667
"Unrelated preparations",-3.04555555555554
"Unrelated preparations",-6.29333333333332
"Unrelated preparations",-11.0161111111111
"Unrelated preparations",-10.4583333333333
"Unrelated preparations",-13.8461111111111
"Unrelated preparations",-26.2894444444444
"Unrelated preparations",-1.45388888888887
"Unrelated preparations",-13.7077777777778
"Unrelated preparations",-12.6961111111111
"Unrelated preparations",-8.96499999999997
"Unrelated preparations",-27.4888888888889
"Unrelated preparations",-14.2194444444444
"Unrelated preparations",-7.58277777777778
"Unrelated preparations",4.21222222222224
"Unrelated preparations",-13.6188888888889
"Unrelated preparations",-13.96
"Unrelated preparations",-21.9816666666667
"Unrelated preparations",-19.9127777777778
"Unrelated preparations",-7.94388888888888
"Unrelated preparations",-0.739444444444445
"Unrelated preparations",-14.7505555555556
"Unrelated preparations",-20.7083333333333
"Unrelated preparations",-13.5672222222222
"Unrelated preparations",0.653333333333322
"Unrelated preparations",-5.71944444444443
"Unrelated preparations",-14.7972222222222
"Unrelated preparations",-17.9266666666667
"Unrelated preparations",-23.1972222222222
"Unrelated preparations",-20.8988888888889
"Unrelated preparations",-31.9838888888889
"Unrelated preparations",-11.3905555555556
"Unrelated preparations",-38.575
"Unrelated preparations",-14.8233333333333
"Unrelated preparations",-8.65111111111111
"Unrelated preparations",-5.21666666666668
"Unrelated preparations",-6.81555555555555
"Unrelated preparations",-33.605
"Unrelated preparations",-18.2377777777778
"Unrelated preparations",-15.5711111111111
"Unrelated preparations",-24.5794444444444
"Unrelated preparations",-13.6022222222222
"Unrelated preparations",-26.0211111111111
"Unrelated preparations",-13.2661111111111
"Unrelated preparations",-1.14555555555556
"Unrelated preparations",-17.1755555555555
"Unrelated preparations",-17.4044444444445
"Unrelated preparations",3.01277777777777
"Unrelated preparations",-9.96666666666667
"Unrelated preparations",-3.84999999999997
"Unrelated preparations",2.00055555555556
"Unrelated preparations",-17.2822222222222
"Unrelated preparations",2.05666666666667
"Unrelated preparations",-7.72388888888892
"Unrelated preparations",-18.2261111111111
"Unrelated preparations",-11.8827777777778
"Unrelated preparations",-15.075
"Unrelated preparations",-10.67
"Unrelated preparations",-12.1611111111111
"Unrelated preparations",-5.17055555555555
"Unrelated preparations",-17.0711111111111
"Unrelated preparations",-23.71
"Unrelated preparations",-14.7594444444444
"Unrelated preparations",-26.6527777777778
"Unrelated preparations",-7.4422222222222
"Unrelated preparations",-31.8622222222222
"Unrelated preparations",-14.6183333333333
"Unrelated preparations",-22.3844444444444
"Unrelated preparations",-18.285
"Unrelated preparations",-12.4977777777778
"Unrelated preparations",-17.21
"Unrelated preparations",7.37444444444445
"Unrelated preparations",-11.7266666666666
"Unrelated preparations",-17.025
"Unrelated preparations",-21.7294444444444
"Unrelated preparations",-13.5866666666667
"Unrelated preparations",-13.7411111111111
"Unrelated preparations",-14.1838888888889
"Unrelated preparations",-21.3222222222222
"Unrelated preparations",-11.8744444444444
"Unrelated preparations",0.555555555555571
"Unrelated preparations",-19.9561111111111
"Unrelated preparations",-29.3705555555555
"Unrelated preparations",-11.0133333333333
"Unrelated preparations",-14.32
"Unrelated preparations",-17.795
"Unrelated preparations",-26.9455555555555
"Unrelated preparations",-19.5105555555555
"Unrelated preparations",-10.6044444444444
"Unrelated preparations",-24.8227777777778
"Unrelated preparations",-14.1227777777778
"Unrelated preparations",12.8083333333334
"Unrelated preparations",-20.7827777777778
"Unrelated preparations",-4.84999999999998
"Unrelated preparations",-16.0838888888889
"Unrelated preparations",-21.1072222222222
"Unrelated preparations",-14.4533333333333
"Unrelated preparations",-15.48
"Unrelated preparations",-11.2833333333333
"Unrelated preparations",-0.0338888888888533
"Unrelated preparations",-25.4416666666667
"Unrelated preparations",-15.2233333333333
"Unrelated preparations",9.58888888888887
"Unrelated preparations",-1.43000000000001
"Unrelated preparations",-0.209444444444443
"Unrelated preparations",4.83722222222224
"Unrelated preparations",-19.7622222222222
"Unrelated preparations",-16.2822222222222
"Unrelated preparations",-9.78888888888889
"Unrelated preparations",-25.355
"Unrelated preparations",-11.9233333333333
"Unrelated preparations",-17.2327777777778
"Unrelated preparations",-19.8983333333333
"Unrelated preparations",-5.8388888888889
"Unrelated preparations",-24.2972222222222
"Unrelated preparations",-12.4538888888889
"Unrelated preparations",-13.3388888888889
"Unrelated preparations",-14.1538888888889
"Unrelated preparations",-19.2133333333333
"Unrelated preparations",-25.2188888888889
"Unrelated preparations",-26.4494444444445
"Unrelated preparations",-3.00944444444445
"Unrelated preparations",8.98222222222222
"Unrelated preparations",-17.6338888888889
"Unrelated preparations",-3.35777777777777
"Unrelated preparations",-22.365
"Unrelated preparations",-9.09944444444444
"Unrelated preparations",-28.5822222222223
"Unrelated preparations",-25.2044444444444
"Unrelated preparations",-28.825
"Unrelated preparations",-27.2011111111111
"Unrelated preparations",-16.2766666666667
"Unrelated preparations",-7.13555555555554
"Unrelated preparations",-11.9805555555556
"Unrelated preparations",-16.8711111111111
"Unrelated preparations",-34.1533333333334
"Unrelated preparations",-1.35166666666667
"Unrelated preparations",-20.815
"Unrelated preparations",-2.6877777777778
"Unrelated preparations",-23.99
"Unrelated preparations",-8.59888888888887
"Unrelated preparations",14.125
"Unrelated preparations",-20.5511111111111
"Unrelated preparations",-9.84277777777777
"Unrelated preparations",-6.9911111111111
"Unrelated preparations",7.43444444444445
"Unrelated preparations",-33.0688888888889
"Unrelated preparations",-15.8055555555556
"Unrelated preparations",-23.6311111111111
"Unrelated preparations",-23.2305555555556
"Unrelated preparations",-14.1616666666667
"Unrelated preparations",-22.3605555555555
"Unrelated preparations",-18.7394444444444
"Unrelated preparations",-7.74499999999999
"Unrelated preparations",-18.7772222222222
"Unrelated preparations",-9.16833333333331
"Unrelated preparations",-11.8316666666667
"Unrelated preparations",-10.2138888888889
"Unrelated preparations",-5.13000000000001
"Unrelated preparations",-17.6377777777778
"Unrelated preparations",-14.8827777777778
"Unrelated preparations",-20.1994444444444
"Unrelated preparations",-4.14388888888887
"Unrelated preparations",-11.3805555555556
"Unrelated preparations",-9.12722222222222
"Unrelated preparations",-19.5833333333333
"Unrelated preparations",-10.8194444444445
"Unrelated preparations",-24.5905555555555
"Unrelated preparations",-6.94055555555559
"Unrelated preparations",-19.7305555555556
"Unrelated preparations",-21.7372222222222
"Unrelated preparations",-11.49
"Unrelated preparations",-7.77277777777779
"Unrelated preparations",-20.7444444444444
"Unrelated preparations",-19.8738888888889
"Unrelated preparations",-10.1761111111111
"Unrelated preparations",-27.9894444444445
"Unrelated preparations",-18.3061111111111
"Unrelated preparations",-22.6855555555555
"Unrelated preparations",0.28444444444446
"Unrelated preparations",-13.6611111111111
"Unrelated preparations",-28.5122222222222
"Unrelated preparations",-8.78388888888888
"Unrelated preparations",-0.498333333333335
"Unrelated preparations",-17.5033333333333
"Unrelated preparations",-11.4327777777778
"Unrelated preparations",-3.1561111111111
"Unrelated preparations",-21.9422222222222
"Unrelated preparations",-11.5016666666667
"Unrelated preparations",-14.3788888888889
"Unrelated preparations",-18.395
"Unrelated preparations",-7.27055555555557
"Unrelated preparations",-36.4983333333333
"Unrelated preparations",-17.4138888888889
"Unrelated preparations",-23.3027777777778
"Unrelated preparations",-27.3527777777778
"Unrelated preparations",-14.7127777777778
"Unrelated preparations",-21.79
"Unrelated preparations",-2.50388888888889
"Unrelated preparations",-24.5588888888889
"Unrelated preparations",-6.54611111111112
"Unrelated preparations",-16.0011111111111
"Unrelated preparations",-14.6022222222222
"Unrelated preparations",-12.265
"Unrelated preparations",-17.2405555555555
"Unrelated preparations",-5.4661111111111
"Unrelated preparations",-15.2505555555556
"Unrelated preparations",-19.7644444444444
"Unrelated preparations",-3.9338888888889
"Unrelated preparations",-26.2422222222222
"Unrelated preparations",-8.59777777777778
"Unrelated preparations",-12.7377777777778
"Unrelated preparations",-11.8933333333333
"Unrelated preparations",-16.7
"Unrelated preparations",-12.1244444444445
"Unrelated preparations",-7.16055555555558
"Unrelated preparations",-18.2927777777778
"Unrelated preparations",-8.52833333333334
"Unrelated preparations",-12.2127777777778
"Unrelated preparations",-27.7077777777778
"Unrelated preparations",-8.6561111111111
"Unrelated preparations",-4.32444444444445
"Unrelated preparations",-9.27111111111111
"Unrelated preparations",-11.9827777777778
"Unrelated preparations",-2.20444444444445
"Unrelated preparations",-15.9644444444445
"Unrelated preparations",-3.95444444444445
"Unrelated preparations",-6.48666666666664
"Unrelated preparations",-11.8333333333333
"Unrelated preparations",-2.15666666666664
"Unrelated preparations",-38.2122222222222
"Unrelated preparations",-15.0005555555556
"Unrelated preparations",-27.8955555555556
"Unrelated preparations",-0.8461111111111
"Unrelated preparations",4.55277777777775
"Unrelated preparations",-12.0227777777778
"Unrelated preparations",-20.5205555555555
"Unrelated preparations",-18.6711111111111
"Unrelated preparations",-3.87333333333332
"Unrelated preparations",-5.93833333333335
"Unrelated preparations",-21.08
"Unrelated preparations",-12.0772222222222
"Unrelated preparations",-0.801666666666677
"Unrelated preparations",-19.1772222222222
"Unrelated preparations",-3.28999999999999
"Unrelated preparations",-16.8133333333333
"Unrelated preparations",5.72111111111111
"Unrelated preparations",-14.75
"Unrelated preparations",-22.27
"Unrelated preparations",-1.08833333333335
"Unrelated preparations",-1.42111111111112
"Unrelated preparations",-15.5577777777778
"Unrelated preparations",-16.5233333333333
"Unrelated preparations",-5.9811111111111
"Unrelated preparations",-21.6583333333334
"Unrelated preparations",-11.8522222222222
"Unrelated preparations",-8.61055555555555
"Unrelated preparations",-30.0777777777778
"Unrelated preparations",-14.1933333333333
"Unrelated preparations",-26.445
"Unrelated preparations",-15.495
"Unrelated preparations",-19.7988888888889
"Unrelated preparations",-15.5772222222222
"Unrelated preparations",-30.0355555555556
"Unrelated preparations",-3.71999999999998
"Unrelated preparations",-13.2216666666667
"Unrelated preparations",-19.8611111111111
"Unrelated preparations",-11.9705555555555
"Unrelated preparations",-23.895
"Unrelated preparations",-11.8211111111111
"Unrelated preparations",-19.9844444444444
"Unrelated preparations",-16.7811111111111
"Unrelated preparations",-11.4311111111111
"Unrelated preparations",-11.4483333333333
"Unrelated preparations",-10.1622222222222
"Unrelated preparations",-9.65555555555555
"Unrelated preparations",-12.6844444444444
"Unrelated preparations",-15.7972222222222
"Unrelated preparations",-16.2644444444445
"Unrelated preparations",-9.6111111111111
"Unrelated preparations",-18.0461111111111
"Unrelated preparations",-13.0088888888889
"Unrelated preparations",-22.1205555555555
"Unrelated preparations",-19.0088888888889
"Unrelated preparations",-6.94444444444443
"Unrelated preparations",-5.37499999999999
"Unrelated preparations",-10.9027777777778
"Unrelated preparations",-16.8094444444444
"Unrelated preparations",-14.8411111111111
"Unrelated preparations",-3.95055555555557
"Unrelated preparations",-20.4194444444445
"Unrelated preparations",2.395
"Unrelated preparations",-22.2433333333333
"Unrelated preparations",-2.44222222222221
"Unrelated preparations",-4.80277777777778
"Unrelated preparations",7.53555555555555
"Unrelated preparations",-19.1688888888889
"Unrelated preparations",-9.37166666666667
"Unrelated preparations",-8.30777777777779
"Unrelated preparations",-10.3222222222222
"Unrelated preparations",-17.9761111111111
"Unrelated preparations",-4.93222222222221
"Unrelated preparations",-20.6805555555556
"Unrelated preparations",-16.3694444444444
"Unrelated preparations",-12.7044444444444
"Unrelated preparations",-8.64388888888887
"Unrelated preparations",-25.3288888888889
"Unrelated preparations",-10.4311111111111
"Unrelated preparations",-6.08944444444441
"Unrelated preparations",-18.8588888888889
"Unrelated preparations",-10.62
"Unrelated preparations",1.86777777777777
"Unrelated preparations",-12.055
"Unrelated preparations",-3.93777777777775
"Unrelated preparations",-17.4366666666667
"Unrelated preparations",-28.3783333333333
"Unrelated preparations",-13.5572222222222
"Unrelated preparations",-7.4661111111111
"Unrelated preparations",-4.26500000000001
"Unrelated preparations",-1.97722222222225
"Unrelated preparations",-1.75
"Unrelated preparations",-6.52333333333331
"Unrelated preparations",-15.9294444444444
"Unrelated preparations",-12.3827777777778
"Unrelated preparations",-4.20499999999998
"Unrelated preparations",-13.6611111111111
"Unrelated preparations",-7.92166666666667
"Unrelated preparations",-18.7472222222222
"Unrelated preparations",1.04833333333332
"Unrelated preparations",-2.60722222222222
"Unrelated preparations",-3.74055555555555
"Unrelated preparations",5.23055555555555
"Unrelated preparations",-19.6861111111111
"Unrelated preparations",-1.13444444444444
"Unrelated preparations",4.66055555555556
"Unrelated preparations",-17.0616666666667
"Unrelated preparations",-20.9383333333333
"Unrelated preparations",-9.45666666666665
"Unrelated preparations",-6.02444444444446
"Unrelated preparations",-11.5744444444445
"Unrelated preparations",-18.0344444444445
"Unrelated preparations",-16.0883333333334
"Unrelated preparations",-15.5522222222222
"Unrelated preparations",-15.9077777777778
"Unrelated preparations",-17.1511111111111
"Unrelated preparations",-18.0572222222222
"Unrelated preparations",-5.94222222222224
"Unrelated preparations",-14.4272222222222
"Unrelated preparations",-8.5138888888889
"Unrelated preparations",-26.3672222222222
"Unrelated preparations",-3.87277777777778
"Unrelated preparations",-12.0472222222222
"Unrelated preparations",-19.4161111111111
"Unrelated preparations",-13.8111111111111
"Unrelated preparations",-5.06388888888887
"Unrelated preparations",-4.37388888888891
"Unrelated preparations",-12.5255555555555
"Unrelated preparations",-5.17388888888887
"Unrelated preparations",-9.87
"Unrelated preparations",-9.90166666666664
"Unrelated preparations",-17.1755555555556
"Unrelated preparations",-16.3227777777778
"Unrelated preparations",-23.1411111111111
"Unrelated preparations",-0.212777777777774
"Unrelated preparations",-24.9094444444444
"Unrelated preparations",-36.5011111111111
"Unrelated preparations",-15.0661111111111
"Unrelated preparations",1.04000000000001
"Unrelated preparations",-12.5661111111111
"Unrelated preparations",-31.1794444444444
"Unrelated preparations",-11.8727777777778
"Unrelated preparations",-14.7266666666666
"Unrelated preparations",-2.11777777777779
"Unrelated preparations",-13.22
"Unrelated preparations",-1.44499999999999
"Unrelated preparations",-12.2988888888889
"Unrelated preparations",-19.8305555555556
"Unrelated preparations",-15.3066666666667
"Unrelated preparations",-14.7766666666667
"Unrelated preparations",-24.2011111111111
"Unrelated preparations",-26.3627777777778
"Unrelated preparations",-14.9127777777778
"Unrelated preparations",-22.9344444444444
"Unrelated preparations",-24.3833333333334
"Unrelated preparations",-12.0533333333333
"Unrelated preparations",-14.7538888888889
"Unrelated preparations",-6.37722222222222
"Unrelated preparations",-19.4344444444444
"Unrelated preparations",-3.72055555555556
"Unrelated preparations",-22.9333333333333
"Unrelated preparations",-11.5105555555556
"Unrelated preparations",-12.3905555555555
"Unrelated preparations",-7.02833333333335
"Unrelated preparations",-7.64333333333336
"Unrelated preparations",-3.55055555555555
"Unrelated preparations",-21.7538888888889
"Unrelated preparations",-11.7211111111111
"Unrelated preparations",-18.0516666666667
"Unrelated preparations",-29.725
"Unrelated preparations",-15.9866666666667
"Unrelated preparations",-4.15055555555554
"Unrelated preparations",-13.9544444444444
"Unrelated preparations",-11.78
"Unrelated preparations",-16.7255555555555
"Unrelated preparations",-5.52944444444444
"Unrelated preparations",-11.9444444444444
"Unrelated preparations",-12.345
"Unrelated preparations",-12.7827777777778
"Unrelated preparations",-15.755
"Unrelated preparations",-10.9638888888889
"Unrelated preparations",5.47277777777778
"Unrelated preparations",-19.7488888888889
"Unrelated preparations",-3.44166666666668
"Unrelated preparations",-14.325
"Unrelated preparations",-18.2061111111111
"Unrelated preparations",-20.775
"Unrelated preparations",5.42055555555555
"Unrelated preparations",-13.4938888888889
"Unrelated preparations",-11.0194444444445
"Unrelated preparations",-17.8138888888889
"Unrelated preparations",-33.0494444444444
"Unrelated preparations",-17.9083333333333
"Unrelated preparations",-9.96000000000001
"Unrelated preparations",8.40444444444444
"Unrelated preparations",-29.7655555555556
"Unrelated preparations",-19.9261111111111
"Unrelated preparations",-27.4088888888889
"Unrelated preparations",-22.7861111111111
"Unrelated preparations",-11.1266666666667
"Unrelated preparations",-26.5522222222222
"Unrelated preparations",-13.37
"Unrelated preparations",-20.4983333333333
"Unrelated preparations",-8.10722222222223
"Unrelated preparations",1.79111111111112
"Unrelated preparations",4.2211111111111
"Unrelated preparations",-25.1961111111111
"Unrelated preparations",-1.41444444444447
"Unrelated preparations",-13.4577777777778
"Unrelated preparations",-5.98888888888888
"Unrelated preparations",-20.4811111111111
"Unrelated preparations",-11.5988888888889
"Unrelated preparations",-12.2438888888889
"Unrelated preparations",-11.4177777777778
"Unrelated preparations",-0.791111111111107
"Unrelated preparations",-13.5888888888889
"Unrelated preparations",-5.88222222222224
"Unrelated preparations",-17.2466666666667
"Unrelated preparations",-10.3305555555555
"Unrelated preparations",-17.1277777777778
"Unrelated preparations",-12.0505555555556
"Unrelated preparations",-19.4838888888889
"Unrelated preparations",-31.895
"Unrelated preparations",-10.0394444444444
"Unrelated preparations",0.772222222222226
"Unrelated preparations",-18.1372222222222
"Unrelated preparations",-14.9944444444444
"Unrelated preparations",-20.6911111111111
"Unrelated preparations",-24.3383333333333
"Unrelated preparations",-12.7355555555555
"Unrelated preparations",-21.4583333333333
"Unrelated preparations",2.67500000000001
"Unrelated preparations",-12.6083333333333
"Unrelated preparations",-15.8638888888889
"Unrelated preparations",-29.9516666666667
"Unrelated preparations",-17.9572222222222
"Unrelated preparations",-18.9855555555555
"Unrelated preparations",-24.7611111111111
"Unrelated preparations",-19.4088888888889
"Unrelated preparations",-28.6794444444444
"Unrelated preparations",-14.1222222222222
"Unrelated preparations",-34.5683333333333
"Unrelated preparations",-7.855
"Unrelated preparations",-5.45444444444442
"Unrelated preparations",-14.1877777777778
"Unrelated preparations",-19.9166666666667
"Unrelated preparations",-24.0666666666667
"Unrelated preparations",0.617777777777761
"Unrelated preparations",-15.7161111111111
"Unrelated preparations",-17.215
"Unrelated preparations",-13.0594444444445
"Unrelated preparations",-17.8511111111111
"Unrelated preparations",-31.1738888888889
"Unrelated preparations",-6.15388888888889
"Unrelated preparations",-18.18
"Unrelated preparations",-17.5861111111111
"Unrelated preparations",-25.6138888888889
"Unrelated preparations",-23.0244444444445
"Unrelated preparations",-16.7127777777778
"Unrelated preparations",-8.0888888888889
"Unrelated preparations",-6.87222222222222
"Unrelated preparations",-0.381666666666632
"Unrelated preparations",-31.8844444444445
"Unrelated preparations",-6.45277777777777
"Unrelated preparations",-18.7
"Unrelated preparations",-23.945
"Unrelated preparations",-13.5044444444444
"Unrelated preparations",-21.3088888888889
"Unrelated preparations",-19.6172222222222
"Unrelated preparations",-5.30333333333334
"Unrelated preparations",-3.48444444444442
"Unrelated preparations",-17.4244444444445
"Unrelated preparations",-25.9172222222222
"Unrelated preparations",-14.6711111111111
"Unrelated preparations",-17.7088888888889
"Unrelated preparations",-7.32277777777779
"Unrelated preparations",-25.7061111111111
"Unrelated preparations",-16.9238888888889
"Unrelated preparations",-19.6666666666667
"Unrelated preparations",0.566666666666663
"Unrelated preparations",-19.8483333333333
"Unrelated preparations",2.36722222222224
"Unrelated preparations",-19.0261111111111
"Unrelated preparations",-17.8261111111111
"Unrelated preparations",-19.7838888888889
"Unrelated preparations",-10.3688888888889
"Unrelated preparations",-26.2838888888889
"Unrelated preparations",-35.6644444444444
"Unrelated preparations",-39.0894444444445
"Unrelated preparations",-5.79055555555556
"Unrelated preparations",-4.32166666666667
"Unrelated preparations",-25.8283333333333
"Unrelated preparations",-19.1922222222222
"Unrelated preparations",-6.89388888888888
"Unrelated preparations",-20.4872222222222
"Unrelated preparations",-3.31666666666665
"Unrelated preparations",-13.4888888888889
"Unrelated preparations",-16.0961111111111
"Unrelated preparations",-12.1333333333333
"Unrelated preparations",-17.0966666666667
"Unrelated preparations",-3.4422222222222
"Unrelated preparations",-31.2416666666667
"Unrelated preparations",-16.7566666666667
"Unrelated preparations",-22.7461111111111
"Unrelated preparations",-25.5111111111111
"Unrelated preparations",-23.505
"Unrelated preparations",-28.4894444444444
"Unrelated preparations",-3.65444444444447
"Unrelated preparations",-23.1005555555556
"Unrelated preparations",-19.6444444444444
"Unrelated preparations",-15.1544444444444
"Unrelated preparations",-10.345
"Unrelated preparations",-29.46
"Unrelated preparations",-32.6766666666667
"Unrelated preparations",-10.3761111111111
"Unrelated preparations",-1.24166666666667
"Unrelated preparations",-9.88611111111109
"Unrelated preparations",-9.985
"Unrelated preparations",-32.2483333333333
"Unrelated preparations",-12.0027777777778
"Unrelated preparations",-6.52500000000001
"Unrelated preparations",-5.34277777777778
"Unrelated preparations",-14.2466666666667
"Unrelated preparations",-16.5988888888889
"Unrelated preparations",-17.865
"Unrelated preparations",-15.2683333333334
"Unrelated preparations",-18.0161111111111
"Unrelated preparations",-18.175
"Unrelated preparations",-23.345
"Unrelated preparations",-6.4777777777778
"Unrelated preparations",-13.8911111111111
"Unrelated preparations",-15.1022222222222
"Unrelated preparations",-9.68222222222224
"Unrelated preparations",0.0472222222222456
"Unrelated preparations",-17.4111111111111
"Unrelated preparations",-20.0705555555556
"Unrelated preparations",-19.5755555555556
"Unrelated preparations",-4.79500000000002
"Unrelated preparations",-16.85
"Unrelated preparations",-24.275
"Unrelated preparations",-2.00888888888889
"Unrelated preparations",-25.0077777777778
"Unrelated preparations",-10.3877777777778
"Unrelated preparations",-26.075
"Unrelated preparations",-29.7805555555556
"Unrelated preparations",-26.1066666666667
"Unrelated preparations",5.28277777777781
"Unrelated preparations",-22.6322222222222
"Unrelated preparations",3.16333333333334
"Unrelated preparations",-12.0494444444444
"Unrelated preparations",1.66722222222222
"Unrelated preparations",-7.57611111111112
"Unrelated preparations",-21.8783333333333
"Unrelated preparations",-7.03444444444445
"Unrelated preparations",-7.37222222222221
"Unrelated preparations",-11.3761111111111
"Unrelated preparations",-27.9916666666667
"Unrelated preparations",-17.6294444444445
"Unrelated preparations",-15.91
"Unrelated preparations",-25.0738888888889
"Unrelated preparations",-17.2744444444444
"Unrelated preparations",-9.05500000000001
"Unrelated preparations",-23.7066666666667
"Unrelated preparations",4.65500000000003
"Unrelated preparations",-1.05222222222221
"Unrelated preparations",-20.0455555555556
"Unrelated preparations",1.36111111111113
"Unrelated preparations",-7.09055555555554
"Unrelated preparations",-11.4061111111111
"Unrelated preparations",-18.775
"Unrelated preparations",-15.1944444444444
"Unrelated preparations",-25.2305555555555
"Unrelated preparations",-1.46833333333335
"Unrelated preparations",-22.005
"Unrelated preparations",-25.0955555555555
"Unrelated preparations",-13.4166666666667
"Unrelated preparations",-18.355
"Unrelated preparations",-23.6638888888889
"Unrelated preparations",-9.01166666666666
"Unrelated preparations",-13.5966666666666
"Unrelated preparations",-11.5244444444444
"Unrelated preparations",-19.6183333333333
"Unrelated preparations",-19.7133333333333
"Unrelated preparations",-21.9255555555556
"Unrelated preparations",-15.4866666666667
"Unrelated preparations",-19.5722222222222
"Unrelated preparations",-20.3555555555555
"Unrelated preparations",-1.8688888888889
"Unrelated preparations",-21.8527777777778
"Unrelated preparations",-11.6283333333333
"Unrelated preparations",-4.14166666666668
"Unrelated preparations",0.678333333333313
"Unrelated preparations",-3.38166666666666
"Unrelated preparations",-12.205
"Unrelated preparations",-15.7205555555555
"Unrelated preparations",-7.75611111111112
"Unrelated preparations",-7.05611111111111
"Unrelated preparations",-23.7916666666667
"Unrelated preparations",-6.05333333333333
"Unrelated preparations",-2.25500000000001
"Unrelated preparations",-21.695
"Unrelated preparations",-21.07
"Unrelated preparations",-24.1305555555555
"Unrelated preparations",-13.7633333333333
"Unrelated preparations",-9.05666666666667
"Unrelated preparations",-31.1972222222222
"Unrelated preparations",1.83777777777777
"Unrelated preparations",-24.5355555555555
"Unrelated preparations",-10.5716666666667
"Unrelated preparations",-10.545
"Unrelated preparations",-13.96
"Unrelated preparations",-18.8861111111111
"Unrelated preparations",-4.25166666666667
"Unrelated preparations",-13.7755555555555
"Unrelated preparations",-5.96444444444445
"Unrelated preparations",3.1211111111111
"Unrelated preparations",-12.2511111111111
"Unrelated preparations",-9.76555555555557
"Unrelated preparations",-24.805
"Unrelated preparations",1.61388888888888
"Unrelated preparations",-7.55055555555556
"Unrelated preparations",-24.6166666666667
"Unrelated preparations",-4.6838888888889
"Unrelated preparations",-8.79055555555554
"Unrelated preparations",0.907777777777767
"Unrelated preparations",-2.85555555555555
"Unrelated preparations",-14.2244444444445
"Unrelated preparations",-3.91055555555556
"Unrelated preparations",-16.6261111111111
"Unrelated preparations",-7.13722222222223
"Unrelated preparations",-12.18
"Unrelated preparations",-18.4094444444444
"Unrelated preparations",-6.13611111111112
"Unrelated preparations",-12.7372222222222
"Unrelated preparations",-5.76222222222223
"Unrelated preparations",-44.09
"Unrelated preparations",-28.9533333333333
"Unrelated preparations",-26.2988888888889
"Unrelated preparations",-9.37055555555555
"Unrelated preparations",-12.6761111111111
"Unrelated preparations",-0.6111111111111
"Unrelated preparations",-10.4638888888889
"Unrelated preparations",-22.2483333333333
"Unrelated preparations",-17.09
"Unrelated preparations",-23.765
"Unrelated preparations",-14.42
"Unrelated preparations",-24.5072222222222
"Unrelated preparations",-11.6161111111111
"Unrelated preparations",-33.95
"Unrelated preparations",-23.5938888888889
"Unrelated preparations",-0.744444444444426
"Unrelated preparations",-16.4905555555556
"Unrelated preparations",-11.9644444444444
"Unrelated preparations",-3.65222222222222
"Unrelated preparations",-22.9872222222222
"Unrelated preparations",-30.765
"Unrelated preparations",-12.5022222222222
"Unrelated preparations",-29.2355555555556
"Unrelated preparations",-19.2105555555555
"Unrelated preparations",-1.26555555555557
"Unrelated preparations",-5.02722222222224
"Unrelated preparations",-20.9266666666667
"Unrelated preparations",-21.9261111111111
"Unrelated preparations",-26.66
"Unrelated preparations",-20.3316666666667
"Unrelated preparations",-4.06444444444443
"Unrelated preparations",-18.8005555555556
"Unrelated preparations",-18.7311111111111
"Unrelated preparations",-23.3972222222222
"Unrelated preparations",-35.6577777777778
"Unrelated preparations",-2.65833333333332
"Unrelated preparations",3.12611111111111
"Unrelated preparations",-17.8083333333333
"Unrelated preparations",-4.83055555555556
"Unrelated preparations",-13.1316666666667
"Unrelated preparations",-30.5238888888889
"Unrelated preparations",-17.7016666666667
"Unrelated preparations",-19.8611111111111
"Unrelated preparations",-13.3888888888889
"Unrelated preparations",-11.1366666666667
"Unrelated preparations",-26.015
"Unrelated preparations",-0.236111111111114
"Unrelated preparations",-10.0994444444444
"Unrelated preparations",0.807777777777787
"Unrelated preparations",-23.03
"Unrelated preparations",-27.7805555555555
"Unrelated preparations",-7.00777777777778
"Unrelated preparations",-4.16722222222224
"Unrelated preparations",-9.31833333333334
"Unrelated preparations",-3.81388888888888
"Unrelated preparations",-26.8477777777778
"Unrelated preparations",-15.0938888888889
"Unrelated preparations",-20.1055555555556
"Unrelated preparations",-18.6988888888889
"Unrelated preparations",5.02055555555555
"Unrelated preparations",-8.97833333333334
"Unrelated preparations",4.50722222222223
"Unrelated preparations",-6.59722222222223
"Unrelated preparations",-16.4616666666667
"Unrelated preparations",-19.9133333333333
"Unrelated preparations",-12.8172222222222
"Unrelated preparations",-20.6544444444444
"Unrelated preparations",-18.4694444444444
"Unrelated preparations",-19.5766666666667
"Unrelated preparations",-27.27
"Unrelated preparations",-11.9266666666667
"Unrelated preparations",-15.24
"Unrelated preparations",-30.0927777777778
"Unrelated preparations",-22.9527777777778
"Unrelated preparations",-19.2877777777778
"Unrelated preparations",-17.8927777777778
"Unrelated preparations",-20.8933333333333
"Unrelated preparations",-2.98555555555554
"Unrelated preparations",-15.1505555555555
"Unrelated preparations",-11.2483333333333
"Unrelated preparations",-10.7094444444444
"Unrelated preparations",-34.12
"Unrelated preparations",-5.10999999999999
"Unrelated preparations",-7.17611111111111
"Unrelated preparations",-16.0455555555556
"Unrelated preparations",-2.92222222222222
"Unrelated preparations",-22.1788888888889
"Unrelated preparations",-12.6816666666667
"Unrelated preparations",-0.970555555555563
"Unrelated preparations",-9.76888888888887
"Unrelated preparations",5.04222222222222
"Unrelated preparations",-0.927777777777763
"Unrelated preparations",-5.82999999999998
"Unrelated preparations",-1.57444444444444
"Unrelated preparations",-12.55
"Unrelated preparations",-8.59777777777779
"Unrelated preparations",-7.77000000000001
"Unrelated preparations",-8.81111111111113
"Unrelated preparations",-6.6866666666667
"Unrelated preparations",-11.9083333333333
"Unrelated preparations",-22.3316666666666
"Unrelated preparations",-24.7361111111111
"Unrelated preparations",-21.3622222222222
"Unrelated preparations",-4.0761111111111
"Unrelated preparations",-15.3794444444445
"Unrelated preparations",-15.4661111111111
"Unrelated preparations",-26.2083333333333
"Unrelated preparations",-17.7755555555556
"Unrelated preparations",-0.774444444444441
"Unrelated preparations",-20.9211111111111
"Unrelated preparations",-15.0372222222222
"Unrelated preparations",-16.0155555555556
"Unrelated preparations",-6.87222222222222
"Unrelated preparations",-12.7016666666667
"Unrelated preparations",-0.437777777777768
"Unrelated preparations",-11.7977777777778
"Unrelated preparations",-5.85944444444443
"Unrelated preparations",-18.8494444444444
"Unrelated preparations",-3.94888888888887
"Unrelated preparations",-6.68222222222222
"Unrelated preparations",-13.9755555555556
"Unrelated preparations",-17.1983333333334
"Unrelated preparations",-26.47
"Unrelated preparations",-8.63111111111108
"Unrelated preparations",-13.7727777777778
"Unrelated preparations",-0.27000000000001
"Unrelated preparations",-36.3844444444444
"Unrelated preparations",-12.2455555555556
"Unrelated preparations",-20.2177777777778
"Unrelated preparations",-10.8094444444444
"Unrelated preparations",-15.1372222222222
"Unrelated preparations",-14.3027777777778
"Unrelated preparations",-20.3716666666667
"Unrelated preparations",-26.3583333333333
"Unrelated preparations",-20.3377777777778
"Unrelated preparations",-16.8544444444445
"Unrelated preparations",-17.4905555555555
"Unrelated preparations",-16.2638888888889
"Unrelated preparations",-17.7927777777778
"Unrelated preparations",-6.95166666666665
"Unrelated preparations",-19.2244444444444
"Unrelated preparations",-12.9472222222222
"Unrelated preparations",-5.32166666666669
"Unrelated preparations",-26.2188888888889
"Unrelated preparations",-26.6244444444445
"Unrelated preparations",-15.5566666666667
"Unrelated preparations",-14.9672222222222
"Unrelated preparations",-17.09
"Unrelated preparations",-20.6372222222222
"Unrelated preparations",1.7
"Unrelated preparations",1.92888888888889
"Unrelated preparations",-12.8372222222222
"Unrelated preparations",-16.7277777777778
"Unrelated preparations",-19.6977777777778
"Unrelated preparations",-6.11888888888888
"Unrelated preparations",-18.8077777777778
"Unrelated preparations",-2.42166666666668
"Unrelated preparations",-17.48
"Unrelated preparations",-20.6922222222222
"Unrelated preparations",-26.6344444444444
"Unrelated preparations",-18.9355555555555
"Unrelated preparations",-12.1366666666667
"Unrelated preparations",-30.2666666666667
"Unrelated preparations",-8.66555555555556
"Unrelated preparations",-18.1444444444444
"Unrelated preparations",-7.53277777777777
"Unrelated preparations",-9.49944444444445
"Unrelated preparations",-20.0255555555556
"Unrelated preparations",-18.8144444444445
"Unrelated preparations",-11.9205555555555
"Unrelated preparations",-1.09500000000001
"Unrelated preparations",-22.8655555555555
"Unrelated preparations",-20.6011111111111
"Unrelated preparations",-16.0033333333333
"Unrelated preparations",-14.0383333333333
"Unrelated preparations",-10.8766666666666
"Unrelated preparations",-19.7238888888889
"Unrelated preparations",-19.7288888888889
"Unrelated preparations",-16.8833333333333
"Unrelated preparations",-12.3455555555555
"Unrelated preparations",-3.94000000000003
"Unrelated preparations",-3.92166666666667
"Unrelated preparations",-15.6705555555556
"Unrelated preparations",-9.67166666666667
"Unrelated preparations",-11.0272222222222
"Unrelated preparations",-7.47111111111113
"Unrelated preparations",-17.5866666666667
"Unrelated preparations",-11.6255555555556
"Unrelated preparations",-15.2916666666667
"Unrelated preparations",-10.3205555555556
"Unrelated preparations",-9.1561111111111
"Unrelated preparations",-8.34888888888889
"Unrelated preparations",-27.5738888888889
"Unrelated preparations",-7.36888888888889
"Unrelated preparations",-22.7472222222222
"Unrelated preparations",-22.4316666666667
"Unrelated preparations",-32.0933333333333
"Unrelated preparations",-14.48
"Unrelated preparations",-16.4911111111111
"Unrelated preparations",-20.3583333333333
"Unrelated preparations",-9.60499999999999
"Unrelated preparations",-22.5305555555556
"Unrelated preparations",-21.4388888888889
"Unrelated preparations",-22.1477777777778
"Unrelated preparations",0.498333333333335
"Unrelated preparations",-5.09611111111111
"Unrelated preparations",-4.85666666666667
"Unrelated preparations",-12.8788888888889
"Unrelated preparations",-22.6322222222222
"Unrelated preparations",-21.1038888888889
"Unrelated preparations",-24.235
"Unrelated preparations",12.8344444444445
"Unrelated preparations",-26.1983333333333
"Unrelated preparations",-14.4622222222222
"Unrelated preparations",-7.80722222222224
"Unrelated preparations",-19.625
"Unrelated preparations",-10.1433333333333
"Unrelated preparations",-11.4327777777778
"Unrelated preparations",-23.3044444444444
"Unrelated preparations",-20.4972222222222
"Unrelated preparations",-21.065
"Unrelated preparations",-24.3127777777778
"Unrelated preparations",-36.2111111111111
"Unrelated preparations",-13.3777777777778
"Unrelated preparations",0.334444444444429
"Unrelated preparations",-8.96833333333335
"Unrelated preparations",-12.0127777777777
"Unrelated preparations",-2.38611111111109
"Unrelated preparations",-5.37833333333334
"Unrelated preparations",-14.0144444444445
"Unrelated preparations",-12.4877777777778
"Unrelated preparations",-20.3927777777778
"Unrelated preparations",-29.3783333333333
"Unrelated preparations",-6.95500000000001
"Unrelated preparations",-19.5561111111111
"Unrelated preparations",-19.9105555555555
"Unrelated preparations",-16.3655555555555
"Unrelated preparations",-10.9338888888889
"Unrelated preparations",-24.4894444444444
"Unrelated preparations",-27.7861111111111
"Unrelated preparations",4.10833333333336
"Unrelated preparations",3.39222222222222
"Unrelated preparations",-26.0666666666667
"Unrelated preparations",-4.41444444444446
"Unrelated preparations",-5.48388888888888
"Unrelated preparations",-17.3111111111111
"Unrelated preparations",-22.3616666666667
"Unrelated preparations",-16.2794444444444
"Unrelated preparations",-24.0161111111111
"Unrelated preparations",-8.2777777777778
"Unrelated preparations",-0.884999999999991
"Unrelated preparations",-8.33666666666666
"Unrelated preparations",-29.6344444444445
"Unrelated preparations",1.48055555555554
"Unrelated preparations",0.914444444444428
"Unrelated preparations",-2.18444444444442
"Unrelated preparations",-14.6622222222222
"Unrelated preparations",-17.4266666666667
"Unrelated preparations",-19.9161111111111
"Unrelated preparations",-5.76888888888887
"Unrelated preparations",-9.34055555555554
"Unrelated preparations",-10.0372222222222
"Unrelated preparations",-11.7088888888889
"Unrelated preparations",-29.28
"Unrelated preparations",-12.6833333333333
"Unrelated preparations",-12.7322222222222
"Unrelated preparations",-13.0116666666667
"Unrelated preparations",-12.2622222222222
"Unrelated preparations",-4.34166666666665
"Unrelated preparations",-9.61277777777775
"Unrelated preparations",-19.47
"Unrelated preparations",-20.03
"Unrelated preparations",-6.02777777777777
"Unrelated preparations",-17.0633333333333
"Unrelated preparations",-29.2172222222222
"Unrelated preparations",-23.0222222222222
"Unrelated preparations",-29.0572222222222
"Unrelated preparations",-8.31444444444446
"Unrelated preparations",-23.5111111111111
"Unrelated preparations",-12.3666666666667
"Unrelated preparations",-4.83277777777778
"Unrelated preparations",-19.7422222222222
"Unrelated preparations",-4.3561111111111
"Unrelated preparations",-3.37555555555554
"Unrelated preparations",-19.8233333333333
"Unrelated preparations",-4.13611111111112
"Unrelated preparations",-20.945
"Unrelated preparations",-27.7288888888889
"Unrelated preparations",-15.8394444444445
"Unrelated preparations",-18.7611111111111
"Unrelated preparations",-33.2888888888889
"Unrelated preparations",-8.8811111111111
"Unrelated preparations",-16.6872222222222
"Unrelated preparations",-2.80166666666668
"Unrelated preparations",-28.9272222222222
"Unrelated preparations",1.27000000000001
"Unrelated preparations",-36.9916666666667
"Unrelated preparations",-18.8394444444444
"Unrelated preparations",-20.2883333333333
"Unrelated preparations",-10.3366666666667
"Unrelated preparations",-18.4872222222222
"Unrelated preparations",-16.2788888888889
"Unrelated preparations",-5.09777777777776
"Unrelated preparations",1.77000000000001
"Unrelated preparations",-29.3888888888889
"Unrelated preparations",-20.7394444444444
"Unrelated preparations",0.341666666666654
"Unrelated preparations",-10.6066666666667
"Unrelated preparations",-21.7888888888889
"Unrelated preparations",-8.45000000000002
"Unrelated preparations",-8.15555555555555
"Unrelated preparations",-12.1488888888889
"Unrelated preparations",-24.8155555555555
"Unrelated preparations",-11.7194444444444
"Unrelated preparations",-5.68055555555556
"Unrelated preparations",-3.0888888888889
"Unrelated preparations",-30.4472222222222
"Unrelated preparations",-26.59
"Unrelated preparations",-32.3733333333333
"Unrelated preparations",0.25500000000001
"Unrelated preparations",-4.0638888888889
"Unrelated preparations",-6.82111111111111
"Unrelated preparations",-15.0788888888889
"Unrelated preparations",-10.8994444444444
"Unrelated preparations",-17.8333333333333
"Unrelated preparations",-16.2138888888889
"Unrelated preparations",-19.6177777777778
"Unrelated preparations",-15.6605555555555
"Unrelated preparations",-26.6455555555556
"Unrelated preparations",-22.4066666666667
"Unrelated preparations",-27.6188888888889
"Unrelated preparations",-20.8244444444445
"Unrelated preparations",-25.3844444444444
"Unrelated preparations",-18.5138888888889
"Unrelated preparations",-1.64166666666668
"Unrelated preparations",-1.67833333333333
"Unrelated preparations",-11.4138888888889
"Unrelated preparations",-11.2677777777778
"Unrelated preparations",-18.8755555555556
"Unrelated preparations",-6.71111111111108
"Unrelated preparations",-24.51
"Unrelated preparations",-12.9838888888889
"Unrelated preparations",-2.83222222222223
"Unrelated preparations",-18.9444444444444
"Unrelated preparations",2.37666666666667
"Unrelated preparations",-8.53444444444446
"Unrelated preparations",7.67
"Unrelated preparations",-17.2005555555556
"Unrelated preparations",-16.9738888888889
"Unrelated preparations",-0.3461111111111
"Unrelated preparations",-1.66333333333333
"Unrelated preparations",-22.3944444444444
"Unrelated preparations",-2.02499999999998
"Unrelated preparations",-21.1988888888889
"Unrelated preparations",-10.7338888888889
"Unrelated preparations",-40.6761111111111
"Unrelated preparations",-32.2238888888889
"Unrelated preparations",-20.6827777777778
"Unrelated preparations",-1.49444444444443
"Unrelated preparations",-1.71722222222222
"Unrelated preparations",-4.9338888888889
"Unrelated preparations",-14.4355555555556
"Unrelated preparations",-14.9294444444445
"Unrelated preparations",-12.955
"Unrelated preparations",-20.9366666666666
"Unrelated preparations",-31.225
"Unrelated preparations",-21.9038888888889
"Unrelated preparations",-6.82611111111112
"Unrelated preparations",-11.0577777777778
"Unrelated preparations",-7.74555555555554
"Unrelated preparations",-22.0227777777778
"Unrelated preparations",-12.2516666666667
"Unrelated preparations",-8.98722222222221
"Unrelated preparations",0.0611111111111171
"Unrelated preparations",-27.735
"Unrelated preparations",-6.98777777777778
"Unrelated preparations",-8.71444444444444
"Unrelated preparations",-15.9216666666667
"Unrelated preparations",-6.04222222222224
"Unrelated preparations",-20.5022222222222
"Unrelated preparations",-17.36
"Unrelated preparations",-22.2422222222222
"Unrelated preparations",-12.0133333333333
"Unrelated preparations",-24.405
"Unrelated preparations",-24.05
"Unrelated preparations",-22.4044444444444
"Unrelated preparations",-13.1888888888889
"Unrelated preparations",0.620000000000005
"Unrelated preparations",-12.8
"Unrelated preparations",-4.23833333333334
"Unrelated preparations",-3.78666666666669
"Unrelated preparations",-11.8077777777777
"Unrelated preparations",-7.99388888888889
"Unrelated preparations",-23.375
"Unrelated preparations",1.80333333333334
"Unrelated preparations",-14.0472222222222
"Unrelated preparations",3.63222222222221
"Unrelated preparations",-16.4433333333333
"Unrelated preparations",-15.3111111111111
"Unrelated preparations",-7.69277777777779
"Unrelated preparations",-20.3605555555556
"Unrelated preparations",-23.0083333333333
"Unrelated preparations",-18.44
"Unrelated preparations",-6.48944444444444
"Unrelated preparations",2.62777777777777
"Unrelated preparations",-10.5594444444445
"Unrelated preparations",-19.185
"Unrelated preparations",-13.685
"Unrelated preparations",-20.2216666666666
"Unrelated preparations",-19.2322222222222
"Unrelated preparations",8.60166666666667
"Unrelated preparations",-31.0572222222222
"Unrelated preparations",1.55500000000001
"Unrelated preparations",-32.6344444444445
"Unrelated preparations",-20.2222222222222
"Unrelated preparations",-15.2594444444445
"Unrelated preparations",-8.68444444444444
"Unrelated preparations",-26.8405555555556
"Unrelated preparations",-12.3816666666667
"Unrelated preparations",-25.1483333333333
"Unrelated preparations",-26.4622222222222
"Unrelated preparations",-1.58666666666667
"Unrelated preparations",-11.5016666666667
"Unrelated preparations",-17.1666666666667
"Unrelated preparations",-24.3377777777778
"Unrelated preparations",-2.49388888888889
"Unrelated preparations",-19.5988888888889
"Unrelated preparations",-18.4061111111111
"Unrelated preparations",-23.56
"Unrelated preparations",-19.3627777777778
"Unrelated preparations",-19.5783333333334
"Unrelated preparations",-7.57777777777778
"Unrelated preparations",-3.59888888888888
"Unrelated preparations",-19.7505555555556
"Unrelated preparations",-8.21277777777779
"Unrelated preparations",-28.9177777777778
"Unrelated preparations",-13.345
"Unrelated preparations",-35.6922222222222
"Unrelated preparations",-4.13
"Unrelated preparations",-32.8716666666667
"Unrelated preparations",-17.6361111111111
"Unrelated preparations",-10.4016666666667
"Unrelated preparations",3.62833333333333
"Unrelated preparations",-6.57277777777779
"Unrelated preparations",-24.3538888888889
"Unrelated preparations",-3.04722222222222
"Unrelated preparations",-7.67222222222225
"Unrelated preparations",-7.60277777777779
"Unrelated preparations",-10.2438888888889
"Unrelated preparations",-27.8777777777778
"Unrelated preparations",-19.3016666666667
"Unrelated preparations",-17.5488888888889
"Unrelated preparations",-17.3833333333333
"Unrelated preparations",-25.0372222222222
"Unrelated preparations",-9.5311111111111
"Unrelated preparations",-14.4505555555555
"Unrelated preparations",-5.45222222222223
"Unrelated preparations",-21.4011111111111
"Unrelated preparations",-15.8677777777778
"Unrelated preparations",-4.81166666666667
"Unrelated preparations",-28.1933333333334
"Unrelated preparations",6.40999999999998
"Unrelated preparations",-6.63333333333333
"Unrelated preparations",-7.46388888888887
"Unrelated preparations",0.668333333333322
"Unrelated preparations",-14.8877777777778
"Unrelated preparations",-5.5638888888889
"Unrelated preparations",-1.77111111111111
"Unrelated preparations",-40.9494444444445
"Unrelated preparations",2.62333333333332
"Unrelated preparations",-22.6355555555556
"Unrelated preparations",-7.22333333333334
"Unrelated preparations",-23.6255555555556
"Unrelated preparations",-15.7727777777778
"Unrelated preparations",-5.03722222222223
"Unrelated preparations",-24.4638888888889
"Unrelated preparations",-17.225
"Unrelated preparations",-12.4272222222222
"Unrelated preparations",-9.27611111111111
"Unrelated preparations",-8.40277777777776
"Unrelated preparations",-16.8422222222222
"Unrelated preparations",-7.41777777777779
"Unrelated preparations",-21.95
"Unrelated preparations",-23.225
"Unrelated preparations",-20.8116666666667
"Unrelated preparations",-3.40833333333333
"Unrelated preparations",-23.8855555555556
"Unrelated preparations",-18.3077777777778
"Unrelated preparations",-8.76888888888888
"Unrelated preparations",-16.0055555555555
"Unrelated preparations",-19.1155555555556
"Unrelated preparations",-10.2755555555556
"Unrelated preparations",-9.24722222222223
"Unrelated preparations",-15.7844444444444
"Unrelated preparations",-17.5616666666667
"Unrelated preparations",-18.7333333333333
"Unrelated preparations",-16.1816666666667
"Unrelated preparations",-9.04333333333338
"Unrelated preparations",-7.36055555555558
"Unrelated preparations",-7.06555555555555
"Unrelated preparations",-20.2616666666667
"Unrelated preparations",-8.96333333333334
"Unrelated preparations",-16.915
"Unrelated preparations",-8.24999999999997
"Unrelated preparations",-13.455
"Unrelated preparations",-0.145555555555575
"Unrelated preparations",-3.15277777777779
"Unrelated preparations",-25.8483333333333
"Unrelated preparations",-18.3555555555556
"Unrelated preparations",1.29055555555556
"Unrelated preparations",-21.6794444444444
"Unrelated preparations",-25.4188888888889
"Unrelated preparations",-12.0966666666667
"Unrelated preparations",-27.675
"Unrelated preparations",-7.3811111111111
"Unrelated preparations",-16.5572222222222
"Unrelated preparations",17.7461111111111
"Unrelated preparations",-10.0505555555556
"Unrelated preparations",-15.0377777777778
"Unrelated preparations",1.82444444444444
"Unrelated preparations",-22.7761111111111
"Unrelated preparations",-22.3905555555556
"Unrelated preparations",-7.97722222222224
"Unrelated preparations",4.57111111111111
"Unrelated preparations",-21.8811111111111
"Unrelated preparations",-16.6883333333333
"Unrelated preparations",3.80222222222224
"Unrelated preparations",-14.9377777777778
"Unrelated preparations",-10.9483333333333
"Unrelated preparations",-21.3444444444444
"Unrelated preparations",-21.635
"Unrelated preparations",-8.83555555555556
"Unrelated preparations",-21.2016666666666
"Unrelated preparations",2.53944444444446
"Unrelated preparations",-1.12833333333334
"Unrelated preparations",-22.5677777777778
"Unrelated preparations",-18.9272222222222
"Unrelated preparations",-26.6644444444445
"Unrelated preparations",-24.5527777777778
"Unrelated preparations",4.74611111111109
"Unrelated preparations",-30.3577777777778
"Unrelated preparations",-5.75444444444445
"Unrelated preparations",-19.0977777777778
"Unrelated preparations",-15.9427777777778
"Unrelated preparations",-5.88166666666666
"Unrelated preparations",3.48777777777779
"Unrelated preparations",-13.7627777777778
"Unrelated preparations",-15.9438888888889
"Unrelated preparations",-1.92055555555557
"Unrelated preparations",-13.5394444444445
"Unrelated preparations",-11.6588888888889
"Unrelated preparations",-24.3761111111111
"Unrelated preparations",-7.0788888888889
"Unrelated preparations",-6.19277777777778
"Unrelated preparations",-20.2116666666667
"Unrelated preparations",-4.25277777777775
"Unrelated preparations",-25.1811111111111
"Unrelated preparations",-16.8333333333333
"Unrelated preparations",-9.83333333333333
"Unrelated preparations",-16.1661111111111
"Unrelated preparations",-16.8988888888889
"Unrelated preparations",-18.2872222222223
"Unrelated preparations",-1.64666666666666
"Unrelated preparations",-11.14
"Unrelated preparations",-6.15166666666669
"Unrelated preparations",-32.16
"Unrelated preparations",3.19722222222224
"Unrelated preparations",-8.50111111111111
"Unrelated preparations",-19.5311111111111
"Unrelated preparations",-26.1644444444445
"Unrelated preparations",-17.1988888888889
"Unrelated preparations",-34.23
"Unrelated preparations",-4.28333333333335
"Unrelated preparations",-7.59333333333332
"Unrelated preparations",-18.9305555555555
"Unrelated preparations",-9.92944444444446
"Unrelated preparations",-6.95944444444444
"Unrelated preparations",-13.7777777777778
"Unrelated preparations",-28.7577777777778
"Unrelated preparations",2.20277777777778
"Unrelated preparations",-37.8772222222222
"Unrelated preparations",-7.92444444444443
"Unrelated preparations",-22.2316666666667
"Unrelated preparations",-18.7355555555555
"Unrelated preparations",-14.9155555555556
"Unrelated preparations",-18.495
"Unrelated preparations",-22.2722222222222
"Unrelated preparations",-7.57333333333332
"Unrelated preparations",-6.60333333333334
"Unrelated preparations",-16.6883333333333
"Unrelated preparations",-13.7127777777778
"Unrelated preparations",-3.77222222222221
"Unrelated preparations",-24.4927777777778
"Unrelated preparations",-24.6061111111111
"Unrelated preparations",-17.7738888888889
"Unrelated preparations",1.01000000000001
"Unrelated preparations",-10.7194444444444
"Unrelated preparations",-5.23333333333335
"Unrelated preparations",-31.9911111111111
"Unrelated preparations",-20.455
"Unrelated preparations",-7.34833333333334
"Unrelated preparations",-14.5083333333333
"Unrelated preparations",-27.4511111111111
"Unrelated preparations",-14.7105555555555
"Unrelated preparations",-9.58999999999999
"Unrelated preparations",-20.7811111111111
"Unrelated preparations",-10.4438888888889
"Unrelated preparations",-10.4611111111111
"Unrelated preparations",-17.5883333333333
"Unrelated preparations",-2.94166666666668
"Unrelated preparations",-9.77888888888889
"Unrelated preparations",-7.55666666666667
"Unrelated preparations",-2.34000000000002
"Unrelated preparations",-18.8488888888889
"Unrelated preparations",-8.75555555555555
"Unrelated preparations",-13.7333333333333
"Unrelated preparations",-5.14722222222223
"Unrelated preparations",-19.5322222222222
"Unrelated preparations",-26.0305555555556
"Unrelated preparations",-9.77055555555556
"Unrelated preparations",-12.9027777777778
"Unrelated preparations",-26.975
"Unrelated preparations",-22.9372222222222
"Unrelated preparations",-6.60555555555555
"Unrelated preparations",-4.30388888888886
"Unrelated preparations",-8.6288888888889
"Unrelated preparations",-23.0561111111111
"Unrelated preparations",-24.1266666666667
"Unrelated preparations",-3.51611111111112
"Unrelated preparations",-18.8538888888889
"Unrelated preparations",-31.3644444444444
"Unrelated preparations",-6.34000000000002
"Unrelated preparations",-16.0461111111111
"Unrelated preparations",-10.43
"Unrelated preparations",-22.2594444444444
"Unrelated preparations",-31.2133333333333
"Unrelated preparations",-27.0122222222222
"Unrelated preparations",-19.7627777777778
"Unrelated preparations",-21.6722222222222
"Unrelated preparations",-23.1022222222222
"Unrelated preparations",-33.7866666666667
"Unrelated preparations",-20.2788888888889
"Unrelated preparations",4.70388888888888
"Unrelated preparations",-8.14500000000002
"Unrelated preparations",2.2638888888889
"Unrelated preparations",-1.49
"Unrelated preparations",-18.9088888888889
"Unrelated preparations",-22.1683333333333
"Unrelated preparations",-10.0688888888889
"Unrelated preparations",-13.3077777777777
"Unrelated preparations",-23.1572222222222
"Unrelated preparations",-6.68166666666667
"Unrelated preparations",-21.9811111111111
"Unrelated preparations",-5.82833333333333
"Unrelated preparations",-16.49
"Unrelated preparations",-10.8716666666667
"Unrelated preparations",-9.86388888888889
"Unrelated preparations",-10.5677777777778
"Unrelated preparations",-22.3033333333333
"Unrelated preparations",-7.91833333333334
"Unrelated preparations",0.804444444444442
"Unrelated preparations",-31.9011111111111
"Unrelated preparations",-9.09333333333332
"Unrelated preparations",-13.8033333333333
"Unrelated preparations",-17.3588888888889
"Unrelated preparations",-10.27
"Unrelated preparations",-26.9544444444444
"Unrelated preparations",-6.22166666666668
"Unrelated preparations",-26.3722222222222
"Unrelated preparations",4.86222222222221
"Unrelated preparations",-1.98555555555555
"Unrelated preparations",-4.0961111111111
"Unrelated preparations",-32.255
"Unrelated preparations",-27.9361111111111
"Unrelated preparations",-25.2988888888889
"Unrelated preparations",-20.0905555555556
"Unrelated preparations",-19.3088888888889
"Unrelated preparations",-8.94555555555554
"Unrelated preparations",-13.3022222222222
"Unrelated preparations",-11.3655555555555
"Unrelated preparations",-34.9461111111111
"Unrelated preparations",-13.73
"Unrelated preparations",-11.1827777777778
"Unrelated preparations",-19.3905555555556
"Unrelated preparations",-10.4116666666666
"Unrelated preparations",-19.3477777777778
"Unrelated preparations",-24.1
"Unrelated preparations",-8.17666666666668
"Unrelated preparations",-21.3405555555556
"Unrelated preparations",-7.55
"Unrelated preparations",-11.46
"Unrelated preparations",-8.7361111111111
"Unrelated preparations",-25.3505555555555
"Unrelated preparations",-28.0561111111111
"Unrelated preparations",-17.54
"Unrelated preparations",-16.4494444444445
"Unrelated preparations",-4.40277777777779
"Unrelated preparations",-19.6916666666667
"Unrelated preparations",-3.20666666666668
"Unrelated preparations",-25.3233333333334
"Unrelated preparations",-6.32444444444444
"Unrelated preparations",-0.00722222222221092
"Unrelated preparations",-6.12722222222223
"Unrelated preparations",-14.0822222222222
"Unrelated preparations",-33.3055555555555
"Unrelated preparations",-17.3422222222222
"Unrelated preparations",-13.6772222222222
"Unrelated preparations",-5.20499999999998
"Unrelated preparations",-9.83166666666665
"Unrelated preparations",-12.2266666666667
"Unrelated preparations",-8.625
"Unrelated preparations",-11.1177777777778
"Unrelated preparations",-13.705
"Unrelated preparations",8.51611111111112
"Unrelated preparations",-18.4016666666667
"Unrelated preparations",-31.2866666666667
"Unrelated preparations",-9.76444444444448
"Unrelated preparations",-6.98722222222223
"Unrelated preparations",-17.5494444444444
"Unrelated preparations",-1.44333333333333
"Unrelated preparations",-19.3538888888889
"Unrelated preparations",-6.00055555555558
"Unrelated preparations",-17.1388888888889
"Unrelated preparations",-13.5594444444444
"Unrelated preparations",-6.16277777777778
"Unrelated preparations",-13.1272222222222
"Unrelated preparations",-2.98611111111113
"Unrelated preparations",-27.6944444444444
"Unrelated preparations",-11.4844444444444
"Unrelated preparations",-13.8122222222222
"Unrelated preparations",-1.07611111111112
"Unrelated preparations",-16.6483333333333
"Unrelated preparations",-11.7366666666667
"Unrelated preparations",-4.79944444444445
"Unrelated preparations",-5.18277777777779
"Unrelated preparations",-21.8783333333333
"Unrelated preparations",4.08333333333336
"Unrelated preparations",-9.65722222222223
"Unrelated preparations",2.5938888888889
"Unrelated preparations",4.43111111111111
"Unrelated preparations",-7.29555555555552
"Unrelated preparations",-18.3583333333333
"Unrelated preparations",-27.6266666666667
"Unrelated preparations",-10.2133333333333
"Unrelated preparations",-18.8383333333333
"Unrelated preparations",-18.1577777777778
"Unrelated preparations",-6.52111111111111
"Unrelated preparations",-10.2572222222222
"Unrelated preparations",-8.84444444444446
"Unrelated preparations",-12.4488888888889
"Unrelated preparations",1.19722222222222
"Unrelated preparations",-20.6438888888889
"Unrelated preparations",-21.1661111111111
"Unrelated preparations",-19.2611111111111
"Unrelated preparations",-12.1133333333333
"Unrelated preparations",-31.0727777777778
"Unrelated preparations",0.00166666666666515
"Unrelated preparations",-16.6672222222223
"Unrelated preparations",3.41277777777778
"Unrelated preparations",-6.95333333333332
"Unrelated preparations",-14.4983333333333
"Unrelated preparations",-14.9072222222222
"Unrelated preparations",8.35833333333332
"Unrelated preparations",-28.7361111111111
"Unrelated preparations",-35.5355555555556
"Unrelated preparations",-13.08
"Unrelated preparations",-25.8855555555556
"Unrelated preparations",-29.92
"Unrelated preparations",-13.3838888888889
"Unrelated preparations",-17.0522222222222
"Unrelated preparations",-15.7222222222222
"Unrelated preparations",-10.7044444444444
"Unrelated preparations",-23.0677777777778
"Unrelated preparations",-2.67055555555555
"Unrelated preparations",2.38111111111112
"Unrelated preparations",-1.50833333333333
"Unrelated preparations",-16.7272222222222
"Unrelated preparations",-20.5616666666667
"Unrelated preparations",-2.38611111111111
"Unrelated preparations",-2.71499999999999
"Unrelated preparations",-29.1611111111111
"Unrelated preparations",1.68833333333335
"Unrelated preparations",-8.66055555555556
"Unrelated preparations",-3.72333333333334
"Unrelated preparations",7.55499999999998
"Unrelated preparations",1.03222222222223
"Unrelated preparations",-18.2438888888889
"Unrelated preparations",0.132777777777761
"Unrelated preparations",-14.8044444444444
"Unrelated preparations",-12.465
"Unrelated preparations",-13.1083333333333
"Unrelated preparations",-7.37055555555555
"Unrelated preparations",-22.4411111111111
"Unrelated preparations",-28.0422222222222
"Unrelated preparations",-22.2361111111111
"Unrelated preparations",-13.8766666666667
"Unrelated preparations",-24.645
"Unrelated preparations",-23.4588888888889
"Unrelated preparations",-14.5677777777778
"Unrelated preparations",-10.5144444444444
"Unrelated preparations",8.03111111111112
"Unrelated preparations",-16.0994444444444
"Unrelated preparations",-12.1377777777778
"Unrelated preparations",-8.8761111111111
"Unrelated preparations",-19.7733333333333
"Unrelated preparations",-23.0811111111111
"Unrelated preparations",-16.3327777777778
"Unrelated preparations",-16.2666666666667
"Unrelated preparations",-3.63611111111109
"Unrelated preparations",-18.1005555555556
"Unrelated preparations",-7.92333333333333
"Unrelated preparations",-15.2211111111111
"Unrelated preparations",-16.4422222222222
"Unrelated preparations",-4.44166666666663
"Unrelated preparations",-21.6594444444444
"Unrelated preparations",11.6494444444444
"Unrelated preparations",-20.5377777777778
"Unrelated preparations",-26.2727777777778
"Unrelated preparations",-12.3811111111111
"Unrelated preparations",-10.0705555555556
"Unrelated preparations",-15.8561111111111
"Unrelated preparations",-9.71444444444445
"Unrelated preparations",-3.82222222222222
"Unrelated preparations",-4.19333333333333
"Unrelated preparations",-41.7238888888889
"Unrelated preparations",-12.5238888888889
"Unrelated preparations",-14.025
"Unrelated preparations",-23.1966666666667
"Unrelated preparations",-22.4022222222222
"Unrelated preparations",-7.74666666666667
"Unrelated preparations",-1.04277777777777
"Unrelated preparations",-27.2472222222222
"Unrelated preparations",-31.2983333333333
"Unrelated preparations",-20.5955555555556
"Unrelated preparations",-5.74444444444447
"Unrelated preparations",-9.14333333333335
"Unrelated preparations",-15.8144444444444
"Unrelated preparations",-10.9516666666667
"Unrelated preparations",-19.8588888888889
"Unrelated preparations",-22.3411111111111
"Unrelated preparations",-21.6966666666667
"Unrelated preparations",-10.4277777777778
"Unrelated preparations",-5.21777777777777
"Unrelated preparations",5.035
"Unrelated preparations",-17.9133333333333
"Unrelated preparations",-8.00499999999998
"Unrelated preparations",-34.5166666666667
"Unrelated preparations",1.83500000000002
"Unrelated preparations",-28.3616666666667
"Unrelated preparations",-36.6916666666667
"Unrelated preparations",-3.03277777777777
"Unrelated preparations",-13.51
"Unrelated preparations",-0.100555555555545
"Unrelated preparations",-18.4333333333333
"Unrelated preparations",-27.2227777777778
"Unrelated preparations",6.75555555555555
"Unrelated preparations",-20.7811111111111
"Unrelated preparations",-11.7761111111111
"Unrelated preparations",-15.19
"Unrelated preparations",-5.85499999999999
"Unrelated preparations",-12.9744444444444
"Unrelated preparations",-5.75222222222226
"Unrelated preparations",-20.8277777777778
"Unrelated preparations",-37.7938888888889
"Unrelated preparations",-19.9722222222222
"Unrelated preparations",-11.5816666666667
"Unrelated preparations",-24.9683333333333
"Unrelated preparations",-12.0633333333333
"Unrelated preparations",-32.28
"Unrelated preparations",-9.13944444444445
"Unrelated preparations",-3.06555555555558
"Unrelated preparations",-8.83222222222223
"Unrelated preparations",-11.1805555555555
"Unrelated preparations",-24.3594444444444
"Unrelated preparations",-16.7122222222222
"Unrelated preparations",-19.8133333333333
"Unrelated preparations",-19.3983333333333
"Unrelated preparations",-22.9383333333333
"Unrelated preparations",-17.5905555555556
"Unrelated preparations",-19.9983333333333
"Unrelated preparations",-11.4844444444445
"Unrelated preparations",-2.00666666666666
"Unrelated preparations",1.04000000000001
"Unrelated preparations",-20.5294444444445
"Unrelated preparations",-24.9277777777778
"Unrelated preparations",-15.7783333333333
"Unrelated preparations",-21.9027777777778
"Unrelated preparations",-16.2377777777778
"Unrelated preparations",-19.2911111111111
"Unrelated preparations",-15.8583333333333
"Unrelated preparations",-10.2666666666667
"Unrelated preparations",-15.6461111111111
"Unrelated preparations",-24.0783333333333
"Unrelated preparations",-18.5444444444445
"Unrelated preparations",-9.82000000000002
"Unrelated preparations",-13.4827777777778
"Unrelated preparations",0.645000000000039
"Unrelated preparations",-17.2222222222222
"Unrelated preparations",-19.6894444444444
"Unrelated preparations",-17.9922222222222
"Unrelated preparations",-31.23
"Unrelated preparations",-12.0872222222222
"Unrelated preparations",-6.39666666666666
"Unrelated preparations",-15.2583333333333
"Unrelated preparations",-14.1916666666667
"Unrelated preparations",6.76333333333335
"Unrelated preparations",-28.875
"Unrelated preparations",-0.188333333333318
"Unrelated preparations",-33.1555555555556
"Unrelated preparations",-11.8816666666667
"Unrelated preparations",-3.48500000000001
"Unrelated preparations",-14.2561111111111
"Unrelated preparations",-12.2472222222222
"Unrelated preparations",0.358888888888885
"Unrelated preparations",-25.5894444444445
"Unrelated preparations",-14.4533333333333
"Unrelated preparations",-29.0844444444445
"Unrelated preparations",-18.0711111111111
"Unrelated preparations",-8.94499999999999
"Unrelated preparations",-18.4016666666667
"Unrelated preparations",-3.61444444444446
"Unrelated preparations",-14.0433333333333
"Unrelated preparations",-12.2516666666667
"Unrelated preparations",-7.56666666666668
"Unrelated preparations",-6.80833333333334
"Unrelated preparations",-19.8277777777778
"Unrelated preparations",-5.53888888888889
"Unrelated preparations",-15.0811111111111
"Unrelated preparations",-5.91555555555556
"Unrelated preparations",4.74777777777776
"Unrelated preparations",-15.3872222222222
"Unrelated preparations",-21.9788888888889
"Unrelated preparations",-13.2938888888889
"Unrelated preparations",-2.58666666666666
"Unrelated preparations",-22.9072222222222
"Unrelated preparations",-14.4972222222222
"Unrelated preparations",-14
"Unrelated preparations",-17.6183333333333
"Unrelated preparations",-20.9677777777778
"Unrelated preparations",-11.9122222222222
"Unrelated preparations",-13.2277777777778
"Unrelated preparations",-27.8088888888889
"Unrelated preparations",-13.1644444444444
"Unrelated preparations",-1.33611111111111
"Unrelated preparations",-17.8033333333333
"Unrelated preparations",-16.9783333333333
"Unrelated preparations",-24.2205555555556
"Unrelated preparations",-32.6155555555555
"Unrelated preparations",-8.99777777777778
"Unrelated preparations",-2.69888888888889
"Unrelated preparations",-21.0372222222222
"Unrelated preparations",-16.1083333333333
"Unrelated preparations",-4.35277777777777
"Unrelated preparations",-8.06222222222223
"Unrelated preparations",-7.73666666666666
"Unrelated preparations",-11.9166666666666
"Unrelated preparations",-7.43722222222222
"Unrelated preparations",-20.0055555555555
"Unrelated preparations",-3.31500000000003
"Unrelated preparations",-8.87055555555555
"Unrelated preparations",-6.56222222222223
"Unrelated preparations",-29.8744444444444
"Unrelated preparations",-11.7738888888889
"Unrelated preparations",-20.5266666666667
"Unrelated preparations",-14.7383333333333
"Unrelated preparations",-3.4561111111111
"Unrelated preparations",-23.22
"Unrelated preparations",-14.8011111111111
"Unrelated preparations",6.56222222222222
"Unrelated preparations",-41.56
"Unrelated preparations",-7.90277777777777
"Unrelated preparations",-10.4283333333333
"Unrelated preparations",-11.7566666666667
"Unrelated preparations",-3.3511111111111
"Unrelated preparations",8.27777777777777
"Unrelated preparations",-13.3272222222222
"Unrelated preparations",-11.2572222222222
"Unrelated preparations",-11.9761111111111
"Unrelated preparations",-0.514444444444436
"Unrelated preparations",-6.00666666666666
"Unrelated preparations",-3.36888888888888
"Unrelated preparations",-26.4361111111111
"Unrelated preparations",2.12888888888888
"Unrelated preparations",-13.1572222222222
"Unrelated preparations",7.28666666666668
"Unrelated preparations",-2.25111111111113
"Unrelated preparations",-37.9761111111111
"Unrelated preparations",-8.74722222222222
"Unrelated preparations",1.70166666666667
"Unrelated preparations",-18.8272222222222
"Unrelated preparations",-15.7477777777778
"Unrelated preparations",-17.4416666666667
"Unrelated preparations",-16.2127777777778
"Unrelated preparations",-24.69
"Unrelated preparations",-18.3588888888889
"Unrelated preparations",-33.2166666666667
"Unrelated preparations",-30.8044444444444
"Unrelated preparations",-10.6194444444444
"Unrelated preparations",-11.7833333333333
"Unrelated preparations",-18.4333333333333
"Unrelated preparations",-3.29888888888888
"Unrelated preparations",-29.7988888888889
"Unrelated preparations",-16.9683333333333
"Unrelated preparations",-11.7516666666667
"Unrelated preparations",-17.1483333333333
"Unrelated preparations",-28.7255555555556
"Unrelated preparations",-9.94333333333333
"Unrelated preparations",-24.8783333333333
"Unrelated preparations",-5.27888888888889
"Unrelated preparations",-18.8011111111111
"Unrelated preparations",-3.50555555555555
"Unrelated preparations",-18.0127777777778
"Unrelated preparations",-24.0822222222222
"Unrelated preparations",-29.7577777777778
"Unrelated preparations",-24.05
"Unrelated preparations",-14.2711111111111
"Unrelated preparations",-36.2572222222222
"Unrelated preparations",-26.6405555555556
"Unrelated preparations",1.14666666666668
"Unrelated preparations",-14.065
"Unrelated preparations",-3.73277777777777
"Unrelated preparations",-9.33722222222222
"Unrelated preparations",-18.3216666666667
"Unrelated preparations",-25.065
"Unrelated preparations",-7.79444444444448
"Unrelated preparations",-8.6488888888889
"Unrelated preparations",-12.3055555555556
"Unrelated preparations",-19.7383333333333
"Unrelated preparations",-9.82055555555554
"Unrelated preparations",-24.9033333333333
"Unrelated preparations",-26.2044444444444
"Unrelated preparations",-23.0877777777778
"Unrelated preparations",2.22333333333334
"Unrelated preparations",-23.5822222222222
"Unrelated preparations",-30.9461111111111
"Unrelated preparations",-11.5572222222222
"Unrelated preparations",-0.867777777777789
"Unrelated preparations",-12.9533333333333
"Unrelated preparations",-15.9694444444444
"Unrelated preparations",-5.12277777777777
"Unrelated preparations",-7.36277777777775
"Unrelated preparations",-5.57222222222224
"Unrelated preparations",-12.2888888888889
"Unrelated preparations",-15.1866666666667
"Unrelated preparations",-17.2772222222222
"Unrelated preparations",-30.9966666666667
"Unrelated preparations",-34.8683333333333
"Unrelated preparations",-12.4677777777778
"Unrelated preparations",-13.5644444444444
"Unrelated preparations",-16.2372222222222
"Unrelated preparations",-25.1266666666667
"Unrelated preparations",-5.85166666666667
"Unrelated preparations",-19.965
"Unrelated preparations",-5.99277777777779
"Unrelated preparations",-10.7477777777778
"Unrelated preparations",-6.45888888888886
"Unrelated preparations",-7.48777777777777
"Unrelated preparations",-28.6977777777778
"Unrelated preparations",-4.01222222222221
"Unrelated preparations",-1.48444444444443
"Unrelated preparations",-4.54888888888888
"Unrelated preparations",-4.28666666666668
"Unrelated preparations",-10.315
"Unrelated preparations",-21.2016666666667
"Unrelated preparations",-21.0972222222222
"Unrelated preparations",-14.8072222222222
"Unrelated preparations",-5.24055555555556
"Unrelated preparations",-25.35
"Unrelated preparations",-24.5566666666667
"Unrelated preparations",-2.66500000000001
"Unrelated preparations",-3.52611111111111
"Unrelated preparations",-11.4472222222222
"Unrelated preparations",-9.3611111111111
"Unrelated preparations",-14.12
"Unrelated preparations",-18.4111111111111
"Unrelated preparations",-12.2811111111111
"Unrelated preparations",-25.7411111111111
"Unrelated preparations",-21.3094444444444
"Unrelated preparations",-9.51277777777774
"Unrelated preparations",-10.1494444444445
"Unrelated preparations",-13.845
"Unrelated preparations",-14.795
"Unrelated preparations",-9.34444444444445
"Unrelated preparations",-15.4883333333333
"Unrelated preparations",-1.56777777777775
"Unrelated preparations",-27.3538888888889
"Unrelated preparations",-9.59555555555553
"Unrelated preparations",-25.1533333333333
"Unrelated preparations",-5.8788888888889
"Unrelated preparations",-4.64277777777778
"Unrelated preparations",-21.9044444444444
"Unrelated preparations",-29.7927777777778
"Unrelated preparations",-30.6127777777778
"Unrelated preparations",-22.9077777777778
"Unrelated preparations",-4.02222222222223
"Unrelated preparations",-12.9016666666667
"Unrelated preparations",-10.8127777777778
"Unrelated preparations",-6.4338888888889
"Unrelated preparations",-2.47000000000001
"Unrelated preparations",-19.09
"Unrelated preparations",-5.62277777777783
"Unrelated preparations",-14.4516666666667
"Unrelated preparations",-11.7122222222222
"Unrelated preparations",-10.835
"Unrelated preparations",12.2411111111111
"Unrelated preparations",-18.6722222222222
"Unrelated preparations",-16.8905555555556
"Unrelated preparations",-25.3727777777778
"Unrelated preparations",-5.50555555555557
"Unrelated preparations",-21.8644444444444
"Unrelated preparations",-8.38611111111112
"Unrelated preparations",-7.7511111111111
"Unrelated preparations",-37.9061111111111
"Unrelated preparations",-23.2522222222222
"Unrelated preparations",-12.8655555555556
"Unrelated preparations",-13.8527777777778
"Unrelated preparations",-14.5133333333333
"Unrelated preparations",-37.5888888888889
"Unrelated preparations",-14.7261111111111
"Unrelated preparations",-8.74499999999999
"Unrelated preparations",-12.775
"Unrelated preparations",-24.7994444444444
"Unrelated preparations",-16.9916666666667
"Unrelated preparations",-3.03500000000001
"Unrelated preparations",-19.6016666666667
"Unrelated preparations",-17.0216666666667
"Unrelated preparations",-21.9283333333334
"Unrelated preparations",-6.41666666666664
"Unrelated preparations",-17.7266666666667
"Unrelated preparations",-11.0266666666667
"Unrelated preparations",-13.4811111111111
"Unrelated preparations",-33.6238888888889
"Unrelated preparations",-23.2511111111111
"Unrelated preparations",-15.2933333333333
"Unrelated preparations",1.52722222222219
"Unrelated preparations",4.45722222222223
"Unrelated preparations",-14.7888888888889
"Unrelated preparations",-19.8738888888889
"Unrelated preparations",-13.6983333333333
"Unrelated preparations",-0.265000000000015
"Unrelated preparations",-19.5777777777778
"Unrelated preparations",-12.4427777777778
"Unrelated preparations",-18.7877777777778
"Unrelated preparations",-23.3877777777778
"Unrelated preparations",-23.7827777777778
"Unrelated preparations",-26.1533333333333
"Unrelated preparations",-24.5344444444444
"Unrelated preparations",-12.4916666666667
"Unrelated preparations",-13.22
"Unrelated preparations",-6.57944444444445
"Unrelated preparations",-5.68666666666665
"Unrelated preparations",-35.6616666666667
"Unrelated preparations",-24.4283333333333
"Unrelated preparations",-25.2866666666667
"Unrelated preparations",-20.0144444444444
"Unrelated preparations",-13.5794444444444
"Unrelated preparations",-6.28611111111111
"Unrelated preparations",-16.3677777777778
"Unrelated preparations",-11.9305555555555
"Unrelated preparations",-11.5722222222222
"Unrelated preparations",-17.6055555555556
"Unrelated preparations",-4.14555555555556
"Unrelated preparations",-20.5072222222222
"Unrelated preparations",-16.9138888888889
"Unrelated preparations",-5.49388888888888
"Unrelated preparations",-16.3838888888889
"Unrelated preparations",-21.9172222222222
"Unrelated preparations",-16.0355555555556
"Unrelated preparations",3.13444444444445
"Unrelated preparations",-3.5511111111111
"Unrelated preparations",-16.5527777777778
"Unrelated preparations",-2.46444444444445
"Unrelated preparations",-25.445
"Unrelated preparations",-23.1433333333333
"Unrelated preparations",-2.65055555555556
"Unrelated preparations",-9.22277777777776
"Unrelated preparations",-20.0561111111111
"Unrelated preparations",-4.60166666666667
"Unrelated preparations",-16.3477777777778
"Unrelated preparations",-18.6422222222222
"Unrelated preparations",-33.2111111111111
"Unrelated preparations",-35.2122222222222
"Unrelated preparations",-11.7266666666667
"Unrelated preparations",-16.5938888888889
"Unrelated preparations",1.27166666666666
"Unrelated preparations",-8.14444444444445
"Unrelated preparations",-12.4955555555556
"Unrelated preparations",-13.6555555555556
"Unrelated preparations",-18.5455555555556
"Unrelated preparations",1.1538888888889
"Unrelated preparations",1.29666666666664
"Unrelated preparations",-12.2233333333333
"Unrelated preparations",-19.4861111111111
"Unrelated preparations",-17.5572222222222
"Unrelated preparations",-10.23
"Unrelated preparations",-11.6738888888889
"Unrelated preparations",-5.97944444444445
"Unrelated preparations",-23.6294444444445
"Unrelated preparations",-15.0261111111111
"Unrelated preparations",-22.7788888888889
"Unrelated preparations",-18.8188888888889
"Unrelated preparations",-6.02777777777777
"Unrelated preparations",-6.30444444444447
"Unrelated preparations",-28.2283333333333
"Unrelated preparations",-16.9333333333334
"Unrelated preparations",-24.2188888888889
"Unrelated preparations",-19.76
"Unrelated preparations",-11.87
"Unrelated preparations",-25.2033333333333
"Unrelated preparations",-26.1672222222222
"Unrelated preparations",-9.21777777777777
"Unrelated preparations",-0.0105555555555554
"Unrelated preparations",4.07499999999999
"Unrelated preparations",-19.5494444444444
"Unrelated preparations",-1.76111111111112
"Unrelated preparations",2.57111111111112
"Unrelated preparations",-13.2688888888889
"Unrelated preparations",-13.5922222222222
"Unrelated preparations",-8.82166666666667
"Unrelated preparations",-38.8766666666667
"Unrelated preparations",-7.08444444444447
"Unrelated preparations",-6.47944444444445
"Unrelated preparations",-6.66833333333334
"Unrelated preparations",-21.6444444444444
"Unrelated preparations",-12.8883333333333
"Unrelated preparations",-22.5244444444444
"Unrelated preparations",-6.68555555555555
"Unrelated preparations",-2.90722222222223
"Unrelated preparations",-9.26055555555554
"Unrelated preparations",-18.7672222222222
"Unrelated preparations",-3.63277777777778
"Unrelated preparations",-4.25111111111111
"Unrelated preparations",-29.9294444444445
"Unrelated preparations",-19.3794444444444
"Unrelated preparations",-10.3872222222222
"Unrelated preparations",-10.0916666666667
"Unrelated preparations",-13.3127777777778
"Unrelated preparations",-25.4111111111111
"Unrelated preparations",-26.0561111111111
"Unrelated preparations",-12.2527777777778
"Unrelated preparations",-15.6127777777778
"Unrelated preparations",-10.3922222222222
"Unrelated preparations",-26.1816666666667
"Unrelated preparations",-24.1322222222222
"Unrelated preparations",-3.935
"Unrelated preparations",-8.87888888888888
"Unrelated preparations",-22.8011111111111
"Unrelated preparations",-9.97833333333332
"Unrelated preparations",-19.7494444444444
"Unrelated preparations",5.9227777777778
"Unrelated preparations",-20.7494444444444
"Unrelated preparations",-17.81
"Unrelated preparations",-21.6544444444444
"Unrelated preparations",-28.5922222222222
"Unrelated preparations",-17.2133333333334
"Unrelated preparations",-13.605
"Unrelated preparations",-5.70555555555556
"Unrelated preparations",-8.46666666666667
"Unrelated preparations",-15.6438888888889
"Unrelated preparations",-15.1233333333333
"Unrelated preparations",-8.73166666666667
"Unrelated preparations",-16.7188888888889
"Unrelated preparations",-10.2111111111111
"Unrelated preparations",-24.2033333333333
"Unrelated preparations",-22.4505555555556
"Unrelated preparations",-4.71055555555553
"Unrelated preparations",-26.075
"Unrelated preparations",-19.6433333333333
"Unrelated preparations",-5.83222222222221
"Unrelated preparations",-11.8716666666667
"Unrelated preparations",-19.0661111111111
"Unrelated preparations",-13.2872222222222
"Unrelated preparations",-6.7727777777778
"Unrelated preparations",-17.0988888888889
"Unrelated preparations",-24.7777777777778
"Unrelated preparations",-20.1266666666667
"Unrelated preparations",-25.6022222222222
"Unrelated preparations",-6.33222222222223
"Unrelated preparations",-0.551111111111112
"Unrelated preparations",-9.85611111111113
"Unrelated preparations",6.86555555555557
"Unrelated preparations",-26.4455555555555
"Unrelated preparations",0.679444444444471
"Unrelated preparations",-8.04166666666669
"Unrelated preparations",2.55500000000001
"Unrelated preparations",-23.4122222222222
"Unrelated preparations",-18.6894444444444
"Unrelated preparations",-5.5322222222222
"Unrelated preparations",-3.34055555555557
"Unrelated preparations",-11.2805555555556
"Unrelated preparations",-2.17388888888888
"Unrelated preparations",-9.90777777777777
"Unrelated preparations",-1.11833333333334
"Unrelated preparations",-15.3772222222222
"Unrelated preparations",-5.61777777777777
"Unrelated preparations",-6.50833333333333
"Unrelated preparations",-17.815
"Unrelated preparations",-13.7177777777778
"Unrelated preparations",-7.04333333333331
"Unrelated preparations",-3.505
"Unrelated preparations",1.86055555555554
"Unrelated preparations",-4.95444444444445
"Unrelated preparations",-9.48277777777777
"Unrelated preparations",-27.69
"Unrelated preparations",-6.3561111111111
"Unrelated preparations",-24.4744444444445
"Unrelated preparations",-29.4266666666667
"Unrelated preparations",-18.3816666666667
"Unrelated preparations",-13.1161111111111
"Unrelated preparations",-19.0988888888889
"Unrelated preparations",-11.8544444444445
"Unrelated preparations",-9.995
"Unrelated preparations",-14.8405555555556
"Unrelated preparations",-13.9672222222222
"Unrelated preparations",-19.3338888888889
"Unrelated preparations",-10.3744444444444
"Unrelated preparations",-6.01833333333335
"Unrelated preparations",-21.8816666666667
"Unrelated preparations",-7.30611111111112
"Unrelated preparations",3.88222222222224
"Unrelated preparations",-17.2227777777778
"Unrelated preparations",-21.3644444444445
"Unrelated preparations",-14.5661111111111
"Unrelated preparations",-17.3144444444444
"Unrelated preparations",-21.9305555555555
"Unrelated preparations",-11.5972222222222
"Unrelated preparations",-26.2188888888889
"Unrelated preparations",-2.74277777777779
"Unrelated preparations",4.51444444444442
"Unrelated preparations",-9.04000000000002
"Unrelated preparations",-16.49
"Unrelated preparations",-23.5783333333333
"Unrelated preparations",-3.0161111111111
"Unrelated preparations",-14.3455555555556
"Unrelated preparations",-4.58833333333332
"Unrelated preparations",-11.4611111111111
"Unrelated preparations",-20.3055555555556
"Unrelated preparations",-8.05555555555554
"Unrelated preparations",-17.9755555555556
"Unrelated preparations",-17.7911111111111
"Unrelated preparations",-7.5611111111111
"Unrelated preparations",-27.6294444444444
"Unrelated preparations",-9.23777777777778
"Unrelated preparations",6.63222222222224
"Unrelated preparations",-20.9883333333333
"Unrelated preparations",-8.32833333333333
"Unrelated preparations",-12.0644444444445
"Unrelated preparations",-11.7105555555555
"Unrelated preparations",2.83444444444444
"Unrelated preparations",-23.6772222222222
"Unrelated preparations",-28.8361111111111
"Unrelated preparations",-7.00777777777776
"Unrelated preparations",-14.3211111111111
"Unrelated preparations",-13.7355555555555
"Unrelated preparations",-20.0416666666667
"Unrelated preparations",13.1394444444444
"Unrelated preparations",-10.9733333333333
"Unrelated preparations",-8.49666666666667
"Unrelated preparations",-9.76888888888887
"Unrelated preparations",-2.14222222222222
"Unrelated preparations",4.82611111111112
"Unrelated preparations",-23.1133333333333
"Unrelated preparations",-19.3538888888889
"Unrelated preparations",-7.53555555555555
"Unrelated preparations",-13.5244444444444
"Unrelated preparations",-16.3788888888889
"Unrelated preparations",1.72666666666667
"Unrelated preparations",5.17666666666668
"Unrelated preparations",-24.3438888888889
"Unrelated preparations",-22.3788888888889
"Unrelated preparations",-23.9355555555555
"Unrelated preparations",-22.1694444444445
"Unrelated preparations",-9.36388888888889
"Unrelated preparations",-10.6038888888889
"Unrelated preparations",-14.0044444444444
"Unrelated preparations",8.21555555555555
"Unrelated preparations",-25.785
"Unrelated preparations",-9.14055555555557
"Unrelated preparations",-29.1738888888889
"Unrelated preparations",-9.37
"Unrelated preparations",-25.4777777777778
"Unrelated preparations",-16.045
"Unrelated preparations",-15.8277777777778
"Unrelated preparations",-14.2055555555556
"Unrelated preparations",-35.3616666666667
"Unrelated preparations",-6.31833333333334
"Unrelated preparations",-3.82055555555556
"Unrelated preparations",-4.33555555555554
"Unrelated preparations",-15.3894444444444
"Unrelated preparations",-11.6533333333333
"Unrelated preparations",-15.39
"Unrelated preparations",-18.0538888888889
"Unrelated preparations",-13.1027777777778
"Unrelated preparations",-13.4733333333333
"Unrelated preparations",-7.12500000000001
"Unrelated preparations",-21.265
"Unrelated preparations",-26.1705555555556
"Unrelated preparations",-24.3016666666666
"Unrelated preparations",-6.31999999999999
"Unrelated preparations",-14.9166666666667
"Unrelated preparations",-9.59444444444443
"Unrelated preparations",-7.79888888888888
"Unrelated preparations",-17.2561111111111
"Unrelated preparations",-20.9994444444445
"Unrelated preparations",-15.4927777777778
"Unrelated preparations",-28.5183333333333
"Unrelated preparations",-10.3277777777778
"Unrelated preparations",-8.78944444444443
"Unrelated preparations",-25.7605555555556
"Unrelated preparations",-16.865
"Unrelated preparations",-31.7816666666667
"Unrelated preparations",-7.98555555555555
"Unrelated preparations",-15.3344444444444
"Unrelated preparations",-13.0027777777778
"Unrelated preparations",-17.9888888888889
"Unrelated preparations",-4.97388888888889
"Unrelated preparations",-9.26111111111112
"Unrelated preparations",-24.9588888888889
"Unrelated preparations",-20.8627777777778
"Unrelated preparations",-5.76444444444445
"Unrelated preparations",-16.2933333333333
"Unrelated preparations",-6.76722222222223
"Unrelated preparations",-15.3816666666667
"Unrelated preparations",-4.3127777777778
"Unrelated preparations",-8.88999999999999
"Unrelated preparations",-14.265
"Unrelated preparations",-11.1844444444445
"Unrelated preparations",-3.41611111111112
"Unrelated preparations",-16.8305555555555
"Unrelated preparations",-28.4583333333333
"Unrelated preparations",-10.2338888888889
"Unrelated preparations",-6.5911111111111
"Unrelated preparations",-19.155
"Unrelated preparations",-13.8694444444445
"Unrelated preparations",-15.0961111111111
"Unrelated preparations",-21.8272222222222
"Unrelated preparations",6.06055555555555
"Unrelated preparations",-5.7038888888889
"Unrelated preparations",2.08388888888888
"Unrelated preparations",-11.1422222222222
"Unrelated preparations",-4.90000000000001
"Unrelated preparations",-24.6188888888889
"Unrelated preparations",-11.3416666666667
"Unrelated preparations",-15.2794444444444
"Unrelated preparations",-11.2622222222222
"Unrelated preparations",-4.42777777777779
"Unrelated preparations",0.0622222222222035
"Unrelated preparations",-16.1044444444444
"Unrelated preparations",-16.65
"Unrelated preparations",-0.918888888888887
"Unrelated preparations",-10.7655555555556
"Unrelated preparations",-22.4127777777778
"Unrelated preparations",-19.6005555555556
"Unrelated preparations",-21.5677777777778
"Unrelated preparations",-31.4255555555555
"Unrelated preparations",-9.37055555555555
"Unrelated preparations",-18.6477777777778
"Unrelated preparations",-20.6288888888889
"Unrelated preparations",-20.1833333333333
"Unrelated preparations",-12.3144444444445
"Unrelated preparations",-21.9505555555556
"Unrelated preparations",-15.3172222222222
"Unrelated preparations",-24.44
"Unrelated preparations",-32.2716666666667
"Unrelated preparations",-32.83
"Unrelated preparations",-2.86833333333334
"Unrelated preparations",-3.08666666666667
"Unrelated preparations",-12.7594444444445
"Unrelated preparations",-10.1761111111111
"Unrelated preparations",-11.1361111111111
"Unrelated preparations",-21.5561111111111
"Unrelated preparations",-10.2694444444444
"Unrelated preparations",-11.8138888888889
"Unrelated preparations",-18.3405555555556
"Unrelated preparations",-16.2455555555556
"Unrelated preparations",-5.74777777777778
"Unrelated preparations",-11.2372222222222
"Unrelated preparations",-12.6888888888889
"Unrelated preparations",-6.84666666666668
"Unrelated preparations",-37.1594444444445
"Unrelated preparations",-19.8922222222222
"Unrelated preparations",-20.0188888888889
"Unrelated preparations",-14.1194444444445
"Unrelated preparations",-12.8238888888889
"Unrelated preparations",-16.4744444444445
"Unrelated preparations",-13.7044444444444
"Unrelated preparations",-20.4566666666666
"Unrelated preparations",-13.0288888888889
"Unrelated preparations",-0.290000000000006
"Unrelated preparations",-9.31611111111111
"Unrelated preparations",-38.0277777777778
"Unrelated preparations",-6.86833333333334
"Unrelated preparations",-17.3277777777778
"Unrelated preparations",-13.5288888888889
"Unrelated preparations",-11.7027777777778
"Unrelated preparations",-21.295
"Unrelated preparations",-13.8188888888889
"Unrelated preparations",-12.5811111111111
"Unrelated preparations",-34.5327777777778
"Unrelated preparations",-19.7966666666667
"Unrelated preparations",0.201111111111118
"Unrelated preparations",-13.2972222222222
"Unrelated preparations",-30.3561111111111
"Unrelated preparations",-29.2633333333333
"Unrelated preparations",-11.0761111111111
"Unrelated preparations",-4.55444444444444
"Unrelated preparations",-7.42611111111113
"Unrelated preparations",-25.8555555555556
"Unrelated preparations",-27.835
"Unrelated preparations",-19.4716666666667
"Unrelated preparations",-10.3961111111111
"Unrelated preparations",-17.7611111111111
"Unrelated preparations",-21.8188888888889
"Unrelated preparations",-6.72500000000002
"Unrelated preparations",-22.2427777777778
"Unrelated preparations",-24.6655555555556
"Unrelated preparations",-26.4394444444445
"Unrelated preparations",-14.8466666666667
"Unrelated preparations",-10.9216666666667
"Unrelated preparations",-22.0472222222222
"Unrelated preparations",-8.65555555555557
"Unrelated preparations",-30.1283333333333
"Unrelated preparations",-18.6594444444444
"Unrelated preparations",-17.8405555555555
"Unrelated preparations",-12.2088888888889
"Unrelated preparations",-13.1338888888889
"Unrelated preparations",-8.72833333333335
"Unrelated preparations",-8.15833333333335
"Unrelated preparations",-4.30111111111113
"Unrelated preparations",-26.3788888888889
"Unrelated preparations",-16.3561111111111
"Unrelated preparations",-10.1
"Unrelated preparations",-1.37555555555555
"Unrelated preparations",-19.2261111111111
"Unrelated preparations",-10.85
"Unrelated preparations",-2.52555555555556
"Unrelated preparations",-3.6711111111111
"Unrelated preparations",-19.1983333333333
"Unrelated preparations",-9.71833333333333
"Unrelated preparations",-3.12666666666669
"Unrelated preparations",-30.0794444444444
"Unrelated preparations",-21.0855555555556
"Unrelated preparations",-19.7722222222222
"Unrelated preparations",-23.7394444444445
"Unrelated preparations",-12.8227777777778
"Unrelated preparations",-16.5961111111111
"Unrelated preparations",-19.42
"Unrelated preparations",-13.3955555555556
"Unrelated preparations",-21.6616666666667
"Unrelated preparations",-17.4566666666667
"Unrelated preparations",-2.00722222222223
"Unrelated preparations",-20.7805555555556
"Unrelated preparations",-1.08944444444447
"Unrelated preparations",-11.36
"Unrelated preparations",-20.4
"Unrelated preparations",-10.0788888888889
"Unrelated preparations",-15.5316666666667
"Unrelated preparations",-28.0555555555556
"Unrelated preparations",-9.61555555555555
"Unrelated preparations",7.36555555555555
"Unrelated preparations",-22.3183333333333
"Unrelated preparations",-17.9844444444444
"Unrelated preparations",-10.8977777777778
"Unrelated preparations",-26.49
"Unrelated preparations",-25.8894444444445
"Unrelated preparations",-11.495
"Unrelated preparations",-21.4383333333333
"Unrelated preparations",-14.2283333333333
"Unrelated preparations",-16.3638888888889
"Unrelated preparations",-12.2988888888889
"Unrelated preparations",-0.168888888888901
"Unrelated preparations",-28.8094444444444
"Unrelated preparations",0.4711111111111
"Unrelated preparations",-13.6961111111111
"Unrelated preparations",-22.0577777777778
"Unrelated preparations",-29.68
"Unrelated preparations",-3.80166666666666
"Unrelated preparations",-6.29111111111109
"Unrelated preparations",2.86944444444445
"Unrelated preparations",-19.2183333333333
"Unrelated preparations",-11.0033333333333
"Unrelated preparations",-24.2522222222222
"Unrelated preparations",-4.77277777777778
"Unrelated preparations",-23.4705555555556
"Unrelated preparations",-19.9872222222222
"Unrelated preparations",-10.0994444444444
"Unrelated preparations",-23.7705555555555
"Unrelated preparations",-5.94777777777779
"Unrelated preparations",-17.2122222222222
"Unrelated preparations",-18.1638888888889
"Unrelated preparations",-11.1677777777778
"Unrelated preparations",-9.77666666666666
"Unrelated preparations",-16.0011111111111
"Unrelated preparations",-19.995
"Unrelated preparations",-15.8127777777778
"Unrelated preparations",-22.5005555555556
"Unrelated preparations",-11.7083333333333
"Unrelated preparations",-13.8122222222222
"Unrelated preparations",-9.5488888888889
"Unrelated preparations",-16.935
"Unrelated preparations",-0.565555555555562
"Unrelated preparations",-29.8755555555556
"Unrelated preparations",-15.0761111111111
"Unrelated preparations",-6.57722222222223
"Unrelated preparations",-15.7511111111111
"Unrelated preparations",-25.0866666666667
"Unrelated preparations",-14.1355555555555
"Unrelated preparations",-11.7861111111111
"Unrelated preparations",-7.87833333333333
"Unrelated preparations",-13.5472222222222
"Unrelated preparations",-15.3666666666667
"Unrelated preparations",-10.3255555555555
"Unrelated preparations",-8.38944444444444
"Unrelated preparations",-21.9433333333333
"Unrelated preparations",10.9327777777778
"Unrelated preparations",-11.53
"Unrelated preparations",-1.00611111111112
"Unrelated preparations",-23.9038888888889
"Unrelated preparations",-3.68833333333333
"Unrelated preparations",-10.9061111111111
"Unrelated preparations",-7.85055555555556
"Unrelated preparations",-6.90944444444446
"Unrelated preparations",-13.6827777777778
"Unrelated preparations",-6.30000000000001
"Unrelated preparations",-27.5966666666667
"Unrelated preparations",-24.8927777777778
"Unrelated preparations",-26.1194444444444
"Unrelated preparations",-7.0277777777778
"Unrelated preparations",-22.6466666666667
"Unrelated preparations",-17.8227777777778
"Unrelated preparations",-23.1388888888889
"Unrelated preparations",-2.3538888888889
"Unrelated preparations",-27.7866666666667
"Unrelated preparations",-2.11277777777779
"Unrelated preparations",-29.7222222222222
"Unrelated preparations",-4.02722222222224
"Unrelated preparations",-18.4172222222222
"Unrelated preparations",-26.6994444444444
"Unrelated preparations",-15.9288888888889
"Unrelated preparations",-14.8822222222222
"Unrelated preparations",-23.1033333333334
"Unrelated preparations",-8.86166666666666
"Unrelated preparations",-8.24055555555555
"Unrelated preparations",-24.1011111111111
"Unrelated preparations",-10.92
"Unrelated preparations",-16.9522222222222
"Unrelated preparations",-17.6938888888889
"Unrelated preparations",-26.695
"Unrelated preparations",-5.46277777777777
"Unrelated preparations",-3.72611111111111
"Unrelated preparations",-31.4772222222222
"Unrelated preparations",-9.06944444444443
"Unrelated preparations",-6.65888888888888
"Unrelated preparations",-23.0633333333333
"Unrelated preparations",-7.035
"Unrelated preparations",-5.2688888888889
"Unrelated preparations",-0.0999999999999801
"Unrelated preparations",-5.88499999999999
"Unrelated preparations",-16.3277777777778
"Unrelated preparations",-8.66888888888886
"Unrelated preparations",1.03277777777781
"Unrelated preparations",-28.4705555555556
"Unrelated preparations",-14.3172222222222
"Unrelated preparations",-12.615
"Unrelated preparations",-9.70888888888891
"Unrelated preparations",-16.9605555555556
"Unrelated preparations",-11.1561111111111
"Unrelated preparations",-5.76611111111112
"Unrelated preparations",-17.555
"Unrelated preparations",-20.9905555555555
"Unrelated preparations",-16.8255555555555
"Unrelated preparations",-38.4122222222222
"Unrelated preparations",8.34277777777778
"Unrelated preparations",-14.1755555555555
"Unrelated preparations",-18.2044444444444
"Unrelated preparations",-10.9255555555556
"Unrelated preparations",-25.3916666666667
"Unrelated preparations",-13.84
"Unrelated preparations",0.0838888888888931
"Unrelated preparations",-15.7
"Unrelated preparations",-12.25
"Unrelated preparations",1.65777777777777
"Unrelated preparations",-9.98055555555558
"Unrelated preparations",-18.5644444444444
"Unrelated preparations",-7.46055555555554
"Unrelated preparations",-10.4166666666667
"Unrelated preparations",-14.5833333333333
"Unrelated preparations",-25.1588888888889
"Unrelated preparations",2.22777777777779
"Unrelated preparations",-11.1733333333333
"Unrelated preparations",-19.4877777777778
"Unrelated preparations",-23.5933333333333
"Unrelated preparations",-11.4705555555556
"Unrelated preparations",-17.6972222222222
"Unrelated preparations",-17.7011111111111
"Unrelated preparations",0.648333333333355
"Unrelated preparations",2.87166666666667
"Unrelated preparations",-14.9088888888889
"Unrelated preparations",-34.6588888888889
"Unrelated preparations",-8.34944444444447
"Unrelated preparations",-4.75222222222224
"Unrelated preparations",-11.1627777777778
"Unrelated preparations",-18.3794444444444
"Unrelated preparations",-14.5666666666667
"Unrelated preparations",-20.0422222222222
"Unrelated preparations",-16.4961111111111
"Unrelated preparations",-16.6016666666667
"Unrelated preparations",-25.5555555555555
"Unrelated preparations",-16.4122222222222
"Unrelated preparations",-0.442222222222242
"Unrelated preparations",-2.48388888888888
"Unrelated preparations",-8.76555555555555
"Unrelated preparations",-15.0622222222222
"Unrelated preparations",-0.603888888888903
"Unrelated preparations",-4.83166666666665
"Unrelated preparations",-33.5172222222222
"Unrelated preparations",-13.7461111111111
"Unrelated preparations",-17.8622222222222
"Unrelated preparations",-27.0383333333333
"Unrelated preparations",-19.1255555555556
"Unrelated preparations",-3.96666666666665
"Unrelated preparations",-23.3366666666667
"Unrelated preparations",-18.2377777777778
"Unrelated preparations",-18.1572222222222
"Unrelated preparations",-1.29888888888888
"Unrelated preparations",-3.5788888888889
"Unrelated preparations",-18.0044444444445
"Unrelated preparations",-10.0072222222222
"Unrelated preparations",-11.8888888888889
"Unrelated preparations",-7.17277777777777
"Unrelated preparations",-34.5783333333333
"Unrelated preparations",-8.87722222222222
"Unrelated preparations",-7.64111111111109
"Unrelated preparations",-7.27277777777778
"Unrelated preparations",-13.9461111111111
"Unrelated preparations",-6.6111111111111
"Unrelated preparations",-8.66722222222222
"Unrelated preparations",-22.6755555555555
"Unrelated preparations",-14.2061111111111
"Unrelated preparations",8.28055555555552
"Unrelated preparations",-22.0416666666667
"Unrelated preparations",-3.15611111111113
"Unrelated preparations",-21.2433333333333
"Unrelated preparations",-20.0666666666666
"Unrelated preparations",-6.16722222222222
"Unrelated preparations",2.38
"Unrelated preparations",-11.9011111111111
"Unrelated preparations",-7.87944444444445
"Unrelated preparations",-12.0927777777778
"Unrelated preparations",-24.3305555555555
"Unrelated preparations",-19.5688888888889
"Unrelated preparations",0.224444444444444
"Unrelated preparations",-1.09611111111111
"Unrelated preparations",-7.16333333333334
"Unrelated preparations",-19.5733333333333
"Unrelated preparations",-17.6988888888889
"Unrelated preparations",-12.4188888888889
"Unrelated preparations",-18.7916666666667
"Unrelated preparations",-14.01
"Unrelated preparations",-16.7166666666667
"Unrelated preparations",-4.72166666666668
"Unrelated preparations",1.37555555555558
"Unrelated preparations",-5.82388888888889
"Unrelated preparations",-5.3522222222222
"Unrelated preparations",-28.2494444444445
"Unrelated preparations",-16.6083333333333
"Unrelated preparations",-15.3183333333334
"Unrelated preparations",-11.8972222222222
"Unrelated preparations",-16.9594444444444
"Unrelated preparations",-40.3427777777778
"Unrelated preparations",-16.475
"Unrelated preparations",-24.1433333333334
"Unrelated preparations",-26.2638888888889
"Unrelated preparations",-13.3244444444444
"Unrelated preparations",-5.2716666666667
"Unrelated preparations",5.80277777777778
"Unrelated preparations",-9.70277777777778
"Unrelated preparations",-13.05
"Unrelated preparations",-12.4072222222222
"Unrelated preparations",6.50055555555555
"Unrelated preparations",-6.24833333333335
"Unrelated preparations",-17.4322222222222
"Unrelated preparations",-13.2255555555555
"Unrelated preparations",-16.1905555555555
"Unrelated preparations",-9.18166666666667
"Unrelated preparations",-21.8211111111111
"Unrelated preparations",-9.82444444444445
"Unrelated preparations",-10.1227777777778
"Unrelated preparations",-28.5738888888889
"Unrelated preparations",-23.8694444444445
"Unrelated preparations",-14.1777777777778
"Unrelated preparations",-6.58500000000002
"Unrelated preparations",-18.1505555555555
"Unrelated preparations",-30.7238888888889
"Unrelated preparations",-31.5494444444445
"Unrelated preparations",-12.51
"Unrelated preparations",-10.7255555555556
"Unrelated preparations",-6.91944444444445
"Unrelated preparations",-7.24722222222222
"Unrelated preparations",-17.6294444444444
"Unrelated preparations",-3.30555555555554
"Unrelated preparations",-18.7933333333333
"Unrelated preparations",-6.76944444444445
"Unrelated preparations",-11.5811111111111
"Unrelated preparations",-8.79555555555555
"Unrelated preparations",-8.1283333333333
"Unrelated preparations",3.9377777777778
"Unrelated preparations",-23.0616666666667
"Unrelated preparations",-5.50722222222223
"Unrelated preparations",-20.1694444444444
"Unrelated preparations",-10.5122222222222
"Unrelated preparations",-19.74
"Unrelated preparations",-21.5738888888889
"Unrelated preparations",-2.11555555555555
"Unrelated preparations",-20.2816666666667
"Unrelated preparations",-29.87
"Unrelated preparations",-27.5055555555555
"Unrelated preparations",-15.2794444444445
"Unrelated preparations",-7.82611111111112
"Unrelated preparations",-5.82611111111112
"Unrelated preparations",-6.89777777777778
"Unrelated preparations",-22.0466666666667
"Unrelated preparations",-6.89333333333335
"Unrelated preparations",-18.0777777777778
"Unrelated preparations",-29.4372222222222
"Unrelated preparations",-16.2516666666667
"Unrelated preparations",-15.0622222222222
"Unrelated preparations",-18.9661111111111
"Unrelated preparations",-11.6916666666667
"Unrelated preparations",-3.65666666666665
"Unrelated preparations",-3.09166666666667
"Unrelated preparations",-17.0794444444444
"Unrelated preparations",-18.9672222222222
"Unrelated preparations",-12.2944444444444
"Unrelated preparations",-15.5
"Unrelated preparations",-1.28888888888888
"Unrelated preparations",-16.9405555555556
"Unrelated preparations",2.00333333333333
"Unrelated preparations",-8.69444444444444
"Unrelated preparations",-10.9661111111111
"Unrelated preparations",-2.52166666666666
"Unrelated preparations",-16.5938888888889
"Unrelated preparations",-22.0588888888889
"Unrelated preparations",-16.8905555555556
"Unrelated preparations",-27.4716666666667
"Unrelated preparations",-10.2655555555556
"Unrelated preparations",-11.7705555555556
"Unrelated preparations",-0.219999999999999
"Unrelated preparations",-21.8255555555555
"Unrelated preparations",6.44722222222221
"Unrelated preparations",-18.0822222222222
"Unrelated preparations",-10.5222222222222
"Unrelated preparations",-10.0694444444444
"Unrelated preparations",-12.9027777777778
"Unrelated preparations",-15.615
"Unrelated preparations",-3.10111111111112
"Unrelated preparations",-12.7811111111111
"Unrelated preparations",-10.8138888888889
"Unrelated preparations",-10.1872222222222
"Unrelated preparations",-11.3911111111111
"Unrelated preparations",-25.7261111111111
"Unrelated preparations",5.22333333333333
"Unrelated preparations",-19.6077777777778
"Unrelated preparations",-8.47055555555556
"Unrelated preparations",-5.85055555555554
"Unrelated preparations",-8.44388888888889
"Unrelated preparations",-2.02944444444444
"Unrelated preparations",-24.6622222222222
"Unrelated preparations",-24.245
"Unrelated preparations",-11.5616666666667
"Unrelated preparations",-10.1905555555555
"Unrelated preparations",-21.3783333333333
"Unrelated preparations",-31.0133333333333
"Unrelated preparations",-15.9505555555556
"Unrelated preparations",-11.0427777777778
"Unrelated preparations",-23.8538888888889
"Unrelated preparations",-4.56666666666668
"Unrelated preparations",-18.8377777777778
"Unrelated preparations",-5.18444444444444
"Unrelated preparations",-40.0438888888889
"Unrelated preparations",-17.635
"Unrelated preparations",-17.36
"Unrelated preparations",-18.1755555555556
"Unrelated preparations",-0.313888888888897
"Unrelated preparations",-11.1505555555556
"Unrelated preparations",7.02666666666666
"Unrelated preparations",-19.6777777777778
"Unrelated preparations",-7.73444444444445
"Unrelated preparations",-29.6427777777778
"Unrelated preparations",-6.84777777777778
"Unrelated preparations",-32.7088888888889
"Unrelated preparations",-9.0477777777778
"Unrelated preparations",-20.1316666666667
"Unrelated preparations",-15.0955555555555
"Unrelated preparations",1.17111111111113
"Unrelated preparations",-25.745
"Unrelated preparations",-12.0333333333333
"Unrelated preparations",-24.8605555555556
"Unrelated preparations",-11.6694444444444
"Unrelated preparations",-21.9216666666667
"Unrelated preparations",-14.6461111111111
"Unrelated preparations",-0.368333333333339
"Unrelated preparations",-23.2833333333333
"Unrelated preparations",-35.5544444444445
"Unrelated preparations",-11.68
"Unrelated preparations",-25.6894444444444
"Unrelated preparations",-26.4666666666667
"Unrelated preparations",-10.7866666666666
"Unrelated preparations",-3.89833333333334
"Unrelated preparations",-26.1805555555555
"Unrelated preparations",-24.7883333333333
"Unrelated preparations",-5.54222222222224
"Unrelated preparations",-22.7922222222222
"Unrelated preparations",-8.49777777777776
"Unrelated preparations",-18.7638888888889
"Unrelated preparations",-23.0216666666666
"Unrelated preparations",-9.67333333333335
"Unrelated preparations",-10.3505555555556
"Unrelated preparations",-12.2816666666667
"Unrelated preparations",-26.8761111111111
"Unrelated preparations",-10.8261111111111
"Unrelated preparations",-20.385
"Unrelated preparations",-2.82222222222219
"Unrelated preparations",-20.9094444444444
"Unrelated preparations",-9.65777777777777
"Unrelated preparations",-4.22666666666666
"Unrelated preparations",-14.5222222222222
"Unrelated preparations",-22.795
"Unrelated preparations",-8.43499999999997
"Unrelated preparations",3.72722222222221
"Unrelated preparations",1.27277777777776
"Unrelated preparations",7.08944444444442
"Unrelated preparations",-9.22611111111112
"Unrelated preparations",-20.3455555555555
"Unrelated preparations",-15.04
"Unrelated preparations",-25.6
"Unrelated preparations",-27.3522222222222
"Unrelated preparations",9.29388888888889
"Unrelated preparations",-15.1344444444444
"Unrelated preparations",-36.8755555555556
"Unrelated preparations",-19.2994444444444
"Unrelated preparations",-5.18333333333337
"Unrelated preparations",-19.3583333333333
"Unrelated preparations",-16.8577777777778
"Unrelated preparations",-18.2133333333333
"Unrelated preparations",-6.72499999999998
"Unrelated preparations",-7.6438888888889
"Unrelated preparations",-4.85277777777777
"Unrelated preparations",-12.5483333333333
"Unrelated preparations",-6.73555555555558
"Unrelated preparations",-25.4122222222222
"Unrelated preparations",-15.9433333333334
"Unrelated preparations",-17.8166666666667
"Unrelated preparations",2.31777777777775
"Unrelated preparations",-15.7461111111111
"Unrelated preparations",-24.0372222222222
"Unrelated preparations",1.20722222222223
"Unrelated preparations",-9.33499999999999
"Unrelated preparations",-27.3444444444445
"Unrelated preparations",-8.56944444444443
"Unrelated preparations",-5.70944444444446
"Unrelated preparations",-6.96722222222223
"Unrelated preparations",-0.113888888888894
"Unrelated preparations",-13.3105555555555
"Unrelated preparations",-25.3383333333333
"Unrelated preparations",-15.6394444444444
"Unrelated preparations",-29.9588888888889
"Unrelated preparations",1.2361111111111
"Unrelated preparations",-19.0222222222222
"Unrelated preparations",-11.9994444444444
"Unrelated preparations",-9.73166666666667
"Unrelated preparations",-28.0788888888889
"Unrelated preparations",-9.65722222222222
"Unrelated preparations",-10.2783333333333
"Unrelated preparations",-4.56722222222223
"Unrelated preparations",-14.5161111111111
"Unrelated preparations",-1.70277777777778
"Unrelated preparations",-3.82888888888891
"Unrelated preparations",-16.3011111111111
"Unrelated preparations",-1.05944444444444
"Unrelated preparations",7.75555555555557
"Unrelated preparations",-22.7022222222222
"Unrelated preparations",-27.6933333333333
"Unrelated preparations",-15.5611111111111
"Unrelated preparations",-15.02
"Unrelated preparations",-14.8488888888889
"Unrelated preparations",-27.2477777777778
"Unrelated preparations",-9.51833333333333
"Unrelated preparations",-25.565
"Unrelated preparations",8.52
"Unrelated preparations",-22.4344444444445
"Unrelated preparations",-16.9472222222222
"Unrelated preparations",-15.5672222222222
"Unrelated preparations",-30.99
"Unrelated preparations",-17.6133333333333
"Unrelated preparations",0.649999999999991
"Unrelated preparations",-9.62888888888891
"Unrelated preparations",-14.1316666666666
"Unrelated preparations",-25.0622222222222
"Unrelated preparations",2.00611111111112
"Unrelated preparations",-38.3422222222222
"Unrelated preparations",-12.8916666666667
"Unrelated preparations",-18.3933333333333
"Unrelated preparations",-25.6916666666667
"Unrelated preparations",-22.3488888888889
"Unrelated preparations",-14.7066666666667
"Unrelated preparations",-21.6788888888889
"Unrelated preparations",-25.2161111111111
"Unrelated preparations",-4.77499999999999
"Unrelated preparations",-3.43277777777779
"Unrelated preparations",-18.2222222222222
"Unrelated preparations",-10.1583333333333
"Unrelated preparations",-23.1627777777778
"Unrelated preparations",2.28833333333333
"Unrelated preparations",1.86555555555556
"Unrelated preparations",-18.9038888888889
"Unrelated preparations",-13.9033333333334
"Unrelated preparations",-12.9605555555556
"Unrelated preparations",-2.15611111111109
"Unrelated preparations",-14.3794444444445
"Unrelated preparations",-12.6327777777778
"Unrelated preparations",-13.1827777777778
"Unrelated preparations",-26.6916666666667
"Unrelated preparations",-4.33777777777779
"Unrelated preparations",-19.5866666666667
"Unrelated preparations",-26.915
"Unrelated preparations",-1.32111111111112
"Unrelated preparations",-20.1738888888889
"Unrelated preparations",-32.0544444444444
"Unrelated preparations",-12.6444444444444
"Unrelated preparations",-14.2744444444444
"Unrelated preparations",-30.5294444444445
"Unrelated preparations",-17.8044444444444
"Unrelated preparations",-5.04722222222222
"Unrelated preparations",-2.23000000000002
"Unrelated preparations",-17.3938888888889
"Unrelated preparations",-20.2038888888889
"Unrelated preparations",-6.77500000000001
"Unrelated preparations",-25.4866666666667
"Unrelated preparations",-10.3655555555555
"Unrelated preparations",-26.3922222222222
"Unrelated preparations",-31.0916666666667
"Unrelated preparations",-10.495
"Unrelated preparations",-9.82444444444445
"Unrelated preparations",-27.9805555555556
"Unrelated preparations",-9.85500000000002
"Unrelated preparations",-7.11222222222223
"Unrelated preparations",-4.36222222222224
"Unrelated preparations",-24.4861111111111
"Unrelated preparations",-13.3727777777778
"Unrelated preparations",-1.15222222222224
"Unrelated preparations",-7.56833333333333
"Unrelated preparations",-10.8411111111111
"Unrelated preparations",0.85499999999999
"Unrelated preparations",-31.2072222222222
"Unrelated preparations",-20.5455555555556
"Unrelated preparations",-18.3933333333333
"Unrelated preparations",-19.3894444444445
"Unrelated preparations",-25.68
"Unrelated preparations",5.82277777777776
"Unrelated preparations",-22.4038888888889
"Unrelated preparations",-12.4383333333333
"Unrelated preparations",-26.4138888888889
"Unrelated preparations",-20.3588888888889
"Unrelated preparations",-12.5783333333333
"Unrelated preparations",-12.5466666666667
"Unrelated preparations",-16.6822222222222
"Unrelated preparations",3.27833333333334
"Unrelated preparations",-15.2005555555556
"Unrelated preparations",-3.90722222222222
"Unrelated preparations",-21.2483333333333
"Unrelated preparations",-18.395
"Unrelated preparations",-6.52888888888889
"Unrelated preparations",-14.8338888888889
"Unrelated preparations",-9.62611111111109
"Unrelated preparations",-21.2294444444445
"Unrelated preparations",-1.16500000000001
"Unrelated preparations",-15.6344444444445
"Unrelated preparations",-22.0161111111111
"Unrelated preparations",-7.51333333333334
"Unrelated preparations",-14.1577777777778
"Unrelated preparations",-18.4911111111111
"Unrelated preparations",-19.4011111111111
"Unrelated preparations",-20.7261111111111
"Unrelated preparations",-38.6161111111111
"Unrelated preparations",-13.4372222222222
"Unrelated preparations",-9.82444444444444
"Unrelated preparations",-3.84000000000002
"Unrelated preparations",-19.38
"Unrelated preparations",-22.7488888888889
"Unrelated preparations",-5.42555555555555
"Unrelated preparations",1.77722222222221
"Unrelated preparations",-30.5422222222222
"Unrelated preparations",-26.1344444444444
"Unrelated preparations",-22.0088888888889
"Unrelated preparations",-8.74944444444445
"Unrelated preparations",-18.765
"Unrelated preparations",3.57277777777777
"Unrelated preparations",-6.04444444444444
"Unrelated preparations",-16.3683333333333
"Unrelated preparations",-9.43944444444445
"Unrelated preparations",-18.8866666666667
"Unrelated preparations",-23.9605555555556
"Unrelated preparations",-5.00388888888887
"Unrelated preparations",-12.7744444444444
"Unrelated preparations",3.44388888888889
"Unrelated preparations",-9.69944444444444
"Unrelated preparations",-5.38666666666666
"Unrelated preparations",-2.13166666666666
"Unrelated preparations",-18.4333333333333
"Unrelated preparations",-12.525
"Unrelated preparations",-21.6822222222222
"Unrelated preparations",-12.8194444444444
"Unrelated preparations",-12.73
"Unrelated preparations",-20.8205555555555
"Unrelated preparations",-27.7077777777778
"Unrelated preparations",-13.3472222222222
"Unrelated preparations",-14.3755555555556
"Unrelated preparations",-17.7844444444445
"Unrelated preparations",-13.2911111111111
"Unrelated preparations",-25.8283333333333
"Unrelated preparations",-11.4266666666667
"Unrelated preparations",-8.58333333333331
"Unrelated preparations",-10.4527777777778
"Unrelated preparations",-10.36
"Unrelated preparations",-25.0338888888889
"Unrelated preparations",-29.0594444444444
"Unrelated preparations",-10.2383333333333
"Unrelated preparations",-0.293888888888887
"Unrelated preparations",1.54277777777777
"Unrelated preparations",-3.48888888888888
"Unrelated preparations",-8.50444444444446
"Unrelated preparations",-3.77444444444443
"Unrelated preparations",-9.43833333333332
"Unrelated preparations",-13.5672222222222
"Unrelated preparations",-31.0227777777778
"Unrelated preparations",-15.0305555555556
"Unrelated preparations",-4.58611111111112
"Unrelated preparations",-32.41
"Unrelated preparations",-21.7094444444444
"Unrelated preparations",-12.5622222222222
"Unrelated preparations",-25.4155555555556
"Unrelated preparations",3.49555555555554
"Unrelated preparations",-18.5944444444444
"Unrelated preparations",-14.8072222222222
"Unrelated preparations",-13.5633333333333
"Unrelated preparations",-11.8577777777778
"Unrelated preparations",-10.6172222222222
"Unrelated preparations",-26.7883333333333
"Unrelated preparations",-10.23
"Unrelated preparations",-13.0761111111111
"Unrelated preparations",-34.8677777777778
"Unrelated preparations",-8.0938888888889
"Unrelated preparations",-18.4661111111111
"Unrelated preparations",-1.59388888888891
"Unrelated preparations",-20.7194444444444
"Unrelated preparations",-12.3422222222222
"Unrelated preparations",-14.2027777777778
"Unrelated preparations",-8.2477777777778
"Unrelated preparations",-1.2261111111111
"Unrelated preparations",-21.5988888888889
"Unrelated preparations",-40.4694444444444
"Unrelated preparations",-21.3133333333333
"Unrelated preparations",-19.515
"Unrelated preparations",-20.3527777777778
"Unrelated preparations",-18.0977777777778
"Unrelated preparations",-17.755
"Unrelated preparations",-16.6627777777778
"Unrelated preparations",-15.7166666666667
"Unrelated preparations",-4.25444444444446
"Unrelated preparations",-37.9827777777778
"Unrelated preparations",-21.3205555555556
"Unrelated preparations",-25.5977777777778
"Unrelated preparations",-22.9433333333333
"Unrelated preparations",7.12333333333333
"Unrelated preparations",-3.44388888888889
"Unrelated preparations",-0.492777777777775
"Unrelated preparations",-17.3605555555555
"Unrelated preparations",-16.6866666666667
"Unrelated preparations",-26.5516666666667
"Unrelated preparations",-10.3772222222222
"Unrelated preparations",-10.0288888888889
"Unrelated preparations",-4.96499999999997
"Unrelated preparations",-12.0316666666666
"Unrelated preparations",-14.2655555555556
"Unrelated preparations",-16.6716666666667
"Unrelated preparations",-9.66222222222221
"Unrelated preparations",-7.67555555555556
"Unrelated preparations",-20.2883333333333
"Unrelated preparations",-2.76111111111111
"Unrelated preparations",-11.07
"Unrelated preparations",-22.6861111111111
"Unrelated preparations",-22.5088888888889
"Unrelated preparations",-13.1322222222222
"Unrelated preparations",-20.8583333333333
"Unrelated preparations",-19.0838888888889
"Unrelated preparations",-5.22944444444444
"Unrelated preparations",6.92333333333332
"Unrelated preparations",-12.1994444444444
"Unrelated preparations",-24.1455555555556
"Unrelated preparations",-9.92277777777778
"Unrelated preparations",-27.1922222222222
"Unrelated preparations",-1.98166666666665
"Unrelated preparations",-4.17722222222224
"Unrelated preparations",-9.55666666666667
"Unrelated preparations",-15.5316666666667
"Unrelated preparations",-6.36888888888888
"Unrelated preparations",-11.4694444444444
"Unrelated preparations",-26.6977777777778
"Unrelated preparations",-4.67222222222223
"Unrelated preparations",-10.9605555555556
"Unrelated preparations",-10.7905555555555
"Unrelated preparations",-10.9972222222222
"Unrelated preparations",-6.14444444444443
"Unrelated preparations",-34.3494444444444
"Unrelated preparations",-24.4472222222222
"Unrelated preparations",-17.0616666666667
"Unrelated preparations",-23.285
"Unrelated preparations",-31.1666666666667
"Unrelated preparations",-13.0277777777778
"Unrelated preparations",-0.561666666666667
"Unrelated preparations",-14.5083333333333
"Unrelated preparations",6.04777777777778
"Unrelated preparations",-10.0883333333333
"Unrelated preparations",-22.4305555555556
"Unrelated preparations",-10.3344444444445
"Unrelated preparations",-7.25444444444442
"Unrelated preparations",-7.19222222222221
"Unrelated preparations",-7.10166666666666
"Unrelated preparations",-5.88
"Unrelated preparations",-22.8638888888889
"Unrelated preparations",-28.8211111111111
"Unrelated preparations",1.11055555555556
"Unrelated preparations",-10.7933333333333
"Unrelated preparations",-30.9855555555555
"Unrelated preparations",-25.9788888888889
"Unrelated preparations",-12.5877777777778
"Unrelated preparations",-9.03055555555557
"Unrelated preparations",-18.6383333333333
"Unrelated preparations",-22.0927777777778
"Unrelated preparations",-24.4638888888889
"Unrelated preparations",-3.29055555555557
"Unrelated preparations",-26.8627777777778
"Unrelated preparations",-10.9066666666667
"Unrelated preparations",-14.385
"Unrelated preparations",-21.1844444444445
"Unrelated preparations",-11.2788888888889
"Unrelated preparations",-23.3172222222222
"Unrelated preparations",-38.6933333333333
"Unrelated preparations",-19.6544444444444
"Unrelated preparations",-23.5611111111111
"Unrelated preparations",-11.3744444444445
"Unrelated preparations",13.8522222222222
"Unrelated preparations",-30.9922222222222
"Unrelated preparations",-13.6405555555556
"Unrelated preparations",-21.565
"Unrelated preparations",-26.4455555555555
"Unrelated preparations",-10.99
"Unrelated preparations",-9.32000000000001
"Unrelated preparations",-2.4911111111111
"Unrelated preparations",-22.84
"Unrelated preparations",-12.5855555555556
"Unrelated preparations",-23.5933333333333
"Unrelated preparations",-16.8055555555555
"Unrelated preparations",-22.1527777777778
"Unrelated preparations",-29.8
"Unrelated preparations",-14.9433333333333
"Unrelated preparations",-22.3366666666667
"Unrelated preparations",-19.0705555555555
"Unrelated preparations",-20.5938888888889
"Unrelated preparations",-22.5883333333334
"Unrelated preparations",-16.385
"Unrelated preparations",-17.7511111111111
"Unrelated preparations",-18.4444444444444
"Unrelated preparations",-15.5666666666667
"Unrelated preparations",-20.9505555555556
"Unrelated preparations",-21.3655555555555
"Unrelated preparations",-14.9694444444444
"Unrelated preparations",-8.6538888888889
"Unrelated preparations",2.67222222222226
"Unrelated preparations",-13.1072222222222
"Unrelated preparations",-7.28777777777778
"Unrelated preparations",-15.1872222222222
"Unrelated preparations",-16.3977777777778
"Unrelated preparations",-22.6638888888889
"Unrelated preparations",-9.54777777777777
"Unrelated preparations",-28.1655555555555
"Unrelated preparations",-19.4616666666666
"Unrelated preparations",-15.2672222222222
"Unrelated preparations",-11.415
"Unrelated preparations",-25.2844444444444
"Unrelated preparations",-4.70666666666668
"Unrelated preparations",-15.2883333333333
"Unrelated preparations",-23.6527777777778
"Unrelated preparations",-12.5072222222222
"Unrelated preparations",-29.1666666666667
"Unrelated preparations",-16.5094444444445
"Unrelated preparations",-16.0177777777778
"Unrelated preparations",-18.0388888888889
"Unrelated preparations",-15.075
"Unrelated preparations",-16.3611111111111
"Unrelated preparations",-6.49888888888889
"Unrelated preparations",-11.605
"Unrelated preparations",-2.91388888888889
"Unrelated preparations",-18.0161111111111
"Unrelated preparations",-3.88999999999999
"Unrelated preparations",-8.51555555555557
"Unrelated preparations",-13.945
"Unrelated preparations",-1.67999999999999
"Unrelated preparations",-23.9911111111111
"Unrelated preparations",-10.6061111111111
"Unrelated preparations",-6.49055555555552
"Unrelated preparations",-27.5338888888889
"Unrelated preparations",-1.39111111111109
"Unrelated preparations",-12.8311111111111
"Unrelated preparations",-14.8533333333333
"Unrelated preparations",-23.0061111111111
"Unrelated preparations",-16.965
"Unrelated preparations",-10.9288888888889
"Unrelated preparations",-6.27277777777778
"Unrelated preparations",-14.9738888888889
"Unrelated preparations",-33.3322222222222
"Unrelated preparations",-22.1044444444445
"Unrelated preparations",-23.5205555555555
"Unrelated preparations",-16.5955555555555
"Unrelated preparations",-16.625
"Unrelated preparations",-17.3777777777778
"Unrelated preparations",-0.956111111111099
"Unrelated preparations",3.11944444444443
"Unrelated preparations",-12.4161111111111
"Unrelated preparations",-22.8077777777778
"Unrelated preparations",-20.4005555555556
"Unrelated preparations",-21.7005555555556
"Unrelated preparations",-19.5794444444444
"Unrelated preparations",-26.6772222222222
"Unrelated preparations",-27.5966666666667
"Unrelated preparations",-22.4366666666667
"Unrelated preparations",-23.4733333333333
"Unrelated preparations",-17.2727777777778
"Unrelated preparations",-1.60222222222222
"Unrelated preparations",1.49833333333333
"Unrelated preparations",-5.99555555555555
"Unrelated preparations",-19.0544444444444
"Unrelated preparations",-3.15000000000001
"Unrelated preparations",-18.3672222222222
"Unrelated preparations",-22.2888888888889
"Unrelated preparations",-24.3866666666667
"Unrelated preparations",-15.3205555555556
"Unrelated preparations",2.16388888888889
"Unrelated preparations",-33.6505555555556
"Unrelated preparations",-6.4688888888889
"Unrelated preparations",-17.5238888888889
"Unrelated preparations",-12.1166666666667
"Unrelated preparations",-20.6833333333333
"Unrelated preparations",-34.615
"Unrelated preparations",-3.19944444444445
"Unrelated preparations",-19.3094444444444
"Unrelated preparations",-8.97611111111114
"Unrelated preparations",-31.7405555555556
"Unrelated preparations",-12.0677777777778
"Unrelated preparations",-4.64055555555555
"Unrelated preparations",-3.99611111111112
"Unrelated preparations",-44.1627777777778
"Unrelated preparations",-0.15666666666668
"Unrelated preparations",-10.5338888888889
"Unrelated preparations",-30.5388888888889
"Unrelated preparations",-6.10499999999999
"Unrelated preparations",-24.0805555555555
"Unrelated preparations",-11.8133333333333
"Unrelated preparations",-18.9211111111111
"Unrelated preparations",-16.005
"Unrelated preparations",-19.05
"Unrelated preparations",1.5466666666667
"Unrelated preparations",-5.36000000000001
"Unrelated preparations",-23.4477777777778
"Unrelated preparations",-11.7605555555555
"Unrelated preparations",-16.6677777777778
"Unrelated preparations",-10.7077777777778
"Unrelated preparations",-13.1655555555556
"Unrelated preparations",1.27388888888888
"Unrelated preparations",-8.08777777777777
"Unrelated preparations",-14.8072222222222
"Unrelated preparations",-12.2333333333333
"Unrelated preparations",-8.885
"Unrelated preparations",-1.32055555555554
"Unrelated preparations",-10.0616666666667
"Unrelated preparations",-0.177222222222241
"Unrelated preparations",-15.4883333333333
"Unrelated preparations",-12.8661111111111
"Unrelated preparations",-10.0183333333333
"Unrelated preparations",-18.4377777777778
"Unrelated preparations",-21.8522222222222
"Unrelated preparations",-19.5627777777778
"Unrelated preparations",-21.3922222222222
"Unrelated preparations",-15.5055555555556
"Unrelated preparations",-8.72833333333335
"Unrelated preparations",-11.3527777777778
"Unrelated preparations",-28.5072222222222
"Unrelated preparations",-5.0338888888889
"Unrelated preparations",-1.74055555555557
"Unrelated preparations",-13.7277777777778
"Unrelated preparations",-11.8944444444444
"Unrelated preparations",-6.38944444444442
"Unrelated preparations",-22.3144444444445
"Unrelated preparations",-9.67722222222223
"Unrelated preparations",-27.5738888888889
"Unrelated preparations",-23.4927777777778
"Unrelated preparations",-31.3266666666667
"Unrelated preparations",-14.8166666666667
"Unrelated preparations",-18.2677777777778
"Unrelated preparations",-9.62277777777777
"Unrelated preparations",-26.9405555555555
"Unrelated preparations",-19.5616666666667
"Unrelated preparations",-21.0772222222222
"Unrelated preparations",1.8577777777778
"Unrelated preparations",-1.67
"Unrelated preparations",-15.965
"Unrelated preparations",-32.3322222222222
"Unrelated preparations",-19.6288888888889
"Unrelated preparations",-6.34166666666667
"Unrelated preparations",6.50722222222221
"Unrelated preparations",-18.6
"Unrelated preparations",-21.1872222222222
"Unrelated preparations",-0.247222222222234
"Unrelated preparations",-8.95055555555557
"Unrelated preparations",-17.8044444444444
"Unrelated preparations",-16.175
"Unrelated preparations",1.1588888888889
"Unrelated preparations",-3.51888888888888
"Unrelated preparations",0.156111111111102
"Unrelated preparations",-17.1677777777778
"Unrelated preparations",-25.8988888888889
"Unrelated preparations",-26.7244444444444
"Unrelated preparations",-14.9161111111111
"Unrelated preparations",-19.7527777777778
"Unrelated preparations",-14.0544444444444
"Unrelated preparations",-9.94000000000003
"Unrelated preparations",-35.59
"Unrelated preparations",-2.86277777777777
"Unrelated preparations",-18.8783333333333
"Unrelated preparations",-15.0772222222222
"Unrelated preparations",-2.47888888888889
"Unrelated preparations",-18.8277777777778
"Unrelated preparations",-21.595
"Unrelated preparations",-24.7933333333334
"Unrelated preparations",-6.82222222222222
"Unrelated preparations",-23.8805555555556
"Unrelated preparations",-9.19388888888891
"Unrelated preparations",-17.5166666666667
"Unrelated preparations",-22.8666666666667
"Unrelated preparations",-17.4822222222222
"Unrelated preparations",-19.3461111111111
"Unrelated preparations",-21.21
"Unrelated preparations",-19.2133333333333
"Unrelated preparations",-5.22722222222222
"Unrelated preparations",-18.8427777777778
"Unrelated preparations",-13.77
"Unrelated preparations",-11.0188888888889
"Unrelated preparations",-11.7088888888889
"Unrelated preparations",-19.2922222222222
"Unrelated preparations",-22.6327777777778
"Unrelated preparations",-10.1911111111111
"Unrelated preparations",-12.0705555555555
"Unrelated preparations",-9.23166666666665
"Unrelated preparations",-1.91277777777778
"Unrelated preparations",-28.0883333333333
"Unrelated preparations",-2.47055555555553
"Unrelated preparations",-28.6838888888889
"Unrelated preparations",-11.0955555555556
"Unrelated preparations",-31.5138888888889
"Unrelated preparations",-5.03888888888888
"Unrelated preparations",-3.00388888888888
"Unrelated preparations",11.0527777777778
"Unrelated preparations",-32.8416666666667
"Unrelated preparations",-6.58999999999999
"Unrelated preparations",-15.265
"Unrelated preparations",-28.055
"Unrelated preparations",-15.1677777777778
"Unrelated preparations",-17.9016666666667
"Unrelated preparations",-22.35
"Unrelated preparations",-11.8755555555556
"Unrelated preparations",-17.665
"Unrelated preparations",-22.0766666666667
"Unrelated preparations",-7.54555555555558
"Unrelated preparations",-2.70722222222223
"Unrelated preparations",-4.29277777777779
"Unrelated preparations",-4.17888888888889
"Unrelated preparations",-14.5588888888889
"Unrelated preparations",-13.0472222222222
"Unrelated preparations",-27.0283333333333
"Unrelated preparations",-0.591666666666654
"Unrelated preparations",-17.8138888888889
"Unrelated preparations",1.21666666666665
"Unrelated preparations",-29.6722222222222
"Unrelated preparations",-3.03777777777779
"Unrelated preparations",-19.3516666666667
"Unrelated preparations",-19.2355555555556
"Unrelated preparations",-27.46
"Unrelated preparations",-21.4855555555555
"Unrelated preparations",-18.9788888888889
"Unrelated preparations",-18.6644444444444
"Unrelated preparations",-11.6511111111111
"Unrelated preparations",1.90111111111111
"Unrelated preparations",-20.8088888888889
"Unrelated preparations",-10.1438888888889
"Unrelated preparations",-24.195
"Unrelated preparations",-23.2366666666667
"Unrelated preparations",-30.36
"Unrelated preparations",-17.92
"Unrelated preparations",-5.93777777777778
"Unrelated preparations",-2.06611111111113
"Unrelated preparations",-15.1566666666667
"Unrelated preparations",-20.8133333333333
"Unrelated preparations",-20.1166666666666
"Unrelated preparations",-15.3011111111111
"Unrelated preparations",5.1838888888889
"Unrelated preparations",-7.05055555555555
"Unrelated preparations",0.696111111111122
"Unrelated preparations",-10.7138888888889
"Unrelated preparations",-17.7522222222222
"Unrelated preparations",-12.6694444444445
"Unrelated preparations",-2.50944444444443
"Unrelated preparations",-13.6133333333333
"Unrelated preparations",-15.3566666666667
"Unrelated preparations",-6.02333333333333
"Unrelated preparations",-23.615
"Unrelated preparations",-23.2305555555556
"Unrelated preparations",-20.0133333333333
"Unrelated preparations",-30.1205555555556
"Unrelated preparations",0.155000000000015
"Unrelated preparations",-10.7733333333333
"Unrelated preparations",-30.7211111111111
"Unrelated preparations",-26.1316666666667
"Unrelated preparations",11.2883333333333
"Unrelated preparations",-14.2011111111111
"Unrelated preparations",-5.80888888888887
"Unrelated preparations",1.41000000000003
"Unrelated preparations",-4.54944444444446
"Unrelated preparations",-13.5894444444445
"Unrelated preparations",-26.0222222222222
"Unrelated preparations",-12.93
"Unrelated preparations",-11.9855555555555
"Unrelated preparations",-13.6066666666667
"Unrelated preparations",-5.6461111111111
"Unrelated preparations",-11.9333333333333
"Unrelated preparations",-21.8244444444445
"Unrelated preparations",-22.1616666666667
"Unrelated preparations",0.555555555555543
"Unrelated preparations",-11.1961111111111
"Unrelated preparations",-24.1477777777778
"Unrelated preparations",-13.4638888888889
"Unrelated preparations",-7.14166666666668
"Unrelated preparations",-23.6816666666667
"Unrelated preparations",-15.4572222222222
"Unrelated preparations",-15.5961111111111
"Unrelated preparations",-8.03777777777778
"Unrelated preparations",-9.1077777777778
"Unrelated preparations",2.84499999999998
"Unrelated preparations",-8.37166666666667
"Unrelated preparations",-13.71
"Unrelated preparations",-17.2738888888889
"Unrelated preparations",-23.4638888888889
"Unrelated preparations",-18.2361111111111
"Unrelated preparations",-10.9422222222222
"Unrelated preparations",-7.42111111111112
"Unrelated preparations",-25.7822222222222
"Unrelated preparations",-13.9733333333333
"Unrelated preparations",-21.9033333333333
"Unrelated preparations",-17.5777777777778
"Unrelated preparations",-12.7977777777778
"Unrelated preparations",-10.48
"Unrelated preparations",-12.0944444444444
"Unrelated preparations",-30
"Unrelated preparations",-6.48444444444443
"Unrelated preparations",-13.7194444444444
"Unrelated preparations",-12.2844444444444
"Unrelated preparations",-31.9566666666667
"Unrelated preparations",-9.39777777777778
"Unrelated preparations",-15.9711111111111
"Unrelated preparations",-5.73555555555558
"Unrelated preparations",-6.18333333333331
"Unrelated preparations",-10.7788888888889
"Unrelated preparations",-23.4838888888889
"Unrelated preparations",-12.2627777777778
"Unrelated preparations",-4.21666666666664
"Unrelated preparations",-8.6838888888889
"Unrelated preparations",-20.4072222222222
"Unrelated preparations",-26.9227777777778
"Unrelated preparations",1.86944444444443
"Unrelated preparations",-11.2372222222222
"Unrelated preparations",-13.3833333333333
"Unrelated preparations",-24.1122222222222
"Unrelated preparations",-6.81277777777778
"Unrelated preparations",-29.6227777777778
"Unrelated preparations",-2.07666666666668
"Unrelated preparations",-17.65
"Unrelated preparations",-24.0166666666667
"Unrelated preparations",-17.9155555555556
"Unrelated preparations",-9.92666666666666
"Unrelated preparations",-11.6933333333334
"Unrelated preparations",-26.0622222222222
"Unrelated preparations",-11.6816666666666
"Unrelated preparations",-11.0461111111111
"Unrelated preparations",-5.46055555555556
"Unrelated preparations",-14.0605555555556
"Unrelated preparations",-13.9083333333333
"Unrelated preparations",-9.97333333333334
"Unrelated preparations",-34.2794444444445
"Unrelated preparations",-13.5555555555555
"Unrelated preparations",0.614444444444445
"Unrelated preparations",-29.5822222222222
"Unrelated preparations",-21.705
"Unrelated preparations",-22.9461111111111
"Unrelated preparations",-35.4588888888889
"Unrelated preparations",-2.2161111111111
"Unrelated preparations",-6.48277777777776
"Unrelated preparations",-11.6116666666667
"Unrelated preparations",-2.09666666666666
"Unrelated preparations",-8.27944444444444
"Unrelated preparations",-11.0605555555555
"Unrelated preparations",5.56722222222224
"Unrelated preparations",-20.5783333333333
"Unrelated preparations",-15.9427777777777
"Unrelated preparations",-14.0005555555555
"Unrelated preparations",-2.69444444444446
"Unrelated preparations",-4.31
"Unrelated preparations",-21.8483333333333
"Unrelated preparations",-11.5483333333333
"Unrelated preparations",-26.5266666666667
"Unrelated preparations",-10.1266666666667
"Unrelated preparations",-5.08999999999999
"Unrelated preparations",-8.19222222222223
"Unrelated preparations",-15.9483333333334
"Unrelated preparations",-18.3422222222222
"Unrelated preparations",-24.7116666666667
"Unrelated preparations",-4.5427777777778
"Unrelated preparations",-15.7044444444445
"Unrelated preparations",-4.51388888888887
"Unrelated preparations",-16.4544444444444
"Unrelated preparations",5.25777777777776
"Unrelated preparations",-4.43888888888887
"Unrelated preparations",-9.81222222222223
"Unrelated preparations",-6.25888888888892
"Unrelated preparations",-33.16
"Unrelated preparations",-5.78777777777776
"Unrelated preparations",-29.07
"Unrelated preparations",3.37833333333333
"Unrelated preparations",-8.54944444444445
"Unrelated preparations",-28.4377777777778
"Unrelated preparations",-14.5577777777778
"Unrelated preparations",-14.4811111111111
"Unrelated preparations",-27.0266666666667
"Unrelated preparations",2.39722222222223
"Unrelated preparations",-11.4411111111111
"Unrelated preparations",-16.2066666666667
"Unrelated preparations",-15.0427777777778
"Unrelated preparations",-17.0677777777778
"Unrelated preparations",0.632777777777775
"Unrelated preparations",-17.0344444444444
"Unrelated preparations",-6.54166666666671
"Unrelated preparations",-7.87277777777777
"Unrelated preparations",-0.597777777777765
"Unrelated preparations",-28.06
"Unrelated preparations",-10.3927777777778
"Unrelated preparations",-15.8555555555555
"Unrelated preparations",-26.5305555555556
"Unrelated preparations",7.06222222222222
"Unrelated preparations",-12.6988888888889
"Unrelated preparations",-46.2705555555556
"Unrelated preparations",-18.8094444444445
"Unrelated preparations",1.2311111111111
"Unrelated preparations",7.42166666666668
"Unrelated preparations",-7.11444444444446
"Unrelated preparations",-8.3311111111111
"Unrelated preparations",-23.0183333333333
"Unrelated preparations",-23.6316666666667
"Unrelated preparations",-23.6861111111111
"Unrelated preparations",-4.38666666666666
"Unrelated preparations",-14.2255555555555
"Unrelated preparations",-12.7394444444445
"Unrelated preparations",-32.2111111111111
"Unrelated preparations",1.71499999999999
"Unrelated preparations",-4.41722222222222
"Unrelated preparations",4.59388888888893
"Unrelated preparations",-15.9233333333333
"Unrelated preparations",-15.2472222222222
"Unrelated preparations",-23.7494444444444
"Unrelated preparations",-13.94
"Unrelated preparations",-27.6405555555555
"Unrelated preparations",-24.4161111111111
"Unrelated preparations",-24.2361111111111
"Unrelated preparations",-25.1211111111111
"Unrelated preparations",-14.8088888888889
"Unrelated preparations",-25.9611111111111
"Unrelated preparations",-11.8544444444444
"Unrelated preparations",-10.025
"Unrelated preparations",-27.8988888888889
"Unrelated preparations",-18.0938888888889
"Unrelated preparations",-24.89
"Unrelated preparations",-2.02944444444447
"Unrelated preparations",-5.51777777777778
"Unrelated preparations",-7.15555555555557
"Unrelated preparations",-20.2216666666667
"Unrelated preparations",-19.0938888888889
"Unrelated preparations",-9.23666666666666
"Unrelated preparations",-6.42055555555555
"Unrelated preparations",-14.8816666666667
"Unrelated preparations",1.01611111111112
"Unrelated preparations",-2.78722222222223
"Unrelated preparations",-19.5683333333333
"Unrelated preparations",-11.645
"Unrelated preparations",9.3066666666667
"Unrelated preparations",-23.8511111111111
"Unrelated preparations",-19.8494444444445
"Unrelated preparations",-10.7294444444444
"Unrelated preparations",2.4861111111111
"Unrelated preparations",-12.6244444444444
"Unrelated preparations",-12.9788888888889
"Unrelated preparations",-9.47277777777776
"Unrelated preparations",4.56555555555558
"Unrelated preparations",-4.88777777777779
"Unrelated preparations",-30.3411111111111
"Unrelated preparations",-8.57611111111112
"Unrelated preparations",-16.0277777777778
"Unrelated preparations",-24.3222222222222
"Unrelated preparations",-20.7744444444444
"Unrelated preparations",-4.00722222222224
"Unrelated preparations",-4.99666666666666
"Unrelated preparations",-6.86777777777777
"Unrelated preparations",-33.5411111111111
"Unrelated preparations",-4.98777777777779
"Unrelated preparations",-7.15722222222223
"Unrelated preparations",-19.5477777777778
"Unrelated preparations",-14.7772222222222
"Unrelated preparations",-8.24888888888889
"Unrelated preparations",-7.01722222222223
"Unrelated preparations",-17.2833333333333
"Unrelated preparations",-14.8588888888889
"Unrelated preparations",-3.95111111111112
"Unrelated preparations",-17.245
"Unrelated preparations",-4.42722222222224
"Unrelated preparations",6.97833333333334
"Unrelated preparations",-20.9622222222222
"Unrelated preparations",-3.11555555555555
"Unrelated preparations",2.09277777777777
"Unrelated preparations",-26.1183333333333
"Unrelated preparations",-24.6011111111111
"Unrelated preparations",9.13055555555553
"Unrelated preparations",-4.05111111111113
"Unrelated preparations",-26.2511111111111
"Unrelated preparations",-10.64
"Unrelated preparations",-34.6927777777778
"Unrelated preparations",-20.7466666666667
"Unrelated preparations",-11.8861111111111
"Unrelated preparations",-21.0477777777778
"Unrelated preparations",-13.6172222222222
"Unrelated preparations",-13.9088888888889
"Unrelated preparations",-7.19777777777779
"Unrelated preparations",-5.77
"Unrelated preparations",-10.37
"Unrelated preparations",-1.10499999999998
"Unrelated preparations",-10.1894444444444
"Unrelated preparations",0.396666666666661
"Unrelated preparations",-8.29222222222224
"Unrelated preparations",-22.0016666666667
"Unrelated preparations",-26.5766666666667
"Unrelated preparations",-27.175
"Unrelated preparations",-12.8944444444444
"Unrelated preparations",-5.4672222222222
"Unrelated preparations",-15.9616666666667
"Unrelated preparations",-19.7844444444444
"Unrelated preparations",-11.9777777777778
"Unrelated preparations",-2.02277777777775
"Unrelated preparations",-15.0544444444445
"Unrelated preparations",-11.7883333333333
"Unrelated preparations",-18.4833333333333
"Unrelated preparations",-18.2116666666667
"Unrelated preparations",-15.7972222222222
"Unrelated preparations",-13.4916666666667
"Unrelated preparations",1.72833333333335
"Unrelated preparations",-2.24333333333333
"Unrelated preparations",-2.44166666666666
"Unrelated preparations",-27.5666666666667
"Unrelated preparations",-12.5644444444444
"Unrelated preparations",-1.37055555555554
"Unrelated preparations",-10.3416666666667
"Unrelated preparations",6.06888888888886
"Unrelated preparations",-15.335
"Unrelated preparations",-23.6516666666667
"Unrelated preparations",-15.2633333333333
"Unrelated preparations",-9.6111111111111
"Unrelated preparations",-22.5422222222222
"Unrelated preparations",-3.93000000000001
"Unrelated preparations",-24.8366666666666
"Unrelated preparations",-13.4572222222222
"Unrelated preparations",-2.12111111111111
"Unrelated preparations",-7.78444444444443
"Unrelated preparations",-13.275
"Unrelated preparations",-15.0188888888889
"Unrelated preparations",-4.09777777777776
"Unrelated preparations",-30.5472222222222
"Unrelated preparations",-12.19
"Unrelated preparations",-19.23
"Unrelated preparations",-22.0461111111111
"Unrelated preparations",-10.9244444444444
"Unrelated preparations",-19.5188888888889
"Unrelated preparations",-18.4355555555556
"Unrelated preparations",-17.7833333333333
"Unrelated preparations",-36.3066666666667
"Unrelated preparations",-14.7611111111111
"Unrelated preparations",-18.98
"Unrelated preparations",6.40611111111112
"Unrelated preparations",-13.46
"Unrelated preparations",-14.455
"Unrelated preparations",7.47388888888889
"Unrelated preparations",-8.07444444444445
"Unrelated preparations",-14.03
"Unrelated preparations",-7.24888888888887
"Unrelated preparations",-11.3044444444444
"Unrelated preparations",-21.1677777777778
"Unrelated preparations",5.67722222222221
"Unrelated preparations",-6.84722222222224
"Unrelated preparations",-20.3033333333333
"Unrelated preparations",-19.9377777777778
"Unrelated preparations",-26.6905555555555
"Unrelated preparations",-14.825
"Unrelated preparations",-16.7566666666667
"Unrelated preparations",-19.7427777777778
"Unrelated preparations",-4.61166666666668
"Unrelated preparations",1.22611111111112
"Unrelated preparations",-8.90499999999999
"Unrelated preparations",-11.9516666666667
"Unrelated preparations",-20.1977777777778
"Unrelated preparations",-4.64666666666666
"Unrelated preparations",-1.55888888888887
"Unrelated preparations",1.87444444444444
"Unrelated preparations",-14.3383333333333
"Unrelated preparations",-25.1261111111111
"Unrelated preparations",-9.21833333333335
"Unrelated preparations",-17.7888888888889
"Unrelated preparations",-28.0505555555555
"Unrelated preparations",-17.9722222222222
"Unrelated preparations",-9.01722222222223
"Unrelated preparations",-14.5688888888889
"Unrelated preparations",-11.6722222222222
"Unrelated preparations",-6.31888888888888
"Unrelated preparations",-17.9672222222222
"Unrelated preparations",-18.06
"Unrelated preparations",-29.5105555555555
"Unrelated preparations",-27.4022222222222
"Unrelated preparations",-16.9416666666667
"Unrelated preparations",-16.0877777777778
"Unrelated preparations",-14.9638888888889
"Unrelated preparations",-31.1555555555556
"Unrelated preparations",-9.54499999999999
"Unrelated preparations",-23.8766666666667
"Unrelated preparations",-8.87166666666666
"Unrelated preparations",-7.72000000000001
"Unrelated preparations",-25.3777777777778
"Unrelated preparations",-10.4844444444444
"Unrelated preparations",-15.26
"Unrelated preparations",-16.38
"Unrelated preparations",-24.8033333333333
"Unrelated preparations",-12.9338888888889
"Unrelated preparations",-12.4683333333333
"Unrelated preparations",-7.56444444444443
"Unrelated preparations",-14.9405555555555
"Unrelated preparations",-11.5155555555555
"Unrelated preparations",-10.3111111111111
"Unrelated preparations",2.36666666666666
"Unrelated preparations",-2.08444444444442
"Unrelated preparations",-19.365
"Unrelated preparations",-24.7988888888889
"Unrelated preparations",-24.1416666666667
"Unrelated preparations",-4.65166666666666
"Unrelated preparations",-20.2088888888889
"Unrelated preparations",-19.6222222222222
"Unrelated preparations",-18.6277777777778
"Unrelated preparations",-23.8677777777778
"Unrelated preparations",-6.69277777777779
"Unrelated preparations",-11.7844444444445
"Unrelated preparations",-21.8488888888889
"Unrelated preparations",-12.1638888888889
"Unrelated preparations",-10.8944444444444
"Unrelated preparations",-17.4438888888889
"Unrelated preparations",-3.43666666666665
"Unrelated preparations",-9.25611111111111
"Unrelated preparations",-3.01777777777777
"Unrelated preparations",-10.7211111111111
"Unrelated preparations",-25.6111111111111
"Unrelated preparations",-24.6894444444444
"Unrelated preparations",-5.74722222222223
"Unrelated preparations",-14.5555555555556
"Unrelated preparations",2.91333333333336
"Unrelated preparations",-19.0211111111111
"Unrelated preparations",-2.12777777777778
"Unrelated preparations",-5.87833333333333
"Unrelated preparations",-13.175
"Unrelated preparations",-14.3577777777778
"Unrelated preparations",-9.64777777777778
"Unrelated preparations",-22.2855555555555
"Unrelated preparations",-2.84611111111113
"Unrelated preparations",-10.5233333333333
"Unrelated preparations",-8.47444444444444
"Unrelated preparations",-16.6894444444445
"Unrelated preparations",-1.60555555555555
"Unrelated preparations",-6.61666666666667
"Unrelated preparations",-13.1916666666666
"Unrelated preparations",-6.24777777777778
"Unrelated preparations",-18.435
"Unrelated preparations",-5.8077777777778
"Unrelated preparations",-17.4794444444444
"Unrelated preparations",-19.0266666666667
"Unrelated preparations",3.30777777777779
"Unrelated preparations",-31.96
"Unrelated preparations",-9.58333333333333
"Unrelated preparations",-7.77722222222224
"Unrelated preparations",-15.4005555555556
"Unrelated preparations",-7.95666666666669
"Unrelated preparations",-8.39111111111112
"Unrelated preparations",-12.1638888888889
"Unrelated preparations",-15.9327777777778
"Unrelated preparations",-3.18722222222222
"Unrelated preparations",-16.5944444444444
"Unrelated preparations",-13.8766666666666
"Unrelated preparations",-0.266111111111101
"Unrelated preparations",-11.6772222222222
"Unrelated preparations",-21.5677777777778
"Unrelated preparations",-26.7272222222222
"Unrelated preparations",-19.9361111111111
"Unrelated preparations",-21.6311111111111
"Unrelated preparations",-18.2794444444444
"Unrelated preparations",-17.7488888888889
"Unrelated preparations",-9.51777777777778
"Unrelated preparations",-27.8422222222222
"Unrelated preparations",-13.0938888888889
"Unrelated preparations",-16.1416666666667
"Unrelated preparations",-18.3077777777778
"Unrelated preparations",-15.4944444444444
"Unrelated preparations",-12.7855555555556
"Unrelated preparations",-7.17388888888888
"Unrelated preparations",-5.28166666666667
"Unrelated preparations",-8.24055555555556
"Unrelated preparations",-14.9833333333333
"Unrelated preparations",-12.0827777777778
"Unrelated preparations",-13.9205555555556
"Unrelated preparations",-28.3833333333333
"Unrelated preparations",-19.4438888888889
"Unrelated preparations",-15.2933333333333
"Unrelated preparations",-12.7738888888889
"Unrelated preparations",-0.416111111111121
"Unrelated preparations",-26.7611111111111
"Unrelated preparations",-12.6133333333333
"Unrelated preparations",-0.448888888888902
"Unrelated preparations",-19.7627777777778
"Unrelated preparations",-5.88611111111111
"Unrelated preparations",-22.3472222222222
"Unrelated preparations",-6.885
"Unrelated preparations",-0.420555555555552
"Unrelated preparations",-14.9261111111111
"Unrelated preparations",-12.4405555555556
"Unrelated preparations",3.46999999999998
"Unrelated preparations",-8.64
"Unrelated preparations",-18.8077777777778
"Unrelated preparations",-6.04777777777777
"Unrelated preparations",-5.12944444444446
"Unrelated preparations",-18.0744444444444
"Unrelated preparations",-13.1538888888889
"Unrelated preparations",-13.9911111111111
"Unrelated preparations",-14.9861111111111
"Unrelated preparations",-22.8772222222222
"Unrelated preparations",-7.0361111111111
"Unrelated preparations",-28.0488888888889
"Unrelated preparations",-7.47444444444444
"Unrelated preparations",-30.0338888888889
"Unrelated preparations",-18.7211111111111
"Unrelated preparations",-12.7488888888889
"Unrelated preparations",-13.5838888888889
"Unrelated preparations",-16.9644444444444
"Unrelated preparations",-4.8161111111111
"Unrelated preparations",-20.1405555555556
"Unrelated preparations",-14.7577777777778
"Unrelated preparations",-5.0911111111111
"Unrelated preparations",-14.3616666666667
"Unrelated preparations",-24.1616666666667
"Unrelated preparations",-37.4372222222222
"Unrelated preparations",-11.4866666666667
"Unrelated preparations",-21.9683333333333
"Unrelated preparations",-7.65055555555554
"Unrelated preparations",0.26166666666667
"Unrelated preparations",-22.3638888888889
"Unrelated preparations",-25.2783333333333
"Unrelated preparations",-10.8422222222222
"Unrelated preparations",-21.4966666666667
"Unrelated preparations",-18.9805555555556
"Unrelated preparations",-27.815
"Unrelated preparations",-12.6605555555555
"Unrelated preparations",-5.06388888888891
"Unrelated preparations",5.70166666666667
"Unrelated preparations",-7.52777777777777
"Unrelated preparations",-12.3938888888889
"Unrelated preparations",-6.76888888888887
"Unrelated preparations",-15.4277777777778
"Unrelated preparations",-26.5605555555556
"Unrelated preparations",-17.2538888888889
"Unrelated preparations",-7.05666666666667
"Unrelated preparations",-1.045
"Unrelated preparations",-26.6194444444445
"Unrelated preparations",-11.83
"Unrelated preparations",-32.5083333333333
"Unrelated preparations",-16.2605555555555
"Unrelated preparations",-17.4
"Unrelated preparations",-8.58111111111108
"Unrelated preparations",-10.5005555555556
"Unrelated preparations",-1.56888888888891
"Unrelated preparations",-26.0911111111111
"Unrelated preparations",-14.1933333333333
"Unrelated preparations",-9.22222222222226
"Unrelated preparations",-4.94499999999999
"Unrelated preparations",-32.2772222222222
"Unrelated preparations",-20.3722222222222
"Unrelated preparations",-39.95
"Unrelated preparations",-20.43
"Unrelated preparations",-18.3911111111111
"Unrelated preparations",-3.42777777777779
"Unrelated preparations",-26.5672222222222
"Unrelated preparations",-21.0411111111111
"Unrelated preparations",-12.445
"Unrelated preparations",-24.165
"Unrelated preparations",-14.915
"Unrelated preparations",-18.28
"Unrelated preparations",-9.24888888888887
"Unrelated preparations",-13.56
"Unrelated preparations",-13.8044444444445
"Unrelated preparations",-22.4311111111111
"Unrelated preparations",-21.3966666666667
"Unrelated preparations",-25.93
"Unrelated preparations",-7.12999999999997
"Unrelated preparations",-17.0022222222222
"Unrelated preparations",-30.7216666666667
"Unrelated preparations",-14.7644444444445
"Unrelated preparations",-12.7305555555555
"Unrelated preparations",-13.0444444444444
"Unrelated preparations",-7.77277777777776
"Unrelated preparations",-18.6533333333333
"Unrelated preparations",5.13222222222224
"Unrelated preparations",-9.39333333333333
"Unrelated preparations",-27.0127777777778
"Unrelated preparations",-7.99055555555556
"Unrelated preparations",-13.47
"Unrelated preparations",-22.6861111111111
"Unrelated preparations",-13.0844444444445
"Unrelated preparations",-29.4061111111111
"Unrelated preparations",-7.72944444444444
"Unrelated preparations",-11.6494444444445
"Unrelated preparations",-12.2744444444444
"Unrelated preparations",-4.01388888888889
"Unrelated preparations",-6.56777777777778
"Unrelated preparations",-4.77333333333331
"Unrelated preparations",-21.5083333333333
"Unrelated preparations",-3.92444444444443
"Unrelated preparations",0.346666666666678
"Unrelated preparations",-12.415
"Unrelated preparations",-13.7144444444444
"Unrelated preparations",-2.59555555555555
"Unrelated preparations",-8.56611111111113
"Unrelated preparations",-25.6422222222222
"Unrelated preparations",-22.1244444444444
"Unrelated preparations",-20.1594444444444
"Unrelated preparations",-18.5933333333333
"Unrelated preparations",-14.0488888888889
"Unrelated preparations",-6.71888888888893
"Unrelated preparations",-5.32444444444445
"Unrelated preparations",-28.1833333333333
"Unrelated preparations",-22.2727777777778
"Unrelated preparations",-20.9883333333333
"Unrelated preparations",-29.4583333333333
"Unrelated preparations",-7.15611111111112
"Unrelated preparations",-14.3883333333333
"Unrelated preparations",-23.8666666666667
"Unrelated preparations",-0.0272222222222211
"Unrelated preparations",-20.215
"Unrelated preparations",-7.29944444444443
"Unrelated preparations",-8.78944444444444
"Unrelated preparations",-30.2616666666667
"Unrelated preparations",-11.8438888888889
"Unrelated preparations",-4.605
"Unrelated preparations",-27.3638888888889
"Unrelated preparations",-21.2272222222222
"Unrelated preparations",-21.0933333333333
"Unrelated preparations",-19.49
"Unrelated preparations",5.26666666666668
"Unrelated preparations",-9.97666666666667
"Unrelated preparations",-14.4772222222222
"Unrelated preparations",-16.7361111111111
"Unrelated preparations",-22.2161111111111
"Unrelated preparations",-28.9422222222222
"Unrelated preparations",-20.8272222222222
"Unrelated preparations",-10.4577777777778
"Unrelated preparations",-21.6172222222222
"Unrelated preparations",-5.16277777777779
"Unrelated preparations",8.35555555555555
"Unrelated preparations",-32.6705555555555
"Unrelated preparations",-11.2588888888889
"Unrelated preparations",-14.7766666666667
"Unrelated preparations",0.715555555555568
"Unrelated preparations",-7.85333333333335
"Unrelated preparations",-19.3644444444444
"Unrelated preparations",-12.6816666666667
"Unrelated preparations",-4.61444444444443
"Unrelated preparations",-10.8033333333333
"Unrelated preparations",-7.13055555555557
"Unrelated preparations",-5.32000000000001
"Unrelated preparations",-16.6327777777778
"Unrelated preparations",0.61611111111111
"Unrelated preparations",-13.4577777777778
"Unrelated preparations",-16.8244444444444
"Unrelated preparations",-8.21500000000002
"Unrelated preparations",-23.53
"Unrelated preparations",-5.9088888888889
"Unrelated preparations",-6.64999999999999
"Unrelated preparations",-20.8222222222222
"Unrelated preparations",-5.19833333333335
"Unrelated preparations",-24.0394444444445
"Unrelated preparations",-21.88
"Unrelated preparations",-12.02
"Unrelated preparations",4.48666666666668
"Unrelated preparations",-13.31
"Unrelated preparations",-11.8577777777778
"Unrelated preparations",-26.8505555555556
"Unrelated preparations",-6.75055555555555
"Unrelated preparations",-19.5388888888889
"Unrelated preparations",-10.6733333333333
"Unrelated preparations",-7.5
"Unrelated preparations",-4.90944444444446
"Unrelated preparations",-12.4838888888889
"Unrelated preparations",-13.385
"Unrelated preparations",1.54722222222222
"Unrelated preparations",-23.5411111111111
"Unrelated preparations",-14.4205555555556
"Unrelated preparations",-17.9177777777778
"Unrelated preparations",-20.1538888888889
"Unrelated preparations",-19.3683333333333
"Unrelated preparations",-21.2527777777778
"Unrelated preparations",-12.4572222222222
"Unrelated preparations",-0.0822222222222138
"Unrelated preparations",-16.3794444444444
"Unrelated preparations",-23.765
"Unrelated preparations",-2.86833333333335
"Unrelated preparations",-29.1466666666667
"Unrelated preparations",-18.0283333333334
"Unrelated preparations",-8.49222222222222
"Unrelated preparations",-16.3016666666667
"Unrelated preparations",-11.7833333333333
"Unrelated preparations",-24.3222222222222
"Unrelated preparations",-7.76388888888889
"Unrelated preparations",-11.2977777777778
"Unrelated preparations",-12.7655555555555
"Unrelated preparations",-28.0783333333333
"Unrelated preparations",2.81777777777779
"Unrelated preparations",-9.0138888888889
"Unrelated preparations",-28.3594444444444
"Unrelated preparations",-14.635
"Unrelated preparations",-15.9422222222222
"Unrelated preparations",-19.9311111111111
"Unrelated preparations",-24.7161111111111
"Unrelated preparations",-23.4083333333333
"Unrelated preparations",-10.4322222222222
"Unrelated preparations",-4.66888888888889
"Unrelated preparations",-3.54000000000001
"Unrelated preparations",-27.6783333333333
"Unrelated preparations",-21.3755555555556
"Unrelated preparations",0.312777777777768
"Unrelated preparations",-25.0077777777778
"Unrelated preparations",-16.7405555555555
"Unrelated preparations",-10.1277777777778
"Unrelated preparations",-9.815
"Unrelated preparations",-2.62055555555557
"Unrelated preparations",-7.99833333333331
"Unrelated preparations",-8.16833333333334
"Unrelated preparations",-16.3994444444444
"Unrelated preparations",-31.2338888888889
"Unrelated preparations",-15.7172222222222
"Unrelated preparations",-20.0561111111111
"Unrelated preparations",3.13833333333334
"Unrelated preparations",-11.4822222222222
"Unrelated preparations",-2.5138888888889
"Unrelated preparations",-2.77666666666669
"Unrelated preparations",-19.2544444444444
"Unrelated preparations",-28.9561111111111
"Unrelated preparations",-13.7188888888889
"Unrelated preparations",-21.0277777777778
"Unrelated preparations",-35.4227777777778
"Unrelated preparations",7.49166666666666
"Unrelated preparations",-7.58055555555558
"Unrelated preparations",-28.9283333333333
"Unrelated preparations",-9.83277777777778
"Unrelated preparations",-7.58666666666666
"Unrelated preparations",-1.77166666666666
"Unrelated preparations",-31.4411111111111
"Unrelated preparations",-7.51277777777779
"Unrelated preparations",-28.9116666666667
"Unrelated preparations",-13.1905555555555
"Unrelated preparations",4.73666666666668
"Unrelated preparations",-1.57555555555557
"Unrelated preparations",6.45833333333334
"Unrelated preparations",-24.6805555555555
"Unrelated preparations",-10.7816666666667
"Unrelated preparations",-26.2633333333333
"Unrelated preparations",-22.6511111111111
"Unrelated preparations",2.43555555555554
"Unrelated preparations",-9.26166666666668
"Unrelated preparations",-10.62
"Unrelated preparations",-9.7983333333333
"Unrelated preparations",-14.2061111111111
"Unrelated preparations",-44.9705555555556
"Unrelated preparations",-7.2211111111111
"Unrelated preparations",6.7361111111111
"Unrelated preparations",-6.92444444444445
"Unrelated preparations",-6.36833333333331
"Unrelated preparations",-18.4516666666667
"Unrelated preparations",-12.8033333333333
"Unrelated preparations",-22.1155555555555
"Unrelated preparations",-10.0788888888889
"Unrelated preparations",-31.9944444444444
"Unrelated preparations",-24.4755555555555
"Unrelated preparations",-21.4155555555556
"Unrelated preparations",8.08888888888889
"Unrelated preparations",-16.7983333333333
"Unrelated preparations",-45.0211111111111
"Unrelated preparations",-28.695
"Unrelated preparations",-17.3066666666667
"Unrelated preparations",-30.0616666666667
"Unrelated preparations",-21.5155555555556
"Unrelated preparations",-19.6822222222222
"Unrelated preparations",-28.56
"Unrelated preparations",2.47277777777778
"Unrelated preparations",-36.9294444444444
"Unrelated preparations",8.23055555555555
"Unrelated preparations",-7.47555555555556
"Unrelated preparations",10.0311111111111
"Unrelated preparations",-3.18333333333332
"Unrelated preparations",-20.9772222222222
"Unrelated preparations",-13.02
"Unrelated preparations",-28.7194444444444
"Unrelated preparations",-24.9066666666667
"Unrelated preparations",-23.15
"Unrelated preparations",-19.4355555555556
"Unrelated preparations",-11.2722222222222
"Unrelated preparations",-11.9405555555556
"Unrelated preparations",-14.4277777777778
"Unrelated preparations",-16.3388888888889
"Unrelated preparations",-19.8011111111111
"Unrelated preparations",-19.405
"Unrelated preparations",-7.70333333333332
"Unrelated preparations",-8.43777777777777
"Unrelated preparations",-5.19722222222221
"Unrelated preparations",-13.6305555555556
"Unrelated preparations",-31.3733333333333
"Unrelated preparations",-20.1655555555556
"Unrelated preparations",-9.29388888888889
"Unrelated preparations",-19.3388888888889
"Unrelated preparations",-16.3116666666667
"Unrelated preparations",-9.08444444444443
"Unrelated preparations",-12.0216666666667
"Unrelated preparations",-8.64388888888891
"Unrelated preparations",-25.9911111111111
"Unrelated preparations",-3.99055555555557
"Unrelated preparations",-13.9911111111111
"Unrelated preparations",-15.9466666666667
"Unrelated preparations",-23.3994444444444
"Unrelated preparations",-25.0705555555555
"Unrelated preparations",-28.6405555555555
"Unrelated preparations",-0.0527777777778056
"Unrelated preparations",-15.545
"Unrelated preparations",-21.8366666666667
"Unrelated preparations",-31.1766666666667
"Unrelated preparations",-15.3194444444444
"Unrelated preparations",-19.4583333333333
"Unrelated preparations",-1.71111111111111
"Unrelated preparations",-7.88666666666668
"Unrelated preparations",-18.5811111111111
"Unrelated preparations",-20.3627777777778
"Unrelated preparations",-19.0233333333333
"Unrelated preparations",-16.8977777777778
"Unrelated preparations",-8.47888888888889
"Unrelated preparations",-18.3483333333333
"Unrelated preparations",-14.3655555555556
"Unrelated preparations",-31.9427777777778
"Unrelated preparations",-25.1588888888889
"Unrelated preparations",-26.3833333333333
"Unrelated preparations",-22.4477777777778
"Unrelated preparations",-18.3044444444445
"Unrelated preparations",-15.3861111111111
"Unrelated preparations",-23.7522222222222
"Unrelated preparations",-7.50722222222224
"Unrelated preparations",-11.2422222222222
"Unrelated preparations",-15.2183333333333
"Unrelated preparations",-24.2522222222222
"Unrelated preparations",-34.9194444444444
"Unrelated preparations",-20.7811111111111
"Unrelated preparations",-9.51111111111109
"Unrelated preparations",-22.2772222222222
"Unrelated preparations",-25.2011111111111
"Unrelated preparations",-25.0505555555555
"Unrelated preparations",-0.910000000000011
"Unrelated preparations",-15.1488888888889
"Unrelated preparations",-12.5588888888889
"Unrelated preparations",8.17888888888888
"Unrelated preparations",-20.8538888888889
"Unrelated preparations",-14.3311111111111
"Unrelated preparations",-13.3955555555556
"Unrelated preparations",-27.3616666666667
"Unrelated preparations",-8.4177777777778
"Unrelated preparations",-16.2461111111111
"Unrelated preparations",-16.1538888888889
"Unrelated preparations",-5.29888888888891
"Unrelated preparations",0.457222222222228
"Unrelated preparations",-11.4555555555556
"Unrelated preparations",-4.69666666666667
"Unrelated preparations",-6.5661111111111
"Unrelated preparations",-11.4144444444444
"Unrelated preparations",-17.6588888888889
"Unrelated preparations",-27.3533333333333
"Unrelated preparations",-24.3583333333333
"Unrelated preparations",-2.96499999999999
"Unrelated preparations",-12.1905555555555
"Unrelated preparations",-6.65111111111111
"Unrelated preparations",-5.07111111111111
"Unrelated preparations",-25.7244444444444
"Unrelated preparations",-22.9694444444444
"Unrelated preparations",-22.6161111111111
"Unrelated preparations",-25.7255555555555
"Unrelated preparations",-4.78888888888889
"Unrelated preparations",-19.475
"Unrelated preparations",0.0838888888889073
"Unrelated preparations",4.8938888888889
"Unrelated preparations",-18.2533333333333
"Unrelated preparations",-29.4077777777778
"Unrelated preparations",-13.4544444444444
"Unrelated preparations",-20.9261111111111
"Unrelated preparations",-25.0705555555556
"Unrelated preparations",-6.46555555555557
"Unrelated preparations",-20.9261111111111
"Unrelated preparations",-20.8377777777778
"Unrelated preparations",-10.2727777777778
"Unrelated preparations",-16.4688888888889
"Unrelated preparations",8.20277777777778
"Unrelated preparations",-4.1988888888889
"Unrelated preparations",0.742222222222225
"Unrelated preparations",-17.5272222222222
"Unrelated preparations",-5.69444444444446
"Unrelated preparations",-22.6866666666667
"Unrelated preparations",3.45833333333336
"Unrelated preparations",-13.8872222222222
"Unrelated preparations",-27.3772222222222
"Unrelated preparations",-13.7788888888889
"Unrelated preparations",-20.1094444444445
"Unrelated preparations",-21.4677777777778
"Unrelated preparations",-19.32
"Unrelated preparations",-12.3322222222222
"Unrelated preparations",-16.1727777777778
"Unrelated preparations",-22.12
"Unrelated preparations",-12.1044444444444
"Unrelated preparations",-24.1394444444445
"Unrelated preparations",-33.235
"Unrelated preparations",3.52388888888888
"Unrelated preparations",-17.2
"Unrelated preparations",-9.85777777777778
"Unrelated preparations",-14.1305555555555
"Unrelated preparations",-17.0861111111111
"Unrelated preparations",-21.2961111111111
"Unrelated preparations",-17.665
"Unrelated preparations",-9.56
"Unrelated preparations",-9.04888888888885
"Unrelated preparations",-18.7866666666667
"Unrelated preparations",-10.9961111111111
"Unrelated preparations",-12.12
"Unrelated preparations",-6.55833333333334
"Unrelated preparations",-20.5388888888889
"Unrelated preparations",-3.01333333333332
"Unrelated preparations",-10.4883333333333
"Unrelated preparations",-29.4111111111111
"Unrelated preparations",-20.7216666666667
"Unrelated preparations",-27.5594444444444
"Unrelated preparations",-28.0144444444445
"Unrelated preparations",12.22
"Unrelated preparations",-17.06
"Unrelated preparations",-3.41777777777777
"Unrelated preparations",-26.2411111111111
"Unrelated preparations",-6.39277777777775
"Unrelated preparations",-23.0961111111111
"Unrelated preparations",-20.6322222222222
"Unrelated preparations",-12.0083333333333
"Unrelated preparations",-16.1411111111111
"Unrelated preparations",-32.0855555555556
"Unrelated preparations",-2.75722222222221
"Unrelated preparations",-23.9161111111111
"Unrelated preparations",-0.515000000000001
"Unrelated preparations",-24.4472222222222
"Unrelated preparations",-8.04999999999998
"Unrelated preparations",-31.2744444444444
"Unrelated preparations",-12.8383333333333
"Unrelated preparations",-4.70888888888889
"Unrelated preparations",-16.0722222222222
"Unrelated preparations",-25.9722222222222
"Unrelated preparations",-22.7416666666667
"Unrelated preparations",-13.5855555555555
"Unrelated preparations",-12.9855555555555
"Unrelated preparations",-34.1611111111111
"Unrelated preparations",-8.56666666666668
"Unrelated preparations",-11.0611111111111
"Unrelated preparations",-10.2444444444444
"Unrelated preparations",4.03944444444444
"Unrelated preparations",-9.29944444444446
"Unrelated preparations",-10.8611111111111
"Unrelated preparations",-0.828888888888898
"Unrelated preparations",-9.97444444444444
"Unrelated preparations",-4.1988888888889
"Unrelated preparations",-21.9422222222222
"Unrelated preparations",-5.45222222222222
"Unrelated preparations",-35.9738888888889
"Unrelated preparations",5.49055555555556
"Unrelated preparations",-26.9911111111111
"Unrelated preparations",-4.035
"Unrelated preparations",-22.7922222222222
"Unrelated preparations",-17.9161111111111
"Unrelated preparations",-19.6355555555556
"Unrelated preparations",-8.19388888888891
"Unrelated preparations",-10.3883333333333
"Unrelated preparations",-21.8
"Unrelated preparations",-45.245
"Unrelated preparations",-19.9972222222222
"Unrelated preparations",-20.2588888888889
"Unrelated preparations",-16.4172222222222
"Unrelated preparations",-1.9811111111111
"Unrelated preparations",-15.8127777777778
"Unrelated preparations",-21.9972222222222
"Unrelated preparations",-7.31888888888891
"Unrelated preparations",-8.68555555555554
"Unrelated preparations",-30.8583333333333
"Unrelated preparations",-14.6088888888889
"Unrelated preparations",-2.53222222222222
"Unrelated preparations",-26.1677777777778
"Unrelated preparations",-10.7411111111111
"Unrelated preparations",-21.2966666666667
"Unrelated preparations",-29.785
"Unrelated preparations",-11.1961111111111
"Unrelated preparations",-3.58388888888889
"Unrelated preparations",-5.77888888888889
"Unrelated preparations",-9.88444444444445
"Unrelated preparations",-15.2411111111111
"Unrelated preparations",-35.6216666666667
"Unrelated preparations",-18.9377777777778
"Unrelated preparations",-22.0994444444444
"Unrelated preparations",-35.1377777777778
"Unrelated preparations",-16.0205555555555
"Unrelated preparations",-21.5855555555556
"Unrelated preparations",-1.35888888888888
"Unrelated preparations",-18.6955555555556
"Unrelated preparations",-8.6261111111111
"Unrelated preparations",0.676111111111098
"Unrelated preparations",-9.12777777777777
"Unrelated preparations",-15.7377777777778
"Unrelated preparations",3.2011111111111
"Unrelated preparations",-15.7966666666667
"Unrelated preparations",-18.44
"Unrelated preparations",-14.7122222222222
"Unrelated preparations",-2.76111111111112
"Unrelated preparations",-22.685
"Unrelated preparations",-39.6705555555556
"Unrelated preparations",-11.9866666666667
"Unrelated preparations",-10.5611111111111
"Unrelated preparations",-8.0761111111111
"Unrelated preparations",-17.6911111111111
"Unrelated preparations",-17.4494444444444
"Unrelated preparations",-19.94
"Unrelated preparations",-10.8311111111111
"Unrelated preparations",-14.1116666666667
"Unrelated preparations",-10.8011111111111
"Unrelated preparations",-11.2866666666667
"Unrelated preparations",-11.9227777777778
"Unrelated preparations",-15.1622222222222
"Unrelated preparations",-7.06722222222221
"Unrelated preparations",-8.38277777777778
"Unrelated preparations",-17.9844444444444
"Unrelated preparations",-20.1811111111111
"Unrelated preparations",-9.28333333333332
"Unrelated preparations",-3.80555555555554
"Unrelated preparations",-8.69999999999999
"Unrelated preparations",-32.6883333333333
"Unrelated preparations",-24.2183333333333
"Unrelated preparations",-0.0294444444444366
"Unrelated preparations",-31.0516666666666
"Unrelated preparations",-18.3072222222222
"Unrelated preparations",-11.6572222222222
"Unrelated preparations",-17.7522222222222
"Unrelated preparations",-15.3988888888889
"Unrelated preparations",-8.97999999999998
"Unrelated preparations",-9.53777777777778
"Unrelated preparations",-23.7466666666667
"Unrelated preparations",-25.86
"Unrelated preparations",-32.5255555555556
"Unrelated preparations",-6.14944444444444
"Unrelated preparations",1.80277777777778
"Unrelated preparations",-14.9838888888889
"Unrelated preparations",-24.1911111111111
"Unrelated preparations",-4.67333333333333
"Unrelated preparations",-9.59611111111113
"Unrelated preparations",-12.6588888888889
"Unrelated preparations",-3.77611111111109
"Unrelated preparations",-17.55
"Unrelated preparations",-14.4527777777778
"Unrelated preparations",-1.58944444444445
"Unrelated preparations",-1.71444444444444
"Unrelated preparations",-15.1955555555555
"Unrelated preparations",-20.6055555555556
"Unrelated preparations",-23.9261111111111
"Unrelated preparations",-13.1211111111111
"Unrelated preparations",-41.7544444444444
"Unrelated preparations",-27.7294444444444
"Unrelated preparations",-17.2177777777778
"Unrelated preparations",-18.915
"Unrelated preparations",-4.645
"Unrelated preparations",-9.74777777777778
"Unrelated preparations",0.224444444444458
"Unrelated preparations",-15.2622222222222
"Unrelated preparations",-4.17888888888891
"Unrelated preparations",-9.27722222222222
"Unrelated preparations",-20.4438888888889
"Unrelated preparations",-8.47722222222221
"Unrelated preparations",-14.9888888888889
"Unrelated preparations",-18.2816666666667
"Unrelated preparations",-7.47
"Unrelated preparations",-11.0122222222222
"Unrelated preparations",-15.9188888888889
"Unrelated preparations",-8.70000000000002
"Unrelated preparations",-5.72277777777776
"Unrelated preparations",-14.0583333333334
"Unrelated preparations",-15.3388888888889
"Unrelated preparations",-14.7477777777778
"Unrelated preparations",3.37388888888889
"Unrelated preparations",-5.80777777777779
"Unrelated preparations",-14.4066666666667
"Unrelated preparations",-4.38277777777779
"Unrelated preparations",-29.2483333333333
"Unrelated preparations",-8.02333333333337
"Unrelated preparations",2.31055555555555
"Unrelated preparations",-30.1333333333334
"Unrelated preparations",-17.6016666666666
"Unrelated preparations",-31.6777777777778
"Unrelated preparations",-9.62611111111113
"Unrelated preparations",-4.98888888888889
"Unrelated preparations",-4.31888888888888
"Unrelated preparations",-4.66777777777777
"Unrelated preparations",-5.57111111111111
"Unrelated preparations",-16.46
"Unrelated preparations",-4.0288888888889
"Unrelated preparations",-22.4394444444444
"Unrelated preparations",-26.1377777777778
"Unrelated preparations",-15.5633333333333
"Unrelated preparations",-27.4111111111111
"Unrelated preparations",-20.0844444444444
"Unrelated preparations",-19.6733333333333
"Unrelated preparations",-20.6777777777778
"Unrelated preparations",-9.71555555555553
"Unrelated preparations",-12.4811111111111
"Unrelated preparations",-12.3088888888889
"Unrelated preparations",-20.2388888888889
"Unrelated preparations",-20.1677777777778
"Unrelated preparations",-9.53944444444443
"Unrelated preparations",-22.3716666666667
"Unrelated preparations",-24.9866666666667
"Unrelated preparations",-6.46666666666668
"Unrelated preparations",-11.9688888888889
"Unrelated preparations",-17.6316666666667
"Unrelated preparations",-20.495
"Unrelated preparations",0.687222222222218
"Unrelated preparations",-17.9366666666667
"Unrelated preparations",-18.9427777777778
"Unrelated preparations",-18.2905555555556
"Unrelated preparations",-14.0138888888889
"Unrelated preparations",-20.5883333333333
"Unrelated preparations",-5.70611111111111
"Unrelated preparations",-23.1066666666667
"Unrelated preparations",-6.5322222222222
"Unrelated preparations",-5.595
"Unrelated preparations",-18.3427777777778
"Unrelated preparations",-6.58000000000001
"Unrelated preparations",-4.94277777777778
"Unrelated preparations",-17.4633333333333
"Unrelated preparations",-6.91888888888889
"Unrelated preparations",-14.1472222222222
"Unrelated preparations",-14.0338888888889
"Unrelated preparations",-9.7172222222222
"Unrelated preparations",-11.7855555555555
"Unrelated preparations",-4.85666666666665
"Unrelated preparations",-13.4672222222222
"Unrelated preparations",-25.5233333333333
"Unrelated preparations",-27.8833333333334
"Unrelated preparations",-22.9355555555555
"Unrelated preparations",-8.78888888888889
"Unrelated preparations",-17.8772222222222
"Unrelated preparations",-8.73055555555557
"Unrelated preparations",-27.1372222222222
"Unrelated preparations",-10.7055555555555
"Unrelated preparations",-13.5594444444445
"Unrelated preparations",-18.7277777777778
"Unrelated preparations",-32.3994444444445
"Unrelated preparations",-2.16055555555556
"Unrelated preparations",-10.4005555555556
"Unrelated preparations",-20.115
"Unrelated preparations",-21.2861111111111
"Unrelated preparations",-15.1527777777778
"Unrelated preparations",0.947222222222223
"Unrelated preparations",-30.3033333333333
"Unrelated preparations",-12.7038888888889
"Unrelated preparations",5.04666666666667
"Unrelated preparations",-22.34
"Unrelated preparations",-32.5966666666667
"Unrelated preparations",-12.3011111111111
"Unrelated preparations",-31.0122222222222
"Unrelated preparations",-29.2322222222222
"Unrelated preparations",-3.3577777777778
"Unrelated preparations",-16.1888888888889
"Unrelated preparations",-15.2805555555556
"Unrelated preparations",-36.3816666666666
"Unrelated preparations",7.01666666666662
"Unrelated preparations",-19.0083333333333
"Unrelated preparations",-5.09499999999998
"Unrelated preparations",-6.21388888888889
"Unrelated preparations",-12.935
"Unrelated preparations",-27.2405555555555
"Unrelated preparations",-21.6544444444445
"Unrelated preparations",-8.79055555555556
"Unrelated preparations",-22.0805555555555
"Unrelated preparations",-5.90333333333335
"Unrelated preparations",8.54333333333335
"Unrelated preparations",-2.27611111111111
"Unrelated preparations",-13.1705555555556
"Unrelated preparations",-14.6472222222222
"Unrelated preparations",-14.4022222222222
"Unrelated preparations",-14.6461111111111
"Unrelated preparations",1.56888888888888
"Unrelated preparations",0.412222222222212
"Unrelated preparations",-23.3022222222222
"Unrelated preparations",-31.8383333333333
"Unrelated preparations",-14.3488888888889
"Unrelated preparations",-18.1066666666667
"Unrelated preparations",-14.3722222222222
"Unrelated preparations",-5.4038888888889
"Unrelated preparations",-17.8122222222222
"Unrelated preparations",-17.4561111111111
"Unrelated preparations",-24.3644444444444
"Unrelated preparations",-11.7927777777778
"Unrelated preparations",-16.9183333333334
"Unrelated preparations",-20.8911111111111
"Unrelated preparations",-14.8805555555556
"Unrelated preparations",-7.29277777777777
"Unrelated preparations",-19.5883333333333
"Unrelated preparations",-18.2172222222222
"Unrelated preparations",-25.1216666666667
"Unrelated preparations",-27.6272222222222
"Unrelated preparations",-16.3327777777778
"Unrelated preparations",-9.06111111111112
"Unrelated preparations",-33.1072222222222
"Unrelated preparations",-1.77000000000002
"Unrelated preparations",0.238888888888908
"Unrelated preparations",-14.4488888888889
"Unrelated preparations",0.268888888888895
"Unrelated preparations",-15.1372222222222
"Unrelated preparations",-5.71722222222223
"Unrelated preparations",-30.7644444444445
"Unrelated preparations",-19.1077777777778
"Unrelated preparations",-21.9344444444444
"Unrelated preparations",-12.2511111111111
"Unrelated preparations",-34.5511111111111
"Unrelated preparations",-26.185
"Unrelated preparations",-1.77111111111107
"Unrelated preparations",-5.36111111111109
"Unrelated preparations",-22.8655555555556
"Unrelated preparations",-21.3372222222222
"Unrelated preparations",-17.2527777777778
"Unrelated preparations",-8.14222222222223
"Unrelated preparations",-8.04277777777777
"Unrelated preparations",-19.0038888888889
"Unrelated preparations",-8.59222222222223
"Unrelated preparations",8.41277777777778
"Unrelated preparations",-9.23833333333334
"Unrelated preparations",-33.4683333333334
"Unrelated preparations",-3.05611111111111
"Unrelated preparations",-21.3777777777778
"Unrelated preparations",-18.0305555555556
"Unrelated preparations",4.36388888888891
"Unrelated preparations",-3.27055555555553
"Unrelated preparations",-4.40444444444444
"Unrelated preparations",-17.3772222222222
"Unrelated preparations",-10.7872222222222
"Unrelated preparations",-12.3633333333333
"Unrelated preparations",-23.885
"Unrelated preparations",-13.0616666666666
"Unrelated preparations",-10.2255555555556
"Unrelated preparations",-0.862777777777794
"Unrelated preparations",-6.48499999999999
"Unrelated preparations",-22.0877777777777
"Unrelated preparations",-24.4816666666667
"Unrelated preparations",-16.0627777777778
"Unrelated preparations",-24.365
"Unrelated preparations",-7.30555555555556
"Unrelated preparations",-14.2622222222222
"Unrelated preparations",0.840555555555568
"Unrelated preparations",-5.875
"Unrelated preparations",0.436666666666696
"Unrelated preparations",-28.2905555555556
"Unrelated preparations",-18.7244444444444
"Unrelated preparations",-23.9072222222222
"Unrelated preparations",-10.9277777777778
"Unrelated preparations",-13.5538888888889
"Unrelated preparations",-14.7272222222222
"Unrelated preparations",-3.25444444444443
"Unrelated preparations",0.0500000000000114
"Unrelated preparations",-0.139999999999986
"Unrelated preparations",3.76833333333333
"Unrelated preparations",-26.035
"Unrelated preparations",-31.4983333333333
"Unrelated preparations",-26.9305555555555
"Unrelated preparations",4.23944444444442
"Unrelated preparations",4.63722222222221
"Unrelated preparations",-2.77333333333331
"Unrelated preparations",-6.08722222222222
"Unrelated preparations",-26.3611111111111
"Unrelated preparations",-2.44444444444446
"Unrelated preparations",-14.5638888888889
"Unrelated preparations",-30.8005555555555
"Unrelated preparations",-14.4088888888889
"Unrelated preparations",-6.74777777777778
"Unrelated preparations",-12.8011111111111
"Unrelated preparations",-27.185
"Unrelated preparations",-8.34444444444445
"Unrelated preparations",-17.7255555555555
"Unrelated preparations",-23.3361111111111
"Unrelated preparations",-20.07
"Unrelated preparations",-11.32
"Unrelated preparations",-0.495555555555555
"Unrelated preparations",-19.5911111111111
"Unrelated preparations",-7.25055555555556
"Unrelated preparations",-19.755
"Unrelated preparations",-12.2016666666667
"Unrelated preparations",-18.1555555555556
"Unrelated preparations",-8.73333333333331
"Unrelated preparations",-0.203333333333319
"Unrelated preparations",-29.5538888888889
"Unrelated preparations",-25.8888888888889
"Unrelated preparations",-26.7872222222222
"Unrelated preparations",13.595
"Unrelated preparations",-6.07722222222223
"Unrelated preparations",5.10444444444444
"Unrelated preparations",-26.4766666666667
"Unrelated preparations",-9.50166666666669
"Unrelated preparations",-15.8916666666667
"Unrelated preparations",-21.6488888888889
"Unrelated preparations",-17.0811111111111
"Unrelated preparations",-5.29833333333333
"Unrelated preparations",-31.5338888888889
"Unrelated preparations",2.22
"Unrelated preparations",-5.46277777777777
"Unrelated preparations",-13.9361111111111
"Unrelated preparations",-6.83611111111111
"Unrelated preparations",-14.0288888888889
"Unrelated preparations",-19.0827777777778
"Unrelated preparations",-30.9038888888889
"Unrelated preparations",-5.00555555555556
"Unrelated preparations",-16.87
"Unrelated preparations",0.871111111111119
"Unrelated preparations",-23.7883333333333
"Unrelated preparations",-29.7088888888889
"Unrelated preparations",-24.5294444444444
"Unrelated preparations",-7.26722222222222
"Unrelated preparations",-8.79388888888889
"Unrelated preparations",-28.3233333333333
"Unrelated preparations",-5.30555555555554
"Unrelated preparations",-15.0438888888889
"Unrelated preparations",-18.07
"Unrelated preparations",15.8744444444444
"Unrelated preparations",-17.1666666666667
"Unrelated preparations",-9.06611111111113
"Unrelated preparations",-7.57222222222222
"Unrelated preparations",-14.3494444444444
"Unrelated preparations",-5.08111111111111
"Unrelated preparations",-19.3088888888889
"Unrelated preparations",-6.15555555555555
"Unrelated preparations",-16.7916666666667
"Unrelated preparations",-12.2172222222222
"Unrelated preparations",-16.9872222222222
"Unrelated preparations",-39.445
"Unrelated preparations",-26.9388888888889
"Unrelated preparations",-5.88222222222221
"Unrelated preparations",-23.6833333333333
"Unrelated preparations",-18.5216666666667
"Unrelated preparations",-17.7644444444445
"Unrelated preparations",-13.9911111111111
"Unrelated preparations",-8.53000000000002
"Unrelated preparations",-26.2383333333333
"Unrelated preparations",-18.81
"Unrelated preparations",-33.2083333333333
"Unrelated preparations",-8.83000000000001
"Unrelated preparations",4.64222222222223
"Unrelated preparations",-20.8111111111111
"Unrelated preparations",-3.53611111111111
"Unrelated preparations",-10.8038888888889
"Unrelated preparations",-23.6566666666667
"Unrelated preparations",-12.6222222222222
"Unrelated preparations",-12.3194444444444
"Unrelated preparations",-9.76000000000002
"Unrelated preparations",-11.4588888888889
"Unrelated preparations",-16.3683333333333
"Unrelated preparations",-1.84555555555556
"Unrelated preparations",-22.5738888888889
"Unrelated preparations",-14.2516666666667
"Unrelated preparations",-22.1511111111111
"Unrelated preparations",-4.2038888888889
"Unrelated preparations",-13.4377777777778
"Unrelated preparations",1.45277777777778
"Unrelated preparations",-7.84166666666665
"Unrelated preparations",-5.53444444444445
"Unrelated preparations",-14.4922222222222
"Unrelated preparations",-12.8983333333333
"Unrelated preparations",-16.8733333333333
"Unrelated preparations",-6.23388888888891
"Unrelated preparations",-5.8838888888889
"Unrelated preparations",-13.1205555555556
"Unrelated preparations",15.8972222222222
"Unrelated preparations",-3.35388888888887
"Unrelated preparations",-3.28888888888889
"Unrelated preparations",-27.6405555555556
"Unrelated preparations",-10.0277777777778
"Unrelated preparations",-22.1977777777778
"Unrelated preparations",-19.7622222222222
"Unrelated preparations",-11.8705555555556
"Unrelated preparations",-24.4
"Unrelated preparations",-28.5327777777778
"Unrelated preparations",-22.4027777777778
"Unrelated preparations",-5.94055555555556
"Unrelated preparations",-14.7561111111111
"Unrelated preparations",-22.1922222222222
"Unrelated preparations",-3.99833333333333
"Unrelated preparations",-19.6633333333333
"Unrelated preparations",-30.7088888888889
"Unrelated preparations",-8.12555555555556
"Unrelated preparations",-21.51
"Unrelated preparations",-9.73555555555555
"Unrelated preparations",-17.5372222222222
"Unrelated preparations",1.48055555555554
"Unrelated preparations",-5.73499999999997
"Unrelated preparations",-26.0988888888889
"Unrelated preparations",-6.37777777777777
"Unrelated preparations",-28.2244444444445
"Unrelated preparations",-18.4138888888889
"Unrelated preparations",-18.9055555555556
"Unrelated preparations",-22.7605555555556
"Unrelated preparations",-7.51333333333332
"Unrelated preparations",-15.0338888888889
"Unrelated preparations",-4.83055555555556
"Unrelated preparations",-13.1711111111111
"Unrelated preparations",-19.1716666666667
"Unrelated preparations",1.87166666666667
"Unrelated preparations",-19.5505555555556
"Unrelated preparations",-7.11833333333334
"Unrelated preparations",-11.1422222222222
"Unrelated preparations",-25.0372222222222
"Unrelated preparations",-6.51666666666668
"Unrelated preparations",-12.9216666666667
"Unrelated preparations",-19.6905555555555
"Unrelated preparations",-8.98
"Unrelated preparations",-15.0705555555555
"Unrelated preparations",-3.29333333333335
"Unrelated preparations",-10.4111111111111
"Unrelated preparations",-20.2611111111111
"Unrelated preparations",-15.435
"Unrelated preparations",-20.1427777777778
"Unrelated preparations",-19.5838888888889
"Unrelated preparations",-18.5838888888889
"Unrelated preparations",3.82222222222224
"Unrelated preparations",-25.0361111111111
"Unrelated preparations",-4.61277777777778
"Unrelated preparations",-25.1388888888889
"Unrelated preparations",-24.8216666666667
"Unrelated preparations",-4.23499999999999
"Unrelated preparations",-10.9266666666667
"Unrelated preparations",2.44333333333334
"Unrelated preparations",-25.6961111111111
"Unrelated preparations",-4.69888888888887
"Unrelated preparations",-23.53
"Unrelated preparations",5.31888888888889
"Unrelated preparations",-9.53833333333336
"Unrelated preparations",-16.8038888888889
"Unrelated preparations",-25.6283333333333
"Unrelated preparations",-5.76
"Unrelated preparations",-8.09500000000003
"Unrelated preparations",-4.64555555555556
"Unrelated preparations",-4.85666666666668
"Unrelated preparations",-14.0255555555556
"Unrelated preparations",-19.1838888888889
"Unrelated preparations",-0.428888888888878
"Unrelated preparations",-24.0377777777778
"Unrelated preparations",-12.5177777777778
"Unrelated preparations",2.56388888888887
"Unrelated preparations",-3.42999999999999
"Unrelated preparations",-27.0683333333333
"Unrelated preparations",-26.4644444444444
"Unrelated preparations",-16.6505555555556
"Unrelated preparations",-6.76944444444445
"Unrelated preparations",-19.6005555555556
"Unrelated preparations",-16.8844444444444
"Unrelated preparations",-6.95499999999998
"Unrelated preparations",10.82
"Unrelated preparations",-10.44
"Unrelated preparations",-14.9138888888889
"Unrelated preparations",-12.9033333333333
"Unrelated preparations",-32.4627777777778
"Unrelated preparations",-22.8027777777778
"Unrelated preparations",-20.9716666666667
"Unrelated preparations",-16.0816666666667
"Unrelated preparations",-16.3644444444444
"Unrelated preparations",-0.217777777777769
"Unrelated preparations",-10.405
"Unrelated preparations",-14.6661111111111
"Unrelated preparations",-41.2311111111111
"Unrelated preparations",-17.8238888888889
"Unrelated preparations",-19.7838888888889
"Unrelated preparations",-2.15999999999998
"Unrelated preparations",1.78333333333335
"Unrelated preparations",-9.82388888888887
"Unrelated preparations",-8.54222222222219
"Unrelated preparations",-18.7411111111111
"Unrelated preparations",-23.3361111111111
"Unrelated preparations",-14.3838888888889
"Unrelated preparations",-22.8488888888889
"Unrelated preparations",-24.3894444444444
"Unrelated preparations",-5.10388888888889
"Unrelated preparations",-25.0844444444444
"Unrelated preparations",-14.74
"Unrelated preparations",-21.1616666666667
"Unrelated preparations",-13.5033333333333
"Unrelated preparations",-15.3444444444444
"Unrelated preparations",-11.4511111111111
"Unrelated preparations",-40.0016666666667
"Unrelated preparations",-0.905000000000001
"Unrelated preparations",-5.07222222222221
"Unrelated preparations",-17.8138888888889
"Unrelated preparations",-13.7933333333333
"Unrelated preparations",-23.4444444444444
"Unrelated preparations",2.61444444444444
"Unrelated preparations",5.30944444444447
"Unrelated preparations",-1.92333333333333
"Unrelated preparations",-10.45
"Unrelated preparations",-24.5905555555556
"Unrelated preparations",-34.1355555555556
"Unrelated preparations",-3.64
"Unrelated preparations",-12.3977777777778
"Unrelated preparations",-17.5438888888889
"Unrelated preparations",-5.90333333333332
"Unrelated preparations",-11.6105555555556
"Unrelated preparations",-12.7755555555556
"Unrelated preparations",-6.42722222222221
"Unrelated preparations",-22.6177777777778
"Unrelated preparations",-2.58499999999999
"Unrelated preparations",-7.28944444444444
"Unrelated preparations",-17.6644444444445
"Unrelated preparations",-9.6988888888889
"Unrelated preparations",-25.0727777777778
"Unrelated preparations",-16.83
"Unrelated preparations",-13.8216666666667
"Unrelated preparations",-7.96055555555557
"Unrelated preparations",0.857777777777756
"Unrelated preparations",-18.3638888888889
"Unrelated preparations",4.20722222222224
"Unrelated preparations",-27.4727777777778
"Unrelated preparations",-1.11222222222224
"Unrelated preparations",-35.9772222222222
"Unrelated preparations",-24.3261111111111
"Unrelated preparations",-14.0644444444445
"Unrelated preparations",5.44944444444445
"Unrelated preparations",9.7466666666667
"Unrelated preparations",-13.2983333333333
"Unrelated preparations",-20.1844444444444
"Unrelated preparations",-7.82444444444445
"Unrelated preparations",-18.1488888888889
"Unrelated preparations",-16.8794444444445
"Unrelated preparations",-9.31666666666668
"Unrelated preparations",0.114444444444459
"Unrelated preparations",-2.89833333333333
"Unrelated preparations",5.77777777777777
"Unrelated preparations",1.02000000000001
"Unrelated preparations",3.96166666666666
"Unrelated preparations",-7.18666666666667
"Unrelated preparations",-25.8355555555555
"Unrelated preparations",-24.13
"Unrelated preparations",-14.1883333333333
"Unrelated preparations",-2.52611111111111
"Unrelated preparations",-20.5666666666667
"Unrelated preparations",-8.83777777777777
"Unrelated preparations",-10.1377777777778
"Unrelated preparations",-4.6861111111111
"Unrelated preparations",-14.1233333333333
"Unrelated preparations",-20.4316666666667
"Unrelated preparations",-1.48555555555555
"Unrelated preparations",-25.1844444444445
"Unrelated preparations",-5.59888888888889
"Unrelated preparations",4.92833333333334
"Unrelated preparations",-1.25666666666666
"Unrelated preparations",-17.7794444444445
"Unrelated preparations",-4.63333333333333
"Unrelated preparations",-17.4066666666667
"Unrelated preparations",-20.3305555555556
"Unrelated preparations",1.12333333333333
"Unrelated preparations",-0.73222222222222
"Unrelated preparations",-6.28222222222223
"Unrelated preparations",4.12833333333333
"Unrelated preparations",-2.81333333333333
"Unrelated preparations",-28.3527777777778
"Unrelated preparations",-32.3755555555555
"Unrelated preparations",-7.55444444444443
"Unrelated preparations",-17.1477777777778
"Unrelated preparations",-25.0538888888889
"Unrelated preparations",-35.5416666666667
"Unrelated preparations",-35.6816666666667
"Unrelated preparations",-23.3633333333333
"Unrelated preparations",-12.1016666666666
"Unrelated preparations",-36.9388888888889
"Unrelated preparations",-12.4633333333334
"Unrelated preparations",-22.8744444444444
"Unrelated preparations",-15.5044444444445
"Unrelated preparations",-21.3344444444444
"Unrelated preparations",-16.9555555555556
"Unrelated preparations",-17.9605555555556
"Unrelated preparations",-21.8072222222222
"Unrelated preparations",-15.2933333333333
"Unrelated preparations",-10.5022222222222
"Unrelated preparations",-3.49222222222224
"Unrelated preparations",-31.7783333333333
"Unrelated preparations",-15.5738888888889
"Unrelated preparations",-3.63000000000002
"Unrelated preparations",-4.92000000000002
"Unrelated preparations",-9.6988888888889
"Unrelated preparations",-16.3144444444444
"Unrelated preparations",-22.1094444444444
"Unrelated preparations",-8.48277777777778
"Unrelated preparations",-15.7894444444444
"Unrelated preparations",-33.5844444444445
"Unrelated preparations",-14.9533333333333
"Unrelated preparations",-4.22111111111113
"Unrelated preparations",-12.53
"Unrelated preparations",-0.840555555555554
"Unrelated preparations",-9.74722222222223
"Unrelated preparations",-7.89444444444445
"Unrelated preparations",-0.075555555555539
"Unrelated preparations",-6.90888888888887
"Unrelated preparations",-21.38
"Unrelated preparations",-17.4033333333334
"Unrelated preparations",-18.4077777777778
"Unrelated preparations",-33.1033333333333
"Unrelated preparations",-7.2183333333333
"Unrelated preparations",-20.4305555555556
"Unrelated preparations",-16.0461111111111
"Unrelated preparations",-22.1427777777778
"Unrelated preparations",0.991666666666646
"Unrelated preparations",-13.0305555555556
"Unrelated preparations",-5.54166666666666
"Unrelated preparations",-12.7194444444444
"Unrelated preparations",-6.31111111111112
"Unrelated preparations",3
"Unrelated preparations",-29.9527777777778
"Unrelated preparations",-21.4772222222222
"Unrelated preparations",-28.6822222222222
"Unrelated preparations",-12.1105555555555
"Unrelated preparations",-26.0122222222222
"Unrelated preparations",-8.13388888888889
"Unrelated preparations",-7.49777777777777
"Unrelated preparations",-26.9772222222222
"Unrelated preparations",-22.3561111111111
"Unrelated preparations",-15.7822222222222
"Unrelated preparations",-5.12444444444442
"Unrelated preparations",-19.2022222222222
"Unrelated preparations",-0.134444444444441
"Unrelated preparations",-22.2583333333333
"Unrelated preparations",-25.655
"Unrelated preparations",-11.9655555555555
"Unrelated preparations",-4.55111111111113
"Unrelated preparations",-6.35333333333332
"Unrelated preparations",-23.9377777777778
"Unrelated preparations",-5.19277777777776
"Unrelated preparations",-12.4088888888889
"Unrelated preparations",-9.12777777777777
"Unrelated preparations",-41.905
"Unrelated preparations",-9.19166666666666
"Unrelated preparations",-20.985
"Unrelated preparations",-12.8
"Unrelated preparations",-9.85722222222222
"Unrelated preparations",-25.9066666666667
"Unrelated preparations",-12.9116666666667
"Unrelated preparations",-7.24333333333334
"Unrelated preparations",-11.6122222222222
"Unrelated preparations",-19.2216666666667
"Unrelated preparations",-17.2522222222222
"Unrelated preparations",-17.4177777777778
"Unrelated preparations",-23.7544444444445
"Unrelated preparations",-11.8994444444444
"Unrelated preparations",-16.5794444444445
"Unrelated preparations",-9.42888888888889
"Unrelated preparations",-5.20888888888886
"Unrelated preparations",-27.145
"Unrelated preparations",-24.1044444444445
"Unrelated preparations",-10.0805555555556
"Unrelated preparations",-3.51333333333335
"Unrelated preparations",-5.61444444444443
"Unrelated preparations",-15.1444444444445
"Unrelated preparations",-5.72222222222223
"Unrelated preparations",-21.9505555555556
"Unrelated preparations",-31.1866666666667
"Unrelated preparations",1.27277777777778
"Unrelated preparations",-3.27500000000001
"Unrelated preparations",-16.6661111111111
"Unrelated preparations",-35.7527777777778
"Unrelated preparations",1.37722222222223
"Unrelated preparations",-13.73
"Unrelated preparations",-29.1972222222222
"Unrelated preparations",-11.6861111111111
"Unrelated preparations",-20.4222222222222
"Unrelated preparations",-16.9327777777778
"Unrelated preparations",-8.69944444444445
"Unrelated preparations",-7.93666666666667
"Unrelated preparations",-28.6166666666667
"Unrelated preparations",-21.885
"Unrelated preparations",-31.5061111111111
"Unrelated preparations",-21.6561111111111
"Unrelated preparations",-17.4583333333334
"Unrelated preparations",-27.7622222222222
"Unrelated preparations",-12.4672222222222
"Unrelated preparations",-7.36333333333334
"Unrelated preparations",-13.9566666666667
"Unrelated preparations",-0.14222222222223
"Unrelated preparations",-26.0883333333333
"Unrelated preparations",-13.6683333333333
"Unrelated preparations",-6.01388888888889
"Unrelated preparations",-12.8011111111111
"Unrelated preparations",-0.680000000000021
"Unrelated preparations",-15.2622222222222
"Unrelated preparations",-19.5905555555556
"Unrelated preparations",-18.0822222222222
"Unrelated preparations",-9.82444444444442
"Unrelated preparations",9.84277777777777
"Unrelated preparations",-22.1044444444445
"Unrelated preparations",-10.1622222222222
"Unrelated preparations",-7.28555555555555
"Unrelated preparations",-9.16944444444444
"Unrelated preparations",7.99055555555557
"Unrelated preparations",-23.8344444444445
"Unrelated preparations",-8.66722222222222
"Unrelated preparations",-13.2594444444445
"Unrelated preparations",-13.9272222222222
"Unrelated preparations",-23.9338888888889
"Unrelated preparations",-4.99333333333334
"Unrelated preparations",-9.23055555555555
"Unrelated preparations",-11.0983333333333
"Unrelated preparations",-22.6294444444444
"Unrelated preparations",-18.6961111111111
"Unrelated preparations",-10.8511111111111
"Unrelated preparations",-20.2572222222222
"Unrelated preparations",-23.9772222222222
"Unrelated preparations",-10.7416666666666
"Unrelated preparations",-0.166111111111121
"Unrelated preparations",-29.6672222222222
"Unrelated preparations",-8.2788888888889
"Unrelated preparations",-16.9277777777778
"Unrelated preparations",1.26777777777778
"Unrelated preparations",-12.5233333333333
"Unrelated preparations",-2.49333333333334
"Unrelated preparations",-18.4111111111111
"Unrelated preparations",-12.7872222222222
"Unrelated preparations",-13.5155555555555
"Unrelated preparations",-33.5511111111111
"Unrelated preparations",-22.5616666666666
"Unrelated preparations",6.07277777777777
"Unrelated preparations",-25.1166666666667
"Unrelated preparations",-4.0138888888889
"Unrelated preparations",-18.6355555555555
"Unrelated preparations",-38.1155555555556
"Unrelated preparations",-11.9594444444444
"Unrelated preparations",-17.1916666666666
"Unrelated preparations",-10.1194444444445
"Unrelated preparations",-8.62277777777778
"Unrelated preparations",-22.1705555555556
"Unrelated preparations",-13.4744444444445
"Unrelated preparations",-0.332777777777764
"Unrelated preparations",0.426111111111098
"Unrelated preparations",-23.8838888888889
"Unrelated preparations",-13.5911111111111
"Unrelated preparations",0.63555555555557
"Unrelated preparations",-17.5983333333333
"Unrelated preparations",-13.9655555555556
"Unrelated preparations",-12.5138888888889
"Unrelated preparations",-23.1577777777778
"Unrelated preparations",-20.3972222222222
"Unrelated preparations",-28.54
"Unrelated preparations",-24.3183333333333
"Unrelated preparations",-9.91555555555556
"Unrelated preparations",-6.64277777777778
"Unrelated preparations",-37.9888888888889
"Unrelated preparations",-29.0244444444444
"Unrelated preparations",-11.3594444444444
"Unrelated preparations",-20.7588888888889
"Unrelated preparations",-12.8422222222222
"Unrelated preparations",-17.0766666666667
"Unrelated preparations",-30.7533333333333
"Unrelated preparations",-1.77666666666669
"Unrelated preparations",-29.3116666666667
"Unrelated preparations",-23.1138888888889
"Unrelated preparations",-1.01611111111112
"Unrelated preparations",-10.835
"Unrelated preparations",-13.6744444444444
"Unrelated preparations",-13.15
"Unrelated preparations",-14.6794444444445
"Unrelated preparations",-7.63055555555556
"Unrelated preparations",-8.96444444444445
"Unrelated preparations",-23.6455555555556
"Unrelated preparations",-20.4483333333333
"Unrelated preparations",-9.36833333333335
"Unrelated preparations",-16.9077777777778
"Unrelated preparations",-20.0855555555555
"Unrelated preparations",-26.5305555555556
"Unrelated preparations",-14.9605555555555
"Unrelated preparations",-7.285
"Unrelated preparations",-18.1661111111111
"Unrelated preparations",-16.2477777777778
"Unrelated preparations",-22.5716666666667
"Unrelated preparations",-27.9155555555556
"Unrelated preparations",-12.7944444444444
"Unrelated preparations",-9.84888888888888
"Unrelated preparations",-15.1494444444445
"Unrelated preparations",-22.6122222222222
"Unrelated preparations",-9.45055555555555
"Unrelated preparations",-23.8138888888889
"Unrelated preparations",-7.18833333333332
"Unrelated preparations",-7.91111111111113
"Unrelated preparations",-15.7444444444444
"Unrelated preparations",-3.96277777777779
"Unrelated preparations",-29.9088888888889
"Unrelated preparations",-16.6394444444445
"Unrelated preparations",-27.1744444444445
"Unrelated preparations",-24.855
"Unrelated preparations",-5.22166666666668
"Unrelated preparations",-19.2566666666667
"Unrelated preparations",-3.40888888888887
"Unrelated preparations",-35.5905555555556
"Unrelated preparations",0.597777777777779
"Unrelated preparations",-2.66555555555556
"Unrelated preparations",-7.71055555555557
"Unrelated preparations",-0.767777777777752
"Unrelated preparations",-14.9766666666667
"Unrelated preparations",-29.0038888888889
"Unrelated preparations",-10.5333333333333
"Unrelated preparations",-3.00722222222221
"Unrelated preparations",-9.85166666666667
"Unrelated preparations",-28.6694444444444
"Unrelated preparations",-34.05
"Unrelated preparations",-14.4688888888889
"Unrelated preparations",7.77166666666668
"Unrelated preparations",-12.5305555555556
"Unrelated preparations",-13.1305555555556
"Unrelated preparations",-7.81277777777777
"Unrelated preparations",-27.6533333333333
"Unrelated preparations",1.19111111111111
"Unrelated preparations",-8.87333333333333
"Unrelated preparations",-30.8183333333334
"Unrelated preparations",-24.0861111111111
"Unrelated preparations",-1.07500000000002
"Unrelated preparations",-25.0544444444445
"Unrelated preparations",-17.8594444444444
"Unrelated preparations",-22.7377777777778
"Unrelated preparations",-10.4083333333333
"Unrelated preparations",-8.18777777777778
"Unrelated preparations",-4.03111111111113
"Unrelated preparations",-9.4377777777778
"Unrelated preparations",-32.3738888888889
"Unrelated preparations",-11.8777777777778
"Unrelated preparations",0.100000000000009
"Unrelated preparations",-25.0816666666666
"Unrelated preparations",-30.0405555555556
"Unrelated preparations",-10.3844444444444
"Unrelated preparations",-19.4594444444444
"Unrelated preparations",-12.6461111111111
"Unrelated preparations",-9.99555555555557
"Unrelated preparations",-4.8
"Unrelated preparations",-23.54
"Unrelated preparations",-5.64888888888888
"Unrelated preparations",-4.33555555555557
"Unrelated preparations",-20.9872222222222
"Unrelated preparations",10.9361111111111
"Unrelated preparations",10.6216666666667
"Unrelated preparations",-24.3616666666667
"Unrelated preparations",-18.8244444444445
"Unrelated preparations",-25.8605555555556
"Unrelated preparations",-1.27888888888889
"Unrelated preparations",-21.3716666666667
"Unrelated preparations",-21.5422222222222
"Unrelated preparations",-13.8894444444444
"Unrelated preparations",-8.20944444444444
"Unrelated preparations",-16.5327777777778
"Unrelated preparations",-2.30333333333334
"Unrelated preparations",-12.4994444444444
"Unrelated preparations",-19.9994444444444
"Unrelated preparations",-13.4405555555555
"Unrelated preparations",-3.00444444444445
"Unrelated preparations",-3.63277777777779
"Unrelated preparations",5.01666666666667
"Unrelated preparations",-0.453333333333319
"Unrelated preparations",-23.6672222222222
"Unrelated preparations",-15.1083333333333
"Unrelated preparations",-36.2888888888889
"Unrelated preparations",-14.3961111111111
"Unrelated preparations",-19.795
"Unrelated preparations",-19.8122222222222
"Unrelated preparations",-15.5905555555556
"Unrelated preparations",-19.8972222222222
"Unrelated preparations",-17.0283333333333
"Unrelated preparations",-9.12611111111111
"Unrelated preparations",-8.10222222222222
"Unrelated preparations",-10.3827777777778
"Unrelated preparations",-14.4833333333333
"Unrelated preparations",-14.2605555555555
"Unrelated preparations",-23.355
"Unrelated preparations",-10.3177777777778
"Unrelated preparations",-3.73833333333337
"Unrelated preparations",-12.6583333333333
"Unrelated preparations",-16.0138888888889
"Unrelated preparations",-0.178333333333327
"Unrelated preparations",4.12055555555555
"Unrelated preparations",-24.6333333333334
"Unrelated preparations",-10.6394444444445
"Unrelated preparations",-20.8716666666667
"Unrelated preparations",-29.2705555555556
"Unrelated preparations",-26.4827777777778
"Unrelated preparations",-16.9105555555556
"Unrelated preparations",-14.4494444444444
"Unrelated preparations",-19.4077777777778
"Unrelated preparations",4.93055555555554
"Unrelated preparations",-5.09444444444445
"Unrelated preparations",-1.25388888888888
"Unrelated preparations",-17.7705555555556
"Unrelated preparations",-11.3961111111111
"Unrelated preparations",-5.30388888888889
"Unrelated preparations",-8.11222222222223
"Unrelated preparations",-12.7916666666667
"Unrelated preparations",-13.3066666666666
"Unrelated preparations",-8.89333333333333
"Unrelated preparations",-24.6016666666667
"Unrelated preparations",-20.2827777777778
"Unrelated preparations",-17.6311111111111
"Unrelated preparations",-2.63222222222223
"Unrelated preparations",-7.79611111111113
"Unrelated preparations",-40.4938888888889
"Unrelated preparations",-22.2261111111111
"Unrelated preparations",-9.91666666666667
"Unrelated preparations",-23.7105555555555
"Unrelated preparations",-21.1588888888889
"Unrelated preparations",-1.12888888888888
"Unrelated preparations",-25.1855555555555
"Unrelated preparations",-15.9155555555555
"Unrelated preparations",-17.0761111111111
"Unrelated preparations",-22.1155555555555
"Unrelated preparations",-7.70388888888891
"Unrelated preparations",-12.6833333333333
"Unrelated preparations",-16.0011111111111
"Unrelated preparations",-30.9066666666667
"Unrelated preparations",7.59222222222222
"Unrelated preparations",-22.51
"Unrelated preparations",-2.49222222222221
"Unrelated preparations",-16.4811111111111
"Unrelated preparations",-11.44
"Unrelated preparations",-19.2472222222222
"Unrelated preparations",-10.6911111111111
"Unrelated preparations",-22.4194444444445
"Unrelated preparations",-27.5516666666667
"Unrelated preparations",-11.8022222222222
"Unrelated preparations",-15.5061111111111
"Unrelated preparations",-19.5111111111111
"Unrelated preparations",-13.1305555555555
"Unrelated preparations",-18.7988888888889
"Unrelated preparations",-11.3355555555556
"Unrelated preparations",-12.8877777777778
"Unrelated preparations",1.92222222222222
"Unrelated preparations",-17.2511111111111
"Unrelated preparations",-10.67
"Unrelated preparations",-1.99166666666667
"Unrelated preparations",-14.8916666666667
"Unrelated preparations",-7.11611111111112
"Unrelated preparations",-6.08277777777778
"Unrelated preparations",-10.1155555555555
"Unrelated preparations",-11.9694444444444
"Unrelated preparations",-21.1055555555556
"Unrelated preparations",-1.77722222222221
"Unrelated preparations",-0.933888888888887
"Unrelated preparations",-11.915
"Unrelated preparations",-24.1827777777778
"Unrelated preparations",4.44166666666666
"Unrelated preparations",-7.84833333333331
"Unrelated preparations",-16.5661111111111
"Unrelated preparations",-20.4616666666667
"Unrelated preparations",-13.5305555555556
"Unrelated preparations",-26.4938888888889
"Unrelated preparations",-18.0005555555555
"Unrelated preparations",-30.9066666666667
"Unrelated preparations",-9.25666666666666
"Unrelated preparations",-10.6511111111111
"Unrelated preparations",-19.4127777777778
"Unrelated preparations",-22.9172222222222
"Unrelated preparations",-25.905
"Unrelated preparations",-13.3527777777778
"Unrelated preparations",3.21833333333332
"Unrelated preparations",-8.92666666666665
"Unrelated preparations",-14.0638888888889
"Unrelated preparations",4.45666666666668
"Unrelated preparations",-9.98888888888891
"Unrelated preparations",-18.2916666666667
"Unrelated preparations",-23.1483333333333
"Unrelated preparations",-17.6438888888889
"Unrelated preparations",-24.605
"Unrelated preparations",4.06999999999998
"Unrelated preparations",5.84777777777776
"Unrelated preparations",-15.9777777777778
"Unrelated preparations",-12.7627777777778
"Unrelated preparations",-6.94555555555557
"Unrelated preparations",-7.78111111111112
"Unrelated preparations",-16.0916666666667
"Unrelated preparations",-33.6855555555556
"Unrelated preparations",-10.8583333333333
"Unrelated preparations",5.43222222222221
"Unrelated preparations",-4.7561111111111
"Unrelated preparations",-23.8611111111111
"Unrelated preparations",-5.81277777777777
"Unrelated preparations",-26.8722222222222
"Unrelated preparations",-18.9727777777778
"Unrelated preparations",-13.4122222222222
"Unrelated preparations",-18.2761111111111
"Unrelated preparations",-19.0322222222222
"Unrelated preparations",-24.735
"Unrelated preparations",-10.9061111111111
"Unrelated preparations",-17.8805555555555
"Unrelated preparations",-26.5055555555556
"Unrelated preparations",-11.1372222222222
"Unrelated preparations",-9.99333333333334
"Unrelated preparations",-16.2527777777778
"Unrelated preparations",-27.6611111111111
"Unrelated preparations",-22.3805555555555
"Unrelated preparations",-9.39222222222223
"Unrelated preparations",-15.6511111111111
"Unrelated preparations",-8.62055555555554
"Unrelated preparations",-20.9627777777778
"Unrelated preparations",5.91444444444444
"Unrelated preparations",-33.9916666666667
"Unrelated preparations",-28.3172222222222
"Unrelated preparations",1.33999999999999
"Unrelated preparations",-17.4394444444445
"Unrelated preparations",-23.56
"Unrelated preparations",-21.0994444444444
"Unrelated preparations",-20.4261111111111
"Unrelated preparations",-33.0011111111111
"Unrelated preparations",-19.8955555555555
"Unrelated preparations",-13.4805555555556
"Unrelated preparations",-16.9711111111111
"Unrelated preparations",-13.5555555555556
"Unrelated preparations",-29.1388888888889
"Unrelated preparations",-26.62
"Unrelated preparations",-18.7955555555556
"Unrelated preparations",7.59222222222223
"Unrelated preparations",-4.49944444444446
"Unrelated preparations",-19.8111111111111
"Unrelated preparations",6.71277777777777
"Unrelated preparations",-28.1116666666667
"Unrelated preparations",-10.0822222222222
"Unrelated preparations",-23.8516666666667
"Unrelated preparations",-19.8044444444444
"Unrelated preparations",-12.0766666666667
"Unrelated preparations",-12.7927777777778
"Unrelated preparations",-15.3522222222222
"Unrelated preparations",-12.0216666666667
"Unrelated preparations",-9.63833333333334
"Unrelated preparations",-5.80055555555555
"Unrelated preparations",-20.6416666666667
"Unrelated preparations",-21.6333333333333
"Unrelated preparations",-28.7983333333333
"Unrelated preparations",0.310555555555567
"Unrelated preparations",-33.9672222222222
"Unrelated preparations",-8.91055555555555
"Unrelated preparations",-28.4577777777778
"Unrelated preparations",-12.8183333333333
"Unrelated preparations",-14.2311111111111
"Unrelated preparations",-27.0522222222222
"Unrelated preparations",-9.57277777777779
"Unrelated preparations",-28.225
"Unrelated preparations",-23.5088888888889
"Unrelated preparations",-19.0844444444444
"Unrelated preparations",7.70333333333333
"Unrelated preparations",2.86
"Unrelated preparations",-16.6677777777778
"Unrelated preparations",-30.3527777777778
"Unrelated preparations",-3.85444444444444
"Unrelated preparations",-4.02777777777779
"Unrelated preparations",3.35444444444447
"Unrelated preparations",-9.03944444444447
"Unrelated preparations",-16.9522222222222
"Unrelated preparations",-36.7844444444444
"Unrelated preparations",-10.2705555555555
"Unrelated preparations",-12.5338888888889
"Unrelated preparations",-24.4383333333333
"Unrelated preparations",-12.5283333333333
"Unrelated preparations",1.2438888888889
"Unrelated preparations",-10.9527777777778
"Unrelated preparations",-12.2216666666667
"Unrelated preparations",-8.21833333333335
"Unrelated preparations",-18.6527777777778
"Unrelated preparations",-12.0211111111111
"Unrelated preparations",-25.8977777777778
"Unrelated preparations",-25.9272222222222
"Unrelated preparations",-9.66000000000001
"Unrelated preparations",-1.9077777777778
"Unrelated preparations",-2.06333333333336
"Unrelated preparations",-12.6616666666666
"Unrelated preparations",-31.6122222222222
"Unrelated preparations",-22.1144444444444
"Unrelated preparations",-19.9544444444444
"Unrelated preparations",-18.3377777777778
"Unrelated preparations",-10.3972222222222
"Unrelated preparations",-13.0661111111111
"Unrelated preparations",2.02611111111111
"Unrelated preparations",-25.3661111111111
"Unrelated preparations",-21.5966666666667
"Unrelated preparations",1.07222222222221
"Unrelated preparations",-8.035
"Unrelated preparations",-22.6844444444445
"Unrelated preparations",-24.0294444444445
"Unrelated preparations",-12.3133333333334
"Unrelated preparations",-12.0922222222222
"Unrelated preparations",-11.2577777777778
"Unrelated preparations",-8.20722222222223
"Unrelated preparations",-41.1672222222222
"Unrelated preparations",-12.79
"Unrelated preparations",-25.6722222222222
"Unrelated preparations",-9.15555555555557
"Unrelated preparations",-9.37166666666667
"Unrelated preparations",-16.4088888888889
"Unrelated preparations",-9.78722222222223
"Unrelated preparations",7.28333333333335
"Unrelated preparations",-7.47222222222223
"Unrelated preparations",-21.7011111111111
"Unrelated preparations",-9.67055555555555
"Unrelated preparations",-16.1477777777778
"Unrelated preparations",-13.1027777777778
"Unrelated preparations",-21.1883333333333
"Unrelated preparations",-18.7338888888889
"Unrelated preparations",-8.81777777777776
"Unrelated preparations",-21.0733333333333
"Unrelated preparations",-12.4238888888889
"Unrelated preparations",-29.5372222222222
"Unrelated preparations",-23.745
"Unrelated preparations",-22.6405555555556
"Unrelated preparations",-31.6338888888889
"Unrelated preparations",5.3688888888889
"Unrelated preparations",-34.7811111111111
"Unrelated preparations",3.12055555555554
"Unrelated preparations",-18.1266666666667
"Unrelated preparations",-10.8455555555555
"Unrelated preparations",-9.11444444444444
"Unrelated preparations",-12.1705555555556
"Unrelated preparations",-22.0155555555555
"Unrelated preparations",-19.6772222222222
"Unrelated preparations",-14.4138888888889
"Unrelated preparations",-12.545
"Unrelated preparations",-18.9022222222222
"Unrelated preparations",-20.5111111111111
"Unrelated preparations",-8.89833333333333
"Unrelated preparations",-17.1194444444445
"Unrelated preparations",-22.9383333333333
"Unrelated preparations",-22.2088888888889
"Unrelated preparations",-7.72944444444444
"Unrelated preparations",-21.93
"Unrelated preparations",-4.23555555555558
"Unrelated preparations",-31.29
"Unrelated preparations",-9.53833333333334
"Unrelated preparations",-21.9288888888889
"Unrelated preparations",-7.64277777777777
"Unrelated preparations",-12.7138888888889
"Unrelated preparations",-15.8127777777778
"Unrelated preparations",-36.0127777777778
"Unrelated preparations",-23.18
"Unrelated preparations",-7.72333333333333
"Unrelated preparations",6.6911111111111
"Unrelated preparations",-18.2744444444445
"Unrelated preparations",5.38166666666669
"Unrelated preparations",5.03166666666665
"Unrelated preparations",-16.9377777777778
"Unrelated preparations",-24.2505555555556
"Unrelated preparations",-24.5394444444444
"Unrelated preparations",-18.9544444444444
"Unrelated preparations",-12.8583333333333
"Unrelated preparations",6.38444444444445
"Unrelated preparations",-18.2622222222222
"Unrelated preparations",-10.695
"Unrelated preparations",-24.9833333333333
"Unrelated preparations",-5.5511111111111
"Unrelated preparations",-33.4916666666666
"Unrelated preparations",-7.85833333333333
"Unrelated preparations",-25.2394444444445
"Unrelated preparations",8.79055555555556
"Unrelated preparations",-12.8033333333333
"Unrelated preparations",-27.0994444444444
"Unrelated preparations",1.06055555555555
"Unrelated preparations",-1.61833333333334
"Unrelated preparations",-9.38833333333334
"Unrelated preparations",-16.6044444444445
"Unrelated preparations",-8.57055555555556
"Unrelated preparations",-25.3033333333333
"Unrelated preparations",-20.3388888888889
"Unrelated preparations",-0.264999999999986
"Unrelated preparations",-14.0977777777778
"Unrelated preparations",-28.1477777777778
"Unrelated preparations",-17.9905555555556
"Unrelated preparations",-6.06222222222225
"Unrelated preparations",-15.8194444444445
"Unrelated preparations",2.77333333333334
"Unrelated preparations",-17.51
"Unrelated preparations",-27.9011111111111
"Unrelated preparations",-16.3961111111111
"Unrelated preparations",-25.6311111111111
"Unrelated preparations",-6.68277777777776
"Unrelated preparations",-10.7111111111111
"Unrelated preparations",-24.0777777777778
"Unrelated preparations",-18.8716666666667
"Unrelated preparations",-23.79
"Unrelated preparations",-2.52111111111111
"Unrelated preparations",-31.1833333333333
"Unrelated preparations",-23.8588888888889
"Unrelated preparations",-19.9755555555556
"Unrelated preparations",-10.3122222222222
"Unrelated preparations",-4.03444444444446
"Unrelated preparations",-28.4033333333333
"Unrelated preparations",-15.0938888888889
"Unrelated preparations",0.201666666666654
"Unrelated preparations",-4.21944444444446
"Unrelated preparations",-19.1055555555556
"Unrelated preparations",2.10111111111111
"Unrelated preparations",-27.1805555555556
"Unrelated preparations",-4.46555555555555
"Unrelated preparations",-20.3488888888889
"Unrelated preparations",-11.9811111111111
"Unrelated preparations",-1.54499999999997
"Unrelated preparations",-20.2972222222222
"Unrelated preparations",-25.3233333333333
"Unrelated preparations",-4.96222222222224
"Unrelated preparations",-12.7155555555555
"Unrelated preparations",-7.71222222222222
"Unrelated preparations",-13.2133333333333
"Unrelated preparations",-35.4155555555556
"Unrelated preparations",3.31944444444443
"Unrelated preparations",-8.90166666666667
"Unrelated preparations",-11.5288888888889
"Unrelated preparations",-10.035
"Unrelated preparations",-2.99944444444445
"Unrelated preparations",-12.2177777777778
"Unrelated preparations",-7.03888888888888
"Unrelated preparations",-4.76555555555557
"Unrelated preparations",-16.9405555555556
"Unrelated preparations",-32.1927777777778
"Unrelated preparations",-19.7233333333333
"Unrelated preparations",-13.7911111111111
"Unrelated preparations",-28.33
"Unrelated preparations",2.22222222222223
"Unrelated preparations",-13.9516666666667
"Unrelated preparations",-3.77611111111109
"Unrelated preparations",-22.9916666666667
"Unrelated preparations",-8.27222222222221
"Unrelated preparations",10.3188888888889
"Unrelated preparations",6.29166666666666
"Unrelated preparations",-18.6683333333333
"Unrelated preparations",-8.90555555555555
"Unrelated preparations",-9.74
"Unrelated preparations",-16.5683333333333
"Unrelated preparations",-22.3155555555556
"Unrelated preparations",-1.52888888888887
"Unrelated preparations",-14.6616666666667
"Unrelated preparations",-18.5027777777778
"Unrelated preparations",-31.88
"Unrelated preparations",-3.44666666666666
"Unrelated preparations",-6.61444444444446
"Unrelated preparations",-28.4633333333333
"Unrelated preparations",-22.6305555555556
"Unrelated preparations",-10.3938888888889
"Unrelated preparations",-27.4172222222223
"Unrelated preparations",-6.42833333333334
"Unrelated preparations",-33.9427777777777
"Unrelated preparations",-12.5105555555556
"Unrelated preparations",-5.53222222222223
"Unrelated preparations",10.7983333333333
"Unrelated preparations",-8.06
"Unrelated preparations",-13.0027777777778
"Unrelated preparations",-10.9688888888889
"Unrelated preparations",-2.10833333333335
"Unrelated preparations",-23.6022222222222
"Unrelated preparations",-3.3788888888889
"Unrelated preparations",-22.4455555555555
"Unrelated preparations",-14.5872222222222
"Unrelated preparations",-18.8016666666667
"Unrelated preparations",-8.55888888888889
"Unrelated preparations",-10.75
"Unrelated preparations",-13.8127777777778
"Unrelated preparations",-8.79611111111109
"Unrelated preparations",-8.64666666666666
"Unrelated preparations",10.0577777777778
"Unrelated preparations",-25.1933333333333
"Unrelated preparations",-23.075
"Unrelated preparations",-8.17722222222221
"Unrelated preparations",-15.4155555555556
"Unrelated preparations",-39.5572222222222
"Unrelated preparations",-10.19
"Unrelated preparations",-38.47
"Unrelated preparations",-31.2822222222222
"Unrelated preparations",-9.86722222222222
"Unrelated preparations",-6.98166666666667
"Unrelated preparations",-36.7261111111111
"Unrelated preparations",-12.975
"Unrelated preparations",-10.9622222222222
"Unrelated preparations",-5.74277777777776
"Unrelated preparations",-35.7088888888889
"Unrelated preparations",-7.50277777777781
"Unrelated preparations",-25.2144444444445
"Unrelated preparations",-19.7044444444444
"Unrelated preparations",2.20055555555554
"Unrelated preparations",2.12944444444445
"Unrelated preparations",-14.1027777777778
"Unrelated preparations",-25.0411111111111
"Unrelated preparations",4.99777777777778
"Unrelated preparations",-16.0605555555555
"Unrelated preparations",-4.76833333333333
"Unrelated preparations",-43.785
"Unrelated preparations",-1.98222222222223
"Unrelated preparations",-32.0122222222222
"Unrelated preparations",-5.59722222222221
"Unrelated preparations",-13.1161111111111
"Unrelated preparations",-15.8611111111111
"Unrelated preparations",-19.9216666666667
"Unrelated preparations",-17.9922222222222
"Unrelated preparations",-20.6516666666667
"Unrelated preparations",-1.10333333333335
"Unrelated preparations",-11.2683333333333
"Unrelated preparations",-19.9572222222222
"Unrelated preparations",-5.76944444444445
"Unrelated preparations",-7.61555555555555
"Unrelated preparations",-10.8811111111111
"Unrelated preparations",6.22944444444445
"Unrelated preparations",-17.74
"Unrelated preparations",-14.6833333333333
"Unrelated preparations",-2.79944444444443
"Unrelated preparations",-20.1761111111111
"Unrelated preparations",-4.16666666666669
"Unrelated preparations",-23.6005555555556
"Unrelated preparations",-3.6238888888889
"Unrelated preparations",-17.5711111111111
"Unrelated preparations",-9.80666666666667
"Unrelated preparations",-16.3888888888889
"Unrelated preparations",-12.3116666666667
"Unrelated preparations",-2.24055555555555
"Unrelated preparations",-10.6133333333333
"Unrelated preparations",5.88833333333334
"Unrelated preparations",-3.32111111111109
"Unrelated preparations",-14.8827777777778
"Unrelated preparations",-31.315
"Unrelated preparations",-16.3888888888889
"Unrelated preparations",-6.94888888888887
"Unrelated preparations",-26.6344444444444
"Unrelated preparations",-21.0144444444445
"Unrelated preparations",-13.1516666666667
"Unrelated preparations",-8.47388888888889
"Unrelated preparations",-19.7822222222222
"Unrelated preparations",-27.3
"Unrelated preparations",-16.4494444444445
"Unrelated preparations",-16.6138888888889
"Unrelated preparations",-26.5844444444444
"Unrelated preparations",-1.17999999999999
"Unrelated preparations",-27.9777777777778
"Unrelated preparations",-4.45999999999998
"Unrelated preparations",-12.1861111111111
"Unrelated preparations",-0.484444444444435
"Unrelated preparations",-14.1616666666667
"Unrelated preparations",-15.7583333333333
"Unrelated preparations",-15.8566666666666
"Unrelated preparations",-7.47666666666667
"Unrelated preparations",-5.4038888888889
"Unrelated preparations",-2.38277777777779
"Unrelated preparations",-8.00222222222222
"Unrelated preparations",-10.5483333333333
"Unrelated preparations",-15.5744444444445
"Unrelated preparations",-17.8705555555556
"Unrelated preparations",-14.9616666666667
"Unrelated preparations",-14.865
"Unrelated preparations",-19.3761111111111
"Unrelated preparations",-39.7072222222222
"Unrelated preparations",0.910555555555547
"Unrelated preparations",-10.2216666666667
"Unrelated preparations",-14.3338888888889
"Unrelated preparations",-28.3738888888889
"Unrelated preparations",-21.3783333333333
"Unrelated preparations",-8.03833333333336
"Unrelated preparations",8.59611111111111
"Unrelated preparations",-19.6038888888889
"Unrelated preparations",-16.125
"Unrelated preparations",-12.0116666666667
"Unrelated preparations",-41.2183333333333
"Unrelated preparations",-12.7511111111111
"Unrelated preparations",-6.52611111111111
"Unrelated preparations",-27.5583333333333
"Unrelated preparations",-7.11055555555555
"Unrelated preparations",-20.3916666666667
"Unrelated preparations",-9.95777777777778
"Unrelated preparations",-21.9072222222222
"Unrelated preparations",-21.835
"Unrelated preparations",-30.1283333333333
"Unrelated preparations",-2.91555555555554
"Unrelated preparations",-22.8644444444444
"Unrelated preparations",-4.90777777777775
"Unrelated preparations",-4.58277777777778
"Unrelated preparations",-2.19111111111113
"Unrelated preparations",15.8794444444444
"Unrelated preparations",-21.3733333333334
"Unrelated preparations",-3.91333333333333
"Unrelated preparations",-2.08277777777778
"Unrelated preparations",-6.90222222222219
"Unrelated preparations",-22.0522222222222
"Unrelated preparations",-17.4316666666667
"Unrelated preparations",-10.3727777777778
"Unrelated preparations",-24.7938888888889
"Unrelated preparations",-37.2577777777778
"Unrelated preparations",-22.4577777777778
"Unrelated preparations",-12.8333333333333
"Unrelated preparations",-34.8011111111111
"Unrelated preparations",-28.7172222222222
"Unrelated preparations",-15.4927777777778
"Unrelated preparations",-8.43888888888891
"Unrelated preparations",-19.2455555555555
"Unrelated preparations",-13.8233333333333
"Unrelated preparations",-15.4344444444445
"Unrelated preparations",0.77722222222225
"Unrelated preparations",-30.1238888888889
"Unrelated preparations",-18.3672222222222
"Unrelated preparations",-24.3288888888889
"Unrelated preparations",-10.2644444444444
"Unrelated preparations",-30.605
"Unrelated preparations",-12.6177777777778
"Unrelated preparations",-9.26888888888888
"Unrelated preparations",-18.2688888888889
"Unrelated preparations",3.47277777777779
"Unrelated preparations",-5.06333333333332
"Unrelated preparations",-0.0427777777777578
"Unrelated preparations",-10.7994444444445
"Unrelated preparations",-3.82277777777779
"Unrelated preparations",-29.0055555555556
"Unrelated preparations",3.00499999999998
"Unrelated preparations",-22.8311111111111
"Unrelated preparations",-14.6583333333333
"Unrelated preparations",-16.5888888888889
"Unrelated preparations",-5.63833333333332
"Unrelated preparations",-3.08944444444444
"Unrelated preparations",-12.2894444444445
"Unrelated preparations",-11.2005555555556
"Unrelated preparations",-6.17666666666666
"Unrelated preparations",-21.3822222222222
"Unrelated preparations",-11.8694444444445
"Unrelated preparations",-14.9566666666666
"Unrelated preparations",-10.9861111111111
"Unrelated preparations",0.331111111111099
"Unrelated preparations",-17.9694444444444
"Unrelated preparations",-6.11666666666667
"Unrelated preparations",7.64666666666668
"Unrelated preparations",-22.4938888888889
"Unrelated preparations",-9.0311111111111
"Unrelated preparations",-18.5016666666667
"Unrelated preparations",-16.9155555555556
"Unrelated preparations",-9.93222222222219
"Unrelated preparations",-5.66166666666666
"Unrelated preparations",4.39888888888889
"Unrelated preparations",-11.1072222222222
"Unrelated preparations",-27.3272222222222
"Unrelated preparations",-25.3505555555556
"Unrelated preparations",-18.4777777777778
"Unrelated preparations",-22.0483333333333
"Unrelated preparations",-1.76833333333335
"Unrelated preparations",-27.9505555555556
"Unrelated preparations",-14.7594444444445
"Unrelated preparations",-20.4694444444445
"Unrelated preparations",-21.6094444444444
"Unrelated preparations",-3.52388888888888
"Unrelated preparations",-22.4072222222222
"Unrelated preparations",-15.6194444444444
"Unrelated preparations",-19.96
"Unrelated preparations",-18.3194444444445
"Unrelated preparations",-14.3327777777778
"Unrelated preparations",-8.32833333333336
"Unrelated preparations",-4.87722222222222
"Unrelated preparations",-17.3316666666667
"Unrelated preparations",-12.9116666666667
"Unrelated preparations",10.5477777777778
"Unrelated preparations",-25.4755555555556
"Unrelated preparations",-16.6372222222222
"Unrelated preparations",0.388333333333335
"Unrelated preparations",-9.22777777777779
"Unrelated preparations",-4.76333333333332
"Unrelated preparations",-26.1266666666667
"Unrelated preparations",-25.74
"Unrelated preparations",-13.7777777777778
"Unrelated preparations",-19.9905555555556
"Unrelated preparations",-20.7116666666667
"Unrelated preparations",-18.4761111111111
"Unrelated preparations",-15.4788888888889
"Unrelated preparations",7.12111111111112
"Unrelated preparations",-11.6311111111111
"Unrelated preparations",-17.2272222222222
"Unrelated preparations",-27.28
"Unrelated preparations",-4.29611111111112
"Unrelated preparations",-4.74111111111111
"Unrelated preparations",-30.6561111111111
"Unrelated preparations",-10.9577777777778
"Unrelated preparations",-21.7933333333333
"Unrelated preparations",-6.39611111111111
"Unrelated preparations",-4.05722222222221
"Unrelated preparations",-33.8411111111111
"Unrelated preparations",-22.0438888888889
"Unrelated preparations",-27.0994444444445
"Unrelated preparations",-14.2777777777778
"Unrelated preparations",-8.12166666666667
"Unrelated preparations",-28.5388888888889
"Unrelated preparations",-10.9977777777778
"Unrelated preparations",-24.825
"Unrelated preparations",-18.7716666666667
"Unrelated preparations",-8.84611111111114
"Unrelated preparations",-22.9611111111111
"Unrelated preparations",-15.4644444444444
"Unrelated preparations",-22.5216666666667
"Unrelated preparations",-3.92999999999999
"Unrelated preparations",-12.5827777777778
"Unrelated preparations",-15.7311111111111
"Unrelated preparations",-6.74388888888889
"Unrelated preparations",-8.62722222222222
"Unrelated preparations",-15.5555555555555
"Unrelated preparations",-10.7711111111111
"Unrelated preparations",-10.2033333333333
"Unrelated preparations",-11.5733333333333
"Unrelated preparations",5.15111111111111
"Unrelated preparations",-17.8094444444445
"Unrelated preparations",-23.2933333333333
"Unrelated preparations",-11.9683333333333
"Unrelated preparations",-25.2083333333333
"Unrelated preparations",-11.9994444444444
"Unrelated preparations",-23.67
"Unrelated preparations",-6.41722222222222
"Unrelated preparations",-10.0966666666667
"Unrelated preparations",-1.23722222222224
"Unrelated preparations",-4.84333333333333
"Unrelated preparations",5.91388888888889
"Unrelated preparations",-25.5394444444445
"Unrelated preparations",-17.7244444444445
"Unrelated preparations",4.41555555555556
"Unrelated preparations",-23.96
"Unrelated preparations",-5.83444444444444
"Unrelated preparations",-15.5366666666667
"Unrelated preparations",-18.9205555555556
"Unrelated preparations",-4.9861111111111
"Unrelated preparations",-15.9655555555556
"Unrelated preparations",4.10666666666665
"Unrelated preparations",-9.85777777777773
"Unrelated preparations",-11.7994444444444
"Unrelated preparations",-17.8505555555556
"Unrelated preparations",-22.1244444444444
"Unrelated preparations",-7.98277777777777
"Unrelated preparations",-24.3505555555556
"Unrelated preparations",-24.0583333333333
"Unrelated preparations",-27.4366666666667
"Unrelated preparations",-7.60388888888889
"Unrelated preparations",-9.59666666666665
"Unrelated preparations",2.47333333333333
"Unrelated preparations",-5.44611111111111
"Unrelated preparations",-40.4872222222222
"Unrelated preparations",-11.5322222222222
"Unrelated preparations",-18.2277777777778
"Unrelated preparations",-13.135
"Unrelated preparations",-5.16055555555553
"Unrelated preparations",-14.3977777777778
"Unrelated preparations",-18.1966666666667
"Unrelated preparations",-19.0805555555555
"Unrelated preparations",-8.73444444444443
"Unrelated preparations",-12.6961111111111
"Unrelated preparations",22.6894444444445
"Unrelated preparations",-23.8322222222222
"Unrelated preparations",-22.3122222222222
"Unrelated preparations",-5.50722222222223
"Unrelated preparations",-12.7983333333333
"Unrelated preparations",-19.4633333333333
"Unrelated preparations",-18.0322222222222
"Unrelated preparations",-11.9988888888889
"Unrelated preparations",-5.09666666666666
"Unrelated preparations",-14.64
"Unrelated preparations",-20.4005555555556
"Unrelated preparations",-3.97444444444443
"Unrelated preparations",6.44277777777779
"Unrelated preparations",-23.9861111111111
"Unrelated preparations",-15.0011111111111
"Unrelated preparations",-35.0322222222222
"Unrelated preparations",-29.3772222222222
"Unrelated preparations",-5.45722222222221
"Unrelated preparations",-8.96277777777779
"Unrelated preparations",-5.59833333333331
"Unrelated preparations",-25.1161111111111
"Unrelated preparations",13.3777777777778
"Unrelated preparations",-7.27722222222224
"Unrelated preparations",-15.53
"Unrelated preparations",-5.74833333333338
"Unrelated preparations",-25.0633333333333
"Unrelated preparations",-20.8588888888889
"Unrelated preparations",-14.62
"Unrelated preparations",-8.55888888888887
"Unrelated preparations",-20.1511111111111
"Unrelated preparations",-19.9288888888889
"Unrelated preparations",17.9872222222222
"Unrelated preparations",-23.5994444444444
"Unrelated preparations",-11.4888888888889
"Unrelated preparations",-7.74944444444445
"Unrelated preparations",-2.77777777777777
"Unrelated preparations",-17.6511111111111
"Unrelated preparations",-10.5272222222222
"Unrelated preparations",-25.1405555555556
"Unrelated preparations",-26.3
"Unrelated preparations",-16.5772222222222
"Unrelated preparations",-18.7622222222222
"Unrelated preparations",-9.05333333333331
"Unrelated preparations",-30.5344444444444
"Unrelated preparations",-28.8055555555556
"Unrelated preparations",-8.45666666666666
"Unrelated preparations",-21.7122222222222
"Unrelated preparations",-21.4783333333333
"Unrelated preparations",-24.7572222222222
"Unrelated preparations",-7.51222222222222
"Unrelated preparations",-3.63222222222223
"Unrelated preparations",0.187777777777768
"Unrelated preparations",-21.3488888888889
"Unrelated preparations",-10.1716666666667
"Unrelated preparations",-9.31555555555558
"Unrelated preparations",-14.2222222222222
"Unrelated preparations",-24.7877777777778
"Unrelated preparations",-6.12277777777776
"Unrelated preparations",-6.75722222222221
"Unrelated preparations",-14.5822222222222
"Unrelated preparations",3.64777777777778
"Unrelated preparations",-10.9016666666667
"Unrelated preparations",-20.5111111111111
"Unrelated preparations",-14.7288888888889
"Unrelated preparations",-6.69777777777779
"Unrelated preparations",-17.1161111111111
"Unrelated preparations",-17.6861111111111
"Unrelated preparations",-10.2483333333334
"Unrelated preparations",-2.99777777777777
"Unrelated preparations",-13.7488888888889
"Unrelated preparations",-16.2144444444445
"Unrelated preparations",-19.9755555555556
"Unrelated preparations",-2.20333333333335
"Unrelated preparations",0.63611111111112
"Unrelated preparations",3.71722222222223
"Unrelated preparations",-29.5238888888889
"Unrelated preparations",-5.23000000000002
"Unrelated preparations",-0.191666666666663
"Unrelated preparations",-8.04055555555556
"Unrelated preparations",-13.8361111111111
"Unrelated preparations",-31.4783333333334
"Unrelated preparations",-8.86444444444443
"Unrelated preparations",-13.5327777777778
"Unrelated preparations",-10.8066666666667
"Unrelated preparations",-17.875
"Unrelated preparations",-5.83388888888891
"Unrelated preparations",-7.04166666666664
"Unrelated preparations",-24.6438888888889
"Unrelated preparations",-0.515000000000015
"Unrelated preparations",-26.3761111111111
"Unrelated preparations",-17.9016666666666
"Unrelated preparations",0.0616666666666674
"Unrelated preparations",-12.2077777777778
"Unrelated preparations",-22.6255555555556
"Unrelated preparations",-13.3833333333334
"Unrelated preparations",-16.0094444444444
"Unrelated preparations",-3.97444444444447
"Unrelated preparations",-14.3361111111111
"Unrelated preparations",-2.28944444444441
"Unrelated preparations",-24.5922222222222
"Unrelated preparations",-15.5133333333333
"Unrelated preparations",-30.4644444444445
"Unrelated preparations",-1.02611111111113
"Unrelated preparations",-14.2794444444444
"Unrelated preparations",-11.4783333333333
"Unrelated preparations",-27.8083333333333
"Unrelated preparations",-11.9733333333333
"Unrelated preparations",-22.9372222222222
"Unrelated preparations",-15.8816666666667
"Unrelated preparations",-7.04444444444444
"Unrelated preparations",-0.488888888888894
"Unrelated preparations",-20.3594444444444
"Unrelated preparations",-19.5383333333333
"Unrelated preparations",-11.7677777777778
"Unrelated preparations",-22.8055555555556
"Unrelated preparations",-29.9655555555555
"Unrelated preparations",-29.8233333333333
"Unrelated preparations",-18.4666666666667
"Unrelated preparations",-3.95500000000001
"Unrelated preparations",-19.6716666666667
"Unrelated preparations",-22.8344444444444
"Unrelated preparations",-9.40388888888889
"Unrelated preparations",-29.6438888888889
"Unrelated preparations",-18.7805555555555
"Unrelated preparations",-13.5516666666667
"Unrelated preparations",-11.1172222222222
"Unrelated preparations",-22.5422222222222
"Unrelated preparations",-3.52499999999999
"Unrelated preparations",-2.08444444444446
"Unrelated preparations",1.16722222222222
"Unrelated preparations",-12.0455555555556
"Unrelated preparations",-29.4833333333333
"Unrelated preparations",-5.99888888888889
"Unrelated preparations",-7.83666666666669
"Unrelated preparations",-22.2788888888889
"Unrelated preparations",-13.4455555555556
"Unrelated preparations",-17.4677777777778
"Unrelated preparations",-23.7444444444444
"Unrelated preparations",-15.6666666666666
"Unrelated preparations",-18.5538888888889
"Unrelated preparations",-27.0688888888889
"Unrelated preparations",-13.5738888888889
"Unrelated preparations",-6.27500000000001
"Unrelated preparations",-18.6761111111111
"Unrelated preparations",-24.0577777777778
"Unrelated preparations",-31.1605555555556
"Unrelated preparations",-12.2927777777778
"Unrelated preparations",-9.26888888888891
"Unrelated preparations",-16.0894444444444
"Unrelated preparations",-19.9755555555556
"Unrelated preparations",-13.1138888888889
"Unrelated preparations",-20.6188888888889
"Unrelated preparations",-3.77444444444447
"Unrelated preparations",-22.5822222222222
"Unrelated preparations",-13.8277777777778
"Unrelated preparations",-24.7666666666667
"Unrelated preparations",-16.7927777777778
"Unrelated preparations",-12.4294444444444
"Unrelated preparations",-32.1288888888889
"Unrelated preparations",-7.7677777777778
"Unrelated preparations",-30.9816666666667
"Unrelated preparations",-23.9505555555556
"Unrelated preparations",-11.9166666666667
"Unrelated preparations",-3.2261111111111
"Unrelated preparations",8.5
"Unrelated preparations",-9.32666666666667
"Unrelated preparations",-18.7494444444444
"Unrelated preparations",-17.7605555555556
"Unrelated preparations",-16.9055555555556
"Unrelated preparations",-15.9111111111111
"Unrelated preparations",-12.0711111111111
"Unrelated preparations",-20.3472222222222
"Unrelated preparations",-9.15388888888889
"Unrelated preparations",-12.705
"Unrelated preparations",-8.63777777777779
"Unrelated preparations",-5.38000000000001
"Unrelated preparations",-12.6916666666667
"Unrelated preparations",-11.4733333333333
"Unrelated preparations",-6.34000000000002
"Unrelated preparations",-4.07277777777779
"Unrelated preparations",-16.9883333333333
"Unrelated preparations",-20.7005555555556
"Unrelated preparations",-11.8122222222222
"Unrelated preparations",-8.46944444444446
"Unrelated preparations",-6.04166666666666
"Unrelated preparations",-3.27500000000001
"Unrelated preparations",-9.98611111111109
"Unrelated preparations",-12.1744444444444
"Unrelated preparations",-4.16833333333335
"Unrelated preparations",-19.5027777777778
"Unrelated preparations",-1.89166666666667
"Unrelated preparations",-12.1088888888889
"Unrelated preparations",-16.6172222222222
"Unrelated preparations",-18.8961111111111
"Unrelated preparations",-19.8727777777778
"Unrelated preparations",1.05111111111111
"Unrelated preparations",-22.1633333333333
"Unrelated preparations",-17.7666666666667
"Unrelated preparations",-1.23944444444444
"Unrelated preparations",-14.9627777777778
"Unrelated preparations",-6.37222222222222
"Unrelated preparations",-18.2966666666667
"Unrelated preparations",-24.6183333333333
"Unrelated preparations",-1.44833333333334
"Unrelated preparations",-2.68055555555556
"Unrelated preparations",-6.37611111111111
"Unrelated preparations",-0.221111111111114
"Unrelated preparations",-25.1683333333333
"Unrelated preparations",-6.58500000000001
"Unrelated preparations",-24.7277777777778
"Unrelated preparations",-4.81666666666668
"Unrelated preparations",-18.0544444444444
"Unrelated preparations",-6.08722222222221
"Unrelated preparations",-17.0133333333333
"Unrelated preparations",-17.2705555555555
"Unrelated preparations",-15.9988888888889
"Unrelated preparations",-31.6227777777778
"Unrelated preparations",-6.79166666666667
"Unrelated preparations",-13.6783333333333
"Unrelated preparations",-17.2022222222222
"Unrelated preparations",-10.1316666666667
"Unrelated preparations",-16.4266666666667
"Unrelated preparations",-13.7994444444444
"Unrelated preparations",-14.9666666666667
"Unrelated preparations",-21.0172222222222
"Unrelated preparations",-4.47388888888889
"Unrelated preparations",-17.2794444444445
"Unrelated preparations",-0.280555555555537
"Unrelated preparations",-2.45555555555553
"Unrelated preparations",-26.0466666666667
"Unrelated preparations",-16.0838888888889
"Unrelated preparations",4.6327777777778
"Unrelated preparations",-11.3172222222222
"Unrelated preparations",-8.80166666666665
"Unrelated preparations",-21.9866666666667
"Unrelated preparations",-23.49
"Unrelated preparations",-10.1155555555556
"Unrelated preparations",-13.4994444444444
"Unrelated preparations",-6.41277777777776
"Unrelated preparations",-15.1855555555556
"Unrelated preparations",-24.6016666666667
"Unrelated preparations",-32.1016666666667
"Unrelated preparations",-10.9166666666667
"Unrelated preparations",-7.145
"Unrelated preparations",-20.6538888888889
"Unrelated preparations",-25.3094444444445
"Unrelated preparations",-8.93666666666667
"Unrelated preparations",-39.6683333333333
"Unrelated preparations",-15.3416666666667
"Unrelated preparations",-16.7244444444445
"Unrelated preparations",-23.0566666666667
"Unrelated preparations",-3.69444444444446
"Unrelated preparations",-19.0022222222222
"Unrelated preparations",-12.5805555555556
"Unrelated preparations",-11.3644444444445
"Unrelated preparations",-33.2944444444445
"Unrelated preparations",-12.7605555555556
"Unrelated preparations",-19.3538888888889
"Unrelated preparations",-7.755
"Unrelated preparations",-23.4633333333333
"Unrelated preparations",-23.2927777777778
"Unrelated preparations",-16.9383333333333
"Unrelated preparations",-14.5366666666667
"Unrelated preparations",-28.6066666666667
"Unrelated preparations",-24.4594444444445
"Unrelated preparations",-14.9861111111111
"Unrelated preparations",-13.4283333333333
"Unrelated preparations",-21.2183333333333
"Unrelated preparations",-15.4294444444445
"Unrelated preparations",3.48333333333333
"Unrelated preparations",-9.93666666666668
"Unrelated preparations",-10.095
"Unrelated preparations",-4.60000000000001
"Unrelated preparations",-21.3772222222222
"Unrelated preparations",-3.62500000000003
"Unrelated preparations",-2.83611111111111
"Unrelated preparations",-17.6738888888889
"Unrelated preparations",-11.8333333333334
"Unrelated preparations",-18.2677777777778
"Unrelated preparations",2.38166666666669
"Unrelated preparations",-33.0444444444445
"Unrelated preparations",-16.5988888888889
"Unrelated preparations",-17.1655555555556
"Unrelated preparations",-12.6905555555556
"Unrelated preparations",0.778888888888872
"Unrelated preparations",-21.3188888888889
"Unrelated preparations",-7.06388888888888
"Unrelated preparations",-21.7822222222222
"Unrelated preparations",-12.6188888888889
"Unrelated preparations",-13.45
"Unrelated preparations",-20.0166666666667
"Unrelated preparations",-31.6661111111111
"Unrelated preparations",-17.38
"Unrelated preparations",-5.60166666666667
"Unrelated preparations",-4.7038888888889
"Unrelated preparations",-11.9755555555556
"Unrelated preparations",-15.4255555555555
"Unrelated preparations",-7.24722222222222
"Unrelated preparations",-27.8005555555556
"Unrelated preparations",-7.985
"Unrelated preparations",-17.095
"Unrelated preparations",4.10333333333334
"Unrelated preparations",-5.34833333333333
"Unrelated preparations",-9.38999999999999
"Unrelated preparations",9.08833333333335
"Unrelated preparations",-23.0572222222222
"Unrelated preparations",-9.60055555555556
"Unrelated preparations",-14.3744444444444
"Unrelated preparations",0.917222222222236
"Unrelated preparations",-21.0583333333333
"Unrelated preparations",2.05944444444444
"Unrelated preparations",-6.82833333333332
"Unrelated preparations",-19.7822222222222
"Unrelated preparations",-24.18
"Unrelated preparations",-24.2788888888889
"Unrelated preparations",-24.9177777777778
"Unrelated preparations",-22.7927777777778
"Unrelated preparations",-9.96555555555557
"Unrelated preparations",-21.8011111111111
"Unrelated preparations",-23.5755555555556
"Unrelated preparations",-11.9872222222222
"Unrelated preparations",-13.5388888888889
"Unrelated preparations",-14.33
"Unrelated preparations",-15.8538888888889
"Unrelated preparations",-26.0133333333333
"Unrelated preparations",-5.27722222222222
"Unrelated preparations",-33.6772222222222
"Unrelated preparations",-17.21
"Unrelated preparations",-5.11833333333334
"Unrelated preparations",-15.9716666666667
"Unrelated preparations",-22.9144444444444
"Unrelated preparations",-21.7422222222222
"Unrelated preparations",-11.8483333333333
"Unrelated preparations",-3.39055555555555
"Unrelated preparations",-9.63555555555554
"Unrelated preparations",-10.3205555555556
"Unrelated preparations",-2.46333333333332
"Unrelated preparations",-21.5316666666667
"Unrelated preparations",-25.6844444444445
"Unrelated preparations",-20.275
"Unrelated preparations",0.466666666666683
"Unrelated preparations",-6.78611111111113
"Unrelated preparations",-26.72
"Unrelated preparations",-12.8283333333333
"Unrelated preparations",-18.1605555555555
"Unrelated preparations",-31.1777777777778
"Unrelated preparations",-30.4261111111111
"Unrelated preparations",-16.8788888888889
"Unrelated preparations",-17.9511111111111
"Unrelated preparations",-34.2294444444445
"Unrelated preparations",-14.1266666666667
"Unrelated preparations",-28.5555555555555
"Unrelated preparations",-28.0483333333333
"Unrelated preparations",1.24222222222221
"Unrelated preparations",-19.6011111111111
"Unrelated preparations",-14.0238888888889
"Unrelated preparations",-10.6711111111111
"Unrelated preparations",-16.3516666666666
"Unrelated preparations",-23.3622222222222
"Unrelated preparations",-17.9944444444445
"Unrelated preparations",-10.3338888888889
"Unrelated preparations",-21.4572222222222
"Unrelated preparations",-22.7933333333333
"Unrelated preparations",2.8388888888889
"Unrelated preparations",-7.40222222222224
"Unrelated preparations",-37.1355555555556
"Unrelated preparations",-23.0872222222222
"Unrelated preparations",-9.92333333333335
"Unrelated preparations",-19.3416666666667
"Unrelated preparations",-27.0144444444445
"Unrelated preparations",-3.795
"Unrelated preparations",-22.9611111111111
"Unrelated preparations",-34.5838888888889
"Unrelated preparations",-16.9861111111111
"Unrelated preparations",-10.76
"Unrelated preparations",-13.4633333333334
"Unrelated preparations",-21.6688888888889
"Unrelated preparations",-19.2866666666667
"Unrelated preparations",-13.8888888888889
"Unrelated preparations",0.913333333333327
"Unrelated preparations",-20.5666666666666
"Unrelated preparations",-18.7138888888889
"Unrelated preparations",-25.8044444444445
"Unrelated preparations",-16.9244444444444
"Unrelated preparations",-13.1538888888889
"Unrelated preparations",-21.2388888888889
"Unrelated preparations",-14.0733333333333
"Unrelated preparations",-13.5611111111111
"Unrelated preparations",-13.945
"Unrelated preparations",-1.46777777777777
"Unrelated preparations",6.69611111111112
"Unrelated preparations",-27.6183333333333
"Unrelated preparations",-43.4188888888889
"Unrelated preparations",-24.5966666666667
"Unrelated preparations",-26.6961111111111
"Unrelated preparations",-6.79444444444445
"Unrelated preparations",5.71555555555557
"Unrelated preparations",-16.99
"Unrelated preparations",0.506666666666675
"Unrelated preparations",-18.9805555555555
"Unrelated preparations",-7.41000000000001
"Unrelated preparations",-12.6266666666667
"Unrelated preparations",-2.23333333333335
"Unrelated preparations",-3.54611111111112
"Unrelated preparations",-10.9211111111111
"Unrelated preparations",-6.39444444444445
"Unrelated preparations",-17.2694444444444
"Unrelated preparations",-22.3161111111111
"Unrelated preparations",-11.2722222222222
"Unrelated preparations",-5.08833333333332
"Unrelated preparations",-13.1244444444444
"Unrelated preparations",-15.83
"Unrelated preparations",-9.49555555555557
"Unrelated preparations",-20.9538888888889
"Unrelated preparations",-8.67555555555555
"Unrelated preparations",-11.84
"Unrelated preparations",-1.22444444444444
"Unrelated preparations",-20.6483333333333
"Unrelated preparations",-4.2127777777778
"Unrelated preparations",-16.2722222222222
"Unrelated preparations",-11.9322222222223
"Unrelated preparations",-9.00444444444443
"Unrelated preparations",-5.52444444444444
"Unrelated preparations",-7.4538888888889
"Unrelated preparations",-10.2794444444444
"Unrelated preparations",-32.5244444444445
"Unrelated preparations",-8.0822222222222
"Unrelated preparations",-17.3655555555555
"Unrelated preparations",5.26444444444442
"Unrelated preparations",-11.0811111111111
"Unrelated preparations",-14.3055555555556
"Unrelated preparations",-19.9666666666667
"Unrelated preparations",-34.3166666666667
"Unrelated preparations",-11.1772222222222
"Unrelated preparations",-26.4466666666667
"Unrelated preparations",-3.89222222222223
"Unrelated preparations",-6.77055555555556
"Unrelated preparations",-18.0772222222222
"Unrelated preparations",-12.0883333333333
"Unrelated preparations",9.61277777777778
"Unrelated preparations",-26.4111111111111
"Unrelated preparations",-17.3144444444445
"Unrelated preparations",-2.09999999999999
"Unrelated preparations",-19.8688888888889
"Unrelated preparations",-15.2211111111111
"Unrelated preparations",-16.6366666666667
"Unrelated preparations",-32.6683333333333
"Unrelated preparations",-33.3038888888889
"Unrelated preparations",-19.0622222222222
"Unrelated preparations",-13.0072222222222
"Unrelated preparations",-11.0405555555555
"Unrelated preparations",-3.33500000000002
"Unrelated preparations",-28.4277777777777
"Unrelated preparations",-4.48388888888888
"Unrelated preparations",-5.24722222222221
"Unrelated preparations",-20.6055555555556
"Unrelated preparations",-38.1588888888889
"Unrelated preparations",-1.23166666666665
"Unrelated preparations",4.91499999999999
"Unrelated preparations",-8.46999999999998
"Unrelated preparations",-18.7338888888889
"Unrelated preparations",-17.2705555555555
"Unrelated preparations",-12.4977777777778
"Unrelated preparations",-0.329444444444448
"Unrelated preparations",-7.7461111111111
"Unrelated preparations",-5.80000000000001
"Unrelated preparations",-32.9872222222222
"Unrelated preparations",-12.8116666666667
"Unrelated preparations",-3.69166666666668
"Unrelated preparations",7.06722222222221
"Unrelated preparations",-18.5505555555555
"Unrelated preparations",-19.6794444444444
"Unrelated preparations",-17.5211111111111
"Unrelated preparations",-16.8527777777778
"Unrelated preparations",-37.1227777777778
"Unrelated preparations",-6.19944444444444
"Unrelated preparations",-25.5022222222222
"Unrelated preparations",-15.6705555555556
"Unrelated preparations",-22.0605555555556
"Unrelated preparations",-5.38499999999999
"Unrelated preparations",6.39666666666669
"Unrelated preparations",-18.84
"Unrelated preparations",-21.0472222222222
"Unrelated preparations",-21.1594444444445
"Unrelated preparations",-7.23444444444443
"Unrelated preparations",-4.78277777777778
"Unrelated preparations",-31.8994444444445
"Unrelated preparations",-1.86944444444445
"Unrelated preparations",-12.8916666666667
"Unrelated preparations",-7.20222222222219
"Unrelated preparations",-16.375
"Unrelated preparations",-20.6966666666667
"Unrelated preparations",-16.3961111111111
"Unrelated preparations",4.74666666666667
"Unrelated preparations",-14.4027777777778
"Unrelated preparations",-16.5544444444444
"Unrelated preparations",-10.84
"Unrelated preparations",-8.15555555555557
"Unrelated preparations",0.216666666666654
"Unrelated preparations",-21.6627777777778
"Unrelated preparations",-24.9494444444444
"Unrelated preparations",-12.1122222222222
"Unrelated preparations",-20.9388888888889
"Unrelated preparations",-13.1233333333333
"Unrelated preparations",-15.1344444444444
"Unrelated preparations",-22.5238888888889
"Unrelated preparations",-5.12388888888891
"Unrelated preparations",-6.41222222222223
"Unrelated preparations",10.4827777777778
"Unrelated preparations",-9.69
"Unrelated preparations",-18.0638888888889
"Unrelated preparations",-17.7511111111111
"Unrelated preparations",-21.9855555555555
"Unrelated preparations",-13.9638888888889
"Unrelated preparations",2.30944444444444
"Unrelated preparations",-4.68333333333332
"Unrelated preparations",-21.9438888888889
"Unrelated preparations",-29.635
"Unrelated preparations",-9.94666666666666
"Unrelated preparations",-16.9677777777778
"Unrelated preparations",-18.3422222222222
"Unrelated preparations",-19.4127777777778
"Unrelated preparations",-0.538333333333341
"Unrelated preparations",-10.6855555555556
"Unrelated preparations",-3.71722222222223
"Unrelated preparations",-9.01388888888889
"Unrelated preparations",-5.87055555555557
"Unrelated preparations",-5.44499999999999
"Unrelated preparations",-30.4994444444444
"Unrelated preparations",-9.65555555555554
"Unrelated preparations",-15.025
"Unrelated preparations",-3.92000000000002
"Unrelated preparations",-16.2161111111111
"Unrelated preparations",-11.6166666666667
"Unrelated preparations",-34.1416666666667
"Unrelated preparations",-12.7966666666667
"Unrelated preparations",-7.54611111111112
"Unrelated preparations",-14.5033333333333
"Unrelated preparations",-17.9816666666667
"Unrelated preparations",-14.9366666666667
"Unrelated preparations",-16.0222222222222
"Unrelated preparations",-36.06
"Unrelated preparations",-17.7005555555556
"Unrelated preparations",-11.5477777777778
"Unrelated preparations",13.3216666666667
"Unrelated preparations",-27.3683333333333
"Unrelated preparations",-4.02499999999999
"Unrelated preparations",8.13333333333334
"Unrelated preparations",-10.9527777777778
"Unrelated preparations",-15.7205555555556
"Unrelated preparations",-29.1388888888889
"Unrelated preparations",-19.7994444444444
"Unrelated preparations",-4.31055555555554
"Unrelated preparations",-12.4738888888889
"Unrelated preparations",-19.255
"Unrelated preparations",-1.72888888888889
"Unrelated preparations",7.69722222222222
"Unrelated preparations",-17.6505555555556
"Unrelated preparations",-19.0061111111111
"Unrelated preparations",-10.1022222222222
"Unrelated preparations",-13.6727777777778
"Unrelated preparations",-11.6561111111111
"Unrelated preparations",-19.0388888888889
"Unrelated preparations",-30.3072222222222
"Unrelated preparations",-5.87777777777778
"Unrelated preparations",-3.51999999999998
"Unrelated preparations",-23.5033333333333
"Unrelated preparations",-15.4816666666667
"Unrelated preparations",-11.8561111111111
"Unrelated preparations",-12.9488888888889
"Unrelated preparations",6.65555555555557
"Unrelated preparations",-6.3461111111111
"Unrelated preparations",-9.96333333333334
"Unrelated preparations",-31.8194444444445
"Unrelated preparations",-14
"Unrelated preparations",-24.6461111111111
"Unrelated preparations",-0.962222222222195
"Unrelated preparations",-13.5561111111111
"Unrelated preparations",-12.8672222222222
"Unrelated preparations",-20.675
"Unrelated preparations",-22.9394444444444
"Unrelated preparations",-3.30277777777778
"Unrelated preparations",-7.31277777777778
"Unrelated preparations",-22.7377777777778
"Unrelated preparations",-7.67055555555555
"Unrelated preparations",-24.66
"Unrelated preparations",-6.45722222222223
"Unrelated preparations",-19.1633333333333
"Unrelated preparations",-14.6805555555556
"Unrelated preparations",-16.6361111111111
"Unrelated preparations",-17.6972222222222
"Unrelated preparations",-7.91666666666667
"Unrelated preparations",-6.78055555555557
"Unrelated preparations",-10.3344444444444
"Unrelated preparations",-22.2761111111111
"Unrelated preparations",-29.5905555555556
"Unrelated preparations",-9.72888888888889
"Unrelated preparations",-7.24444444444445
"Unrelated preparations",-33.4527777777778
"Unrelated preparations",-6.07722222222225
"Unrelated preparations",-12.3038888888889
"Unrelated preparations",-16.3827777777778
"Unrelated preparations",-13.42
"Unrelated preparations",-18.0388888888889
"Unrelated preparations",7.18055555555554
"Unrelated preparations",-16.2211111111111
"Unrelated preparations",-7.52166666666665
"Unrelated preparations",-10.4611111111111
"Unrelated preparations",-24.8994444444444
"Unrelated preparations",-13.5872222222222
"Unrelated preparations",-11.8905555555556
"Unrelated preparations",-18.3816666666667
"Unrelated preparations",-12.8888888888889
"Unrelated preparations",-17.8555555555555
"Unrelated preparations",0.277222222222235
"Unrelated preparations",-12.9622222222222
"Unrelated preparations",-7.99055555555555
"Unrelated preparations",-37.7244444444444
"Unrelated preparations",-13.1011111111111
"Unrelated preparations",-10.1022222222222
"Unrelated preparations",-16.9155555555556
"Unrelated preparations",-20.2916666666667
"Unrelated preparations",1.85555555555555
"Unrelated preparations",-2.22611111111111
"Unrelated preparations",-17.7061111111111
"Unrelated preparations",-15.7577777777778
"Unrelated preparations",-9.79833333333332
"Unrelated preparations",-18.8344444444444
"Unrelated preparations",-11.9977777777778
"Unrelated preparations",-20.235
"Unrelated preparations",-16.7177777777778
"Unrelated preparations",-18.6633333333334
"Unrelated preparations",-5.36000000000001
"Unrelated preparations",-12.3422222222222
"Unrelated preparations",-22.9077777777778
"Unrelated preparations",-4.11944444444444
"Unrelated preparations",-23.9861111111111
"Unrelated preparations",-5.4388888888889
"Unrelated preparations",-15.1361111111111
"Unrelated preparations",-11.6766666666667
"Unrelated preparations",-19.9683333333333
"Unrelated preparations",-19.9877777777778
"Unrelated preparations",-26.6994444444444
"Unrelated preparations",-20.7833333333333
"Unrelated preparations",-8.67277777777777
"Unrelated preparations",-8.54500000000002
"Unrelated preparations",-7.94500000000001
"Unrelated preparations",-10.52
"Unrelated preparations",-8.21388888888889
"Unrelated preparations",-10.7372222222222
"Unrelated preparations",-26.3688888888889
"Unrelated preparations",-15.5122222222222
"Unrelated preparations",-27.2277777777778
"Unrelated preparations",-33.1038888888889
"Unrelated preparations",-14.4111111111111
"Unrelated preparations",-20.3244444444444
"Unrelated preparations",-9.27333333333331
"Unrelated preparations",-13.2422222222222
"Unrelated preparations",-24.4872222222222
"Unrelated preparations",-22.5633333333333
"Unrelated preparations",-16.5283333333333
"Unrelated preparations",-21.4688888888889
"Unrelated preparations",6.46388888888889
"Unrelated preparations",-12.2294444444444
"Unrelated preparations",-18.115
"Unrelated preparations",-13.34
"Unrelated preparations",-19.0061111111111
"Unrelated preparations",-14.71
"Unrelated preparations",-15.6305555555555
"Unrelated preparations",-10.5005555555556
"Unrelated preparations",-6.85055555555556
"Unrelated preparations",-23.3044444444444
"Unrelated preparations",12.655
"Unrelated preparations",-25.9255555555555
"Unrelated preparations",-16.1938888888889
"Unrelated preparations",-15.8816666666667
"Unrelated preparations",15.0722222222222
"Unrelated preparations",-13.6038888888889
"Unrelated preparations",-10.9483333333333
"Unrelated preparations",-6.08388888888886
"Unrelated preparations",-2.27277777777778
"Unrelated preparations",-22.3538888888889
"Unrelated preparations",-7.27277777777778
"Unrelated preparations",-19.2716666666666
"Unrelated preparations",10.5883333333333
"Unrelated preparations",-0.387777777777785
"Unrelated preparations",12.4477777777778
"Unrelated preparations",-2.73166666666668
"Unrelated preparations",-31.8733333333333
"Unrelated preparations",-51.6405555555556
"Unrelated preparations",-30.34
"Unrelated preparations",-23.0194444444444
"Unrelated preparations",-6.77166666666666
"Unrelated preparations",-21.3311111111111
"Unrelated preparations",-7.58888888888889
"Unrelated preparations",-6.43666666666667
"Unrelated preparations",-14.2283333333333
"Unrelated preparations",-24.6583333333333
"Unrelated preparations",-9.27722222222222
"Unrelated preparations",-13.5622222222222
"Unrelated preparations",-17.7327777777778
"Unrelated preparations",-17.655
"Unrelated preparations",-22.8183333333333
"Unrelated preparations",-22.0072222222222
"Unrelated preparations",-20.3238888888889
"Unrelated preparations",-19.5588888888889
"Unrelated preparations",-15.2272222222222
"Unrelated preparations",-16.7527777777778
"Unrelated preparations",-23.3494444444445
"Unrelated preparations",-12.0961111111111
"Unrelated preparations",-28.0533333333334
"Unrelated preparations",-10.8677777777778
"Unrelated preparations",-22.5588888888889
"Unrelated preparations",17.2838888888889
"Unrelated preparations",-23.14
"Unrelated preparations",-29.5522222222222
"Unrelated preparations",-11.0883333333333
"Unrelated preparations",-19.4327777777778
"Unrelated preparations",2.75944444444444
"Unrelated preparations",8.16833333333334
"Unrelated preparations",-14.9633333333333
"Unrelated preparations",-22.5377777777778
"Unrelated preparations",-12.1327777777778
"Unrelated preparations",-14.0311111111111
"Unrelated preparations",-5.68944444444445
"Unrelated preparations",-8.82444444444445
"Unrelated preparations",-16.6361111111111
"Unrelated preparations",-11.8211111111111
"Unrelated preparations",-17.15
"Unrelated preparations",-13.0727777777778
"Unrelated preparations",-23.5777777777778
"Unrelated preparations",-32.2383333333333
"Unrelated preparations",-13.5938888888889
"Unrelated preparations",-15.4411111111111
"Unrelated preparations",-6.61333333333332
"Unrelated preparations",-24.4977777777778
"Unrelated preparations",-8.15111111111109
"Unrelated preparations",-22.7038888888889
"Unrelated preparations",-27.5994444444444
"Unrelated preparations",-24.0455555555556
"Unrelated preparations",-22.3166666666667
"Unrelated preparations",-28.3344444444444
"Unrelated preparations",14.6822222222222
"Unrelated preparations",-11.8355555555556
"Unrelated preparations",-16.9422222222222
"Unrelated preparations",-31.5622222222222
"Unrelated preparations",-6.53777777777776
"Unrelated preparations",-13.71
"Unrelated preparations",-19.0438888888889
"Unrelated preparations",-12.165
"Unrelated preparations",2.31444444444443
"Unrelated preparations",-13.615
"Unrelated preparations",-31.5377777777778
"Unrelated preparations",-17.2344444444444
"Unrelated preparations",3.00055555555555
"Unrelated preparations",-3.12444444444442
"Unrelated preparations",-20.0933333333333
"Unrelated preparations",-21.9905555555555
"Unrelated preparations",-20.1066666666667
"Unrelated preparations",-21.8961111111111
"Unrelated preparations",0.634999999999991
"Unrelated preparations",-7.11277777777775
"Unrelated preparations",-10.565
"Unrelated preparations",-0.868333333333339
"Unrelated preparations",-2.76444444444444
"Unrelated preparations",-10.5188888888889
"Unrelated preparations",-19.5594444444444
"Unrelated preparations",-9.2177777777778
"Unrelated preparations",-18.0688888888889
"Unrelated preparations",1.10888888888886
"Unrelated preparations",-11.7561111111111
"Unrelated preparations",-9.91888888888889
"Unrelated preparations",-14.7094444444444
"Unrelated preparations",-17.3344444444444
"Unrelated preparations",2.575
"Unrelated preparations",-23.2488888888889
"Unrelated preparations",24.7055555555555
"Unrelated preparations",-18.8661111111111
"Unrelated preparations",-6.59333333333333
"Unrelated preparations",-19.6161111111111
"Unrelated preparations",-12.4727777777778
"Unrelated preparations",-12.31
"Unrelated preparations",-14.7872222222222
"Unrelated preparations",-4.58166666666665
"Unrelated preparations",-3.46611111111112
"Unrelated preparations",-30.41
"Unrelated preparations",-21.5061111111111
"Unrelated preparations",-17.7305555555556
"Unrelated preparations",-31.0266666666667
"Unrelated preparations",-13.4283333333333
"Unrelated preparations",-0.969444444444463
"Unrelated preparations",-19.3955555555555
"Unrelated preparations",-8.87222222222222
"Unrelated preparations",-16.9033333333333
"Unrelated preparations",-19.9772222222222
"Unrelated preparations",-15.7283333333333
"Unrelated preparations",1.65166666666666
"Unrelated preparations",-25.5816666666667
"Unrelated preparations",-18.6666666666667
"Unrelated preparations",-6.02
"Unrelated preparations",-21.2544444444444
"Unrelated preparations",-16.1983333333334
"Unrelated preparations",-4.64000000000001
"Unrelated preparations",-21.5727777777778
"Unrelated preparations",-15.1133333333333
"Unrelated preparations",-11.1622222222222
"Unrelated preparations",-5.02277777777778
"Unrelated preparations",-20.0572222222222
"Unrelated preparations",-4.9238888888889
"Unrelated preparations",-21.8516666666666
"Unrelated preparations",-16.2177777777778
"Unrelated preparations",-16.2983333333333
"Unrelated preparations",-14.1244444444444
"Unrelated preparations",-16.2777777777778
"Unrelated preparations",-13.1283333333333
"Unrelated preparations",-16.7438888888889
"Unrelated preparations",2.66388888888889
"Unrelated preparations",-24.5077777777778
"Unrelated preparations",-12.1088888888889
"Unrelated preparations",-15.2088888888889
"Unrelated preparations",-14.3655555555556
"Unrelated preparations",-20.4872222222222
"Unrelated preparations",-11.3772222222222
"Unrelated preparations",-17.8966666666667
"Unrelated preparations",-29.71
"Unrelated preparations",-18.3505555555555
"Unrelated preparations",-13.8305555555556
"Unrelated preparations",-9.26111111111112
"Unrelated preparations",1.91
"Unrelated preparations",-2.6738888888889
"Unrelated preparations",-13.04
"Unrelated preparations",-0.218888888888884
"Unrelated preparations",-13.1566666666667
"Unrelated preparations",-28.0888888888889
"Unrelated preparations",-15.7372222222222
"Unrelated preparations",-16.1505555555555
"Unrelated preparations",-4.0622222222222
"Unrelated preparations",-17.8922222222222
"Unrelated preparations",2.02833333333331
"Unrelated preparations",-3.09611111111111
"Unrelated preparations",-14.7777777777778
"Unrelated preparations",-12.3072222222222
"Unrelated preparations",-11.755
"Unrelated preparations",-28.4777777777778
"Unrelated preparations",-7.27722222222224
"Unrelated preparations",-4.29388888888889
"Unrelated preparations",-6.37833333333333
"Unrelated preparations",-13.0005555555556
"Unrelated preparations",-5.92166666666665
"Unrelated preparations",-5.27777777777777
"Unrelated preparations",10.7316666666667
"Unrelated preparations",-16.6016666666667
"Unrelated preparations",-8.84055555555557
"Unrelated preparations",-5.44999999999999
"Unrelated preparations",-16.1405555555556
"Unrelated preparations",-20.1733333333333
"Unrelated preparations",-13.0561111111111
"Unrelated preparations",-10.0172222222222
"Unrelated preparations",-24.0955555555556
"Unrelated preparations",-24.035
"Unrelated preparations",-14.2288888888889
"Unrelated preparations",-11.8655555555555
"Unrelated preparations",-22.4338888888889
"Unrelated preparations",-12.4072222222222
"Unrelated preparations",-0.324999999999989
"Unrelated preparations",-15.7427777777778
"Unrelated preparations",-24.8505555555556
"Unrelated preparations",-23.405
"Unrelated preparations",-8.91999999999999
"Unrelated preparations",-9.05333333333331
"Unrelated preparations",-9.59166666666668
"Unrelated preparations",-8.63166666666666
"Unrelated preparations",-17.2638888888889
"Unrelated preparations",6.65333333333335
"Unrelated preparations",-12.245
"Unrelated preparations",-20.0166666666666
"Unrelated preparations",-21.7561111111111
"Unrelated preparations",-6.46277777777777
"Unrelated preparations",-34.8038888888889
"Unrelated preparations",-29.2494444444445
"Unrelated preparations",-1.71111111111111
"Unrelated preparations",-19.4016666666667
"Unrelated preparations",-14.5716666666667
"Unrelated preparations",1.7138888888889
"Unrelated preparations",-17.2033333333333
"Unrelated preparations",-5.07111111111112
"Unrelated preparations",-41.2983333333333
"Unrelated preparations",-24.8594444444444
"Unrelated preparations",-20.965
"Unrelated preparations",-13.6688888888889
"Unrelated preparations",-3.47
"Unrelated preparations",-8.88222222222223
"Unrelated preparations",-21.6188888888889
"Unrelated preparations",-13.7172222222222
"Unrelated preparations",-2.4861111111111
"Unrelated preparations",-24.0844444444444
"Unrelated preparations",-8.22666666666665
"Unrelated preparations",-14.8161111111111
"Unrelated preparations",-18.2588888888889
"Unrelated preparations",4.04555555555555
"Unrelated preparations",-8.25722222222224
"Unrelated preparations",0.435000000000002
"Unrelated preparations",-3.83999999999999
"Unrelated preparations",-6.98555555555555
"Unrelated preparations",-24.7038888888889
"Unrelated preparations",-23.7144444444444
"Unrelated preparations",-2.4038888888889
"Unrelated preparations",-16.5611111111111
"Unrelated preparations",-14.9033333333333
"Unrelated preparations",-28.7038888888889
"Unrelated preparations",-15.8933333333333
"Unrelated preparations",-20.0694444444444
"Unrelated preparations",-15.1583333333333
"Unrelated preparations",-22.0094444444445
"Unrelated preparations",-38.4172222222222
"Unrelated preparations",2.66000000000001
"Unrelated preparations",-15.5216666666667
"Unrelated preparations",-17.9866666666666
"Unrelated preparations",-7.56611111111111
"Unrelated preparations",-11.2783333333333
"Unrelated preparations",-9.55666666666664
"Unrelated preparations",-13.505
"Unrelated preparations",-33.0133333333333
"Unrelated preparations",-7.13555555555554
"Unrelated preparations",-25.725
"Unrelated preparations",-16.9966666666667
"Unrelated preparations",-22.5288888888889
"Unrelated preparations",-7.53
"Unrelated preparations",-20.0116666666667
"Unrelated preparations",0.0605555555555526
"Unrelated preparations",-14.8455555555555
"Unrelated preparations",-9.81388888888888
"Unrelated preparations",-1.98222222222222
"Unrelated preparations",-15.2494444444444
"Unrelated preparations",-27.635
"Unrelated preparations",-23.2227777777778
"Unrelated preparations",-7.0322222222222
"Unrelated preparations",-11.115
"Unrelated preparations",-5.21944444444446
"Unrelated preparations",-24.1966666666667
"Unrelated preparations",-19.0655555555555
"Unrelated preparations",-23.2472222222222
"Unrelated preparations",-22.4355555555556
"Unrelated preparations",-12.4622222222222
"Unrelated preparations",-14.2977777777778
"Unrelated preparations",-7.86944444444443
"Unrelated preparations",-8.84222222222223
"Unrelated preparations",-1.77944444444444
"Unrelated preparations",-1.53333333333336
"Unrelated preparations",-14.4127777777778
"Unrelated preparations",-14.9038888888889
"Unrelated preparations",-6.29000000000001
"Unrelated preparations",5.01944444444445
"Unrelated preparations",-11.5522222222222
"Unrelated preparations",-1.19722222222222
"Unrelated preparations",-0.654444444444408
"Unrelated preparations",-11.2138888888889
"Unrelated preparations",-24.5733333333333
"Unrelated preparations",2.45666666666666
"Unrelated preparations",-15.8116666666667
"Unrelated preparations",-28.875
"Unrelated preparations",-11.9172222222222
"Unrelated preparations",-31.8355555555555
"Unrelated preparations",-21.4016666666666
"Unrelated preparations",-11.0377777777778
"Unrelated preparations",-30.3538888888889
"Unrelated preparations",-10.6705555555556
"Unrelated preparations",-22.145
"Unrelated preparations",-8.34166666666668
"Unrelated preparations",-8.16111111111111
"Unrelated preparations",-11.6838888888889
"Unrelated preparations",-18.5516666666667
"Unrelated preparations",-10.2272222222222
"Unrelated preparations",-24.5683333333333
"Unrelated preparations",-6.92444444444445
"Unrelated preparations",-17.395
"Unrelated preparations",-28.0522222222222
"Unrelated preparations",-11.8516666666667
"Unrelated preparations",-0.669444444444437
"Unrelated preparations",-29.1977777777778
"Unrelated preparations",-12.8227777777778
"Unrelated preparations",-14.1933333333333
"Unrelated preparations",-32.0344444444444
"Unrelated preparations",-19.26
"Unrelated preparations",-15.1711111111111
"Unrelated preparations",-15.7105555555555
"Unrelated preparations",-13.3166666666666
"Unrelated preparations",-16.5133333333333
"Unrelated preparations",-12.3994444444445
"Unrelated preparations",-4.73833333333333
"Unrelated preparations",-26.5216666666666
"Unrelated preparations",-11.4955555555556
"Unrelated preparations",-12.2505555555556
"Unrelated preparations",-15.7466666666667
"Unrelated preparations",-1.19166666666666
"Unrelated preparations",-22.2422222222222
"Unrelated preparations",-16.3266666666667
"Unrelated preparations",-2.91333333333334
"Unrelated preparations",-15.4638888888889
"Unrelated preparations",-13.6155555555555
"Unrelated preparations",-13.2088888888889
"Unrelated preparations",-26.365
"Unrelated preparations",-19.6205555555556
"Unrelated preparations",-9.52611111111108
"Unrelated preparations",-16.3405555555555
"Unrelated preparations",-18.4711111111111
"Unrelated preparations",-0.0827777777777783
"Unrelated preparations",-4.15777777777778
"Unrelated preparations",-10.7155555555556
"Unrelated preparations",-24.0622222222222
"Unrelated preparations",-4.97388888888888
"Unrelated preparations",-21.7033333333333
"Unrelated preparations",-15.3094444444445
"Unrelated preparations",-5.60555555555555
"Unrelated preparations",-3.29777777777778
"Unrelated preparations",-20.8627777777778
"Unrelated preparations",-24.5366666666667
"Unrelated preparations",1.5061111111111
"Unrelated preparations",-17.9394444444444
"Unrelated preparations",-4.74777777777778
"Unrelated preparations",-0.72944444444444
"Unrelated preparations",-3.645
"Unrelated preparations",-17.1022222222223
"Unrelated preparations",-8.78500000000001
"Unrelated preparations",-25.8655555555556
"Unrelated preparations",-13.7238888888889
"Unrelated preparations",-24.2927777777778
"Unrelated preparations",-6.83333333333334
"Unrelated preparations",-8.75833333333333
"Unrelated preparations",-7.25111111111111
"Unrelated preparations",-3.20000000000003
"Unrelated preparations",-13.3833333333334
"Unrelated preparations",-11.4766666666667
"Unrelated preparations",-18.0516666666667
"Unrelated preparations",-5.65111111111111
"Unrelated preparations",-24.6588888888889
"Unrelated preparations",-13.2283333333333
"Unrelated preparations",-20.6305555555556
"Unrelated preparations",-19.6555555555556
"Unrelated preparations",-6.82166666666667
"Unrelated preparations",-20.5561111111111
"Unrelated preparations",-7.06444444444443
"Unrelated preparations",-38.8077777777778
"Unrelated preparations",-14.4294444444444
"Unrelated preparations",-24.3322222222222
"Unrelated preparations",-18.8794444444445
"Unrelated preparations",-24.2772222222222
"Unrelated preparations",-13.5855555555556
"Unrelated preparations",-5.53333333333332
"Unrelated preparations",-13.5866666666667
"Unrelated preparations",-6.84888888888889
"Unrelated preparations",-27.9361111111111
"Unrelated preparations",-37.9255555555555
"Unrelated preparations",-20.7266666666667
"Unrelated preparations",-12.7738888888889
"Unrelated preparations",-7.70388888888888
"Unrelated preparations",-3.75999999999999
"Unrelated preparations",-17.4122222222222
"Unrelated preparations",-30.2661111111111
"Unrelated preparations",3.15777777777778
"Unrelated preparations",6.435
"Unrelated preparations",-13.2561111111111
"Unrelated preparations",-40.1888888888889
"Unrelated preparations",-9.045
"Unrelated preparations",-23.4822222222222
"Unrelated preparations",-9.52666666666666
"Unrelated preparations",-14.495
"Unrelated preparations",-7.84333333333333
"Unrelated preparations",-17.8733333333333
"Unrelated preparations",-17.5505555555556
"Unrelated preparations",-42.985
"Unrelated preparations",-19.2711111111111
"Unrelated preparations",-5.98055555555555
"Unrelated preparations",-13.9616666666667
"Unrelated preparations",-11.53
"Unrelated preparations",-26.5638888888889
"Unrelated preparations",-22.9888888888889
"Unrelated preparations",-23.3411111111111
"Unrelated preparations",-6.4761111111111
"Unrelated preparations",-2.53222222222223
"Unrelated preparations",5.01388888888889
"Unrelated preparations",-15.2688888888889
"Unrelated preparations",-17.4766666666667
"Unrelated preparations",-1.14222222222219
"Unrelated preparations",-6.76666666666667
"Unrelated preparations",-10.1422222222222
"Unrelated preparations",-5.06722222222221
"Unrelated preparations",-26.9172222222222
"Unrelated preparations",-5.92500000000001
"Unrelated preparations",-15.8227777777778
"Unrelated preparations",2.42111111111112
"Unrelated preparations",-23.2333333333333
"Unrelated preparations",1.26222222222223
"Unrelated preparations",-28.2688888888889
"Unrelated preparations",-3.37333333333333
"Unrelated preparations",-6.06
"Unrelated preparations",-23.4088888888889
"Unrelated preparations",-20.7188888888889
"Unrelated preparations",-8.48
"Unrelated preparations",-23.15
"Unrelated preparations",-34.9166666666667
"Unrelated preparations",-13.3283333333333
"Unrelated preparations",-6.2138888888889
"Unrelated preparations",1.88499999999999
"Unrelated preparations",-18.295
"Unrelated preparations",-8.03666666666668
"Unrelated preparations",-19.3616666666667
"Unrelated preparations",-9.02111111111111
"Unrelated preparations",-13.6988888888889
"Unrelated preparations",-15.2172222222222
"Unrelated preparations",-10.7311111111111
"Unrelated preparations",-16.2177777777778
"Unrelated preparations",1.75999999999998
"Unrelated preparations",-18.2033333333333
"Unrelated preparations",-18.7055555555556
"Unrelated preparations",-32.7644444444445
"Unrelated preparations",-23.015
"Unrelated preparations",-27.025
"Unrelated preparations",-20.0238888888889
"Unrelated preparations",-22.7377777777778
"Unrelated preparations",-7.14333333333332
"Unrelated preparations",-3.31
"Unrelated preparations",-18.33
"Unrelated preparations",-14.6483333333333
"Unrelated preparations",-20.3027777777778
"Unrelated preparations",-23.1655555555556
"Unrelated preparations",-15.0388888888889
"Unrelated preparations",0.818333333333314
"Unrelated preparations",0.62555555555555
"Unrelated preparations",-26.1744444444445
"Unrelated preparations",-22.4344444444444
"Unrelated preparations",-35.8872222222222
"Unrelated preparations",-6.75055555555556
"Unrelated preparations",-7.94277777777781
"Unrelated preparations",-30.8044444444445
"Unrelated preparations",-3.8077777777778
"Unrelated preparations",-21.9677777777778
"Unrelated preparations",-23.5016666666667
"Unrelated preparations",2.13611111111112
"Unrelated preparations",-13.69
"Unrelated preparations",-24.9261111111111
"Unrelated preparations",-21.4138888888889
"Unrelated preparations",-13.5833333333333
"Unrelated preparations",-21.3305555555556
"Unrelated preparations",-7.93833333333335
"Unrelated preparations",-11.2961111111111
"Unrelated preparations",-23.49
"Unrelated preparations",-9.41000000000001
"Unrelated preparations",-32.865
"Unrelated preparations",-38.9844444444444
"Unrelated preparations",-2.17722222222221
"Unrelated preparations",-14.6711111111111
"Unrelated preparations",-9.38444444444445
"Unrelated preparations",0.692222222222213
"Unrelated preparations",-4.81166666666664
"Unrelated preparations",-2.07166666666666
"Unrelated preparations",-3.40722222222223
"Unrelated preparations",-30.095
"Unrelated preparations",-8.74166666666667
"Unrelated preparations",-9.50611111111111
"Unrelated preparations",-7.41333333333334
"Unrelated preparations",-27.3866666666666
"Unrelated preparations",-19.8355555555555
"Unrelated preparations",-19.9111111111111
"Unrelated preparations",-8.92888888888889
"Unrelated preparations",-23.0738888888889
"Unrelated preparations",2.64944444444444
"Unrelated preparations",-14.6766666666667
"Unrelated preparations",-18.6111111111111
"Unrelated preparations",-23.6438888888889
"Unrelated preparations",-8.92555555555558
"Unrelated preparations",-9.2327777777778
"Unrelated preparations",-12.3483333333333
"Unrelated preparations",-12.9588888888889
"Unrelated preparations",-31.6772222222222
"Unrelated preparations",-4.23833333333334
"Unrelated preparations",-24.2305555555555
"Unrelated preparations",-13.5105555555556
"Unrelated preparations",-16.2638888888889
"Unrelated preparations",-26.3888888888889
"Unrelated preparations",-27.6333333333334
"Unrelated preparations",-20.1472222222222
"Unrelated preparations",-21.9005555555556
"Unrelated preparations",-12.5961111111111
"Unrelated preparations",-23.5827777777778
"Unrelated preparations",-35.2588888888889
"Unrelated preparations",-18.7083333333333
"Unrelated preparations",-6.44777777777774
"Unrelated preparations",-25.9938888888889
"Unrelated preparations",-22.71
"Unrelated preparations",-15.7983333333333
"Unrelated preparations",-10.4405555555555
"Unrelated preparations",-3.92166666666665
"Unrelated preparations",-0.582222222222228
"Unrelated preparations",-21.8444444444444
"Unrelated preparations",-23.3366666666667
"Unrelated preparations",-6.25888888888889
"Unrelated preparations",-37.7894444444444
"Unrelated preparations",-10.5244444444445
"Unrelated preparations",0.739999999999966
"Unrelated preparations",-18.5783333333333
"Unrelated preparations",-13.785
"Unrelated preparations",-10.4305555555556
"Unrelated preparations",-20.4216666666667
"Unrelated preparations",-6.34999999999999
"Unrelated preparations",-14.75
"Unrelated preparations",-14.42
"Unrelated preparations",-5.31833333333336
"Unrelated preparations",-6.15944444444443
"Unrelated preparations",-15.8133333333333
"Unrelated preparations",-20.3922222222222
"Unrelated preparations",0.156666666666652
"Unrelated preparations",-14.9077777777778
"Unrelated preparations",-15.59
"Unrelated preparations",-5.76555555555554
"Unrelated preparations",-3.71722222222222
"Unrelated preparations",-7.95722222222223
"Unrelated preparations",-12.5
"Unrelated preparations",-17.5894444444444
"Unrelated preparations",-17.51
"Unrelated preparations",-25.2038888888889
"Unrelated preparations",-4.58111111111111
"Unrelated preparations",-6.79500000000002
"Unrelated preparations",-28.8488888888889
"Unrelated preparations",-12.9572222222222
"Unrelated preparations",-14.9705555555555
"Unrelated preparations",-5.11555555555556
"Unrelated preparations",-16.4327777777778
"Unrelated preparations",-15.4422222222222
"Unrelated preparations",-7.22666666666667
"Unrelated preparations",-13.1372222222222
"Unrelated preparations",-9.71388888888889
"Unrelated preparations",-11.4411111111111
"Unrelated preparations",-14.9727777777778
"Unrelated preparations",0.476111111111109
"Unrelated preparations",-17.6944444444444
"Unrelated preparations",-6.62555555555558
"Unrelated preparations",-17.8677777777778
"Unrelated preparations",-6.34666666666665
"Unrelated preparations",-8.67166666666667
"Unrelated preparations",-6.90111111111109
"Unrelated preparations",-12.5072222222222
"Unrelated preparations",-13.1194444444444
"Unrelated preparations",-2.03777777777778
"Unrelated preparations",5.63833333333332
"Unrelated preparations",-0.452777777777783
"Unrelated preparations",-21.8533333333333
"Unrelated preparations",-4.08944444444445
"Unrelated preparations",-24.5766666666667
"Unrelated preparations",-12.2805555555556
"Unrelated preparations",-0.756666666666661
"Unrelated preparations",-6.17499999999997
"Unrelated preparations",-19.1227777777778
"Unrelated preparations",-15.27
"Unrelated preparations",-1.75944444444443
"Unrelated preparations",-39.8466666666666
"Unrelated preparations",-21.5438888888889
"Unrelated preparations",-14.3922222222222
"Unrelated preparations",-2.76222222222222
"Unrelated preparations",-26.1327777777778
"Unrelated preparations",-8.88444444444445
"Unrelated preparations",-11.6827777777778
"Unrelated preparations",-7.44222222222221
"Unrelated preparations",-9.26833333333332
"Unrelated preparations",-20.2238888888889
"Unrelated preparations",-30.2
"Unrelated preparations",-7.56166666666667
"Unrelated preparations",-22.1638888888889
"Unrelated preparations",-5.98777777777779
"Unrelated preparations",-9.75277777777777
"Unrelated preparations",13.2272222222222
"Unrelated preparations",-23.6266666666667
"Unrelated preparations",-11.9566666666667
"Unrelated preparations",-10.7516666666667
"Unrelated preparations",-4.45833333333333
"Unrelated preparations",-5.08333333333333
"Unrelated preparations",-37.8261111111111
"Unrelated preparations",-15.2344444444444
"Unrelated preparations",-15.9816666666667
"Unrelated preparations",-0.623888888888899
"Unrelated preparations",0.586111111111109
"Unrelated preparations",-17.7294444444445
"Unrelated preparations",-7.00388888888888
"Unrelated preparations",-17.4194444444445
"Unrelated preparations",2.67444444444443
"Unrelated preparations",-18.9966666666667
"Unrelated preparations",2.14333333333333
"Unrelated preparations",-11.9455555555556
"Unrelated preparations",-10.0377777777778
"Unrelated preparations",-29.2872222222222
"Unrelated preparations",-15.3866666666667
"Unrelated preparations",-10.1777777777778
"Unrelated preparations",-32.7677777777778
"Unrelated preparations",-16.2994444444445
"Unrelated preparations",-12.0322222222222
"Unrelated preparations",-23.4866666666667
"Unrelated preparations",-7.74333333333334
"Unrelated preparations",-11.8483333333333
"Unrelated preparations",-15.1072222222222
"Unrelated preparations",-8.32944444444445
"Unrelated preparations",-6.79500000000002
"Unrelated preparations",-0.937222222222218
"Unrelated preparations",5.58111111111114
"Unrelated preparations",-18.4677777777778
"Unrelated preparations",-43.9438888888889
"Unrelated preparations",-9.15000000000001
"Unrelated preparations",-10.5566666666667
"Unrelated preparations",-7.43666666666667
"Unrelated preparations",-30.0311111111111
"Unrelated preparations",-25.5477777777778
"Unrelated preparations",-2.33722222222221
"Unrelated preparations",-13.3944444444444
"Unrelated preparations",-18.49
"Unrelated preparations",0.316111111111084
"Unrelated preparations",-3.60666666666665
"Unrelated preparations",-34.0605555555556
"Unrelated preparations",3.58999999999996
"Unrelated preparations",-24.6905555555555
"Unrelated preparations",-29.7666666666667
"Unrelated preparations",-37.1894444444444
"Unrelated preparations",-15.1277777777778
"Unrelated preparations",1.69222222222223
"Unrelated preparations",-8.34500000000001
"Unrelated preparations",2.45666666666671
"Unrelated preparations",-4.64666666666666
"Unrelated preparations",-13.2288888888889
"Unrelated preparations",-9.1427777777778
"Unrelated preparations",-13.1227777777777
"Unrelated preparations",-24.3061111111111
"Unrelated preparations",6.46388888888889
"Unrelated preparations",-32.68
"Unrelated preparations",-23.765
"Unrelated preparations",-31.0394444444444
"Unrelated preparations",0.065555555555548
"Unrelated preparations",-4.17777777777776
"Unrelated preparations",-30.3127777777778
"Unrelated preparations",-16.9255555555555
"Unrelated preparations",-18.5505555555556
"Unrelated preparations",-18.5722222222222
"Unrelated preparations",-22.6111111111111
"Unrelated preparations",-11.9688888888889
"Unrelated preparations",-8.36388888888891
"Unrelated preparations",-28.9933333333333
"Unrelated preparations",-48.6038888888889
"Unrelated preparations",-15.6616666666667
"Unrelated preparations",-12.9744444444444
"Unrelated preparations",5.02611111111111
"Unrelated preparations",-5.36166666666666
"Unrelated preparations",-24.9272222222222
"Unrelated preparations",-10.9061111111111
"Unrelated preparations",-12.3133333333333
"Unrelated preparations",-16.1461111111111
"Unrelated preparations",-2.46833333333333
"Unrelated preparations",-27.2216666666667
"Unrelated preparations",-17.4433333333333
"Unrelated preparations",-9.04444444444445
"Unrelated preparations",-1.77111111111114
"Unrelated preparations",-11.3827777777778
"Unrelated preparations",-20.0227777777778
"Unrelated preparations",-10.3761111111111
"Unrelated preparations",-15.2327777777778
"Unrelated preparations",-26.75
"Unrelated preparations",0.384999999999991
"Unrelated preparations",-24.3988888888889
"Unrelated preparations",-12.6822222222222
"Unrelated preparations",-34.3138888888889
"Unrelated preparations",-4.83666666666667
"Unrelated preparations",-23.3166666666667
"Unrelated preparations",-20.6233333333333
"Unrelated preparations",-24.5572222222222
"Unrelated preparations",-28.7055555555555
"Unrelated preparations",-21.9155555555556
"Unrelated preparations",-14.3472222222222
"Unrelated preparations",-30.805
"Unrelated preparations",-13.9688888888889
"Unrelated preparations",-15.1905555555556
"Unrelated preparations",-24.4033333333334
"Unrelated preparations",-16.6477777777778
"Unrelated preparations",-15.1844444444445
"Unrelated preparations",-2.88055555555557
"Unrelated preparations",-5.72111111111113
"Unrelated preparations",-9.15333333333334
"Unrelated preparations",3.43555555555557
"Unrelated preparations",-28.1755555555556
"Unrelated preparations",-10.19
"Unrelated preparations",-9.69944444444444
"Unrelated preparations",-17.6877777777778
"Unrelated preparations",-7.3661111111111
"Unrelated preparations",-20.5205555555555
"Unrelated preparations",-12.37
"Unrelated preparations",-22.3133333333333
"Unrelated preparations",-18.1705555555556
"Unrelated preparations",-8.57444444444445
"Unrelated preparations",-0.442777777777792
"Unrelated preparations",-15.6277777777778
"Unrelated preparations",-11.1172222222222
"Unrelated preparations",-23.5388888888889
"Unrelated preparations",-7.32222222222224
"Unrelated preparations",-11.87
"Unrelated preparations",-32.4155555555556
"Unrelated preparations",-31.4916666666667
"Unrelated preparations",-20.4822222222222
"Unrelated preparations",-18.7594444444445
"Unrelated preparations",-16.7477777777778
"Unrelated preparations",-25.7183333333333
"Unrelated preparations",-23.43
"Unrelated preparations",-11.3377777777778
"Unrelated preparations",-31.3305555555556
"Unrelated preparations",-21.2683333333333
"Unrelated preparations",-18.405
"Unrelated preparations",-11.5872222222222
"Unrelated preparations",-11.4222222222222
"Unrelated preparations",-40.0688888888889
"Unrelated preparations",-13.1161111111111
"Unrelated preparations",-6.55888888888887
"Unrelated preparations",-7.87277777777774
"Unrelated preparations",-25.4938888888889
"Unrelated preparations",-2.44555555555554
"Unrelated preparations",-15.6672222222222
"Unrelated preparations",-12.5744444444445
"Unrelated preparations",-28.9388888888889
"Unrelated preparations",-6.75055555555555
"Unrelated preparations",-34.1133333333333
"Unrelated preparations",-14.31
"Unrelated preparations",4.59777777777776
"Unrelated preparations",1.75999999999999
"Unrelated preparations",0.263333333333335
"Unrelated preparations",-10.7661111111111
"Unrelated preparations",-37.7211111111111
"Unrelated preparations",-21.5261111111111
"Unrelated preparations",-15.7083333333333
"Unrelated preparations",-14.9266666666667
"Unrelated preparations",-15.0877777777778
"Unrelated preparations",-14.5927777777778
"Unrelated preparations",-9.53499999999998
"Unrelated preparations",-20.9738888888889
"Unrelated preparations",-33.38
"Unrelated preparations",-14.2194444444444
"Unrelated preparations",-10.7311111111111
"Unrelated preparations",-19.4133333333333
"Unrelated preparations",-3.74333333333334
"Unrelated preparations",-15.0672222222222
"Unrelated preparations",-6.78166666666665
"Unrelated preparations",-2.67888888888889
"Unrelated preparations",-7.06722222222223
"Unrelated preparations",-20.2433333333333
"Unrelated preparations",-14.7466666666667
"Unrelated preparations",-23.2144444444444
"Unrelated preparations",-19.5661111111111
"Unrelated preparations",-8.82833333333333
"Unrelated preparations",-2.13222222222221
"Unrelated preparations",-11.3083333333334
"Unrelated preparations",-0.0866666666666731
"Unrelated preparations",8.81555555555556
"Unrelated preparations",-19.5733333333333
"Unrelated preparations",4.20111111111112
"Unrelated preparations",-5.90777777777781
"Unrelated preparations",-19.4833333333333
"Unrelated preparations",-10.4444444444445
"Unrelated preparations",-24.1966666666667
"Unrelated preparations",-5.47555555555556
"Unrelated preparations",-5.62833333333333
"Unrelated preparations",-15.2727777777778
"Unrelated preparations",-20.63
"Unrelated preparations",-10.9211111111111
"Unrelated preparations",-15.2033333333333
"Unrelated preparations",-8.98333333333333
"Unrelated preparations",-6.52388888888889
"Unrelated preparations",-16.6416666666667
"Unrelated preparations",-12.815
"Unrelated preparations",12.4188888888889
"Unrelated preparations",-29.1222222222222
"Unrelated preparations",-30.0238888888889
"Unrelated preparations",-10.6327777777778
"Unrelated preparations",-18.3388888888889
"Unrelated preparations",-10.1394444444445
"Unrelated preparations",-12.145
"Unrelated preparations",-26.3416666666667
"Unrelated preparations",-19.5033333333333
"Unrelated preparations",-15.1894444444444
"Unrelated preparations",-26.5472222222222
"Unrelated preparations",-24.0522222222222
"Unrelated preparations",0.33499999999998
"Unrelated preparations",-15.0516666666667
"Unrelated preparations",-28.7938888888889
"Unrelated preparations",-8.84222222222219
"Unrelated preparations",-13.1616666666667
"Unrelated preparations",-14.2872222222222
"Unrelated preparations",-4.27277777777778
"Unrelated preparations",-5.15166666666667
"Unrelated preparations",-19.6677777777778
"Unrelated preparations",-12.9677777777778
"Unrelated preparations",-20.2322222222222
"Unrelated preparations",-15.3361111111111
"Unrelated preparations",-14.5394444444444
"Unrelated preparations",-29.4172222222222
"Unrelated preparations",-9.795
"Unrelated preparations",-30.4477777777778
"Unrelated preparations",-23.0561111111111
"Unrelated preparations",-22.2738888888889
"Unrelated preparations",-27.8772222222222
"Unrelated preparations",3.25
"Unrelated preparations",-0.964999999999989
"Unrelated preparations",-19.98
"Unrelated preparations",3.38333333333337
"Unrelated preparations",-9.19777777777777
"Unrelated preparations",-26.635
"Unrelated preparations",-19.7461111111111
"Unrelated preparations",-19.7855555555556
"Unrelated preparations",-14.0966666666667
"Unrelated preparations",9.81888888888891
"Unrelated preparations",-6.63444444444445
"Unrelated preparations",-11.4522222222222
"Unrelated preparations",-8.09222222222225
"Unrelated preparations",-5.18333333333334
"Unrelated preparations",-21.9177777777778
"Unrelated preparations",-19.2766666666667
"Unrelated preparations",1.18833333333333
"Unrelated preparations",-22.24
"Unrelated preparations",5.24944444444446
"Unrelated preparations",-10.3877777777778
"Unrelated preparations",-2.91055555555556
"Unrelated preparations",-12.9983333333333
"Unrelated preparations",-21.3422222222222
"Unrelated preparations",-12.2694444444444
"Unrelated preparations",-16.2383333333333
"Unrelated preparations",-11.6683333333333
"Unrelated preparations",-18.4711111111111
"Unrelated preparations",-1.86833333333333
"Unrelated preparations",-3.21944444444445
"Unrelated preparations",-36.9266666666667
"Unrelated preparations",-21.1983333333333
"Unrelated preparations",-20.4288888888889
"Unrelated preparations",-17.7172222222222
"Unrelated preparations",-20.8144444444445
"Unrelated preparations",-24.4372222222222
"Unrelated preparations",-20.3783333333333
"Unrelated preparations",-2.99888888888889
"Unrelated preparations",-4.92833333333333
"Unrelated preparations",-17.2444444444444
"Unrelated preparations",-5.21222222222222
"Unrelated preparations",-17.9405555555556
"Unrelated preparations",-10.7238888888889
"Unrelated preparations",-14.1355555555556
"Unrelated preparations",-21.1488888888889
"Unrelated preparations",-0.916111111111121
"Unrelated preparations",-10.5655555555555
"Unrelated preparations",0.544444444444437
"Unrelated preparations",-14.2883333333333
"Unrelated preparations",0.552222222222213
"Unrelated preparations",-16.4772222222222
"Unrelated preparations",3.00222222222222
"Unrelated preparations",-26.5344444444445
"Unrelated preparations",-22.0922222222222
"Unrelated preparations",-6.81888888888888
"Unrelated preparations",-0.805555555555571
"Unrelated preparations",-17.3122222222222
"Unrelated preparations",-12.0777777777778
"Unrelated preparations",-20.6105555555555
"Unrelated preparations",-2.86277777777777
"Unrelated preparations",-30.2233333333333
"Unrelated preparations",-7.32000000000001
"Unrelated preparations",-7.35666666666667
"Unrelated preparations",-11.1883333333333
"Unrelated preparations",-11.5044444444444
"Unrelated preparations",7.62388888888889
"Unrelated preparations",-20.8938888888889
"Unrelated preparations",-37.8405555555555
"Unrelated preparations",-3.42777777777779
"Unrelated preparations",-14.885
"Unrelated preparations",-12.9605555555555
"Unrelated preparations",-9.46944444444443
"Unrelated preparations",-6.81277777777777
"Unrelated preparations",-39.19
"Unrelated preparations",-7.17277777777778
"Unrelated preparations",-19.8811111111111
"Unrelated preparations",-6.81055555555557
"Unrelated preparations",-25.2883333333333
"Unrelated preparations",-21.7033333333333
"Unrelated preparations",-5.79611111111113
"Unrelated preparations",-17.9216666666667
"Unrelated preparations",-8.92000000000002
"Unrelated preparations",-9.97888888888887
"Unrelated preparations",0.689444444444433
"Unrelated preparations",-1.98666666666668
"Unrelated preparations",-27.4038888888889
"Unrelated preparations",-23.5966666666667
"Unrelated preparations",-10.6872222222222
"Unrelated preparations",-9.1561111111111
"Unrelated preparations",-17.9533333333333
"Unrelated preparations",-21.6488888888889
"Unrelated preparations",-21.7427777777778
"Unrelated preparations",-29.9738888888889
"Unrelated preparations",-22.1605555555555
"Unrelated preparations",-15.8238888888889
"Unrelated preparations",-21.7688888888889
"Unrelated preparations",4.2038888888889
"Unrelated preparations",-4.19833333333332
"Unrelated preparations",-6.58333333333333
"Unrelated preparations",0.50333333333333
"Unrelated preparations",-14.8133333333333
"Unrelated preparations",-26.9294444444444
"Unrelated preparations",-19.505
"Unrelated preparations",-18.4566666666666
"Unrelated preparations",-21.8294444444444
"Unrelated preparations",6.23222222222223
"Unrelated preparations",-23.4605555555556
"Unrelated preparations",-11.7755555555556
"Unrelated preparations",-10.0694444444444
"Unrelated preparations",-21.0544444444445
"Unrelated preparations",-27.9977777777778
"Unrelated preparations",-19.1483333333333
"Unrelated preparations",-11.8411111111111
"Unrelated preparations",-26.7738888888889
"Unrelated preparations",6.67833333333333
"Unrelated preparations",-12.9844444444444
"Unrelated preparations",-22.8777777777778
"Unrelated preparations",-5.69555555555557
"Unrelated preparations",-16.1683333333333
"Unrelated preparations",-28.6216666666667
"Unrelated preparations",-4.74388888888889
"Unrelated preparations",-21.9727777777778
"Unrelated preparations",-5.3922222222222
"Unrelated preparations",-19.1766666666667
"Unrelated preparations",-12.7322222222222
"Unrelated preparations",-22.3088888888889
"Unrelated preparations",2.58666666666664
"Unrelated preparations",-20.4072222222222
"Unrelated preparations",-19.3
"Unrelated preparations",-28.44
"Unrelated preparations",-25.6416666666667
"Unrelated preparations",-21.0022222222222
"Unrelated preparations",-12.1055555555556
"Unrelated preparations",-16.31
"Unrelated preparations",-12.5072222222222
"Unrelated preparations",-27.3327777777778
"Unrelated preparations",-31.51
"Unrelated preparations",-22.4711111111111
"Unrelated preparations",1.88444444444444
"Unrelated preparations",-3.32499999999999
"Unrelated preparations",-23.3166666666667
"Unrelated preparations",-16.3905555555555
"Unrelated preparations",-19.7738888888889
"Unrelated preparations",-19.9266666666667
"Unrelated preparations",-9.54444444444447
"Unrelated preparations",-10.0272222222222
"Unrelated preparations",-4.35277777777776
"Unrelated preparations",-15.965
"Unrelated preparations",-8.4061111111111
"Unrelated preparations",-4.29055555555556
"Unrelated preparations",-19.1
"Unrelated preparations",-10.4966666666667
"Unrelated preparations",-8.78277777777778
"Unrelated preparations",4.88500000000002
"Unrelated preparations",-36.4988888888889
"Unrelated preparations",-29.5394444444444
"Unrelated preparations",3.28722222222223
"Unrelated preparations",-22.945
"Unrelated preparations",-10.3088888888889
"Unrelated preparations",-20.1666666666666
"Unrelated preparations",-25.2894444444444
"Unrelated preparations",-17.5566666666667
"Unrelated preparations",-18.735
"Unrelated preparations",0.210000000000022
"Unrelated preparations",-14.4738888888889
"Unrelated preparations",-10.2066666666667
"Unrelated preparations",-6.28666666666669
"Unrelated preparations",-7.48833333333333
"Unrelated preparations",-27.0672222222222
"Unrelated preparations",-21.5811111111111
"Unrelated preparations",-19.8688888888889
"Unrelated preparations",-10.2072222222222
"Unrelated preparations",-8.005
"Unrelated preparations",0.0738888888889022
"Unrelated preparations",-7.11999999999998
"Unrelated preparations",-14.8344444444445
"Unrelated preparations",-9.80000000000001
"Unrelated preparations",-20.8788888888889
"Unrelated preparations",-19.3894444444444
"Unrelated preparations",-4.8688888888889
"Unrelated preparations",-18.8494444444444
"Unrelated preparations",-13.0205555555555
"Unrelated preparations",4.50111111111111
"Unrelated preparations",-28.26
"Unrelated preparations",-22.7288888888889
"Unrelated preparations",-13.6322222222222
"Unrelated preparations",-16.6438888888889
"Unrelated preparations",-5.84444444444445
"Unrelated preparations",-11.0144444444444
"Unrelated preparations",-15.0444444444445
"Unrelated preparations",-13.8038888888889
"Unrelated preparations",-2.95722222222223
"Unrelated preparations",-6.91
"Unrelated preparations",3.11333333333332
"Unrelated preparations",-15.6761111111111
"Unrelated preparations",-14.8566666666667
"Unrelated preparations",-9.56166666666668
"Unrelated preparations",-19.7655555555555
"Unrelated preparations",-6.26277777777779
"Unrelated preparations",5.575
"Unrelated preparations",-11.6222222222222
"Unrelated preparations",-19.9377777777778
"Unrelated preparations",-11.8472222222222
"Unrelated preparations",-30.14
"Unrelated preparations",-23.9783333333333
"Unrelated preparations",-31.6555555555556
"Unrelated preparations",-24.72
"Unrelated preparations",-14.3716666666666
"Unrelated preparations",-12.23
"Unrelated preparations",5.22944444444447
"Unrelated preparations",-8.7961111111111
"Unrelated preparations",-8.52111111111111
"Unrelated preparations",-10.4033333333333
"Unrelated preparations",-5.30777777777777
"Unrelated preparations",-26.33
"Unrelated preparations",-7.99055555555555
"Unrelated preparations",-6.65722222222223
"Unrelated preparations",-14.6527777777778
"Unrelated preparations",-12.3311111111111
"Unrelated preparations",4.68111111111111
"Unrelated preparations",-11.1661111111111
"Unrelated preparations",-21.1611111111111
"Unrelated preparations",-25.9622222222222
"Unrelated preparations",-3.95388888888886
"Unrelated preparations",-16.9233333333333
"Unrelated preparations",-14.8811111111111
"Unrelated preparations",-21.4816666666666
"Unrelated preparations",-15.2505555555556
"Unrelated preparations",2.91499999999999
"Unrelated preparations",-15.2477777777778
"Unrelated preparations",-23.3322222222222
"Unrelated preparations",3.46777777777777
"Unrelated preparations",-20.9077777777778
"Unrelated preparations",-19.1233333333333
"Unrelated preparations",-16.835
"Unrelated preparations",-28.5444444444445
"Unrelated preparations",1.38166666666669
"Unrelated preparations",-24.1916666666666
"Unrelated preparations",-21.0311111111111
"Unrelated preparations",-30.1388888888889
"Unrelated preparations",-15.4655555555556
"Unrelated preparations",-29.1894444444444
"Unrelated preparations",-16.4683333333334
"Unrelated preparations",6
"Unrelated preparations",-13.1244444444444
"Unrelated preparations",-21.2355555555556
"Unrelated preparations",-11.7188888888889
"Unrelated preparations",-11.2444444444444
"Unrelated preparations",-1.90555555555557
"Unrelated preparations",-22.0605555555556
"Unrelated preparations",-12.5066666666667
"Unrelated preparations",-15.8677777777778
"Unrelated preparations",-8.37611111111111
"Unrelated preparations",-8.57555555555557
"Unrelated preparations",-15.3627777777778
"Unrelated preparations",-18.3888888888889
"Unrelated preparations",-27.4761111111111
"Unrelated preparations",-10.2122222222222
"Unrelated preparations",-19.515
"Unrelated preparations",-21.6333333333334
"Unrelated preparations",-9.83055555555558
"Unrelated preparations",-8.66333333333336
"Unrelated preparations",4.27444444444444
"Unrelated preparations",-21.5166666666667
"Unrelated preparations",-10.3772222222222
"Unrelated preparations",-18.9794444444445
"Unrelated preparations",-37.585
"Unrelated preparations",-18.8722222222222
"Unrelated preparations",-7.35277777777776
"Unrelated preparations",-15.2916666666667
"Unrelated preparations",-2.93833333333333
"Unrelated preparations",-5.65722222222223
"Unrelated preparations",-10.8711111111111
"Unrelated preparations",-14.2938888888889
"Unrelated preparations",-23.6855555555555
"Unrelated preparations",9.38166666666666
"Unrelated preparations",-19.6222222222222
"Unrelated preparations",-15.6127777777778
"Unrelated preparations",-1.98499999999999
"Unrelated preparations",-11.6305555555556
"Unrelated preparations",-11.4755555555556
"Unrelated preparations",-9.3138888888889
"Unrelated preparations",-13.3783333333333
"Unrelated preparations",-21.81
"Unrelated preparations",-16.2238888888889
"Unrelated preparations",-27.3355555555556
"Unrelated preparations",-13.0722222222222
"Unrelated preparations",-9.75222222222223
"Unrelated preparations",-24.0361111111111
"Unrelated preparations",-13.5738888888889
"Unrelated preparations",-17.5333333333333
"Unrelated preparations",-15.87
"Unrelated preparations",-2.25333333333332
"Unrelated preparations",-27.4633333333333
"Unrelated preparations",-19.1322222222222
"Unrelated preparations",-4.84388888888887
"Unrelated preparations",-3.54111111111114
"Unrelated preparations",-14.7772222222222
"Unrelated preparations",-23.3627777777778
"Unrelated preparations",-0.937222222222218
"Unrelated preparations",-24.3761111111111
"Unrelated preparations",-2.05444444444446
"Unrelated preparations",2.52944444444444
"Unrelated preparations",-22.16
"Unrelated preparations",-20.0538888888889
"Unrelated preparations",-0.0244444444444554
"Unrelated preparations",-23.7672222222222
"Unrelated preparations",-13.0338888888889
"Unrelated preparations",-27.8322222222222
"Unrelated preparations",-21.3877777777778
"Unrelated preparations",-8.78611111111111
"Unrelated preparations",-18.0672222222222
"Unrelated preparations",-6.005
"Unrelated preparations",-14.4427777777778
"Unrelated preparations",-9.70222222222225
"Unrelated preparations",-6.955
"Unrelated preparations",-28.8911111111111
"Unrelated preparations",-20.68
"Unrelated preparations",-13.0944444444445
"Unrelated preparations",-9.91277777777779
"Unrelated preparations",-6.3961111111111
"Unrelated preparations",1.60166666666665
"Unrelated preparations",-20.1116666666666
"Unrelated preparations",-14.5316666666667
"Unrelated preparations",-16.5133333333333
"Unrelated preparations",-10.3066666666667
"Unrelated preparations",-0.216666666666683
"Unrelated preparations",-7.6488888888889
"Unrelated preparations",-12.7233333333333
"Unrelated preparations",-19.7138888888889
"Unrelated preparations",-10.02
"Unrelated preparations",-17.8494444444445
"Unrelated preparations",1.11444444444446
"Unrelated preparations",0.200555555555553
"Unrelated preparations",-31.2888888888889
"Unrelated preparations",0.50333333333333
"Unrelated preparations",-9.58055555555555
"Unrelated preparations",-4.84611111111111
"Unrelated preparations",-17.7272222222222
"Unrelated preparations",-28.6027777777778
"Unrelated preparations",-23.2561111111111
"Unrelated preparations",-12.6844444444444
"Unrelated preparations",-20.4744444444445
"Unrelated preparations",-7.44944444444448
"Unrelated preparations",-9.10888888888888
"Unrelated preparations",-17.5555555555556
"Unrelated preparations",-10.655
"Unrelated preparations",-0.896666666666675
"Unrelated preparations",-29.1883333333333
"Unrelated preparations",-35.07
"Unrelated preparations",5.44055555555556
"Unrelated preparations",-22.7466666666667
"Unrelated preparations",-11.9116666666667
"Unrelated preparations",7.29777777777777
"Unrelated preparations",-3.11333333333333
"Unrelated preparations",-30.6038888888889
"Unrelated preparations",-33.3722222222222
"Unrelated preparations",-10.3355555555555
"Unrelated preparations",-19.7433333333333
"Unrelated preparations",-15.6505555555556
"Unrelated preparations",-22.8027777777778
"Unrelated preparations",-0.44611111111108
"Unrelated preparations",-7.26333333333335
"Unrelated preparations",-12.5288888888889
"Unrelated preparations",-14.1511111111111
"Unrelated preparations",-22.1
"Unrelated preparations",2.22277777777781
"Unrelated preparations",-18.4183333333333
"Unrelated preparations",10.0994444444445
"Unrelated preparations",-22.3161111111111
"Unrelated preparations",-10.1961111111111
"Unrelated preparations",-4.78333333333335
"Unrelated preparations",-27.0061111111111
"Unrelated preparations",-5.2127777777778
"Unrelated preparations",-6.10277777777779
"Unrelated preparations",-7.99777777777778
"Unrelated preparations",-3.18944444444445
"Unrelated preparations",-16.2377777777778
"Unrelated preparations",-11.3266666666667
"Unrelated preparations",-7.49388888888888
"Unrelated preparations",-15.1016666666667
"Unrelated preparations",-18.4655555555556
"Unrelated preparations",-25.3388888888889
"Unrelated preparations",-14.5938888888889
"Unrelated preparations",-36.4466666666667
"Unrelated preparations",-17.3705555555556
"Unrelated preparations",-19.0066666666667
"Unrelated preparations",-42.1927777777778
"Unrelated preparations",-21.0577777777778
"Unrelated preparations",2.35055555555554
"Unrelated preparations",-15.6966666666667
"Unrelated preparations",-13.4361111111111
"Unrelated preparations",-24.2816666666667
"Unrelated preparations",-12.5033333333333
"Unrelated preparations",-0.637222222222235
"Unrelated preparations",-12.3105555555556
"Unrelated preparations",-15.5516666666667
"Unrelated preparations",-10.0122222222222
"Unrelated preparations",-22.88
"Unrelated preparations",-2.15944444444446
"Unrelated preparations",-14.8466666666667
"Unrelated preparations",-16.0705555555555
"Unrelated preparations",-23.6444444444444
"Unrelated preparations",-27.2416666666667
"Unrelated preparations",-23.0877777777778
"Unrelated preparations",-13.2711111111111
"Unrelated preparations",-22.1483333333333
"Unrelated preparations",-14.9394444444444
"Unrelated preparations",-4.57222222222224
"Unrelated preparations",-8.935
"Unrelated preparations",2.26666666666667
"Unrelated preparations",6.54444444444445
"Unrelated preparations",-7.3161111111111
"Unrelated preparations",-9.41500000000001
"Unrelated preparations",-10.4144444444444
"Unrelated preparations",-9.27277777777778
"Unrelated preparations",-22.4644444444445
"Unrelated preparations",-31.4677777777778
"Unrelated preparations",-22.9416666666666
"Unrelated preparations",-26.4994444444444
"Unrelated preparations",-17.7505555555556
"Unrelated preparations",-21.0255555555556
"Unrelated preparations",-26.7372222222222
"Unrelated preparations",-10.3083333333333
"Unrelated preparations",-5.21111111111111
"Unrelated preparations",-19.0994444444444
"Unrelated preparations",-3.54833333333333
"Unrelated preparations",-24.7661111111111
"Unrelated preparations",-7.96888888888888
"Unrelated preparations",-5.315
"Unrelated preparations",-30.1983333333333
"Unrelated preparations",-9.26277777777779
"Unrelated preparations",-8.66555555555556
"Unrelated preparations",-21.3666666666667
"Unrelated preparations",-17.2372222222222
"Unrelated preparations",1.42611111111113
"Unrelated preparations",-24.8683333333334
"Unrelated preparations",-27.2238888888889
"Unrelated preparations",-2.41333333333334
"Unrelated preparations",-19.1905555555556
"Unrelated preparations",-8.16222222222223
"Unrelated preparations",-10.4988888888889
"Unrelated preparations",-24.7861111111111
"Unrelated preparations",-21.4438888888889
"Unrelated preparations",-3.02777777777777
"Unrelated preparations",8.41055555555553
"Unrelated preparations",-11.88
"Unrelated preparations",-20.2083333333334
"Unrelated preparations",-16.3433333333333
"Unrelated preparations",-18.8272222222222
"Unrelated preparations",4.9238888888889
"Unrelated preparations",-27.8822222222222
"Unrelated preparations",-17.2905555555556
"Unrelated preparations",-24.4938888888889
"Unrelated preparations",-16.2838888888889
"Unrelated preparations",-4.09833333333334
"Unrelated preparations",-21.805
"Unrelated preparations",-0.592222222222205
"Unrelated preparations",-3.94833333333335
"Unrelated preparations",-7.82166666666666
"Unrelated preparations",-14.5627777777778
"Unrelated preparations",-1.2561111111111
"Unrelated preparations",-25.0444444444445
"Unrelated preparations",-10.0644444444444
"Unrelated preparations",-12.9927777777778
"Unrelated preparations",-17.41
"Unrelated preparations",-4.64222222222222
"Unrelated preparations",-20.0133333333333
"Unrelated preparations",-15.7805555555556
"Unrelated preparations",-5.32666666666664
"Unrelated preparations",-9.47333333333333
"Unrelated preparations",-39.7266666666667
"Unrelated preparations",-25.7555555555555
"Unrelated preparations",0.128888888888866
"Unrelated preparations",-25.2044444444444
"Unrelated preparations",-14.9661111111111
"Unrelated preparations",-14.5761111111111
"Unrelated preparations",-12.9727777777778
"Unrelated preparations",-25.9394444444444
"Unrelated preparations",-13.1666666666667
"Unrelated preparations",-15.3855555555556
"Unrelated preparations",-34.4327777777778
"Unrelated preparations",-10.4811111111111
"Unrelated preparations",-9.14111111111112
"Unrelated preparations",-33.9661111111111
"Unrelated preparations",-10.4522222222222
"Unrelated preparations",-21.9044444444444
"Unrelated preparations",-20.6305555555556
"Unrelated preparations",-4.74944444444444
"Unrelated preparations",-2.7811111111111
"Unrelated preparations",-11.5677777777778
"Unrelated preparations",-12.2283333333333
"Unrelated preparations",-10.14
"Unrelated preparations",-8.045
"Unrelated preparations",-3.46055555555556
"Unrelated preparations",-16.7155555555556
"Unrelated preparations",-14.0755555555556
"Unrelated preparations",-21.4861111111111
"Unrelated preparations",-7.13277777777779
"Unrelated preparations",-21.0033333333333
"Unrelated preparations",-27.3488888888889
"Unrelated preparations",-8.57722222222223
"Unrelated preparations",-19.1955555555556
"Unrelated preparations",-22.0766666666667
"Unrelated preparations",-24.165
"Unrelated preparations",4.18333333333334
"Unrelated preparations",-31.2961111111111
"Unrelated preparations",-15.8088888888889
"Unrelated preparations",-21.0394444444445
"Unrelated preparations",-13.3955555555556
"Unrelated preparations",-17.8744444444444
"Unrelated preparations",-16.6377777777778
"Unrelated preparations",-10.7577777777777
"Unrelated preparations",-36.7194444444445
"Unrelated preparations",-25.2322222222222
"Unrelated preparations",0.379999999999995
"Unrelated preparations",-21.8416666666667
"Unrelated preparations",6.15944444444443
"Unrelated preparations",-15.1716666666667
"Unrelated preparations",-4.06055555555557
"Unrelated preparations",-2.89611111111111
"Unrelated preparations",-15.5388888888889
"Unrelated preparations",-29.9127777777778
"Unrelated preparations",-23.6216666666666
"Unrelated preparations",-8.32388888888889
"Unrelated preparations",-12.535
"Unrelated preparations",-23.0477777777778
"Unrelated preparations",-36.1827777777778
"Unrelated preparations",-24.1183333333333
"Unrelated preparations",-2.39166666666665
"Unrelated preparations",-16.3511111111111
"Unrelated preparations",-9.49222222222224
"Unrelated preparations",-3.24333333333334
"Unrelated preparations",-3.83499999999999
"Unrelated preparations",1.31944444444441
"Unrelated preparations",-12.9027777777778
"Unrelated preparations",-13.8066666666667
"Unrelated preparations",-28.8316666666666
"Unrelated preparations",-4.25722222222223
"Unrelated preparations",-13.265
"Unrelated preparations",-20.6527777777778
"Unrelated preparations",-10.7461111111111
"Unrelated preparations",-23.4277777777778
"Unrelated preparations",0.448888888888874
"Unrelated preparations",-6.21888888888888
"Unrelated preparations",-19.0227777777778
"Unrelated preparations",-26.0211111111111
"Unrelated preparations",-29.5683333333333
"Unrelated preparations",-23.9622222222222
"Unrelated preparations",-36.9861111111111
"Unrelated preparations",2.04666666666668
"Unrelated preparations",-17.665
"Unrelated preparations",-9.76611111111112
"Unrelated preparations",-22.0438888888889
"Unrelated preparations",-8.40722222222223
"Unrelated preparations",-12.5188888888889
"Unrelated preparations",-13.9633333333334
"Unrelated preparations",0.513333333333335
"Unrelated preparations",-38.045
"Unrelated preparations",-23.9411111111111
"Unrelated preparations",1.57444444444445
"Unrelated preparations",-3.87555555555556
"Unrelated preparations",-36.9111111111111
"Unrelated preparations",-14.74
"Unrelated preparations",-15.3538888888889
"Unrelated preparations",-8.94333333333333
"Unrelated preparations",-23.0555555555556
"Unrelated preparations",-23.5083333333333
"Unrelated preparations",-12.3155555555556
"Unrelated preparations",-18.2338888888889
"Unrelated preparations",-11.5988888888889
"Unrelated preparations",-15.1294444444444
"Unrelated preparations",-10.0472222222222
"Unrelated preparations",-1.9466666666667
"Unrelated preparations",-10.2627777777778
"Unrelated preparations",-6.45611111111108
"Unrelated preparations",-19.9922222222222
"Unrelated preparations",-17.41
"Unrelated preparations",-20.8505555555556
"Unrelated preparations",-12.0472222222222
"Unrelated preparations",-8.98555555555555
"Unrelated preparations",-0.530000000000015
"Unrelated preparations",-1.27277777777778
"Unrelated preparations",-4.16888888888893
"Unrelated preparations",-16.3266666666667
"Unrelated preparations",-22.5077777777778
"Unrelated preparations",-18.4633333333333
"Unrelated preparations",-11.075
"Unrelated preparations",-9.83999999999997
"Unrelated preparations",-1.94888888888889
"Unrelated preparations",3.99777777777777
"Unrelated preparations",-32.3438888888889
"Unrelated preparations",-30.2922222222222
"Unrelated preparations",1.17944444444446
"Unrelated preparations",-9.24555555555554
"Unrelated preparations",-1.65555555555558
"Unrelated preparations",-1.00388888888888
"Unrelated preparations",-11.8211111111111
"Unrelated preparations",-13.7211111111111
"Unrelated preparations",-18.1983333333334
"Unrelated preparations",-20.5894444444445
"Unrelated preparations",-11.9994444444444
"Unrelated preparations",-6.70333333333333
"Unrelated preparations",-22.2261111111111
"Unrelated preparations",-31.7738888888889
"Unrelated preparations",1.3322222222222
"Unrelated preparations",-21.2455555555556
"Unrelated preparations",-12.1038888888889
"Unrelated preparations",-15.2816666666667
"Unrelated preparations",-7.27722222222224
"Unrelated preparations",-7.33388888888889
"Unrelated preparations",-12.8761111111111
"Unrelated preparations",-1.31777777777779
"Unrelated preparations",-3.24666666666667
"Unrelated preparations",-33.0494444444444
"Unrelated preparations",-14.2927777777778
"Unrelated preparations",-14.0677777777778
"Unrelated preparations",-19.675
"Unrelated preparations",1.28055555555555
"Unrelated preparations",-33.5877777777777
"Unrelated preparations",-5.21777777777777
"Unrelated preparations",-17.1305555555555
"Unrelated preparations",-11.885
"Unrelated preparations",-22.3577777777778
"Unrelated preparations",-21.6755555555556
"Unrelated preparations",-5.45666666666665
"Unrelated preparations",-10.4022222222222
"Unrelated preparations",-15.9038888888889
"Unrelated preparations",-7.8988888888889
"Unrelated preparations",-14.4977777777778
"Unrelated preparations",3.51666666666667
"Unrelated preparations",-20.1583333333333
"Unrelated preparations",-3.95722222222223
"Unrelated preparations",-23.0244444444445
"Unrelated preparations",-26.5577777777778
"Unrelated preparations",-16.4883333333333
"Unrelated preparations",-15.3838888888889
"Unrelated preparations",-15.22
"Unrelated preparations",-14.1327777777778
"Unrelated preparations",-8.80222222222221
"Unrelated preparations",-18.675
"Unrelated preparations",-28.1766666666667
"Unrelated preparations",-14.6411111111111
"Unrelated preparations",-16.0216666666667
"Unrelated preparations",-19.025
"Unrelated preparations",-12.3377777777778
"Unrelated preparations",-21.7616666666667
"Unrelated preparations",-7.34444444444443
"Unrelated preparations",-25.8216666666667
"Unrelated preparations",-22.6205555555556
"Unrelated preparations",-11.7383333333333
"Unrelated preparations",-8.19388888888889
"Unrelated preparations",-16.8961111111111
"Unrelated preparations",-7.17666666666665
"Unrelated preparations",10.2633333333333
"Unrelated preparations",-34.74
"Unrelated preparations",-7.69944444444444
"Unrelated preparations",-8.125
"Unrelated preparations",-14.3183333333333
"Unrelated preparations",-16.9466666666667
"Unrelated preparations",-12.5588888888889
"Unrelated preparations",-19.9955555555556
"Unrelated preparations",-18.0022222222222
"Unrelated preparations",4.57833333333332
"Unrelated preparations",2.73388888888888
"Unrelated preparations",-11.9294444444444
"Unrelated preparations",-14.105
"Unrelated preparations",-29.9566666666667
"Unrelated preparations",-14.1588888888889
"Unrelated preparations",-5.10166666666667
"Unrelated preparations",-1.68666666666667
"Unrelated preparations",-11.9477777777778
"Unrelated preparations",-4.97722222222222
"Unrelated preparations",-22.0544444444444
"Unrelated preparations",-16.2433333333333
"Unrelated preparations",-8.19277777777778
"Unrelated preparations",-17.8327777777778
"Unrelated preparations",-9.63222222222224
"Unrelated preparations",-11.9022222222222
"Unrelated preparations",-2.95277777777775
"Unrelated preparations",-9.09111111111112
"Unrelated preparations",-13.46
"Unrelated preparations",-19.3444444444444
"Unrelated preparations",-28.0383333333333
"Unrelated preparations",3.83333333333331
"Unrelated preparations",-20.9233333333333
"Unrelated preparations",-18.1961111111111
"Unrelated preparations",-0.161666666666676
"Unrelated preparations",-3.96166666666669
"Unrelated preparations",-8.35055555555554
"Unrelated preparations",-2.215
"Unrelated preparations",-24.135
"Unrelated preparations",-4.04666666666668
"Unrelated preparations",-15.9183333333333
"Unrelated preparations",-4.4788888888889
"Unrelated preparations",-14.7366666666667
"Unrelated preparations",-5.9361111111111
"Unrelated preparations",-12.3138888888889
"Unrelated preparations",-27.3138888888889
"Unrelated preparations",-20.1994444444444
"Unrelated preparations",-22.1294444444445
"Unrelated preparations",5.50277777777779
"Unrelated preparations",-17.9944444444445
"Unrelated preparations",-11.6966666666667
"Unrelated preparations",-17.5288888888889
"Unrelated preparations",-22.8088888888889
"Unrelated preparations",-10.4966666666667
"Unrelated preparations",-13.8488888888889
"Unrelated preparations",-12.2827777777778
"Unrelated preparations",-10.3677777777778
"Unrelated preparations",-24.275
"Unrelated preparations",-20.1183333333333
"Unrelated preparations",-12.6916666666667
"Unrelated preparations",-17.7766666666667
"Unrelated preparations",-9.90611111111112
"Unrelated preparations",-20.6738888888889
"Unrelated preparations",-9.17
"Unrelated preparations",-2.13777777777779
"Unrelated preparations",-19.3888888888889
"Unrelated preparations",-22.8394444444444
"Unrelated preparations",-1.43333333333332
"Unrelated preparations",-9.20277777777778
"Unrelated preparations",-15.8844444444444
"Unrelated preparations",-6.14111111111112
"Unrelated preparations",-10.8022222222222
"Unrelated preparations",-19.4822222222222
"Unrelated preparations",-8.35222222222225
"Unrelated preparations",-5.58666666666667
"Unrelated preparations",-16.7905555555556
"Unrelated preparations",-7.80055555555555
"Unrelated preparations",-17.8072222222223
"Unrelated preparations",-4.95722222222223
"Unrelated preparations",-8.10055555555556
"Unrelated preparations",-13.1666666666667
"Unrelated preparations",-6.54166666666669
"Unrelated preparations",-18.2677777777778
"Unrelated preparations",-20.9166666666667
"Unrelated preparations",-12.9133333333333
"Unrelated preparations",-22.6638888888889
"Unrelated preparations",-18.3533333333333
"Unrelated preparations",-21.4
"Unrelated preparations",-5.70833333333333
"Unrelated preparations",-11.87
"Unrelated preparations",-9.73999999999998
"Unrelated preparations",-9.62888888888888
"Unrelated preparations",-23.0072222222222
"Unrelated preparations",-25.85
"Unrelated preparations",-20.9427777777778
"Unrelated preparations",-19.6188888888889
"Unrelated preparations",-9.63166666666667
"Unrelated preparations",-10.8016666666666
"Unrelated preparations",-20.8538888888889
"Unrelated preparations",-9.34666666666666
"Matched preparation pairs",-16.4005555555556
"Matched preparation pairs",-20.3744444444444
"Matched preparation pairs",-16.3955555555556
"Matched preparation pairs",-11.115
"Matched preparation pairs",-20.705
"Matched preparation pairs",-16.2461111111111
"Matched preparation pairs",-8.59444444444444
"Matched preparation pairs",-9.48277777777778
"Matched preparation pairs",-8.15444444444444
"Matched preparation pairs",-11.6366666666667
"Matched preparation pairs",-6.01611111111112
"Matched preparation pairs",-16.1094444444444
"Matched preparation pairs",-9.73611111111111
"Matched preparation pairs",-18.9411111111111
"Matched preparation pairs",-18.1055555555556
"Matched preparation pairs",-16.4155555555556
"Matched preparation pairs",-15.0683333333333
"Matched preparation pairs",-10.8077777777778
"Matched preparation pairs",-15.5061111111111
"Matched preparation pairs",-9.88222222222222
"Matched preparation pairs",-13.2844444444444
"Matched preparation pairs",-14.3883333333333
"Matched preparation pairs",-15.5905555555556
"Matched preparation pairs",-9.39111111111111
"Matched preparation pairs",-10.0794444444444
"Matched preparation pairs",-13.7844444444444
"Matched preparation pairs",-16.5105555555556
"Matched preparation pairs",-9.67722222222222
"Matched preparation pairs",-15.3738888888889
"Matched preparation pairs",-13.2755555555556
"Matched preparation pairs",-18.9811111111111
"Matched preparation pairs",-10.4116666666667
"Matched preparation pairs",-15.4333333333333
"Matched preparation pairs",-18.1466666666667
"Matched preparation pairs",-13.7672222222222
"Matched preparation pairs",-11.4261111111111
"Matched preparation pairs",-14.8361111111111
"Matched preparation pairs",-12.3844444444444
"Matched preparation pairs",-21.5216666666667
"Matched preparation pairs",-13.5205555555556
"Matched preparation pairs",-14.6422222222222
"Matched preparation pairs",-15.4538888888889
"Matched preparation pairs",-13.6833333333333
"Matched preparation pairs",-16.5772222222222
"Matched preparation pairs",-10.3238888888889
"Matched preparation pairs",-16.1122222222222
"Matched preparation pairs",-14.2405555555556
"Matched preparation pairs",-20.3427777777778
"Matched preparation pairs",-11.6933333333333
"Matched preparation pairs",-4.7688888888889
"Matched preparation pairs",-19.9733333333333
"Matched preparation pairs",-22.4977777777778
"Matched preparation pairs",-16.0427777777778
"Matched preparation pairs",-11.4555555555556
"Matched preparation pairs",-0.225555555555554
"Matched preparation pairs",-21.3077777777778
"Matched preparation pairs",-9.63111111111111
"Matched preparation pairs",-13.3344444444444
"Matched preparation pairs",-12.9644444444444
"Matched preparation pairs",-16.2066666666667
"Matched preparation pairs",-19.3416666666667
"Matched preparation pairs",-14.2005555555556
"Matched preparation pairs",-8.95777777777778
"Matched preparation pairs",-8.42333333333333
"Matched preparation pairs",-19.2761111111111
"Matched preparation pairs",-15.5683333333333
"Matched preparation pairs",-8.68444444444444
"Matched preparation pairs",-14.0605555555556
"Matched preparation pairs",-16.7194444444444
"Matched preparation pairs",-21.5433333333333
"Matched preparation pairs",-15.3405555555556
"Matched preparation pairs",-14.0994444444444
"Matched preparation pairs",-7.66555555555556
"Matched preparation pairs",-11.7705555555555
"Matched preparation pairs",-19.2494444444444
"Matched preparation pairs",-5.82333333333334
"Matched preparation pairs",-11.8272222222222
"Matched preparation pairs",-15.5516666666667
"Matched preparation pairs",-16.8838888888889
"Matched preparation pairs",-11.22
"Matched preparation pairs",-14.5283333333333
"Matched preparation pairs",-11.8888888888889
"Matched preparation pairs",-20.7961111111111
"Matched preparation pairs",-13.1183333333333
"Matched preparation pairs",-17.3277777777778
"Matched preparation pairs",-16.6
"Matched preparation pairs",-17.87
"Matched preparation pairs",-10.9655555555556
"Matched preparation pairs",-15.4055555555556
"Matched preparation pairs",-15.76
"Matched preparation pairs",-11.4244444444444
"Matched preparation pairs",-16.9588888888889
"Matched preparation pairs",-15.9738888888889
"Matched preparation pairs",-18.7055555555556
"Matched preparation pairs",-13.4905555555556
"Matched preparation pairs",-11.1588888888889
"Matched preparation pairs",-18.9683333333333
"Matched preparation pairs",-5.93722222222222
"Matched preparation pairs",-19.4833333333333
"Matched preparation pairs",-13.545
"Matched preparation pairs",-18.98
"Matched preparation pairs",-10.5277777777778
"Matched preparation pairs",-12.015
"Matched preparation pairs",-19.3933333333333
"Matched preparation pairs",-6.65722222222222
"Matched preparation pairs",-13.325
"Matched preparation pairs",-10.8233333333333
"Matched preparation pairs",-12.9333333333333
"Matched preparation pairs",-17.4322222222222
"Matched preparation pairs",-15.8111111111111
"Matched preparation pairs",-11.0488888888889
"Matched preparation pairs",-18.8994444444444
"Matched preparation pairs",-10.0188888888889
"Matched preparation pairs",-18.0261111111111
"Matched preparation pairs",-10.1894444444444
"Matched preparation pairs",-9.44888888888889
"Matched preparation pairs",-18.2455555555556
"Matched preparation pairs",-10.5333333333333
"Matched preparation pairs",-13.2772222222222
"Matched preparation pairs",-21.4983333333333
"Matched preparation pairs",-15.5016666666667
"Matched preparation pairs",-19.125
"Matched preparation pairs",-20.5055555555556
"Matched preparation pairs",-15.6466666666667
"Matched preparation pairs",-15.1627777777778
"Matched preparation pairs",-13.4627777777778
"Matched preparation pairs",-11.8655555555556
"Matched preparation pairs",-13.1766666666667
"Matched preparation pairs",-15.6027777777778
"Matched preparation pairs",-13.6705555555556
"Matched preparation pairs",-13.6477777777778
"Matched preparation pairs",-12.83
"Matched preparation pairs",-13.6694444444445
"Matched preparation pairs",-11.4427777777778
"Matched preparation pairs",-13.0605555555556
"Matched preparation pairs",-13.5711111111111
"Matched preparation pairs",-14.3366666666667
"Matched preparation pairs",-13.16
"Matched preparation pairs",-11.4477777777778
"Matched preparation pairs",-15.1444444444444
"Matched preparation pairs",-17.5594444444444
"Matched preparation pairs",-12.69
"Matched preparation pairs",-16.9827777777778
"Matched preparation pairs",-10.4761111111111
"Matched preparation pairs",-12.2088888888889
"Matched preparation pairs",-13.1533333333333
"Matched preparation pairs",-12.0038888888889
"Matched preparation pairs",-6.28388888888889
"Matched preparation pairs",-12.6027777777778
"Matched preparation pairs",-9.20888888888888
"Matched preparation pairs",-10.7716666666667
"Matched preparation pairs",-10.3011111111111
"Matched preparation pairs",-18.5394444444444
"Matched preparation pairs",-15.3577777777778
"Matched preparation pairs",-12.8527777777778
"Matched preparation pairs",-15.92
"Matched preparation pairs",-20.4688888888889
"Matched preparation pairs",-18.755
"Matched preparation pairs",-18.0338888888889
"Matched preparation pairs",-11.0383333333333
"Matched preparation pairs",-11.5216666666667
"Matched preparation pairs",-16.8277777777778
"Matched preparation pairs",-14.2133333333333
"Matched preparation pairs",-15.7111111111111
"Matched preparation pairs",-21.0938888888889
"Matched preparation pairs",-16.8472222222222
"Matched preparation pairs",-8.54
"Matched preparation pairs",-13.1066666666667
"Matched preparation pairs",-19.66
"Matched preparation pairs",-14.2305555555556
"Matched preparation pairs",-8.615
"Matched preparation pairs",-14.6272222222222
"Matched preparation pairs",-8.01166666666666
"Matched preparation pairs",-10.4638888888889
"Matched preparation pairs",-19.3916666666667
"Matched preparation pairs",-15.2166666666667
"Matched preparation pairs",-12.5877777777778
"Matched preparation pairs",-13.8894444444444
"Matched preparation pairs",-15.6761111111111
"Matched preparation pairs",-7.91666666666666
"Matched preparation pairs",-18.0766666666667
"Matched preparation pairs",-8.81777777777778
"Matched preparation pairs",-17.505
"Matched preparation pairs",-13.0177777777778
"Matched preparation pairs",-11.8622222222222
"Matched preparation pairs",-13.1088888888889
"Matched preparation pairs",-17.6283333333333
"Matched preparation pairs",-10.2933333333333
"Matched preparation pairs",-15.5777777777778
"Matched preparation pairs",-16.8711111111111
"Matched preparation pairs",-8.24333333333333
"Matched preparation pairs",-12.0055555555556
"Matched preparation pairs",-12.3972222222222
"Matched preparation pairs",-9.99
"Matched preparation pairs",-21.8088888888889
"Matched preparation pairs",-6.74333333333333
"Matched preparation pairs",-9.97277777777778
"Matched preparation pairs",-16.8388888888889
"Matched preparation pairs",-19.8288888888889
"Matched preparation pairs",-17.2344444444444
"Matched preparation pairs",-22.4022222222222
"Matched preparation pairs",-18.4816666666667
"Matched preparation pairs",-7.58
"Matched preparation pairs",-17.0872222222222
"Matched preparation pairs",-13.7005555555556
"Matched preparation pairs",-16.0066666666667
"Matched preparation pairs",-15.9111111111111
"Matched preparation pairs",-16.3522222222222
"Matched preparation pairs",-9.47611111111111
"Matched preparation pairs",-12.5644444444444
"Matched preparation pairs",-16.3716666666667
"Matched preparation pairs",-5.57000000000001
"Matched preparation pairs",-8.03
"Matched preparation pairs",-18.195
"Matched preparation pairs",-12.905
"Matched preparation pairs",-13.475
"Matched preparation pairs",-21.0722222222222
"Matched preparation pairs",-11.2166666666667
"Matched preparation pairs",-11.6466666666667
"Matched preparation pairs",-15.6605555555556
"Matched preparation pairs",-16.8155555555556
"Matched preparation pairs",-12.0977777777778
"Matched preparation pairs",-20.7727777777778
"Matched preparation pairs",-16.3927777777778
"Matched preparation pairs",-16.1644444444444
"Matched preparation pairs",-11.9183333333333
"Matched preparation pairs",-13.1977777777778
"Matched preparation pairs",-15.5388888888889
"Matched preparation pairs",-12.8844444444444
"Matched preparation pairs",-15.2711111111111
"Matched preparation pairs",-9.645
"Matched preparation pairs",-19.9305555555556
"Matched preparation pairs",-14.3961111111111
"Matched preparation pairs",-13.6744444444444
"Matched preparation pairs",-10.3566666666667
"Matched preparation pairs",-14.9294444444444
"Matched preparation pairs",-12.1344444444444
"Matched preparation pairs",-16.0861111111111
"Matched preparation pairs",-11.4783333333333
"Matched preparation pairs",-8.96055555555555
"Matched preparation pairs",-11.4133333333333
"Matched preparation pairs",-15.9283333333333
"Matched preparation pairs",-13.61
"Matched preparation pairs",-23.8572222222222
"Matched preparation pairs",-5.58111111111111
"Matched preparation pairs",-20.6477777777778
"Matched preparation pairs",-13.3994444444444
"Matched preparation pairs",-10.2833333333333
"Matched preparation pairs",-12.4755555555556
"Matched preparation pairs",-17.05
"Matched preparation pairs",-9.87888888888888
"Matched preparation pairs",-13.7405555555556
"Matched preparation pairs",-10.5533333333333
"Matched preparation pairs",-9.82444444444444
"Matched preparation pairs",-14.8227777777778
"Matched preparation pairs",-20.2183333333333
"Matched preparation pairs",-8.55555555555556
"Matched preparation pairs",-10.3383333333333
"Matched preparation pairs",-14.9938888888889
"Matched preparation pairs",-12.36
"Matched preparation pairs",-9.36666666666667
"Matched preparation pairs",-16.4944444444444
"Matched preparation pairs",-8.94611111111112
"Matched preparation pairs",-17.8355555555556
"Matched preparation pairs",-13.6638888888889
"Matched preparation pairs",-15.5355555555556
"Matched preparation pairs",-13.7227777777778
"Matched preparation pairs",-17.03
"Matched preparation pairs",-12.3761111111111
"Matched preparation pairs",-14.9783333333333
"Matched preparation pairs",-9.75611111111111
"Matched preparation pairs",-15.9111111111111
"Matched preparation pairs",-9.87166666666667
"Matched preparation pairs",-17.9894444444444
"Matched preparation pairs",-20.0811111111111
"Matched preparation pairs",-17.2944444444444
"Matched preparation pairs",-14.0433333333333
"Matched preparation pairs",-9.45111111111112
"Matched preparation pairs",-10.0472222222222
"Matched preparation pairs",-12.2261111111111
"Matched preparation pairs",-16.18
"Matched preparation pairs",-23.02
"Matched preparation pairs",-6.42944444444445
"Matched preparation pairs",-16.9372222222222
"Matched preparation pairs",-9.09833333333333
"Matched preparation pairs",-10.2944444444444
"Matched preparation pairs",-11.1327777777778
"Matched preparation pairs",-9.97722222222222
"Matched preparation pairs",-16.5294444444444
"Matched preparation pairs",-10.455
"Matched preparation pairs",-14.1783333333333
"Matched preparation pairs",-17.8444444444445
"Matched preparation pairs",-15.1372222222222
"Matched preparation pairs",-17.2333333333333
"Matched preparation pairs",-12.9594444444444
"Matched preparation pairs",-19.2044444444444
"Matched preparation pairs",-17.5955555555556
"Matched preparation pairs",-17.2816666666667
"Matched preparation pairs",-19.1022222222222
"Matched preparation pairs",-12.85
"Matched preparation pairs",-17.7183333333333
"Matched preparation pairs",-7.29444444444444
"Matched preparation pairs",-10.9811111111111
"Matched preparation pairs",-11.2422222222222
"Matched preparation pairs",-7.90777777777777
"Matched preparation pairs",-8.40777777777777
"Matched preparation pairs",-6.22277777777779
"Matched preparation pairs",-15.0577777777778
"Matched preparation pairs",-10.0588888888889
"Matched preparation pairs",-14.1861111111111
"Matched preparation pairs",-12.8483333333333
"Matched preparation pairs",-18.15
"Matched preparation pairs",-12.4988888888889
"Matched preparation pairs",-14.4355555555556
"Matched preparation pairs",-22.9238888888889
"Matched preparation pairs",-16.6022222222222
"Matched preparation pairs",-16.6788888888889
"Matched preparation pairs",-15.5638888888889
"Matched preparation pairs",-17.7027777777778
"Matched preparation pairs",-18.6033333333333
"Matched preparation pairs",-17.9344444444444
"Matched preparation pairs",-14.3688888888889
"Matched preparation pairs",-17.4188888888889
"Matched preparation pairs",-10.9077777777778
"Matched preparation pairs",-12.3777777777778
"Matched preparation pairs",-13.9066666666667
"Matched preparation pairs",-13.3033333333333
"Matched preparation pairs",-16.2855555555556
"Matched preparation pairs",-6.5361111111111
"Matched preparation pairs",-12.0944444444444
"Matched preparation pairs",-12.3911111111111
"Matched preparation pairs",-15.7044444444444
"Matched preparation pairs",-17.4083333333333
"Matched preparation pairs",-13.8333333333333
"Matched preparation pairs",-16.6988888888889
"Matched preparation pairs",-18.6833333333333
"Matched preparation pairs",-8.99055555555555
"Matched preparation pairs",-13.6588888888889
"Matched preparation pairs",-19.4522222222222
"Matched preparation pairs",-14.1222222222222
"Matched preparation pairs",-17.0211111111111
"Matched preparation pairs",-17.6827777777778
"Matched preparation pairs",-13.0616666666667
"Matched preparation pairs",-20.9794444444445
"Matched preparation pairs",-14.2777777777778
"Matched preparation pairs",-17.3016666666667
"Matched preparation pairs",-10.5855555555556
"Matched preparation pairs",-16.8627777777778
"Matched preparation pairs",-17.5622222222222
"Matched preparation pairs",-13.3155555555556
"Matched preparation pairs",-11.355
"Matched preparation pairs",-16.9266666666667
"Matched preparation pairs",-15.2827777777778
"Matched preparation pairs",-9.02888888888889
"Matched preparation pairs",-13.0938888888889
"Matched preparation pairs",-3.58833333333334
"Matched preparation pairs",-21.1833333333333
"Matched preparation pairs",-15.8033333333333
"Matched preparation pairs",-13.2666666666667
"Matched preparation pairs",-17.7961111111111
"Matched preparation pairs",-16.4755555555556
"Matched preparation pairs",2.91833333333334
"Matched preparation pairs",-16.675
"Matched preparation pairs",-14.2772222222222
"Matched preparation pairs",-9.51722222222222
"Matched preparation pairs",-11.92
"Matched preparation pairs",-20.2894444444444
"Matched preparation pairs",-12.9361111111111
"Matched preparation pairs",-15.2383333333333
"Matched preparation pairs",-17.6783333333333
"Matched preparation pairs",-16.9772222222222
"Matched preparation pairs",-12.1494444444444
"Matched preparation pairs",-15.8838888888889
"Matched preparation pairs",-15.9044444444445
"Matched preparation pairs",-18.6694444444445
"Matched preparation pairs",-16.5916666666667
"Matched preparation pairs",-6.93555555555556
"Matched preparation pairs",-7.47555555555554
"Matched preparation pairs",-17.7072222222222
"Matched preparation pairs",-12.5261111111111
"Matched preparation pairs",-7.27
"Matched preparation pairs",-11.2994444444444
"Matched preparation pairs",-18.97
"Matched preparation pairs",-7.705
"Matched preparation pairs",-14.6566666666667
"Matched preparation pairs",-19.7827777777778
"Matched preparation pairs",-10.5022222222222
"Matched preparation pairs",-12.03
"Matched preparation pairs",-16.8455555555556
"Matched preparation pairs",-13.3455555555556
"Matched preparation pairs",-12.0677777777778
"Matched preparation pairs",-10.2961111111111
"Matched preparation pairs",-13.3566666666667
"Matched preparation pairs",-17.9505555555556
"Matched preparation pairs",-10.9888888888889
"Matched preparation pairs",-17.0944444444444
"Matched preparation pairs",-12.1827777777778
"Matched preparation pairs",-14.6605555555555
"Matched preparation pairs",-18.8338888888889
"Matched preparation pairs",-13.0333333333333
"Matched preparation pairs",-19.3105555555556
"Matched preparation pairs",-12.6416666666667
"Matched preparation pairs",-19.2077777777778
"Matched preparation pairs",-12.225
"Matched preparation pairs",-17.9855555555556
"Matched preparation pairs",-14.1005555555556
"Matched preparation pairs",-8.30888888888888
"Matched preparation pairs",-9.565
"Matched preparation pairs",-12.7622222222222
"Matched preparation pairs",-12.9533333333333
"Matched preparation pairs",-10.2144444444444
"Matched preparation pairs",-13.5372222222222
"Matched preparation pairs",-16.2366666666667
"Matched preparation pairs",-13.0744444444445
"Matched preparation pairs",-15.5038888888889
"Matched preparation pairs",-15.1822222222222
"Matched preparation pairs",-7.70444444444445
"Matched preparation pairs",-12.6322222222222
"Matched preparation pairs",-14.0183333333333
"Matched preparation pairs",-13.6777777777778
"Matched preparation pairs",-17.6244444444444
"Matched preparation pairs",-10.7377777777778
"Matched preparation pairs",-7.88611111111111
"Matched preparation pairs",-14.2611111111111
"Matched preparation pairs",-11.2716666666667
"Matched preparation pairs",-7.955
"Matched preparation pairs",-8.39222222222222
"Matched preparation pairs",-15.6872222222222
"Matched preparation pairs",-6.96666666666665
"Matched preparation pairs",-10.2788888888889
"Matched preparation pairs",-13.0755555555556
"Matched preparation pairs",-16.1077777777778
"Matched preparation pairs",-12.6794444444444
"Matched preparation pairs",-14.8361111111111
"Matched preparation pairs",-13.8922222222222
"Matched preparation pairs",-18.4233333333333
"Matched preparation pairs",-11.3888888888889
"Matched preparation pairs",-14.1455555555556
"Matched preparation pairs",-10.8938888888889
"Matched preparation pairs",1.55999999999999
"Matched preparation pairs",-8.74944444444444
"Matched preparation pairs",-9.02444444444445
"Matched preparation pairs",-14.9061111111111
"Matched preparation pairs",-7.52888888888889
"Matched preparation pairs",-16.1872222222222
"Matched preparation pairs",-15.82
"Matched preparation pairs",-21.2555555555556
"Matched preparation pairs",-16.9294444444444
"Matched preparation pairs",-11.9111111111111
"Matched preparation pairs",-19.7588888888889
"Matched preparation pairs",-22.5066666666667
"Matched preparation pairs",-16.1622222222222
"Matched preparation pairs",-12.1216666666667
"Matched preparation pairs",-17.04
"Matched preparation pairs",-13.2483333333333
"Matched preparation pairs",-13.965
"Matched preparation pairs",-19.3222222222222
"Matched preparation pairs",-13.135
"Matched preparation pairs",-10.3144444444444
"Matched preparation pairs",-21.7272222222222
"Matched preparation pairs",-22.0761111111111
"Matched preparation pairs",-10.9494444444445
"Matched preparation pairs",-11.7911111111111
"Matched preparation pairs",-12.7422222222222
"Matched preparation pairs",-11.4477777777778
"Matched preparation pairs",-14.2133333333333
"Matched preparation pairs",-16.2388888888889
"Matched preparation pairs",-7.40444444444445
"Matched preparation pairs",-12.1783333333333
"Matched preparation pairs",-10.8238888888889
"Matched preparation pairs",-20.8972222222222
"Matched preparation pairs",-18.25
"Matched preparation pairs",-10.3016666666667
"Matched preparation pairs",-13.4772222222222
"Matched preparation pairs",-13.1816666666667
"Matched preparation pairs",-18.0022222222222
"Matched preparation pairs",-10.3105555555556
"Matched preparation pairs",-12.5255555555555
"Matched preparation pairs",-18.9411111111111
"Matched preparation pairs",-11.4905555555556
"Matched preparation pairs",-22.2972222222222
"Matched preparation pairs",-25.3872222222222
"Matched preparation pairs",-8.74944444444445
"Matched preparation pairs",-13.7327777777778
"Matched preparation pairs",-10.1466666666667
"Matched preparation pairs",-11.7322222222222
"Matched preparation pairs",-7.92722222222222
"Matched preparation pairs",-16.3755555555556
"Matched preparation pairs",-13.0255555555556
"Matched preparation pairs",-17.1255555555556
"Matched preparation pairs",-11.8211111111111
"Matched preparation pairs",-10.5011111111111
"Matched preparation pairs",-16.4866666666667
"Matched preparation pairs",-11.2433333333333
"Matched preparation pairs",-4.79611111111111
"Matched preparation pairs",-17.35
"Matched preparation pairs",-13.6283333333333
"Matched preparation pairs",-21.7411111111111
"Matched preparation pairs",-15.3755555555556
"Matched preparation pairs",-14.1738888888889
"Matched preparation pairs",-11.2822222222222
"Matched preparation pairs",-13.7916666666667
"Matched preparation pairs",-19.1827777777778
"Matched preparation pairs",-20.3766666666667
"Matched preparation pairs",-16.7566666666667
"Matched preparation pairs",-20.7161111111111
"Matched preparation pairs",-20.5588888888889
"Matched preparation pairs",-10.9233333333333
"Matched preparation pairs",-20.2016666666667
"Matched preparation pairs",-6.185
"Matched preparation pairs",-16.8044444444445
"Matched preparation pairs",-15.6583333333333
"Matched preparation pairs",-15.345
"Matched preparation pairs",-6.34444444444445
"Matched preparation pairs",-19.7494444444444
"Matched preparation pairs",-10.4155555555556
"Matched preparation pairs",-12.0033333333333
"Matched preparation pairs",-10.9505555555556
"Matched preparation pairs",-8.24111111111111
"Matched preparation pairs",-12.51
"Matched preparation pairs",-22.3494444444444
"Matched preparation pairs",-14.4661111111111
"Matched preparation pairs",-13.365
"Matched preparation pairs",-19.7227777777778
"Matched preparation pairs",-15.79
"Matched preparation pairs",-17.2644444444444
"Matched preparation pairs",-21.2138888888889
"Matched preparation pairs",-10.945
"Matched preparation pairs",-10.8616666666667
"Matched preparation pairs",-12.555
"Matched preparation pairs",-11.3111111111111
"Matched preparation pairs",-12.3388888888889
"Matched preparation pairs",-14.09
"Matched preparation pairs",-6.39444444444445
"Matched preparation pairs",-17.6627777777778
"Matched preparation pairs",-19.68
"Matched preparation pairs",-8.22222222222222
"Matched preparation pairs",-19.3922222222222
"Matched preparation pairs",-10.8011111111111
"Matched preparation pairs",-17.23
"Matched preparation pairs",-16.5516666666667
"Matched preparation pairs",-14.0122222222222
"Matched preparation pairs",-16.29
"Matched preparation pairs",-11.5627777777778
"Matched preparation pairs",-13.1238888888889
"Matched preparation pairs",-14.9566666666667
"Matched preparation pairs",-18.4488888888889
"Matched preparation pairs",-20.1327777777778
"Matched preparation pairs",-15.3888888888889
"Matched preparation pairs",-19.105
"Matched preparation pairs",-18.14
"Matched preparation pairs",-14.3827777777778
"Matched preparation pairs",-12.5361111111111
"Matched preparation pairs",-20.4777777777778
"Matched preparation pairs",-11.54
"Matched preparation pairs",-18.1494444444444
"Matched preparation pairs",-13.8322222222222
"Matched preparation pairs",-6.05555555555555
"Matched preparation pairs",-7.13277777777778
"Matched preparation pairs",-19.0516666666667
"Matched preparation pairs",-9.10555555555556
"Matched preparation pairs",-17.2227777777778
"Matched preparation pairs",-7.52
"Matched preparation pairs",-19.6122222222222
"Matched preparation pairs",-14.6855555555556
"Matched preparation pairs",-7.39222222222222
"Matched preparation pairs",-16.2116666666667
"Matched preparation pairs",-12.4905555555556
"Matched preparation pairs",-15.2666666666667
"Matched preparation pairs",-16.2877777777778
"Matched preparation pairs",-8.815
"Matched preparation pairs",-10.695
"Matched preparation pairs",-7.93777777777778
"Matched preparation pairs",-8.15388888888889
"Matched preparation pairs",-8.72666666666667
"Matched preparation pairs",-11.4305555555556
"Matched preparation pairs",-9.99
"Matched preparation pairs",-12.5855555555556
"Matched preparation pairs",-16.9333333333333
"Matched preparation pairs",-17.7938888888889
"Matched preparation pairs",-11.55
"Matched preparation pairs",-16.7277777777778
"Matched preparation pairs",-7.65666666666667
"Matched preparation pairs",-14.8383333333333
"Matched preparation pairs",-14.0727777777778
"Matched preparation pairs",-17.5472222222222
"Matched preparation pairs",-9.74722222222222
"Matched preparation pairs",-10.9855555555556
"Matched preparation pairs",-17.6061111111111
"Matched preparation pairs",-17.9827777777778
"Matched preparation pairs",-16.0583333333333
"Matched preparation pairs",-12.3588888888889
"Matched preparation pairs",-5.00388888888888
"Matched preparation pairs",-13.0405555555556
"Matched preparation pairs",-14.4811111111111
"Matched preparation pairs",-14.6233333333333
"Matched preparation pairs",-12.2316666666667
"Matched preparation pairs",-21.7044444444444
"Matched preparation pairs",-16.0905555555556
"Matched preparation pairs",-12.6461111111111
"Matched preparation pairs",-18.7288888888889
"Matched preparation pairs",-12.4633333333333
"Matched preparation pairs",-21.755
"Matched preparation pairs",-18.1305555555556
"Matched preparation pairs",-19.6027777777778
"Matched preparation pairs",-12.3077777777778
"Matched preparation pairs",-13.2388888888889
"Matched preparation pairs",-12.8111111111111
"Matched preparation pairs",-9.29555555555556
"Matched preparation pairs",-7.29388888888889
"Matched preparation pairs",-6.72833333333333
"Matched preparation pairs",-14.125
"Matched preparation pairs",-13.8416666666667
"Matched preparation pairs",-15.77
"Matched preparation pairs",-16.1638888888889
"Matched preparation pairs",-10.0177777777778
"Matched preparation pairs",-17.6177777777778
"Matched preparation pairs",-10.9988888888889
"Matched preparation pairs",-12.98
"Matched preparation pairs",-18.1044444444444
"Matched preparation pairs",-8.51333333333333
"Matched preparation pairs",-11.2955555555556
"Matched preparation pairs",-7.025
"Matched preparation pairs",-16.5616666666667
"Matched preparation pairs",-14.91
"Matched preparation pairs",-16.3466666666667
"Matched preparation pairs",-14.5722222222222
"Matched preparation pairs",-21.3061111111111
"Matched preparation pairs",-13.8427777777778
"Matched preparation pairs",-10.5116666666667
"Matched preparation pairs",-11.7377777777778
"Matched preparation pairs",-7.30222222222222
"Matched preparation pairs",-10.3872222222222
"Matched preparation pairs",-12.0127777777778
"Matched preparation pairs",-9.84222222222222
"Matched preparation pairs",-16.5861111111111
"Matched preparation pairs",-18.1477777777778
"Matched preparation pairs",-16.6611111111111
"Matched preparation pairs",-17.9733333333333
"Matched preparation pairs",-13.1122222222222
"Matched preparation pairs",-13.0594444444444
"Matched preparation pairs",-19.0544444444445
"Matched preparation pairs",-10.0744444444444
"Matched preparation pairs",-16.5472222222222
"Matched preparation pairs",-10.6116666666667
"Matched preparation pairs",-9.92222222222223
"Matched preparation pairs",-19.0055555555556
"Matched preparation pairs",-20.0294444444444
"Matched preparation pairs",-16.2516666666667
"Matched preparation pairs",-13.6622222222222
"Matched preparation pairs",-16.1427777777778
"Matched preparation pairs",-18.8105555555555
"Matched preparation pairs",-15.0844444444444
"Matched preparation pairs",-19.2438888888889
"Matched preparation pairs",-21.8811111111111
"Matched preparation pairs",-14.7222222222222
"Matched preparation pairs",-10.7844444444444
"Matched preparation pairs",-10.7116666666667
"Matched preparation pairs",-9.44444444444444
"Matched preparation pairs",-21.4011111111111
"Matched preparation pairs",-20.0327777777778
"Matched preparation pairs",-13.0833333333333
"Matched preparation pairs",-5.68
"Matched preparation pairs",-14.6994444444444
"Matched preparation pairs",-16.3377777777778
"Matched preparation pairs",-16.415
"Matched preparation pairs",-15.3883333333333
"Matched preparation pairs",-13.4905555555556
"Matched preparation pairs",-15.8688888888889
"Matched preparation pairs",-11.9305555555556
"Matched preparation pairs",-23.9722222222222
"Matched preparation pairs",-16.9594444444444
"Matched preparation pairs",-13.1527777777778
"Matched preparation pairs",-18.3016666666667
"Matched preparation pairs",-20.2311111111111
"Matched preparation pairs",-15.0611111111111
"Matched preparation pairs",-13.8472222222222
"Matched preparation pairs",-13.0827777777778
"Matched preparation pairs",-9.86888888888889
"Matched preparation pairs",-11.8638888888889
"Matched preparation pairs",-12.7394444444444
"Matched preparation pairs",-9.50333333333334
"Matched preparation pairs",-9.40166666666668
"Matched preparation pairs",-12.795
"Matched preparation pairs",-6.38833333333333
"Matched preparation pairs",-8.17222222222222
"Matched preparation pairs",-20.5
"Matched preparation pairs",-15.5155555555556
"Matched preparation pairs",-11.3966666666667
"Matched preparation pairs",-11.1294444444444
"Matched preparation pairs",-9.77111111111111
"Matched preparation pairs",-22.6983333333333
"Matched preparation pairs",-16.0905555555556
"Matched preparation pairs",-11.2338888888889
"Matched preparation pairs",-11.8272222222222
"Matched preparation pairs",-3.87833333333334
"Matched preparation pairs",-9.27555555555554
"Matched preparation pairs",-22.5994444444444
"Matched preparation pairs",-21.7583333333333
"Matched preparation pairs",-15.5522222222222
"Matched preparation pairs",-17.6211111111111
"Matched preparation pairs",-18.8061111111111
"Matched preparation pairs",-14.1161111111111
"Matched preparation pairs",-13.4472222222222
"Matched preparation pairs",-16.5083333333333
"Matched preparation pairs",-6.98777777777778
"Matched preparation pairs",-9.75611111111111
"Matched preparation pairs",-16.175
"Matched preparation pairs",-9.21222222222223
"Matched preparation pairs",-13.4527777777778
"Matched preparation pairs",-13.0394444444444
"Matched preparation pairs",-13.4961111111111
"Matched preparation pairs",-15.2633333333333
"Matched preparation pairs",-11.3316666666667
"Matched preparation pairs",-8.45388888888889
"Matched preparation pairs",-14.0611111111111
"Matched preparation pairs",-15.2572222222222
"Matched preparation pairs",-13.9038888888889
"Matched preparation pairs",-15.66
"Matched preparation pairs",-14.5561111111111
"Matched preparation pairs",-12.2161111111111
"Matched preparation pairs",-19.5283333333333
"Matched preparation pairs",-17.395
"Matched preparation pairs",-7.60666666666666
"Matched preparation pairs",-20.0833333333333
"Matched preparation pairs",-15.0738888888889
"Matched preparation pairs",-26.47
"Matched preparation pairs",-19.2672222222222
"Matched preparation pairs",-10.5433333333333
"Matched preparation pairs",-11.6961111111111
"Matched preparation pairs",-22.4227777777778
"Matched preparation pairs",-22.8605555555556
"Matched preparation pairs",-15.8405555555556
"Matched preparation pairs",-5.01055555555556
"Matched preparation pairs",-6.31666666666667
"Matched preparation pairs",-17.0633333333333
"Matched preparation pairs",-20.545
"Matched preparation pairs",-18.6022222222222
"Matched preparation pairs",-16.1144444444444
"Matched preparation pairs",-16.9733333333333
"Matched preparation pairs",-12.6755555555555
"Matched preparation pairs",-14.35
"Matched preparation pairs",-18.135
"Matched preparation pairs",-13.9683333333333
"Matched preparation pairs",-10.4672222222222
"Matched preparation pairs",-17.9322222222222
"Matched preparation pairs",-15.9394444444444
"Matched preparation pairs",-20.7077777777778
"Matched preparation pairs",-10.2266666666667
"Matched preparation pairs",-7.78055555555556
"Matched preparation pairs",-16.6383333333333
"Matched preparation pairs",-18.7694444444445
"Matched preparation pairs",-13.6272222222222
"Matched preparation pairs",-11.1355555555556
"Matched preparation pairs",-9.49666666666666
"Matched preparation pairs",-11.4327777777778
"Matched preparation pairs",-18.7716666666667
"Matched preparation pairs",-15.1294444444444
"Matched preparation pairs",-10.1572222222222
"Matched preparation pairs",-7.18055555555556
"Matched preparation pairs",-12.5883333333333
"Matched preparation pairs",-16.9494444444444
"Matched preparation pairs",-10.205
"Matched preparation pairs",-14.2383333333333
"Matched preparation pairs",-12.87
"Matched preparation pairs",-13.4105555555556
"Matched preparation pairs",-14.7461111111111
"Matched preparation pairs",-5.57388888888888
"Matched preparation pairs",-13.5438888888889
"Matched preparation pairs",-9.28388888888889
"Matched preparation pairs",-14.7188888888889
"Matched preparation pairs",-13.5477777777778
"Matched preparation pairs",-14.6277777777778
"Matched preparation pairs",-7.86944444444444
"Matched preparation pairs",-8.01666666666666
"Matched preparation pairs",-9.5611111111111
"Matched preparation pairs",-13.8133333333333
"Matched preparation pairs",-16.9044444444444
"Matched preparation pairs",-18.1866666666667
"Matched preparation pairs",-11.1227777777778
"Matched preparation pairs",-15.6072222222222
"Matched preparation pairs",-13.7338888888889
"Matched preparation pairs",-13.1761111111111
"Matched preparation pairs",-12.2633333333333
"Matched preparation pairs",-17.0094444444444
"Matched preparation pairs",-12.1527777777778
"Matched preparation pairs",-15.6472222222222
"Matched preparation pairs",-11.7094444444445
"Matched preparation pairs",-14.68
"Matched preparation pairs",-17.0477777777778
"Matched preparation pairs",-11.7977777777778
"Matched preparation pairs",-16.4188888888889
"Matched preparation pairs",-21.3894444444445
"Matched preparation pairs",-18.3911111111111
"Matched preparation pairs",-14.9755555555556
"Matched preparation pairs",-10.9516666666667
"Matched preparation pairs",-21.9238888888889
"Matched preparation pairs",-15.5088888888889
"Matched preparation pairs",-14.5138888888889
"Matched preparation pairs",-20.0861111111111
"Matched preparation pairs",-12.5727777777778
"Matched preparation pairs",-17.1772222222222
"Matched preparation pairs",-9.57666666666666
"Matched preparation pairs",-13.4761111111111
"Matched preparation pairs",-13.6183333333333
"Matched preparation pairs",-15.8861111111111
"Matched preparation pairs",-17.74
"Matched preparation pairs",-11.1344444444445
"Matched preparation pairs",-18.4888888888889
"Matched preparation pairs",-19.4688888888889
"Matched preparation pairs",-14.79
"Matched preparation pairs",-19.5283333333333
"Matched preparation pairs",-14.3494444444445
"Matched preparation pairs",-7.63166666666667
"Matched preparation pairs",-17.7344444444444
"Matched preparation pairs",-13.1205555555556
"Matched preparation pairs",-11.8288888888889
"Matched preparation pairs",-14.1416666666667
"Matched preparation pairs",-14.9594444444444
"Matched preparation pairs",-8.58
"Matched preparation pairs",-14.175
"Matched preparation pairs",-19.01
"Matched preparation pairs",-10.6505555555556
"Matched preparation pairs",-15.1394444444444
"Matched preparation pairs",-11.1638888888889
"Matched preparation pairs",-15.7538888888889
"Matched preparation pairs",-14.5177777777778
"Matched preparation pairs",-11.6294444444444
"Matched preparation pairs",-18.8311111111111
"Matched preparation pairs",-13.7688888888889
"Matched preparation pairs",-16.3055555555556
"Matched preparation pairs",-13.8072222222222
"Matched preparation pairs",-15.645
"Matched preparation pairs",-22.2794444444444
"Matched preparation pairs",-14.2666666666667
"Matched preparation pairs",-15.1911111111111
"Matched preparation pairs",-4.99944444444444
"Matched preparation pairs",-12.875
"Matched preparation pairs",-16.09
"Matched preparation pairs",-9.69833333333333
"Matched preparation pairs",-11.1666666666667
"Matched preparation pairs",-14.4938888888889
"Matched preparation pairs",-17.925
"Matched preparation pairs",-14.2888888888889
"Matched preparation pairs",-20.9305555555555
"Matched preparation pairs",-13.5544444444444
"Matched preparation pairs",-11.3305555555556
"Matched preparation pairs",-11.0022222222222
"Matched preparation pairs",-11.8644444444444
"Matched preparation pairs",-15.0894444444444
"Matched preparation pairs",-16.9055555555556
"Matched preparation pairs",-8.91388888888889
"Matched preparation pairs",-15.3233333333333
"Matched preparation pairs",-19.1022222222222
"Matched preparation pairs",-17.33
"Matched preparation pairs",-10.1822222222222
"Matched preparation pairs",-16.1427777777778
"Matched preparation pairs",-14.7227777777778
"Matched preparation pairs",-15.2733333333333
"Matched preparation pairs",-14.795
"Matched preparation pairs",-9.00388888888889
"Matched preparation pairs",-18.0205555555555
"Matched preparation pairs",-13.9711111111111
"Matched preparation pairs",-15.2344444444444
"Matched preparation pairs",-14.0633333333333
"Matched preparation pairs",-12.6505555555556
"Matched preparation pairs",-13.4877777777778
"Matched preparation pairs",-15.835
"Matched preparation pairs",-9.97
"Matched preparation pairs",0.30611111111111
"Matched preparation pairs",-11.0438888888889
"Matched preparation pairs",-13.2005555555556
"Matched preparation pairs",-12.8116666666667
"Matched preparation pairs",-15.5333333333333
"Matched preparation pairs",-16.5205555555556
"Matched preparation pairs",-15.9011111111111
"Matched preparation pairs",-10.7327777777778
"Matched preparation pairs",-14.6894444444444
"Matched preparation pairs",-11.9072222222222
"Matched preparation pairs",-19.9755555555556
"Matched preparation pairs",-23.2094444444444
"Matched preparation pairs",-11.6288888888889
"Matched preparation pairs",-18.7794444444444
"Matched preparation pairs",-18.3438888888889
"Matched preparation pairs",-10.8794444444445
"Matched preparation pairs",-11.8022222222222
"Matched preparation pairs",-16.9033333333333
"Matched preparation pairs",-21.4322222222222
"Matched preparation pairs",-9.45555555555556
"Matched preparation pairs",-11.6672222222222
"Matched preparation pairs",-19.4338888888889
"Matched preparation pairs",-9.32277777777778
"Matched preparation pairs",-13.1188888888889
"Matched preparation pairs",-11.8638888888889
"Matched preparation pairs",-10.5183333333333
"Matched preparation pairs",-15.9516666666667
"Matched preparation pairs",-13.3911111111111
"Matched preparation pairs",-9.31944444444444
"Matched preparation pairs",-17.1022222222222
"Matched preparation pairs",-15.0977777777778
"Matched preparation pairs",-15.8588888888889
"Matched preparation pairs",-8.82388888888889
"Matched preparation pairs",-13.6111111111111
"Matched preparation pairs",-12.9283333333333
"Matched preparation pairs",-14.4922222222222
"Matched preparation pairs",-10.7627777777778
"Matched preparation pairs",-25.3244444444445
"Matched preparation pairs",-16.1261111111111
"Matched preparation pairs",-11.1594444444444
"Matched preparation pairs",-20.8672222222222
"Matched preparation pairs",-19.2005555555556
"Matched preparation pairs",-16.0844444444444
"Matched preparation pairs",-14.1638888888889
"Matched preparation pairs",-18.2977777777778
"Matched preparation pairs",-12.0172222222222
"Matched preparation pairs",-16.5494444444444
"Matched preparation pairs",-17.7494444444444
"Matched preparation pairs",-18.0094444444444
"Matched preparation pairs",-12.3666666666667
"Matched preparation pairs",-12.3233333333333
"Matched preparation pairs",-12.5388888888889
"Matched preparation pairs",-20.7638888888889
"Matched preparation pairs",-12.01
"Matched preparation pairs",-7.30555555555556
"Matched preparation pairs",-14.3077777777778
"Matched preparation pairs",-8.29888888888889
"Matched preparation pairs",-16.4583333333333
"Matched preparation pairs",-18.4
"Matched preparation pairs",-11.7133333333333
"Matched preparation pairs",-14.0122222222222
"Matched preparation pairs",-14.6544444444444
"Matched preparation pairs",-13.3955555555556
"Matched preparation pairs",-24.8277777777778
"Matched preparation pairs",-16.085
"Matched preparation pairs",-16.0361111111111
"Matched preparation pairs",-13.4505555555556
"Matched preparation pairs",-10.5644444444444
"Matched preparation pairs",-12.1588888888889
"Matched preparation pairs",-14.8766666666667
"Matched preparation pairs",-13.315
"Matched preparation pairs",-11.1744444444445
"Matched preparation pairs",-11.0305555555556
"Matched preparation pairs",-16.46
"Matched preparation pairs",-18.155
"Matched preparation pairs",-12.4405555555555
"Matched preparation pairs",-14.0405555555556
"Matched preparation pairs",-13.58
"Matched preparation pairs",-7.43777777777778
"Matched preparation pairs",-8.44222222222222
"Matched preparation pairs",-9.75888888888888
"Matched preparation pairs",-21.1311111111111
"Matched preparation pairs",-15.4122222222222
"Matched preparation pairs",-17.475
"Matched preparation pairs",-8.15722222222222
"Matched preparation pairs",-14.9705555555556
"Matched preparation pairs",-11.1394444444444
"Matched preparation pairs",-6.72111111111111
"Matched preparation pairs",-23.5183333333333
"Matched preparation pairs",-17.3511111111111
"Matched preparation pairs",-17.7244444444444
"Matched preparation pairs",-12.655
"Matched preparation pairs",-11.88
"Matched preparation pairs",-13.4388888888889
"Matched preparation pairs",-18.3961111111111
"Matched preparation pairs",-6.63611111111111
"Matched preparation pairs",-22.4138888888889
"Matched preparation pairs",-12.9411111111111
"Matched preparation pairs",-14.4916666666667
"Matched preparation pairs",-13.8066666666667
"Matched preparation pairs",-9.53555555555555
"Matched preparation pairs",-10.9161111111111
"Matched preparation pairs",-14.9222222222222
"Matched preparation pairs",-15.0944444444444
"Matched preparation pairs",-24.6422222222222
"Matched preparation pairs",-18.7372222222222
"Matched preparation pairs",-10.4072222222222
"Matched preparation pairs",-20.7711111111111
"Matched preparation pairs",-12.4677777777778
"Matched preparation pairs",-16.5994444444444
"Matched preparation pairs",-12.6394444444444
"Matched preparation pairs",-16.6161111111111
"Matched preparation pairs",-8.51444444444445
"Matched preparation pairs",-14.7238888888889
"Matched preparation pairs",-16.2527777777778
"Matched preparation pairs",-14.6694444444444
"Matched preparation pairs",-22.5433333333333
"Matched preparation pairs",-11.2944444444444
"Matched preparation pairs",-14.9477777777778
"Matched preparation pairs",-14.38
"Matched preparation pairs",-10.8594444444444
"Matched preparation pairs",-12.4694444444444
"Matched preparation pairs",-18.6177777777778
"Matched preparation pairs",-11.2477777777778
"Matched preparation pairs",-20.3016666666667
"Matched preparation pairs",-27.795
"Matched preparation pairs",-19.815
"Matched preparation pairs",-18.7805555555556
"Matched preparation pairs",-17.2977777777778
"Matched preparation pairs",-19.8927777777778
"Matched preparation pairs",-14.0422222222222
"Matched preparation pairs",-16.83
"Matched preparation pairs",-17.1161111111111
"Matched preparation pairs",-9.01944444444445
"Matched preparation pairs",-17.8922222222222
"Matched preparation pairs",-18.5622222222222
"Matched preparation pairs",-18.5794444444444
"Matched preparation pairs",-9.10388888888889
"Matched preparation pairs",-16.5133333333333
"Matched preparation pairs",-20.345
"Matched preparation pairs",-15.2744444444444
"Matched preparation pairs",-15.0994444444444
"Matched preparation pairs",-8.77555555555555
"Matched preparation pairs",-23.77
"Matched preparation pairs",-21.8133333333333
"Matched preparation pairs",-10.9983333333333
"Matched preparation pairs",-16.0772222222222
"Matched preparation pairs",-8.08722222222221
"Matched preparation pairs",-10.8027777777778
"Matched preparation pairs",-17.1044444444444
"Matched preparation pairs",-18.3711111111111
"Matched preparation pairs",-14.7983333333333
"Matched preparation pairs",-14.7394444444444
"Matched preparation pairs",-12.1572222222222
"Matched preparation pairs",-13.3705555555556
"Matched preparation pairs",-17.5127777777778
"Matched preparation pairs",-12.7544444444444
"Matched preparation pairs",-16.8461111111111
"Matched preparation pairs",-10.4472222222222
"Matched preparation pairs",-17.6066666666667
"Matched preparation pairs",-12.0694444444444
"Matched preparation pairs",-8.03888888888889
"Matched preparation pairs",-5.14944444444445
"Matched preparation pairs",-12.9955555555556
"Matched preparation pairs",-20.5733333333333
"Matched preparation pairs",-12.6761111111111
"Matched preparation pairs",-6.51166666666667
"Matched preparation pairs",-14.1661111111111
"Matched preparation pairs",-15.1566666666667
"Matched preparation pairs",-7.85777777777777
"Matched preparation pairs",-9.30944444444444
"Matched preparation pairs",-7.37
"Matched preparation pairs",-11.1088888888889
"Matched preparation pairs",-10.8861111111111
"Matched preparation pairs",-14.7077777777778
"Matched preparation pairs",-4.97444444444444
"Matched preparation pairs",-10.4816666666667
"Matched preparation pairs",-14.775
"Matched preparation pairs",-12.7405555555556
"Matched preparation pairs",-13.0911111111111
"Matched preparation pairs",-10.1966666666667
"Matched preparation pairs",-14.4611111111111
"Matched preparation pairs",-17.6844444444444
"Matched preparation pairs",-12.9266666666667
"Matched preparation pairs",-11.4694444444444
"Matched preparation pairs",-11.6966666666667
"Matched preparation pairs",-15.4644444444444
"Matched preparation pairs",-11.5105555555556
"Matched preparation pairs",-15.2727777777778
"Matched preparation pairs",-15.3594444444444
"Matched preparation pairs",-12.3394444444444
"Matched preparation pairs",-5.66777777777778
"Matched preparation pairs",-11.0194444444444
"Matched preparation pairs",-13.4555555555556
"Matched preparation pairs",-11.8872222222222
"Matched preparation pairs",-11.755
"Matched preparation pairs",-13.7372222222222
"Matched preparation pairs",-20.1661111111111
"Matched preparation pairs",-22.8455555555556
"Matched preparation pairs",-12.1794444444444
"Matched preparation pairs",-8.19166666666666
"Matched preparation pairs",-15.8694444444444
"Matched preparation pairs",-17.9811111111111
"Matched preparation pairs",-10.7611111111111
"Matched preparation pairs",-7.69
"Matched preparation pairs",-20.7433333333333
"Matched preparation pairs",-16.4155555555556
"Matched preparation pairs",-10.6638888888889
"Matched preparation pairs",-14.7827777777778
"Matched preparation pairs",-21.6533333333333
"Matched preparation pairs",-13.9438888888889
"Matched preparation pairs",-16.5522222222222
"Matched preparation pairs",-11.7366666666667
"Matched preparation pairs",-14.8744444444444
"Matched preparation pairs",-12.3111111111111
"Matched preparation pairs",-26.8311111111111
"Matched preparation pairs",-8.55277777777778
"Matched preparation pairs",-12.6711111111111
"Matched preparation pairs",-16.935
"Matched preparation pairs",-19.2694444444444
"Matched preparation pairs",-13.1933333333333
"Matched preparation pairs",-15.2605555555556
"Matched preparation pairs",-21.7705555555555
"Matched preparation pairs",-9.26833333333333
"Matched preparation pairs",-11.4833333333333
"Matched preparation pairs",-8.99166666666667
"Matched preparation pairs",-16.9177777777778
"Matched preparation pairs",-17.1972222222222
"Matched preparation pairs",-13.2433333333333
"Matched preparation pairs",-13.8233333333333
"Matched preparation pairs",-19.0755555555556
"Matched preparation pairs",-11.6744444444444
"Matched preparation pairs",-21.9111111111111
"Matched preparation pairs",-16.4366666666667
"Matched preparation pairs",-10.8788888888889
"Matched preparation pairs",-13.7922222222222
"Matched preparation pairs",-9.78888888888889
"Matched preparation pairs",-18.1205555555556
"Matched preparation pairs",-12.6716666666667
"Matched preparation pairs",-14.6205555555556
"Matched preparation pairs",-9.035
"Matched preparation pairs",-12.1216666666667
"Matched preparation pairs",-13.5044444444444
"Matched preparation pairs",-17.1194444444444
"Matched preparation pairs",-19.9233333333333
"Matched preparation pairs",-17.2761111111111
"Matched preparation pairs",-8.59999999999999
"Matched preparation pairs",-7.90555555555556
"Matched preparation pairs",-18.92
"Matched preparation pairs",-14.9594444444444
"Matched preparation pairs",-10.3994444444444
"Matched preparation pairs",-14.0661111111111
"Matched preparation pairs",-22.0011111111111
"Matched preparation pairs",-15.4833333333333
"Matched preparation pairs",-16.6272222222222
"Matched preparation pairs",-11.0633333333333
"Matched preparation pairs",-11.0933333333333
"Matched preparation pairs",-14.5988888888889
"Matched preparation pairs",-11.5761111111111
"Matched preparation pairs",-13.885
"Matched preparation pairs",-11.4166666666667
"Matched preparation pairs",-13.5638888888889
"Matched preparation pairs",-18.8088888888889
"Matched preparation pairs",-13.7572222222222
"Matched preparation pairs",-5.80611111111111
"Matched preparation pairs",-12.7305555555556
"Matched preparation pairs",-17.1522222222222
"Matched preparation pairs",-13.925
"Matched preparation pairs",-14.5844444444445
"Matched preparation pairs",-7.55666666666667
"Matched preparation pairs",-13.4894444444445
"Matched preparation pairs",-20.3772222222222
"Matched preparation pairs",-6.245
"Matched preparation pairs",-8.91833333333333
"Matched preparation pairs",-10.1777777777778
"Matched preparation pairs",-15.6672222222222
"Matched preparation pairs",-12.2788888888889
"Matched preparation pairs",-8.83666666666667
"Matched preparation pairs",-10.4461111111111
"Matched preparation pairs",-9.57833333333333
"Matched preparation pairs",-7.77333333333333
"Matched preparation pairs",-12.6366666666667
"Matched preparation pairs",-11.9038888888889
"Matched preparation pairs",-10.3455555555556
"Matched preparation pairs",-14.9844444444444
"Matched preparation pairs",-9.51722222222222
"Matched preparation pairs",-20.195
"Matched preparation pairs",-15.4
"Matched preparation pairs",-19.4316666666667
"Matched preparation pairs",-15.9388888888889
"Matched preparation pairs",-12.09
"Matched preparation pairs",-19.3833333333333
"Matched preparation pairs",-20.1316666666667
"Matched preparation pairs",-14.9866666666667
"Matched preparation pairs",-17.0344444444444
"Matched preparation pairs",-6.65888888888889
"Matched preparation pairs",-14.375
"Matched preparation pairs",-5.87444444444445
"Matched preparation pairs",-9.38222222222222
"Matched preparation pairs",-11.5694444444444
"Matched preparation pairs",-12.7177777777778
"Matched preparation pairs",-14.2616666666667
"Matched preparation pairs",-13.4272222222222
"Matched preparation pairs",-15.8472222222222
"Matched preparation pairs",-13.5522222222222
"Matched preparation pairs",-18.6238888888889
"Matched preparation pairs",-17.19
"Matched preparation pairs",-20.2627777777778
"Matched preparation pairs",-15.04
"Matched preparation pairs",-15.4461111111111
"Matched preparation pairs",-14.9944444444444
"Matched preparation pairs",-20.5433333333333
"Matched preparation pairs",-13.4705555555556
"Matched preparation pairs",-7.79222222222223
"Matched preparation pairs",-15.3172222222222
"Matched preparation pairs",-18.3338888888889
"Matched preparation pairs",-12.2572222222222
"Matched preparation pairs",-17.0633333333333
"Matched preparation pairs",-17.6822222222222
"Matched preparation pairs",-15.7505555555556
"Matched preparation pairs",-14.2966666666667
"Matched preparation pairs",-13.1505555555556
"Matched preparation pairs",-6.62111111111111
"Matched preparation pairs",-17.1944444444444
"Matched preparation pairs",-11.0305555555556
"Matched preparation pairs",-11.8072222222222
"Matched preparation pairs",-17.9111111111111
"Matched preparation pairs",-10.1411111111111
"Matched preparation pairs",-16.5872222222222
"Matched preparation pairs",-9.59
"Matched preparation pairs",-14.1083333333333
"Matched preparation pairs",-12.5305555555556
"Matched preparation pairs",-11.0566666666667
"Matched preparation pairs",-15.6733333333333
"Matched preparation pairs",-13.8427777777778
"Matched preparation pairs",-17.7711111111111
"Matched preparation pairs",-8.38388888888888
"Matched preparation pairs",-17.8388888888889
"Matched preparation pairs",-12.1122222222222
"Matched preparation pairs",-20.0127777777778
"Matched preparation pairs",-12.31
"Matched preparation pairs",-5.16722222222222
"Matched preparation pairs",-11.3561111111111
"Matched preparation pairs",-13.1111111111111
"Matched preparation pairs",-11.1233333333333
"Matched preparation pairs",-11.6277777777778
"Matched preparation pairs",-19.01
"Matched preparation pairs",-10.1077777777778
"Matched preparation pairs",-14.5255555555556
"Matched preparation pairs",-7.185
"Matched preparation pairs",-15.9716666666667
"Matched preparation pairs",-7.40944444444445
"Matched preparation pairs",-18.0372222222222
"Matched preparation pairs",-15.285
"Matched preparation pairs",-24.4355555555556
"Matched preparation pairs",-15.1388888888889
"Matched preparation pairs",-19.8138888888889
"Matched preparation pairs",-16.8033333333333
"Matched preparation pairs",-13.2672222222222
"Matched preparation pairs",-20.4688888888889
"Matched preparation pairs",-20.5744444444444
"Matched preparation pairs",-14.6294444444444
"Matched preparation pairs",-16.0211111111111
"Matched preparation pairs",-14.2577777777778
"Matched preparation pairs",-15.5416666666667
"Matched preparation pairs",-18.6733333333333
"Matched preparation pairs",-15.7194444444444
"Matched preparation pairs",-10.7116666666667
"Matched preparation pairs",-14.655
"Matched preparation pairs",-22.4616666666667
"Matched preparation pairs",-9.53222222222223
"Matched preparation pairs",-13.1616666666667
"Matched preparation pairs",-8.43444444444444
"Matched preparation pairs",-12.7383333333333
"Matched preparation pairs",-18.0316666666667
"Matched preparation pairs",-11.3961111111111
"Matched preparation pairs",-17.1305555555556
"Matched preparation pairs",-15.8577777777778
"Matched preparation pairs",-16.9222222222222
"Matched preparation pairs",-11.2816666666667
"Matched preparation pairs",-18.1966666666667
"Matched preparation pairs",-11.6544444444444
"Matched preparation pairs",-2.71
"Matched preparation pairs",-15.64
"Matched preparation pairs",-27.3838888888889
"Matched preparation pairs",-11.4727777777778
"Matched preparation pairs",-8.55333333333334
"Matched preparation pairs",-6.10277777777778
"Matched preparation pairs",-3.715
"Matched preparation pairs",-16.3816666666667
"Matched preparation pairs",-13.7
"Matched preparation pairs",-13.0044444444444
"Matched preparation pairs",-12.4016666666667
"Matched preparation pairs",-14.135
"Matched preparation pairs",-11.2433333333333
"Matched preparation pairs",-16.56
"Matched preparation pairs",-14.6266666666667
"Matched preparation pairs",-18.9283333333333
"Matched preparation pairs",-13.3977777777778
"Matched preparation pairs",-5.03277777777778
"Matched preparation pairs",-18.8438888888889
"Matched preparation pairs",-13.405
"Matched preparation pairs",-15.4922222222222
"Matched preparation pairs",-15.5872222222222
"Matched preparation pairs",-15.4911111111111
"Matched preparation pairs",-13.1222222222222
"Matched preparation pairs",-22.8788888888889
"Matched preparation pairs",-10.7072222222222
"Matched preparation pairs",-12.5233333333333
"Matched preparation pairs",-23.5816666666667
"Matched preparation pairs",-14.9838888888889
"Matched preparation pairs",-16.9738888888889
"Matched preparation pairs",-15.1516666666667
"Matched preparation pairs",-10.7355555555555
"Matched preparation pairs",-20.215
"Matched preparation pairs",-5.55333333333334
"Matched preparation pairs",-17.4544444444444
"Matched preparation pairs",-19.86
"Matched preparation pairs",-6.59611111111111
"Matched preparation pairs",-15.075
"Matched preparation pairs",-9.29055555555556
"Matched preparation pairs",-16.2122222222222
"Matched preparation pairs",-11.5405555555556
"Matched preparation pairs",-19.37
"Matched preparation pairs",-10.7566666666667
"Matched preparation pairs",-13.8672222222222
"Matched preparation pairs",-17.7866666666667
"Matched preparation pairs",-8.56
"Matched preparation pairs",-15.3655555555556
"Matched preparation pairs",-14.7511111111111
"Matched preparation pairs",-15.8472222222222
"Matched preparation pairs",-14.005
"Matched preparation pairs",-14.2705555555556
"Matched preparation pairs",-18.3283333333333
"Matched preparation pairs",-25.8272222222222
"Matched preparation pairs",-12.5038888888889
"Matched preparation pairs",-9.96277777777777
"Matched preparation pairs",-17.4505555555556
"Matched preparation pairs",-10.7772222222222
"Matched preparation pairs",-13.8194444444444
"Matched preparation pairs",-12.7411111111111
"Matched preparation pairs",-18.2233333333333
"Matched preparation pairs",-12.9261111111111
"Matched preparation pairs",-7.68555555555555
"Matched preparation pairs",-13.6
"Matched preparation pairs",-15.9638888888889
"Matched preparation pairs",-14.5672222222222
"Matched preparation pairs",-11.7277777777778
"Matched preparation pairs",-15.2361111111111
"Matched preparation pairs",-12.2355555555555
"Matched preparation pairs",-13.015
"Matched preparation pairs",-17.6811111111111
"Matched preparation pairs",-12.5
"Matched preparation pairs",-9.92166666666667
"Matched preparation pairs",-11.6655555555556
"Matched preparation pairs",-10.4244444444444
"Matched preparation pairs",-6.33611111111111
"Matched preparation pairs",-12.2966666666667
"Matched preparation pairs",-16.2972222222222
"Matched preparation pairs",-12.7411111111111
"Matched preparation pairs",-8.74611111111111
"Matched preparation pairs",-14.7222222222222
"Matched preparation pairs",-11.8244444444444
"Matched preparation pairs",-12.6861111111111
"Matched preparation pairs",-22.39
"Matched preparation pairs",-8.44555555555556
"Matched preparation pairs",-14.7544444444445
"Matched preparation pairs",-13.6438888888889
"Matched preparation pairs",-17.2666666666667
"Matched preparation pairs",-14.1583333333333
"Matched preparation pairs",-11.4338888888889
"Matched preparation pairs",-14.6788888888889
"Matched preparation pairs",-12.1594444444445
"Matched preparation pairs",-14.6572222222222
"Matched preparation pairs",-17.2
"Matched preparation pairs",-9.76666666666667
"Matched preparation pairs",-16.7622222222222
"Matched preparation pairs",-1.12833333333333
"Matched preparation pairs",-17.2077777777778
"Matched preparation pairs",-16.85
"Matched preparation pairs",-18.5727777777778
"Matched preparation pairs",-15.6577777777778
"Matched preparation pairs",-15.0616666666667
"Matched preparation pairs",-7.685
"Matched preparation pairs",-21.2177777777778
"Matched preparation pairs",-16.0305555555556
"Matched preparation pairs",-10.9472222222222
"Matched preparation pairs",-19.3644444444445
"Matched preparation pairs",-19.3361111111111
"Matched preparation pairs",-13.3266666666667
"Matched preparation pairs",-18.4905555555556
"Matched preparation pairs",-17.0172222222222
"Matched preparation pairs",-8.64722222222222
"Matched preparation pairs",-17.7627777777778
"Matched preparation pairs",-19.2505555555556
"Matched preparation pairs",-12.5433333333333
"Matched preparation pairs",-15.7766666666667
"Matched preparation pairs",-13.4088888888889
"Matched preparation pairs",-12.53
"Matched preparation pairs",-17.3155555555556
"Matched preparation pairs",-16.5344444444444
"Matched preparation pairs",-8.28944444444444
"Matched preparation pairs",-16.27
"Matched preparation pairs",-7.86611111111111
"Matched preparation pairs",-16.9355555555556
"Matched preparation pairs",-12.8933333333333
"Matched preparation pairs",-16.9494444444444
"Matched preparation pairs",-15.4811111111111
"Matched preparation pairs",-15.63
"Matched preparation pairs",-11.4311111111111
"Matched preparation pairs",-10.0705555555556
"Matched preparation pairs",-11.595
"Matched preparation pairs",-15.6638888888889
"Matched preparation pairs",-7.47277777777778
"Matched preparation pairs",-11.8511111111111
"Matched preparation pairs",-15.9194444444444
"Matched preparation pairs",-14.0288888888889
"Matched preparation pairs",-14.7072222222222
"Matched preparation pairs",-16.4194444444444
"Matched preparation pairs",-11.8972222222222
"Matched preparation pairs",-17.4005555555556
"Matched preparation pairs",-10.265
"Matched preparation pairs",-20.1522222222222
"Matched preparation pairs",-18.0922222222222
"Matched preparation pairs",-7.99
"Matched preparation pairs",-23.4727777777778
"Matched preparation pairs",-19.41
"Matched preparation pairs",-16.7972222222222
"Matched preparation pairs",-16.0305555555556
"Matched preparation pairs",-21.6605555555555
"Matched preparation pairs",-12.0861111111111
"Matched preparation pairs",-25.3127777777778
"Matched preparation pairs",-25.4872222222222
"Matched preparation pairs",-8.21666666666667
"Matched preparation pairs",-10.7355555555555
"Matched preparation pairs",-14.7005555555556
"Matched preparation pairs",-9.08166666666667
"Matched preparation pairs",-20.0888888888889
"Matched preparation pairs",-9.07611111111111
"Matched preparation pairs",-15.4144444444444
"Matched preparation pairs",-11.1877777777778
"Matched preparation pairs",-12.5294444444444
"Matched preparation pairs",-15.1411111111111
"Matched preparation pairs",-17.0572222222222
"Matched preparation pairs",-13.2616666666667
"Matched preparation pairs",-15.9405555555555
"Matched preparation pairs",-7.20777777777778
"Matched preparation pairs",-12.9511111111111
"Matched preparation pairs",-21.3266666666667
"Matched preparation pairs",-16.8033333333333
"Matched preparation pairs",-2.31111111111111
"Matched preparation pairs",-11.8138888888889
"Matched preparation pairs",-13.7316666666667
"Matched preparation pairs",-15.4061111111111
"Matched preparation pairs",-16.9388888888889
"Matched preparation pairs",-18.805
"Matched preparation pairs",-7.99333333333333
"Matched preparation pairs",-5.76333333333332
"Matched preparation pairs",-9.685
"Matched preparation pairs",-17.4055555555556
"Matched preparation pairs",-12.6294444444444
"Matched preparation pairs",-11.7938888888889
"Matched preparation pairs",-9.0111111111111
"Matched preparation pairs",-16.2122222222222
"Matched preparation pairs",-16.235
"Matched preparation pairs",-16.54
"Matched preparation pairs",-16.2833333333333
"Matched preparation pairs",-18.2444444444444
"Matched preparation pairs",-12.375
"Matched preparation pairs",-26.315
"Matched preparation pairs",-10.8688888888889
"Matched preparation pairs",-15.2333333333333
"Matched preparation pairs",-10.6361111111111
"Matched preparation pairs",-18.7433333333333
"Matched preparation pairs",-14.6038888888889
"Matched preparation pairs",-16.8433333333333
"Matched preparation pairs",-14.4633333333333
"Matched preparation pairs",-17.4677777777778
"Matched preparation pairs",-16.2966666666667
"Matched preparation pairs",-15.1427777777778
"Matched preparation pairs",-14.3333333333333
"Matched preparation pairs",-17.51
"Matched preparation pairs",-10.035
"Matched preparation pairs",-10.2711111111111
"Matched preparation pairs",-13.1311111111111
"Matched preparation pairs",-16.4805555555556
"Matched preparation pairs",-17.8227777777778
"Matched preparation pairs",-14.6516666666667
"Matched preparation pairs",-12.6433333333333
"Matched preparation pairs",-15.5738888888889
"Matched preparation pairs",-15.96
"Matched preparation pairs",-9.025
"Matched preparation pairs",-12.2611111111111
"Matched preparation pairs",-21.2855555555556
"Matched preparation pairs",-8.44722222222222
"Matched preparation pairs",-14.7166666666667
"Matched preparation pairs",-12.1555555555556
"Matched preparation pairs",-16.875
"Matched preparation pairs",-20.7261111111111
"Matched preparation pairs",-17.0377777777778
"Matched preparation pairs",-8.99055555555555
"Matched preparation pairs",-9.70666666666667
"Matched preparation pairs",-20.4777777777778
"Matched preparation pairs",-13.0222222222222
"Matched preparation pairs",-13.7933333333333
"Matched preparation pairs",-16.5844444444444
"Matched preparation pairs",-10.6327777777778
"Matched preparation pairs",-12.7344444444444
"Matched preparation pairs",-15.3666666666667
"Matched preparation pairs",-14.8438888888889
"Matched preparation pairs",-17.6511111111111
"Matched preparation pairs",-17.6188888888889
"Matched preparation pairs",-16.6844444444444
"Matched preparation pairs",-9.77166666666666
"Matched preparation pairs",-21.8838888888889
"Matched preparation pairs",-6.31111111111112
"Matched preparation pairs",-11.5716666666667
"Matched preparation pairs",-16.9233333333333
"Matched preparation pairs",-19.6388888888889
"Matched preparation pairs",-4.515
"Matched preparation pairs",-15.1022222222222
"Matched preparation pairs",-15.5188888888889
"Matched preparation pairs",-15.1694444444444
"Matched preparation pairs",-19.4011111111111
"Matched preparation pairs",-8.29
"Matched preparation pairs",-19.6544444444444
"Matched preparation pairs",-8.99166666666667
"Matched preparation pairs",-14.7233333333333
"Matched preparation pairs",-17.8622222222222
"Matched preparation pairs",-14.705
"Matched preparation pairs",-11.7322222222222
"Matched preparation pairs",-11.3433333333333
"Matched preparation pairs",-10.0105555555556
"Matched preparation pairs",-8.29333333333334
"Matched preparation pairs",-5.48833333333333
"Matched preparation pairs",-21.6266666666667
"Matched preparation pairs",-6.81611111111111
"Matched preparation pairs",-11.2133333333333
"Matched preparation pairs",-9.83833333333334
"Matched preparation pairs",-11.4438888888889
"Matched preparation pairs",-18.4744444444444
"Matched preparation pairs",-7.70888888888888
"Matched preparation pairs",-8.57277777777777
"Matched preparation pairs",-13.4727777777778
"Matched preparation pairs",-19.9411111111111
"Matched preparation pairs",-16.2055555555556
"Matched preparation pairs",-13.5077777777778
"Matched preparation pairs",-14.41
"Matched preparation pairs",-13.0377777777778
"Matched preparation pairs",-13.9522222222222
"Matched preparation pairs",-13.5938888888889
"Matched preparation pairs",-10.8622222222222
"Matched preparation pairs",-14.4677777777778
"Matched preparation pairs",-14.1994444444444
"Matched preparation pairs",-17.3772222222222
"Matched preparation pairs",-13.37
"Matched preparation pairs",-13.7061111111111
"Matched preparation pairs",-8.32944444444444
"Matched preparation pairs",-11.4894444444444
"Matched preparation pairs",-9.87777777777777
"Matched preparation pairs",-12.61
"Matched preparation pairs",-13.9927777777778
"Matched preparation pairs",-10.1533333333333
"Matched preparation pairs",-11.1138888888889
"Matched preparation pairs",-10.7894444444444
"Matched preparation pairs",-10.985
"Matched preparation pairs",-9.17277777777778
"Matched preparation pairs",-11.3127777777778
"Matched preparation pairs",-13.0566666666667
"Matched preparation pairs",-14.5788888888889
"Matched preparation pairs",-15.1288888888889
"Matched preparation pairs",-9.57611111111112
"Matched preparation pairs",-8.35333333333333
"Matched preparation pairs",-11.0933333333333
"Matched preparation pairs",-11.2622222222222
"Matched preparation pairs",-12.2766666666667
"Matched preparation pairs",-17.0811111111111
"Matched preparation pairs",-6.58444444444444
"Matched preparation pairs",-13.3594444444444
"Matched preparation pairs",-15.9683333333333
"Matched preparation pairs",-18.6361111111111
"Matched preparation pairs",-11.8061111111111
"Matched preparation pairs",-13.1727777777778
"Matched preparation pairs",-19.965
"Matched preparation pairs",-9.94888888888889
"Matched preparation pairs",-6.98555555555556
"Matched preparation pairs",-11.7677777777778
"Matched preparation pairs",-21.7522222222222
"Matched preparation pairs",-16.5711111111111
"Matched preparation pairs",-16.6938888888889
"Matched preparation pairs",-17.2916666666667
"Matched preparation pairs",-20.8416666666667
"Matched preparation pairs",-16.1622222222222
"Matched preparation pairs",-14.4105555555556
"Matched preparation pairs",-10.6727777777778
"Matched preparation pairs",-12.8833333333333
"Matched preparation pairs",-14.9644444444444
"Matched preparation pairs",-12.0027777777778
"Matched preparation pairs",-14.7305555555556
"Matched preparation pairs",-12.4622222222222
"Matched preparation pairs",-10.1538888888889
"Matched preparation pairs",-13.48
"Matched preparation pairs",-15.9494444444444
"Matched preparation pairs",-13.6116666666667
"Matched preparation pairs",-14.8738888888889
"Matched preparation pairs",-8.15777777777777
"Matched preparation pairs",-13.9788888888889
"Matched preparation pairs",-15.8394444444444
"Matched preparation pairs",-21.4477777777778
"Matched preparation pairs",-9.69333333333334
"Matched preparation pairs",-16.0627777777778
"Matched preparation pairs",-12.8
"Matched preparation pairs",-7.94833333333334
"Matched preparation pairs",-14.1761111111111
"Matched preparation pairs",-19.1644444444444
"Matched preparation pairs",-16.1388888888889
"Matched preparation pairs",-16.6766666666667
"Matched preparation pairs",-13.2511111111111
"Matched preparation pairs",-17.1361111111111
"Matched preparation pairs",-11.8161111111111
"Matched preparation pairs",-11.0027777777778
"Matched preparation pairs",-9.59222222222222
"Matched preparation pairs",-15.3838888888889
"Matched preparation pairs",-6.86777777777778
"Matched preparation pairs",-18.2288888888889
"Matched preparation pairs",-11.7283333333333
"Matched preparation pairs",-17.7888888888889
"Matched preparation pairs",-14.1588888888889
"Matched preparation pairs",-11.3111111111111
"Matched preparation pairs",-11.1555555555556
"Matched preparation pairs",-14.0405555555556
"Matched preparation pairs",-10.4044444444444
"Matched preparation pairs",-19.1455555555556
"Matched preparation pairs",-14.1005555555556
"Matched preparation pairs",-16.4655555555556
"Matched preparation pairs",-12.5972222222222
"Matched preparation pairs",-11.18
"Matched preparation pairs",-14.825
"Matched preparation pairs",-17.545
"Matched preparation pairs",-19.8261111111111
"Matched preparation pairs",-13.7733333333333
"Matched preparation pairs",-21.6888888888889
"Matched preparation pairs",-15.5
"Matched preparation pairs",-13.195
"Matched preparation pairs",-12.4838888888889
"Matched preparation pairs",-11.3783333333333
"Matched preparation pairs",-9.32277777777778
"Matched preparation pairs",-16.5211111111111
"Matched preparation pairs",-15.7338888888889
"Matched preparation pairs",-15.9788888888889
"Matched preparation pairs",-16.4644444444444
"Matched preparation pairs",-13.1822222222222
"Matched preparation pairs",-19.5144444444444
"Matched preparation pairs",-10.8416666666667
"Matched preparation pairs",-13.7988888888889
"Matched preparation pairs",-12.895
"Matched preparation pairs",-5.51111111111112
"Matched preparation pairs",-7.27611111111112
"Matched preparation pairs",-14.7833333333333
"Matched preparation pairs",-8.50166666666667
"Matched preparation pairs",-8.71277777777777
"Matched preparation pairs",-17.1933333333333
"Matched preparation pairs",-17.2516666666667
"Matched preparation pairs",-13.4711111111111
"Matched preparation pairs",-15.9755555555556
"Matched preparation pairs",-12.3038888888889
"Matched preparation pairs",-13.6655555555556
"Matched preparation pairs",-15.7072222222222
"Matched preparation pairs",-15.225
"Matched preparation pairs",-17.795
"Matched preparation pairs",-10.0816666666667
"Matched preparation pairs",-10.1427777777778
"Matched preparation pairs",-14.0127777777778
"Matched preparation pairs",-18.3761111111111
"Matched preparation pairs",-12.4861111111111
"Matched preparation pairs",-21.945
"Matched preparation pairs",-9.72111111111111
"Matched preparation pairs",-17.6394444444444
"Matched preparation pairs",-11.9705555555556
"Matched preparation pairs",-14.9438888888889
"Matched preparation pairs",-12.6566666666667
"Matched preparation pairs",-13.455
"Matched preparation pairs",-18.3677777777778
"Matched preparation pairs",-6.82055555555555
"Matched preparation pairs",-17.0761111111111
"Matched preparation pairs",-14.9122222222222
"Matched preparation pairs",-15.765
"Matched preparation pairs",-7.50166666666667
"Matched preparation pairs",-9.96833333333333
"Matched preparation pairs",-9.43722222222223
"Matched preparation pairs",-14.5605555555555
"Matched preparation pairs",-14.2566666666667
"Matched preparation pairs",-15.1372222222222
"Matched preparation pairs",-19.3327777777778
"Matched preparation pairs",-17.3583333333333
"Matched preparation pairs",-9.7
"Matched preparation pairs",-10.6727777777778
"Matched preparation pairs",-14.8194444444444
"Matched preparation pairs",-16.6272222222222
"Matched preparation pairs",-10.5822222222222
"Matched preparation pairs",-15.5844444444444
"Matched preparation pairs",-15.0338888888889
"Matched preparation pairs",-12.9683333333333
"Matched preparation pairs",-19.2261111111111
"Matched preparation pairs",-11.6244444444444
"Matched preparation pairs",-13.6033333333333
"Matched preparation pairs",-14.0277777777778
"Matched preparation pairs",-19.6027777777778
"Matched preparation pairs",-10.9455555555556
"Matched preparation pairs",-16.7794444444444
"Matched preparation pairs",-16.89
"Matched preparation pairs",-13.0366666666667
"Matched preparation pairs",-18.3888888888889
"Matched preparation pairs",-10.5705555555556
"Matched preparation pairs",-23.1422222222222
"Matched preparation pairs",-16.9688888888889
"Matched preparation pairs",-17.2494444444444
"Matched preparation pairs",-14.0016666666667
"Matched preparation pairs",-10.6533333333333
"Matched preparation pairs",-15.0888888888889
"Matched preparation pairs",-13.065
"Matched preparation pairs",-7.96388888888889
"Matched preparation pairs",-18.2638888888889
"Matched preparation pairs",-12.2588888888889
"Matched preparation pairs",-12.3644444444444
"Matched preparation pairs",-20.2255555555555
"Matched preparation pairs",-15.2166666666667
"Matched preparation pairs",-11.7261111111111
"Matched preparation pairs",-15.71
"Matched preparation pairs",-6.83777777777777
"Matched preparation pairs",-14.9205555555556
"Matched preparation pairs",-18.9272222222222
"Matched preparation pairs",-16.7183333333333
"Matched preparation pairs",-9.29277777777778
"Matched preparation pairs",-13.2805555555556
"Matched preparation pairs",-9.93444444444444
"Matched preparation pairs",-5.97999999999999
"Matched preparation pairs",-17.8622222222222
"Matched preparation pairs",-15.0638888888889
"Matched preparation pairs",-12.5283333333333
"Matched preparation pairs",0.19166666666667
"Matched preparation pairs",-15.9755555555556
"Matched preparation pairs",-8.42055555555555
"Matched preparation pairs",-11.0977777777778
"Matched preparation pairs",-16.8733333333333
"Matched preparation pairs",-24.7238888888889
"Matched preparation pairs",-15.9883333333333
"Matched preparation pairs",-14.4294444444444
"Matched preparation pairs",-22.385
"Matched preparation pairs",-7.40944444444446
"Matched preparation pairs",-12.8694444444444
"Matched preparation pairs",-8.97
"Matched preparation pairs",-25.0527777777778
"Matched preparation pairs",-21.5166666666667
"Matched preparation pairs",-21.305
"Matched preparation pairs",-23.3477777777778
"Matched preparation pairs",-14.1872222222222
"Matched preparation pairs",-11.7027777777778
"Matched preparation pairs",-17.5305555555556
"Matched preparation pairs",-21.3527777777778
"Matched preparation pairs",-18.8644444444444
"Matched preparation pairs",-14.52
"Matched preparation pairs",-19.5888888888889
"Matched preparation pairs",-15.7077777777778
"Matched preparation pairs",-14.8938888888889
"Matched preparation pairs",-11.8438888888889
"Matched preparation pairs",-19.2555555555556
"Matched preparation pairs",-16.0838888888889
"Matched preparation pairs",-17.6088888888889
"Matched preparation pairs",-12.8066666666667
"Matched preparation pairs",-9.40222222222222
"Matched preparation pairs",-19.705
"Matched preparation pairs",-6.81722222222222
"Matched preparation pairs",-18.5055555555556
"Matched preparation pairs",-20.3383333333333
"Matched preparation pairs",-13.2827777777778
"Matched preparation pairs",-10.4516666666667
"Matched preparation pairs",-13.4038888888889
"Matched preparation pairs",-16.2594444444444
"Matched preparation pairs",-16.1777777777778
"Matched preparation pairs",-8.60611111111112
"Matched preparation pairs",-13.2511111111111
"Matched preparation pairs",-18.7083333333333
"Matched preparation pairs",-9.34888888888889
"Matched preparation pairs",-9.67444444444445
"Matched preparation pairs",-14.065
"Matched preparation pairs",-14.6127777777778
"Matched preparation pairs",-18.5283333333333
"Matched preparation pairs",-18.8288888888889
"Matched preparation pairs",-17.9666666666667
"Matched preparation pairs",-13.7861111111111
"Matched preparation pairs",-8.92055555555556
"Matched preparation pairs",-14.5627777777778
"Matched preparation pairs",-13.25
"Matched preparation pairs",-12.645
"Matched preparation pairs",-11.8438888888889
"Matched preparation pairs",-16.0072222222222
"Matched preparation pairs",-16.9238888888889
"Matched preparation pairs",-14.375
"Matched preparation pairs",-7.71611111111112
"Matched preparation pairs",-17.6327777777778
"Matched preparation pairs",-14.035
"Matched preparation pairs",-12.4588888888889
"Matched preparation pairs",-13.6094444444444
"Matched preparation pairs",-13.5794444444444
"Matched preparation pairs",-13.1194444444444
"Matched preparation pairs",-10.0088888888889
"Matched preparation pairs",-7.31888888888889
"Matched preparation pairs",-19.7794444444444
"Matched preparation pairs",-12.8572222222222
"Matched preparation pairs",-9.88444444444444
"Matched preparation pairs",-19.5855555555556
"Matched preparation pairs",-10.205
"Matched preparation pairs",-11.7372222222222
"Matched preparation pairs",-13.9044444444444
"Matched preparation pairs",-11.3616666666667
"Matched preparation pairs",-15.6727777777778
"Matched preparation pairs",-11.4572222222222
"Matched preparation pairs",-19.0083333333333
"Matched preparation pairs",-8.44555555555555
"Matched preparation pairs",-16.645
"Matched preparation pairs",-2.99444444444444
"Matched preparation pairs",-10.9994444444444
"Matched preparation pairs",-17.0938888888889
"Matched preparation pairs",-16.4711111111111
"Matched preparation pairs",-12.3855555555556
"Matched preparation pairs",-11.9544444444444
"Matched preparation pairs",-9.82777777777779
"Matched preparation pairs",-11.2766666666667
"Matched preparation pairs",-13.9605555555556
"Matched preparation pairs",-10.6038888888889
"Matched preparation pairs",-15.3055555555556
"Matched preparation pairs",-12.7755555555556
"Matched preparation pairs",-11.4266666666667
"Matched preparation pairs",-18.6766666666667
"Matched preparation pairs",-3.97277777777777
"Matched preparation pairs",-19.87
"Matched preparation pairs",-13.9155555555556
"Matched preparation pairs",-12.6427777777778
"Matched preparation pairs",-8.65277777777778
"Matched preparation pairs",-12.4244444444444
"Matched preparation pairs",-11.2516666666667
"Matched preparation pairs",-13.6
"Matched preparation pairs",-10.9622222222222
"Matched preparation pairs",-6.75333333333333
"Matched preparation pairs",-16.8694444444444
"Matched preparation pairs",-21.1683333333333
"Matched preparation pairs",-16.5227777777778
"Matched preparation pairs",-8.94444444444444
"Matched preparation pairs",-8.51111111111111
"Matched preparation pairs",-14.6561111111111
"Matched preparation pairs",-7.94666666666667
"Matched preparation pairs",-7.03944444444445
"Matched preparation pairs",-11.9805555555556
"Matched preparation pairs",-11.9672222222222
"Matched preparation pairs",-10.9261111111111
"Matched preparation pairs",-23.8833333333333
"Matched preparation pairs",-12.9866666666667
"Matched preparation pairs",-10.3972222222222
"Matched preparation pairs",-18.9961111111111
"Matched preparation pairs",-14.3455555555556
"Matched preparation pairs",-18.7066666666667
"Matched preparation pairs",-13.6033333333333
"Matched preparation pairs",-7.75222222222223
"Matched preparation pairs",-9.68500000000001
"Matched preparation pairs",-12.2255555555556
"Matched preparation pairs",-19.3188888888889
"Matched preparation pairs",-8.46944444444444
"Matched preparation pairs",-10.3022222222222
"Matched preparation pairs",-5.88833333333334
"Matched preparation pairs",-16.6311111111111
"Matched preparation pairs",-17.9861111111111
"Matched preparation pairs",-14.1388888888889
"Matched preparation pairs",-8.93944444444444
"Matched preparation pairs",-19.3333333333333
"Matched preparation pairs",-19.4483333333333
"Matched preparation pairs",-17.7472222222222
"Matched preparation pairs",-14.6238888888889
"Matched preparation pairs",-9.99166666666665
"Matched preparation pairs",-16.2994444444444
"Matched preparation pairs",-21.9588888888889
"Matched preparation pairs",-12.2988888888889
"Matched preparation pairs",-8.02666666666667
"Matched preparation pairs",-23.9155555555556
"Matched preparation pairs",-18.0766666666667
"Matched preparation pairs",-17.4627777777778
"Matched preparation pairs",-10.6283333333333
"Matched preparation pairs",-17.3333333333333
"Matched preparation pairs",-13.6838888888889
"Matched preparation pairs",-17.2655555555556
"Matched preparation pairs",-11.3933333333333
"Matched preparation pairs",-13.3733333333333
"Matched preparation pairs",-2.38111111111112
"Matched preparation pairs",-14.69
"Matched preparation pairs",-16.275
"Matched preparation pairs",-10.5755555555556
"Matched preparation pairs",-13.3872222222222
"Matched preparation pairs",-18.7794444444444
"Matched preparation pairs",-9.54944444444445
"Matched preparation pairs",-19.1222222222222
"Matched preparation pairs",-17.5688888888889
"Matched preparation pairs",-14.565
"Matched preparation pairs",-15.2922222222222
"Matched preparation pairs",-8.32833333333333
"Matched preparation pairs",-14.8038888888889
"Matched preparation pairs",-9.06222222222222
"Matched preparation pairs",-16.9116666666667
"Matched preparation pairs",-15.3033333333333
"Matched preparation pairs",-14.3522222222222
"Matched preparation pairs",-10.0472222222222
"Matched preparation pairs",-16.1083333333333
"Matched preparation pairs",-7.21888888888888
"Matched preparation pairs",-12.5627777777778
"Matched preparation pairs",-20.8366666666667
"Matched preparation pairs",-17.6705555555556
"Matched preparation pairs",-11.8005555555556
"Matched preparation pairs",-12.3411111111111
"Matched preparation pairs",-15.3066666666667
"Matched preparation pairs",-11.9455555555556
"Matched preparation pairs",-22.1666666666667
"Matched preparation pairs",-12.0227777777778
"Matched preparation pairs",-12.3466666666667
"Matched preparation pairs",-19.145
"Matched preparation pairs",-17.2816666666667
"Matched preparation pairs",-17.4661111111111
"Matched preparation pairs",-17.0955555555556
"Matched preparation pairs",-9.53333333333333
"Matched preparation pairs",-13.5861111111111
"Matched preparation pairs",-15.0127777777778
"Matched preparation pairs",-19.7716666666667
"Matched preparation pairs",-9.00833333333334
"Matched preparation pairs",-9.31944444444444
"Matched preparation pairs",-16.0122222222222
"Matched preparation pairs",-16.4083333333333
"Matched preparation pairs",-15.1244444444444
"Matched preparation pairs",-18.435
"Matched preparation pairs",-15.6488888888889
"Matched preparation pairs",-15.7616666666667
"Matched preparation pairs",-14.9188888888889
"Matched preparation pairs",-15.8122222222222
"Matched preparation pairs",-11.3733333333333
"Matched preparation pairs",-14.4094444444444
"Matched preparation pairs",-15.5466666666667
"Matched preparation pairs",-15.2155555555556
"Matched preparation pairs",-9.08944444444445
"Matched preparation pairs",-13.7211111111111
"Matched preparation pairs",-10.2922222222222
"Matched preparation pairs",-18.5016666666667
"Matched preparation pairs",-7.63166666666667
"Matched preparation pairs",-12.6627777777778
"Matched preparation pairs",-19.755
"Matched preparation pairs",-15.2038888888889
"Matched preparation pairs",-16.1438888888889
"Matched preparation pairs",-8.91388888888888
"Matched preparation pairs",-8.93499999999999
"Matched preparation pairs",-15.1305555555556
"Matched preparation pairs",-18.9305555555556
"Matched preparation pairs",-12.8983333333333
"Matched preparation pairs",-11.7933333333333
"Matched preparation pairs",-11.3155555555556
"Matched preparation pairs",-11.9466666666667
"Matched preparation pairs",-5.30055555555556
"Matched preparation pairs",-17.1738888888889
"Matched preparation pairs",-13.3866666666667
"Matched preparation pairs",-10.2872222222222
"Matched preparation pairs",-8.50888888888888
"Matched preparation pairs",-14.6294444444444
"Matched preparation pairs",-13.1955555555556
"Matched preparation pairs",-13.7916666666667
"Matched preparation pairs",-12.8644444444444
"Matched preparation pairs",-11.7538888888889
"Matched preparation pairs",-13.5872222222222
"Matched preparation pairs",-17.5077777777778
"Matched preparation pairs",-14.2555555555556
"Matched preparation pairs",-10.9688888888889
"Matched preparation pairs",-9.92444444444445
"Matched preparation pairs",-15.6911111111111
"Matched preparation pairs",-14.7822222222222
"Matched preparation pairs",-4.56388888888889
"Matched preparation pairs",-3.23611111111111
"Matched preparation pairs",-13.6977777777778
"Matched preparation pairs",-17.7022222222222
"Matched preparation pairs",-12.5572222222222
"Matched preparation pairs",-17.4477777777778
"Matched preparation pairs",-20.6561111111111
"Matched preparation pairs",-13.9783333333333
"Matched preparation pairs",-17.355
"Matched preparation pairs",-13.3827777777778
"Matched preparation pairs",-18.5238888888889
"Matched preparation pairs",-7.94444444444444
"Matched preparation pairs",-13.5205555555555
"Matched preparation pairs",-16.3716666666667
"Matched preparation pairs",-14.9027777777778
"Matched preparation pairs",-19.0311111111111
"Matched preparation pairs",-22.2177777777778
"Matched preparation pairs",-13.5994444444444
"Matched preparation pairs",-1.33666666666667
"Matched preparation pairs",-11.1811111111111
"Matched preparation pairs",-16.8
"Matched preparation pairs",-11.9955555555556
"Matched preparation pairs",-19.9533333333333
"Matched preparation pairs",-19.0816666666667
"Matched preparation pairs",-23.8572222222222
"Matched preparation pairs",-23.6105555555556
"Matched preparation pairs",-10.3455555555556
"Matched preparation pairs",-12.8055555555556
"Matched preparation pairs",-7.21111111111111
"Matched preparation pairs",-13.7161111111111
"Matched preparation pairs",-11.8361111111111
"Matched preparation pairs",-7.83055555555555
"Matched preparation pairs",-12.8288888888889
"Matched preparation pairs",-21.6322222222222
"Matched preparation pairs",-14.5361111111111
"Matched preparation pairs",-13.5072222222222
"Matched preparation pairs",-11.2427777777778
"Matched preparation pairs",-14.7566666666667
"Matched preparation pairs",-15.1594444444444
"Matched preparation pairs",-14.0377777777778
"Matched preparation pairs",-11.5605555555556
"Matched preparation pairs",-27.9072222222222
"Matched preparation pairs",-8.57777777777778
"Matched preparation pairs",-7.745
"Matched preparation pairs",-13.1544444444444
"Matched preparation pairs",-14.9183333333333
"Matched preparation pairs",-22.4011111111111
"Matched preparation pairs",-14.8594444444444
"Matched preparation pairs",-10.9944444444444
"Matched preparation pairs",-8.05333333333333
"Matched preparation pairs",-12.1511111111111
"Matched preparation pairs",-17.8094444444444
"Matched preparation pairs",-8.47222222222222
"Matched preparation pairs",-16.5533333333333
"Matched preparation pairs",-9.84611111111111
"Matched preparation pairs",-17.86
"Matched preparation pairs",-8.71388888888889
"Matched preparation pairs",-10.5983333333333
"Matched preparation pairs",-17.6844444444444
"Matched preparation pairs",-18.5866666666667
"Matched preparation pairs",-16.3433333333333
"Matched preparation pairs",-16.5855555555556
"Matched preparation pairs",-13.0877777777778
"Matched preparation pairs",-10.2188888888889
"Matched preparation pairs",-15.5644444444444
"Matched preparation pairs",-13.2827777777778
"Matched preparation pairs",-17.07
"Matched preparation pairs",-15.7188888888889
"Matched preparation pairs",-13.8261111111111
"Matched preparation pairs",-14.3716666666667
"Matched preparation pairs",-16.03
"Matched preparation pairs",-11.5372222222222
"Matched preparation pairs",-14.1216666666667
"Matched preparation pairs",-9.05166666666666
"Matched preparation pairs",-16.9238888888889
"Matched preparation pairs",-20.5977777777778
"Matched preparation pairs",-20.0055555555556
"Matched preparation pairs",-9.07555555555556
"Matched preparation pairs",-12.5805555555556
"Matched preparation pairs",-20.2961111111111
"Matched preparation pairs",-14.465
"Matched preparation pairs",-15.5527777777778
"Matched preparation pairs",-11.9777777777778
"Matched preparation pairs",-10.9405555555556
"Matched preparation pairs",-2.88555555555555
"Matched preparation pairs",-20.8027777777778
"Matched preparation pairs",-16.3222222222222
"Matched preparation pairs",-15.1638888888889
"Matched preparation pairs",-12.0061111111111
"Matched preparation pairs",-16.4183333333333
"Matched preparation pairs",-20.675
"Matched preparation pairs",-9.03055555555555
"Matched preparation pairs",-11.48
"Matched preparation pairs",-11.8577777777778
"Matched preparation pairs",-11.5494444444444
"Matched preparation pairs",-13.0744444444444
"Matched preparation pairs",-21.335
"Matched preparation pairs",-18.01
"Matched preparation pairs",-18.5861111111111
"Matched preparation pairs",-16.9866666666667
"Matched preparation pairs",-14.4172222222222
"Matched preparation pairs",-15.4172222222222
"Matched preparation pairs",-11.1227777777778
"Matched preparation pairs",-8.985
"Matched preparation pairs",-18.2005555555556
"Matched preparation pairs",-15.2733333333333
"Matched preparation pairs",-12.3488888888889
"Matched preparation pairs",-19.5827777777778
"Matched preparation pairs",-14.0744444444444
"Matched preparation pairs",-14.0366666666667
"Matched preparation pairs",-15.0433333333333
"Matched preparation pairs",-10.2088888888889
"Matched preparation pairs",-12.7255555555556
"Matched preparation pairs",-16.3516666666667
"Matched preparation pairs",-17.5777777777778
"Matched preparation pairs",-13.6055555555556
"Matched preparation pairs",-10.2416666666667
"Matched preparation pairs",-15.2827777777778
"Matched preparation pairs",-11.1794444444444
"Matched preparation pairs",-12.8377777777778
"Matched preparation pairs",-17.1916666666667
"Matched preparation pairs",-9.63277777777778
"Matched preparation pairs",-20.0594444444444
"Matched preparation pairs",-9.64333333333333
"Matched preparation pairs",-16.0083333333333
"Matched preparation pairs",-18.6705555555556
"Matched preparation pairs",-15.6611111111111
"Matched preparation pairs",-7.33722222222222
"Matched preparation pairs",-1.67777777777778
"Matched preparation pairs",-8.94000000000001
"Matched preparation pairs",-10.7155555555556
"Matched preparation pairs",-11.9427777777778
"Matched preparation pairs",-16.4205555555556
"Matched preparation pairs",-17.1661111111111
"Matched preparation pairs",-11.3444444444444
"Matched preparation pairs",-9.88444444444444
"Matched preparation pairs",-15.535
"Matched preparation pairs",-19.2005555555556
"Matched preparation pairs",-11.1516666666667
"Matched preparation pairs",-10.5366666666667
"Matched preparation pairs",-13.7655555555556
"Matched preparation pairs",-10.4427777777778
"Matched preparation pairs",-13.8933333333333
"Matched preparation pairs",-6.19111111111111
"Matched preparation pairs",-7.815
"Matched preparation pairs",-17.165
"Matched preparation pairs",-13.2255555555556
"Matched preparation pairs",-21.5616666666667
"Matched preparation pairs",-10.9611111111111
"Matched preparation pairs",-13.5833333333333
"Matched preparation pairs",-5.14722222222222
"Matched preparation pairs",-9.61333333333334
"Matched preparation pairs",-16.0283333333333
"Matched preparation pairs",-18.9894444444444
"Matched preparation pairs",-5.20944444444445
"Matched preparation pairs",-9.86888888888889
"Matched preparation pairs",-12.9116666666667
"Matched preparation pairs",-16.5627777777778
"Matched preparation pairs",-19.7955555555555
"Matched preparation pairs",-12.8966666666667
"Matched preparation pairs",-11.6555555555556
"Matched preparation pairs",-15.1966666666667
"Matched preparation pairs",-5.59055555555556
"Matched preparation pairs",-12.1705555555556
"Matched preparation pairs",-8.28888888888889
"Matched preparation pairs",-18.7894444444445
"Matched preparation pairs",-21.7766666666667
"Matched preparation pairs",-13.2522222222222
"Matched preparation pairs",-18.3622222222222
"Matched preparation pairs",-10.1661111111111
"Matched preparation pairs",-18.5127777777778
"Matched preparation pairs",-19.0738888888889
"Matched preparation pairs",-13.2383333333333
"Matched preparation pairs",-16.0772222222222
"Matched preparation pairs",-12.5605555555556
"Matched preparation pairs",-12.4616666666667
"Matched preparation pairs",-15.0233333333333
"Matched preparation pairs",-17.3633333333333
"Matched preparation pairs",-9.67666666666666
"Matched preparation pairs",-7.18666666666667
"Matched preparation pairs",-20.7066666666667
"Matched preparation pairs",-15.5816666666667
"Matched preparation pairs",-19.4861111111111
"Matched preparation pairs",-6.57222222222223
"Matched preparation pairs",-16.7305555555556
"Matched preparation pairs",-10.5633333333333
"Matched preparation pairs",-18.2955555555556
"Matched preparation pairs",-15.3466666666667
"Matched preparation pairs",-14.4266666666667
"Matched preparation pairs",-13.2894444444444
"Matched preparation pairs",-5.17722222222223
"Matched preparation pairs",-14.3516666666667
"Matched preparation pairs",-12.4055555555556
"Matched preparation pairs",-17.7638888888889
"Matched preparation pairs",-8.38
"Matched preparation pairs",-12.5977777777778
"Matched preparation pairs",-13.135
"Matched preparation pairs",-15.66
"Matched preparation pairs",-9.89944444444445
"Matched preparation pairs",-10.5327777777778
"Matched preparation pairs",-14.8233333333333
"Matched preparation pairs",-21.4688888888889
"Matched preparation pairs",-11.7866666666667
"Matched preparation pairs",-16.7716666666667
"Matched preparation pairs",-14.0194444444444
"Matched preparation pairs",-14.0188888888889
"Matched preparation pairs",-16.4616666666667
"Matched preparation pairs",-21.6844444444444
"Matched preparation pairs",-4.79777777777778
"Matched preparation pairs",-9.65333333333333
"Matched preparation pairs",-13.2694444444444
"Matched preparation pairs",-10.8994444444444
"Matched preparation pairs",-12.8038888888889
"Matched preparation pairs",-13.7688888888889
"Matched preparation pairs",-12.8972222222222
"Matched preparation pairs",-21.825
"Matched preparation pairs",-12.9155555555556
"Matched preparation pairs",-11.3
"Matched preparation pairs",-15.0727777777778
"Matched preparation pairs",-15.14
"Matched preparation pairs",-18.3738888888889
"Matched preparation pairs",-13.4877777777778
"Matched preparation pairs",-11.2827777777778
"Matched preparation pairs",-12.5927777777778
"Matched preparation pairs",-16.4827777777778
"Matched preparation pairs",-17.2305555555556
"Matched preparation pairs",-9.95388888888889
"Matched preparation pairs",-16.0627777777778
"Matched preparation pairs",-11.0372222222222
"Matched preparation pairs",-13.3277777777778
"Matched preparation pairs",-9.63055555555555
"Matched preparation pairs",-19.505
"Matched preparation pairs",-21.3911111111111
"Matched preparation pairs",-10.0716666666667
"Matched preparation pairs",-15.9211111111111
"Matched preparation pairs",-13.4261111111111
"Matched preparation pairs",-13.2116666666667
"Matched preparation pairs",-11.0722222222222
"Matched preparation pairs",-20.7988888888889
"Matched preparation pairs",-19.6977777777778
"Matched preparation pairs",-19.21
"Matched preparation pairs",-12.6066666666667
"Matched preparation pairs",-18.82
"Matched preparation pairs",-12.77
"Matched preparation pairs",-12.1116666666667
"Matched preparation pairs",-9.79
"Matched preparation pairs",-12.0211111111111
"Matched preparation pairs",-12.4294444444444
"Matched preparation pairs",-12.8627777777778
"Matched preparation pairs",-9.16666666666667
"Matched preparation pairs",-3.36555555555555
"Matched preparation pairs",-16.0133333333333
"Matched preparation pairs",-21.4283333333333
"Matched preparation pairs",-21.2911111111111
"Matched preparation pairs",-19.9927777777778
"Matched preparation pairs",-15.5844444444444
"Matched preparation pairs",-14.7338888888889
"Matched preparation pairs",-11.5611111111111
"Matched preparation pairs",-19.5644444444445
"Matched preparation pairs",-10.645
"Matched preparation pairs",-18.7961111111111
"Matched preparation pairs",-14.8027777777778
"Matched preparation pairs",-10.9522222222222
"Matched preparation pairs",-11.8555555555556
"Matched preparation pairs",-18.225
"Matched preparation pairs",-12.3511111111111
"Matched preparation pairs",-13.4805555555556
"Matched preparation pairs",-12.7316666666667
"Matched preparation pairs",-10.1166666666667
"Matched preparation pairs",-12.8472222222222
"Matched preparation pairs",-8.45444444444444
"Matched preparation pairs",-8.84
"Matched preparation pairs",-9.59666666666667
"Matched preparation pairs",-11.5133333333333
"Matched preparation pairs",-10.6794444444444
"Matched preparation pairs",-17.4966666666667
"Matched preparation pairs",-10.6922222222222
"Matched preparation pairs",-17.2588888888889
"Matched preparation pairs",-9.47611111111111
"Matched preparation pairs",-15.0955555555556
"Matched preparation pairs",-11.795
"Matched preparation pairs",-17.7233333333333
"Matched preparation pairs",-13.2366666666667
"Matched preparation pairs",-16.615
"Matched preparation pairs",-9.11722222222222
"Matched preparation pairs",-11.8944444444444
"Matched preparation pairs",-6.85166666666667
"Matched preparation pairs",-18.0322222222222
"Matched preparation pairs",-8.64499999999999
"Matched preparation pairs",-9.18611111111111
"Matched preparation pairs",-18.95
"Matched preparation pairs",-10.7233333333333
"Matched preparation pairs",-11.1505555555556
"Matched preparation pairs",-10.9444444444444
"Matched preparation pairs",-10.6727777777778
"Matched preparation pairs",-15.7072222222222
"Matched preparation pairs",-15.8061111111111
"Matched preparation pairs",-9.94166666666667
"Matched preparation pairs",-13.965
"Matched preparation pairs",-5.085
"Matched preparation pairs",-7.42722222222222
"Matched preparation pairs",-20.9622222222222
"Matched preparation pairs",-15.4988888888889
"Matched preparation pairs",-12.3783333333333
"Matched preparation pairs",-8.88944444444444
"Matched preparation pairs",-16.7094444444444
"Matched preparation pairs",-11.9322222222222
"Matched preparation pairs",-16.6261111111111
"Matched preparation pairs",-5.47666666666666
"Matched preparation pairs",-16.3155555555556
"Matched preparation pairs",-18.0755555555556
"Matched preparation pairs",-15.7861111111111
"Matched preparation pairs",-14.6272222222222
"Matched preparation pairs",-6.405
"Matched preparation pairs",-3.065
"Matched preparation pairs",-14.0705555555556
"Matched preparation pairs",-12.3244444444444
"Matched preparation pairs",-16.615
"Matched preparation pairs",-16.5272222222222
"Matched preparation pairs",-13.5455555555556
"Matched preparation pairs",-11.6088888888889
"Matched preparation pairs",-13.0955555555556
"Matched preparation pairs",-10.4144444444444
"Matched preparation pairs",-15.8911111111111
"Matched preparation pairs",-16.3838888888889
"Matched preparation pairs",-9.27555555555556
"Matched preparation pairs",-25.7283333333333
"Matched preparation pairs",-15.1427777777778
"Matched preparation pairs",-15.17
"Matched preparation pairs",-19.585
"Matched preparation pairs",-15.5716666666667
"Matched preparation pairs",-12.8183333333333
"Matched preparation pairs",-13.3533333333333
"Matched preparation pairs",-15.0466666666667
"Matched preparation pairs",-5.49000000000001
"Matched preparation pairs",-15.0361111111111
"Matched preparation pairs",-13.9633333333333
"Matched preparation pairs",-18.2494444444444
"Matched preparation pairs",-18.3433333333333
"Matched preparation pairs",-10.4711111111111
"Matched preparation pairs",-6.52055555555555
"Matched preparation pairs",-15.6238888888889
"Matched preparation pairs",-18.2577777777778
"Matched preparation pairs",-18.7411111111111
"Matched preparation pairs",-14.0338888888889
"Matched preparation pairs",-7.84666666666667
"Matched preparation pairs",-10.9672222222222
"Matched preparation pairs",-17.5577777777778
"Matched preparation pairs",-11.3994444444444
"Matched preparation pairs",-11.4922222222222
"Matched preparation pairs",-20.9894444444444
"Matched preparation pairs",-12.92
"Matched preparation pairs",-18.1277777777778
"Matched preparation pairs",-13.4944444444444
"Matched preparation pairs",-18.8083333333333
"Matched preparation pairs",-12.9638888888889
"Matched preparation pairs",-19.9061111111111
"Matched preparation pairs",-14.2983333333333
"Matched preparation pairs",-18.2705555555555
"Matched preparation pairs",-8.56222222222222
"Matched preparation pairs",-12.8094444444444
"Matched preparation pairs",-11.3522222222222
"Matched preparation pairs",-15.5366666666667
"Matched preparation pairs",-19.0405555555556
"Matched preparation pairs",-13.8794444444444
"Matched preparation pairs",-11.3066666666667
"Matched preparation pairs",-15.475
"Matched preparation pairs",-5.46111111111111
"Matched preparation pairs",-15.6283333333333
"Matched preparation pairs",-5.22888888888888
"Matched preparation pairs",-16.7733333333333
"Matched preparation pairs",-15.1838888888889
"Matched preparation pairs",-17.6416666666667
"Matched preparation pairs",-19.0816666666667
"Matched preparation pairs",-16.7455555555555
"Matched preparation pairs",-18.88
"Matched preparation pairs",-16.2288888888889
"Matched preparation pairs",-21.7272222222222
"Matched preparation pairs",-15.3211111111111
"Matched preparation pairs",-11.3672222222222
"Matched preparation pairs",-16.5427777777778
"Matched preparation pairs",-12.3455555555556
"Matched preparation pairs",-13.1905555555556
"Matched preparation pairs",-17.4183333333333
"Matched preparation pairs",-11.5383333333333
"Matched preparation pairs",-15.7466666666667
"Matched preparation pairs",-15.6994444444444
"Matched preparation pairs",-12.6488888888889
"Matched preparation pairs",-15.66
"Matched preparation pairs",-8.98777777777778
"Matched preparation pairs",-17.8161111111111
"Matched preparation pairs",-16.0977777777778
"Matched preparation pairs",-11.6761111111111
"Matched preparation pairs",-13.5294444444444
"Matched preparation pairs",-15.1261111111111
"Matched preparation pairs",-10.14
"Matched preparation pairs",-13.7355555555556
"Matched preparation pairs",-15.9461111111111
"Matched preparation pairs",-10.8827777777778
"Matched preparation pairs",-14.2105555555556
"Matched preparation pairs",-13.1794444444444
"Matched preparation pairs",-13.8733333333333
"Matched preparation pairs",-17.3122222222222
"Matched preparation pairs",-9.17555555555556
"Matched preparation pairs",-16.4138888888889
"Matched preparation pairs",-17.8894444444444
"Matched preparation pairs",-14.71
"Matched preparation pairs",-16.3866666666667
"Matched preparation pairs",-10.38
"Matched preparation pairs",-13.5255555555556
"Matched preparation pairs",-15.5094444444444
"Matched preparation pairs",-9.63166666666667
"Matched preparation pairs",-23.0588888888889
"Matched preparation pairs",-16.0316666666667
"Matched preparation pairs",-18.6372222222222
"Matched preparation pairs",-15.1338888888889
"Matched preparation pairs",-3.65
"Matched preparation pairs",-14.5172222222222
"Matched preparation pairs",-13.7794444444445
"Matched preparation pairs",-13.2988888888889
"Matched preparation pairs",-16.5388888888889
"Matched preparation pairs",-16.4672222222222
"Matched preparation pairs",-13.3233333333333
"Matched preparation pairs",-16.045
"Matched preparation pairs",-16.6855555555556
"Matched preparation pairs",-14.7755555555556
"Matched preparation pairs",-16.3427777777778
"Matched preparation pairs",-16.4027777777778
"Matched preparation pairs",-13.25
"Matched preparation pairs",-6.49833333333334
"Matched preparation pairs",-14.1238888888889
"Matched preparation pairs",-21.2005555555556
"Matched preparation pairs",-13.9794444444444
"Matched preparation pairs",-2.94888888888889
"Matched preparation pairs",-15.025
"Matched preparation pairs",-15.1411111111111
"Matched preparation pairs",-21.3244444444444
"Matched preparation pairs",-16.4116666666667
"Matched preparation pairs",-11.2727777777778
"Matched preparation pairs",-9.29166666666666
"Matched preparation pairs",-17.4272222222222
"Matched preparation pairs",-14.2938888888889
"Matched preparation pairs",-9.27388888888889
"Matched preparation pairs",-6.46555555555555
"Matched preparation pairs",-11.1422222222222
"Matched preparation pairs",-16.7983333333333
"Matched preparation pairs",-10.9416666666667
"Matched preparation pairs",-15.0777777777778
"Matched preparation pairs",-20.5288888888889
"Matched preparation pairs",-4.95333333333333
"Matched preparation pairs",-12.6322222222222
"Matched preparation pairs",-9.74555555555554
"Matched preparation pairs",-17.4011111111111
"Matched preparation pairs",-19.19
"Matched preparation pairs",-12.3194444444444
"Matched preparation pairs",-12.9788888888889
"Matched preparation pairs",-21.4194444444444
"Matched preparation pairs",-5.41333333333334
"Matched preparation pairs",-8.42333333333333
"Matched preparation pairs",-15.7455555555556
"Matched preparation pairs",-25.9627777777778
"Matched preparation pairs",-8.265
"Matched preparation pairs",-12.9594444444444
"Matched preparation pairs",-16.2961111111111
"Matched preparation pairs",-21.5327777777778
"Matched preparation pairs",-11.245
"Matched preparation pairs",-10.6105555555556
"Matched preparation pairs",-12.81
"Matched preparation pairs",-10.9155555555556
"Matched preparation pairs",-14.5227777777778
"Matched preparation pairs",-10.2261111111111
"Matched preparation pairs",-25.2238888888889
"Matched preparation pairs",-8.65722222222223
"Matched preparation pairs",-14.7211111111111
"Matched preparation pairs",-12.2322222222222
"Matched preparation pairs",-5.97111111111111
"Matched preparation pairs",-11.1577777777778
"Matched preparation pairs",-11.7127777777778
"Matched preparation pairs",-9.22722222222223
"Matched preparation pairs",-9.41555555555556
"Matched preparation pairs",-13.2644444444444
"Matched preparation pairs",-18.0894444444444
"Matched preparation pairs",-7.16888888888889
"Matched preparation pairs",-17.7338888888889
"Matched preparation pairs",-13.2977777777778
"Matched preparation pairs",-16.8572222222222
"Matched preparation pairs",-14.3327777777778
"Matched preparation pairs",-10.4122222222222
"Matched preparation pairs",-7.44444444444444
"Matched preparation pairs",-20.0827777777778
"Matched preparation pairs",-8.44944444444445
"Matched preparation pairs",-10.8927777777778
"Matched preparation pairs",-5.88055555555555
"Matched preparation pairs",-11.8344444444444
"Matched preparation pairs",-8.23666666666666
"Matched preparation pairs",-12.1194444444444
"Matched preparation pairs",-14.0161111111111
"Matched preparation pairs",-10.5383333333333
"Matched preparation pairs",-20.9411111111111
"Matched preparation pairs",-11.7983333333333
"Matched preparation pairs",-17.9733333333333
"Matched preparation pairs",-11.805
"Matched preparation pairs",-13.9961111111111
"Matched preparation pairs",-14.9433333333333
"Matched preparation pairs",-19.9222222222222
"Matched preparation pairs",-11.4311111111111
"Matched preparation pairs",-11.8694444444444
"Matched preparation pairs",-20.7722222222222
"Matched preparation pairs",-11.8122222222222
"Matched preparation pairs",-19.0105555555556
"Matched preparation pairs",-16.4005555555556
"Matched preparation pairs",-10.0905555555556
"Matched preparation pairs",-15.8511111111111
"Matched preparation pairs",-17.8011111111111
"Matched preparation pairs",-14.5083333333333
"Matched preparation pairs",-21.5733333333333
"Matched preparation pairs",-11.775
"Matched preparation pairs",-14.155
"Matched preparation pairs",-11.5405555555555
"Matched preparation pairs",-6.41666666666667
"Matched preparation pairs",-18.2161111111111
"Matched preparation pairs",-10.1827777777778
"Matched preparation pairs",-7.72333333333334
"Matched preparation pairs",-13.91
"Matched preparation pairs",-15.7572222222222
"Matched preparation pairs",-17.03
"Matched preparation pairs",-19.6122222222222
"Matched preparation pairs",-4.18666666666667
"Matched preparation pairs",-14.9544444444444
"Matched preparation pairs",-14.8766666666667
"Matched preparation pairs",-14.4822222222222
"Matched preparation pairs",-13.2477777777778
"Matched preparation pairs",-16.2072222222222
"Matched preparation pairs",-17.89
"Matched preparation pairs",-8.88722222222222
"Matched preparation pairs",-12.4555555555556
"Matched preparation pairs",-18.0005555555556
"Matched preparation pairs",-11.1994444444444
"Matched preparation pairs",-14.4405555555556
"Matched preparation pairs",-19.3022222222222
"Matched preparation pairs",-16.4061111111111
"Matched preparation pairs",-13.4077777777778
"Matched preparation pairs",-7.33055555555555
"Matched preparation pairs",-10.6127777777778
"Matched preparation pairs",-11.1255555555556
"Matched preparation pairs",-14.1038888888889
"Matched preparation pairs",-6.87666666666667
"Matched preparation pairs",-4.57611111111112
"Matched preparation pairs",-12.9477777777778
"Matched preparation pairs",-15.1877777777778
"Matched preparation pairs",-15.7088888888889
"Matched preparation pairs",-18.8722222222222
"Matched preparation pairs",-20.6911111111111
"Matched preparation pairs",-17.1633333333333
"Matched preparation pairs",-13.005
"Matched preparation pairs",-13.0388888888889
"Matched preparation pairs",-18.7161111111111
"Matched preparation pairs",-11.0388888888889
"Matched preparation pairs",-5.72333333333333
"Matched preparation pairs",-6.35888888888889
"Matched preparation pairs",-15.2038888888889
"Matched preparation pairs",-12.12
"Matched preparation pairs",-12.5738888888889
"Matched preparation pairs",-13.7905555555556
"Matched preparation pairs",-17.1666666666667
"Matched preparation pairs",-8.74388888888889
"Matched preparation pairs",-9.57888888888889
"Matched preparation pairs",-15.8166666666667
"Matched preparation pairs",-18.5405555555556
"Matched preparation pairs",-18.5261111111111
"Matched preparation pairs",-14.6144444444444
"Matched preparation pairs",-9.95333333333334
"Matched preparation pairs",-19.1427777777778
"Matched preparation pairs",-14.0116666666667
"Matched preparation pairs",-21.7527777777778
"Matched preparation pairs",-14.3455555555556
"Matched preparation pairs",-14.6027777777778
"Matched preparation pairs",-14.6838888888889
"Matched preparation pairs",-20.3811111111111
"Matched preparation pairs",-14.175
"Matched preparation pairs",-9.77444444444444
"Matched preparation pairs",-15.4544444444444
"Matched preparation pairs",-16.0116666666667
"Matched preparation pairs",-4.75444444444444
"Matched preparation pairs",-14.7377777777778
"Matched preparation pairs",-19.6255555555555
"Matched preparation pairs",-14.9833333333333
"Matched preparation pairs",-17.5972222222222
"Matched preparation pairs",-11.9961111111111
"Matched preparation pairs",-14.7122222222222
"Matched preparation pairs",-15.5627777777778
"Matched preparation pairs",-12.41
"Matched preparation pairs",-6.41111111111111
"Matched preparation pairs",-14.7455555555555
"Matched preparation pairs",-3.63222222222222
"Matched preparation pairs",-13.4477777777778
"Matched preparation pairs",-19.3294444444444
"Matched preparation pairs",-22.5633333333333
"Matched preparation pairs",-3.78333333333333
"Matched preparation pairs",-19.685
"Matched preparation pairs",-13.6144444444444
"Matched preparation pairs",-7.91666666666667
"Matched preparation pairs",-13.6838888888889
"Matched preparation pairs",-12.2544444444444
"Matched preparation pairs",-15.345
"Matched preparation pairs",-17.7822222222222
"Matched preparation pairs",-9.09055555555555
"Matched preparation pairs",-11.695
"Matched preparation pairs",-23.1572222222222
"Matched preparation pairs",-16.8533333333333
"Matched preparation pairs",-15.51
"Matched preparation pairs",-23.0822222222222
"Matched preparation pairs",-22.5383333333333
"Matched preparation pairs",-15.6305555555556
"Matched preparation pairs",-12.4488888888889
"Matched preparation pairs",-8.52
"Matched preparation pairs",-18.6
"Matched preparation pairs",-3.49499999999999
"Matched preparation pairs",-12.4522222222222
"Matched preparation pairs",-4.04722222222223
"Matched preparation pairs",-13.4811111111111
"Matched preparation pairs",-14.5488888888889
"Matched preparation pairs",-6.45999999999999
"Matched preparation pairs",-13.0094444444444
"Matched preparation pairs",-19.3394444444444
"Matched preparation pairs",-16.2916666666667
"Matched preparation pairs",-18.1288888888889
"Matched preparation pairs",-9.79111111111111
"Matched preparation pairs",-12.5083333333333
"Matched preparation pairs",-17.9988888888889
"Matched preparation pairs",-12.6838888888889
"Matched preparation pairs",-19.6194444444444
"Matched preparation pairs",-11.81
"Matched preparation pairs",-13.8744444444444
"Matched preparation pairs",-14.1611111111111
"Matched preparation pairs",-15.3066666666667
"Matched preparation pairs",-15.8033333333333
"Matched preparation pairs",-14.9716666666667
"Matched preparation pairs",-19.0088888888889
"Matched preparation pairs",-12.2672222222222
"Matched preparation pairs",-19.4838888888889
"Matched preparation pairs",-11.2777777777778
"Matched preparation pairs",-16.3527777777778
"Matched preparation pairs",-14.3422222222222
"Matched preparation pairs",-15.0366666666667
"Matched preparation pairs",-19.9888888888889
"Matched preparation pairs",-8.96777777777777
"Matched preparation pairs",-11.5244444444444
"Matched preparation pairs",-15.6866666666667
"Matched preparation pairs",-16.7422222222222
"Matched preparation pairs",-14.1044444444444
"Matched preparation pairs",-16.9288888888889
"Matched preparation pairs",-17.4005555555555
"Matched preparation pairs",-13.2738888888889
"Matched preparation pairs",-10.0955555555556
"Matched preparation pairs",-13.6205555555556
"Matched preparation pairs",-14.1911111111111
"Matched preparation pairs",-14.2761111111111
"Matched preparation pairs",-23.7505555555556
"Matched preparation pairs",-13.235
"Matched preparation pairs",-18.5044444444444
"Matched preparation pairs",-14.7372222222222
"Matched preparation pairs",-17.7583333333333
"Matched preparation pairs",-12.5461111111111
"Matched preparation pairs",-10.1994444444444
"Matched preparation pairs",-3.70111111111111
"Matched preparation pairs",-16.0272222222222
"Matched preparation pairs",-20.7366666666667
"Matched preparation pairs",-19.7566666666667
"Matched preparation pairs",-10.5855555555556
"Matched preparation pairs",-16.9966666666667
"Matched preparation pairs",-15.3683333333333
"Matched preparation pairs",-10.565
"Matched preparation pairs",-12.6766666666667
"Matched preparation pairs",-11.595
"Matched preparation pairs",-17.2494444444444
"Matched preparation pairs",-12.2844444444444
"Matched preparation pairs",-18.985
"Matched preparation pairs",-17.5772222222222
"Matched preparation pairs",-23.6383333333333
"Matched preparation pairs",-15.7066666666667
"Matched preparation pairs",-17.1161111111111
"Matched preparation pairs",-10.8105555555556
"Matched preparation pairs",-16.1977777777778
"Matched preparation pairs",-8.43944444444445
"Matched preparation pairs",-17.3427777777778
"Matched preparation pairs",-19.5688888888889
"Matched preparation pairs",-15.4794444444444
"Matched preparation pairs",-14.7288888888889
"Matched preparation pairs",-18.7255555555555
"Matched preparation pairs",-9.52555555555556
"Matched preparation pairs",-15.6727777777778
"Matched preparation pairs",-14.66
"Matched preparation pairs",-9.65666666666667
"Matched preparation pairs",-14.2211111111111
"Matched preparation pairs",-8.57888888888889
"Matched preparation pairs",-13.5483333333333
"Matched preparation pairs",-7.08222222222222
"Matched preparation pairs",-4.62277777777778
"Matched preparation pairs",-12.3455555555556
"Matched preparation pairs",-4.73555555555556
"Matched preparation pairs",-16.3794444444444
"Matched preparation pairs",-17.9677777777778
"Matched preparation pairs",-15.8655555555556
"Matched preparation pairs",-17.9877777777778
"Matched preparation pairs",-10.7261111111111
"Matched preparation pairs",-14.42
"Matched preparation pairs",-14.3288888888889
"Matched preparation pairs",-16.5022222222222
"Matched preparation pairs",-10.5838888888889
"Matched preparation pairs",-6.46277777777778
"Matched preparation pairs",-11.3927777777778
"Matched preparation pairs",-16.1177777777778
"Matched preparation pairs",-16.6577777777778
"Matched preparation pairs",-11.595
"Matched preparation pairs",-10.1544444444444
"Matched preparation pairs",-10.9372222222222
"Matched preparation pairs",-19.2161111111111
"Matched preparation pairs",-16.9844444444444
"Matched preparation pairs",-7.08055555555556
"Matched preparation pairs",-20.5783333333333
"Matched preparation pairs",-7.96166666666666
"Matched preparation pairs",-17.5955555555556
"Matched preparation pairs",-17.6405555555556
"Matched preparation pairs",-15.7111111111111
"Matched preparation pairs",-20.81
"Matched preparation pairs",-7.32166666666667
"Matched preparation pairs",-10.8483333333333
"Matched preparation pairs",-19.3527777777778
"Matched preparation pairs",-8.5
"Matched preparation pairs",-11.7422222222222
"Matched preparation pairs",-14.1511111111111
"Matched preparation pairs",-14.0605555555556
"Matched preparation pairs",-19.1694444444444
"Matched preparation pairs",-18.7316666666667
"Matched preparation pairs",-16.3472222222222
"Matched preparation pairs",-11.5116666666667
"Matched preparation pairs",-14.7511111111111
"Matched preparation pairs",-23.16
"Matched preparation pairs",-17.8516666666667
"Matched preparation pairs",-17.8738888888889
"Matched preparation pairs",-17.3411111111111
"Matched preparation pairs",-21.0088888888889
"Matched preparation pairs",-8.34777777777778
"Matched preparation pairs",-16.2238888888889
"Matched preparation pairs",-16.3772222222222
"Matched preparation pairs",-11.9233333333333
"Matched preparation pairs",-14.3105555555556
"Matched preparation pairs",-14.1516666666667
"Matched preparation pairs",-11.7088888888889
"Matched preparation pairs",-9.97
"Matched preparation pairs",-18.1077777777778
"Matched preparation pairs",-14.9911111111111
"Matched preparation pairs",-11.0677777777778
"Matched preparation pairs",-14.9461111111111
"Matched preparation pairs",-13.895
"Matched preparation pairs",-17.1172222222222
"Matched preparation pairs",-12.2916666666667
"Matched preparation pairs",-17.1977777777778
"Matched preparation pairs",-20.1333333333333
"Matched preparation pairs",-10.7283333333333
"Matched preparation pairs",-9.02055555555555
"Matched preparation pairs",-8.48444444444444
"Matched preparation pairs",-21.3794444444444
"Matched preparation pairs",-12.9022222222222
"Matched preparation pairs",-15.03
"Matched preparation pairs",-16.1688888888889
"Matched preparation pairs",-16.2227777777778
"Matched preparation pairs",-15.4972222222222
"Matched preparation pairs",-8.26388888888889
"Matched preparation pairs",-12.5311111111111
"Matched preparation pairs",-7.97722222222222
"Matched preparation pairs",-10.6505555555556
"Matched preparation pairs",-11.7216666666667
"Matched preparation pairs",-14.2738888888889
"Matched preparation pairs",-12.11
"Matched preparation pairs",-19.7083333333333
"Matched preparation pairs",-3.38055555555556
"Matched preparation pairs",-14.765
"Matched preparation pairs",-14.7961111111111
"Matched preparation pairs",-20.3655555555556
"Matched preparation pairs",-12.7983333333333
"Matched preparation pairs",-17.8794444444444
"Matched preparation pairs",-19.135
"Matched preparation pairs",-12.715
"Matched preparation pairs",-10.9105555555556
"Matched preparation pairs",-17.7988888888889
"Matched preparation pairs",-17.4288888888889
"Matched preparation pairs",-16.3172222222222
"Matched preparation pairs",-14.9077777777778
"Matched preparation pairs",-11.4922222222222
"Matched preparation pairs",-15.3388888888889
"Matched preparation pairs",-19.885
"Matched preparation pairs",-14.8616666666667
"Matched preparation pairs",-11.8866666666667
"Matched preparation pairs",-14.8844444444444
"Matched preparation pairs",-21.1922222222222
"Matched preparation pairs",-20.8633333333333
"Matched preparation pairs",-15.535
"Matched preparation pairs",-18.2022222222222
"Matched preparation pairs",-6.945
"Matched preparation pairs",-16.6277777777778
"Matched preparation pairs",-9.84555555555556
"Matched preparation pairs",-16.4238888888889
"Matched preparation pairs",-13.1772222222222
"Matched preparation pairs",-16.5466666666667
"Matched preparation pairs",-8.72611111111111
"Matched preparation pairs",-12.5983333333333
"Matched preparation pairs",-16.2983333333333
"Matched preparation pairs",-18.2438888888889
"Matched preparation pairs",-13.9933333333333
"Matched preparation pairs",-16.6161111111111
"Matched preparation pairs",-8.68333333333334
"Matched preparation pairs",-13.3483333333333
"Matched preparation pairs",-13.6927777777778
"Matched preparation pairs",-17.6166666666667
"Matched preparation pairs",-8.255
"Matched preparation pairs",-15.0961111111111
"Matched preparation pairs",-15.9322222222222
"Matched preparation pairs",-19.0183333333333
"Matched preparation pairs",-19.0411111111111
"Matched preparation pairs",-20.8455555555556
"Matched preparation pairs",-14.54
"Matched preparation pairs",-15.1844444444444
"Matched preparation pairs",-11.9938888888889
"Matched preparation pairs",-13.9144444444444
"Matched preparation pairs",-17.78
"Matched preparation pairs",-17.7005555555556
"Matched preparation pairs",-13.1761111111111
"Matched preparation pairs",-14.6088888888889
"Matched preparation pairs",-11.6638888888889
"Matched preparation pairs",-15.6094444444444
"Matched preparation pairs",-11.9222222222222
"Matched preparation pairs",-10.9711111111111
"Matched preparation pairs",-14.6038888888889
"Matched preparation pairs",-11.4105555555556
"Matched preparation pairs",-17.4394444444444
"Matched preparation pairs",-17.1511111111111
"Matched preparation pairs",-6.61277777777778
"Matched preparation pairs",-18.8538888888889
"Matched preparation pairs",-11.7494444444444
"Matched preparation pairs",-13.1683333333333
"Matched preparation pairs",-13.8811111111111
"Matched preparation pairs",-10.7727777777778
"Matched preparation pairs",-10.5177777777778
"Matched preparation pairs",-10.3905555555556
"Matched preparation pairs",-18.5311111111111
"Matched preparation pairs",-13.8061111111111
"Matched preparation pairs",-14.6505555555556
"Matched preparation pairs",-13.7711111111111
"Matched preparation pairs",-11.3211111111111
"Matched preparation pairs",-14.6583333333333
"Matched preparation pairs",-16.0916666666667
"Matched preparation pairs",-20.7688888888889
"Matched preparation pairs",-24.7294444444444
"Matched preparation pairs",-19.9194444444444
"Matched preparation pairs",-18.5816666666667
"Matched preparation pairs",-10.6305555555556
"Matched preparation pairs",-20.7611111111111
"Matched preparation pairs",-10.5316666666667
"Matched preparation pairs",-15.4088888888889
"Matched preparation pairs",-16.5633333333333
"Matched preparation pairs",-18.9316666666667
"Matched preparation pairs",-15.8094444444444
"Matched preparation pairs",-17.0044444444444
"Matched preparation pairs",-15.9366666666667
"Matched preparation pairs",-11.9977777777778
"Matched preparation pairs",-17.7188888888889
"Matched preparation pairs",-9.38888888888889
"Matched preparation pairs",-11.2822222222222
"Matched preparation pairs",-15.4872222222222
"Matched preparation pairs",-7.75333333333333
"Matched preparation pairs",-17.0211111111111
"Matched preparation pairs",-11.7166666666667
"Matched preparation pairs",-14.375
"Matched preparation pairs",-8.55722222222223
"Matched preparation pairs",-14.3577777777778
"Matched preparation pairs",-12.9061111111111
"Matched preparation pairs",-11.1388888888889
"Matched preparation pairs",-22.8772222222222
"Matched preparation pairs",-14.0977777777778
"Matched preparation pairs",-18.0805555555556
"Matched preparation pairs",-7.60166666666666
"Matched preparation pairs",-13.1172222222222
"Matched preparation pairs",-11.1905555555556
"Matched preparation pairs",-8.48611111111112
"Matched preparation pairs",-9.69277777777778
"Matched preparation pairs",-11.6961111111111
"Matched preparation pairs",-11.1055555555555
"Matched preparation pairs",-9.39111111111111
"Matched preparation pairs",-14.4711111111111
"Matched preparation pairs",-10.8211111111111
"Matched preparation pairs",-9.15
"Matched preparation pairs",-18.6066666666667
"Matched preparation pairs",-20.8738888888889
"Matched preparation pairs",-20.8877777777778
"Matched preparation pairs",-10.1566666666667
"Matched preparation pairs",-8.10277777777778
"Matched preparation pairs",-12.3144444444444
"Matched preparation pairs",-15.695
"Matched preparation pairs",-17.3083333333333
"Matched preparation pairs",-10.4394444444444
"Matched preparation pairs",-7.19666666666667
"Matched preparation pairs",-12.01
"Matched preparation pairs",-13.1922222222222
"Matched preparation pairs",-12.0244444444444
"Matched preparation pairs",-13.7694444444444
"Matched preparation pairs",-15.9516666666667
"Matched preparation pairs",-15.9588888888889
"Matched preparation pairs",-11.52
"Matched preparation pairs",-13.2533333333333
"Matched preparation pairs",-13.7561111111111
"Matched preparation pairs",-20.7333333333333
"Matched preparation pairs",-16.5738888888889
"Matched preparation pairs",-11.3572222222222
"Matched preparation pairs",-8.97666666666667
"Matched preparation pairs",-7.84611111111111
"Matched preparation pairs",-7.96333333333333
"Matched preparation pairs",-20.9983333333333
"Matched preparation pairs",-16.2011111111111
"Matched preparation pairs",-15.9733333333333
"Matched preparation pairs",-12.8855555555556
"Matched preparation pairs",-8.71111111111111
"Matched preparation pairs",-13.8161111111111
"Matched preparation pairs",-7.03444444444445
"Matched preparation pairs",-16.8905555555556
"Matched preparation pairs",-14.1311111111111
"Matched preparation pairs",-11.9761111111111
"Matched preparation pairs",-11.2255555555556
"Matched preparation pairs",-10.0861111111111
"Matched preparation pairs",-12.3722222222222
"Matched preparation pairs",-11.5483333333333
"Matched preparation pairs",-20.1083333333333
"Matched preparation pairs",-11.4066666666667
"Matched preparation pairs",-12.4194444444444
"Matched preparation pairs",-11.125
"Matched preparation pairs",-10.1661111111111
"Matched preparation pairs",-15.8688888888889
"Matched preparation pairs",-11.5683333333333
"Matched preparation pairs",-15.1183333333333
"Matched preparation pairs",-18.8705555555556
"Matched preparation pairs",-20.0883333333333
"Matched preparation pairs",-11.8127777777778
"Matched preparation pairs",-19.3244444444445
"Matched preparation pairs",-17.3522222222222
"Matched preparation pairs",-13.875
"Matched preparation pairs",-20.435
"Matched preparation pairs",-15.5533333333333
"Matched preparation pairs",-11.5372222222222
"Matched preparation pairs",-19.4605555555556
"Matched preparation pairs",-14.1294444444444
"Matched preparation pairs",-7.47777777777777
"Matched preparation pairs",-20.4194444444444
"Matched preparation pairs",-19.2322222222222
"Matched preparation pairs",-11.6694444444444
"Matched preparation pairs",-11.53
"Matched preparation pairs",-14.0555555555556
"Matched preparation pairs",-15.0105555555556
"Matched preparation pairs",-18.1522222222222
"Matched preparation pairs",-13.9305555555556
"Matched preparation pairs",-14.9366666666667
"Matched preparation pairs",-13.4711111111111
"Matched preparation pairs",-20.4788888888889
"Matched preparation pairs",-9.78666666666667
"Matched preparation pairs",-12.8655555555556
"Matched preparation pairs",-17.4605555555556
"Matched preparation pairs",-15.0644444444444
"Matched preparation pairs",-16.5733333333333
"Matched preparation pairs",-24.2488888888889
"Matched preparation pairs",-13.4261111111111
"Matched preparation pairs",-22.7061111111111
"Matched preparation pairs",-15.1733333333333
"Matched preparation pairs",-22.0305555555555
"Matched preparation pairs",-13.9877777777778
"Matched preparation pairs",-16.1533333333333
"Matched preparation pairs",-9.52888888888889
"Matched preparation pairs",-14.9277777777778
"Matched preparation pairs",-9.45333333333333
"Matched preparation pairs",-10.5894444444444
"Matched preparation pairs",-14.4027777777778
"Matched preparation pairs",-11.4183333333333
"Matched preparation pairs",-13.6872222222222
"Matched preparation pairs",-13.4744444444444
"Matched preparation pairs",-10.9883333333333
"Matched preparation pairs",-18.9855555555555
"Matched preparation pairs",-14.915
"Matched preparation pairs",-16.4227777777778
"Matched preparation pairs",-1.82388888888889
"Matched preparation pairs",-9.77888888888889
"Matched preparation pairs",-14.5927777777778
"Matched preparation pairs",-8.92388888888889
"Matched preparation pairs",-18.7838888888889
"Matched preparation pairs",-5.04277777777778
"Matched preparation pairs",-9.30444444444444
"Matched preparation pairs",-15.4383333333333
"Matched preparation pairs",-11.5311111111111
"Matched preparation pairs",-15.9805555555556
"Matched preparation pairs",-13.1738888888889
"Matched preparation pairs",-15.4311111111111
"Matched preparation pairs",-5.87055555555555
"Matched preparation pairs",-11.5955555555555
"Matched preparation pairs",-18.0427777777778
"Matched preparation pairs",-13.4311111111111
"Matched preparation pairs",-19.2766666666667
"Matched preparation pairs",-4.16277777777778
"Matched preparation pairs",-17.3477777777778
"Matched preparation pairs",-13.6911111111111
"Matched preparation pairs",-18.1672222222222
"Matched preparation pairs",-18.1244444444445
"Matched preparation pairs",-17.0166666666667
"Matched preparation pairs",-9.33666666666666
"Matched preparation pairs",-22.4022222222222
"Matched preparation pairs",-13.5083333333333
"Matched preparation pairs",-20.0855555555556
"Matched preparation pairs",-18.3633333333333
"Matched preparation pairs",-12.5205555555556
"Matched preparation pairs",-20.5872222222222
"Matched preparation pairs",-9.85833333333333
"Matched preparation pairs",-16.0155555555556
"Matched preparation pairs",-20.9266666666667
"Matched preparation pairs",-10.1072222222222
"Matched preparation pairs",-23.5733333333333
"Matched preparation pairs",-3.88666666666666
"Matched preparation pairs",-6.47833333333333
"Matched preparation pairs",-5.19388888888888
"Matched preparation pairs",-3.78888888888889
"Matched preparation pairs",-16.4544444444444
"Matched preparation pairs",-12.4844444444444
"Matched preparation pairs",-11.9133333333333
"Matched preparation pairs",-21.6561111111111
"Matched preparation pairs",-14.2027777777778
"Matched preparation pairs",-13.6127777777778
"Matched preparation pairs",-11.8061111111111
"Matched preparation pairs",-14.8616666666667
"Matched preparation pairs",-13.6505555555556
"Matched preparation pairs",-9.08944444444445
"Matched preparation pairs",-13.3383333333333
"Matched preparation pairs",-12.7583333333333
"Matched preparation pairs",-24.9461111111111
"Matched preparation pairs",-8.82777777777778
"Matched preparation pairs",-15.9905555555556
"Matched preparation pairs",-16.0738888888889
"Matched preparation pairs",-14.6961111111111
"Matched preparation pairs",-19.675
"Matched preparation pairs",-14.9016666666667
"Matched preparation pairs",-12.9761111111111
"Matched preparation pairs",-21.5633333333333
"Matched preparation pairs",-8.22833333333333
"Matched preparation pairs",-13.62
"Matched preparation pairs",-12.0522222222222
"Matched preparation pairs",-19.7433333333333
"Matched preparation pairs",-18.7711111111111
"Matched preparation pairs",-13.6438888888889
"Matched preparation pairs",-17.7427777777778
"Matched preparation pairs",-7.26277777777778
"Matched preparation pairs",-18.8411111111111
"Matched preparation pairs",-12.2322222222222
"Matched preparation pairs",-12.2361111111111
"Matched preparation pairs",-11.8955555555556
"Matched preparation pairs",-16.1088888888889
"Matched preparation pairs",-16.0083333333333
"Matched preparation pairs",-19.0622222222222
"Matched preparation pairs",-14.2572222222222
"Matched preparation pairs",-9.91555555555555
"Matched preparation pairs",-9.64
"Matched preparation pairs",-9.74444444444445
"Matched preparation pairs",-18.0844444444444
"Matched preparation pairs",-14.1988888888889
"Matched preparation pairs",-19.5122222222222
"Matched preparation pairs",-14.5605555555556
"Matched preparation pairs",-16.6883333333333
"Matched preparation pairs",-9.71555555555556
"Matched preparation pairs",-19.0266666666667
"Matched preparation pairs",-16.23
"Matched preparation pairs",-16.36
"Matched preparation pairs",-10.8372222222222
"Matched preparation pairs",-21.6305555555556
"Matched preparation pairs",-12.1166666666667
"Matched preparation pairs",-11.0183333333333
"Matched preparation pairs",-12.665
"Matched preparation pairs",-9.28777777777777
"Matched preparation pairs",-10.7127777777778
"Matched preparation pairs",-15.8561111111111
"Matched preparation pairs",-20.4483333333333
"Matched preparation pairs",-10.21
"Matched preparation pairs",-13.3711111111111
"Matched preparation pairs",-24.7711111111111
"Matched preparation pairs",-13.7683333333333
"Matched preparation pairs",-11.1166666666667
"Matched preparation pairs",-13.1933333333333
"Matched preparation pairs",-17.9338888888889
"Matched preparation pairs",-12.9277777777778
"Matched preparation pairs",-12.5738888888889
"Matched preparation pairs",-14.5244444444444
"Matched preparation pairs",-21.9294444444444
"Matched preparation pairs",-21.655
"Matched preparation pairs",-9.77333333333333
"Matched preparation pairs",-15.6411111111111
"Matched preparation pairs",-10.7705555555556
"Matched preparation pairs",-17.45
"Matched preparation pairs",-14.5588888888889
"Matched preparation pairs",-18.05
"Matched preparation pairs",-14.9122222222222
"Matched preparation pairs",-14.015
"Matched preparation pairs",-11.87
"Matched preparation pairs",-9.83777777777778
"Matched preparation pairs",-12.9516666666667
"Matched preparation pairs",-11.595
"Matched preparation pairs",-14.1394444444444
"Matched preparation pairs",-13.53
"Matched preparation pairs",-18.2616666666667
"Matched preparation pairs",-11.7188888888889
"Matched preparation pairs",-13.84
"Matched preparation pairs",-16.1661111111111
"Matched preparation pairs",-18.0961111111111
"Matched preparation pairs",-9.87722222222222
"Matched preparation pairs",-12.5616666666667
"Matched preparation pairs",-16.1927777777778
"Matched preparation pairs",-13.355
"Matched preparation pairs",-19.8227777777778
"Matched preparation pairs",-12.7538888888889
"Matched preparation pairs",-10.945
"Matched preparation pairs",-19.0833333333333
"Matched preparation pairs",-11.7161111111111
"Matched preparation pairs",-12.5816666666667
"Matched preparation pairs",-12.8522222222222
"Matched preparation pairs",-11.88
"Matched preparation pairs",-17.8555555555556
"Matched preparation pairs",-13.4838888888889
"Matched preparation pairs",-15.7294444444444
"Matched preparation pairs",-15.5316666666667
"Matched preparation pairs",-10.6022222222222
"Matched preparation pairs",-18.5372222222222
"Matched preparation pairs",-17.0722222222222
"Matched preparation pairs",-16.8666666666667
"Matched preparation pairs",-13.19
"Matched preparation pairs",-16.2394444444445
"Matched preparation pairs",-21.8505555555556
"Matched preparation pairs",-14.75
"Matched preparation pairs",-13.5861111111111
"Matched preparation pairs",-13.0672222222222
"Matched preparation pairs",-12.9288888888889
"Matched preparation pairs",-15.9655555555555
"Matched preparation pairs",-14.7122222222222
"Matched preparation pairs",-13.6133333333333
"Matched preparation pairs",-14.9166666666667
"Matched preparation pairs",-16.7505555555556
"Matched preparation pairs",-12.5116666666667
"Matched preparation pairs",-20.2377777777778
"Matched preparation pairs",-12.5244444444444
"Matched preparation pairs",-14.2938888888889
"Matched preparation pairs",-15.8783333333333
"Matched preparation pairs",-12.1233333333333
"Matched preparation pairs",-14.605
"Matched preparation pairs",-14.8883333333333
"Matched preparation pairs",-12.5355555555556
"Matched preparation pairs",-18.7522222222222
"Matched preparation pairs",-14.4527777777778
"Matched preparation pairs",-8.77111111111112
"Matched preparation pairs",-12.4777777777778
"Matched preparation pairs",-13.8655555555556
"Matched preparation pairs",-17.6977777777778
"Matched preparation pairs",-15.1966666666667
"Matched preparation pairs",-18.6505555555556
"Matched preparation pairs",-12.4566666666667
"Matched preparation pairs",-18.2455555555556
"Matched preparation pairs",-7.66055555555556
"Matched preparation pairs",-17.0466666666667
"Matched preparation pairs",-12.4888888888889
"Matched preparation pairs",-18.4761111111111
"Matched preparation pairs",-12.8127777777778
"Matched preparation pairs",-11.9894444444444
"Matched preparation pairs",-11.4927777777778
"Matched preparation pairs",-16.7005555555556
"Matched preparation pairs",-8.55277777777778
"Matched preparation pairs",-12.4161111111111
"Matched preparation pairs",-13.9938888888889
"Matched preparation pairs",-20.7888888888889
"Matched preparation pairs",-16.7022222222222
"Matched preparation pairs",-12.49
"Matched preparation pairs",-19.9094444444444
"Matched preparation pairs",-7.13000000000001
"Matched preparation pairs",-16.56
"Matched preparation pairs",-8.24444444444444
"Matched preparation pairs",-12.1822222222222
"Matched preparation pairs",-19.2916666666667
"Matched preparation pairs",-14.43
"Matched preparation pairs",-12.8805555555556
"Matched preparation pairs",-10.5383333333333
"Matched preparation pairs",-15.5322222222222
"Matched preparation pairs",-12.99
"Matched preparation pairs",-10.1327777777778
"Matched preparation pairs",-18.0761111111111
"Matched preparation pairs",-9.58833333333334
"Matched preparation pairs",-17.2877777777778
"Matched preparation pairs",-11.5711111111111
"Matched preparation pairs",-8.41444444444445
"Matched preparation pairs",-12.5122222222222
"Matched preparation pairs",-13.2588888888889
"Matched preparation pairs",-16.8333333333333
"Matched preparation pairs",-16.6883333333333
"Matched preparation pairs",-19.5772222222222
"Matched preparation pairs",-5.66888888888888
"Matched preparation pairs",-7.96055555555556
"Matched preparation pairs",-14.8533333333333
"Matched preparation pairs",-13.3438888888889
"Matched preparation pairs",-14.7344444444444
"Matched preparation pairs",-11.955
"Matched preparation pairs",-14.6327777777778
"Matched preparation pairs",-15.1666666666667
"Matched preparation pairs",-12.5261111111111
"Matched preparation pairs",-17.965
"Matched preparation pairs",-6.06777777777778
"Matched preparation pairs",-21.1822222222222
"Matched preparation pairs",-23.3077777777778
"Matched preparation pairs",-15.4622222222222
"Matched preparation pairs",-10.1883333333333
"Matched preparation pairs",-18.3511111111111
"Matched preparation pairs",-3.88833333333333
"Matched preparation pairs",-9.55388888888889
"Matched preparation pairs",-21.1916666666667
"Matched preparation pairs",-12.06
"Matched preparation pairs",-18.9844444444444
"Matched preparation pairs",-12.9788888888889
"Matched preparation pairs",-13.4716666666667
"Matched preparation pairs",-16.245
"Matched preparation pairs",-7.74722222222223
"Matched preparation pairs",-12.9438888888889
"Matched preparation pairs",-14.8911111111111
"Matched preparation pairs",-12.925
"Matched preparation pairs",-14.1438888888889
"Matched preparation pairs",-7.65999999999999
"Matched preparation pairs",-9.06611111111111
"Matched preparation pairs",-11.0366666666667
"Matched preparation pairs",-11.5516666666667
"Matched preparation pairs",-7.96555555555555
"Matched preparation pairs",-18.1583333333333
"Matched preparation pairs",-14.6733333333333
"Matched preparation pairs",-12.9711111111111
"Matched preparation pairs",-17.0166666666667
"Matched preparation pairs",-12.0088888888889
"Matched preparation pairs",-15.2027777777778
"Matched preparation pairs",-8.5061111111111
"Matched preparation pairs",-10.1383333333333
"Matched preparation pairs",-13.0433333333333
"Matched preparation pairs",-14.0961111111111
"Matched preparation pairs",-7.08722222222222
"Matched preparation pairs",-18.8761111111111
"Matched preparation pairs",-13.2616666666667
"Matched preparation pairs",-6.42555555555556
"Matched preparation pairs",-17.92
"Matched preparation pairs",-12.3072222222222
"Matched preparation pairs",-11.625
"Matched preparation pairs",-14.8322222222222
"Matched preparation pairs",-14.0216666666667
"Matched preparation pairs",-15.2783333333333
"Matched preparation pairs",-18.2711111111111
"Matched preparation pairs",-10.8972222222222
"Matched preparation pairs",-23.6527777777778
"Matched preparation pairs",-17.4172222222222
"Matched preparation pairs",-10.9161111111111
"Matched preparation pairs",-16.6094444444444
"Matched preparation pairs",-19.3438888888889
"Matched preparation pairs",-12.9188888888889
"Matched preparation pairs",-13.2505555555556
"Matched preparation pairs",-10.8316666666667
"Matched preparation pairs",-16.2372222222222
"Matched preparation pairs",-9.27388888888889
"Matched preparation pairs",-10.5566666666667
"Matched preparation pairs",-13.4788888888889
"Matched preparation pairs",-15.0205555555556
"Matched preparation pairs",-9.52277777777778
"Matched preparation pairs",-13.2961111111111
"Matched preparation pairs",-11.8077777777778
"Matched preparation pairs",-17.9883333333333
"Matched preparation pairs",-10.4022222222222
"Matched preparation pairs",-10.0038888888889
"Matched preparation pairs",-9.71944444444445
"Matched preparation pairs",-17.5716666666667
"Matched preparation pairs",-14.855
"Matched preparation pairs",-6.49722222222222
"Matched preparation pairs",-21.3
"Matched preparation pairs",-11.9572222222222
"Matched preparation pairs",-15.9427777777778
"Matched preparation pairs",-13.0816666666667
"Matched preparation pairs",-14.6216666666667
"Matched preparation pairs",-13.1205555555556
"Matched preparation pairs",-15.55
"Matched preparation pairs",-18.4033333333333
"Matched preparation pairs",-11.8977777777778
"Matched preparation pairs",-11.1066666666667
"Matched preparation pairs",-9.47444444444444
"Matched preparation pairs",-18.6894444444444
"Matched preparation pairs",-11.4033333333333
"Matched preparation pairs",-17.1838888888889
"Matched preparation pairs",-14.2144444444444
"Matched preparation pairs",-8.52611111111111
"Matched preparation pairs",-19.0127777777778
"Matched preparation pairs",-12.4344444444445
"Matched preparation pairs",-16.1472222222222
"Matched preparation pairs",-20.5227777777778
"Matched preparation pairs",-13.2866666666667
"Matched preparation pairs",-17.8766666666667
"Matched preparation pairs",-11.335
"Matched preparation pairs",-19.3744444444444
"Matched preparation pairs",-12.4144444444444
"Matched preparation pairs",-22.065
"Matched preparation pairs",-12.035
"Matched preparation pairs",-15.6455555555556
"Matched preparation pairs",-13.9611111111111
"Matched preparation pairs",-5.93777777777778
"Matched preparation pairs",-11.2855555555556
"Matched preparation pairs",-12.5127777777778
"Matched preparation pairs",-12.0494444444444
"Matched preparation pairs",-12.3883333333333
"Matched preparation pairs",-6.85666666666666
"Matched preparation pairs",-10.6222222222222
"Matched preparation pairs",-13.1594444444444
"Matched preparation pairs",-16.6466666666667
"Matched preparation pairs",-15.9394444444444
"Matched preparation pairs",-9.05222222222223
"Matched preparation pairs",-12.4666666666667
"Matched preparation pairs",-17.0727777777778
"Matched preparation pairs",-10.7177777777778
"Matched preparation pairs",-11.3572222222222
"Matched preparation pairs",-11.6172222222222
"Matched preparation pairs",-15.2966666666667
"Matched preparation pairs",-14.5988888888889
"Matched preparation pairs",-13.8733333333333
"Matched preparation pairs",-15.9505555555556
"Matched preparation pairs",-16.0311111111111
"Matched preparation pairs",-16.3233333333333
"Matched preparation pairs",-15.29
"Matched preparation pairs",-15.6761111111111
"Matched preparation pairs",-9.055
"Matched preparation pairs",-12.0533333333333
"Matched preparation pairs",-19.9222222222222
"Matched preparation pairs",-18.0661111111111
"Matched preparation pairs",-24.2294444444444
"Matched preparation pairs",-10.3983333333333
"Matched preparation pairs",-11.6711111111111
"Matched preparation pairs",-15.0433333333333
"Matched preparation pairs",-14.0716666666667
"Matched preparation pairs",-16.2605555555556
"Matched preparation pairs",-19.9638888888889
"Matched preparation pairs",-12.8988888888889
"Matched preparation pairs",-15.295
"Matched preparation pairs",-10.0083333333333
"Matched preparation pairs",-9.25055555555555
"Matched preparation pairs",-12.6166666666667
"Matched preparation pairs",-14.0338888888889
"Matched preparation pairs",-16.2705555555556
"Matched preparation pairs",-11.9416666666667
"Matched preparation pairs",-17.8527777777778
"Matched preparation pairs",-10.9211111111111
"Matched preparation pairs",-11.1872222222222
"Matched preparation pairs",-11.065
"Matched preparation pairs",-17.1288888888889
"Matched preparation pairs",-16.8588888888889
"Matched preparation pairs",-16.7622222222222
"Matched preparation pairs",-16.3866666666667
"Matched preparation pairs",-14.2266666666667
"Matched preparation pairs",-13.0455555555556
"Matched preparation pairs",-17.1188888888889
"Matched preparation pairs",-11.4477777777778
"Matched preparation pairs",-10.1038888888889
"Matched preparation pairs",-23.5116666666667
"Matched preparation pairs",-14.35
"Matched preparation pairs",-13.3561111111111
"Matched preparation pairs",-10.7044444444444
"Matched preparation pairs",-18.7905555555556
"Matched preparation pairs",-8.41555555555555
"Matched preparation pairs",-18.8427777777778
"Matched preparation pairs",-12.0011111111111
"Matched preparation pairs",-12.9072222222222
"Matched preparation pairs",-22.5377777777778
"Matched preparation pairs",-14.9955555555556
"Matched preparation pairs",-14.1338888888889
"Matched preparation pairs",-15.3705555555556
"Matched preparation pairs",-13.475
"Matched preparation pairs",-13.1161111111111
"Matched preparation pairs",-17.0788888888889
"Matched preparation pairs",-11.5944444444444
"Matched preparation pairs",-18.3011111111111
"Matched preparation pairs",-10.315
"Matched preparation pairs",-13.0666666666667
"Matched preparation pairs",-17.6983333333333
"Matched preparation pairs",-15.2411111111111
"Matched preparation pairs",-14.5788888888889
"Matched preparation pairs",-15.9683333333333
"Matched preparation pairs",-11.6855555555556
"Matched preparation pairs",-13.6022222222222
"Matched preparation pairs",-14.8844444444444
"Matched preparation pairs",-12.2177777777778
"Matched preparation pairs",-14.5038888888889
"Matched preparation pairs",-18.0488888888889
"Matched preparation pairs",-12.4433333333333
"Matched preparation pairs",-17.69
"Matched preparation pairs",-13.6222222222222
"Matched preparation pairs",-17.0211111111111
"Matched preparation pairs",-6.28444444444444
"Matched preparation pairs",-20.1505555555556
"Matched preparation pairs",-16.005
"Matched preparation pairs",-15.4355555555556
"Matched preparation pairs",-16.9383333333333
"Matched preparation pairs",-18.3633333333333
"Matched preparation pairs",-11.1411111111111
"Matched preparation pairs",-10.8961111111111
"Matched preparation pairs",-11.9844444444444
"Matched preparation pairs",-9.50833333333333
"Matched preparation pairs",-8.23666666666666
"Matched preparation pairs",-6.60611111111111
"Matched preparation pairs",-17.5294444444444
"Matched preparation pairs",-13.5088888888889
"Matched preparation pairs",-12
"Matched preparation pairs",-15.1055555555555
"Matched preparation pairs",-20.2233333333333
"Matched preparation pairs",-14.58
"Matched preparation pairs",-20.3711111111111
"Matched preparation pairs",-11.4566666666667
"Matched preparation pairs",-15.1183333333333
"Matched preparation pairs",-14.3394444444444
"Matched preparation pairs",-10.4188888888889
"Matched preparation pairs",-6.88833333333333
"Matched preparation pairs",-9.685
"Matched preparation pairs",-11.9011111111111
"Matched preparation pairs",-7.13
"Matched preparation pairs",-10.5055555555556
"Matched preparation pairs",-18.3816666666667
"Matched preparation pairs",-9.15944444444444
"Matched preparation pairs",-12.7866666666667
"Matched preparation pairs",-17.4816666666667
"Matched preparation pairs",-15.35
"Matched preparation pairs",-14.3577777777778
"Matched preparation pairs",-14.9316666666667
"Matched preparation pairs",-21.9172222222222
"Matched preparation pairs",-7.60777777777778
"Matched preparation pairs",-12.6383333333333
"Matched preparation pairs",-22.3111111111111
"Matched preparation pairs",-11.4505555555556
"Matched preparation pairs",-16.8661111111111
"Matched preparation pairs",-4.19777777777778
"Matched preparation pairs",-16.5044444444444
"Matched preparation pairs",-17.8183333333333
"Matched preparation pairs",-7.53222222222222
"Matched preparation pairs",-15.1877777777778
"Matched preparation pairs",-7.55944444444444
"Matched preparation pairs",-15.1266666666667
"Matched preparation pairs",-5.22833333333333
"Matched preparation pairs",-11.3672222222222
"Matched preparation pairs",-19.3677777777778
"Matched preparation pairs",-10.8311111111111
"Matched preparation pairs",-11.4238888888889
"Matched preparation pairs",-23.71
"Matched preparation pairs",-15.2344444444444
"Matched preparation pairs",-16.2311111111111
"Matched preparation pairs",-12.4505555555556
"Matched preparation pairs",-12.1544444444444
"Matched preparation pairs",-8.62166666666667
"Matched preparation pairs",-10.5622222222222
"Matched preparation pairs",-10.865
"Matched preparation pairs",-13.5194444444444
"Matched preparation pairs",-5.21611111111111
"Matched preparation pairs",-16.4416666666667
"Matched preparation pairs",-17.2127777777778
"Matched preparation pairs",-19.3605555555556
"Matched preparation pairs",-11.2433333333333
"Matched preparation pairs",-11.9511111111111
"Matched preparation pairs",-12.47
"Matched preparation pairs",-24.2116666666667
"Matched preparation pairs",-13.7783333333333
"Matched preparation pairs",-11.8644444444444
"Matched preparation pairs",-22.8644444444444
"Matched preparation pairs",-11.4066666666667
"Matched preparation pairs",-16.3177777777778
"Matched preparation pairs",-17.4211111111111
"Matched preparation pairs",-20.3066666666667
"Matched preparation pairs",-15.4061111111111
"Matched preparation pairs",-12.7616666666667
"Matched preparation pairs",-11.7627777777778
"Matched preparation pairs",-12.1338888888889
"Matched preparation pairs",-14.6405555555556
"Matched preparation pairs",-9.71666666666666
"Matched preparation pairs",-9.59666666666667
"Matched preparation pairs",-10.8027777777778
"Matched preparation pairs",-6.8538888888889
"Matched preparation pairs",-19.5866666666667
"Matched preparation pairs",-15.2966666666667
"Matched preparation pairs",-14.4772222222222
"Matched preparation pairs",-13.1333333333333
"Matched preparation pairs",-14.7144444444444
"Matched preparation pairs",-9.97
"Matched preparation pairs",-13.6294444444444
"Matched preparation pairs",-17.6561111111111
"Matched preparation pairs",-24.1416666666667
"Matched preparation pairs",-7.69888888888889
"Matched preparation pairs",-10.7927777777778
"Matched preparation pairs",-13.8438888888889
"Matched preparation pairs",-11.81
"Matched preparation pairs",-17.4033333333333
"Matched preparation pairs",-15.1722222222222
"Matched preparation pairs",-14.1077777777778
"Matched preparation pairs",-10.3161111111111
"Matched preparation pairs",-8.81111111111111
"Matched preparation pairs",-12.6405555555556
"Matched preparation pairs",-14.9261111111111
"Matched preparation pairs",-9.79611111111111
"Matched preparation pairs",-10.6127777777778
"Matched preparation pairs",-16.4377777777778
"Matched preparation pairs",-17.935
"Matched preparation pairs",-18.0622222222222
"Matched preparation pairs",-14.1155555555556
"Matched preparation pairs",-13.045
"Matched preparation pairs",-10.4522222222222
"Matched preparation pairs",-14.1922222222222
"Matched preparation pairs",-18.605
"Matched preparation pairs",-12.1627777777778
"Matched preparation pairs",-14.3988888888889
"Matched preparation pairs",-11.3716666666667
"Matched preparation pairs",-12.5055555555556
"Matched preparation pairs",-14.1838888888889
"Matched preparation pairs",-15.1394444444444
"Matched preparation pairs",-16.16
"Matched preparation pairs",-11.1072222222222
"Matched preparation pairs",-20.2977777777778
"Matched preparation pairs",-11.7088888888889
"Matched preparation pairs",-5.78055555555556
"Matched preparation pairs",-11.7444444444444
"Matched preparation pairs",-11.975
"Matched preparation pairs",-16.045
"Matched preparation pairs",-7.69888888888889
"Matched preparation pairs",-10.6205555555556
"Matched preparation pairs",-10.1816666666667
"Matched preparation pairs",-18.9377777777778
"Matched preparation pairs",-9.95444444444445
"Matched preparation pairs",-14.2233333333333
"Matched preparation pairs",-8.055
"Matched preparation pairs",-9.29
"Matched preparation pairs",-14.5238888888889
"Matched preparation pairs",-18.1405555555556
"Matched preparation pairs",-4.48555555555555
"Matched preparation pairs",-14.8388888888889
"Matched preparation pairs",-20.8983333333333
"Matched preparation pairs",-7.01888888888889
"Matched preparation pairs",-14.3822222222222
"Matched preparation pairs",-20.1888888888889
"Matched preparation pairs",-15.9344444444444
"Matched preparation pairs",-15.6466666666667
"Matched preparation pairs",-13.8022222222222
"Matched preparation pairs",-17.7461111111111
"Matched preparation pairs",-9.11444444444444
"Matched preparation pairs",-15.5616666666667
"Matched preparation pairs",-15.6994444444444
"Matched preparation pairs",-9.575
"Matched preparation pairs",-16.3288888888889
"Matched preparation pairs",-16.2383333333333
"Matched preparation pairs",-18.4655555555556
"Matched preparation pairs",-14.4022222222222
"Matched preparation pairs",-15.8994444444444
"Matched preparation pairs",-13.7983333333333
"Matched preparation pairs",-12.8044444444444
"Matched preparation pairs",-15.9666666666667
"Matched preparation pairs",-16.0394444444444
"Matched preparation pairs",-19.955
"Matched preparation pairs",-15.5516666666667
"Matched preparation pairs",-12.9477777777778
"Matched preparation pairs",-13.7638888888889
"Matched preparation pairs",-14.0655555555556
"Matched preparation pairs",-21.3138888888889
"Matched preparation pairs",-7.57333333333333
"Matched preparation pairs",-11.3405555555556
"Matched preparation pairs",-17.025
"Matched preparation pairs",-17.0227777777778
"Matched preparation pairs",-18.7155555555556
"Matched preparation pairs",-11.08
"Matched preparation pairs",-12.8127777777778
"Matched preparation pairs",-18.4122222222222
"Matched preparation pairs",-21.69
"Matched preparation pairs",-12.0716666666667
"Matched preparation pairs",-9.45333333333333
"Matched preparation pairs",-10.8755555555556
"Matched preparation pairs",-12.8011111111111
"Matched preparation pairs",-18.6911111111111
"Matched preparation pairs",-14.6238888888889
"Matched preparation pairs",-13.1083333333333
"Matched preparation pairs",-7.55222222222222
"Matched preparation pairs",-16.3844444444444
"Matched preparation pairs",-13.2483333333333
"Matched preparation pairs",-7.15222222222222
"Matched preparation pairs",-16.9855555555556
"Matched preparation pairs",-17.9477777777778
"Matched preparation pairs",-5.12222222222222
"Matched preparation pairs",-17.8916666666667
"Matched preparation pairs",-17.15
"Matched preparation pairs",-22.0783333333333
"Matched preparation pairs",-15.1077777777778
"Matched preparation pairs",-23.1283333333333
"Matched preparation pairs",-10.2666666666667
"Matched preparation pairs",-16.4572222222222
"Matched preparation pairs",-12.6377777777778
"Matched preparation pairs",-10.9138888888889
"Matched preparation pairs",-17.0194444444444
"Matched preparation pairs",-12.6911111111111
"Matched preparation pairs",-9.61611111111111
"Matched preparation pairs",-9.05944444444444
"Matched preparation pairs",-14.1166666666667
"Matched preparation pairs",-20.435
"Matched preparation pairs",-14.9166666666667
"Matched preparation pairs",-18.2144444444444
"Matched preparation pairs",-21.6905555555556
"Matched preparation pairs",-12.5522222222222
"Matched preparation pairs",-18.3361111111111
"Matched preparation pairs",-18.255
"Matched preparation pairs",-14.6077777777778
"Matched preparation pairs",-12.96
"Matched preparation pairs",-12.1527777777778
"Matched preparation pairs",-19.5611111111111
"Matched preparation pairs",-10.2766666666667
"Matched preparation pairs",-12.2172222222222
"Matched preparation pairs",-12.6294444444444
"Matched preparation pairs",-15.76
"Matched preparation pairs",-13.5622222222222
"Matched preparation pairs",-12.9872222222222
"Matched preparation pairs",-19.2766666666667
"Matched preparation pairs",-17.2955555555555
"Matched preparation pairs",-16.6516666666667
"Matched preparation pairs",-14.0633333333333
"Matched preparation pairs",-18.3827777777778
"Matched preparation pairs",-5.97222222222221
"Matched preparation pairs",-12.1444444444444
"Matched preparation pairs",-11.4138888888889
"Matched preparation pairs",-4.22555555555555
"Matched preparation pairs",-13.9161111111111
"Matched preparation pairs",-21.1266666666667
"Matched preparation pairs",-17.6372222222222
"Matched preparation pairs",-14.2911111111111
"Matched preparation pairs",-15.1733333333333
"Matched preparation pairs",-9.61555555555555
"Matched preparation pairs",-15.4672222222222
"Matched preparation pairs",-14.0516666666667
"Matched preparation pairs",-7.88277777777778
"Matched preparation pairs",-19.1005555555556
"Matched preparation pairs",-12.1188888888889
"Matched preparation pairs",-21.1811111111111
"Matched preparation pairs",-15.1722222222222
"Matched preparation pairs",-15.9516666666667
"Matched preparation pairs",-14.3711111111111
"Matched preparation pairs",-17.8488888888889
"Matched preparation pairs",-16.7866666666667
"Matched preparation pairs",-17.1655555555556
"Matched preparation pairs",-10.2588888888889
"Matched preparation pairs",-9.07055555555556
"Matched preparation pairs",-4.97222222222222
"Matched preparation pairs",-15.0033333333333
"Matched preparation pairs",-6.30777777777778
"Matched preparation pairs",-18.4194444444444
"Matched preparation pairs",-13.3405555555556
"Matched preparation pairs",-17.3033333333333
"Matched preparation pairs",-11.3966666666667
"Matched preparation pairs",-10.9766666666667
"Matched preparation pairs",-13.02
"Matched preparation pairs",-18.46
"Matched preparation pairs",-11.1405555555556
"Matched preparation pairs",-18.5816666666667
"Matched preparation pairs",-11.2516666666667
"Matched preparation pairs",-17.0477777777778
"Matched preparation pairs",-16.825
"Matched preparation pairs",-3.43777777777778
"Matched preparation pairs",-25.5005555555556
"Matched preparation pairs",-25.06
"Matched preparation pairs",-13.0505555555556
"Matched preparation pairs",-14.9711111111111
"Matched preparation pairs",-18.5066666666667
"Matched preparation pairs",-11.55
"Matched preparation pairs",-9.34555555555556
"Matched preparation pairs",-15.5877777777778
"Matched preparation pairs",-10.9311111111111
"Matched preparation pairs",-9.58277777777778
"Matched preparation pairs",-11.7816666666667
"Matched preparation pairs",-22.725
"Matched preparation pairs",-16.4066666666667
"Matched preparation pairs",-14.6822222222222
"Matched preparation pairs",-14.0633333333333
"Matched preparation pairs",-15.8861111111111
"Matched preparation pairs",-4.23777777777778
"Matched preparation pairs",-23.4488888888889
"Matched preparation pairs",-12.6233333333333
"Matched preparation pairs",-17.1761111111111
"Matched preparation pairs",-11.1816666666667
"Matched preparation pairs",-9.48333333333333
"Matched preparation pairs",-21.8538888888889
"Matched preparation pairs",-16.7477777777778
"Matched preparation pairs",-12.695
"Matched preparation pairs",-13.0655555555556
"Matched preparation pairs",-16.0933333333333
"Matched preparation pairs",-9.76833333333334
"Matched preparation pairs",-12.625
"Matched preparation pairs",-13.0822222222222
"Matched preparation pairs",-14.2727777777778
"Matched preparation pairs",-14.1205555555556
"Matched preparation pairs",-18.4483333333333
"Matched preparation pairs",-16.6527777777778
"Matched preparation pairs",-19.3077777777778
"Matched preparation pairs",-9.82444444444445
"Matched preparation pairs",-11.395
"Matched preparation pairs",-14.7838888888889
"Matched preparation pairs",-7.48333333333334
"Matched preparation pairs",-14.7366666666667
"Matched preparation pairs",-9.88999999999999
"Matched preparation pairs",-19.3322222222222
"Matched preparation pairs",-17.7511111111111
"Matched preparation pairs",-20.6033333333333
"Matched preparation pairs",-11.8616666666667
"Matched preparation pairs",-19.0438888888889
"Matched preparation pairs",-17.5794444444444
"Matched preparation pairs",-14.4172222222222
"Matched preparation pairs",-15.7616666666667
"Matched preparation pairs",-9.44388888888889
"Matched preparation pairs",-8.17888888888889
"Matched preparation pairs",-20.4427777777778
"Matched preparation pairs",-7.47277777777777
"Matched preparation pairs",-18.9861111111111
"Matched preparation pairs",-7.98222222222222
"Matched preparation pairs",-5.77333333333334
"Matched preparation pairs",-11.1588888888889
"Matched preparation pairs",-15.9433333333333
"Matched preparation pairs",-10.9555555555556
"Matched preparation pairs",-12.7861111111111
"Matched preparation pairs",-11.1116666666667
"Matched preparation pairs",-7.18055555555555
"Matched preparation pairs",-11.8377777777778
"Matched preparation pairs",-14.6833333333333
"Matched preparation pairs",-14.0733333333333
"Matched preparation pairs",-14.5066666666667
"Matched preparation pairs",-14.1755555555555
"Matched preparation pairs",-16.4227777777778
"Matched preparation pairs",-16.9622222222222
"Matched preparation pairs",-13.9455555555556
"Matched preparation pairs",-14.1422222222222
"Matched preparation pairs",-9.09944444444444
"Matched preparation pairs",-5.655
"Matched preparation pairs",-22.0177777777778
"Matched preparation pairs",-6.32444444444445
"Matched preparation pairs",-5.1238888888889
"Matched preparation pairs",-17.6755555555556
"Matched preparation pairs",-7.29611111111111
"Matched preparation pairs",-15.0161111111111
"Matched preparation pairs",-12.5988888888889
"Matched preparation pairs",-8.96944444444445
"Matched preparation pairs",-11.2622222222222
"Matched preparation pairs",-21.7522222222222
"Matched preparation pairs",-9.01833333333334
"Matched preparation pairs",-17.075
"Matched preparation pairs",-15.1438888888889
"Matched preparation pairs",-13.2611111111111
"Matched preparation pairs",-18.5822222222222
"Matched preparation pairs",-11.0772222222222
"Matched preparation pairs",-13.9105555555555
"Matched preparation pairs",-10.8927777777778
"Matched preparation pairs",-9.41777777777778
"Matched preparation pairs",-15.6
"Matched preparation pairs",-12.7788888888889
"Matched preparation pairs",-14.1355555555556
"Matched preparation pairs",-9.68111111111111
"Matched preparation pairs",-12.4511111111111
"Matched preparation pairs",-17.7416666666667
"Matched preparation pairs",-13.0122222222222
"Matched preparation pairs",-11.9322222222222
"Matched preparation pairs",-15.0833333333333
"Matched preparation pairs",-13.4627777777778
"Matched preparation pairs",-13.8094444444445
"Matched preparation pairs",-14.8022222222222
"Matched preparation pairs",-13.6088888888889
"Matched preparation pairs",-9.09222222222222
"Matched preparation pairs",-11.2705555555556
"Matched preparation pairs",-19.0705555555556
"Matched preparation pairs",-19.4455555555556
"Matched preparation pairs",-21.1594444444444
"Matched preparation pairs",-18.6683333333333
"Matched preparation pairs",-10.2338888888889
"Matched preparation pairs",-8.64666666666667
"Matched preparation pairs",-11.6572222222222
"Matched preparation pairs",-19.2111111111111
"Matched preparation pairs",-23.6194444444444
"Matched preparation pairs",-10.0988888888889
"Matched preparation pairs",-21.3627777777778
"Matched preparation pairs",-24.6577777777778
"Matched preparation pairs",-10.9883333333333
"Matched preparation pairs",-5.615
"Matched preparation pairs",-10.0327777777778
"Matched preparation pairs",-7.13166666666667
"Matched preparation pairs",-15.2744444444444
"Matched preparation pairs",-15.8494444444445
"Matched preparation pairs",-16.7172222222222
"Matched preparation pairs",-14.1794444444444
"Matched preparation pairs",-18.3838888888889
"Matched preparation pairs",-10.0166666666667
"Matched preparation pairs",-12.3305555555556
"Matched preparation pairs",-12.9116666666667
"Matched preparation pairs",-20.5077777777778
"Matched preparation pairs",-10.8844444444444
"Matched preparation pairs",-10.415
"Matched preparation pairs",-15.6716666666667
"Matched preparation pairs",-12.1488888888889
"Matched preparation pairs",-12.1388888888889
"Matched preparation pairs",-16.3438888888889
"Matched preparation pairs",-7.01
"Matched preparation pairs",-19.4277777777778
"Matched preparation pairs",-11.7605555555556
"Matched preparation pairs",-4.97333333333334
"Matched preparation pairs",-18.7538888888889
"Matched preparation pairs",-10.6266666666667
"Matched preparation pairs",-8.78555555555555
"Matched preparation pairs",-9.43444444444445
"Matched preparation pairs",-8.67833333333333
"Matched preparation pairs",-11.5388888888889
"Matched preparation pairs",-14.4994444444444
"Matched preparation pairs",-20.5116666666667
"Matched preparation pairs",-15.7327777777778
"Matched preparation pairs",-22.7672222222222
"Matched preparation pairs",-17.0216666666667
"Matched preparation pairs",-11.9527777777778
"Matched preparation pairs",-14.2444444444444
"Matched preparation pairs",-8.95333333333333
"Matched preparation pairs",-13.5338888888889
"Matched preparation pairs",-11.8577777777778
"Matched preparation pairs",-14.6827777777778
"Matched preparation pairs",-14.1994444444444
"Matched preparation pairs",-18.2
"Matched preparation pairs",-9.91944444444444
"Matched preparation pairs",-15.2472222222222
"Matched preparation pairs",-11.7777777777778
"Matched preparation pairs",-6.08944444444445
"Matched preparation pairs",-14.5983333333333
"Matched preparation pairs",-9.795
"Matched preparation pairs",-20.6055555555556
"Matched preparation pairs",-18.605
"Matched preparation pairs",-13.9666666666667
"Matched preparation pairs",-10.0911111111111
"Matched preparation pairs",-16.7155555555556
"Matched preparation pairs",-16.7666666666667
"Matched preparation pairs",-18.1766666666667
"Matched preparation pairs",-14.0377777777778
"Matched preparation pairs",-10.0094444444445
"Matched preparation pairs",-15.3994444444444
"Matched preparation pairs",-11.6311111111111
"Matched preparation pairs",-5.47388888888889
"Matched preparation pairs",-17.1927777777778
"Matched preparation pairs",-17.9316666666667
"Matched preparation pairs",-7.75777777777777
"Matched preparation pairs",-11.6594444444444
"Matched preparation pairs",-13.4288888888889
"Matched preparation pairs",-15.2372222222222
"Matched preparation pairs",-14.3022222222222
"Matched preparation pairs",-16.5216666666667
"Matched preparation pairs",-17.3572222222222
"Matched preparation pairs",-22.1911111111111
"Matched preparation pairs",-16.335
"Matched preparation pairs",-14.7961111111111
"Matched preparation pairs",-11.0088888888889
"Matched preparation pairs",-21.5811111111111
"Matched preparation pairs",-11.9616666666667
"Matched preparation pairs",-13.0927777777778
"Matched preparation pairs",-14.6455555555556
"Matched preparation pairs",-13.7444444444445
"Matched preparation pairs",-8.96944444444445
"Matched preparation pairs",-13.6644444444444
"Matched preparation pairs",-14.685
"Matched preparation pairs",-21.5622222222222
"Matched preparation pairs",-14.7305555555556
"Matched preparation pairs",-15.3511111111111
"Matched preparation pairs",-17.545
"Matched preparation pairs",-10.2633333333333
"Matched preparation pairs",-11.75
"Matched preparation pairs",-20.8505555555556
"Matched preparation pairs",-21.3116666666667
"Matched preparation pairs",-12.9027777777778
"Matched preparation pairs",-11.6588888888889
"Matched preparation pairs",-8.40222222222222
"Matched preparation pairs",-18.5605555555555
"Matched preparation pairs",-12.4044444444444
"Matched preparation pairs",-11.2577777777778
"Matched preparation pairs",-17.9127777777778
"Matched preparation pairs",-12.8433333333333
"Matched preparation pairs",-17.2116666666667
"Matched preparation pairs",-5.71555555555554
"Matched preparation pairs",-17.67
"Matched preparation pairs",-13.9111111111111
"Matched preparation pairs",-15.3883333333333
"Matched preparation pairs",-8.69166666666667
"Matched preparation pairs",-14.945
"Matched preparation pairs",-12.3477777777778
"Matched preparation pairs",-15.8244444444444
"Matched preparation pairs",-13.3816666666667
"Matched preparation pairs",-10.3088888888889
"Matched preparation pairs",-10.3566666666667
"Matched preparation pairs",-10.7033333333333
"Matched preparation pairs",-15.2694444444444
"Matched preparation pairs",-14.5061111111111
"Matched preparation pairs",-17.5366666666667
"Matched preparation pairs",-10.7944444444444
"Matched preparation pairs",-24.2905555555556
"Matched preparation pairs",-12.96
"Matched preparation pairs",-18.9505555555556
"Matched preparation pairs",-19.5005555555556
"Matched preparation pairs",-16.4027777777778
"Matched preparation pairs",-15.4972222222222
"Matched preparation pairs",-8.91111111111111
"Matched preparation pairs",-15.4027777777778
"Matched preparation pairs",-19.1327777777778
"Matched preparation pairs",-18.8455555555556
"Matched preparation pairs",-10.6538888888889
"Matched preparation pairs",-13.5455555555556
"Matched preparation pairs",-11.8916666666667
"Matched preparation pairs",-11.2755555555555
"Matched preparation pairs",-12.0911111111111
"Matched preparation pairs",-14.1361111111111
"Matched preparation pairs",-12.3211111111111
"Matched preparation pairs",-11.1955555555556
"Matched preparation pairs",-11.1238888888889
"Matched preparation pairs",-17.7555555555556
"Matched preparation pairs",-18.82
"Matched preparation pairs",-9.01611111111112
"Matched preparation pairs",-17.6205555555556
"Matched preparation pairs",-9.99277777777778
"Matched preparation pairs",-15.7222222222222
"Matched preparation pairs",-7.64388888888889
"Matched preparation pairs",-22.5961111111111
"Matched preparation pairs",-14.9066666666667
"Matched preparation pairs",-8.26277777777778
"Matched preparation pairs",-13.9772222222222
"Matched preparation pairs",-16.4777777777778
"Matched preparation pairs",-6.44166666666668
"Matched preparation pairs",-11.4511111111111
"Matched preparation pairs",-20.1561111111111
"Matched preparation pairs",-18.8122222222222
"Matched preparation pairs",-15.0922222222222
"Matched preparation pairs",-7.78944444444444
"Matched preparation pairs",-6.675
"Matched preparation pairs",-11.2983333333333
"Matched preparation pairs",-13.0944444444444
"Matched preparation pairs",-18.0155555555556
"Matched preparation pairs",-13.52
"Matched preparation pairs",-13.625
"Matched preparation pairs",-8.69333333333333
"Matched preparation pairs",-13.5505555555556
"Matched preparation pairs",-8.82777777777777
"Matched preparation pairs",-21.2527777777778
"Matched preparation pairs",-8.85666666666667
"Matched preparation pairs",-13.4972222222222
"Matched preparation pairs",-6.39444444444444
"Matched preparation pairs",-6.78055555555555
"Matched preparation pairs",-17.8116666666667
"Matched preparation pairs",-16
"Matched preparation pairs",-17.9716666666667
"Matched preparation pairs",-13.5688888888889
"Matched preparation pairs",-14.6055555555556
"Matched preparation pairs",-15.7488888888889
"Matched preparation pairs",-15.65
"Matched preparation pairs",-10.7138888888889
"Matched preparation pairs",-9.97222222222222
"Matched preparation pairs",-18.7877777777778
"Matched preparation pairs",-19.11
"Matched preparation pairs",-17.1616666666667
"Matched preparation pairs",-16.33
"Matched preparation pairs",-14.1083333333333
"Matched preparation pairs",-9.81722222222222
"Matched preparation pairs",-12.6838888888889
"Matched preparation pairs",-18.4405555555556
"Matched preparation pairs",-20.1688888888889
"Matched preparation pairs",-14.5055555555555
"Matched preparation pairs",-19.2738888888889
"Matched preparation pairs",-23.8905555555556
"Matched preparation pairs",-13.5516666666667
"Matched preparation pairs",-12.3155555555556
"Matched preparation pairs",-10.3583333333333
"Matched preparation pairs",-15.7511111111111
"Matched preparation pairs",-13.6572222222222
"Matched preparation pairs",-11.6444444444444
"Matched preparation pairs",-19.0311111111111
"Matched preparation pairs",-17.1711111111111
"Matched preparation pairs",-16.3077777777778
"Matched preparation pairs",-14.965
"Matched preparation pairs",-22.5344444444444
"Matched preparation pairs",-15.1494444444444
"Matched preparation pairs",-19.5027777777778
"Matched preparation pairs",-14.5194444444444
"Matched preparation pairs",-17.3827777777778
"Matched preparation pairs",-19.0366666666667
"Matched preparation pairs",-17.9133333333333
"Matched preparation pairs",-17.9372222222222
"Matched preparation pairs",-10.8888888888889
"Matched preparation pairs",-15.54
"Matched preparation pairs",-12.0188888888889
"Matched preparation pairs",-8.66722222222221
"Matched preparation pairs",-13.9122222222222
"Matched preparation pairs",-12.5666666666667
"Matched preparation pairs",-15.5605555555556
"Matched preparation pairs",-12.5011111111111
"Matched preparation pairs",-13.77
"Matched preparation pairs",-9.0061111111111
"Matched preparation pairs",-8.7288888888889
"Matched preparation pairs",-12.3327777777778
"Matched preparation pairs",-15.2555555555556
"Matched preparation pairs",-2.63666666666667
"Matched preparation pairs",-15.6294444444444
"Matched preparation pairs",-11.0344444444444
"Matched preparation pairs",-5.52555555555556
"Matched preparation pairs",-9.73388888888889
"Matched preparation pairs",-11.6466666666667
"Matched preparation pairs",-13.6105555555556
"Matched preparation pairs",-16.9122222222222
"Matched preparation pairs",-14.8377777777778
"Matched preparation pairs",-10.9588888888889
"Matched preparation pairs",-11.3572222222222
"Matched preparation pairs",-15.8327777777778
"Matched preparation pairs",-16.7527777777778
"Matched preparation pairs",-13.405
"Matched preparation pairs",-9.79944444444445
"Matched preparation pairs",-7.59055555555555
"Matched preparation pairs",-17.5061111111111
"Matched preparation pairs",-16.5777777777778
"Matched preparation pairs",-15.9455555555555
"Matched preparation pairs",-21.9516666666667
"Matched preparation pairs",-18.8716666666667
"Matched preparation pairs",-3.24722222222222
"Matched preparation pairs",-15.7344444444445
"Matched preparation pairs",-6.87000000000001
"Matched preparation pairs",-10.7411111111111
"Matched preparation pairs",-9.47888888888889
"Matched preparation pairs",-22.2727777777778
"Matched preparation pairs",-13.2183333333333
"Matched preparation pairs",-23.1127777777778
"Matched preparation pairs",-21.5283333333333
"Matched preparation pairs",-16.2805555555556
"Matched preparation pairs",-14.0294444444444
"Matched preparation pairs",-9.65611111111112
"Matched preparation pairs",-11.7338888888889
"Matched preparation pairs",-18.78
"Matched preparation pairs",-12.2077777777778
"Matched preparation pairs",-13.8394444444444
"Matched preparation pairs",-13.9205555555556
"Matched preparation pairs",-17.3716666666667
"Matched preparation pairs",-10.4927777777778
"Matched preparation pairs",-18.9483333333333
"Matched preparation pairs",-15.525
"Matched preparation pairs",-7.28944444444445
"Matched preparation pairs",-15.5833333333333
"Matched preparation pairs",-14.8811111111111
"Matched preparation pairs",-15.4594444444444
"Matched preparation pairs",-12.875
"Matched preparation pairs",-12.4688888888889
"Matched preparation pairs",-15.9638888888889
"Matched preparation pairs",-16.6694444444444
"Matched preparation pairs",-12.9738888888889
"Matched preparation pairs",-16.3488888888889
"Matched preparation pairs",-15.1583333333333
"Matched preparation pairs",-17.7533333333333
"Matched preparation pairs",-18.5238888888889
"Matched preparation pairs",-12.6672222222222
"Matched preparation pairs",-12.3988888888889
"Matched preparation pairs",-14.23
"Matched preparation pairs",-8.40166666666667
"Matched preparation pairs",-16.4577777777778
"Matched preparation pairs",-13.6711111111111
"Matched preparation pairs",-12.2616666666667
"Matched preparation pairs",-15.8622222222222
"Matched preparation pairs",-12.8811111111111
"Matched preparation pairs",-8.40833333333333
"Matched preparation pairs",-11.6211111111111
"Matched preparation pairs",-11.6355555555556
"Matched preparation pairs",-8.18611111111111
"Matched preparation pairs",-21.3961111111111
"Matched preparation pairs",-16.0644444444444
"Matched preparation pairs",-13.3283333333333
"Matched preparation pairs",-17.88
"Matched preparation pairs",-13.5783333333333
"Matched preparation pairs",-10.0833333333333
"Matched preparation pairs",-5.895
"Matched preparation pairs",-15.4822222222222
"Matched preparation pairs",-12.2816666666667
"Matched preparation pairs",-18.275
"Matched preparation pairs",-10.9788888888889
"Matched preparation pairs",-0.276666666666664
"Matched preparation pairs",-12.8005555555556
"Matched preparation pairs",-11.0405555555556
"Matched preparation pairs",-24.0233333333333
"Matched preparation pairs",-16.9383333333333
"Matched preparation pairs",-16.9316666666667
"Matched preparation pairs",-17.0955555555556
"Matched preparation pairs",-10.2377777777778
"Matched preparation pairs",-16.4138888888889
"Matched preparation pairs",-12.6588888888889
"Matched preparation pairs",-5.47611111111111
"Matched preparation pairs",-6.10888888888888
"Matched preparation pairs",-11.8461111111111
"Matched preparation pairs",-15.3066666666667
"Matched preparation pairs",-11.1355555555556
"Matched preparation pairs",-20.8111111111111
"Matched preparation pairs",-16.6
"Matched preparation pairs",-8.26333333333333
"Matched preparation pairs",-18.4594444444444
"Matched preparation pairs",-8.22222222222223
"Matched preparation pairs",-8.17777777777778
"Matched preparation pairs",-16.6322222222222
"Matched preparation pairs",-17.4555555555556
"Matched preparation pairs",-18.7583333333333
"Matched preparation pairs",-13.3388888888889
"Matched preparation pairs",-17.2933333333333
"Matched preparation pairs",-18.7733333333333
"Matched preparation pairs",-14.3961111111111
"Matched preparation pairs",-8.43500000000001
"Matched preparation pairs",-4.61888888888889
"Matched preparation pairs",-14.6916666666667
"Matched preparation pairs",-12.0333333333333
"Matched preparation pairs",-14.1666666666667
"Matched preparation pairs",-18.4422222222222
"Matched preparation pairs",-17.76
"Matched preparation pairs",-12.3738888888889
"Matched preparation pairs",-23.4872222222222
"Matched preparation pairs",-15.0761111111111
"Matched preparation pairs",-16.1844444444444
"Matched preparation pairs",-15.1594444444444
"Matched preparation pairs",-18.85
"Matched preparation pairs",-16.2122222222222
"Matched preparation pairs",-18.605
"Matched preparation pairs",-13.1777777777778
"Matched preparation pairs",-16.3144444444444
"Matched preparation pairs",-8.29333333333333
"Matched preparation pairs",-13.8727777777778
"Matched preparation pairs",-10.8094444444444
"Matched preparation pairs",-15.6294444444444
"Matched preparation pairs",-12.3233333333333
"Matched preparation pairs",-14.2144444444444
"Matched preparation pairs",-12.9283333333333
"Matched preparation pairs",-15.2833333333333
"Matched preparation pairs",-14.6866666666667
"Matched preparation pairs",-12.4216666666667
"Matched preparation pairs",-14.4311111111111
"Matched preparation pairs",-12.3988888888889
"Matched preparation pairs",-20.8116666666667
"Matched preparation pairs",-18.5305555555556
"Matched preparation pairs",-7.76833333333333
"Matched preparation pairs",-12.3
"Matched preparation pairs",-20.7577777777778
"Matched preparation pairs",-9.54
"Matched preparation pairs",-14.9683333333333
"Matched preparation pairs",-13.6477777777778
"Matched preparation pairs",-12.1805555555556
"Matched preparation pairs",-9.01666666666666
"Matched preparation pairs",-7.31944444444445
"Matched preparation pairs",-17.1911111111111
"Matched preparation pairs",-22.0266666666667
"Matched preparation pairs",-13.6672222222222
"Matched preparation pairs",-9.47166666666666
"Matched preparation pairs",-14.7283333333333
"Matched preparation pairs",-22.1261111111111
"Matched preparation pairs",-17.6994444444444
"Matched preparation pairs",-15.1444444444444
"Matched preparation pairs",-15.4444444444444
"Matched preparation pairs",-12.1094444444445
"Matched preparation pairs",-23.7466666666667
"Matched preparation pairs",-20.6861111111111
"Matched preparation pairs",-20.3744444444444
"Matched preparation pairs",-18.2333333333333
"Matched preparation pairs",-12.585
"Matched preparation pairs",-19.3911111111111
"Matched preparation pairs",-17.8927777777778
"Matched preparation pairs",-11.1805555555556
"Matched preparation pairs",-9.37777777777778
"Matched preparation pairs",-8.855
"Matched preparation pairs",-12.1744444444445
"Matched preparation pairs",-14.7194444444444
"Matched preparation pairs",-13.2122222222222
"Matched preparation pairs",-9.45722222222222
"Matched preparation pairs",-18.4772222222222
"Matched preparation pairs",-12.3216666666667
"Matched preparation pairs",-18.3138888888889
"Matched preparation pairs",-15.3827777777778
"Matched preparation pairs",-10.65
"Matched preparation pairs",-20.1116666666667
"Matched preparation pairs",-10.8772222222222
"Matched preparation pairs",-6.90277777777777
"Matched preparation pairs",-17.2927777777778
"Matched preparation pairs",-15.4416666666667
"Matched preparation pairs",-19.4544444444444
"Matched preparation pairs",-9.265
"Matched preparation pairs",-14.1094444444444
"Matched preparation pairs",-16.2733333333333
"Matched preparation pairs",-18.8511111111111
"Matched preparation pairs",-9.44388888888889
"Matched preparation pairs",-13.7022222222222
"Matched preparation pairs",-11.0605555555556
"Matched preparation pairs",-17.5888888888889
"Matched preparation pairs",-13.0744444444444
"Matched preparation pairs",-20.1422222222222
"Matched preparation pairs",-17.8505555555556
"Matched preparation pairs",-6.54388888888889
"Matched preparation pairs",-15.0755555555556
"Matched preparation pairs",-5.74388888888889
"Matched preparation pairs",-11.0572222222222
"Matched preparation pairs",-16.325
"Matched preparation pairs",-19.4327777777778
"Matched preparation pairs",-12.7272222222222
"Matched preparation pairs",-17.1355555555556
"Matched preparation pairs",-13.1666666666667
"Matched preparation pairs",-15.8788888888889
"Matched preparation pairs",-13.1294444444445
"Matched preparation pairs",-18.4938888888889
"Matched preparation pairs",-14.0794444444444
"Matched preparation pairs",-14.5433333333333
"Matched preparation pairs",-8.92999999999999
"Matched preparation pairs",-8.14277777777778
"Matched preparation pairs",-18.6588888888889
"Matched preparation pairs",-8.99166666666666
"Matched preparation pairs",-5.95222222222222
"Matched preparation pairs",-19.1133333333333
"Matched preparation pairs",-16.7533333333333
"Matched preparation pairs",-11.7511111111111
"Matched preparation pairs",-13.0088888888889
"Matched preparation pairs",-16.2583333333333
"Matched preparation pairs",-21.5122222222222
"Matched preparation pairs",-18.2661111111111
"Matched preparation pairs",-14.2338888888889
"Matched preparation pairs",-15.5444444444444
"Matched preparation pairs",-18.2816666666667
"Matched preparation pairs",-12.7961111111111
"Matched preparation pairs",-11.8105555555556
"Matched preparation pairs",-10.8972222222222
"Matched preparation pairs",-15.9811111111111
"Matched preparation pairs",-15.3616666666667
"Matched preparation pairs",-15.1377777777778
"Matched preparation pairs",-8.03222222222222
"Matched preparation pairs",-12.2761111111111
"Matched preparation pairs",-16.5222222222222
"Matched preparation pairs",-3.9811111111111
"Matched preparation pairs",-15.725
"Matched preparation pairs",-19.1616666666667
"Matched preparation pairs",-18.57
"Matched preparation pairs",-14.9372222222222
"Matched preparation pairs",-16.8205555555556
"Matched preparation pairs",-4.13722222222223
"Matched preparation pairs",-7.7
"Matched preparation pairs",-9.51666666666666
"Matched preparation pairs",-12.8911111111111
"Matched preparation pairs",-17.4905555555555
"Matched preparation pairs",-17.1061111111111
"Matched preparation pairs",-19.9905555555556
"Matched preparation pairs",-16.0861111111111
"Matched preparation pairs",-9.36333333333333
"Matched preparation pairs",-16.6588888888889
"Matched preparation pairs",-14.0616666666667
"Matched preparation pairs",-23.7316666666667
"Matched preparation pairs",-7.97944444444445
"Matched preparation pairs",-10.6255555555556
"Matched preparation pairs",-13.3672222222222
"Matched preparation pairs",-16.2311111111111
"Matched preparation pairs",-13.3105555555556
"Matched preparation pairs",-10.6527777777778
"Matched preparation pairs",-14.6216666666667
"Matched preparation pairs",-11.2638888888889
"Matched preparation pairs",-16.495
"Matched preparation pairs",-23.8988888888889
"Matched preparation pairs",-18.3744444444444
"Matched preparation pairs",-9.63555555555556
"Matched preparation pairs",-11.6544444444444
"Matched preparation pairs",-11.4455555555556
"Matched preparation pairs",-6.885
"Matched preparation pairs",-21.6827777777778
"Matched preparation pairs",-12.3777777777778
"Matched preparation pairs",-16.1316666666667
"Matched preparation pairs",-18.0444444444444
"Matched preparation pairs",-18.7472222222222
"Matched preparation pairs",-13.9633333333333
"Matched preparation pairs",-8.08777777777777
"Matched preparation pairs",-19.3077777777778
"Matched preparation pairs",-18.9611111111111
"Matched preparation pairs",-10.96
"Matched preparation pairs",-15.6588888888889
"Matched preparation pairs",-9.49666666666667
"Matched preparation pairs",-20.585
"Matched preparation pairs",-11.7777777777778
"Matched preparation pairs",-18.08
"Matched preparation pairs",-11.3372222222222
"Matched preparation pairs",-16.1916666666667
"Matched preparation pairs",-12.7344444444444
"Matched preparation pairs",-13.5777777777778
"Matched preparation pairs",-16.6166666666667
"Matched preparation pairs",-23.5388888888889
"Matched preparation pairs",-14.23
"Matched preparation pairs",-18.3127777777778
"Matched preparation pairs",-12.4544444444444
"Matched preparation pairs",-11.2027777777778
"Matched preparation pairs",-9.82888888888888
"Matched preparation pairs",-10.325
"Matched preparation pairs",-14.4438888888889
"Matched preparation pairs",-14.5883333333333
"Matched preparation pairs",-11.1338888888889
"Matched preparation pairs",-13.2016666666667
"Matched preparation pairs",-17.9422222222222
"Matched preparation pairs",-17.0188888888889
"Matched preparation pairs",-20.5305555555555
"Matched preparation pairs",-18.9216666666667
"Matched preparation pairs",-9.62333333333333
"Matched preparation pairs",-19.6477777777778
"Matched preparation pairs",-13.0122222222222
"Matched preparation pairs",-15.4622222222222
"Matched preparation pairs",-8.26166666666667
"Matched preparation pairs",-11.5061111111111
"Matched preparation pairs",-16.4127777777778
"Matched preparation pairs",-12.8144444444444
"Matched preparation pairs",-16.6972222222222
"Matched preparation pairs",-10.835
"Matched preparation pairs",-14.3355555555556
"Matched preparation pairs",-11.8733333333333
"Matched preparation pairs",-7.92000000000001
"Matched preparation pairs",-19.025
"Matched preparation pairs",-12.3588888888889
"Matched preparation pairs",-21.1538888888889
"Matched preparation pairs",-10.5716666666667
"Matched preparation pairs",-11.915
"Matched preparation pairs",-14.3922222222222
"Matched preparation pairs",-15.3394444444444
"Matched preparation pairs",-12.0566666666667
"Matched preparation pairs",-8.90944444444444
"Matched preparation pairs",-17.7911111111111
"Matched preparation pairs",-17.2677777777778
"Matched preparation pairs",-15.0361111111111
"Matched preparation pairs",-8.14555555555556
"Matched preparation pairs",-7.73611111111112
"Matched preparation pairs",-8.97444444444444
"Matched preparation pairs",-6.22222222222223
"Matched preparation pairs",-12.4983333333333
"Matched preparation pairs",-15.7911111111111
"Matched preparation pairs",-10.4261111111111
"Matched preparation pairs",-16.7833333333333
"Matched preparation pairs",-6.21500000000001
"Matched preparation pairs",-15.0705555555556
"Matched preparation pairs",-7.52000000000001
"Matched preparation pairs",-13.6294444444444
"Matched preparation pairs",-20.56
"Matched preparation pairs",-16.49
"Matched preparation pairs",-13.6927777777778
"Matched preparation pairs",-8.22666666666667
"Matched preparation pairs",-14.9183333333333
"Matched preparation pairs",-13.4288888888889
"Matched preparation pairs",-11.2238888888889
"Matched preparation pairs",-14.1177777777778
"Matched preparation pairs",-23.5738888888889
"Matched preparation pairs",-9.1761111111111
"Matched preparation pairs",-13.8677777777778
"Matched preparation pairs",-10.7627777777778
"Matched preparation pairs",-12.6394444444444
"Matched preparation pairs",-8.46611111111111
"Matched preparation pairs",-12.65
"Matched preparation pairs",-16.4138888888889
"Matched preparation pairs",-13.7983333333333
"Matched preparation pairs",-18.8566666666667
"Matched preparation pairs",-15.5588888888889
"Matched preparation pairs",-8.19111111111111
"Matched preparation pairs",-11.7566666666667
"Matched preparation pairs",-15.0261111111111
"Matched preparation pairs",-14.6366666666667
"Matched preparation pairs",-18.6238888888889
"Matched preparation pairs",-20.9205555555556
"Matched preparation pairs",-15.9044444444444
"Matched preparation pairs",-11.7227777777778
"Matched preparation pairs",-12.3966666666667
"Matched preparation pairs",-17.1394444444444
"Matched preparation pairs",-10.0655555555556
"Matched preparation pairs",-19.4311111111111
"Matched preparation pairs",-11.2272222222222
"Matched preparation pairs",-16.9194444444444
"Matched preparation pairs",-11.4805555555556
"Matched preparation pairs",-20.0588888888889
"Matched preparation pairs",-10.7372222222222
"Matched preparation pairs",-14.8933333333333
"Matched preparation pairs",-10.2777777777778
"Matched preparation pairs",-16.4427777777778
"Matched preparation pairs",-13.7411111111111
"Matched preparation pairs",-10.4238888888889
"Matched preparation pairs",-14.6361111111111
"Matched preparation pairs",-16.0683333333333
"Matched preparation pairs",-10.7288888888889
"Matched preparation pairs",-19.7488888888889
"Matched preparation pairs",-17.6394444444444
"Matched preparation pairs",-9.54222222222222
"Matched preparation pairs",-7.78166666666666
"Matched preparation pairs",-19.3833333333333
"Matched preparation pairs",-9.92611111111112
"Matched preparation pairs",-14.7133333333333
"Matched preparation pairs",-11.0672222222222
"Matched preparation pairs",-13.6666666666667
"Matched preparation pairs",-15.7377777777778
"Matched preparation pairs",-9.81277777777778
"Matched preparation pairs",-9.76833333333334
"Matched preparation pairs",-13.3255555555556
"Matched preparation pairs",-21.7688888888889
"Matched preparation pairs",-11.6711111111111
"Matched preparation pairs",-15.2566666666667
"Matched preparation pairs",-20.4966666666667
"Matched preparation pairs",-18.5777777777778
"Matched preparation pairs",-20.7472222222222
"Matched preparation pairs",-16.2677777777778
"Matched preparation pairs",-10.7922222222222
"Matched preparation pairs",-17.015
"Matched preparation pairs",-21.2016666666667
"Matched preparation pairs",-14.2605555555556
"Matched preparation pairs",-22.2605555555556
"Matched preparation pairs",-10.885
"Matched preparation pairs",-17.6611111111111
"Matched preparation pairs",-14.0294444444444
"Matched preparation pairs",-13.1611111111111
"Matched preparation pairs",-14.7438888888889
"Matched preparation pairs",-16.735
"Matched preparation pairs",-9.10666666666667
"Matched preparation pairs",-18.4416666666667
"Matched preparation pairs",-18.2088888888889
"Matched preparation pairs",-14.2183333333333
"Matched preparation pairs",-12.5616666666667
"Matched preparation pairs",-15.2883333333333
"Matched preparation pairs",-12.6711111111111
"Matched preparation pairs",-10.3094444444444
"Matched preparation pairs",-10.7427777777778
"Matched preparation pairs",-20.3261111111111
"Matched preparation pairs",-17.105
"Matched preparation pairs",-12.2933333333333
"Matched preparation pairs",-12.3822222222222
"Matched preparation pairs",-17.7955555555556
"Matched preparation pairs",-16.5183333333333
"Matched preparation pairs",-12.1038888888889
"Matched preparation pairs",-15.7588888888889
"Matched preparation pairs",-13.9072222222222
"Matched preparation pairs",-12.1127777777778
"Matched preparation pairs",-9.235
"Matched preparation pairs",-17.8311111111111
"Matched preparation pairs",-8.93444444444445
"Matched preparation pairs",-15.6994444444444
"Matched preparation pairs",-16.155
"Matched preparation pairs",-12.2111111111111
"Matched preparation pairs",-19.3266666666667
"Matched preparation pairs",-8.88277777777778
"Matched preparation pairs",-13.9427777777778
"Matched preparation pairs",-9.02666666666666
"Matched preparation pairs",-13.8044444444444
"Matched preparation pairs",-18.0272222222222
"Matched preparation pairs",-12.6661111111111
"Matched preparation pairs",-14.8144444444444
"Matched preparation pairs",-9.38944444444444
"Matched preparation pairs",-11.9888888888889
"Matched preparation pairs",-10.6105555555556
"Matched preparation pairs",-13.8144444444444
"Matched preparation pairs",-15.1438888888889
"Matched preparation pairs",-17.4727777777778
"Matched preparation pairs",-17.1733333333333
"Matched preparation pairs",-7.325
"Matched preparation pairs",-10.36
"Matched preparation pairs",-10.5255555555556
"Matched preparation pairs",-15.5066666666667
"Matched preparation pairs",-13.6244444444444
"Matched preparation pairs",-16.0788888888889
"Matched preparation pairs",-15.3933333333333
"Matched preparation pairs",-23.7494444444444
"Matched preparation pairs",-18.0505555555556
"Matched preparation pairs",-7.32611111111111
"Matched preparation pairs",-15.1288888888889
"Matched preparation pairs",-14.9511111111111
"Matched preparation pairs",-14.4622222222222
"Matched preparation pairs",-11.8916666666667
"Matched preparation pairs",-16.2027777777778
"Matched preparation pairs",-15.8838888888889
"Matched preparation pairs",-12.8638888888889
"Matched preparation pairs",-19.87
"Matched preparation pairs",-12.9327777777778
"Matched preparation pairs",-17.2783333333333
"Matched preparation pairs",-15.005
"Matched preparation pairs",-9.55944444444444
"Matched preparation pairs",-11.0105555555555
"Matched preparation pairs",-19.9533333333333
"Matched preparation pairs",-9.28
"Matched preparation pairs",-8.24500000000001
"Matched preparation pairs",-19.9461111111111
"Matched preparation pairs",-20.0977777777778
"Matched preparation pairs",-16.3294444444444
"Matched preparation pairs",-19.8444444444444
"Matched preparation pairs",-18.065
"Matched preparation pairs",-9.08944444444445
"Matched preparation pairs",-12.9544444444444
"Matched preparation pairs",-13.9383333333333
"Matched preparation pairs",-4.02277777777777
"Matched preparation pairs",-14.5277777777778
"Matched preparation pairs",-8.00944444444445
"Matched preparation pairs",-20.0966666666667
"Matched preparation pairs",-15.7516666666667
"Matched preparation pairs",-5.76944444444445
"Matched preparation pairs",-15.7433333333333
"Matched preparation pairs",-20.395
"Matched preparation pairs",-10.22
"Matched preparation pairs",-10.0183333333333
"Matched preparation pairs",-12.1244444444444
"Matched preparation pairs",-15.6883333333333
"Matched preparation pairs",-15.2772222222222
"Matched preparation pairs",-12.5105555555556
"Matched preparation pairs",-18.8061111111111
"Matched preparation pairs",-6.42000000000001
"Matched preparation pairs",-8.99666666666666
"Matched preparation pairs",-16.8361111111111
"Matched preparation pairs",-6.75888888888889
"Matched preparation pairs",-7.56888888888889
"Matched preparation pairs",-5.50111111111111
"Matched preparation pairs",-9.32666666666666
"Matched preparation pairs",-18.3383333333333
"Matched preparation pairs",-11.5261111111111
"Matched preparation pairs",-16.4466666666667
"Matched preparation pairs",-9.44888888888889
"Matched preparation pairs",-14.5444444444445
"Matched preparation pairs",-17.2861111111111
"Matched preparation pairs",-10.5855555555556
"Matched preparation pairs",-6.73888888888888
"Matched preparation pairs",-8.80388888888888
"Matched preparation pairs",-19.4761111111111
"Matched preparation pairs",-3.21666666666666
"Matched preparation pairs",-14.8033333333333
"Matched preparation pairs",-19.8355555555556
"Matched preparation pairs",-14.165
"Matched preparation pairs",-16.48
"Matched preparation pairs",-15.1911111111111
"Matched preparation pairs",-15.5477777777778
"Matched preparation pairs",-3.9
"Matched preparation pairs",-9.10055555555556
"Matched preparation pairs",-18.6683333333333
"Matched preparation pairs",-13.7827777777778
"Matched preparation pairs",-18.1605555555556
"Matched preparation pairs",-19.4522222222222
"Matched preparation pairs",-8.02277777777777
"Matched preparation pairs",-10.7533333333333
"Matched preparation pairs",-11.28
"Matched preparation pairs",-13.0272222222222
"Matched preparation pairs",-8.02444444444445
"Matched preparation pairs",-18.3005555555556
"Matched preparation pairs",-9.57555555555555
"Matched preparation pairs",-10.1088888888889
"Matched preparation pairs",-14.1338888888889
"Matched preparation pairs",-14.7794444444444
"Matched preparation pairs",-11.9983333333333
"Matched preparation pairs",-10.2155555555556
"Matched preparation pairs",-12.4844444444444
"Matched preparation pairs",-11.0727777777778
"Matched preparation pairs",-11.59
"Matched preparation pairs",-11.6605555555555
"Matched preparation pairs",-11.5444444444444
"Matched preparation pairs",-13.6138888888889
"Matched preparation pairs",-23.5188888888889
"Matched preparation pairs",-10.4111111111111
"Matched preparation pairs",-11.0077777777778
"Matched preparation pairs",-8.84333333333332
"Matched preparation pairs",-17.7027777777778
"Matched preparation pairs",-23.3783333333333
"Matched preparation pairs",-8.47722222222223
"Matched preparation pairs",-16.8038888888889
"Matched preparation pairs",-16.6933333333333
"Matched preparation pairs",-10.9238888888889
"Matched preparation pairs",-10.9522222222222
"Matched preparation pairs",-13.1683333333333
"Matched preparation pairs",-16.4255555555556
"Matched preparation pairs",-15.7722222222222
"Matched preparation pairs",-11.565
"Matched preparation pairs",-14.1666666666667
"Matched preparation pairs",-22.6166666666667
"Matched preparation pairs",-11.7838888888889
"Matched preparation pairs",-14.9916666666667
"Matched preparation pairs",-17.0566666666667
"Matched preparation pairs",-7.35111111111111
"Matched preparation pairs",-8.82388888888889
"Matched preparation pairs",-16.845
"Matched preparation pairs",-19.5005555555556
"Matched preparation pairs",-16.7338888888889
"Matched preparation pairs",-6.59833333333333
"Matched preparation pairs",-10.4433333333333
"Matched preparation pairs",-5.02000000000001
"Matched preparation pairs",-14.2827777777778
"Matched preparation pairs",-13.1361111111111
"Matched preparation pairs",-14.8794444444444
"Matched preparation pairs",-13.5677777777778
"Matched preparation pairs",-13.7533333333333
"Matched preparation pairs",-12.2755555555556
"Matched preparation pairs",-17.0827777777778
"Matched preparation pairs",-13.1705555555556
"Matched preparation pairs",-11.0816666666667
"Matched preparation pairs",-12.5861111111111
"Matched preparation pairs",-15.7344444444444
"Matched preparation pairs",-10.6088888888889
"Matched preparation pairs",-15.6194444444444
"Matched preparation pairs",-12.8988888888889
"Matched preparation pairs",-14.5805555555555
"Matched preparation pairs",-19.6655555555556
"Matched preparation pairs",-17.4566666666667
"Matched preparation pairs",-15.6316666666667
"Matched preparation pairs",-18.5611111111111
"Matched preparation pairs",-11.9955555555556
"Matched preparation pairs",-13.0744444444444
"Matched preparation pairs",-11.1994444444444
"Matched preparation pairs",-12.9722222222222
"Matched preparation pairs",-13.1022222222222
"Matched preparation pairs",-17.0527777777778
"Matched preparation pairs",-8.28
"Matched preparation pairs",-14.2577777777778
"Matched preparation pairs",-12.0588888888889
"Matched preparation pairs",-11.5683333333333
"Matched preparation pairs",-10.8044444444444
"Matched preparation pairs",-13.0866666666667
"Matched preparation pairs",-14.7716666666667
"Matched preparation pairs",-11.4016666666667
"Matched preparation pairs",-10.6644444444444
"Matched preparation pairs",-12.4
"Matched preparation pairs",-7.22777777777778
"Matched preparation pairs",-17.6833333333333
"Matched preparation pairs",-7.88722222222223
"Matched preparation pairs",-14.4422222222222
"Matched preparation pairs",-14.6944444444444
"Matched preparation pairs",-12.3066666666667
"Matched preparation pairs",-12.6244444444444
"Matched preparation pairs",-18.7444444444444
"Matched preparation pairs",-18.855
"Matched preparation pairs",-14.1138888888889
"Matched preparation pairs",-8.31888888888889
"Matched preparation pairs",-12.665
"Matched preparation pairs",-17.905
"Matched preparation pairs",-12.3972222222222
"Matched preparation pairs",-15.6266666666667
"Matched preparation pairs",-14.0744444444444
"Matched preparation pairs",-13.1816666666667
"Matched preparation pairs",-14.0333333333333
"Matched preparation pairs",-10.5961111111111
"Matched preparation pairs",-18.9383333333333
"Matched preparation pairs",-18.9905555555556
"Matched preparation pairs",-12.6316666666667
"Matched preparation pairs",-9.51333333333334
"Matched preparation pairs",-13.0077777777778
"Matched preparation pairs",-17.8727777777778
"Matched preparation pairs",-10.4905555555556
"Matched preparation pairs",-13.9866666666667
"Matched preparation pairs",-12.9916666666667
"Matched preparation pairs",-16.2488888888889
"Matched preparation pairs",-16.7105555555556
"Matched preparation pairs",-11.7155555555556
"Matched preparation pairs",-17.7211111111111
"Matched preparation pairs",-19.0961111111111
"Matched preparation pairs",-10.3488888888889
"Matched preparation pairs",-17.5172222222222
"Matched preparation pairs",-14.0644444444444
"Matched preparation pairs",-16.4577777777778
"Matched preparation pairs",-12.4377777777778
"Matched preparation pairs",-7.33611111111112
"Matched preparation pairs",-11.0133333333333
"Matched preparation pairs",-6.90555555555556
"Matched preparation pairs",-10.6227777777778
"Matched preparation pairs",-13.36
"Matched preparation pairs",-6.38555555555556
"Matched preparation pairs",-11.5516666666667
"Matched preparation pairs",-13.205
"Matched preparation pairs",-8.12944444444444
"Matched preparation pairs",-5.49333333333334
"Matched preparation pairs",-19.6472222222222
"Matched preparation pairs",-13.5027777777778
"Matched preparation pairs",-3.86777777777778
"Matched preparation pairs",-17.2633333333333
"Matched preparation pairs",-15.21
"Matched preparation pairs",-19.245
"Matched preparation pairs",-7.13444444444445
"Matched preparation pairs",-12.1405555555556
"Matched preparation pairs",-21.8711111111111
"Matched preparation pairs",-14.7227777777778
"Matched preparation pairs",-12.2061111111111
"Matched preparation pairs",-11.4322222222222
"Matched preparation pairs",-15.5377777777778
"Matched preparation pairs",-16.8238888888889
"Matched preparation pairs",-13.3916666666667
"Matched preparation pairs",-15.5511111111111
"Matched preparation pairs",-10.7255555555556
"Matched preparation pairs",-15.36
"Matched preparation pairs",-12.5488888888889
"Matched preparation pairs",-10.6522222222222
"Matched preparation pairs",-17.3644444444444
"Matched preparation pairs",-7.43055555555555
"Matched preparation pairs",-3.78388888888889
"Matched preparation pairs",-16.6383333333333
"Matched preparation pairs",-13.975
"Matched preparation pairs",-18.0172222222222
"Matched preparation pairs",-13.7955555555556
"Matched preparation pairs",-14.9072222222222
"Matched preparation pairs",-9.78055555555555
"Matched preparation pairs",-14.4422222222222
"Matched preparation pairs",-5.39833333333333
"Matched preparation pairs",-14.7144444444444
"Matched preparation pairs",-21.4044444444444
"Matched preparation pairs",-16.2216666666667
"Matched preparation pairs",-17.6133333333333
"Matched preparation pairs",-21.8894444444445
"Matched preparation pairs",-14.4944444444444
"Matched preparation pairs",-8.29166666666667
"Matched preparation pairs",-16.4438888888889
"Matched preparation pairs",-12.7544444444444
"Matched preparation pairs",-16.9316666666667
"Matched preparation pairs",-8.42444444444445
"Matched preparation pairs",-12.5105555555556
"Matched preparation pairs",-14.2527777777778
"Matched preparation pairs",-9.10888888888889
"Matched preparation pairs",-18.3572222222222
"Matched preparation pairs",-17.6094444444444
"Matched preparation pairs",-15.3422222222222
"Matched preparation pairs",-29.2511111111111
"Matched preparation pairs",-18.9644444444444
"Matched preparation pairs",-7.62777777777778
"Matched preparation pairs",-11.2111111111111
"Matched preparation pairs",-13.6494444444444
"Matched preparation pairs",-17.0133333333333
"Matched preparation pairs",-16.5205555555556
"Matched preparation pairs",-15.5822222222222
"Matched preparation pairs",-16.935
"Matched preparation pairs",-11.9577777777778
"Matched preparation pairs",-7.17444444444445
"Matched preparation pairs",-10.7033333333333
"Matched preparation pairs",-16.9038888888889
"Matched preparation pairs",-10.1733333333333
"Matched preparation pairs",-15.1944444444444
"Matched preparation pairs",-13.7594444444445
"Matched preparation pairs",-11.4938888888889
"Matched preparation pairs",-11.2605555555556
"Matched preparation pairs",-13.8855555555556
"Matched preparation pairs",-8.96388888888889
"Matched preparation pairs",-17.0861111111111
"Matched preparation pairs",-14.5005555555556
"Matched preparation pairs",-13.8988888888889
"Matched preparation pairs",-11.2094444444444
"Matched preparation pairs",-15.7066666666667
"Matched preparation pairs",-9.825
"Matched preparation pairs",-11.9716666666667
"Matched preparation pairs",-16.2888888888889
"Matched preparation pairs",-13.4322222222222
"Matched preparation pairs",-13.175
"Matched preparation pairs",-13.7838888888889
"Matched preparation pairs",-14.0872222222222
"Matched preparation pairs",-18.9822222222222
"Matched preparation pairs",-21.1955555555555
"Matched preparation pairs",-12.5122222222222
"Matched preparation pairs",-10.6233333333333
"Matched preparation pairs",-16.7927777777778
"Matched preparation pairs",-19.1455555555556
"Matched preparation pairs",-13.9666666666667
"Matched preparation pairs",-7.32111111111111
"Matched preparation pairs",-12.8694444444444
"Matched preparation pairs",-10.88
"Matched preparation pairs",-12.7405555555556
"Matched preparation pairs",-16.7055555555556
"Matched preparation pairs",-15.6033333333333
"Matched preparation pairs",-8.61611111111111
"Matched preparation pairs",-11.4411111111111
"Matched preparation pairs",-18.1261111111111
"Matched preparation pairs",-16.4316666666667
"Matched preparation pairs",-19.2916666666667
"Matched preparation pairs",-18.0561111111111
"Matched preparation pairs",-10.9827777777778
"Matched preparation pairs",-18.2283333333333
"Matched preparation pairs",-11.5416666666667
"Matched preparation pairs",-21.205
"Matched preparation pairs",-15.5938888888889
"Matched preparation pairs",-18.7922222222222
"Matched preparation pairs",-8.55833333333334
"Matched preparation pairs",-7.76555555555555
"Matched preparation pairs",-12.98
"Matched preparation pairs",-19.9522222222222
"Matched preparation pairs",-16.8744444444444
"Matched preparation pairs",-9.87333333333333
"Matched preparation pairs",-13.5861111111111
"Matched preparation pairs",-19.0416666666667
"Matched preparation pairs",-13.375
"Matched preparation pairs",-5.63277777777778
"Matched preparation pairs",-24.3755555555556
"Matched preparation pairs",-15.2672222222222
"Matched preparation pairs",-16.2605555555556
"Matched preparation pairs",-9.95111111111111
"Matched preparation pairs",-16.6544444444444
"Matched preparation pairs",-18.0705555555555
"Matched preparation pairs",-12.1761111111111
"Matched preparation pairs",-17.4338888888889
"Matched preparation pairs",-17.7494444444444
"Matched preparation pairs",-7.35333333333333
"Matched preparation pairs",-17.1833333333333
"Matched preparation pairs",-18.5844444444444
"Matched preparation pairs",-8.02666666666666
"Matched preparation pairs",-20.8605555555556
"Matched preparation pairs",-17.2411111111111
"Matched preparation pairs",-12.04
"Matched preparation pairs",-11.0055555555556
"Matched preparation pairs",-15.1133333333333
"Matched preparation pairs",-12.5533333333333
"Matched preparation pairs",-15.1666666666667
"Matched preparation pairs",-14.9805555555555
"Matched preparation pairs",-14.3077777777778
"Matched preparation pairs",-12.4366666666667
"Matched preparation pairs",-16.625
"Matched preparation pairs",-11.6233333333333
"Matched preparation pairs",-18.435
"Matched preparation pairs",-12.9888888888889
"Matched preparation pairs",-14.7438888888889
"Matched preparation pairs",-17.5711111111111
"Matched preparation pairs",-8.45333333333333
"Matched preparation pairs",-16.5883333333333
"Matched preparation pairs",-15.1188888888889
"Matched preparation pairs",-17.9083333333333
"Matched preparation pairs",-14.5527777777778
"Matched preparation pairs",-7.22333333333333
"Matched preparation pairs",-17.0022222222222
"Matched preparation pairs",-9.665
"Matched preparation pairs",-20.47
"Matched preparation pairs",-18.0811111111111
"Matched preparation pairs",-13.4138888888889
"Matched preparation pairs",-9.22944444444445
"Matched preparation pairs",-9.89166666666666
"Matched preparation pairs",-17.4361111111111
"Matched preparation pairs",-15.3838888888889
"Matched preparation pairs",-23.6766666666667
"Matched preparation pairs",-9.19277777777777
"Matched preparation pairs",-19.3188888888889
"Matched preparation pairs",-10.1483333333333
"Matched preparation pairs",-12.58
"Matched preparation pairs",-20.0972222222222
"Matched preparation pairs",-16.0822222222222
"Matched preparation pairs",-10.7588888888889
"Matched preparation pairs",-18.0394444444444
"Matched preparation pairs",-9.45611111111111
"Matched preparation pairs",-16.5716666666667
"Matched preparation pairs",-19.9833333333333
"Matched preparation pairs",-11.6111111111111
"Matched preparation pairs",-16.1777777777778
"Matched preparation pairs",-16.2455555555556
"Matched preparation pairs",-15.5538888888889
"Matched preparation pairs",-4.75777777777777
"Matched preparation pairs",-8.96777777777778
"Matched preparation pairs",-15.9077777777778
"Matched preparation pairs",-7.60555555555556
"Matched preparation pairs",-11.9861111111111
"Matched preparation pairs",-18.0866666666667
"Matched preparation pairs",-11.2583333333333
"Matched preparation pairs",-23.1744444444444
"Matched preparation pairs",-9.04555555555556
"Matched preparation pairs",-8.96777777777779
"Matched preparation pairs",-15.5472222222222
"Matched preparation pairs",-17.2416666666667
"Matched preparation pairs",-12.1416666666667
"Matched preparation pairs",-12.6566666666667
"Matched preparation pairs",-9.83722222222222
"Matched preparation pairs",-20.8994444444444
"Matched preparation pairs",-8.79
"Matched preparation pairs",-14.9338888888889
"Matched preparation pairs",-10.6433333333333
"Matched preparation pairs",-15.7444444444444
"Matched preparation pairs",-17.8133333333333
"Matched preparation pairs",-17.8877777777778
"Matched preparation pairs",-14.9622222222222
"Matched preparation pairs",-15.4766666666667
"Matched preparation pairs",-20.965
"Matched preparation pairs",-19.1138888888889
"Matched preparation pairs",-13.0494444444445
"Matched preparation pairs",-13.2816666666667
"Matched preparation pairs",-11.8116666666667
"Matched preparation pairs",-11.8183333333333
"Matched preparation pairs",-12.8505555555556
"Matched preparation pairs",-15.1161111111111
"Matched preparation pairs",-27.0666666666667
"Matched preparation pairs",-10.1133333333333
"Matched preparation pairs",-16.4972222222222
"Matched preparation pairs",-6.765
"Matched preparation pairs",-16.6316666666667
"Matched preparation pairs",-15.5105555555556
"Matched preparation pairs",-16.0744444444444
"Matched preparation pairs",-15.9966666666667
"Matched preparation pairs",-7.25666666666667
"Matched preparation pairs",-9.07111111111111
"Matched preparation pairs",-14.0605555555556
"Matched preparation pairs",-13.4822222222222
"Matched preparation pairs",-11.2761111111111
"Matched preparation pairs",-14.8288888888889
"Matched preparation pairs",-13.0366666666667
"Matched preparation pairs",-6.89055555555556
"Matched preparation pairs",-9.3961111111111
"Matched preparation pairs",-7.51333333333334
"Matched preparation pairs",-13.9716666666667
"Matched preparation pairs",-15.2566666666667
"Matched preparation pairs",-16.3038888888889
"Matched preparation pairs",-13.7744444444444
"Matched preparation pairs",-18.6627777777778
"Matched preparation pairs",-18.1966666666667
"Matched preparation pairs",-17.1311111111111
"Matched preparation pairs",-13.5272222222222
"Matched preparation pairs",-12.0466666666667
"Matched preparation pairs",-17.5083333333333
"Matched preparation pairs",-7.09722222222222
"Matched preparation pairs",-16.6077777777778
"Matched preparation pairs",-13.9494444444444
"Matched preparation pairs",-18.6683333333333
"Matched preparation pairs",-11.5538888888889
"Matched preparation pairs",-12.8405555555556
"Matched preparation pairs",-6.48611111111112
"Matched preparation pairs",-19.0538888888889
"Matched preparation pairs",-11.2772222222222
"Matched preparation pairs",-14.7866666666667
"Matched preparation pairs",-19.6683333333333
"Matched preparation pairs",-17.7694444444444
"Matched preparation pairs",-14.5594444444444
"Matched preparation pairs",-13.8888888888889
"Matched preparation pairs",-17.9794444444445
"Matched preparation pairs",-13.9166666666667
"Matched preparation pairs",-14.9305555555556
"Matched preparation pairs",-11.0427777777778
"Matched preparation pairs",-14.15
"Matched preparation pairs",-8.58555555555555
"Matched preparation pairs",-12.8777777777778
"Matched preparation pairs",-14.4361111111111
"Matched preparation pairs",-12.6583333333333
"Matched preparation pairs",-15.8477777777778
"Matched preparation pairs",-8.75555555555555
"Matched preparation pairs",-12.6227777777778
"Matched preparation pairs",-18.8966666666667
"Matched preparation pairs",-16.395
"Matched preparation pairs",-19.8105555555555
"Matched preparation pairs",-12.9994444444444
"Matched preparation pairs",-17.6
"Matched preparation pairs",-19.465
"Matched preparation pairs",-17.8166666666667
"Matched preparation pairs",-7.07333333333333
"Matched preparation pairs",-6.75888888888888
"Matched preparation pairs",-11.9933333333333
"Matched preparation pairs",-15.085
"Matched preparation pairs",-17.6905555555556
"Matched preparation pairs",-12.5727777777778
"Matched preparation pairs",-10.3077777777778
"Matched preparation pairs",-12.5222222222222
"Matched preparation pairs",-14.1488888888889
"Matched preparation pairs",-10.7877777777778
"Matched preparation pairs",-10.9583333333333
"Matched preparation pairs",-12.5416666666667
"Matched preparation pairs",-12.1811111111111
"Matched preparation pairs",-11.7022222222222
"Matched preparation pairs",-11.0927777777778
"Matched preparation pairs",-10.2955555555556
"Matched preparation pairs",-18.48
"Matched preparation pairs",-12.8211111111111
"Matched preparation pairs",-15.8455555555555
"Matched preparation pairs",-21.5277777777778
"Matched preparation pairs",-1.58333333333334
"Matched preparation pairs",-14.0594444444444
"Matched preparation pairs",-17.9277777777778
"Matched preparation pairs",-17.2311111111111
"Matched preparation pairs",-10.6694444444444
"Matched preparation pairs",-12.9633333333333
"Matched preparation pairs",-13.9994444444444
"Matched preparation pairs",-19.7766666666667
"Matched preparation pairs",-12.3877777777778
"Matched preparation pairs",-9.49555555555555
"Matched preparation pairs",-10.54
"Matched preparation pairs",-7.62722222222222
"Matched preparation pairs",-9.05944444444444
"Matched preparation pairs",-9.96777777777778
"Matched preparation pairs",-20.2494444444444
"Matched preparation pairs",-13.1394444444444
"Matched preparation pairs",-7.92166666666667
"Matched preparation pairs",-10.785
"Matched preparation pairs",-14.7066666666667
"Matched preparation pairs",-16.9066666666667
"Matched preparation pairs",-11.9355555555556
"Matched preparation pairs",-11.7505555555556
"Matched preparation pairs",-15.2044444444444
"Matched preparation pairs",-18.7661111111111
"Matched preparation pairs",-10.3222222222222
"Matched preparation pairs",-8.84333333333333
"Matched preparation pairs",-10.5733333333333
"Matched preparation pairs",-17.7338888888889
"Matched preparation pairs",-9.42666666666667
"Matched preparation pairs",-17.8422222222222
"Matched preparation pairs",-10.1327777777778
"Matched preparation pairs",-11.6433333333333
"Matched preparation pairs",-12.79
"Matched preparation pairs",-6.86055555555555
"Matched preparation pairs",-19.4833333333333
"Matched preparation pairs",-21.4438888888889
"Matched preparation pairs",-13.3616666666667
"Matched preparation pairs",-9.52388888888887
"Matched preparation pairs",-17.2133333333333
"Matched preparation pairs",-13.6116666666667
"Matched preparation pairs",-17.4288888888889
"Matched preparation pairs",-15.8288888888889
"Matched preparation pairs",-6.36833333333334
"Matched preparation pairs",-14.2244444444444
"Matched preparation pairs",-8.39
"Matched preparation pairs",-6.17888888888888
"Matched preparation pairs",-13.3127777777778
"Matched preparation pairs",-12.4555555555556
"Matched preparation pairs",-16.2983333333333
"Matched preparation pairs",-13.2583333333333
"Matched preparation pairs",-19.7372222222222
"Matched preparation pairs",-14.82
"Matched preparation pairs",-14.8172222222222
"Matched preparation pairs",-19.2055555555556
"Matched preparation pairs",-11.715
"Matched preparation pairs",-15.0088888888889
"Matched preparation pairs",-8.64111111111112
"Matched preparation pairs",-2.82388888888889
"Matched preparation pairs",-27.9616666666667
"Matched preparation pairs",-17.1311111111111
"Matched preparation pairs",-19.4422222222222
"Matched preparation pairs",-18.6777777777778
"Matched preparation pairs",-12.1055555555556
"Matched preparation pairs",-5.86055555555555
"Matched preparation pairs",-16.8872222222222
"Matched preparation pairs",-5.32833333333333
"Matched preparation pairs",-10.4105555555556
"Matched preparation pairs",-12.6655555555556
"Matched preparation pairs",-18.865
"Matched preparation pairs",-12.6288888888889
"Matched preparation pairs",-19.7766666666667
"Matched preparation pairs",-15.7011111111111
"Matched preparation pairs",-16.5666666666667
"Matched preparation pairs",-18.7683333333333
"Matched preparation pairs",-18.6983333333333
"Matched preparation pairs",-16.9688888888889
"Matched preparation pairs",-16.04
"Matched preparation pairs",-12.2288888888889
"Matched preparation pairs",-11.8138888888889
"Matched preparation pairs",-9.05166666666666
"Matched preparation pairs",-14.3922222222222
"Matched preparation pairs",-15.6088888888889
"Matched preparation pairs",-8.34055555555555
"Matched preparation pairs",-8.615
"Matched preparation pairs",-16.6805555555556
"Matched preparation pairs",-21.1311111111111
"Matched preparation pairs",-14.6338888888889
"Matched preparation pairs",-12.1994444444444
"Matched preparation pairs",-6.33611111111111
"Matched preparation pairs",-19.4572222222222
"Matched preparation pairs",-11.4077777777778
"Matched preparation pairs",-14.9055555555556
"Matched preparation pairs",-10.0616666666667
"Matched preparation pairs",-11.8966666666667
"Matched preparation pairs",-10.71
"Matched preparation pairs",-12.4955555555556
"Matched preparation pairs",-13.0838888888889
"Matched preparation pairs",-16.5166666666667
"Matched preparation pairs",-21.1422222222222
"Matched preparation pairs",-17.11
"Matched preparation pairs",-12.6361111111111
"Matched preparation pairs",-20.425
"Matched preparation pairs",-12.8455555555556
"Matched preparation pairs",-14.4488888888889
"Matched preparation pairs",-19.1838888888889
"Matched preparation pairs",-16.7194444444444
"Matched preparation pairs",-12.5633333333333
"Matched preparation pairs",-19.5338888888889
"Matched preparation pairs",-12.4227777777778
"Matched preparation pairs",-12.8572222222222
"Matched preparation pairs",-14.7972222222222
"Matched preparation pairs",-12.0005555555556
"Matched preparation pairs",-12.0405555555556
"Matched preparation pairs",-20.1316666666667
"Matched preparation pairs",-11.1761111111111
"Matched preparation pairs",-9.7311111111111
"Matched preparation pairs",-9.76055555555555
"Matched preparation pairs",-19.1511111111111
"Matched preparation pairs",-12.8238888888889
"Matched preparation pairs",-13.1694444444444
"Matched preparation pairs",-14.5922222222222
"Matched preparation pairs",-9.20444444444445
"Matched preparation pairs",-16.0622222222222
"Matched preparation pairs",-11.6716666666667
"Matched preparation pairs",-16.7933333333333
"Matched preparation pairs",-7.34166666666667
"Matched preparation pairs",-15.7961111111111
"Matched preparation pairs",-20.0983333333333
"Matched preparation pairs",-10.4827777777778
"Matched preparation pairs",-11.1133333333333
"Matched preparation pairs",-15.8633333333333
"Matched preparation pairs",-13.0638888888889
"Matched preparation pairs",-18.5777777777778
"Matched preparation pairs",-13.9294444444444
"Matched preparation pairs",-14.5583333333333
"Matched preparation pairs",-10.7311111111111
"Matched preparation pairs",-12.22
"Matched preparation pairs",-15.9466666666667
"Matched preparation pairs",-20.5422222222222
"Matched preparation pairs",-19.0038888888889
"Matched preparation pairs",-17.055
"Matched preparation pairs",-19.2811111111111
"Matched preparation pairs",-16.1238888888889
"Matched preparation pairs",-12.975
"Matched preparation pairs",-8.70277777777778
"Matched preparation pairs",-11.2666666666667
"Matched preparation pairs",-18.0655555555556
"Matched preparation pairs",-15.2711111111111
"Matched preparation pairs",-6.35722222222223
"Matched preparation pairs",-6.45666666666667
"Matched preparation pairs",-15.3333333333333
"Matched preparation pairs",-10.005
"Matched preparation pairs",-12.8594444444444
"Matched preparation pairs",-17.1794444444444
"Matched preparation pairs",-9.19222222222222
"Matched preparation pairs",-7.41277777777777
"Matched preparation pairs",-22.1927777777778
"Matched preparation pairs",-17.82
"Matched preparation pairs",-18.7611111111111
"Matched preparation pairs",-9.3361111111111
"Matched preparation pairs",-14.4005555555556
"Matched preparation pairs",-16.5677777777778
"Matched preparation pairs",-13.8877777777778
"Matched preparation pairs",-11.1733333333333
"Matched preparation pairs",-10.6472222222222
"Matched preparation pairs",-6.38444444444444
"Matched preparation pairs",-11.7288888888889
"Matched preparation pairs",-14.7638888888889
"Matched preparation pairs",-19.9044444444444
"Matched preparation pairs",-15.5327777777778
"Matched preparation pairs",-7.875
"Matched preparation pairs",-8.73666666666667
"Matched preparation pairs",-14.9983333333333
"Matched preparation pairs",-14.5988888888889
"Matched preparation pairs",-11.3633333333333
"Matched preparation pairs",-13.8566666666667
"Matched preparation pairs",-9.3
"Matched preparation pairs",-6.83555555555556
"Matched preparation pairs",-11.7477777777778
"Matched preparation pairs",-17.0411111111111
"Matched preparation pairs",-9.815
"Matched preparation pairs",-9.44833333333334
"Matched preparation pairs",-22.735
"Matched preparation pairs",-13.3927777777778
"Matched preparation pairs",-15.0994444444444
"Matched preparation pairs",-21.2094444444445
"Matched preparation pairs",-24.0755555555556
"Matched preparation pairs",-12.8522222222222
"Matched preparation pairs",-18.4211111111111
"Matched preparation pairs",-13.8566666666667
"Matched preparation pairs",-17.1738888888889
"Matched preparation pairs",-22.6588888888889
"Matched preparation pairs",-1.40222222222223
"Matched preparation pairs",-4.34166666666667
"Matched preparation pairs",-20.5716666666667
"Matched preparation pairs",-13.7027777777778
"Matched preparation pairs",-5.80055555555555
"Matched preparation pairs",-9.49722222222222
"Matched preparation pairs",-3.90833333333333
"Matched preparation pairs",-16.0161111111111
"Matched preparation pairs",-10.8583333333333
"Matched preparation pairs",-7.95222222222222
"Matched preparation pairs",-13.8127777777778
"Matched preparation pairs",-15.3988888888889
"Matched preparation pairs",-3.93944444444445
"Matched preparation pairs",-16.5983333333333
"Matched preparation pairs",-16.2922222222222
"Matched preparation pairs",-19.1827777777778
"Matched preparation pairs",-12.6666666666667
"Matched preparation pairs",-10.4638888888889
"Matched preparation pairs",-11.4055555555556
"Matched preparation pairs",-14.555
"Matched preparation pairs",-18.1627777777778
"Matched preparation pairs",-11.3544444444444
"Matched preparation pairs",-12.0961111111111
"Matched preparation pairs",-7.21166666666666
"Matched preparation pairs",-13.3605555555556
"Matched preparation pairs",-17.7844444444444
"Matched preparation pairs",-10.1238888888889
"Matched preparation pairs",-18.2922222222222
"Matched preparation pairs",-15.43
"Matched preparation pairs",-20.0538888888889
"Matched preparation pairs",-11.5233333333333
"Matched preparation pairs",-15.3255555555556
"Matched preparation pairs",-19.2172222222222
"Matched preparation pairs",-19.2911111111111
"Matched preparation pairs",-15.5572222222222
"Matched preparation pairs",-23.0855555555556
"Matched preparation pairs",-15.4411111111111
"Matched preparation pairs",-18.3138888888889
"Matched preparation pairs",-18.3138888888889
"Matched preparation pairs",-14.9616666666667
"Matched preparation pairs",-17.8077777777778
"Matched preparation pairs",-13.5216666666667
"Matched preparation pairs",-12.3277777777778
"Matched preparation pairs",-17.5038888888889
"Matched preparation pairs",-17.0305555555556
"Matched preparation pairs",-22.365
"Matched preparation pairs",-18.44
"Matched preparation pairs",-15.1788888888889
"Matched preparation pairs",-14.89
"Matched preparation pairs",-15.4188888888889
"Matched preparation pairs",-14.4872222222222
"Matched preparation pairs",-16.8483333333333
"Matched preparation pairs",-12.535
"Matched preparation pairs",-12.5822222222222
"Matched preparation pairs",-7.07944444444445
"Matched preparation pairs",-10.8222222222222
"Matched preparation pairs",-23.2494444444444
"Matched preparation pairs",-11.3833333333333
"Matched preparation pairs",-20.3222222222222
"Matched preparation pairs",-15.6816666666667
"Matched preparation pairs",-17.5855555555556
"Matched preparation pairs",-17.105
"Matched preparation pairs",-3.03333333333333
"Matched preparation pairs",-10.4044444444444
"Matched preparation pairs",-8.97055555555555
"Matched preparation pairs",-13.6694444444444
"Matched preparation pairs",-17.2233333333333
"Matched preparation pairs",-12.3388888888889
"Matched preparation pairs",-12.0344444444444
"Matched preparation pairs",-15.6716666666667
"Matched preparation pairs",-18.5394444444444
"Matched preparation pairs",-8.80388888888889
"Matched preparation pairs",-10.9672222222222
"Matched preparation pairs",-11.6411111111111
"Matched preparation pairs",-12.7161111111111
"Matched preparation pairs",-12.2983333333333
"Matched preparation pairs",-10.5783333333333
"Matched preparation pairs",-14.9822222222222
"Matched preparation pairs",-16.7038888888889
"Matched preparation pairs",-18.5061111111111
"Matched preparation pairs",-12.9877777777778
"Matched preparation pairs",-16.1427777777778
"Matched preparation pairs",-12.0422222222222
"Matched preparation pairs",-17.0066666666667
"Matched preparation pairs",-13.8516666666667
"Matched preparation pairs",-21.3033333333333
"Matched preparation pairs",-17.0344444444444
"Matched preparation pairs",-9.53944444444445
"Matched preparation pairs",-9.53777777777778
"Matched preparation pairs",-17.8266666666667
"Matched preparation pairs",-24.2572222222222
"Matched preparation pairs",-11.7216666666667
"Matched preparation pairs",-10.5122222222222
"Matched preparation pairs",-8.68722222222222
"Matched preparation pairs",-9.19
"Matched preparation pairs",-6.26888888888889
"Matched preparation pairs",-10.8244444444444
"Matched preparation pairs",-5.55277777777777
"Matched preparation pairs",-13.2983333333333
"Matched preparation pairs",-22.6661111111111
"Matched preparation pairs",-16.6211111111111
"Matched preparation pairs",-15.955
"Matched preparation pairs",-17.1611111111111
"Matched preparation pairs",-14.015
"Matched preparation pairs",-5.92166666666667
"Matched preparation pairs",-15.0594444444444
"Matched preparation pairs",-12.1527777777778
"Matched preparation pairs",-16.6377777777778
"Matched preparation pairs",-11.8122222222222
"Matched preparation pairs",-11.0511111111111
"Matched preparation pairs",-16.3088888888889
"Matched preparation pairs",-14.3955555555556
"Matched preparation pairs",-14.5766666666667
"Matched preparation pairs",-16.96
"Matched preparation pairs",-6.45777777777778
"Matched preparation pairs",-13.6144444444444
"Matched preparation pairs",-6.89722222222222
"Matched preparation pairs",-13.2705555555556
"Matched preparation pairs",-19.8261111111111
"Matched preparation pairs",-10.3055555555556
"Matched preparation pairs",-11.4111111111111
"Matched preparation pairs",-13.8177777777778
"Matched preparation pairs",-8.65888888888888
"Matched preparation pairs",-13.8822222222222
"Matched preparation pairs",-12.9811111111111
"Matched preparation pairs",-16.7477777777778
"Matched preparation pairs",-15.7438888888889
"Matched preparation pairs",-13.39
"Matched preparation pairs",-7.72666666666667
"Matched preparation pairs",-10.9938888888889
"Matched preparation pairs",-8.88
"Matched preparation pairs",-15.1872222222222
"Matched preparation pairs",-12.6338888888889
"Matched preparation pairs",-11.9688888888889
"Matched preparation pairs",-18.7866666666667
"Matched preparation pairs",-17.6072222222222
"Matched preparation pairs",-13.2672222222222
"Matched preparation pairs",-9.86444444444445
"Matched preparation pairs",-14.0577777777778
"Matched preparation pairs",-11.4133333333333
"Matched preparation pairs",-19.9266666666667
"Matched preparation pairs",-6.74333333333333
"Matched preparation pairs",-13.4388888888889
"Matched preparation pairs",-17.1822222222222
"Matched preparation pairs",-13.7444444444444
"Matched preparation pairs",-19.305
"Matched preparation pairs",-21.0666666666667
"Matched preparation pairs",-17.9522222222222
"Matched preparation pairs",-16.1194444444444
"Matched preparation pairs",-9.50777777777778
"Matched preparation pairs",-12.1594444444444
"Matched preparation pairs",-15.0638888888889
"Matched preparation pairs",-10.6327777777778
"Matched preparation pairs",-8.24111111111112
"Matched preparation pairs",-9.02666666666666
"Matched preparation pairs",-10.8727777777778
"Matched preparation pairs",-13.3533333333333
"Matched preparation pairs",-14.7333333333333
"Matched preparation pairs",-14.6044444444444
"Matched preparation pairs",-21.7405555555556
"Matched preparation pairs",-13.1883333333333
"Matched preparation pairs",-9.53666666666667
"Matched preparation pairs",-10.5277777777778
"Matched preparation pairs",-18.0005555555556
"Matched preparation pairs",-10.485
"Matched preparation pairs",-12.0983333333333
"Matched preparation pairs",-22.7255555555556
"Matched preparation pairs",-10.36
"Matched preparation pairs",-18.1744444444444
"Matched preparation pairs",-15.0811111111111
"Matched preparation pairs",-13.9377777777778
"Matched preparation pairs",-18.9455555555556
"Matched preparation pairs",-11.5522222222222
"Matched preparation pairs",-11.4266666666667
"Matched preparation pairs",-21.2466666666667
"Matched preparation pairs",-0.351666666666662
"Matched preparation pairs",-15.3516666666667
"Matched preparation pairs",-12.31
"Matched preparation pairs",-11.36
"Matched preparation pairs",-14.5922222222222
"Matched preparation pairs",-15.6605555555556
"Matched preparation pairs",-12.2522222222222
"Matched preparation pairs",-11.8566666666667
"Matched preparation pairs",-18.6938888888889
"Matched preparation pairs",-10.8533333333333
"Matched preparation pairs",-13.7027777777778
"Matched preparation pairs",-18.8983333333333
"Matched preparation pairs",-10.5966666666667
"Matched preparation pairs",-16.5066666666667
"Matched preparation pairs",-11.7
"Matched preparation pairs",-16.1988888888889
"Matched preparation pairs",-21.5772222222222
"Matched preparation pairs",-10.2966666666667
"Matched preparation pairs",-15.0333333333333
"Matched preparation pairs",-14.5783333333333
"Matched preparation pairs",-7.41555555555555
"Matched preparation pairs",-17.785
"Matched preparation pairs",-18.0433333333333
"Matched preparation pairs",-9.00611111111112
"Matched preparation pairs",-14.8938888888889
"Matched preparation pairs",-7.3138888888889
"Matched preparation pairs",-9.02444444444444
"Matched preparation pairs",-15.1477777777778
"Matched preparation pairs",-4.60833333333334
"Matched preparation pairs",-12.5438888888889
"Matched preparation pairs",-15.4727777777778
"Matched preparation pairs",-23.5711111111111
"Matched preparation pairs",-20.9866666666667
"Matched preparation pairs",-10.0966666666667
"Matched preparation pairs",-14.3177777777778
"Matched preparation pairs",-12.8577777777778
"Matched preparation pairs",-17.2777777777778
"Matched preparation pairs",-14.1938888888889
"Matched preparation pairs",-13.8283333333333
"Matched preparation pairs",-11.5144444444444
"Matched preparation pairs",-15.8444444444444
"Matched preparation pairs",-15.9411111111111
"Matched preparation pairs",-16.9094444444444
"Matched preparation pairs",-16.2377777777778
"Matched preparation pairs",-10.7022222222222
"Matched preparation pairs",-8.02111111111112
"Matched preparation pairs",-13.2505555555556
"Matched preparation pairs",-6.16333333333333
"Matched preparation pairs",-10.9216666666667
"Matched preparation pairs",-12.6261111111111
"Matched preparation pairs",-19.0172222222222
"Matched preparation pairs",-11.5111111111111
"Matched preparation pairs",-19.9877777777778
"Matched preparation pairs",-12.0727777777778
"Matched preparation pairs",-14.3727777777778
"Matched preparation pairs",-21.0627777777778
"Matched preparation pairs",-14.5616666666667
"Matched preparation pairs",-9.84722222222221
"Matched preparation pairs",-12.9861111111111
"Matched preparation pairs",-13.5438888888889
"Matched preparation pairs",-13.8161111111111
"Matched preparation pairs",-19.24
"Matched preparation pairs",-17.8044444444444
"Matched preparation pairs",-15.8616666666667
"Matched preparation pairs",-22.915
"Matched preparation pairs",-14.2972222222222
"Matched preparation pairs",-13.0355555555556
"Matched preparation pairs",-11.9338888888889
"Matched preparation pairs",-15.6316666666667
"Matched preparation pairs",-13.6938888888889
"Matched preparation pairs",-13.8822222222222
"Matched preparation pairs",-12.6972222222222
"Matched preparation pairs",-14.2077777777778
"Matched preparation pairs",-12.0883333333333
"Matched preparation pairs",-17.6633333333333
"Matched preparation pairs",-19.6594444444444
"Matched preparation pairs",-7.07722222222222
"Matched preparation pairs",-16.5166666666667
"Matched preparation pairs",-15.355
"Matched preparation pairs",-21.1616666666667
"Matched preparation pairs",-11.2505555555556
"Matched preparation pairs",-13.4033333333333
"Matched preparation pairs",-8.25833333333333
"Matched preparation pairs",-10.0938888888889
"Matched preparation pairs",-14.6311111111111
"Matched preparation pairs",-15.8427777777778
"Matched preparation pairs",-14.1188888888889
"Matched preparation pairs",-18.4577777777778
"Matched preparation pairs",-11.1272222222222
"Matched preparation pairs",-12.0594444444444
"Matched preparation pairs",-16.5455555555556
"Matched preparation pairs",-18.0238888888889
"Matched preparation pairs",-10.5416666666667
"Matched preparation pairs",-16.4138888888889
"Matched preparation pairs",-11.8116666666667
"Matched preparation pairs",-10.0433333333333
"Matched preparation pairs",-14.685
"Matched preparation pairs",-16.5744444444444
"Matched preparation pairs",-11.1383333333333
"Matched preparation pairs",-12.9883333333333
"Matched preparation pairs",-12.8477777777778
"Matched preparation pairs",-10.9244444444444
"Matched preparation pairs",-10.005
"Matched preparation pairs",-11.3194444444444
"Matched preparation pairs",-20.2027777777778
"Matched preparation pairs",-21.85
"Matched preparation pairs",-16.0405555555556
"Matched preparation pairs",-14.7538888888889
"Matched preparation pairs",-15.7716666666667
"Matched preparation pairs",-13.1561111111111
"Matched preparation pairs",-24.7955555555556
"Matched preparation pairs",-14.465
"Matched preparation pairs",-13.0411111111111
"Matched preparation pairs",-10.2183333333333
"Matched preparation pairs",-17.6988888888889
"Matched preparation pairs",-18.8422222222222
"Matched preparation pairs",-12.6966666666667
"Matched preparation pairs",-15.1222222222222
"Matched preparation pairs",-11.5166666666667
"Matched preparation pairs",-15.0383333333333
"Matched preparation pairs",-11.1566666666667
"Matched preparation pairs",-13.8344444444445
"Matched preparation pairs",-16.2227777777778
"Matched preparation pairs",-15.5833333333333
"Matched preparation pairs",-19.1483333333333
"Matched preparation pairs",-8.57722222222222
"Matched preparation pairs",-11.1227777777778
"Matched preparation pairs",-14.7855555555555
"Matched preparation pairs",-18.2955555555556
"Matched preparation pairs",-17.5711111111111
"Matched preparation pairs",-11.28
"Matched preparation pairs",-9.34222222222222
"Matched preparation pairs",-9.24777777777778
"Matched preparation pairs",-19.7244444444444
"Matched preparation pairs",-16.0388888888889
"Matched preparation pairs",-8.80888888888889
"Matched preparation pairs",-10.9244444444444
"Matched preparation pairs",-17.4322222222222
"Matched preparation pairs",-19.1944444444444
"Matched preparation pairs",-17.0577777777778
"Matched preparation pairs",-16.3505555555556
"Matched preparation pairs",-15.6255555555556
"Matched preparation pairs",-13.7605555555556
"Matched preparation pairs",-13.4966666666667
"Matched preparation pairs",-12.9705555555556
"Matched preparation pairs",-15.835
"Matched preparation pairs",-12.7883333333333
"Matched preparation pairs",-15.5344444444444
"Matched preparation pairs",-7.34111111111112
"Matched preparation pairs",-17.3444444444444
"Matched preparation pairs",-15.9216666666667
"Matched preparation pairs",-19.1016666666667
"Matched preparation pairs",-6.65944444444445
"Matched preparation pairs",-6.0761111111111
"Matched preparation pairs",-17.8388888888889
"Matched preparation pairs",-17.0616666666667
"Matched preparation pairs",-10.77
"Matched preparation pairs",-15.4105555555555
"Matched preparation pairs",-24.3488888888889
"Matched preparation pairs",-6.29111111111111
"Matched preparation pairs",-17.26
"Matched preparation pairs",-11.4322222222222
"Matched preparation pairs",-9.72
"Matched preparation pairs",-18.4533333333333
"Matched preparation pairs",-7.725
"Matched preparation pairs",-19.8111111111111
"Matched preparation pairs",-11.9344444444445
"Matched preparation pairs",-8.07555555555556
"Matched preparation pairs",-19.9438888888889
"Matched preparation pairs",-11.4966666666667
"Matched preparation pairs",-12.9361111111111
"Matched preparation pairs",-14.2988888888889
"Matched preparation pairs",-15.54
"Matched preparation pairs",-19.1661111111111
"Matched preparation pairs",-13.3866666666667
"Matched preparation pairs",-16.7322222222222
"Matched preparation pairs",-15.8905555555556
"Matched preparation pairs",-16.2138888888889
"Matched preparation pairs",-20.3055555555556
"Matched preparation pairs",-14.3933333333333
"Matched preparation pairs",-8.80722222222222
"Matched preparation pairs",-17.0788888888889
"Matched preparation pairs",-15.6444444444444
"Matched preparation pairs",-11.0644444444444
"Matched preparation pairs",-13.4755555555556
"Matched preparation pairs",-14.9388888888889
"Matched preparation pairs",-19.95
"Matched preparation pairs",-19.4394444444445
"Matched preparation pairs",-5.59
"Matched preparation pairs",-17.3922222222222
"Matched preparation pairs",-16.6127777777778
"Matched preparation pairs",-12.7233333333333
"Matched preparation pairs",-14.1961111111111
"Matched preparation pairs",-16.625
"Matched preparation pairs",-12.5172222222222
"Matched preparation pairs",-15.8077777777778
"Matched preparation pairs",-12.1794444444444
"Matched preparation pairs",-10.1133333333333
"Matched preparation pairs",-14.8972222222222
"Matched preparation pairs",-6.665
"Matched preparation pairs",-16.3527777777778
"Matched preparation pairs",-15.1627777777778
"Matched preparation pairs",-20.5455555555556
"Matched preparation pairs",-11.2505555555556
"Matched preparation pairs",-17.9022222222222
"Matched preparation pairs",-17.8777777777778
"Matched preparation pairs",-8.98222222222222
"Matched preparation pairs",-19.7011111111111
"Matched preparation pairs",-13.1816666666667
"Matched preparation pairs",-12.9505555555556
"Matched preparation pairs",-12.5672222222222
"Matched preparation pairs",-16.48
"Matched preparation pairs",-13.9088888888889
"Matched preparation pairs",-17.1555555555556
"Matched preparation pairs",-9.08222222222222
"Matched preparation pairs",-12.825
"Matched preparation pairs",-22.8655555555556
"Matched preparation pairs",-14.8627777777778
"Matched preparation pairs",-17.2222222222222
"Matched preparation pairs",-17.1372222222222
"Matched preparation pairs",-11.3666666666667
"Matched preparation pairs",-10.0361111111111
"Matched preparation pairs",-11.7127777777778
"Matched preparation pairs",-16.0327777777778
"Matched preparation pairs",-6.17444444444445
"Matched preparation pairs",-14.4588888888889
"Matched preparation pairs",-15.2661111111111
"Matched preparation pairs",-12.7544444444444
"Matched preparation pairs",-15.1538888888889
"Matched preparation pairs",-10.3438888888889
"Matched preparation pairs",-9.54111111111111
"Matched preparation pairs",-20.8088888888889
"Matched preparation pairs",-14.0127777777778
"Matched preparation pairs",-27.5677777777778
"Matched preparation pairs",-8.30388888888889
"Matched preparation pairs",-12.4694444444444
"Matched preparation pairs",-7.88000000000001
"Matched preparation pairs",-15.2561111111111
"Matched preparation pairs",-5.37
"Matched preparation pairs",-13.1822222222222
"Matched preparation pairs",-16.6377777777778
"Matched preparation pairs",-7.84166666666666
"Matched preparation pairs",-11.1222222222222
"Matched preparation pairs",-13.2944444444444
"Matched preparation pairs",-10.8044444444444
"Matched preparation pairs",-21.1672222222222
"Matched preparation pairs",-14.4527777777778
"Matched preparation pairs",-15.2944444444444
"Matched preparation pairs",-12.8672222222222
"Matched preparation pairs",-13.0638888888889
"Matched preparation pairs",-10.96
"Matched preparation pairs",-12.9488888888889
"Matched preparation pairs",-12.5216666666667
"Matched preparation pairs",-10.3483333333333
"Matched preparation pairs",-21.4933333333333
"Matched preparation pairs",-14.3733333333333
"Matched preparation pairs",-18.3416666666667
"Matched preparation pairs",-12.5194444444444
"Matched preparation pairs",-11.7827777777778
"Matched preparation pairs",-15.8111111111111
"Matched preparation pairs",-13.5777777777778
"Matched preparation pairs",-8.47055555555556
"Matched preparation pairs",-11.1883333333333
"Matched preparation pairs",-17.2638888888889
"Matched preparation pairs",-14.7533333333333
"Matched preparation pairs",-18.4922222222222
"Matched preparation pairs",-5.97777777777779
"Matched preparation pairs",-4.1988888888889
"Matched preparation pairs",-8.71111111111111
"Matched preparation pairs",-14.2961111111111
"Matched preparation pairs",-12.7161111111111
"Matched preparation pairs",-13.1433333333333
"Matched preparation pairs",-14.4766666666667
"Matched preparation pairs",-9.64944444444445
"Matched preparation pairs",-13.6216666666667
"Matched preparation pairs",-21.5616666666667
"Matched preparation pairs",-12.6533333333333
"Matched preparation pairs",-20.8561111111111
"Matched preparation pairs",-14.3027777777778
"Matched preparation pairs",-14.7083333333333
"Matched preparation pairs",-17.8061111111111
"Matched preparation pairs",-10.7866666666667
"Matched preparation pairs",-9.22888888888889
"Matched preparation pairs",-11.3394444444444
"Matched preparation pairs",-17.2305555555556
"Matched preparation pairs",-20.3116666666667
"Matched preparation pairs",-12.705
"Matched preparation pairs",-10.305
"Matched preparation pairs",-16.6077777777778
"Matched preparation pairs",-9.60888888888888
"Matched preparation pairs",-15.4727777777778
"Matched preparation pairs",-13.8866666666667
"Matched preparation pairs",-19.6161111111111
"Matched preparation pairs",-14.0266666666667
"Matched preparation pairs",-20.2155555555556
"Matched preparation pairs",-19.555
"Matched preparation pairs",-20.5644444444444
"Matched preparation pairs",-14.4055555555556
"Matched preparation pairs",-7.44
"Matched preparation pairs",-18.9144444444444
"Matched preparation pairs",-11.7927777777778
"Matched preparation pairs",-2.82444444444445
"Matched preparation pairs",-21.3561111111111
"Matched preparation pairs",-7.73555555555555
"Matched preparation pairs",-17.91
"Matched preparation pairs",-16.0972222222222
"Matched preparation pairs",-8.17166666666667
"Matched preparation pairs",-14.0861111111111
"Matched preparation pairs",-12.3327777777778
"Matched preparation pairs",-15.2138888888889
"Matched preparation pairs",-16.4811111111111
"Matched preparation pairs",-14.235
"Matched preparation pairs",-14.1933333333333
"Matched preparation pairs",-18.0866666666667
"Matched preparation pairs",-16.9033333333333
"Matched preparation pairs",-9.39
"Matched preparation pairs",-5.70388888888889
"Matched preparation pairs",-13.6872222222222
"Matched preparation pairs",-10.2366666666667
"Matched preparation pairs",-15.2738888888889
"Matched preparation pairs",-17.1255555555556
"Matched preparation pairs",-15.2316666666667
"Matched preparation pairs",-13.9544444444444
"Matched preparation pairs",-17.065
"Matched preparation pairs",-16.2105555555556
"Matched preparation pairs",-8.01444444444444
"Matched preparation pairs",-20.44
"Matched preparation pairs",-12.7333333333333
"Matched preparation pairs",-14.0488888888889
"Matched preparation pairs",-17.4027777777778
"Matched preparation pairs",-15.9172222222222
"Matched preparation pairs",-18.9461111111111
"Matched preparation pairs",-18.6911111111111
"Matched preparation pairs",-12.4433333333333
"Matched preparation pairs",-19.0477777777778
"Matched preparation pairs",-11.86
"Matched preparation pairs",-12.6788888888889
"Matched preparation pairs",-16.2777777777778
"Matched preparation pairs",-14.415
"Matched preparation pairs",-3.63388888888889
"Matched preparation pairs",-11.5522222222222
"Matched preparation pairs",-13.1255555555556
"Matched preparation pairs",-13.7955555555555
"Matched preparation pairs",-25.5077777777778
"Matched preparation pairs",-14.0144444444444
"Matched preparation pairs",-17.2238888888889
"Matched preparation pairs",-15.8655555555556
"Matched preparation pairs",-4.51111111111111
"Matched preparation pairs",-17.3711111111111
"Matched preparation pairs",-8.58722222222222
"Matched preparation pairs",-17.575
"Matched preparation pairs",-15.7116666666667
"Matched preparation pairs",-8.12277777777778
"Matched preparation pairs",-17.35
"Matched preparation pairs",-14.6122222222222
"Matched preparation pairs",-18.0522222222222
"Matched preparation pairs",-16.4372222222222
"Matched preparation pairs",-18.1772222222222
"Matched preparation pairs",-11.9577777777778
"Matched preparation pairs",-17.8405555555556
"Matched preparation pairs",-8.74944444444445
"Matched preparation pairs",-14.17
"Matched preparation pairs",-11.4066666666667
"Matched preparation pairs",-12.6511111111111
"Matched preparation pairs",-20.6166666666667
"Matched preparation pairs",-10.425
"Matched preparation pairs",-18.4066666666667
"Matched preparation pairs",-11.9205555555556
"Matched preparation pairs",-16.8638888888889
"Matched preparation pairs",-17.1705555555556
"Matched preparation pairs",-12.6
"Matched preparation pairs",-16.4361111111111
"Matched preparation pairs",-23.7044444444444
"Matched preparation pairs",-15.4838888888889
"Matched preparation pairs",-11.9205555555556
"Matched preparation pairs",-14.9438888888889
"Matched preparation pairs",-15.0338888888889
"Matched preparation pairs",-16.0222222222222
"Matched preparation pairs",-11.1433333333333
"Matched preparation pairs",-13.8644444444444
"Matched preparation pairs",-17.3272222222222
"Matched preparation pairs",-11.2194444444444
"Matched preparation pairs",-12.5422222222222
"Matched preparation pairs",-15.835
"Matched preparation pairs",-13.4188888888889
"Matched preparation pairs",-12.3333333333333
"Matched preparation pairs",-11.805
"Matched preparation pairs",-14.8505555555556
"Matched preparation pairs",-5.16611111111111
"Matched preparation pairs",-10.4994444444444
"Matched preparation pairs",-10.9433333333333
"Matched preparation pairs",-14.875
"Matched preparation pairs",-11.9766666666667
"Matched preparation pairs",-10.4405555555556
"Matched preparation pairs",-15.7388888888889
"Matched preparation pairs",-12.7561111111111
"Matched preparation pairs",-13.3811111111111
"Matched preparation pairs",-18.0527777777778
"Matched preparation pairs",-13.7261111111111
"Matched preparation pairs",-10.8394444444444
"Matched preparation pairs",-11.0838888888889
"Matched preparation pairs",-15.1655555555556
"Matched preparation pairs",1.08666666666667
"Matched preparation pairs",-10.1938888888889
"Matched preparation pairs",-10.0622222222222
"Matched preparation pairs",-14.66
"Matched preparation pairs",-13.1777777777778
"Matched preparation pairs",-21.6844444444444
"Matched preparation pairs",-13.8361111111111
"Matched preparation pairs",-15.1927777777778
"Matched preparation pairs",-15.4111111111111
"Matched preparation pairs",-11.6322222222222
"Matched preparation pairs",-10.0988888888889
"Matched preparation pairs",-17.3972222222222
"Matched preparation pairs",-9.04888888888888
"Matched preparation pairs",-12.0694444444444
"Matched preparation pairs",-16.0038888888889
"Matched preparation pairs",-24.3122222222222
"Matched preparation pairs",-10.3077777777778
"Matched preparation pairs",-16.4894444444444
"Matched preparation pairs",-15.1788888888889
"Matched preparation pairs",-9.65944444444445
"Matched preparation pairs",-18.7877777777778
"Matched preparation pairs",-9.75944444444444
"Matched preparation pairs",-20.6305555555556
"Matched preparation pairs",-14.1938888888889
"Matched preparation pairs",-10.4477777777778
"Matched preparation pairs",-9.52222222222223
"Matched preparation pairs",-5.72222222222222
"Matched preparation pairs",-16.325
"Matched preparation pairs",-13.1205555555556
"Matched preparation pairs",-10.2105555555556
"Matched preparation pairs",-13.2572222222222
"Matched preparation pairs",-17.0166666666667
"Matched preparation pairs",-11.7327777777778
"Matched preparation pairs",-16.7016666666667
"Matched preparation pairs",-6.99666666666667
"Matched preparation pairs",-4.11722222222223
"Matched preparation pairs",-14.1394444444444
"Matched preparation pairs",-14.9483333333333
"Matched preparation pairs",-16.6172222222222
"Matched preparation pairs",-13.4783333333333
"Matched preparation pairs",-16.9838888888889
"Matched preparation pairs",-13.2761111111111
"Matched preparation pairs",-11.4755555555556
"Matched preparation pairs",-7.68222222222222
"Matched preparation pairs",-17.9755555555555
"Matched preparation pairs",-12.9211111111111
"Matched preparation pairs",-15.2844444444444
"Matched preparation pairs",-12.745
"Matched preparation pairs",-15.2533333333333
"Matched preparation pairs",-19.4477777777778
"Matched preparation pairs",-12.5461111111111
"Matched preparation pairs",-7.82944444444444
"Matched preparation pairs",-9.05166666666667
"Matched preparation pairs",-14.4483333333333
"Matched preparation pairs",-20.23
"Matched preparation pairs",-8.67444444444444
"Matched preparation pairs",-18.9477777777778
"Matched preparation pairs",-15.5622222222222
"Matched preparation pairs",-7.89333333333334
"Matched preparation pairs",-12.8572222222222
"Matched preparation pairs",-18.275
"Matched preparation pairs",-15.4027777777778
"Matched preparation pairs",-15.8366666666667
"Matched preparation pairs",-7.6561111111111
"Matched preparation pairs",-13.4444444444444
"Matched preparation pairs",-15.0455555555556
"Matched preparation pairs",-12.6866666666667
"Matched preparation pairs",-25.1955555555556
"Matched preparation pairs",-14.5316666666667
"Matched preparation pairs",-13.7438888888889
"Matched preparation pairs",-8.535
"Matched preparation pairs",-11.8105555555556
"Matched preparation pairs",-11.3644444444444
"Matched preparation pairs",-18.1294444444444
"Matched preparation pairs",-11.8938888888889
"Matched preparation pairs",-9.53277777777778
"Matched preparation pairs",-18.6822222222222
"Matched preparation pairs",-12.6916666666667
"Matched preparation pairs",-15.9166666666667
"Matched preparation pairs",-6.67222222222223
"Matched preparation pairs",-15.1755555555556
"Matched preparation pairs",-9.44055555555556
"Matched preparation pairs",-21.5044444444444
"Matched preparation pairs",-14.6244444444444
"Matched preparation pairs",-13.9238888888889
"Matched preparation pairs",-18.7666666666667
"Matched preparation pairs",-12.1477777777778
"Matched preparation pairs",-11.9372222222222
"Matched preparation pairs",-11.6388888888889
"Matched preparation pairs",-16.2344444444444
"Matched preparation pairs",-14.03
"Matched preparation pairs",-9.34555555555556
"Matched preparation pairs",-6.81277777777778
"Matched preparation pairs",-8.53055555555555
"Matched preparation pairs",-9.98722222222222
"Matched preparation pairs",-12.9166666666667
"Matched preparation pairs",-15.0694444444444
"Matched preparation pairs",-19.8083333333333
"Matched preparation pairs",-13.7555555555556
"Matched preparation pairs",-17.105
"Matched preparation pairs",-14.3588888888889
"Matched preparation pairs",-13.42
"Matched preparation pairs",-12.9866666666667
"Matched preparation pairs",-12.6405555555556
"Matched preparation pairs",-8.105
"Matched preparation pairs",-14.9116666666667
"Matched preparation pairs",-17.0427777777778
"Matched preparation pairs",-10.66
"Matched preparation pairs",-11.86
"Matched preparation pairs",-12.9522222222222
"Matched preparation pairs",-20.0366666666667
"Matched preparation pairs",-11.9094444444445
"Matched preparation pairs",-22.8516666666667
"Matched preparation pairs",-16.1083333333333
"Matched preparation pairs",-19.735
"Matched preparation pairs",-12.4994444444444
"Matched preparation pairs",-11.8283333333333
"Matched preparation pairs",-18.3577777777778
"Matched preparation pairs",-19.9361111111111
"Matched preparation pairs",-13.5133333333333
"Matched preparation pairs",-18.6277777777778
"Matched preparation pairs",-15.4444444444444
"Matched preparation pairs",-13.0622222222222
"Matched preparation pairs",-13.0533333333333
"Matched preparation pairs",-23.5616666666667
"Matched preparation pairs",-11.9077777777778
"Matched preparation pairs",-9.70555555555555
"Matched preparation pairs",-19.9611111111111
"Matched preparation pairs",-25.4194444444445
"Matched preparation pairs",-12.6327777777778
"Matched preparation pairs",-10.415
"Matched preparation pairs",-12.515
"Matched preparation pairs",-22.9666666666667
"Matched preparation pairs",-13.4666666666667
"Matched preparation pairs",-15.0777777777778
"Matched preparation pairs",-19.2738888888889
"Matched preparation pairs",-7.92666666666666
"Matched preparation pairs",-8.50388888888889
"Matched preparation pairs",-9.67555555555556
"Matched preparation pairs",-15.4572222222222
"Matched preparation pairs",-16.375
"Matched preparation pairs",-13.0227777777778
"Matched preparation pairs",-19.11
"Matched preparation pairs",-13.4572222222222
"Matched preparation pairs",-11.7827777777778
"Matched preparation pairs",-15.2822222222222
"Matched preparation pairs",-14.4494444444445
"Matched preparation pairs",-17.8144444444444
"Matched preparation pairs",-18.7822222222222
"Matched preparation pairs",-5.31611111111111
"Matched preparation pairs",-10.5338888888889
"Matched preparation pairs",-10.8327777777778
"Matched preparation pairs",-9.58722222222222
"Matched preparation pairs",-19.43
"Matched preparation pairs",-14.2516666666667
"Matched preparation pairs",-18.8088888888889
"Matched preparation pairs",-13.0561111111111
"Matched preparation pairs",-13.9894444444444
"Matched preparation pairs",-14.6327777777778
"Matched preparation pairs",-11.7577777777778
"Matched preparation pairs",-12.8261111111111
"Matched preparation pairs",-16.1288888888889
"Matched preparation pairs",-12.8072222222222
"Matched preparation pairs",-14.4772222222222
"Matched preparation pairs",-7.34833333333333
"Matched preparation pairs",-11.8755555555556
"Matched preparation pairs",-15.3283333333333
"Matched preparation pairs",-10.6116666666667
"Matched preparation pairs",-14.7266666666667
"Matched preparation pairs",-10.7188888888889
"Matched preparation pairs",-13.7327777777778
"Matched preparation pairs",-7.40722222222222
"Matched preparation pairs",-9.63944444444444
"Matched preparation pairs",-15.4238888888889
"Matched preparation pairs",-16.5705555555556
"Matched preparation pairs",-20.0355555555556
"Matched preparation pairs",-11.3016666666667
"Matched preparation pairs",-19.3838888888889
"Matched preparation pairs",-11.9083333333333
"Matched preparation pairs",-14.9088888888889
"Matched preparation pairs",-11.425
"Matched preparation pairs",-14.3816666666667
"Matched preparation pairs",-7.21555555555555
"Matched preparation pairs",-21.6488888888889
"Matched preparation pairs",-8.96333333333334
"Matched preparation pairs",-19.5833333333333
"Matched preparation pairs",-21.9066666666667
"Matched preparation pairs",-20.1066666666667
"Matched preparation pairs",-19.7088888888889
"Matched preparation pairs",-15.1033333333333
"Matched preparation pairs",-16.1788888888889
"Matched preparation pairs",-15.6883333333333
"Matched preparation pairs",-18.6627777777778
"Matched preparation pairs",-6.18777777777777
"Matched preparation pairs",-16.6333333333333
"Matched preparation pairs",-14.6761111111111
"Matched preparation pairs",-7.89944444444445
"Matched preparation pairs",-14.7511111111111
"Matched preparation pairs",-3.93444444444444
"Matched preparation pairs",-18.215
"Matched preparation pairs",-19.4933333333333
"Matched preparation pairs",-16.5816666666667
"Matched preparation pairs",-10.2894444444444
"Matched preparation pairs",-14.4922222222222
"Matched preparation pairs",-22.6088888888889
"Matched preparation pairs",-16.02
"Matched preparation pairs",-16.9361111111111
"Matched preparation pairs",-16.0427777777778
"Matched preparation pairs",-10.2094444444444
"Matched preparation pairs",-20.1194444444444
"Matched preparation pairs",-15.1144444444444
"Matched preparation pairs",-19.1077777777778
"Matched preparation pairs",-16.6444444444444
"Matched preparation pairs",-12.3194444444444
"Matched preparation pairs",-13.485
"Matched preparation pairs",-16.0911111111111
"Matched preparation pairs",-21.1977777777778
"Matched preparation pairs",-18.1477777777778
"Matched preparation pairs",-20.31
"Matched preparation pairs",-13.2427777777778
"Matched preparation pairs",-12.6733333333333
"Matched preparation pairs",-17.075
"Matched preparation pairs",-9.83777777777778
"Matched preparation pairs",-20.8294444444444
"Matched preparation pairs",-13.7216666666667
"Matched preparation pairs",-13.9083333333333
"Matched preparation pairs",-22.6666666666667
"Matched preparation pairs",-12.105
"Matched preparation pairs",-7.95111111111111
"Matched preparation pairs",-20.5872222222222
"Matched preparation pairs",-12.355
"Matched preparation pairs",-12.8833333333333
"Matched preparation pairs",-12.2127777777778
"Matched preparation pairs",-12.2488888888889
"Matched preparation pairs",-14.4061111111111
"Matched preparation pairs",-3.41722222222223
"Matched preparation pairs",-8.50722222222222
"Matched preparation pairs",-11.9227777777778
"Matched preparation pairs",-13.8655555555556
"Matched preparation pairs",-17.9094444444444
"Matched preparation pairs",-17.0461111111111
"Matched preparation pairs",-8.66666666666667
"Matched preparation pairs",-13.7111111111111
"Matched preparation pairs",-18.1183333333333
"Matched preparation pairs",-16.9516666666667
"Matched preparation pairs",-10.4011111111111
"Matched preparation pairs",-11.3011111111111
"Matched preparation pairs",-8.11444444444445
"Matched preparation pairs",-18.6833333333333
"Matched preparation pairs",-9.45944444444445
"Matched preparation pairs",-16.8194444444444
"Matched preparation pairs",-7.87833333333333
"Matched preparation pairs",-6.62722222222222
"Matched preparation pairs",-13.1066666666667
"Matched preparation pairs",-10.9872222222222
"Matched preparation pairs",-11.385
"Matched preparation pairs",-19.1616666666667
"Matched preparation pairs",-16.1333333333333
"Matched preparation pairs",-11.0533333333333
"Matched preparation pairs",-14.5105555555556
"Matched preparation pairs",-19.145
"Matched preparation pairs",-18.2627777777778
"Matched preparation pairs",-14.7788888888889
"Matched preparation pairs",-19.0972222222222
"Matched preparation pairs",-19.3116666666667
"Matched preparation pairs",-6.55277777777777
"Matched preparation pairs",-13.6194444444444
"Matched preparation pairs",-18.82
"Matched preparation pairs",-12.1766666666667
"Matched preparation pairs",-15.9594444444444
"Matched preparation pairs",-14.6333333333333
"Matched preparation pairs",-4.28444444444444
"Matched preparation pairs",-14.5838888888889
"Matched preparation pairs",-17.9016666666667
"Matched preparation pairs",-9.61333333333334
"Matched preparation pairs",-7.94388888888889
"Matched preparation pairs",-14.7116666666667
"Matched preparation pairs",-5.68277777777778
"Matched preparation pairs",-11.8933333333333
"Matched preparation pairs",-21.06
"Matched preparation pairs",-11.9827777777778
"Matched preparation pairs",-10.2811111111111
"Matched preparation pairs",-10.6427777777778
"Matched preparation pairs",-15.1166666666667
"Matched preparation pairs",-18.6711111111111
"Matched preparation pairs",-22.7016666666667
"Matched preparation pairs",-19.35
"Matched preparation pairs",-14.5583333333333
"Matched preparation pairs",-11.9644444444444
"Matched preparation pairs",-13.5338888888889
"Matched preparation pairs",-18.0522222222222
"Matched preparation pairs",-11.9861111111111
"Matched preparation pairs",-12.3222222222222
"Matched preparation pairs",-17.8838888888889
"Matched preparation pairs",-10.79
"Matched preparation pairs",-7.98333333333333
"Matched preparation pairs",-13.1644444444445
"Matched preparation pairs",-14.0733333333333
"Matched preparation pairs",-5.96888888888889
"Matched preparation pairs",-19.6694444444444
"Matched preparation pairs",-9.95388888888889
"Matched preparation pairs",-14.3772222222222
"Matched preparation pairs",-16.0327777777778
"Matched preparation pairs",-17.5594444444444
"Matched preparation pairs",-13.4316666666667
"Matched preparation pairs",-17.32
"Matched preparation pairs",-14.12
"Matched preparation pairs",-11.2161111111111
"Matched preparation pairs",-11.1988888888889
"Matched preparation pairs",-10.6366666666667
"Matched preparation pairs",-9.10277777777778
"Matched preparation pairs",-9.71388888888889
"Matched preparation pairs",-16.1772222222222
"Matched preparation pairs",-13.2261111111111
"Matched preparation pairs",-15.9505555555556
"Matched preparation pairs",-8.32444444444444
"Matched preparation pairs",-15.6688888888889
"Matched preparation pairs",-13.1561111111111
"Matched preparation pairs",-20.1277777777778
"Matched preparation pairs",-18.1622222222222
"Matched preparation pairs",-14.7616666666667
"Matched preparation pairs",-19.8438888888889
"Matched preparation pairs",-10.2427777777778
"Matched preparation pairs",-16.4227777777778
"Matched preparation pairs",-10.3044444444444
"Matched preparation pairs",-13.3077777777778
"Matched preparation pairs",-15.9316666666667
"Matched preparation pairs",-13.8927777777778
"Matched preparation pairs",-20.6922222222222
"Matched preparation pairs",-22.6705555555556
"Matched preparation pairs",-13.8416666666667
"Matched preparation pairs",-21.47
"Matched preparation pairs",-11.7577777777778
"Matched preparation pairs",-11.7477777777778
"Matched preparation pairs",-15.6272222222222
"Matched preparation pairs",-14.9305555555556
"Matched preparation pairs",-9.82611111111111
"Matched preparation pairs",-14.1272222222222
"Matched preparation pairs",-15.4055555555556
"Matched preparation pairs",-12.0127777777778
"Matched preparation pairs",-9.51333333333334
"Matched preparation pairs",-11.9883333333333
"Matched preparation pairs",-16.2011111111111
"Matched preparation pairs",-12.335
"Matched preparation pairs",-17.5805555555556
"Matched preparation pairs",-15.0094444444444
"Matched preparation pairs",-12.9427777777778
"Matched preparation pairs",-17.0161111111111
"Matched preparation pairs",-11.2283333333333
"Matched preparation pairs",-18.825
"Matched preparation pairs",-8.66944444444445
"Matched preparation pairs",-11.7194444444445
"Matched preparation pairs",-9.16111111111111
"Matched preparation pairs",-19.6966666666667
"Matched preparation pairs",-18.4411111111111
"Matched preparation pairs",-19.8111111111111
"Matched preparation pairs",-11.6905555555556
"Matched preparation pairs",-15.2833333333333
"Matched preparation pairs",-11.4211111111111
"Matched preparation pairs",-15.7905555555556
"Matched preparation pairs",-14.3511111111111
"Matched preparation pairs",-17.2183333333333
"Matched preparation pairs",-17.6566666666667
"Matched preparation pairs",-12.6772222222222
"Matched preparation pairs",-15.005
"Matched preparation pairs",-23.1494444444444
"Matched preparation pairs",-16.0861111111111
"Matched preparation pairs",-14.3844444444444
"Matched preparation pairs",-15.3794444444444
"Matched preparation pairs",-18.1977777777778
"Matched preparation pairs",-4.33
"Matched preparation pairs",-12.8977777777778
"Matched preparation pairs",-12.9494444444444
"Matched preparation pairs",-14.6161111111111
"Matched preparation pairs",-12.2888888888889
"Matched preparation pairs",-18.3727777777778
"Matched preparation pairs",-15.3383333333333
"Matched preparation pairs",-7.51
"Matched preparation pairs",-16.6394444444444
"Matched preparation pairs",-11.3377777777778
"Matched preparation pairs",-19.0727777777778
"Matched preparation pairs",-11.9488888888889
"Matched preparation pairs",-15.5461111111111
"Matched preparation pairs",-14.815
"Matched preparation pairs",-10.1355555555556
"Matched preparation pairs",-8.19777777777777
"Matched preparation pairs",-15.435
"Matched preparation pairs",-17.6783333333333
"Matched preparation pairs",-14.1755555555555
"Matched preparation pairs",-13.1627777777778
"Matched preparation pairs",-10.2427777777778
"Matched preparation pairs",-11.6733333333333
"Matched preparation pairs",-8.44
"Matched preparation pairs",-16.4822222222222
"Matched preparation pairs",-8.73888888888889
"Matched preparation pairs",-12.3255555555556
"Matched preparation pairs",-18.2177777777778
"Matched preparation pairs",-16.105
"Matched preparation pairs",-20.0383333333333
"Matched preparation pairs",-16.4927777777778
"Matched preparation pairs",-17.0405555555556
"Matched preparation pairs",-15.8061111111111
"Matched preparation pairs",-18.4444444444444
"Matched preparation pairs",-10.7288888888889
"Matched preparation pairs",-13.1994444444444
"Matched preparation pairs",-14.0594444444444
"Matched preparation pairs",-14.6133333333333
"Matched preparation pairs",-10.2116666666667
"Matched preparation pairs",-13.2822222222222
"Matched preparation pairs",-18.6105555555556
"Matched preparation pairs",-23.7633333333333
"Matched preparation pairs",-18.3327777777778
"Matched preparation pairs",-5.1
"Matched preparation pairs",-15.5194444444444
"Matched preparation pairs",-10.745
"Matched preparation pairs",-10.7422222222222
"Matched preparation pairs",-7.77500000000001
"Matched preparation pairs",-6.33944444444444
"Matched preparation pairs",-7.56944444444445
"Matched preparation pairs",-9.87055555555555
"Matched preparation pairs",-16.0327777777778
"Matched preparation pairs",-10.8244444444444
"Matched preparation pairs",-14.4405555555556
"Matched preparation pairs",-15.2283333333333
"Matched preparation pairs",-21.8127777777778
"Matched preparation pairs",-11.31
"Matched preparation pairs",-16.2338888888889
"Matched preparation pairs",-14.295
"Matched preparation pairs",-10.235
"Matched preparation pairs",-11.4566666666667
"Matched preparation pairs",-8.79833333333333
"Matched preparation pairs",-13.28
"Matched preparation pairs",-13.4627777777778
"Matched preparation pairs",-13.89
"Matched preparation pairs",-19.2655555555556
"Matched preparation pairs",-16.0172222222222
"Matched preparation pairs",-20.6227777777778
"Matched preparation pairs",-17.355
"Matched preparation pairs",-9.3788888888889
"Matched preparation pairs",-11.8361111111111
"Matched preparation pairs",-20.7394444444444
"Matched preparation pairs",-10.7522222222222
"Matched preparation pairs",-8.05444444444445
"Matched preparation pairs",-9.64055555555556
"Matched preparation pairs",-18.4
"Matched preparation pairs",-9.62944444444445
"Matched preparation pairs",-14.7438888888889
"Matched preparation pairs",-11.8266666666667
"Matched preparation pairs",-13.7077777777778
"Matched preparation pairs",-14.5461111111111
"Matched preparation pairs",-17.2538888888889
"Matched preparation pairs",-13.4194444444444
"Matched preparation pairs",-17.0961111111111
"Matched preparation pairs",-14.4783333333333
"Matched preparation pairs",-12.5116666666667
"Matched preparation pairs",-15.8616666666667
"Matched preparation pairs",-16.865
"Matched preparation pairs",-16.7627777777778
"Matched preparation pairs",-17.2255555555556
"Matched preparation pairs",-13.5377777777778
"Matched preparation pairs",-12.8666666666667
"Matched preparation pairs",-12.6388888888889
"Matched preparation pairs",-12.6716666666667
"Matched preparation pairs",-13.9244444444444
"Matched preparation pairs",-22.1772222222222
"Matched preparation pairs",-14.2722222222222
"Matched preparation pairs",-11.215
"Matched preparation pairs",-17.5055555555556
"Matched preparation pairs",-19.7994444444444
"Matched preparation pairs",-14.1766666666667
"Matched preparation pairs",-16.9816666666667
"Matched preparation pairs",-14.4172222222222
"Matched preparation pairs",-19.5438888888889
"Matched preparation pairs",-12.5922222222222
"Matched preparation pairs",-17.1583333333333
"Matched preparation pairs",-21.4244444444444
"Matched preparation pairs",-6.28611111111111
"Matched preparation pairs",-17.6566666666667
"Matched preparation pairs",-19.0622222222222
"Matched preparation pairs",-17.7883333333333
"Matched preparation pairs",-15.5727777777778
"Matched preparation pairs",-10.0438888888889
"Matched preparation pairs",-16.7022222222222
"Matched preparation pairs",-15.5305555555556
"Matched preparation pairs",-17.1383333333333
"Matched preparation pairs",-12.0511111111111
"Matched preparation pairs",-18.3383333333333
"Matched preparation pairs",-14.1127777777778
"Matched preparation pairs",-9.49555555555555
"Matched preparation pairs",-14.4722222222222
"Matched preparation pairs",-23.1677777777778
"Matched preparation pairs",-8.32833333333333
"Matched preparation pairs",-3.59611111111111
"Matched preparation pairs",-16.0322222222222
"Matched preparation pairs",-20.9127777777778
"Matched preparation pairs",-19.0722222222222
"Matched preparation pairs",-17.4611111111111
"Matched preparation pairs",-18.2483333333333
"Matched preparation pairs",-10.0833333333333
"Matched preparation pairs",-15.9644444444444
"Matched preparation pairs",-9.79
"Matched preparation pairs",-10.9644444444444
"Matched preparation pairs",-15.1683333333333
"Matched preparation pairs",-10.8027777777778
"Matched preparation pairs",-8.71777777777778
"Matched preparation pairs",-9.06166666666667
"Matched preparation pairs",-17.9433333333333
"Matched preparation pairs",-14.0111111111111
"Matched preparation pairs",-15.6422222222222
"Matched preparation pairs",-14.5127777777778
"Matched preparation pairs",-24.0372222222222
"Matched preparation pairs",-19.6427777777778
"Matched preparation pairs",-16.3666666666667
"Matched preparation pairs",-11.4933333333333
"Matched preparation pairs",-16.1494444444444
"Matched preparation pairs",-14.1705555555556
"Matched preparation pairs",-14.7311111111111
"Matched preparation pairs",-13.5072222222222
"Matched preparation pairs",-13.8066666666667
"Matched preparation pairs",-20.9838888888889
"Matched preparation pairs",-11.6194444444444
"Matched preparation pairs",-8.95055555555556
"Matched preparation pairs",-9.5661111111111
"Matched preparation pairs",-9.83333333333333
"Matched preparation pairs",-18.1483333333333
"Matched preparation pairs",-15.3088888888889
"Matched preparation pairs",-16.1061111111111
"Matched preparation pairs",-17.2416666666667
"Matched preparation pairs",-15.2666666666667
"Matched preparation pairs",-15.1227777777778
"Matched preparation pairs",-24.8366666666667
"Matched preparation pairs",-14.9083333333333
"Matched preparation pairs",-18.0872222222222
"Matched preparation pairs",-13.9866666666667
"Matched preparation pairs",-7.90333333333333
"Matched preparation pairs",-9.88333333333333
"Matched preparation pairs",-13.5083333333333
"Matched preparation pairs",-13.5194444444444
"Matched preparation pairs",-10.6905555555555
"Matched preparation pairs",-10.765
"Matched preparation pairs",-9.60333333333334
"Matched preparation pairs",-9.88777777777777
"Matched preparation pairs",-15.7683333333333
"Matched preparation pairs",-14.8638888888889
"Matched preparation pairs",-7.53944444444444
"Matched preparation pairs",-13.79
"Matched preparation pairs",-13.7183333333333
"Matched preparation pairs",-19.3383333333333
"Matched preparation pairs",-17.0816666666667
"Matched preparation pairs",-22.8888888888889
"Matched preparation pairs",-10.8211111111111
"Matched preparation pairs",-10.3838888888889
"Matched preparation pairs",-20.2122222222222
"Matched preparation pairs",-17.2627777777778
"Matched preparation pairs",-13.3594444444444
"Matched preparation pairs",-9.45388888888888
"Matched preparation pairs",-16.9588888888889
"Matched preparation pairs",-13.4538888888889
"Matched preparation pairs",-15.6455555555556
"Matched preparation pairs",-15.1716666666667
"Matched preparation pairs",-13.4616666666667
"Matched preparation pairs",-10.75
"Matched preparation pairs",-11.4522222222222
"Matched preparation pairs",-7.63
"Matched preparation pairs",-8.44055555555556
"Matched preparation pairs",-9.04777777777777
"Matched preparation pairs",-11.0811111111111
"Matched preparation pairs",-11.1861111111111
"Matched preparation pairs",-12.0188888888889
"Matched preparation pairs",-19.3266666666667
"Matched preparation pairs",-10.4555555555556
"Matched preparation pairs",-11.7138888888889
"Matched preparation pairs",-16.2244444444444
"Matched preparation pairs",-11.4683333333333
"Matched preparation pairs",-15.0166666666667
"Matched preparation pairs",-15.3994444444444
"Matched preparation pairs",-15.3105555555556
"Matched preparation pairs",-11.8655555555556
"Matched preparation pairs",-12.6588888888889
"Matched preparation pairs",-8.84722222222224
"Matched preparation pairs",-11.2744444444444
"Matched preparation pairs",-13.8794444444444
"Matched preparation pairs",-13.6177777777778
"Matched preparation pairs",-20.2905555555556
"Matched preparation pairs",-18.5611111111111
"Matched preparation pairs",-17.16
"Matched preparation pairs",-14.7755555555556
"Matched preparation pairs",-11.8627777777778
"Matched preparation pairs",-11.4133333333333
"Matched preparation pairs",-10.815
"Matched preparation pairs",-14.7316666666667
"Matched preparation pairs",-9.50555555555557
"Matched preparation pairs",-15.4783333333333
"Matched preparation pairs",-18.4372222222222
"Matched preparation pairs",-18.895
"Matched preparation pairs",-9.92222222222223
"Matched preparation pairs",-13.0027777777778
"Matched preparation pairs",-18.7527777777778
"Matched preparation pairs",-12.465
"Matched preparation pairs",-15.7255555555556
"Matched preparation pairs",-15.5372222222222
"Matched preparation pairs",-9.42833333333333
"Matched preparation pairs",-13.0588888888889
"Matched preparation pairs",-12.0661111111111
"Matched preparation pairs",-14.4277777777778
"Matched preparation pairs",-20.0394444444444
"Matched preparation pairs",-12.4327777777778
"Matched preparation pairs",-19.8566666666667
"Matched preparation pairs",-20.1827777777778
"Matched preparation pairs",-18.5788888888889
"Matched preparation pairs",-11.9527777777778
"Matched preparation pairs",-19.2861111111111
"Matched preparation pairs",-4.43888888888889
"Matched preparation pairs",-13.1705555555556
"Matched preparation pairs",-11.26
"Matched preparation pairs",-17.1372222222222
"Matched preparation pairs",-16.9377777777778
"Matched preparation pairs",-6.97944444444445
"Matched preparation pairs",-16.4266666666667
"Matched preparation pairs",-8.93111111111111
"Matched preparation pairs",-13.4477777777778
"Matched preparation pairs",-14.9594444444445
"Matched preparation pairs",-17.4911111111111
"Matched preparation pairs",-18.055
"Matched preparation pairs",-11.5366666666667
"Matched preparation pairs",-10.03
"Matched preparation pairs",-19.5277777777778
"Matched preparation pairs",-11.7661111111111
"Matched preparation pairs",-7.22
"Matched preparation pairs",-17.2761111111111
"Matched preparation pairs",-5.84611111111112
"Matched preparation pairs",-9.90722222222222
"Matched preparation pairs",-14.1311111111111
"Matched preparation pairs",-14.91
"Matched preparation pairs",-9.73
"Matched preparation pairs",-12.35
"Matched preparation pairs",-19.7644444444444
"Matched preparation pairs",-18.5994444444445
"Matched preparation pairs",-20.2638888888889
"Matched preparation pairs",-21.9122222222222
"Matched preparation pairs",-8.93222222222222
"Matched preparation pairs",-22.5238888888889
"Matched preparation pairs",-4.82444444444445
"Matched preparation pairs",-13.6666666666667
"Matched preparation pairs",-15.7622222222222
"Matched preparation pairs",-11.2844444444444
"Matched preparation pairs",-18.64
"Matched preparation pairs",-14.6311111111111
"Matched preparation pairs",-10.5472222222222
"Matched preparation pairs",-10.9411111111111
"Matched preparation pairs",-10.0705555555556
"Matched preparation pairs",-11.8005555555556
"Matched preparation pairs",-12.5377777777778
"Matched preparation pairs",-18.7122222222222
"Matched preparation pairs",-13.9777777777778
"Matched preparation pairs",-11.8933333333333
"Matched preparation pairs",-14.5788888888889
"Matched preparation pairs",-9.59666666666667
"Matched preparation pairs",-15.6816666666667
"Matched preparation pairs",-11.0172222222222
"Matched preparation pairs",-18.8361111111111
"Matched preparation pairs",-9.20944444444444
"Matched preparation pairs",-14.1272222222222
"Matched preparation pairs",-18.2827777777778
"Matched preparation pairs",-7.26444444444444
"Matched preparation pairs",-9.54166666666667
"Matched preparation pairs",-16.0405555555556
"Matched preparation pairs",-12.7611111111111
"Matched preparation pairs",-9.71111111111111
"Matched preparation pairs",-8.44166666666666
"Matched preparation pairs",-17.835
"Matched preparation pairs",-9.86833333333334
"Matched preparation pairs",-13.6977777777778
"Matched preparation pairs",-13.9044444444444
"Matched preparation pairs",-16.4644444444444
"Matched preparation pairs",-6.27777777777777
"Matched preparation pairs",-10.1066666666667
"Matched preparation pairs",-9.27500000000001
"Matched preparation pairs",-10.5027777777778
"Matched preparation pairs",-10.8527777777778
"Matched preparation pairs",-20.0483333333333
"Matched preparation pairs",-16.6333333333333
"Matched preparation pairs",-13.05
"Matched preparation pairs",-19.3366666666667
"Matched preparation pairs",-16.3927777777778
"Matched preparation pairs",-20.0127777777778
"Matched preparation pairs",-11.4033333333333
"Matched preparation pairs",-3.21722222222222
"Matched preparation pairs",-14.4211111111111
"Matched preparation pairs",-18.5355555555556
"Matched preparation pairs",-13.47
"Matched preparation pairs",-9.995
"Matched preparation pairs",-16.2266666666667
"Matched preparation pairs",-15.2283333333333
"Matched preparation pairs",-13.6038888888889
"Matched preparation pairs",-14.5644444444444
"Matched preparation pairs",-10.63
"Matched preparation pairs",-17.7388888888889
"Matched preparation pairs",-19.1083333333333
"Matched preparation pairs",-6.61555555555554
"Matched preparation pairs",-18.775
"Matched preparation pairs",-11.8461111111111
"Matched preparation pairs",-9.98444444444444
"Matched preparation pairs",-14.4588888888889
"Matched preparation pairs",-12.0072222222222
"Matched preparation pairs",-21.2822222222222
"Matched preparation pairs",-15.5272222222222
"Matched preparation pairs",-6.07611111111112
"Matched preparation pairs",-11.7616666666667
"Matched preparation pairs",-15.6294444444444
"Matched preparation pairs",-15.2138888888889
"Matched preparation pairs",-15.5411111111111
"Matched preparation pairs",-15.5488888888889
"Matched preparation pairs",-10.9388888888889
"Matched preparation pairs",-6.15722222222222
"Matched preparation pairs",-11.4605555555556
"Matched preparation pairs",-13.4416666666667
"Matched preparation pairs",-16.9033333333333
"Matched preparation pairs",-16.8294444444444
"Matched preparation pairs",-18.3044444444444
"Matched preparation pairs",-20.8705555555556
"Matched preparation pairs",-16.3688888888889
"Matched preparation pairs",-8.88611111111111
"Matched preparation pairs",-16.3877777777778
"Matched preparation pairs",-16.6322222222222
"Matched preparation pairs",-11.0344444444444
"Matched preparation pairs",-18.3083333333333
"Matched preparation pairs",-18.1761111111111
"Matched preparation pairs",-18.9438888888889
"Matched preparation pairs",-8.52166666666667
"Matched preparation pairs",-5.905
"Matched preparation pairs",-13.5272222222222
"Matched preparation pairs",-11.7105555555556
"Matched preparation pairs",-8.82333333333334
"Matched preparation pairs",-14.4033333333333
"Matched preparation pairs",-10.0044444444444
"Matched preparation pairs",-18.8866666666667
"Matched preparation pairs",-14.6755555555555
"Matched preparation pairs",-14.9838888888889
"Matched preparation pairs",-18.1266666666667
"Matched preparation pairs",-10.0416666666667
"Matched preparation pairs",-12.2705555555556
"Matched preparation pairs",-13.815
"Matched preparation pairs",-12.8961111111111
"Matched preparation pairs",-21.5683333333333
"Matched preparation pairs",-15.4855555555556
"Matched preparation pairs",-11.6922222222222
"Matched preparation pairs",-16.8144444444444
"Matched preparation pairs",-6.75555555555556
"Matched preparation pairs",-16.1461111111111
"Matched preparation pairs",-12.2077777777778
"Matched preparation pairs",-8.02166666666666
"Matched preparation pairs",-19.8083333333333
"Matched preparation pairs",-7.47722222222222
"Matched preparation pairs",-7.51944444444445
"Matched preparation pairs",-10.3794444444445
"Matched preparation pairs",-14.6888888888889
"Matched preparation pairs",-24.7711111111111
"Matched preparation pairs",-10.0777777777778
"Matched preparation pairs",-18.5866666666667
"Matched preparation pairs",-11.3555555555556
"Matched preparation pairs",-12.3755555555556
"Matched preparation pairs",-10.7855555555556
"Matched preparation pairs",-12.09
"Matched preparation pairs",-14.2938888888889
"Matched preparation pairs",-18.26
"Matched preparation pairs",-13.9788888888889
"Matched preparation pairs",-12.9838888888889
"Matched preparation pairs",-9.885
"Matched preparation pairs",-17.9733333333333
"Matched preparation pairs",-15.5972222222222
"Matched preparation pairs",-16.4911111111111
"Matched preparation pairs",-12.5188888888889
"Matched preparation pairs",-12.37
"Matched preparation pairs",-21.9916666666667
"Matched preparation pairs",-9.98722222222222
"Matched preparation pairs",-13.5833333333333
"Matched preparation pairs",-12.6788888888889
"Matched preparation pairs",-24.02
"Matched preparation pairs",-20.8438888888889
"Matched preparation pairs",-16.7672222222222
"Matched preparation pairs",-13.8316666666667
"Matched preparation pairs",-11.2311111111111
"Matched preparation pairs",-18.7683333333333
"Matched preparation pairs",-8.76111111111111
"Matched preparation pairs",-25.6522222222222
"Matched preparation pairs",-14.7577777777778
"Matched preparation pairs",-14.18
"Matched preparation pairs",-11.2261111111111
"Matched preparation pairs",-18.2588888888889
"Matched preparation pairs",-5.16999999999999
"Matched preparation pairs",-9.15444444444445
"Matched preparation pairs",-16.6944444444444
"Matched preparation pairs",-16.3194444444444
"Matched preparation pairs",-19.5277777777778
"Matched preparation pairs",-12.1794444444444
"Matched preparation pairs",-21.3911111111111
"Matched preparation pairs",-16.7672222222222
"Matched preparation pairs",-13.4444444444444
"Matched preparation pairs",-9.28222222222222
"Matched preparation pairs",-18.4105555555556
"Matched preparation pairs",-18.6172222222222
"Matched preparation pairs",-15.9716666666667
"Matched preparation pairs",-10.3994444444445
"Matched preparation pairs",-20.8222222222222
"Matched preparation pairs",-12.7466666666667
"Matched preparation pairs",-18.7555555555556
"Matched preparation pairs",-20.4
"Matched preparation pairs",-5.41222222222223
"Matched preparation pairs",-12.1144444444444
"Matched preparation pairs",-16.0883333333333
"Matched preparation pairs",-9.96444444444444
"Matched preparation pairs",-26.1677777777778
"Matched preparation pairs",-12.8288888888889
"Matched preparation pairs",-10.2538888888889
"Matched preparation pairs",-19.5522222222222
"Matched preparation pairs",-18.8016666666667
"Matched preparation pairs",-13.4694444444444
"Matched preparation pairs",-15.1111111111111
"Matched preparation pairs",-17.6977777777778
"Matched preparation pairs",-16.525
"Matched preparation pairs",-14.8666666666667
"Matched preparation pairs",-17.1705555555556
"Matched preparation pairs",-13.8244444444444
"Matched preparation pairs",-12.4355555555556
"Matched preparation pairs",-14.655
"Matched preparation pairs",-14.79
"Matched preparation pairs",-12.9683333333333
"Matched preparation pairs",-5.50222222222223
"Matched preparation pairs",-11.1477777777778
"Matched preparation pairs",-16.7927777777778
"Matched preparation pairs",-20.4216666666667
"Matched preparation pairs",-13.82
"Matched preparation pairs",-19.7388888888889
"Matched preparation pairs",-20.5883333333333
"Matched preparation pairs",-6.94111111111112
"Matched preparation pairs",-19.5188888888889
"Matched preparation pairs",-14.9177777777778
"Matched preparation pairs",-15.9122222222222
"Matched preparation pairs",-18.8511111111111
"Matched preparation pairs",-19.7477777777778
"Matched preparation pairs",-15.4211111111111
"Matched preparation pairs",-7.5
"Matched preparation pairs",-10.2272222222222
"Matched preparation pairs",-15.4255555555556
"Matched preparation pairs",-14.7994444444444
"Matched preparation pairs",-16.1611111111111
"Matched preparation pairs",-12.6594444444444
"Matched preparation pairs",-15.1222222222222
"Matched preparation pairs",-11.1355555555556
"Matched preparation pairs",-11.1838888888889
"Matched preparation pairs",-16.6711111111111
"Matched preparation pairs",-15.6177777777778
"Matched preparation pairs",-15.4483333333333
"Matched preparation pairs",-8.29611111111111
"Matched preparation pairs",-14.1133333333333
"Matched preparation pairs",-8.64222222222222
"Matched preparation pairs",-13.91
"Matched preparation pairs",-14.3066666666667
"Matched preparation pairs",-17.7711111111111
"Matched preparation pairs",-18.6994444444444
"Matched preparation pairs",-5.11555555555555
"Matched preparation pairs",-15.7116666666667
"Matched preparation pairs",-20.4194444444444
"Matched preparation pairs",-15.6711111111111
"Matched preparation pairs",-8.22333333333334
"Matched preparation pairs",-16.1316666666667
"Matched preparation pairs",-16.1322222222222
"Matched preparation pairs",-14.0761111111111
"Matched preparation pairs",-10.6916666666667
"Matched preparation pairs",-17.4083333333333
"Matched preparation pairs",-20.5144444444444
"Matched preparation pairs",-14.0938888888889
"Matched preparation pairs",-16.9738888888889
"Matched preparation pairs",-22.7372222222222
"Matched preparation pairs",-9.18000000000001
"Matched preparation pairs",-13.9322222222222
"Matched preparation pairs",-18.6022222222222
"Matched preparation pairs",-15.2294444444444
"Matched preparation pairs",-7.32722222222223
"Matched preparation pairs",-16.8066666666667
"Matched preparation pairs",-18.1366666666667
"Matched preparation pairs",-11.9888888888889
"Matched preparation pairs",-15.8844444444444
"Matched preparation pairs",-14.105
"Matched preparation pairs",-14.785
"Matched preparation pairs",-17.4727777777778
"Matched preparation pairs",-17.9011111111111
"Matched preparation pairs",-8.84
"Matched preparation pairs",-15.21
"Matched preparation pairs",-7.31388888888889
"Matched preparation pairs",-15.9038888888889
"Matched preparation pairs",-15.1788888888889
"Matched preparation pairs",-17.0411111111111
"Matched preparation pairs",-19.4611111111111
"Matched preparation pairs",-13.0916666666667
"Matched preparation pairs",-21.9988888888889
"Matched preparation pairs",-4.49055555555556
"Matched preparation pairs",-9.42222222222222
"Matched preparation pairs",-5.04555555555556
"Matched preparation pairs",-14.6855555555556
"Matched preparation pairs",-16.8955555555556
"Matched preparation pairs",-19.1955555555556
"Matched preparation pairs",-6.02444444444445
"Matched preparation pairs",-16.7322222222222
"Matched preparation pairs",-13.1127777777778
"Matched preparation pairs",-22.2855555555556
"Matched preparation pairs",-17.7783333333333
"Matched preparation pairs",-19.8805555555556
"Matched preparation pairs",-15.505
"Matched preparation pairs",-13.6644444444444
"Matched preparation pairs",-10.1227777777778
"Matched preparation pairs",-16.505
"Matched preparation pairs",-20.1605555555556
"Matched preparation pairs",-20.4983333333333
"Matched preparation pairs",-15.8527777777778
"Matched preparation pairs",-21.9561111111111
"Matched preparation pairs",-12.2077777777778
"Matched preparation pairs",-18.35
"Matched preparation pairs",-24.6133333333333
"Matched preparation pairs",-7.98722222222222
"Matched preparation pairs",-19.2588888888889
"Matched preparation pairs",-12.0316666666667
"Matched preparation pairs",-20.1061111111111
"Matched preparation pairs",-12.7511111111111
"Matched preparation pairs",-19.0344444444444
"Matched preparation pairs",-20.9266666666667
"Matched preparation pairs",-13.1627777777778
"Matched preparation pairs",-14.1738888888889
"Matched preparation pairs",-23.2705555555556
"Matched preparation pairs",-9.73666666666666
"Matched preparation pairs",-18.3161111111111
"Matched preparation pairs",-17.1955555555556
"Matched preparation pairs",-13.2561111111111
"Matched preparation pairs",-18.3394444444444
"Matched preparation pairs",-10.455
"Matched preparation pairs",-17.9588888888889
"Matched preparation pairs",-12.9183333333333
"Matched preparation pairs",-10.7005555555556
"Matched preparation pairs",-5.48722222222222
"Matched preparation pairs",-12.1155555555556
"Matched preparation pairs",-16.84
"Matched preparation pairs",-11.6788888888889
"Matched preparation pairs",-16.065
"Matched preparation pairs",-11.9483333333333
"Matched preparation pairs",-9.10222222222223
"Matched preparation pairs",-23.995
"Matched preparation pairs",-16.4411111111111
"Matched preparation pairs",-17.5705555555556
"Matched preparation pairs",-11.7444444444444
"Matched preparation pairs",-10.1261111111111
"Matched preparation pairs",-22.0016666666667
"Matched preparation pairs",-14.0777777777778
"Matched preparation pairs",-12.1811111111111
"Matched preparation pairs",-8.91555555555556
"Matched preparation pairs",-8.21722222222222
"Matched preparation pairs",-9.69
"Matched preparation pairs",-12.365
"Matched preparation pairs",-14.9366666666667
"Matched preparation pairs",-20.2261111111111
"Matched preparation pairs",-11.5627777777778
"Matched preparation pairs",-12.9283333333333
"Matched preparation pairs",-15.6105555555556
"Matched preparation pairs",-22.4894444444444
"Matched preparation pairs",-13.6811111111111
"Matched preparation pairs",-12.5672222222222
"Matched preparation pairs",-10.8566666666667
"Matched preparation pairs",-15.7472222222222
"Matched preparation pairs",-7.59388888888889
"Matched preparation pairs",-14.1166666666667
"Matched preparation pairs",-18.4761111111111
"Matched preparation pairs",-10.7011111111111
"Matched preparation pairs",-5.15611111111111
"Matched preparation pairs",-9.83277777777777
"Matched preparation pairs",-12.0116666666667
"Matched preparation pairs",-8.52055555555556
"Matched preparation pairs",-4.545
"Matched preparation pairs",-10.4266666666667
"Matched preparation pairs",-15.845
"Matched preparation pairs",-6.96333333333333
"Matched preparation pairs",-11.2388888888889
"Matched preparation pairs",-15.6022222222222
"Matched preparation pairs",-17.13
"Matched preparation pairs",-13.4338888888889
"Matched preparation pairs",-16.9277777777778
"Matched preparation pairs",-11.6661111111111
"Matched preparation pairs",-21.4077777777778
"Matched preparation pairs",-12.8327777777778
"Matched preparation pairs",-6.98888888888889
"Matched preparation pairs",-14.9933333333333
"Matched preparation pairs",-12.9027777777778
"Matched preparation pairs",-17.5666666666667
"Matched preparation pairs",-12.7522222222222
"Matched preparation pairs",-24.4105555555556
"Matched preparation pairs",-12.4216666666667
"Matched preparation pairs",-8.90555555555555
"Matched preparation pairs",-15.9988888888889
"Matched preparation pairs",-13.7583333333333
"Matched preparation pairs",-18.3961111111111
"Matched preparation pairs",-14.9372222222222
"Matched preparation pairs",-13.0888888888889
"Matched preparation pairs",-10.3605555555556
"Matched preparation pairs",-9.16888888888889
"Matched preparation pairs",-11.0316666666667
"Matched preparation pairs",-13.22
"Matched preparation pairs",-13.0283333333333
"Matched preparation pairs",-10.2294444444444
"Matched preparation pairs",-13.1583333333333
"Matched preparation pairs",-11.7222222222222
"Matched preparation pairs",-13.5872222222222
"Matched preparation pairs",-13.8838888888889
"Matched preparation pairs",-17.72
"Matched preparation pairs",-5.68888888888889
"Matched preparation pairs",-12.2077777777778
"Matched preparation pairs",-6.36333333333333
"Matched preparation pairs",-12.3661111111111
"Matched preparation pairs",-10.0672222222222
"Matched preparation pairs",-21.4277777777778
"Matched preparation pairs",-6.89444444444444
"Matched preparation pairs",-11.8544444444444
"Matched preparation pairs",-11.1388888888889
"Matched preparation pairs",-1.59944444444444
"Matched preparation pairs",-15.1227777777778
"Matched preparation pairs",-10.7083333333333
"Matched preparation pairs",-17.7327777777778
"Matched preparation pairs",-16.255
"Matched preparation pairs",-15.0927777777778
"Matched preparation pairs",-14.1205555555556
"Matched preparation pairs",-14.22
"Matched preparation pairs",-8.97
"Matched preparation pairs",-10.8344444444445
"Matched preparation pairs",-10.9394444444444
"Matched preparation pairs",-12.3022222222222
"Matched preparation pairs",-17.6494444444444
"Matched preparation pairs",-16.8916666666667
"Matched preparation pairs",-19.3366666666667
"Matched preparation pairs",-14.7066666666667
"Matched preparation pairs",-12.1744444444445
"Matched preparation pairs",-14.1777777777778
"Matched preparation pairs",-11.7333333333333
"Matched preparation pairs",-15.11
"Matched preparation pairs",-12.37
"Matched preparation pairs",-19.0383333333333
"Matched preparation pairs",-14.6461111111111
"Matched preparation pairs",-11.9355555555556
"Matched preparation pairs",-13.3472222222222
"Matched preparation pairs",-16.3244444444444
"Matched preparation pairs",-8.49944444444444
"Matched preparation pairs",-14.3622222222222
"Matched preparation pairs",-16.1688888888889
"Matched preparation pairs",-15.1016666666667
"Matched preparation pairs",-3.28333333333333
"Matched preparation pairs",-12.1055555555556
"Matched preparation pairs",-17.4288888888889
"Matched preparation pairs",-16.045
"Matched preparation pairs",-6.87666666666667
"Matched preparation pairs",-6.57222222222223
"Matched preparation pairs",-22.545
"Matched preparation pairs",-4.84722222222222
"Matched preparation pairs",-14.1988888888889
"Matched preparation pairs",-15.4955555555556
"Matched preparation pairs",-11.6061111111111
"Matched preparation pairs",-10.5127777777778
"Matched preparation pairs",-15.6088888888889
"Matched preparation pairs",-15.4922222222222
"Matched preparation pairs",-16.8827777777778
"Matched preparation pairs",-18.6227777777778
"Matched preparation pairs",-18.1022222222222
"Matched preparation pairs",-15.6894444444445
"Matched preparation pairs",-15.5977777777778
"Matched preparation pairs",-9.01222222222222
"Matched preparation pairs",-9.91777777777778
"Matched preparation pairs",-11.7172222222222
"Matched preparation pairs",-11.4233333333333
"Matched preparation pairs",-7.12055555555555
"Matched preparation pairs",-7.49666666666666
"Matched preparation pairs",-12.1077777777778
"Matched preparation pairs",-7.62111111111112
"Matched preparation pairs",-11.0433333333333
"Matched preparation pairs",-20.0855555555556
"Matched preparation pairs",-16.3394444444444
"Matched preparation pairs",-15.9455555555556
"Matched preparation pairs",-13.2455555555556
"Matched preparation pairs",-16.4166666666667
"Matched preparation pairs",-12.5822222222222
"Matched preparation pairs",-15.0638888888889
"Matched preparation pairs",-23.7522222222222
"Matched preparation pairs",-19.8955555555556
"Matched preparation pairs",-15.2911111111111
"Matched preparation pairs",-13.6172222222222
"Matched preparation pairs",-21.2261111111111
"Matched preparation pairs",-15.3844444444444
"Matched preparation pairs",-16.9466666666667
"Matched preparation pairs",-16.4688888888889
"Matched preparation pairs",-16.7911111111111
"Matched preparation pairs",-11.7194444444444
"Matched preparation pairs",-14.5155555555556
"Matched preparation pairs",-14.2461111111111
"Matched preparation pairs",-16.1566666666667
"Matched preparation pairs",-14.7083333333333
"Matched preparation pairs",-13.6577777777778
"Matched preparation pairs",-17.5633333333333
"Matched preparation pairs",-14.2188888888889
"Matched preparation pairs",-11.745
"Matched preparation pairs",-22.0438888888889
"Matched preparation pairs",-14.8922222222222
"Matched preparation pairs",-15.8516666666667
"Matched preparation pairs",-10.6688888888889
"Matched preparation pairs",-18.6738888888889
"Matched preparation pairs",-16.845
"Matched preparation pairs",-11.9438888888889
"Matched preparation pairs",-17.3188888888889
"Matched preparation pairs",-9.86555555555556
"Matched preparation pairs",-14.2366666666667
"Matched preparation pairs",-13.2833333333333
"Matched preparation pairs",-11.81
"Matched preparation pairs",-24.6772222222222
"Matched preparation pairs",-6.76444444444444
"Matched preparation pairs",-9.79666666666667
"Matched preparation pairs",-5.69055555555556
"Matched preparation pairs",-9.65277777777778
"Matched preparation pairs",-20.2672222222222
"Matched preparation pairs",-16.6805555555556
"Matched preparation pairs",-10.8111111111111
"Matched preparation pairs",-21.5383333333333
"Matched preparation pairs",-13.6105555555556
"Matched preparation pairs",-11.3266666666667
"Matched preparation pairs",-20.1894444444444
"Matched preparation pairs",-17.4116666666667
"Matched preparation pairs",-16.0716666666667
"Matched preparation pairs",-19.49
"Matched preparation pairs",-14.1683333333333
"Matched preparation pairs",-10.68
"Matched preparation pairs",-26.9216666666667
"Matched preparation pairs",-14.5877777777778
"Matched preparation pairs",-17.6316666666667
"Matched preparation pairs",-9.12888888888889
"Matched preparation pairs",-18.6333333333333
"Matched preparation pairs",-14.4111111111111
"Matched preparation pairs",-17.7727777777778
"Matched preparation pairs",-17.2294444444445
"Matched preparation pairs",-17.5194444444444
"Matched preparation pairs",-12.4922222222222
"Matched preparation pairs",-10.6616666666667
"Matched preparation pairs",-9.74722222222223
"Matched preparation pairs",-15.1372222222222
"Matched preparation pairs",-15.3766666666667
"Matched preparation pairs",-11.5538888888889
"Matched preparation pairs",-10.4566666666667
"Matched preparation pairs",-12.55
"Matched preparation pairs",-14.6577777777778
"Matched preparation pairs",-8.82833333333333
"Matched preparation pairs",-11.865
"Matched preparation pairs",-8.86333333333333
"Matched preparation pairs",-15.975
"Matched preparation pairs",-12.6444444444444
"Matched preparation pairs",-7.66444444444444
"Matched preparation pairs",-14.7433333333333
"Matched preparation pairs",-17.4366666666667
"Matched preparation pairs",-13.6394444444445
"Matched preparation pairs",-18.9544444444444
"Matched preparation pairs",-20.0205555555556
"Matched preparation pairs",-16.6022222222222
"Matched preparation pairs",-13.0377777777778
"Matched preparation pairs",-12.005
"Matched preparation pairs",-11.5844444444444
"Matched preparation pairs",-12.8233333333333
"Matched preparation pairs",-7.98888888888888
"Matched preparation pairs",-15.2727777777778
"Matched preparation pairs",-22.17
"Matched preparation pairs",-10.3922222222222
"Matched preparation pairs",-17.1866666666667
"Matched preparation pairs",-20.4655555555556
"Matched preparation pairs",-7.99222222222222
"Matched preparation pairs",-16.9188888888889
"Matched preparation pairs",-17.8166666666667
"Matched preparation pairs",-18.0361111111111
"Matched preparation pairs",-5.98777777777778
"Matched preparation pairs",-13.8533333333333
"Matched preparation pairs",-16.6305555555556
"Matched preparation pairs",-14.8966666666667
"Matched preparation pairs",-11.8444444444444
"Matched preparation pairs",-8.12833333333333
"Matched preparation pairs",-10.5016666666667
"Matched preparation pairs",-18.9672222222222
"Matched preparation pairs",-14.4727777777778
"Matched preparation pairs",-15.3416666666667
"Matched preparation pairs",-20.1544444444444
"Matched preparation pairs",-12.4966666666667
"Matched preparation pairs",-13.5272222222222
"Matched preparation pairs",-12.9977777777778
"Matched preparation pairs",-21.44
"Matched preparation pairs",-9.97222222222222
"Matched preparation pairs",-16.8033333333333
"Matched preparation pairs",-12.245
"Matched preparation pairs",-12.3361111111111
"Matched preparation pairs",-4.04333333333333
"Matched preparation pairs",-13.295
"Matched preparation pairs",-14.3961111111111
"Matched preparation pairs",-8.63888888888889
"Matched preparation pairs",-8.065
"Matched preparation pairs",-24.4494444444444
"Matched preparation pairs",-12.2322222222222
"Matched preparation pairs",-18.38
"Matched preparation pairs",-18.1655555555556
"Matched preparation pairs",-9.28611111111112
"Matched preparation pairs",-18.9938888888889
"Matched preparation pairs",-17.3733333333333
"Matched preparation pairs",-9.41555555555556
"Matched preparation pairs",-13.3311111111111
"Matched preparation pairs",-17.445
"Matched preparation pairs",-15.6211111111111
"Matched preparation pairs",-13.66
"Matched preparation pairs",-13.6805555555556
"Matched preparation pairs",-8.22333333333334
"Matched preparation pairs",-10.345
"Matched preparation pairs",-8.67888888888889
"Matched preparation pairs",-15.7344444444444
"Matched preparation pairs",-7.69277777777778
"Matched preparation pairs",-15.3494444444444
"Matched preparation pairs",-18.5705555555556
"Matched preparation pairs",-11.3633333333333
"Matched preparation pairs",-12.4622222222222
"Matched preparation pairs",-13.2788888888889
"Matched preparation pairs",-15.6811111111111
"Matched preparation pairs",-10.0338888888889
"Matched preparation pairs",-10.0166666666667
"Matched preparation pairs",-12.5811111111111
"Matched preparation pairs",-13.6844444444444
"Matched preparation pairs",-20.7755555555556
"Matched preparation pairs",-10.9188888888889
"Matched preparation pairs",-14.7188888888889
"Matched preparation pairs",-10.4633333333333
"Matched preparation pairs",-18.4022222222222
"Matched preparation pairs",-16.2411111111111
"Matched preparation pairs",-12.7383333333333
"Matched preparation pairs",-22.0616666666667
"Matched preparation pairs",-14.9327777777778
"Matched preparation pairs",-8.48333333333334
"Matched preparation pairs",-12.2094444444444
"Matched preparation pairs",-11.3555555555556
"Matched preparation pairs",-13.6588888888889
"Matched preparation pairs",-13.735
"Matched preparation pairs",-10
"Matched preparation pairs",-18.5522222222222
"Matched preparation pairs",-15.9516666666667
"Matched preparation pairs",-11.5166666666667
"Matched preparation pairs",-14.0483333333333
"Matched preparation pairs",-17.2461111111111
"Matched preparation pairs",-13.1922222222222
"Matched preparation pairs",-10.0983333333333
"Matched preparation pairs",-9.02055555555555
"Matched preparation pairs",-20.1794444444445
"Matched preparation pairs",-21.145
"Matched preparation pairs",-18.15
"Matched preparation pairs",-19.4077777777778
"Matched preparation pairs",-16.2894444444445
"Matched preparation pairs",-18.5683333333333
"Matched preparation pairs",-8.36833333333333
"Matched preparation pairs",-11.2394444444444
"Matched preparation pairs",-18.635
"Matched preparation pairs",-14.1544444444444
"Matched preparation pairs",-17.9433333333333
"Matched preparation pairs",-12.7988888888889
"Matched preparation pairs",-16.3166666666667
"Matched preparation pairs",-9.54666666666667
"Matched preparation pairs",-22.1811111111111
"Matched preparation pairs",-7.63055555555555
"Matched preparation pairs",-15.2983333333333
"Matched preparation pairs",-12.88
"Matched preparation pairs",-17.3911111111111
"Matched preparation pairs",-16.2688888888889
"Matched preparation pairs",-9.90111111111111
"Matched preparation pairs",-15.0727777777778
"Matched preparation pairs",-24.4683333333333
"Matched preparation pairs",-9.09333333333334
"Matched preparation pairs",-10.1427777777778
"Matched preparation pairs",-17.9805555555556
"Matched preparation pairs",-17.2261111111111
"Matched preparation pairs",-12.3477777777778
"Matched preparation pairs",-24.0077777777778
"Matched preparation pairs",-18.8222222222222
"Matched preparation pairs",-18.2383333333333
"Matched preparation pairs",-15.4716666666667
"Matched preparation pairs",-13.3055555555556
"Matched preparation pairs",-11.3883333333333
"Matched preparation pairs",-12.2316666666667
"Matched preparation pairs",-21.295
"Matched preparation pairs",-14.8277777777778
"Matched preparation pairs",-13.7005555555555
"Matched preparation pairs",-16.0227777777778
"Matched preparation pairs",-10.4572222222222
"Matched preparation pairs",-17.2883333333333
"Matched preparation pairs",-13.4705555555556
"Matched preparation pairs",-12.98
"Matched preparation pairs",-15.3727777777778
"Matched preparation pairs",-9.86055555555555
"Matched preparation pairs",-12.8505555555556
"Matched preparation pairs",-21.0483333333333
"Matched preparation pairs",-19.3038888888889
"Matched preparation pairs",-10.2
"Matched preparation pairs",-11.5505555555556
"Matched preparation pairs",-17.9477777777778
"Matched preparation pairs",-18.1166666666667
"Matched preparation pairs",-16.6133333333333
"Matched preparation pairs",-15.5361111111111
"Matched preparation pairs",-19.7177777777778
"Matched preparation pairs",-16.7127777777778
"Matched preparation pairs",-14.9161111111111
"Matched preparation pairs",-20.9072222222222
"Matched preparation pairs",-9.34722222222222
"Matched preparation pairs",-18.0972222222222
"Matched preparation pairs",-5.32277777777777
"Matched preparation pairs",-10.6394444444444
"Matched preparation pairs",-14.2677777777778
"Matched preparation pairs",-9.53166666666666
"Matched preparation pairs",-9.87722222222222
"Matched preparation pairs",-12.4611111111111
"Matched preparation pairs",-12.0811111111111
"Matched preparation pairs",-9.78333333333333
"Matched preparation pairs",-15.1438888888889
"Matched preparation pairs",-16.2972222222222
"Matched preparation pairs",-18.6227777777778
"Matched preparation pairs",-15.6216666666667
"Matched preparation pairs",-14.1111111111111
"Matched preparation pairs",-15.4083333333333
"Matched preparation pairs",-13.4088888888889
"Matched preparation pairs",-14.5472222222222
"Matched preparation pairs",-14.2766666666667
"Matched preparation pairs",-13.6422222222222
"Matched preparation pairs",-16.5033333333333
"Matched preparation pairs",-12.9472222222222
"Matched preparation pairs",-13.0988888888889
"Matched preparation pairs",-13.8694444444444
"Matched preparation pairs",-14.555
"Matched preparation pairs",-19.2066666666667
"Matched preparation pairs",-13.6777777777778
"Matched preparation pairs",-17.2083333333333
"Matched preparation pairs",-10.8755555555556
"Matched preparation pairs",-19.805
"Matched preparation pairs",-11.7466666666667
"Matched preparation pairs",-21.4655555555556
"Matched preparation pairs",-16.3055555555556
"Matched preparation pairs",-10.4438888888889
"Matched preparation pairs",-12.5066666666667
"Matched preparation pairs",-10.4616666666667
"Matched preparation pairs",-17.3266666666667
"Matched preparation pairs",-22.3511111111111
"Matched preparation pairs",-16.6088888888889
"Matched preparation pairs",-16.295
"Matched preparation pairs",-13.9116666666667
"Matched preparation pairs",-17.31
"Matched preparation pairs",-12.8194444444444
"Matched preparation pairs",-15.485
"Matched preparation pairs",-15.8005555555555
"Matched preparation pairs",-19.71
"Matched preparation pairs",-13.0161111111111
"Matched preparation pairs",-15.3255555555556
"Matched preparation pairs",-10.57
"Matched preparation pairs",-16.59
"Matched preparation pairs",-14.2288888888889
"Matched preparation pairs",-10.4288888888889
"Matched preparation pairs",-6.92444444444445
"Matched preparation pairs",-12.3894444444444
"Matched preparation pairs",-11.8688888888889
"Matched preparation pairs",-13.3077777777778
"Matched preparation pairs",-7.36833333333333
"Matched preparation pairs",-17.3138888888889
"Matched preparation pairs",-9.45388888888889
"Matched preparation pairs",-6.23833333333332
"Matched preparation pairs",-12.2311111111111
"Matched preparation pairs",-11.6911111111111
"Matched preparation pairs",-13.0211111111111
"Matched preparation pairs",2.71277777777778
"Matched preparation pairs",-11.4344444444444
"Matched preparation pairs",-11.9138888888889
"Matched preparation pairs",-15.0211111111111
"Matched preparation pairs",-16.3172222222222
"Matched preparation pairs",-9.26611111111111
"Matched preparation pairs",-17.2116666666667
"Matched preparation pairs",-11.4688888888889
"Matched preparation pairs",-14.0088888888889
"Matched preparation pairs",-19.1194444444444
"Matched preparation pairs",-16.7938888888889
"Matched preparation pairs",-10.5277777777778
"Matched preparation pairs",-23.4488888888889
"Matched preparation pairs",-10.3344444444444
"Matched preparation pairs",-18.7116666666667
"Matched preparation pairs",-5.49055555555556
"Matched preparation pairs",-9.36833333333333
"Matched preparation pairs",-14.7427777777778
"Matched preparation pairs",-8.32333333333333
"Matched preparation pairs",-17.3966666666667
"Matched preparation pairs",-15.5027777777778
"Matched preparation pairs",-14.9716666666667
"Matched preparation pairs",-12.2422222222222
"Matched preparation pairs",-15.4727777777778
"Matched preparation pairs",-17.6472222222222
"Matched preparation pairs",-11.5611111111111
"Matched preparation pairs",-13.1783333333333
"Matched preparation pairs",-17.0005555555556
"Matched preparation pairs",-9.26555555555556
"Matched preparation pairs",-8.84833333333333
"Matched preparation pairs",-20.785
"Matched preparation pairs",-18.5977777777778
"Matched preparation pairs",-18.2422222222222
"Matched preparation pairs",-8.36166666666666
"Matched preparation pairs",-18.8166666666667
"Matched preparation pairs",-4.43833333333334
"Matched preparation pairs",-17.5888888888889
"Matched preparation pairs",-20.5794444444444
"Matched preparation pairs",-12.5422222222222
"Matched preparation pairs",-11.6838888888889
"Matched preparation pairs",-9.52111111111111
"Matched preparation pairs",-19.6311111111111
"Matched preparation pairs",-14.6916666666667
"Matched preparation pairs",-15.5588888888889
"Matched preparation pairs",-16.0938888888889
"Matched preparation pairs",-11.4005555555556
"Matched preparation pairs",-11.2488888888889
"Matched preparation pairs",-8.52722222222222
"Matched preparation pairs",-7.60222222222222
"Matched preparation pairs",-13.4977777777778
"Matched preparation pairs",-8.10222222222222
"Matched preparation pairs",-18.2172222222222
"Matched preparation pairs",-13.8288888888889
"Matched preparation pairs",-18.9355555555555
"Matched preparation pairs",-13.5783333333333
"Matched preparation pairs",-18.5461111111111
"Matched preparation pairs",-3.06111111111111
"Matched preparation pairs",-9.63833333333334
"Matched preparation pairs",-20.2066666666667
"Matched preparation pairs",-23.6105555555556
"Matched preparation pairs",-12.4177777777778
"Matched preparation pairs",-10.1227777777778
"Matched preparation pairs",-12.4766666666667
"Matched preparation pairs",-14.0488888888889
"Matched preparation pairs",-9.96666666666667
"Matched preparation pairs",-14.0838888888889
"Matched preparation pairs",-19.0505555555556
"Matched preparation pairs",-14.6361111111111
"Matched preparation pairs",-9.09111111111111
"Matched preparation pairs",-15.1577777777778
"Matched preparation pairs",-18.5477777777778
"Matched preparation pairs",-13.7
"Matched preparation pairs",-11.5822222222222
"Matched preparation pairs",-15.3366666666667
"Matched preparation pairs",-14.2338888888889
"Matched preparation pairs",-18.3316666666667
"Matched preparation pairs",-9.45722222222222
"Matched preparation pairs",-11.1011111111111
"Matched preparation pairs",-9.42333333333333
"Matched preparation pairs",-10.74
"Matched preparation pairs",-17.3411111111111
"Matched preparation pairs",-6.58944444444445
"Matched preparation pairs",-12.7922222222222
"Matched preparation pairs",-17.9988888888889
"Matched preparation pairs",-17.5683333333333
"Matched preparation pairs",-16.6816666666667
"Matched preparation pairs",-14.3677777777778
"Matched preparation pairs",-16.5433333333333
"Matched preparation pairs",-3.04222222222222
"Matched preparation pairs",-17.9733333333333
"Matched preparation pairs",-16.8616666666667
"Matched preparation pairs",-4.96722222222223
"Matched preparation pairs",-22.3822222222222
"Matched preparation pairs",-10.3561111111111
"Matched preparation pairs",-13.165
"Matched preparation pairs",-20.7027777777778
"Matched preparation pairs",-18.3227777777778
"Matched preparation pairs",-13.0172222222222
"Matched preparation pairs",-12.6866666666667
"Matched preparation pairs",-12.105
"Matched preparation pairs",-17.3022222222222
"Matched preparation pairs",-18.0083333333333
"Matched preparation pairs",-19.2138888888889
"Matched preparation pairs",-14.2394444444444
"Matched preparation pairs",-13.6466666666667
"Matched preparation pairs",-9.48055555555556
"Matched preparation pairs",-13.3166666666667
"Matched preparation pairs",-2.37333333333333
"Matched preparation pairs",-10.7772222222222
"Matched preparation pairs",-14.1644444444444
"Matched preparation pairs",-11.3416666666667
"Matched preparation pairs",-17.07
"Matched preparation pairs",-9.65888888888889
"Matched preparation pairs",-12.3044444444444
"Matched preparation pairs",-14.9377777777778
"Matched preparation pairs",-13.0505555555556
"Matched preparation pairs",-13.7744444444444
"Matched preparation pairs",-17.3988888888889
"Matched preparation pairs",-7.59333333333334
"Matched preparation pairs",-15.6838888888889
"Matched preparation pairs",-7.07944444444445
"Matched preparation pairs",-12.7988888888889
"Matched preparation pairs",-16.9394444444444
"Matched preparation pairs",-12.4527777777778
"Matched preparation pairs",-10.4416666666667
"Matched preparation pairs",-14.455
"Matched preparation pairs",-13.1505555555556
"Matched preparation pairs",-12.5455555555556
"Matched preparation pairs",-8.62722222222223
"Matched preparation pairs",-12.4322222222222
"Matched preparation pairs",-7.25166666666666
"Matched preparation pairs",-20.6366666666667
"Matched preparation pairs",-17.7205555555555
"Matched preparation pairs",-20.3022222222222
"Matched preparation pairs",-19.3322222222222
"Matched preparation pairs",-10.1394444444444
"Matched preparation pairs",-15.965
"Matched preparation pairs",-15.4461111111111
"Matched preparation pairs",-15.0555555555556
"Matched preparation pairs",-15.1722222222222
"Matched preparation pairs",-5.71444444444444
"Matched preparation pairs",-15.8977777777778
"Matched preparation pairs",-13.4577777777778
"Matched preparation pairs",-13.28
"Matched preparation pairs",-17.2572222222222
"Matched preparation pairs",-10.535
"Matched preparation pairs",-17.4905555555556
"Matched preparation pairs",-12.5922222222222
"Matched preparation pairs",-20.4538888888889
"Matched preparation pairs",-17.9333333333333
"Matched preparation pairs",-10.4472222222222
"Matched preparation pairs",-12.0911111111111
"Matched preparation pairs",-14.1416666666667
"Matched preparation pairs",-14.3638888888889
"Matched preparation pairs",-13.8033333333333
"Matched preparation pairs",-12.8144444444444
"Matched preparation pairs",-21.0177777777778
"Matched preparation pairs",-11.8605555555556
"Matched preparation pairs",-12.2194444444445
"Matched preparation pairs",-20.1227777777778
"Matched preparation pairs",-12.7977777777778
"Matched preparation pairs",-11.4027777777778
"Matched preparation pairs",-14.9811111111111
"Matched preparation pairs",-16.625
"Matched preparation pairs",-11.1972222222222
"Matched preparation pairs",-13.2094444444444
"Matched preparation pairs",-16.0738888888889
"Matched preparation pairs",-16.8294444444444
"Matched preparation pairs",-6.92222222222223
"Matched preparation pairs",-17.3644444444444
"Matched preparation pairs",-8.15333333333333
"Matched preparation pairs",-15.21
"Matched preparation pairs",-15.3738888888889
"Matched preparation pairs",-12.4105555555556
"Matched preparation pairs",-15.0455555555556
"Matched preparation pairs",-20.6816666666667
"Matched preparation pairs",-10.8605555555556
"Matched preparation pairs",-14.6266666666667
"Matched preparation pairs",-11.4788888888889
"Matched preparation pairs",-14.3833333333333
"Matched preparation pairs",-19.2055555555556
"Matched preparation pairs",-12.1455555555556
"Matched preparation pairs",-14.98
"Matched preparation pairs",-16.0011111111111
"Matched preparation pairs",-25.94
"Matched preparation pairs",-17.9916666666667
"Matched preparation pairs",-11.2144444444444
"Matched preparation pairs",-9.04444444444444
"Matched preparation pairs",-21.2561111111111
"Matched preparation pairs",-9.72055555555555
"Matched preparation pairs",-20.6833333333333
"Matched preparation pairs",-11.9333333333333
"Matched preparation pairs",-20.5377777777778
"Matched preparation pairs",-14.2055555555556
"Matched preparation pairs",-6.07111111111111
"Matched preparation pairs",-11.7105555555556
"Matched preparation pairs",-15.6555555555556
"Matched preparation pairs",-19.0516666666667
"Matched preparation pairs",-7.20944444444445
"Matched preparation pairs",-13.3761111111111
"Matched preparation pairs",-9.29333333333333
"Matched preparation pairs",-11.1016666666667
"Matched preparation pairs",-20.935
"Matched preparation pairs",-11.9633333333333
"Matched preparation pairs",-11.1088888888889
"Matched preparation pairs",-13.51
"Matched preparation pairs",-16.1005555555556
"Matched preparation pairs",-18.1711111111111
"Matched preparation pairs",-8.07555555555556
"Matched preparation pairs",-8.12777777777777
"Matched preparation pairs",-16.3605555555556
"Matched preparation pairs",-18.6872222222222
"Matched preparation pairs",-17.2055555555555
"Matched preparation pairs",-14.4866666666667
"Matched preparation pairs",-10.0305555555556
"Matched preparation pairs",-10.4372222222222
"Matched preparation pairs",-13.31
"Matched preparation pairs",-15.9677777777778
"Matched preparation pairs",-7.805
"Matched preparation pairs",-14.1238888888889
"Matched preparation pairs",-13.2122222222222
"Matched preparation pairs",-13.6161111111111
"Matched preparation pairs",-19.6044444444445
"Matched preparation pairs",-13.4005555555556
"Matched preparation pairs",-12.5088888888889
"Matched preparation pairs",-9.80166666666666
"Matched preparation pairs",-16.89
"Matched preparation pairs",-3.47666666666667
"Matched preparation pairs",-15.1588888888889
"Matched preparation pairs",-14.605
"Matched preparation pairs",-15.0861111111111
"Matched preparation pairs",-13.2366666666667
"Matched preparation pairs",-19.1638888888889
"Matched preparation pairs",-11.2272222222222
"Matched preparation pairs",-9.58333333333334
"Matched preparation pairs",-8.48055555555554
"Matched preparation pairs",-9.37444444444444
"Matched preparation pairs",-13.9538888888889
"Matched preparation pairs",-11.8727777777778
"Matched preparation pairs",-13.3544444444444
"Matched preparation pairs",-17.4838888888889
"Matched preparation pairs",-6.83277777777778
"Matched preparation pairs",-16.2061111111111
"Matched preparation pairs",-18.0555555555556
"Matched preparation pairs",-13.5838888888889
"Matched preparation pairs",-11.03
"Matched preparation pairs",-7.88111111111111
"Matched preparation pairs",-11.96
"Matched preparation pairs",-11.4855555555556
"Matched preparation pairs",-9.45666666666667
"Matched preparation pairs",-9.73222222222222
"Matched preparation pairs",-2.29944444444444
"Matched preparation pairs",-7.83666666666666
"Matched preparation pairs",-15.695
"Matched preparation pairs",-16.3944444444444
"Matched preparation pairs",-10.4294444444444
"Matched preparation pairs",-24.7905555555556
"Matched preparation pairs",-10.2944444444444
"Matched preparation pairs",-10.9027777777778
"Matched preparation pairs",-20.7383333333333
"Matched preparation pairs",-20.4011111111111
"Matched preparation pairs",-19.95
"Matched preparation pairs",-11.0077777777778
"Matched preparation pairs",-22.4005555555556
"Matched preparation pairs",-13.8911111111111
"Matched preparation pairs",-5.97888888888889
"Matched preparation pairs",-6.135
"Matched preparation pairs",-18.6272222222222
"Matched preparation pairs",-10.9244444444444
"Matched preparation pairs",-10.4888888888889
"Matched preparation pairs",-17.1888888888889
"Matched preparation pairs",-11.1005555555556
"Matched preparation pairs",-21.0338888888889
"Matched preparation pairs",-10.0533333333333
"Matched preparation pairs",-21.0183333333333
"Matched preparation pairs",-17.5616666666667
"Matched preparation pairs",-14.1383333333333
"Matched preparation pairs",-6.63666666666667
"Matched preparation pairs",-17.4227777777778
"Matched preparation pairs",-16.085
"Matched preparation pairs",-8.6888888888889
"Matched preparation pairs",-8.57666666666666
"Matched preparation pairs",-18.6072222222222
"Matched preparation pairs",-12.67
"Matched preparation pairs",-20.0572222222222
"Matched preparation pairs",-14.09
"Matched preparation pairs",-12.6166666666667
"Matched preparation pairs",-15.2044444444444
"Matched preparation pairs",-15.195
"Matched preparation pairs",-14.1033333333333
"Matched preparation pairs",-7.76055555555556
"Matched preparation pairs",-7.56888888888888
"Matched preparation pairs",-11.6011111111111
"Matched preparation pairs",-7.10333333333333
"Matched preparation pairs",-16.6972222222222
"Matched preparation pairs",-15.4577777777778
"Matched preparation pairs",-17.1327777777778
"Matched preparation pairs",-15.3672222222222
"Matched preparation pairs",-15.1138888888889
"Matched preparation pairs",-6.81722222222222
"Matched preparation pairs",-11.8744444444444
"Matched preparation pairs",-13.7027777777778
"Matched preparation pairs",-14.2488888888889
"Matched preparation pairs",-15.42
"Matched preparation pairs",-19.2111111111111
"Matched preparation pairs",-21.4922222222222
"Matched preparation pairs",-10.0844444444444
"Matched preparation pairs",-16.8938888888889
"Matched preparation pairs",-15.2966666666667
"Matched preparation pairs",-15.5983333333333
"Matched preparation pairs",-15.3083333333333
"Matched preparation pairs",-13.9055555555556
"Matched preparation pairs",-13.4872222222222
"Matched preparation pairs",-19.3566666666667
"Matched preparation pairs",-7.18166666666666
"Matched preparation pairs",-11.2477777777778
"Matched preparation pairs",-14.1527777777778
"Matched preparation pairs",-15.2305555555555
"Matched preparation pairs",-7.85444444444444
"Matched preparation pairs",-18.6
"Matched preparation pairs",-14.59
"Matched preparation pairs",-14.1727777777778
"Matched preparation pairs",-17.6738888888889
"Matched preparation pairs",-18.8538888888889
"Matched preparation pairs",-6.97833333333333
"Matched preparation pairs",-24.0216666666667
"Matched preparation pairs",-16.4255555555556
"Matched preparation pairs",-15.925
"Matched preparation pairs",-16.1816666666667
"Matched preparation pairs",-11.6666666666667
"Matched preparation pairs",-11.9922222222222
"Matched preparation pairs",-13.1027777777778
"Matched preparation pairs",-6.78000000000001
"Matched preparation pairs",-10.4755555555556
"Matched preparation pairs",-20.1022222222222
"Matched preparation pairs",-16.2527777777778
"Matched preparation pairs",-14.4172222222222
"Matched preparation pairs",-16.3838888888889
"Matched preparation pairs",-14.7722222222222
"Matched preparation pairs",-24.74
"Matched preparation pairs",-17.0177777777778
"Matched preparation pairs",-20.2583333333333
"Matched preparation pairs",-13.1516666666667
"Matched preparation pairs",-16.195
"Matched preparation pairs",-16.1022222222222
"Matched preparation pairs",-6.79722222222222
"Matched preparation pairs",-15.8094444444445
"Matched preparation pairs",-11.83
"Matched preparation pairs",-12.285
"Matched preparation pairs",-12.94
"Matched preparation pairs",-11.2577777777778
"Matched preparation pairs",-14.65
"Matched preparation pairs",-13.7438888888889
"Matched preparation pairs",-18.4283333333333
"Matched preparation pairs",-13.2683333333333
"Matched preparation pairs",-16.4622222222222
"Matched preparation pairs",-18.9316666666667
"Matched preparation pairs",-18.4861111111111
"Matched preparation pairs",-17.0527777777778
"Matched preparation pairs",-18.5377777777778
"Matched preparation pairs",-16.0022222222222
"Matched preparation pairs",-11.5483333333333
"Matched preparation pairs",-12.2933333333333
"Matched preparation pairs",-12.4705555555556
"Matched preparation pairs",-9.72888888888889
"Matched preparation pairs",-27.3472222222222
"Matched preparation pairs",-8.58222222222222
"Matched preparation pairs",-7.24833333333334
"Matched preparation pairs",-15.8255555555556
"Matched preparation pairs",-20.4622222222222
"Matched preparation pairs",-3.13
"Matched preparation pairs",-7.67277777777778
"Matched preparation pairs",-15.2627777777778
"Matched preparation pairs",-16.0577777777778
"Matched preparation pairs",-18.0811111111111
"Matched preparation pairs",-11.9894444444444
"Matched preparation pairs",-12.3122222222222
"Matched preparation pairs",-8.83722222222223
"Matched preparation pairs",-19.96
"Matched preparation pairs",-19.9116666666667
"Matched preparation pairs",-16.3711111111111
"Matched preparation pairs",-6.02222222222222
"Matched preparation pairs",-11.2838888888889
"Matched preparation pairs",-18.5433333333333
"Matched preparation pairs",-17.0655555555556
"Matched preparation pairs",-10.575
"Matched preparation pairs",-8.865
"Matched preparation pairs",-14.2838888888889
"Matched preparation pairs",-16.6805555555555
"Matched preparation pairs",-15.64
"Matched preparation pairs",-12.4238888888889
"Matched preparation pairs",-18.4766666666667
"Matched preparation pairs",-17.1133333333333
"Matched preparation pairs",-11.6605555555556
"Matched preparation pairs",-11.0538888888889
"Matched preparation pairs",-13.9283333333333
"Matched preparation pairs",-8.93611111111112
"Matched preparation pairs",-6.98222222222222
"Matched preparation pairs",-16.78
"Matched preparation pairs",-5.50166666666667
"Matched preparation pairs",-17.7961111111111
"Matched preparation pairs",-10.8344444444444
"Matched preparation pairs",-13.6533333333333
"Matched preparation pairs",-12.7777777777778
"Matched preparation pairs",-11.9944444444444
"Matched preparation pairs",-16.45
"Matched preparation pairs",-15.87
"Matched preparation pairs",-12.5072222222222
"Matched preparation pairs",-18.5644444444444
"Matched preparation pairs",-10.4844444444445
"Matched preparation pairs",-10.1994444444445
"Matched preparation pairs",-14.5772222222222
"Matched preparation pairs",-16.2594444444444
"Matched preparation pairs",-13.7805555555556
"Matched preparation pairs",-11.7422222222222
"Matched preparation pairs",-15.5238888888889
"Matched preparation pairs",-11.9538888888889
"Matched preparation pairs",-11.7355555555556
"Matched preparation pairs",-12.0955555555556
"Matched preparation pairs",-15.7877777777778
"Matched preparation pairs",-17.8322222222222
"Matched preparation pairs",-5.45500000000001
"Matched preparation pairs",-11.43
"Matched preparation pairs",-11.7144444444444
"Matched preparation pairs",-13.275
"Matched preparation pairs",-16.4905555555556
"Matched preparation pairs",-16.8861111111111
"Matched preparation pairs",-14.5772222222222
"Matched preparation pairs",-23.8761111111111
"Matched preparation pairs",-11.8133333333333
"Matched preparation pairs",-12.6738888888889
"Matched preparation pairs",-9.73277777777778
"Matched preparation pairs",-7.515
"Matched preparation pairs",-7.46055555555556
"Matched preparation pairs",-20.7866666666667
"Matched preparation pairs",-14.9394444444445
"Matched preparation pairs",-15.08
"Matched preparation pairs",-15.6305555555556
"Matched preparation pairs",-9.61333333333333
"Matched preparation pairs",-14.0227777777778
"Matched preparation pairs",-23.2305555555556
"Matched preparation pairs",-15.8205555555556
"Matched preparation pairs",-7.31166666666666
"Matched preparation pairs",-15.2011111111111
"Matched preparation pairs",-24.895
"Matched preparation pairs",-15.2627777777778
"Matched preparation pairs",-12.0688888888889
"Matched preparation pairs",-2.18555555555556
"Matched preparation pairs",-18.1294444444444
"Matched preparation pairs",-15.1805555555556
"Matched preparation pairs",-8.92944444444444
"Matched preparation pairs",-14.1172222222222
"Matched preparation pairs",-12.0005555555556
"Matched preparation pairs",-12.0488888888889
"Matched preparation pairs",-15.1688888888889
"Matched preparation pairs",-13.5872222222222
"Matched preparation pairs",-14.0833333333333
"Matched preparation pairs",-15.7788888888889
"Matched preparation pairs",-16.3366666666667
"Matched preparation pairs",-16.0927777777778
"Matched preparation pairs",-10.3027777777778
"Matched preparation pairs",-18.865
"Matched preparation pairs",-28.2994444444444
"Matched preparation pairs",-12.3633333333333
"Matched preparation pairs",-10.5655555555556
"Matched preparation pairs",-16.8816666666667
"Matched preparation pairs",-11.8672222222222
"Matched preparation pairs",-17.6383333333333
"Matched preparation pairs",-10.4361111111111
"Matched preparation pairs",-18.6805555555556
"Matched preparation pairs",-10.0777777777778
"Matched preparation pairs",-12.0177777777778
"Matched preparation pairs",-10.7883333333333
"Matched preparation pairs",-19.3111111111111
"Matched preparation pairs",-17.8244444444444
"Matched preparation pairs",-11.7066666666667
"Matched preparation pairs",-13.47
"Matched preparation pairs",-9.83944444444444
"Matched preparation pairs",-9.96111111111111
"Matched preparation pairs",-13.4261111111111
"Matched preparation pairs",-20.1338888888889
"Matched preparation pairs",-13.6894444444444
"Matched preparation pairs",-23.3038888888889
"Matched preparation pairs",-9.77833333333333
"Matched preparation pairs",-13.8188888888889
"Matched preparation pairs",-8.52388888888889
"Matched preparation pairs",-20.34
"Matched preparation pairs",-11.4011111111111
"Matched preparation pairs",-7.345
"Matched preparation pairs",-4.71333333333333
"Matched preparation pairs",-16.69
"Matched preparation pairs",-15.5183333333333
"Matched preparation pairs",-9.02555555555556
"Matched preparation pairs",-18.5544444444444
"Matched preparation pairs",-11.935
"Matched preparation pairs",-11.4333333333333
"Matched preparation pairs",-8.15833333333333
"Matched preparation pairs",-10.005
"Matched preparation pairs",-10.4966666666667
"Matched preparation pairs",-10.7755555555556
"Matched preparation pairs",-16.07
"Matched preparation pairs",-15.205
"Matched preparation pairs",-19.0211111111111
"Matched preparation pairs",-13.0922222222222
"Matched preparation pairs",-12.8627777777778
"Matched preparation pairs",-18.5144444444445
"Matched preparation pairs",-6.22944444444444
"Matched preparation pairs",-10.45
"Matched preparation pairs",-20.8461111111111
"Matched preparation pairs",-12.9244444444444
"Matched preparation pairs",-5.4911111111111
"Matched preparation pairs",-17.7005555555556
"Matched preparation pairs",-21.8894444444445
"Matched preparation pairs",-8.73611111111111
"Matched preparation pairs",-20.9766666666667
"Matched preparation pairs",-17.2505555555556
"Matched preparation pairs",-16.2044444444445
"Matched preparation pairs",-14.945
"Matched preparation pairs",-12.7111111111111
"Matched preparation pairs",-10.4211111111111
"Matched preparation pairs",-8.51388888888889
"Matched preparation pairs",-15.1716666666667
"Matched preparation pairs",-7.81111111111111
"Matched preparation pairs",-17.5811111111111
"Matched preparation pairs",-9.15055555555556
"Matched preparation pairs",-18.43
"Matched preparation pairs",-11.6872222222222
"Matched preparation pairs",-13.935
"Matched preparation pairs",-15.5244444444444
"Matched preparation pairs",-14.9761111111111
"Matched preparation pairs",-15.4722222222222
"Matched preparation pairs",-11.775
"Matched preparation pairs",-19.525
"Matched preparation pairs",-12.41
"Matched preparation pairs",-14.975
"Matched preparation pairs",-11.6055555555556
"Matched preparation pairs",-11.9455555555556
"Matched preparation pairs",-16.6038888888889
"Matched preparation pairs",-13.3094444444444
"Matched preparation pairs",-13.5655555555556
"Matched preparation pairs",-15.8372222222222
"Matched preparation pairs",-9.49666666666667
"Matched preparation pairs",-19.1661111111111
"Matched preparation pairs",-14.2305555555556
"Matched preparation pairs",-16.7372222222222
"Matched preparation pairs",-5.89444444444444
"Matched preparation pairs",-12.6744444444445
"Matched preparation pairs",-17.8494444444444
"Matched preparation pairs",-0.275555555555558
"Matched preparation pairs",-11.6311111111111
"Matched preparation pairs",-11.3655555555556
"Matched preparation pairs",-15.655
"Matched preparation pairs",-14.03
"Matched preparation pairs",-7.74444444444445
"Matched preparation pairs",-8.4788888888889
"Matched preparation pairs",-9.365
"Matched preparation pairs",-21.0955555555556
"Matched preparation pairs",-10.9527777777778
"Matched preparation pairs",-21.1472222222222
"Matched preparation pairs",-14.1166666666667
"Matched preparation pairs",-8.54111111111111
"Matched preparation pairs",-15.3833333333333
"Matched preparation pairs",-15.5483333333333
"Matched preparation pairs",-18.0861111111111
"Matched preparation pairs",-15.3244444444444
"Matched preparation pairs",-14.5133333333333
"Matched preparation pairs",-9.31888888888889
"Matched preparation pairs",-9.55722222222222
"Matched preparation pairs",-15.0977777777778
"Matched preparation pairs",-10.83
"Matched preparation pairs",-10.2627777777778
"Matched preparation pairs",-11.7922222222222
"Matched preparation pairs",-11.4716666666667
"Matched preparation pairs",-5.49
"Matched preparation pairs",-12.6694444444444
"Matched preparation pairs",-7.83833333333333
"Matched preparation pairs",-19.5583333333333
"Matched preparation pairs",-14.2383333333333
"Matched preparation pairs",-17.9594444444444
"Matched preparation pairs",-12.0777777777778
"Matched preparation pairs",-22.9966666666667
"Matched preparation pairs",-16.1
"Matched preparation pairs",-16.3261111111111
"Matched preparation pairs",-18.7855555555556
"Matched preparation pairs",-15.3366666666667
"Matched preparation pairs",-17.1744444444444
"Matched preparation pairs",-22.3961111111111
"Matched preparation pairs",-14.2922222222222
"Matched preparation pairs",-11.8311111111111
"Matched preparation pairs",-16.7088888888889
"Matched preparation pairs",-15.3722222222222
"Matched preparation pairs",-11.2
"Matched preparation pairs",-15.8111111111111
"Matched preparation pairs",-13.0866666666667
"Matched preparation pairs",-13.6238888888889
"Matched preparation pairs",-22.2366666666667
"Matched preparation pairs",-17.1605555555556
"Matched preparation pairs",-11.2388888888889
"Matched preparation pairs",-20.0216666666667
"Matched preparation pairs",-4.39111111111111
"Matched preparation pairs",-17.1783333333333
"Matched preparation pairs",-12.0055555555556
"Matched preparation pairs",-15.8016666666667
"Matched preparation pairs",-15.2183333333333
"Matched preparation pairs",-18.4155555555556
"Matched preparation pairs",-15.6116666666667
"Matched preparation pairs",-17.4911111111111
"Matched preparation pairs",-14.2016666666667
"Matched preparation pairs",-15.1555555555555
"Matched preparation pairs",-11.4072222222222
"Matched preparation pairs",-13.9677777777778
"Matched preparation pairs",-16.5333333333333
"Matched preparation pairs",-22.1077777777778
"Matched preparation pairs",-8.01333333333334
"Matched preparation pairs",-17.7288888888889
"Matched preparation pairs",-10.2094444444444
"Matched preparation pairs",-15.685
"Matched preparation pairs",-16.0266666666667
"Matched preparation pairs",-11.7727777777778
"Matched preparation pairs",-6.94722222222222
"Matched preparation pairs",-13.0333333333333
"Matched preparation pairs",-18.3155555555556
"Matched preparation pairs",-12.5438888888889
"Matched preparation pairs",-14.6461111111111
"Matched preparation pairs",-12.045
"Matched preparation pairs",-9.72944444444444
"Matched preparation pairs",-20.1438888888889
"Matched preparation pairs",-5.72944444444445
"Matched preparation pairs",-10.3733333333333
"Matched preparation pairs",-8.17333333333334
"Matched preparation pairs",-16.165
"Matched preparation pairs",-15.9672222222222
"Matched preparation pairs",-12.9172222222222
"Matched preparation pairs",-13.9483333333333
"Matched preparation pairs",-22.0444444444445
"Matched preparation pairs",-9.85
"Matched preparation pairs",-9.70055555555555
"Matched preparation pairs",-24.0683333333333
"Matched preparation pairs",-12.9561111111111
"Matched preparation pairs",-7.65888888888889
"Matched preparation pairs",-8.17833333333333
"Matched preparation pairs",-20.4088888888889
"Matched preparation pairs",-15.7672222222222
"Matched preparation pairs",-13.1311111111111
"Matched preparation pairs",-15.55
"Matched preparation pairs",-16.3666666666667
"Matched preparation pairs",-17.9816666666667
"Matched preparation pairs",-9.235
"Matched preparation pairs",-12.6827777777778
"Matched preparation pairs",-20.4272222222222
"Matched preparation pairs",-12.1455555555556
"Matched preparation pairs",-17.1961111111111
"Matched preparation pairs",-15.7311111111111
"Matched preparation pairs",-10.4455555555556
"Matched preparation pairs",-13.9355555555556
"Matched preparation pairs",-14.3677777777778
"Matched preparation pairs",-12.0477777777778
"Matched preparation pairs",-13.5016666666667
"Matched preparation pairs",-12.745
"Matched preparation pairs",-19.8055555555556
"Matched preparation pairs",-13.2422222222222
"Matched preparation pairs",-16.7183333333333
"Matched preparation pairs",-11.7322222222222
"Matched preparation pairs",-16.6872222222222
"Matched preparation pairs",-19.725
"Matched preparation pairs",-12.9766666666667
"Matched preparation pairs",-18.4627777777778
"Matched preparation pairs",-16.9305555555556
"Matched preparation pairs",-7.72
"Matched preparation pairs",-8.74166666666667
"Matched preparation pairs",-14.5694444444444
"Matched preparation pairs",-11.9127777777778
"Matched preparation pairs",-18.9316666666667
"Matched preparation pairs",-17.76
"Matched preparation pairs",-9.60833333333333
"Matched preparation pairs",-12.4927777777778
"Matched preparation pairs",-11.9422222222222
"Matched preparation pairs",-10.6466666666667
"Matched preparation pairs",-12.0622222222222
"Matched preparation pairs",-15.7311111111111
"Matched preparation pairs",-21.2783333333333
"Matched preparation pairs",-15.4133333333333
"Matched preparation pairs",-14.9661111111111
"Matched preparation pairs",-8.515
"Matched preparation pairs",-12.2494444444444
"Matched preparation pairs",-9.70944444444445
"Matched preparation pairs",-15.0922222222222
"Matched preparation pairs",-12.4816666666667
"Matched preparation pairs",-14.2866666666667
"Matched preparation pairs",-14.8544444444444
"Matched preparation pairs",-16.3555555555556
"Matched preparation pairs",-10.9944444444444
"Matched preparation pairs",-17.9011111111111
"Matched preparation pairs",-9.14777777777778
"Matched preparation pairs",-10.0416666666667
"Matched preparation pairs",-15.01
"Matched preparation pairs",-14.0361111111111
"Matched preparation pairs",-8.02944444444444
"Matched preparation pairs",-13.6405555555556
"Matched preparation pairs",-14.6211111111111
"Matched preparation pairs",-15.5938888888889
"Matched preparation pairs",-15.1194444444444
"Matched preparation pairs",-22.7355555555556
"Matched preparation pairs",-7.70888888888888
"Matched preparation pairs",-11.7588888888889
"Matched preparation pairs",-20.3655555555556
"Matched preparation pairs",-16.35
"Matched preparation pairs",-7.72
"Matched preparation pairs",-14.2133333333333
"Matched preparation pairs",-22.4766666666667
"Matched preparation pairs",-23.6505555555556
"Matched preparation pairs",-11.3722222222222
"Matched preparation pairs",-17.75
"Matched preparation pairs",-8.80333333333334
"Matched preparation pairs",-12.1316666666667
"Matched preparation pairs",-13.1116666666667
"Matched preparation pairs",-14.56
"Matched preparation pairs",-12.4061111111111
"Matched preparation pairs",-13.23
"Matched preparation pairs",-16.7672222222222
"Matched preparation pairs",-17.3927777777778
"Matched preparation pairs",-13.29
"Matched preparation pairs",-5.27166666666667
"Matched preparation pairs",-15.305
"Matched preparation pairs",-12.6383333333333
"Matched preparation pairs",-15.8216666666667
"Matched preparation pairs",-14.6972222222222
"Matched preparation pairs",-14.3283333333333
"Matched preparation pairs",-21.0772222222222
"Matched preparation pairs",-11.3422222222222
"Matched preparation pairs",-23.4133333333333
"Matched preparation pairs",-20.4911111111111
"Matched preparation pairs",-12.4672222222222
"Matched preparation pairs",-20.6477777777778
"Matched preparation pairs",-24.0088888888889
"Matched preparation pairs",-14.5405555555556
"Matched preparation pairs",-19.1083333333333
"Matched preparation pairs",-17.8205555555556
"Matched preparation pairs",-7.62444444444444
"Matched preparation pairs",-3.45166666666667
"Matched preparation pairs",-9.66000000000001
"Matched preparation pairs",-8.68388888888889
"Matched preparation pairs",-14.1061111111111
"Matched preparation pairs",-15.1088888888889
"Matched preparation pairs",-12.9272222222222
"Matched preparation pairs",-14.3366666666667
"Matched preparation pairs",-16.8833333333333
"Matched preparation pairs",-16.795
"Matched preparation pairs",-15.1444444444444
"Matched preparation pairs",-14.6111111111111
"Matched preparation pairs",-10.5911111111111
"Matched preparation pairs",-15.6972222222222
"Matched preparation pairs",-15.2905555555556
"Matched preparation pairs",-16.1855555555556
"Matched preparation pairs",-10.2738888888889
"Matched preparation pairs",-15.1844444444444
"Matched preparation pairs",-13.3194444444444
"Matched preparation pairs",-8.27
"Matched preparation pairs",-18.7527777777778
"Matched preparation pairs",-11.275
"Matched preparation pairs",-17.9288888888889
"Matched preparation pairs",-15.1144444444445
"Matched preparation pairs",-10.7444444444444
"Matched preparation pairs",-16.5438888888889
"Matched preparation pairs",-15.6055555555556
"Matched preparation pairs",-4.10111111111112
"Matched preparation pairs",-7.99833333333334
"Matched preparation pairs",-11.2161111111111
"Matched preparation pairs",-18.4855555555556
"Matched preparation pairs",-16.3127777777778
"Matched preparation pairs",-18
"Matched preparation pairs",-12.0922222222222
"Matched preparation pairs",-14.1544444444444
"Matched preparation pairs",-12.1011111111111
"Matched preparation pairs",-10.7583333333333
"Matched preparation pairs",-5.26555555555555
"Matched preparation pairs",-14.6338888888889
"Matched preparation pairs",-8.73722222222222
"Matched preparation pairs",-15.1122222222222
"Matched preparation pairs",-16.4077777777778
"Matched preparation pairs",-15.9011111111111
"Matched preparation pairs",-11.9505555555556
"Matched preparation pairs",-12.3172222222222
"Matched preparation pairs",-14.9116666666667
"Matched preparation pairs",-26.3127777777778
"Matched preparation pairs",-20.625
"Matched preparation pairs",-20.2888888888889
"Matched preparation pairs",-19.1644444444444
"Matched preparation pairs",-13.4844444444444
"Matched preparation pairs",-7.93388888888889
"Matched preparation pairs",-15.375
"Matched preparation pairs",-9.59333333333333
"Matched preparation pairs",-9.61444444444444
"Matched preparation pairs",-13.0083333333333
"Matched preparation pairs",-10.7688888888889
"Matched preparation pairs",-12.8455555555555
"Matched preparation pairs",-12.7555555555556
"Matched preparation pairs",-19.6827777777778
"Matched preparation pairs",-4.08388888888889
"Matched preparation pairs",-8.79611111111111
"Matched preparation pairs",-14.2705555555556
"Matched preparation pairs",-13.98
"Matched preparation pairs",-12.0138888888889
"Matched preparation pairs",-16.9116666666667
"Matched preparation pairs",-10.0044444444444
"Matched preparation pairs",-18.8733333333333
"Matched preparation pairs",-13.4727777777778
"Matched preparation pairs",-11.9238888888889
"Matched preparation pairs",-20.7322222222222
"Matched preparation pairs",-10.0661111111111
"Matched preparation pairs",-16.2577777777778
"Matched preparation pairs",-16.585
"Matched preparation pairs",-14.8622222222222
"Matched preparation pairs",-3.32555555555556
"Matched preparation pairs",-12.0311111111111
"Matched preparation pairs",-12.2777777777778
"Matched preparation pairs",-10.86
"Matched preparation pairs",-16.0711111111111
"Matched preparation pairs",-14.8883333333333
"Matched preparation pairs",-15.16
"Matched preparation pairs",-19.85
"Matched preparation pairs",-20.5044444444444
"Matched preparation pairs",-11.015
"Matched preparation pairs",-10.3388888888889
"Matched preparation pairs",-3.91388888888889
"Matched preparation pairs",-18.7572222222222
"Matched preparation pairs",-9.49666666666667
"Matched preparation pairs",-15.4338888888889
"Matched preparation pairs",-14.1222222222222
"Matched preparation pairs",-15.6733333333333
"Matched preparation pairs",-14.8083333333333
"Matched preparation pairs",-8.90388888888888
"Matched preparation pairs",-11.0744444444445
"Matched preparation pairs",-16.2788888888889
"Matched preparation pairs",-12.6672222222222
"Matched preparation pairs",-8.23500000000001
"Matched preparation pairs",-12.785
"Matched preparation pairs",-15.1772222222222
"Matched preparation pairs",-9.9138888888889
"Matched preparation pairs",-16.8811111111111
"Matched preparation pairs",-19.7416666666667
"Matched preparation pairs",-14.4666666666667
"Matched preparation pairs",-15.4844444444444
"Matched preparation pairs",-9.18277777777778
"Matched preparation pairs",-8.695
"Matched preparation pairs",-16.8605555555556
"Matched preparation pairs",-13.165
"Matched preparation pairs",-11.2105555555555
"Matched preparation pairs",-15.9233333333333
"Matched preparation pairs",-16.91
"Matched preparation pairs",-10.1166666666667
"Matched preparation pairs",-16.1305555555555
"Matched preparation pairs",-15.5111111111111
"Matched preparation pairs",-18.6011111111111
"Matched preparation pairs",-15.1927777777778
"Matched preparation pairs",-8.43444444444445
"Matched preparation pairs",-8.02444444444445
"Matched preparation pairs",-19.2316666666667
"Matched preparation pairs",-18.6483333333333
"Matched preparation pairs",-17.9633333333333
"Matched preparation pairs",-12.3627777777778
"Matched preparation pairs",-15.0261111111111
"Matched preparation pairs",-11.9938888888889
"Matched preparation pairs",-8.94222222222222
"Matched preparation pairs",-12.8405555555556
"Matched preparation pairs",-10.8683333333333
"Matched preparation pairs",-11.2816666666667
"Matched preparation pairs",-14.8622222222222
"Matched preparation pairs",-5.23833333333335
"Matched preparation pairs",-5.01611111111112
"Matched preparation pairs",-14.6666666666667
"Matched preparation pairs",-19.4761111111111
"Matched preparation pairs",-19.2188888888889
"Matched preparation pairs",-11.35
"Matched preparation pairs",-8.24777777777777
"Matched preparation pairs",-24.4472222222222
"Matched preparation pairs",-16.0933333333333
"Matched preparation pairs",-10.5705555555555
"Matched preparation pairs",-15.935
"Matched preparation pairs",-18.8583333333333
"Matched preparation pairs",-15.375
"Matched preparation pairs",-9.53444444444446
"Matched preparation pairs",-19.0733333333333
"Matched preparation pairs",-13.6777777777778
"Matched preparation pairs",-9.54944444444445
"Matched preparation pairs",-16.3616666666667
"Matched preparation pairs",-18.0027777777778
"Matched preparation pairs",-12.3666666666667
"Matched preparation pairs",-23.4916666666667
"Matched preparation pairs",-19.0572222222222
"Matched preparation pairs",-18.0066666666667
"Matched preparation pairs",-16.6188888888889
"Matched preparation pairs",-19.1483333333333
"Matched preparation pairs",-21.0272222222222
"Matched preparation pairs",-13.0844444444444
"Matched preparation pairs",-11.3633333333333
"Matched preparation pairs",-10.3122222222222
"Matched preparation pairs",-9.53
"Matched preparation pairs",-13.3144444444444
"Matched preparation pairs",-14.3316666666667
"Matched preparation pairs",-16.9766666666667
"Matched preparation pairs",-4.83777777777777
"Matched preparation pairs",-17.6072222222222
"Matched preparation pairs",-14.28
"Matched preparation pairs",-17.5772222222222
"Matched preparation pairs",-13.84
"Matched preparation pairs",-6.46833333333333
"Matched preparation pairs",-7.17777777777777
"Matched preparation pairs",-14.4961111111111
"Matched preparation pairs",-14.7005555555556
"Matched preparation pairs",-16.1416666666667
"Matched preparation pairs",-18.5127777777778
"Matched preparation pairs",-12.9716666666667
"Matched preparation pairs",-14.6222222222222
"Matched preparation pairs",-18.4522222222222
"Matched preparation pairs",-6.12944444444444
"Matched preparation pairs",-13.8983333333333
"Matched preparation pairs",-12.9533333333333
"Matched preparation pairs",-11.1011111111111
"Matched preparation pairs",-17.3083333333333
"Matched preparation pairs",-21.9377777777778
"Matched preparation pairs",-19.2622222222222
"Matched preparation pairs",-6.31166666666667
"Matched preparation pairs",-8.76111111111111
"Matched preparation pairs",-9.155
"Matched preparation pairs",-8.19055555555556
"Matched preparation pairs",-19.1716666666667
"Matched preparation pairs",-21.1455555555556
"Matched preparation pairs",-22.9255555555556
"Matched preparation pairs",-25.0472222222222
"Matched preparation pairs",-18.9594444444444
"Matched preparation pairs",-20.5877777777778
"Matched preparation pairs",-12.3533333333333
"Matched preparation pairs",-16.0877777777778
"Matched preparation pairs",-16.8977777777778
"Matched preparation pairs",-7.26388888888889
"Matched preparation pairs",-11.2033333333333
"Matched preparation pairs",-11.6394444444444
"Matched preparation pairs",-17.5005555555556
"Matched preparation pairs",-14.4977777777778
"Matched preparation pairs",-14.7877777777778
"Matched preparation pairs",-15.1833333333333
"Matched preparation pairs",-17.5633333333333
"Matched preparation pairs",-12.1044444444444
"Matched preparation pairs",-15.4533333333333
"Matched preparation pairs",-13.6188888888889
"Matched preparation pairs",-16.69
"Matched preparation pairs",-11.8444444444444
"Matched preparation pairs",-12.5316666666667
"Matched preparation pairs",-15.1138888888889
"Matched preparation pairs",-10.1155555555556
"Matched preparation pairs",-21.0716666666667
"Matched preparation pairs",-24.1705555555556
"Matched preparation pairs",-10.7861111111111
"Matched preparation pairs",-14.81
"Matched preparation pairs",-17.8783333333333
"Matched preparation pairs",-13.12
"Matched preparation pairs",-17.2238888888889
"Matched preparation pairs",-15.1933333333333
"Matched preparation pairs",-13.2394444444444
"Matched preparation pairs",-21.3955555555556
"Matched preparation pairs",-16.645
"Matched preparation pairs",-13.5855555555556
"Matched preparation pairs",-10.2216666666667
"Matched preparation pairs",-14.9644444444444
"Matched preparation pairs",-14.7566666666667
"Matched preparation pairs",-17.8644444444444
"Matched preparation pairs",-12.3244444444444
"Matched preparation pairs",-15.5944444444444
"Matched preparation pairs",-19.6466666666667
"Matched preparation pairs",-11.9772222222222
"Matched preparation pairs",-7.815
"Matched preparation pairs",-13.9761111111111
"Matched preparation pairs",-12.3738888888889
"Matched preparation pairs",-9.48
"Matched preparation pairs",-15.4338888888889
"Matched preparation pairs",-9.19611111111111
"Matched preparation pairs",-21.325
"Matched preparation pairs",-14.1361111111111
"Matched preparation pairs",-17.3333333333333
"Matched preparation pairs",-12.9111111111111
"Matched preparation pairs",-19.7822222222222
"Matched preparation pairs",-7.69777777777778
"Matched preparation pairs",-19.1566666666667
"Matched preparation pairs",-8.97944444444445
"Matched preparation pairs",-15.3088888888889
"Matched preparation pairs",-15.3977777777778
"Matched preparation pairs",-9.62277777777778
"Matched preparation pairs",-9.78944444444445
"Matched preparation pairs",-13.2961111111111
"Matched preparation pairs",-7.81555555555556
"Matched preparation pairs",-15.5572222222222
"Matched preparation pairs",-12.1061111111111
"Matched preparation pairs",-6.77944444444445
"Matched preparation pairs",-11.5438888888889
"Matched preparation pairs",-10.1233333333333
"Matched preparation pairs",-16.1388888888889
"Matched preparation pairs",-17.2422222222222
"Matched preparation pairs",-20.73
"Matched preparation pairs",-10.645
"Matched preparation pairs",-9.545
"Matched preparation pairs",-20.2516666666667
"Matched preparation pairs",-8.55777777777778
"Matched preparation pairs",-6.71611111111111
"Matched preparation pairs",-12.4255555555556
"Matched preparation pairs",-13.4183333333333
"Matched preparation pairs",-8.04166666666667
"Matched preparation pairs",-16.6366666666667
"Matched preparation pairs",-16.2283333333333
"Matched preparation pairs",-17.6877777777778
"Matched preparation pairs",-8.31555555555555
"Matched preparation pairs",-18.4111111111111
"Matched preparation pairs",-5.63333333333334
"Matched preparation pairs",-12.8688888888889
"Matched preparation pairs",-11.2955555555556
"Matched preparation pairs",-11.7755555555556
"Matched preparation pairs",-18.35
"Matched preparation pairs",-12.2644444444444
"Matched preparation pairs",-15.4833333333333
"Matched preparation pairs",-15.1716666666667
"Matched preparation pairs",-17.7855555555555
"Matched preparation pairs",-16.6811111111111
"Matched preparation pairs",-18.2872222222222
"Matched preparation pairs",-13.7116666666667
"Matched preparation pairs",-12.9311111111111
"Matched preparation pairs",-19.5627777777778
"Matched preparation pairs",-11.6344444444444
"Matched preparation pairs",-13.7488888888889
"Matched preparation pairs",-12.52
"Matched preparation pairs",-14.5038888888889
"Matched preparation pairs",-15.1138888888889
"Matched preparation pairs",-23.3927777777778
"Matched preparation pairs",-9.85111111111111
"Matched preparation pairs",-8.62
"Matched preparation pairs",-10.33
"Matched preparation pairs",-14.8455555555556
"Matched preparation pairs",-23.015
"Matched preparation pairs",-10.9938888888889
"Matched preparation pairs",-13.9838888888889
"Matched preparation pairs",-18.6683333333333
"Matched preparation pairs",-10.825
"Matched preparation pairs",-16.3944444444444
"Matched preparation pairs",-15.3144444444444
"Matched preparation pairs",-9.0838888888889
"Matched preparation pairs",-16.4272222222222
"Matched preparation pairs",-17.7
"Matched preparation pairs",-22.7755555555556
"Matched preparation pairs",-13.0955555555556
"Matched preparation pairs",-11.6527777777778
"Matched preparation pairs",-8.87055555555555
"Matched preparation pairs",-14.155
"Matched preparation pairs",-9.18388888888889
"Matched preparation pairs",-14.2983333333333
"Matched preparation pairs",-15.565
"Matched preparation pairs",-9.17222222222223
"Matched preparation pairs",-22.0938888888889
"Matched preparation pairs",-18.9072222222222
"Matched preparation pairs",-13.7338888888889
"Matched preparation pairs",-13.6633333333333
"Matched preparation pairs",-6.51499999999999
"Matched preparation pairs",-6.93333333333333
"Matched preparation pairs",-8.19833333333333
"Matched preparation pairs",-16.1477777777778
"Matched preparation pairs",-15.2405555555556
"Matched preparation pairs",-14.0061111111111
"Matched preparation pairs",-14.8188888888889
"Matched preparation pairs",-15.5361111111111
"Matched preparation pairs",-13.3288888888889
"Matched preparation pairs",-10.4405555555556
"Matched preparation pairs",-16.6622222222222
"Matched preparation pairs",-13.0211111111111
"Matched preparation pairs",-19.1283333333333
"Matched preparation pairs",-15.5783333333333
"Matched preparation pairs",-13.9288888888889
"Matched preparation pairs",-20.3322222222222
"Matched preparation pairs",-16.7744444444444
"Matched preparation pairs",-9.40888888888889
"Matched preparation pairs",-12.4322222222222
"Matched preparation pairs",-9.87333333333334
"Matched preparation pairs",-10.1955555555556
"Matched preparation pairs",-15.795
"Matched preparation pairs",-17.8311111111111
"Matched preparation pairs",-19.7455555555556
"Matched preparation pairs",-8.25555555555555
"Matched preparation pairs",-17.4422222222222
"Matched preparation pairs",-9.42277777777777
"Matched preparation pairs",-15.9377777777778
"Matched preparation pairs",-24.4688888888889
"Matched preparation pairs",-19.9116666666667
"Matched preparation pairs",-16.26
"Matched preparation pairs",-12.8711111111111
"Matched preparation pairs",-18.1577777777778
"Matched preparation pairs",-9.82166666666666
"Matched preparation pairs",-18.8527777777778
"Matched preparation pairs",-21.4116666666667
"Matched preparation pairs",-9.47166666666667
"Matched preparation pairs",-8.76277777777777
"Matched preparation pairs",-18.6144444444444
"Matched preparation pairs",-7.05666666666667
"Matched preparation pairs",-14.2861111111111
"Matched preparation pairs",0.0527777777777795
"Matched preparation pairs",-21.6161111111111
"Matched preparation pairs",-16.0905555555556
"Matched preparation pairs",-9.5738888888889
"Matched preparation pairs",-19.3916666666667
"Matched preparation pairs",-11.76
"Matched preparation pairs",-10.7333333333333
"Matched preparation pairs",-16.8444444444444
"Matched preparation pairs",-20.4016666666667
"Matched preparation pairs",-6.11277777777777
"Matched preparation pairs",-6.815
"Matched preparation pairs",-11.5494444444444
"Matched preparation pairs",-10.6344444444444
"Matched preparation pairs",-16.5266666666667
"Matched preparation pairs",-11.6627777777778
"Matched preparation pairs",-15.5377777777778
"Matched preparation pairs",-22.5422222222222
"Matched preparation pairs",-12.2477777777778
"Matched preparation pairs",-13.4905555555556
"Matched preparation pairs",-10.9361111111111
"Matched preparation pairs",-20.3222222222222
"Matched preparation pairs",-10.3994444444444
"Matched preparation pairs",-5.54277777777778
"Matched preparation pairs",-11.9116666666667
"Matched preparation pairs",-6.10888888888889
"Matched preparation pairs",-10.8944444444444
"Matched preparation pairs",-14.8444444444444
"Matched preparation pairs",-14.4133333333333
"Matched preparation pairs",-17.5877777777778
"Matched preparation pairs",-21.2611111111111
"Matched preparation pairs",-10.4694444444444
"Matched preparation pairs",-12.6066666666667
"Matched preparation pairs",-12.2577777777778
"Matched preparation pairs",-14.9927777777778
"Matched preparation pairs",-6.27555555555556
"Matched preparation pairs",-11.915
"Matched preparation pairs",-14.9733333333333
"Matched preparation pairs",-8.84166666666667
"Matched preparation pairs",-9.95388888888888
"Matched preparation pairs",-15.745
"Matched preparation pairs",-8.71833333333333
"Matched preparation pairs",-18.7161111111111
"Matched preparation pairs",-17.8983333333333
"Matched preparation pairs",-20.7416666666667
"Matched preparation pairs",-7.51055555555555
"Matched preparation pairs",-16.1211111111111
"Matched preparation pairs",-3.76
"Matched preparation pairs",-14.5405555555556
"Matched preparation pairs",-15.4527777777778
"Matched preparation pairs",-5.84222222222222
"Matched preparation pairs",-8.65111111111111
"Matched preparation pairs",-11.095
"Matched preparation pairs",-13.99
"Matched preparation pairs",-18.8638888888889
"Matched preparation pairs",-17.4244444444444
"Matched preparation pairs",-9.88888888888889
"Matched preparation pairs",-13.3211111111111
"Matched preparation pairs",-10.5955555555556
"Matched preparation pairs",-18.7144444444444
"Matched preparation pairs",-7.55277777777778
"Matched preparation pairs",-14.5827777777778
"Matched preparation pairs",-6.76444444444444
"Matched preparation pairs",-7.68888888888889
"Matched preparation pairs",-11.03
"Matched preparation pairs",-8.85555555555556
"Matched preparation pairs",-10.8594444444444
"Matched preparation pairs",-14.6422222222222
"Matched preparation pairs",-6.82555555555556
"Matched preparation pairs",-14.1194444444444
"Matched preparation pairs",-8.415
"Matched preparation pairs",-13.9394444444444
"Matched preparation pairs",-13.6094444444444
"Matched preparation pairs",-19.3111111111111
"Matched preparation pairs",-10.735
"Matched preparation pairs",-12.2938888888889
"Matched preparation pairs",-19.6905555555556
"Matched preparation pairs",-10.885
"Matched preparation pairs",-22.7166666666667
"Matched preparation pairs",-17.0016666666667
"Matched preparation pairs",-15.2288888888889
"Matched preparation pairs",-15.4816666666667
"Matched preparation pairs",-11.6255555555556
"Matched preparation pairs",-6.64666666666666
"Matched preparation pairs",-5.09277777777778
"Matched preparation pairs",-5.05611111111111
"Matched preparation pairs",-9.57888888888888
"Matched preparation pairs",-22.2322222222222
"Matched preparation pairs",-16.0144444444445
"Matched preparation pairs",-12.6055555555556
"Matched preparation pairs",-20.8161111111111
"Matched preparation pairs",-8.48611111111111
"Matched preparation pairs",-18.7516666666667
"Matched preparation pairs",-13.1633333333333
"Matched preparation pairs",-12.405
"Matched preparation pairs",-11.105
"Matched preparation pairs",-13.3111111111111
"Matched preparation pairs",-14.535
"Matched preparation pairs",-11.5366666666667
"Matched preparation pairs",-15.3183333333333
"Matched preparation pairs",-16.3394444444444
"Matched preparation pairs",-11.6416666666667
"Matched preparation pairs",-8.39666666666666
"Matched preparation pairs",-8.79055555555556
"Matched preparation pairs",-11.1972222222222
"Matched preparation pairs",-14.0883333333333
"Matched preparation pairs",-11.4305555555556
"Matched preparation pairs",-15.9405555555556
"Matched preparation pairs",-11.1461111111111
"Matched preparation pairs",-12.4633333333333
"Matched preparation pairs",-7.45611111111111
"Matched preparation pairs",-16.3577777777778
"Matched preparation pairs",-13.3533333333333
"Matched preparation pairs",-22.7705555555556
"Matched preparation pairs",-23.1244444444444
"Matched preparation pairs",-15.5572222222222
"Matched preparation pairs",-12.8905555555556
"Matched preparation pairs",-15.965
"Matched preparation pairs",-8.04722222222222
"Matched preparation pairs",-10.4905555555556
"Matched preparation pairs",-19.7666666666667
"Matched preparation pairs",-10.5655555555555
"Matched preparation pairs",-16.1161111111111
"Matched preparation pairs",-9.295
"Matched preparation pairs",-13.8105555555556
"Matched preparation pairs",-23.1338888888889
"Matched preparation pairs",-11.2916666666667
"Matched preparation pairs",-10.5777777777778
"Matched preparation pairs",-13.5133333333333
"Matched preparation pairs",-19.385
"Matched preparation pairs",-9.25166666666667
"Matched preparation pairs",-4.7938888888889
"Matched preparation pairs",-10.9816666666667
"Matched preparation pairs",-5.39111111111112
"Matched preparation pairs",-7.43388888888889
"Matched preparation pairs",-16.1122222222222
"Matched preparation pairs",-10.0583333333333
"Matched preparation pairs",-14.8855555555556
"Matched preparation pairs",-11.0283333333333
"Matched preparation pairs",-21.8422222222222
"Matched preparation pairs",-14.2833333333333
"Matched preparation pairs",-20.6488888888889
"Matched preparation pairs",-6.99166666666666
"Matched preparation pairs",-11.5816666666667
"Matched preparation pairs",-14.9805555555556
"Matched preparation pairs",-13.3922222222222
"Matched preparation pairs",-9.65611111111111
"Matched preparation pairs",-16.9855555555556
"Matched preparation pairs",-14.4388888888889
"Matched preparation pairs",-8.565
"Matched preparation pairs",-19.9066666666667
"Matched preparation pairs",-14.1394444444444
"Matched preparation pairs",-19.2494444444444
"Matched preparation pairs",-20.6433333333333
"Matched preparation pairs",-10.455
"Matched preparation pairs",-19.1033333333333
"Matched preparation pairs",-17.9166666666667
"Matched preparation pairs",-11.3683333333333
"Matched preparation pairs",-13.0633333333333
"Matched preparation pairs",-14.025
"Matched preparation pairs",-19.1694444444444
"Matched preparation pairs",-15.2916666666667
"Matched preparation pairs",-7.75333333333333
"Matched preparation pairs",-14.715
"Matched preparation pairs",-15.8644444444444
"Matched preparation pairs",-14.0688888888889
"Matched preparation pairs",-7.16722222222222
"Matched preparation pairs",-15.2644444444444
"Matched preparation pairs",-18.2022222222222
"Matched preparation pairs",-14.6877777777778
"Matched preparation pairs",-24.445
"Matched preparation pairs",-12.8116666666667
"Matched preparation pairs",-13.6666666666667
"Matched preparation pairs",-12.2061111111111
"Matched preparation pairs",-13.01
"Matched preparation pairs",-13.6672222222222
"Matched preparation pairs",-12.5872222222222
"Matched preparation pairs",-9.50555555555555
"Matched preparation pairs",-14.0844444444444
"Matched preparation pairs",-21.5172222222222
"Matched preparation pairs",-14.6144444444444
"Matched preparation pairs",-21.8305555555555
"Matched preparation pairs",-13.735
"Matched preparation pairs",-15.8394444444444
"Matched preparation pairs",-14.385
"Matched preparation pairs",-12.1866666666667
"Matched preparation pairs",-11.61
"Matched preparation pairs",-20.7416666666667
"Matched preparation pairs",-8.94555555555555
"Matched preparation pairs",-12.2394444444444
"Matched preparation pairs",-14.5783333333333
"Matched preparation pairs",-15.7372222222222
"Matched preparation pairs",-14.4594444444444
"Matched preparation pairs",-12.1527777777778
"Matched preparation pairs",-12.5655555555556
"Matched preparation pairs",-18.3844444444444
"Matched preparation pairs",-16.2255555555556
"Matched preparation pairs",-15.9694444444444
"Matched preparation pairs",-16.4088888888889
"Matched preparation pairs",-7.38111111111111
"Matched preparation pairs",-9.57277777777777
"Matched preparation pairs",-12.0755555555556
"Matched preparation pairs",-13.835
"Matched preparation pairs",-20.7138888888889
"Matched preparation pairs",-11.84
"Matched preparation pairs",-18.8772222222222
"Matched preparation pairs",-9.59833333333333
"Matched preparation pairs",-11.1083333333333
"Matched preparation pairs",-14.5877777777778
"Matched preparation pairs",-13.2816666666667
"Matched preparation pairs",-16.2777777777778
"Matched preparation pairs",-14.7338888888889
"Matched preparation pairs",-9.63777777777778
"Matched preparation pairs",-19.825
"Matched preparation pairs",-16.895
"Matched preparation pairs",-10.6461111111111
"Matched preparation pairs",-14.1588888888889
"Matched preparation pairs",-15.8894444444444
"Matched preparation pairs",-15.8955555555556
"Matched preparation pairs",-23.8683333333333
"Matched preparation pairs",-14.975
"Matched preparation pairs",-19.4383333333333
"Matched preparation pairs",-20.0177777777778
"Matched preparation pairs",-12.9672222222222
"Matched preparation pairs",-14.6833333333333
"Matched preparation pairs",-23.5661111111111
"Matched preparation pairs",-13.2188888888889
"Matched preparation pairs",-12.2094444444444
"Matched preparation pairs",-12.4883333333333
"Matched preparation pairs",-12.1633333333333
"Matched preparation pairs",-13.4033333333333
"Matched preparation pairs",-13.55
"Matched preparation pairs",-5.58833333333334
"Matched preparation pairs",-18.6527777777778
"Matched preparation pairs",-14.7055555555556
"Matched preparation pairs",-6.33888888888889
"Matched preparation pairs",-17.0411111111111
"Matched preparation pairs",-15.7566666666667
"Matched preparation pairs",-12.8544444444444
"Matched preparation pairs",-15.4494444444444
"Matched preparation pairs",-7.79055555555555
"Matched preparation pairs",-12.1205555555556
"Matched preparation pairs",-8.77722222222222
"Matched preparation pairs",-14.23
"Matched preparation pairs",-4.62944444444445
"Matched preparation pairs",-12.6788888888889
"Matched preparation pairs",-12.0516666666667
"Matched preparation pairs",-17.0055555555556
"Matched preparation pairs",-15.2022222222222
"Matched preparation pairs",-7.82611111111112
"Matched preparation pairs",-17.9683333333333
"Matched preparation pairs",-26.6494444444444
"Matched preparation pairs",-7.17333333333334
"Matched preparation pairs",-8.45222222222223
"Matched preparation pairs",-15.8333333333333
"Matched preparation pairs",-14.8005555555555
"Matched preparation pairs",-18.8872222222222
"Matched preparation pairs",-21.1955555555556
"Matched preparation pairs",-11.185
"Matched preparation pairs",-6.15777777777777
"Matched preparation pairs",-13.7111111111111
"Matched preparation pairs",-17.2494444444444
"Matched preparation pairs",-13.5927777777778
"Matched preparation pairs",-12.7611111111111
"Matched preparation pairs",-17.1805555555556
"Matched preparation pairs",-20.8116666666667
"Matched preparation pairs",-9.83333333333333
"Matched preparation pairs",-13.6766666666667
"Matched preparation pairs",-13.0066666666667
"Matched preparation pairs",-8.58888888888889
"Matched preparation pairs",-17.7666666666667
"Matched preparation pairs",-14.2305555555556
"Matched preparation pairs",-15.9361111111111
"Matched preparation pairs",-19.6516666666667
"Matched preparation pairs",-20.205
"Matched preparation pairs",-12.8194444444444
"Matched preparation pairs",-11.9283333333333
"Matched preparation pairs",-11.6944444444444
"Matched preparation pairs",-17.4388888888889
"Matched preparation pairs",-20.2188888888889
"Matched preparation pairs",-11.1227777777778
"Matched preparation pairs",-13.8972222222222
"Matched preparation pairs",-13.3644444444444
"Matched preparation pairs",-14.6994444444444
"Matched preparation pairs",-18.3655555555556
"Matched preparation pairs",-18.0627777777778
"Matched preparation pairs",-10.9677777777778
"Matched preparation pairs",-23.2766666666667
"Matched preparation pairs",-13.5611111111111
"Matched preparation pairs",-15.7666666666667
"Matched preparation pairs",-8.97611111111111
"Matched preparation pairs",-11.605
"Matched preparation pairs",-14.0155555555556
"Matched preparation pairs",-13.0811111111111
"Matched preparation pairs",-13.2611111111111
"Matched preparation pairs",-14.3516666666667
"Matched preparation pairs",-16.6755555555556
"Matched preparation pairs",-18.8088888888889
"Matched preparation pairs",-13.8888888888889
"Matched preparation pairs",-17.2911111111111
"Matched preparation pairs",-15.7844444444444
"Matched preparation pairs",-12.0005555555556
"Matched preparation pairs",-16.3766666666667
"Matched preparation pairs",-20.6911111111111
"Matched preparation pairs",-18.1255555555556
"Matched preparation pairs",-13.1766666666667
"Matched preparation pairs",-25.285
"Matched preparation pairs",-7.71777777777777
"Matched preparation pairs",-14.005
"Matched preparation pairs",-21.3616666666667
"Matched preparation pairs",-14.345
"Matched preparation pairs",-17.8122222222222
"Matched preparation pairs",-17.4333333333333
"Matched preparation pairs",-13.8394444444444
"Matched preparation pairs",-13.0583333333333
"Matched preparation pairs",-10.4233333333333
"Matched preparation pairs",-18.1
"Matched preparation pairs",-8.03055555555556
"Matched preparation pairs",-12.4316666666667
"Matched preparation pairs",-12.4261111111111
"Matched preparation pairs",-20.065
"Matched preparation pairs",-12.4644444444445
"Matched preparation pairs",-18.2411111111111
"Matched preparation pairs",-13.3211111111111
"Matched preparation pairs",-20.7155555555556
"Matched preparation pairs",-15.1461111111111
"Matched preparation pairs",-17.495
"Matched preparation pairs",-16.9883333333333
"Matched preparation pairs",-16.1072222222222
"Matched preparation pairs",-11.0116666666667
"Matched preparation pairs",-21.7622222222222
"Matched preparation pairs",-21.3061111111111
"Matched preparation pairs",-11.0638888888889
"Matched preparation pairs",-10.3716666666667
"Matched preparation pairs",-20.0172222222222
"Matched preparation pairs",-15.8305555555556
"Matched preparation pairs",-13.8661111111111
"Matched preparation pairs",-6.61722222222222
"Matched preparation pairs",-22.7788888888889
"Matched preparation pairs",-17.1988888888889
"Matched preparation pairs",-13.4222222222222
"Matched preparation pairs",-12.8927777777778
"Matched preparation pairs",-15.9127777777778
"Matched preparation pairs",-9.79944444444445
"Matched preparation pairs",-11.4144444444444
"Matched preparation pairs",-14.5522222222222
"Matched preparation pairs",-11.7844444444444
"Matched preparation pairs",-19.9333333333333
"Matched preparation pairs",-17.5194444444444
"Matched preparation pairs",-15.1733333333333
"Matched preparation pairs",-10.1883333333333
"Matched preparation pairs",-10.6266666666667
"Matched preparation pairs",-12.2894444444444
"Matched preparation pairs",-8.07166666666667
"Matched preparation pairs",-22.7505555555556
"Matched preparation pairs",-12.6483333333333
"Matched preparation pairs",-3.19722222222222
"Matched preparation pairs",-11.47
"Matched preparation pairs",-20.0333333333333
"Matched preparation pairs",-19.1038888888889
"Matched preparation pairs",-18.7655555555556
"Matched preparation pairs",-16.4216666666667
"Matched preparation pairs",-12.1611111111111
"Matched preparation pairs",-15.5038888888889
"Matched preparation pairs",-14.2472222222222
"Matched preparation pairs",-15.1405555555556
"Matched preparation pairs",-16.9233333333333
"Matched preparation pairs",-15.1477777777778
"Matched preparation pairs",-18.2122222222222
"Matched preparation pairs",-17.3094444444444
"Matched preparation pairs",-16.3616666666667
"Matched preparation pairs",-17.7927777777778
"Matched preparation pairs",-11.3383333333333
"Matched preparation pairs",-9.91666666666666
"Matched preparation pairs",-15.18
"Matched preparation pairs",-16.0788888888889
"Matched preparation pairs",-13.8994444444444
"Matched preparation pairs",-17.6088888888889
"Matched preparation pairs",-21.1661111111111
"Matched preparation pairs",-11.9594444444444
"Matched preparation pairs",-10.08
"Matched preparation pairs",-15.3022222222222
"Matched preparation pairs",-7.77055555555556
"Matched preparation pairs",-10.4188888888889
"Matched preparation pairs",-15.2916666666667
"Matched preparation pairs",-10.3588888888889
"Matched preparation pairs",-15.0655555555556
"Matched preparation pairs",-15.4088888888889
"Matched preparation pairs",-10.1161111111111
"Matched preparation pairs",-15.3933333333333
"Matched preparation pairs",-9.55888888888889
"Matched preparation pairs",-18.5194444444444
"Matched preparation pairs",-18.6155555555556
"Matched preparation pairs",-14.0877777777778
"Matched preparation pairs",-15.7877777777778
"Matched preparation pairs",-13.6911111111111
"Matched preparation pairs",-18.365
"Matched preparation pairs",-4.65277777777778
"Matched preparation pairs",-7.79111111111111
"Matched preparation pairs",-14.255
"Matched preparation pairs",-7.98722222222222
"Matched preparation pairs",-15.5588888888889
"Matched preparation pairs",-16.2372222222222
"Matched preparation pairs",-18.5872222222222
"Matched preparation pairs",-23.0494444444444
"Matched preparation pairs",-17.6477777777778
"Matched preparation pairs",-6.88555555555557
"Matched preparation pairs",-13.815
"Matched preparation pairs",-15.6944444444444
"Matched preparation pairs",-16.4422222222222
"Matched preparation pairs",-13.8738888888889
"Matched preparation pairs",-13.4083333333333
"Matched preparation pairs",-10.9588888888889
"Matched preparation pairs",-17.03
"Matched preparation pairs",-15.2305555555556
"Matched preparation pairs",-9.11722222222223
"Matched preparation pairs",-16.5633333333333
"Matched preparation pairs",-9.76611111111111
"Matched preparation pairs",-13.9883333333333
"Matched preparation pairs",-21.0211111111111
"Matched preparation pairs",-15.2566666666667
"Matched preparation pairs",-20.0822222222222
"Matched preparation pairs",-10.8927777777778
"Matched preparation pairs",-13.4388888888889
"Matched preparation pairs",-18.6744444444445
"Matched preparation pairs",-13.12
"Matched preparation pairs",-13.4966666666667
"Matched preparation pairs",-19.0472222222222
"Matched preparation pairs",-14.0644444444444
"Matched preparation pairs",-17.0044444444444
"Matched preparation pairs",-17.0572222222222
"Matched preparation pairs",-8.48166666666667
"Matched preparation pairs",-9.88055555555556
"Matched preparation pairs",-18.7655555555555
"Matched preparation pairs",-10.9588888888889
"Matched preparation pairs",-13.2155555555556
"Matched preparation pairs",-17.5411111111111
"Matched preparation pairs",-8.82222222222222
"Matched preparation pairs",-20.0305555555556
"Matched preparation pairs",-12.3277777777778
"Matched preparation pairs",-12.6205555555556
"Matched preparation pairs",-9.32111111111111
"Matched preparation pairs",-11.7394444444444
"Matched preparation pairs",-15.685
"Matched preparation pairs",-10.5144444444444
"Matched preparation pairs",-16.2994444444444
"Matched preparation pairs",-12.1188888888889
"Matched preparation pairs",-9.995
"Matched preparation pairs",-15.1172222222222
"Matched preparation pairs",-12.8766666666667
"Matched preparation pairs",-13.0755555555556
"Matched preparation pairs",-10.8883333333333
"Matched preparation pairs",-18.1338888888889
"Matched preparation pairs",-16.72
"Matched preparation pairs",-11.5416666666667
"Matched preparation pairs",-15.3922222222222
"Matched preparation pairs",-14.9983333333333
"Matched preparation pairs",-13.6805555555556
"Matched preparation pairs",-9.815
"Matched preparation pairs",-22.5427777777778
"Matched preparation pairs",-15.1961111111111
"Matched preparation pairs",-7.50333333333333
"Matched preparation pairs",-13.9877777777778
"Matched preparation pairs",-6.49777777777778
"Matched preparation pairs",-6.88555555555555
"Matched preparation pairs",-16.3611111111111
"Matched preparation pairs",-15.5377777777778
"Matched preparation pairs",-8.14055555555556
"Matched preparation pairs",-17.8933333333333
"Matched preparation pairs",-5.57555555555555
"Matched preparation pairs",-5.62833333333333
"Matched preparation pairs",-11.8938888888889
"Matched preparation pairs",-18.9983333333333
"Matched preparation pairs",-20.3661111111111
"Matched preparation pairs",-14.1694444444444
"Matched preparation pairs",-15.1483333333333
"Matched preparation pairs",-18.1405555555556
"Matched preparation pairs",-18.045
"Matched preparation pairs",-11.595
"Matched preparation pairs",-17.4072222222222
"Matched preparation pairs",-16.8205555555556
"Matched preparation pairs",-11.205
"Matched preparation pairs",-9.29333333333333
"Matched preparation pairs",-9.15333333333333
"Matched preparation pairs",-16.6161111111111
"Matched preparation pairs",-18.3361111111111
"Matched preparation pairs",-12.365
"Matched preparation pairs",-5.79
"Matched preparation pairs",-15.4827777777778
"Matched preparation pairs",-15.2216666666666
"Matched preparation pairs",-8.40888888888889
"Matched preparation pairs",-18.0127777777778
"Matched preparation pairs",-12.8711111111111
"Matched preparation pairs",-13.4561111111111
"Matched preparation pairs",-15.9972222222222
"Matched preparation pairs",-15.6072222222222
"Matched preparation pairs",-6.16166666666667
"Matched preparation pairs",-10.7772222222222
"Matched preparation pairs",-17.2383333333333
"Matched preparation pairs",-14.4805555555556
"Matched preparation pairs",-7.87722222222222
"Matched preparation pairs",-12.6166666666667
"Matched preparation pairs",-14.5588888888889
"Matched preparation pairs",-21.6322222222222
"Matched preparation pairs",-10.0472222222222
"Matched preparation pairs",-16.3411111111111
"Matched preparation pairs",-14.6227777777778
"Matched preparation pairs",-17.1122222222222
"Matched preparation pairs",-10.8883333333333
"Matched preparation pairs",-14.4494444444444
"Matched preparation pairs",-13.7133333333333
"Matched preparation pairs",-11.3322222222222
"Matched preparation pairs",-15.235
"Matched preparation pairs",-16.8205555555555
"Matched preparation pairs",-14.0688888888889
"Matched preparation pairs",-18.2755555555555
"Matched preparation pairs",-13.4294444444444
"Matched preparation pairs",-18.6444444444444
"Matched preparation pairs",-12.7572222222222
"Matched preparation pairs",-18.6077777777778
"Matched preparation pairs",-13.6488888888889
"Matched preparation pairs",-19.6483333333333
"Matched preparation pairs",-20.1994444444444
"Matched preparation pairs",-18.7427777777778
"Matched preparation pairs",-18.5577777777778
"Matched preparation pairs",-10.1411111111111
"Matched preparation pairs",-11.9883333333333
"Matched preparation pairs",-13.1888888888889
"Matched preparation pairs",-27.5472222222222
"Matched preparation pairs",-9.02666666666667
"Matched preparation pairs",-11.2983333333333
"Matched preparation pairs",-11.6372222222222
"Matched preparation pairs",-15.7638888888889
"Matched preparation pairs",-14.5255555555556
"Matched preparation pairs",-10.1422222222222
"Matched preparation pairs",-15.5883333333333
"Matched preparation pairs",-13.2416666666667
"Matched preparation pairs",-12.8216666666667
"Matched preparation pairs",-19.3811111111111
"Matched preparation pairs",-12.0972222222222
"Matched preparation pairs",-5.54888888888888
"Matched preparation pairs",-7.74555555555555
"Matched preparation pairs",-16.8522222222222
"Matched preparation pairs",-18.0727777777778
"Matched preparation pairs",-12.2172222222222
"Matched preparation pairs",-23.7111111111111
"Matched preparation pairs",-18.2577777777778
"Matched preparation pairs",-14.6183333333333
"Matched preparation pairs",-9.23944444444445
"Matched preparation pairs",-7.555
"Matched preparation pairs",-18.4833333333333
"Matched preparation pairs",-14.6655555555556
"Matched preparation pairs",-4.77277777777778
"Matched preparation pairs",-16.8961111111111
"Matched preparation pairs",-19.4238888888889
"Matched preparation pairs",-16.2288888888889
"Matched preparation pairs",-16.85
"Matched preparation pairs",-10.7994444444444
"Matched preparation pairs",-10.2272222222222
"Matched preparation pairs",-14.1972222222222
"Matched preparation pairs",-17.9688888888889
"Matched preparation pairs",-13.9822222222222
"Matched preparation pairs",-13.98
"Matched preparation pairs",-18.8666666666667
"Matched preparation pairs",-13.7694444444444
"Matched preparation pairs",-18.8583333333333
"Matched preparation pairs",-13.0933333333333
"Matched preparation pairs",-17.6588888888889
"Matched preparation pairs",-12.0077777777778
"Matched preparation pairs",-8.825
"Matched preparation pairs",-9.46333333333333
"Matched preparation pairs",-14.1338888888889
"Matched preparation pairs",-18.4616666666667
"Matched preparation pairs",-16.1438888888889
"Matched preparation pairs",-13.9888888888889
"Matched preparation pairs",-14.9216666666667
"Matched preparation pairs",-14.075
"Matched preparation pairs",-12.7622222222222
"Matched preparation pairs",-15.2711111111111
"Matched preparation pairs",-19.3805555555555
"Matched preparation pairs",-15.9644444444444
"Matched preparation pairs",-12.645
"Matched preparation pairs",-19.1694444444444
"Matched preparation pairs",-14.9905555555555
"Matched preparation pairs",-14.6361111111111
"Matched preparation pairs",-12.1761111111111
"Matched preparation pairs",-17.4911111111111
"Matched preparation pairs",-7.31444444444445
"Matched preparation pairs",-14.6472222222222
"Matched preparation pairs",-10.2588888888889
"Matched preparation pairs",-13.1183333333333
"Matched preparation pairs",-5.71555555555555
"Matched preparation pairs",-14.6527777777778
"Matched preparation pairs",-18.0111111111111
"Matched preparation pairs",-9.58722222222222
"Matched preparation pairs",-13.6361111111111
"Matched preparation pairs",-12.6872222222222
"Matched preparation pairs",-9.02444444444444
"Matched preparation pairs",-13.7433333333333
"Matched preparation pairs",-18.7405555555556
"Matched preparation pairs",-16.8238888888889
"Matched preparation pairs",-14.0783333333333
"Matched preparation pairs",-18.0905555555556
"Matched preparation pairs",-12.4905555555556
"Matched preparation pairs",-13.0638888888889
"Matched preparation pairs",-10.2183333333333
"Matched preparation pairs",-16.4333333333333
"Matched preparation pairs",-17.56
"Matched preparation pairs",-7.82944444444444
"Matched preparation pairs",-10.7411111111111
"Matched preparation pairs",-18.9222222222222
"Matched preparation pairs",-17.5555555555556
"Matched preparation pairs",-14.1661111111111
"Matched preparation pairs",-10.9555555555556
"Matched preparation pairs",-19.7072222222222
"Matched preparation pairs",-19.6016666666667
"Matched preparation pairs",-13.9433333333333
"Matched preparation pairs",-14.8822222222222
"Matched preparation pairs",-8.41944444444445
"Matched preparation pairs",-15.3333333333333
"Matched preparation pairs",-13.7155555555556
"Matched preparation pairs",-15.4155555555556
"Matched preparation pairs",-15.2066666666667
"Matched preparation pairs",-11.1422222222222
"Matched preparation pairs",-18.6638888888889
"Matched preparation pairs",-13.0083333333333
"Matched preparation pairs",-15.4566666666667
"Matched preparation pairs",-19.935
"Matched preparation pairs",-13.2261111111111
"Matched preparation pairs",-5.86611111111111
"Matched preparation pairs",-11.6216666666667
"Matched preparation pairs",-20.4955555555556
"Matched preparation pairs",-10.17
"Matched preparation pairs",-18.2505555555556
"Matched preparation pairs",-9.66444444444445
"Matched preparation pairs",-13.4166666666667
"Matched preparation pairs",-12.5077777777778
"Matched preparation pairs",-17.3738888888889
"Matched preparation pairs",-13.7516666666667
"Matched preparation pairs",-18.6016666666667
"Matched preparation pairs",-9.71833333333334
"Matched preparation pairs",-5.28666666666667
"Matched preparation pairs",-18.2566666666667
"Matched preparation pairs",-16.035
"Matched preparation pairs",-19.2244444444444
"Matched preparation pairs",-14.1288888888889
"Matched preparation pairs",-18.99
"Matched preparation pairs",-19.5077777777778
"Matched preparation pairs",-13.8088888888889
"Matched preparation pairs",-19.0805555555556
"Matched preparation pairs",-17.8155555555556
"Matched preparation pairs",-7.73611111111111
"Matched preparation pairs",-13.0344444444444
"Matched preparation pairs",-11.7861111111111
"Matched preparation pairs",-17.075
"Matched preparation pairs",-9.37555555555556
"Matched preparation pairs",-11.7833333333333
"Matched preparation pairs",-13.085
"Matched preparation pairs",-11.6105555555555
"Matched preparation pairs",-21.1705555555556
"Matched preparation pairs",-16.8105555555555
"Matched preparation pairs",-14.8688888888889
"Matched preparation pairs",-17.6511111111111
"Matched preparation pairs",-8.08
"Matched preparation pairs",-12.3655555555556
"Matched preparation pairs",-10.4338888888889
"Matched preparation pairs",-11.9494444444444
"Matched preparation pairs",-20.4
"Matched preparation pairs",-10.1933333333333
"Matched preparation pairs",-14.9533333333333
"Matched preparation pairs",-16.19
"Matched preparation pairs",-14.7633333333333
"Matched preparation pairs",-13.3311111111111
"Matched preparation pairs",-11.2333333333333
"Matched preparation pairs",-12.2511111111111
"Matched preparation pairs",-8.81222222222223
"Matched preparation pairs",-26.9655555555556
"Matched preparation pairs",-13.0466666666667
"Matched preparation pairs",-12.1888888888889
"Matched preparation pairs",-24.5316666666667
"Matched preparation pairs",-13.2816666666667
"Matched preparation pairs",-16.0755555555556
"Matched preparation pairs",-19.695
"Matched preparation pairs",-19.4833333333333
"Matched preparation pairs",-15.8188888888889
"Matched preparation pairs",-6.12999999999999
"Matched preparation pairs",-19.9233333333333
"Matched preparation pairs",-20.5072222222222
"Matched preparation pairs",-13.595
"Matched preparation pairs",-13.6116666666667
"Matched preparation pairs",-16.0127777777778
"Matched preparation pairs",-21.265
"Matched preparation pairs",-13.9066666666667
"Matched preparation pairs",-10.1727777777778
"Matched preparation pairs",-21.5516666666667
"Matched preparation pairs",-20.4527777777778
"Matched preparation pairs",-17.2955555555556
"Matched preparation pairs",-10.3833333333333
"Matched preparation pairs",-14.3155555555556
"Matched preparation pairs",-14.0977777777778
"Matched preparation pairs",-11.8627777777778
"Matched preparation pairs",-16.5922222222222
"Matched preparation pairs",-15.895
"Matched preparation pairs",-18.1672222222222
"Matched preparation pairs",-12.8533333333333
"Matched preparation pairs",-10.6744444444444
"Matched preparation pairs",-20.2294444444444
"Matched preparation pairs",-20.5738888888889
"Matched preparation pairs",-22.9311111111111
"Matched preparation pairs",-12.065
"Matched preparation pairs",-13.7772222222222
"Matched preparation pairs",-18.7694444444444
"Matched preparation pairs",-14.11
"Matched preparation pairs",-9.52111111111111
"Matched preparation pairs",-12.9811111111111
"Matched preparation pairs",-14.9155555555556
"Matched preparation pairs",-13.0822222222222
"Matched preparation pairs",-7.75888888888889
"Matched preparation pairs",-12.0577777777778
"Matched preparation pairs",-11.6644444444444
"Matched preparation pairs",-11.6144444444444
"Matched preparation pairs",-14.6338888888889
"Matched preparation pairs",-11.3555555555556
"Matched preparation pairs",-10.9655555555556
"Matched preparation pairs",-17.1855555555556
"Matched preparation pairs",-15.7277777777778
"Matched preparation pairs",-11.2011111111111
"Matched preparation pairs",-12.2955555555556
"Matched preparation pairs",-6.82388888888889
"Matched preparation pairs",-8.24611111111111
"Matched preparation pairs",-14.0883333333333
"Matched preparation pairs",-20.2766666666667
"Matched preparation pairs",-8.17277777777778
"Matched preparation pairs",-16.475
"Matched preparation pairs",-15.0155555555556
"Matched preparation pairs",-22.3138888888889
"Matched preparation pairs",-11.405
"Matched preparation pairs",-15.9172222222222
"Matched preparation pairs",-14.2516666666667
"Matched preparation pairs",-15.15
"Matched preparation pairs",-13.7588888888889
"Matched preparation pairs",-14.7594444444444
"Matched preparation pairs",-8.14222222222222
"Matched preparation pairs",-12.5905555555555
"Matched preparation pairs",-12.8038888888889
"Matched preparation pairs",-13.4516666666667
"Matched preparation pairs",-13.3594444444445
"Matched preparation pairs",-9.08166666666667
"Matched preparation pairs",-18.7355555555556
"Matched preparation pairs",-4.22777777777778
"Matched preparation pairs",-18.0811111111111
"Matched preparation pairs",-9.89333333333333
"Matched preparation pairs",-15.5733333333333
"Matched preparation pairs",-20.9561111111111
"Matched preparation pairs",-22.3672222222222
"Matched preparation pairs",-14.3477777777778
"Matched preparation pairs",-21.7422222222222
"Matched preparation pairs",-12.065
"Matched preparation pairs",-21.9127777777778
"Matched preparation pairs",-12.6627777777778
"Matched preparation pairs",-11.6061111111111
"Matched preparation pairs",-12.3155555555556
"Matched preparation pairs",-10.1255555555556
"Matched preparation pairs",-10.4522222222222
"Matched preparation pairs",-17.055
"Matched preparation pairs",-16.9838888888889
"Matched preparation pairs",-14.5177777777778
"Matched preparation pairs",-11.5027777777778
"Matched preparation pairs",-13.8244444444444
"Matched preparation pairs",-9.12166666666666
"Matched preparation pairs",-10.4594444444444
"Matched preparation pairs",-15.1044444444444
"Matched preparation pairs",-11.5683333333333
"Matched preparation pairs",-13.0033333333333
"Matched preparation pairs",-17.7738888888889
"Matched preparation pairs",-13.4661111111111
"Matched preparation pairs",-19.0216666666667
"Matched preparation pairs",-16.5433333333333
"Matched preparation pairs",-19.3694444444444
"Matched preparation pairs",-16.0144444444444
"Matched preparation pairs",-15.3527777777778
"Matched preparation pairs",-10.7305555555556
"Matched preparation pairs",-11.4005555555556
"Matched preparation pairs",-11.6244444444444
"Matched preparation pairs",-14.4866666666667
"Matched preparation pairs",-9.97722222222223
"Matched preparation pairs",-14.2188888888889
"Matched preparation pairs",-15.6694444444444
"Matched preparation pairs",-7.63833333333334
"Matched preparation pairs",-14.7033333333333
"Matched preparation pairs",-9.40833333333333
"Matched preparation pairs",-13.3538888888889
"Matched preparation pairs",-19.4938888888889
"Matched preparation pairs",-13.9211111111111
"Matched preparation pairs",-15.46
"Matched preparation pairs",-6.19944444444444
"Matched preparation pairs",-15.0027777777778
"Matched preparation pairs",-8.21777777777778
"Matched preparation pairs",-19.5555555555555
"Matched preparation pairs",-15.5755555555556
"Matched preparation pairs",-10.2138888888889
"Matched preparation pairs",-17.1077777777778
"Matched preparation pairs",-22.3083333333333
"Matched preparation pairs",-11.5094444444444
"Matched preparation pairs",-11.1072222222222
"Matched preparation pairs",-12.7833333333333
"Matched preparation pairs",-17.4511111111111
"Matched preparation pairs",-14.6244444444444
"Matched preparation pairs",-19.3872222222222
"Matched preparation pairs",-10.2627777777778
"Matched preparation pairs",-15.8377777777778
"Matched preparation pairs",-6.55833333333333
"Matched preparation pairs",-11.1383333333333
"Matched preparation pairs",-11.4722222222222
"Matched preparation pairs",-13.7144444444444
"Matched preparation pairs",-13.7861111111111
"Matched preparation pairs",-15.5988888888889
"Matched preparation pairs",-10.105
"Matched preparation pairs",-18.7622222222222
"Matched preparation pairs",-16.9144444444444
"Matched preparation pairs",-16.9961111111111
"Matched preparation pairs",-12.4277777777778
"Matched preparation pairs",-9.27166666666667
"Matched preparation pairs",-21.0994444444444
"Matched preparation pairs",-6.74944444444444
"Matched preparation pairs",-17.6505555555555
"Matched preparation pairs",-8.66277777777778
"Matched preparation pairs",-9.73166666666667
"Matched preparation pairs",-11.4538888888889
"Matched preparation pairs",-5.78055555555555
"Matched preparation pairs",-13.3183333333333
"Matched preparation pairs",-17.2005555555556
"Matched preparation pairs",-12.3261111111111
"Matched preparation pairs",-13.1661111111111
"Matched preparation pairs",-7.32222222222222
"Matched preparation pairs",-16.4877777777778
"Matched preparation pairs",-15.8127777777778
"Matched preparation pairs",-13.2394444444444
"Matched preparation pairs",-9.13166666666667
"Matched preparation pairs",-13.9333333333333
"Matched preparation pairs",-12.4694444444444
"Matched preparation pairs",-15.1322222222222
"Matched preparation pairs",-12.795
"Matched preparation pairs",-13.2711111111111
"Matched preparation pairs",-16.5827777777778
"Matched preparation pairs",-16.8377777777778
"Matched preparation pairs",-14.4377777777778
"Matched preparation pairs",-16.9072222222222
"Matched preparation pairs",-11.1522222222222
"Matched preparation pairs",-14.8155555555556
"Matched preparation pairs",-16.0055555555556
"Matched preparation pairs",-10.2905555555556
"Matched preparation pairs",-15.4877777777778
"Matched preparation pairs",-19.5305555555556
"Matched preparation pairs",-7.87666666666666
"Matched preparation pairs",-13.6872222222222
"Matched preparation pairs",-13.7755555555556
"Matched preparation pairs",-13.4661111111111
"Matched preparation pairs",-9.95222222222223
"Matched preparation pairs",-20.505
"Matched preparation pairs",-9.00722222222221
"Matched preparation pairs",-13.6133333333333
"Matched preparation pairs",-7.81722222222223
"Matched preparation pairs",-14.8027777777778
"Matched preparation pairs",-8.95
"Matched preparation pairs",-14.1766666666667
"Matched preparation pairs",-17.4255555555556
"Matched preparation pairs",-11.0061111111111
"Matched preparation pairs",-6.9638888888889
"Matched preparation pairs",-17.5638888888889
"Matched preparation pairs",-9.38333333333333
"Matched preparation pairs",-17.8594444444444
"Matched preparation pairs",-17.8888888888889
"Matched preparation pairs",-11.4122222222222
"Matched preparation pairs",-10.7205555555556
"Matched preparation pairs",-15.4794444444444
"Matched preparation pairs",-19.7433333333333
"Matched preparation pairs",-12.12
"Matched preparation pairs",-15.5844444444444
"Matched preparation pairs",-18.2377777777778
"Matched preparation pairs",-14.8027777777778
"Matched preparation pairs",-18.0416666666667
"Matched preparation pairs",-15.3911111111111
"Matched preparation pairs",-12.0244444444444
"Matched preparation pairs",-13.3361111111111
"Matched preparation pairs",-12.8388888888889
"Matched preparation pairs",-16.8688888888889
"Matched preparation pairs",-15.4927777777778
"Matched preparation pairs",-17.8444444444444
"Matched preparation pairs",-19.9916666666667
"Matched preparation pairs",-14.5627777777778
"Matched preparation pairs",-18.0255555555555
"Matched preparation pairs",-15.1877777777778
"Matched preparation pairs",-11.1955555555556
"Matched preparation pairs",-14.495
"Matched preparation pairs",-12.85
"Matched preparation pairs",-9.97055555555555
"Matched preparation pairs",-20.9811111111111
"Matched preparation pairs",-16.5027777777778
"Matched preparation pairs",-9.42888888888889
"Matched preparation pairs",-20.4594444444444
"Matched preparation pairs",-10.0522222222222
"Matched preparation pairs",-11.6361111111111
"Matched preparation pairs",-9.60888888888889
"Matched preparation pairs",-11.6011111111111
"Matched preparation pairs",-16.0566666666667
"Matched preparation pairs",-15.17
"Matched preparation pairs",-17.6588888888889
"Matched preparation pairs",-12.72
"Matched preparation pairs",-9.39
"Matched preparation pairs",-19.8022222222222
"Matched preparation pairs",-21.7233333333333
"Matched preparation pairs",-13.6127777777778
"Matched preparation pairs",-13.8055555555555
"Matched preparation pairs",-18.445
"Matched preparation pairs",-7.96444444444446
"Matched preparation pairs",-19.5572222222222
"Matched preparation pairs",-11.0394444444444
"Matched preparation pairs",-11.9422222222222
"Matched preparation pairs",-21.5377777777778
"Matched preparation pairs",-15.9738888888889
"Matched preparation pairs",-17.4855555555556
"Matched preparation pairs",-12.8711111111111
"Matched preparation pairs",-14.1594444444444
"Matched preparation pairs",-16.1416666666667
"Matched preparation pairs",-15.9561111111111
"Matched preparation pairs",-10.3488888888889
"Matched preparation pairs",-10.0177777777778
"Matched preparation pairs",-12.8266666666667
"Matched preparation pairs",-17.5733333333333
"Matched preparation pairs",-12.2083333333333
"Matched preparation pairs",-12.5972222222222
"Matched preparation pairs",-14.4666666666667
"Matched preparation pairs",-18.2205555555556
"Matched preparation pairs",-17.42
"Matched preparation pairs",-10.5233333333333
"Matched preparation pairs",-10.0833333333333
"Matched preparation pairs",-14.3366666666667
"Matched preparation pairs",-10.8566666666667
"Matched preparation pairs",-13.6816666666667
"Matched preparation pairs",-10.8905555555556
"Matched preparation pairs",-11.5316666666667
"Matched preparation pairs",-13.3394444444444
"Matched preparation pairs",-17.6477777777778
"Matched preparation pairs",-13.57
"Matched preparation pairs",-22.4322222222222
"Matched preparation pairs",-13.6538888888889
"Matched preparation pairs",-9.58
"Matched preparation pairs",-16.0233333333333
"Matched preparation pairs",-18.9616666666667
"Matched preparation pairs",-9.545
"Matched preparation pairs",-16.4772222222222
"Matched preparation pairs",-14.5083333333333
"Matched preparation pairs",-10.0144444444444
"Matched preparation pairs",-13.3727777777778
"Matched preparation pairs",-13.5966666666667
"Matched preparation pairs",-11.3266666666667
"Matched preparation pairs",-12.8561111111111
"Matched preparation pairs",-16.1244444444444
"Matched preparation pairs",-8.92277777777778
"Matched preparation pairs",-11.8833333333333
"Matched preparation pairs",-8.2961111111111
"Matched preparation pairs",-11.3844444444444
"Matched preparation pairs",-8.90666666666667
"Matched preparation pairs",-9.10722222222222
"Matched preparation pairs",-8.59666666666666
"Matched preparation pairs",-13.7311111111111
"Matched preparation pairs",-11.8322222222222
"Matched preparation pairs",-10.3844444444444
"Matched preparation pairs",-16.0216666666667
"Matched preparation pairs",-9.6188888888889
"Matched preparation pairs",-12.0644444444444
"Matched preparation pairs",-15.9327777777778
"Matched preparation pairs",-15.635
"Matched preparation pairs",-15.5822222222222
"Matched preparation pairs",-11.9877777777778
"Matched preparation pairs",-12.3988888888889
"Matched preparation pairs",-9.43555555555556
"Matched preparation pairs",-13.3755555555556
"Matched preparation pairs",-13.5338888888889
"Matched preparation pairs",-16.5344444444444
"Matched preparation pairs",-18.23
"Matched preparation pairs",-14.7811111111111
"Matched preparation pairs",-20.0888888888889
"Matched preparation pairs",-14.8133333333333
"Matched preparation pairs",-4.11111111111111
"Matched preparation pairs",-14.6894444444444
"Matched preparation pairs",-16.2227777777778
"Matched preparation pairs",-7.04777777777777
"Matched preparation pairs",-15.1911111111111
"Matched preparation pairs",-20.8955555555556
"Matched preparation pairs",-8.99555555555555
"Matched preparation pairs",-16.4394444444444
"Matched preparation pairs",-21.4433333333333
"Matched preparation pairs",-20.8283333333333
"Matched preparation pairs",-12.9288888888889
"Matched preparation pairs",-13.6666666666667
"Matched preparation pairs",-17.975
"Matched preparation pairs",-19.1966666666667
"Matched preparation pairs",-17.3188888888889
"Matched preparation pairs",-11.2077777777778
"Matched preparation pairs",-18.1
"Matched preparation pairs",-18.5544444444444
"Matched preparation pairs",-20.4072222222222
"Matched preparation pairs",-11.5016666666667
"Matched preparation pairs",-10.6222222222222
"Matched preparation pairs",-17.5355555555556
"Matched preparation pairs",-11.7355555555555
"Matched preparation pairs",-16.2194444444444
"Matched preparation pairs",-14.0794444444444
"Matched preparation pairs",-11.5377777777778
"Matched preparation pairs",-15.4994444444444
"Matched preparation pairs",-18.8661111111111
"Matched preparation pairs",-12.4538888888889
"Matched preparation pairs",-19.0805555555556
"Matched preparation pairs",-11.1305555555556
"Matched preparation pairs",-22.0266666666667
"Matched preparation pairs",-13.0683333333333
"Matched preparation pairs",-14.43
"Matched preparation pairs",-14.5438888888889
"Matched preparation pairs",-10.6122222222222
"Matched preparation pairs",-8.41444444444444
"Matched preparation pairs",-8.26
"Matched preparation pairs",-6.23277777777777
"Matched preparation pairs",-12.0216666666667
"Matched preparation pairs",-16.4833333333333
"Matched preparation pairs",-15.295
"Matched preparation pairs",-22.0583333333333
"Matched preparation pairs",-20.8944444444444
"Matched preparation pairs",-14.145
"Matched preparation pairs",-11.5794444444444
"Matched preparation pairs",-15.1388888888889
"Matched preparation pairs",-15.7544444444445
"Matched preparation pairs",-8.38833333333334
"Matched preparation pairs",-16.2588888888889
"Matched preparation pairs",-21.4366666666667
"Matched preparation pairs",-19.9538888888889
"Matched preparation pairs",-20.8533333333333
"Matched preparation pairs",-18.3216666666667
"Matched preparation pairs",-2.52333333333334
"Matched preparation pairs",-20.5688888888889
"Matched preparation pairs",-12.4044444444444
"Matched preparation pairs",-16.0383333333333
"Matched preparation pairs",-10.2738888888889
"Matched preparation pairs",-10.6216666666667
"Matched preparation pairs",-17.3072222222222
"Matched preparation pairs",-11.2477777777778
"Matched preparation pairs",-14.0783333333333
"Matched preparation pairs",-15.2205555555556
"Matched preparation pairs",-6.88111111111111
"Matched preparation pairs",-16.6183333333333
"Matched preparation pairs",-16.6038888888889
"Matched preparation pairs",-12.9583333333333
"Matched preparation pairs",-11.7977777777778
"Matched preparation pairs",-16.4738888888889
"Matched preparation pairs",-14.3472222222222
"Matched preparation pairs",-18.4366666666667
"Matched preparation pairs",-16.6911111111111
"Matched preparation pairs",-10.2483333333333
"Matched preparation pairs",-11.3933333333333
"Matched preparation pairs",-15.2277777777778
"Matched preparation pairs",-12.4483333333333
"Matched preparation pairs",-14.4244444444444
"Matched preparation pairs",-13.5322222222222
"Matched preparation pairs",-18.4827777777778
"Matched preparation pairs",-9.97666666666666
"Matched preparation pairs",-16.3055555555556
"Matched preparation pairs",-15.2527777777778
"Matched preparation pairs",-3.25277777777777
"Matched preparation pairs",-11.3666666666667
"Matched preparation pairs",-18.7694444444444
"Matched preparation pairs",-14.6216666666667
"Matched preparation pairs",-16.78
"Matched preparation pairs",-13.9722222222222
"Matched preparation pairs",-4.53277777777777
"Matched preparation pairs",-10.1244444444444
"Matched preparation pairs",-6.54666666666667
"Matched preparation pairs",-10.7261111111111
"Matched preparation pairs",-14.1311111111111
"Matched preparation pairs",-8.73166666666666
"Matched preparation pairs",-16.505
"Matched preparation pairs",-10.02
"Matched preparation pairs",-18.1672222222222
"Matched preparation pairs",-20.8777777777778
"Matched preparation pairs",-9.08111111111111
"Matched preparation pairs",-12.5794444444444
"Matched preparation pairs",-17.7816666666667
"Matched preparation pairs",-16.4155555555556
"Matched preparation pairs",-15.9172222222222
"Matched preparation pairs",-13.65
"Matched preparation pairs",-15.7927777777778
"Matched preparation pairs",-11.1688888888889
"Matched preparation pairs",-7.42944444444444
"Matched preparation pairs",-7.48222222222222
"Matched preparation pairs",-20.88
"Matched preparation pairs",-11.2088888888889
"Matched preparation pairs",-12.525
"Matched preparation pairs",-10.8622222222222
"Matched preparation pairs",-16.9266666666667
"Matched preparation pairs",-3.72166666666667
"Matched preparation pairs",-13.7861111111111
"Matched preparation pairs",-16.9066666666667
"Matched preparation pairs",-5.20666666666666
"Matched preparation pairs",-13.6505555555555
"Matched preparation pairs",-24.2983333333333
"Matched preparation pairs",-23.625
"Matched preparation pairs",-14.5588888888889
"Matched preparation pairs",-17.5888888888889
"Matched preparation pairs",-16.3077777777778
"Matched preparation pairs",-12.7516666666667
"Matched preparation pairs",-13.0594444444445
"Matched preparation pairs",-13.7333333333333
"Matched preparation pairs",-19.9055555555556
"Matched preparation pairs",-11.9811111111111
"Matched preparation pairs",-6.3038888888889
"Matched preparation pairs",-10.4905555555556
"Matched preparation pairs",-11.8566666666667
"Matched preparation pairs",-14.6527777777778
"Matched preparation pairs",-26.3583333333333
"Matched preparation pairs",-17.7277777777778
"Matched preparation pairs",-12.5894444444444
"Matched preparation pairs",-15.2088888888889
"Matched preparation pairs",-12.0483333333333
"Matched preparation pairs",-16.3827777777778
"Matched preparation pairs",-11.3994444444445
"Matched preparation pairs",-12.7166666666667
"Matched preparation pairs",-13.5311111111111
"Matched preparation pairs",-14.93
"Matched preparation pairs",-10.2888888888889
"Matched preparation pairs",-16.1616666666667
"Matched preparation pairs",-9.32722222222222
"Matched preparation pairs",-11.975
"Matched preparation pairs",-13.0727777777778
"Matched preparation pairs",-12.4572222222222
"Matched preparation pairs",-7.65222222222222
"Matched preparation pairs",-9.78277777777779
"Matched preparation pairs",-17.0333333333333
"Matched preparation pairs",-12.9111111111111
"Matched preparation pairs",-16.1783333333333
"Matched preparation pairs",-12.985
"Matched preparation pairs",-8.95611111111111
"Matched preparation pairs",-14.6055555555555
"Matched preparation pairs",-16.535
"Matched preparation pairs",-14.9888888888889
"Matched preparation pairs",-17.79
"Matched preparation pairs",-14.0666666666667
"Matched preparation pairs",-11.2411111111111
"Matched preparation pairs",-26.0933333333333
"Matched preparation pairs",-13.8022222222222
"Matched preparation pairs",-13.9794444444444
"Matched preparation pairs",-16.7716666666667
"Matched preparation pairs",-16.1788888888889
"Matched preparation pairs",-16.0866666666667
"Matched preparation pairs",-22.7877777777778
"Matched preparation pairs",-13.4127777777778
"Matched preparation pairs",-12.7644444444444
"Matched preparation pairs",-14.675
"Matched preparation pairs",-18.4888888888889
"Matched preparation pairs",-16.4988888888889
"Matched preparation pairs",-23.2544444444444
"Matched preparation pairs",-18.7266666666667
"Matched preparation pairs",-12.0383333333333
"Matched preparation pairs",-12.9372222222222
"Matched preparation pairs",-11.7316666666667
"Matched preparation pairs",-20.7072222222222
"Matched preparation pairs",-20.1755555555555
"Matched preparation pairs",-10.8461111111111
"Matched preparation pairs",-11.8577777777778
"Matched preparation pairs",-13.8688888888889
"Matched preparation pairs",-17.96
"Matched preparation pairs",-10.5466666666667
"Matched preparation pairs",-4.96833333333333
"Matched preparation pairs",-19.1377777777778
"Matched preparation pairs",-15.2905555555556
"Matched preparation pairs",-17.115
"Matched preparation pairs",-16.4255555555556
"Matched preparation pairs",-13.6594444444444
"Matched preparation pairs",-22.5055555555556
"Matched preparation pairs",-13.1238888888889
"Matched preparation pairs",-10.4916666666667
"Matched preparation pairs",-16.6055555555556
"Matched preparation pairs",-10.2722222222222
"Matched preparation pairs",-12.0938888888889
"Matched preparation pairs",-14.015
"Matched preparation pairs",-17.8111111111111
"Matched preparation pairs",-14.5372222222222
"Matched preparation pairs",-6.28722222222221
"Matched preparation pairs",-16.8988888888889
"Matched preparation pairs",-14.8005555555556
"Matched preparation pairs",-10.7627777777778
"Matched preparation pairs",-13.7733333333333
"Matched preparation pairs",-10.8927777777778
"Matched preparation pairs",-14.1083333333333
"Matched preparation pairs",-15.8711111111111
"Matched preparation pairs",-18.5988888888889
"Matched preparation pairs",-13.3627777777778
"Matched preparation pairs",-16.3216666666667
"Matched preparation pairs",-16.8233333333333
"Matched preparation pairs",-14.2988888888889
"Matched preparation pairs",-8.88055555555555
"Matched preparation pairs",-13.7944444444444
"Matched preparation pairs",-15.8105555555556
"Matched preparation pairs",-18.4072222222222
"Matched preparation pairs",-15.345
"Matched preparation pairs",-13.62
"Matched preparation pairs",-13.4066666666667
"Matched preparation pairs",-11.4116666666667
"Matched preparation pairs",-12.6388888888889
"Matched preparation pairs",-19.5105555555556
"Matched preparation pairs",-17.6233333333333
"Matched preparation pairs",-14.8722222222222
"Matched preparation pairs",-6.87833333333333
"Matched preparation pairs",-18.5766666666667
"Matched preparation pairs",-6.41444444444445
"Matched preparation pairs",-16.5755555555555
"Matched preparation pairs",-16.6561111111111
"Matched preparation pairs",-9.22777777777778
"Matched preparation pairs",-13.4016666666667
"Matched preparation pairs",-16.0761111111111
"Matched preparation pairs",-10.74
"Matched preparation pairs",-9.27999999999999
"Matched preparation pairs",-15.6466666666667
"Matched preparation pairs",-19.2188888888889
"Matched preparation pairs",-15.74
"Matched preparation pairs",-12.785
"Matched preparation pairs",-8.43833333333333
"Matched preparation pairs",-11.03
"Matched preparation pairs",-12.3466666666667
"Matched preparation pairs",-8.72277777777778
"Matched preparation pairs",-16.3283333333333
"Matched preparation pairs",-14.715
"Matched preparation pairs",-14.4888888888889
"Matched preparation pairs",-22.865
"Matched preparation pairs",-9.37222222222222
"Matched preparation pairs",-15.7766666666667
"Matched preparation pairs",-13.3233333333333
"Matched preparation pairs",-8.54111111111111
"Matched preparation pairs",-16.7888888888889
"Matched preparation pairs",-17.5277777777778
"Matched preparation pairs",-18.3061111111111
"Matched preparation pairs",-20.0005555555556
"Matched preparation pairs",-14.8233333333333
"Matched preparation pairs",-14.5422222222222
"Matched preparation pairs",-19.9661111111111
"Matched preparation pairs",-16.4322222222222
"Matched preparation pairs",-11.2933333333333
"Matched preparation pairs",-18.5722222222222
"Matched preparation pairs",-7.93777777777778
"Matched preparation pairs",-10.3911111111111
"Matched preparation pairs",-15.5988888888889
"Matched preparation pairs",-17.9172222222222
"Matched preparation pairs",-19.0888888888889
"Matched preparation pairs",-13.2855555555556
"Matched preparation pairs",-5.33611111111111
"Matched preparation pairs",-6.42111111111112
"Matched preparation pairs",-17.9877777777778
"Matched preparation pairs",-7.92277777777778
"Matched preparation pairs",-10.6477777777778
"Matched preparation pairs",-20.9872222222222
"Matched preparation pairs",-5.76
"Matched preparation pairs",-11.8566666666667
"Matched preparation pairs",-15.0044444444444
"Matched preparation pairs",-16.9211111111111
"Matched preparation pairs",-14.9244444444444
"Matched preparation pairs",-9.60833333333333
"Matched preparation pairs",-12.2316666666667
"Matched preparation pairs",-13.2783333333333
"Matched preparation pairs",-12.9061111111111
"Matched preparation pairs",-18.2294444444445
"Matched preparation pairs",-12.7161111111111
"Matched preparation pairs",-22.5616666666667
"Matched preparation pairs",-19.9616666666667
"Matched preparation pairs",-15.4288888888889
"Matched preparation pairs",-12.9177777777778
"Matched preparation pairs",-16.3311111111111
"Matched preparation pairs",-19.8183333333333
"Matched preparation pairs",-20.2844444444444
"Matched preparation pairs",-3.48833333333333
"Matched preparation pairs",-7.25277777777778
"Matched preparation pairs",-14.8594444444444
"Matched preparation pairs",-15.7627777777778
"Matched preparation pairs",-14.835
"Matched preparation pairs",-11.3722222222222
"Matched preparation pairs",-10.9005555555556
"Matched preparation pairs",-14.6105555555556
"Matched preparation pairs",-18.2766666666667
"Matched preparation pairs",-9.3261111111111
"Matched preparation pairs",-14.3516666666667
"Matched preparation pairs",-20.6905555555556
"Matched preparation pairs",-15.7005555555556
"Matched preparation pairs",-17.6483333333333
"Matched preparation pairs",-16.0761111111111
"Matched preparation pairs",-14.23
"Matched preparation pairs",-7.98277777777778
"Matched preparation pairs",-15.2594444444444
"Matched preparation pairs",-10.6838888888889
"Matched preparation pairs",-7.32055555555556
"Matched preparation pairs",-11.3583333333333
"Matched preparation pairs",-14.745
"Matched preparation pairs",-4.97777777777778
"Matched preparation pairs",-22.6044444444445
"Matched preparation pairs",-11.7283333333333
"Matched preparation pairs",-16.5044444444444
"Matched preparation pairs",-16.72
"Matched preparation pairs",-14.9222222222222
"Matched preparation pairs",-15.5866666666667
"Matched preparation pairs",-19.6033333333333
"Matched preparation pairs",-9.19777777777778
"Matched preparation pairs",-18.8911111111111
"Matched preparation pairs",-7.91388888888889
"Matched preparation pairs",-11.1344444444444
"Matched preparation pairs",-18.4927777777778
"Matched preparation pairs",-24.1255555555556
"Matched preparation pairs",-12.9577777777778
"Matched preparation pairs",-14.3094444444444
"Matched preparation pairs",-20.5805555555556
"Matched preparation pairs",-25.62
"Matched preparation pairs",-12.9805555555555
"Matched preparation pairs",-15.6972222222222
"Matched preparation pairs",-16.9155555555556
"Matched preparation pairs",-8.98555555555555
"Matched preparation pairs",-12.77
"Matched preparation pairs",-13.1266666666667
"Matched preparation pairs",-21.8255555555556
"Matched preparation pairs",-10.35
"Matched preparation pairs",-13.2488888888889
"Matched preparation pairs",-19.8888888888889
"Matched preparation pairs",-15.86
"Matched preparation pairs",-10.2
"Matched preparation pairs",-13.2344444444445
"Matched preparation pairs",-13.3894444444444
"Matched preparation pairs",-14.7172222222222
"Matched preparation pairs",-17.5644444444444
"Matched preparation pairs",-11.5883333333333
"Matched preparation pairs",-15.0016666666667
"Matched preparation pairs",-14.9333333333333
"Matched preparation pairs",-9.38888888888889
"Matched preparation pairs",-22.7761111111111
"Matched preparation pairs",-17.5155555555556
"Matched preparation pairs",-17.4327777777778
"Matched preparation pairs",-12.7933333333333
"Matched preparation pairs",-13.9883333333333
"Matched preparation pairs",-19.7488888888889
"Matched preparation pairs",-11.3
"Matched preparation pairs",-13.6405555555556
"Matched preparation pairs",-19.1377777777778
"Matched preparation pairs",-18.9344444444445
"Matched preparation pairs",-9.38777777777779
"Matched preparation pairs",-14.0555555555556
"Matched preparation pairs",-15.3305555555556
"Matched preparation pairs",-16.9188888888889
"Matched preparation pairs",-16.3411111111111
"Matched preparation pairs",-8.445
"Matched preparation pairs",-19.5655555555556
"Matched preparation pairs",-13.3011111111111
"Matched preparation pairs",-14.7988888888889
"Matched preparation pairs",-13.8533333333333
"Matched preparation pairs",-12.7105555555556
"Matched preparation pairs",-13.8516666666667
"Matched preparation pairs",-14.8227777777778
"Matched preparation pairs",-14.985
"Matched preparation pairs",-12.4922222222222
"Matched preparation pairs",-18.2011111111111
"Matched preparation pairs",-10.7583333333333
"Matched preparation pairs",-13.2366666666667
"Matched preparation pairs",-16.2288888888889
"Matched preparation pairs",-9.98777777777777
"Matched preparation pairs",-16.3066666666667
"Matched preparation pairs",-9.95944444444444
"Matched preparation pairs",-4.33
"Matched preparation pairs",-8.43055555555555
"Matched preparation pairs",-14.3538888888889
"Matched preparation pairs",-13.7427777777778
"Matched preparation pairs",-13.7666666666667
"Matched preparation pairs",-14.8105555555556
"Matched preparation pairs",-16.2044444444444
"Matched preparation pairs",-13.4077777777778
"Matched preparation pairs",-15.5755555555556
"Matched preparation pairs",-18.4566666666667
"Matched preparation pairs",-8.66166666666667
"Matched preparation pairs",-11.385
"Matched preparation pairs",-19.6383333333333
"Matched preparation pairs",-20.1494444444444
"Matched preparation pairs",-21.8472222222222
"Matched preparation pairs",-17.1455555555556
"Matched preparation pairs",-14.2638888888889
"Matched preparation pairs",-12.0794444444444
"Matched preparation pairs",-14.8027777777778
"Matched preparation pairs",-9.82166666666667
"Matched preparation pairs",-11.8344444444444
"Matched preparation pairs",-15.17
"Matched preparation pairs",-7.60944444444445
"Matched preparation pairs",-10.9527777777778
"Matched preparation pairs",-14.0022222222222
"Matched preparation pairs",-14.5072222222222
"Matched preparation pairs",-24.2894444444444
"Matched preparation pairs",-17.8644444444444
"Matched preparation pairs",-11.44
"Matched preparation pairs",-14.4983333333333
"Matched preparation pairs",-21.3227777777778
"Matched preparation pairs",-17.3433333333333
"Matched preparation pairs",-12.4955555555556
"Matched preparation pairs",-14.3888888888889
"Matched preparation pairs",-11.6933333333333
"Matched preparation pairs",-9.48222222222222
"Matched preparation pairs",-17.4183333333333
"Matched preparation pairs",-17.4444444444444
"Matched preparation pairs",-14.3716666666667
"Matched preparation pairs",-13.3977777777778
"Matched preparation pairs",-9.64722222222222
"Matched preparation pairs",-15.3544444444444
"Matched preparation pairs",-8.80333333333333
"Matched preparation pairs",-12.8111111111111
"Matched preparation pairs",-14.0977777777778
"Matched preparation pairs",-15.2777777777778
"Matched preparation pairs",-10.9233333333333
"Matched preparation pairs",-7.745
"Matched preparation pairs",-17.9255555555556
"Matched preparation pairs",-20.3766666666667
"Matched preparation pairs",-10.2944444444444
"Matched preparation pairs",-15.3688888888889
"Matched preparation pairs",-15.0877777777778
"Matched preparation pairs",-16.6433333333333
"Matched preparation pairs",-11.3655555555556
"Matched preparation pairs",-17.0077777777778
"Matched preparation pairs",-21.6011111111111
"Matched preparation pairs",-17.2394444444444
"Matched preparation pairs",-10.34
"Matched preparation pairs",-15.465
"Matched preparation pairs",-14.0694444444444
"Matched preparation pairs",-17.7222222222222
"Matched preparation pairs",-17.1394444444444
"Matched preparation pairs",-18.9911111111111
"Matched preparation pairs",-8.43222222222223
"Matched preparation pairs",-15.7383333333333
"Matched preparation pairs",-20.6888888888889
"Matched preparation pairs",-12.225
"Matched preparation pairs",-10.3577777777778
"Matched preparation pairs",-14.1427777777778
"Matched preparation pairs",-13.1616666666667
"Matched preparation pairs",-4.36833333333334
"Matched preparation pairs",-15.2961111111111
"Matched preparation pairs",-21.7283333333333
"Matched preparation pairs",-14.5666666666667
"Matched preparation pairs",-20.8644444444445
"Matched preparation pairs",-16.8127777777778
"Matched preparation pairs",-17.4844444444444
"Matched preparation pairs",-17.8977777777778
"Matched preparation pairs",-10.5783333333333
"Matched preparation pairs",-18.3744444444444
"Matched preparation pairs",-18.2538888888889
"Matched preparation pairs",-17.6905555555556
"Matched preparation pairs",-15.9688888888889
"Matched preparation pairs",-13.6383333333333
"Matched preparation pairs",-19.4744444444444
"Matched preparation pairs",-19.1477777777778
"Matched preparation pairs",-15.0477777777778
"Matched preparation pairs",-10.0766666666667
"Matched preparation pairs",-19.0288888888889
"Matched preparation pairs",-18.4466666666667
"Matched preparation pairs",-16.0561111111111
"Matched preparation pairs",-12.7872222222222
"Matched preparation pairs",-14.2922222222222
"Matched preparation pairs",-10.2872222222222
"Matched preparation pairs",-4.46055555555555
"Matched preparation pairs",-19.2516666666667
"Matched preparation pairs",-17.5216666666667
"Matched preparation pairs",-14.875
"Matched preparation pairs",-12.3833333333333
"Matched preparation pairs",-12.6661111111111
"Matched preparation pairs",-14.9355555555556
"Matched preparation pairs",-16.9761111111111
"Matched preparation pairs",-14.0383333333333
"Matched preparation pairs",-18.0627777777778
"Matched preparation pairs",-15.0438888888889
"Matched preparation pairs",-14.9083333333333
"Matched preparation pairs",-18.5216666666667
"Matched preparation pairs",-12.3705555555556
"Matched preparation pairs",-16.8988888888889
"Matched preparation pairs",-19.9716666666667
"Matched preparation pairs",-18.0377777777778
"Matched preparation pairs",-14.6855555555556
"Matched preparation pairs",-20.7311111111111
"Matched preparation pairs",-5.09
"Matched preparation pairs",-17.5866666666667
"Matched preparation pairs",-17.9933333333333
"Matched preparation pairs",-13.5411111111111
"Matched preparation pairs",-13.56
"Matched preparation pairs",-15.3472222222222
"Matched preparation pairs",-13.8888888888889
"Matched preparation pairs",-15.1905555555556
"Matched preparation pairs",-17.6111111111111
"Matched preparation pairs",-17.7883333333333
"Matched preparation pairs",-16.5088888888889
"Matched preparation pairs",-17.8611111111111
"Matched preparation pairs",-10.5866666666667
"Matched preparation pairs",-8.02944444444445
"Matched preparation pairs",-10.06
"Matched preparation pairs",-11.7866666666667
"Matched preparation pairs",-13.4238888888889
"Matched preparation pairs",-18.7561111111111
"Matched preparation pairs",-17.1772222222222
"Matched preparation pairs",-18.5566666666667
"Matched preparation pairs",-9.43388888888888
"Matched preparation pairs",-20.8405555555556
"Matched preparation pairs",-16.0427777777778
"Matched preparation pairs",-8.56388888888889
"Matched preparation pairs",-5.40722222222222
"Matched preparation pairs",-14.3
"Matched preparation pairs",-15.9655555555555
"Matched preparation pairs",-13.965
"Matched preparation pairs",-15.0972222222222
"Matched preparation pairs",-7.89166666666667
"Matched preparation pairs",-14.1444444444444
"Matched preparation pairs",-12.9061111111111
"Matched preparation pairs",-20.9305555555556
"Matched preparation pairs",-11.9116666666667
"Matched preparation pairs",-15.5305555555556
"Matched preparation pairs",-14.1816666666667
"Matched preparation pairs",-11.3144444444445
"Matched preparation pairs",-17.9355555555556
"Matched preparation pairs",-19.9411111111111
"Matched preparation pairs",-17.2433333333333
"Matched preparation pairs",-15.7738888888889
"Matched preparation pairs",-8.07111111111111
"Matched preparation pairs",-9.20944444444444
"Matched preparation pairs",-17.7722222222222
"Matched preparation pairs",-20.5277777777778
"Matched preparation pairs",-13.6872222222222
"Matched preparation pairs",-19.1338888888889
"Matched preparation pairs",-11.1588888888889
"Matched preparation pairs",-9.64611111111111
"Matched preparation pairs",-18.8888888888889
"Matched preparation pairs",-18.6405555555555
"Matched preparation pairs",-15.2377777777778
"Matched preparation pairs",-16.0972222222222
"Matched preparation pairs",-16.3188888888889
"Matched preparation pairs",-16.2538888888889
"Matched preparation pairs",-11.9088888888889
"Matched preparation pairs",-26.0461111111111
"Matched preparation pairs",-6.445
"Matched preparation pairs",-16.395
"Matched preparation pairs",-6.05277777777778
"Matched preparation pairs",-6.94500000000001
"Matched preparation pairs",-13.4366666666667
"Matched preparation pairs",-14.0883333333333
"Matched preparation pairs",-16.7955555555556
"Matched preparation pairs",-17.3633333333333
"Matched preparation pairs",-11.8794444444444
"Matched preparation pairs",-13.2672222222222
"Matched preparation pairs",-20.6311111111111
"Matched preparation pairs",-16.7522222222222
"Matched preparation pairs",-13.9088888888889
"Matched preparation pairs",-8.58777777777777
"Matched preparation pairs",-11.0966666666667
"Matched preparation pairs",-14.32
"Matched preparation pairs",-15.3827777777778
"Matched preparation pairs",-19.4616666666667
"Matched preparation pairs",-13.195
"Matched preparation pairs",-13.2494444444444
"Matched preparation pairs",-12.9822222222222
"Matched preparation pairs",-18.6083333333333
"Matched preparation pairs",-12.1822222222222
"Matched preparation pairs",-16.0655555555556
"Matched preparation pairs",-22.8538888888889
"Matched preparation pairs",-15.1211111111111
"Matched preparation pairs",-18.6011111111111
"Matched preparation pairs",-15.6944444444445
"Matched preparation pairs",-16.1083333333333
"Matched preparation pairs",-11.5722222222222
"Matched preparation pairs",-16.1405555555556
"Matched preparation pairs",-14.9361111111111
"Matched preparation pairs",-8.54222222222222
"Matched preparation pairs",-18.1983333333333
"Matched preparation pairs",-15.4505555555555
"Matched preparation pairs",-12.8416666666667
"Matched preparation pairs",-5.65166666666667
"Matched preparation pairs",-14.5094444444444
"Matched preparation pairs",-7.96388888888889
"Matched preparation pairs",-16.4588888888889
"Matched preparation pairs",-14.2044444444444
"Matched preparation pairs",-13.6572222222222
"Matched preparation pairs",-18.1766666666667
"Matched preparation pairs",-12.2161111111111
"Matched preparation pairs",-10.5588888888889
"Matched preparation pairs",-8.44444444444445
"Matched preparation pairs",-11.3522222222222
"Matched preparation pairs",-16.0027777777778
"Matched preparation pairs",-16.5733333333333
"Matched preparation pairs",-16.8844444444444
"Matched preparation pairs",-13.4666666666667
"Matched preparation pairs",-9.26388888888889
"Matched preparation pairs",-14.4972222222222
"Matched preparation pairs",-11.7033333333333
"Matched preparation pairs",-14.4422222222222
"Matched preparation pairs",-14.6377777777778
"Matched preparation pairs",-22.2211111111111
"Matched preparation pairs",-15.0766666666667
"Matched preparation pairs",-14.8222222222222
"Matched preparation pairs",-11.5422222222222
"Matched preparation pairs",-10.9572222222222
"Matched preparation pairs",-21.575
"Matched preparation pairs",-11.0294444444444
"Matched preparation pairs",-14.8377777777778
"Matched preparation pairs",-12.7216666666667
"Matched preparation pairs",-15.8922222222222
"Matched preparation pairs",-21.3688888888889
"Matched preparation pairs",-15.1111111111111
"Matched preparation pairs",-14.6016666666667
"Matched preparation pairs",-18.1683333333333
"Matched preparation pairs",-7.48944444444445
"Matched preparation pairs",-15.8838888888889
"Matched preparation pairs",-5.46222222222223
"Matched preparation pairs",-11.4277777777778
"Matched preparation pairs",-14.53
"Matched preparation pairs",-17.42
"Matched preparation pairs",-15.46
"Matched preparation pairs",-16.6672222222222
"Matched preparation pairs",-13.4938888888889
"Matched preparation pairs",-12.9111111111111
"Matched preparation pairs",-10.4233333333333
"Matched preparation pairs",-6.09111111111111
"Matched preparation pairs",-12.4177777777778
"Matched preparation pairs",-13.5894444444444
"Matched preparation pairs",-21.0844444444444
"Matched preparation pairs",-15.3966666666667
"Matched preparation pairs",-13.3883333333333
"Matched preparation pairs",-21.4755555555555
"Matched preparation pairs",-20.02
"Matched preparation pairs",-15.8855555555556
"Matched preparation pairs",-11.5511111111111
"Matched preparation pairs",-11.2338888888889
"Matched preparation pairs",-13.2333333333333
"Matched preparation pairs",-17.0511111111111
"Matched preparation pairs",-9.90277777777777
"Matched preparation pairs",-11.7344444444445
"Matched preparation pairs",-22.0861111111111
"Matched preparation pairs",-15.4016666666667
"Matched preparation pairs",-16.6427777777778
"Matched preparation pairs",-21.495
"Matched preparation pairs",-14.4438888888889
"Matched preparation pairs",-19.7105555555556
"Matched preparation pairs",-10.0211111111111
"Matched preparation pairs",-18.2327777777778
"Matched preparation pairs",-6.88055555555555
"Matched preparation pairs",-12.1572222222222
"Matched preparation pairs",-9.86833333333333
"Matched preparation pairs",-17.3455555555556
"Matched preparation pairs",-14.5605555555556
"Matched preparation pairs",-3.58555555555557
"Matched preparation pairs",-15.6477777777778
"Matched preparation pairs",-12.67
"Matched preparation pairs",-18.9177777777778
"Matched preparation pairs",-15.7144444444444
"Matched preparation pairs",-12.9688888888889
"Matched preparation pairs",-13.7294444444444
"Matched preparation pairs",-11.9222222222222
"Matched preparation pairs",-19.9088888888889
"Matched preparation pairs",-18.16
"Matched preparation pairs",-15.3294444444444
"Matched preparation pairs",-10.2033333333333
"Matched preparation pairs",-18.1161111111111
"Matched preparation pairs",-17.9977777777778
"Matched preparation pairs",-8.57611111111111
"Matched preparation pairs",-8.91388888888889
"Matched preparation pairs",-9.59944444444444
"Matched preparation pairs",-13.5838888888889
"Matched preparation pairs",-15.0188888888889
"Matched preparation pairs",-10.1838888888889
"Matched preparation pairs",-12.0966666666667
"Matched preparation pairs",-10.7872222222222
"Matched preparation pairs",-22.7705555555556
"Matched preparation pairs",-16.2438888888889
"Matched preparation pairs",-11.8072222222222
"Matched preparation pairs",-13.9905555555556
"Matched preparation pairs",-13.8994444444444
"Matched preparation pairs",-10.9661111111111
"Matched preparation pairs",-11.0972222222222
"Matched preparation pairs",-9.99111111111112
"Matched preparation pairs",-7.51944444444445
"Matched preparation pairs",-18.7211111111111
"Matched preparation pairs",-25.5016666666667
"Matched preparation pairs",-16.5294444444444
"Matched preparation pairs",-10.2605555555556
"Matched preparation pairs",-12.54
"Matched preparation pairs",-17.0066666666667
"Matched preparation pairs",-19.3861111111111
"Matched preparation pairs",-15.0283333333333
"Matched preparation pairs",-13.5655555555555
"Matched preparation pairs",-14.5794444444444
"Matched preparation pairs",-14.5566666666667
"Matched preparation pairs",-19.5822222222222
"Matched preparation pairs",-3.86055555555556
"Matched preparation pairs",-19.3105555555556
"Matched preparation pairs",-15.385
"Matched preparation pairs",-13.3355555555556
"Matched preparation pairs",-13.0294444444444
"Matched preparation pairs",-16.6327777777778
"Matched preparation pairs",-19.4122222222222
"Matched preparation pairs",-13.2666666666667
"Matched preparation pairs",-4.77388888888889
"Matched preparation pairs",-13.1777777777778
"Matched preparation pairs",-8.44166666666668
"Matched preparation pairs",-13.9888888888889
"Matched preparation pairs",-14.2316666666667
"Matched preparation pairs",-15.7361111111111
"Matched preparation pairs",-11.4944444444444
"Matched preparation pairs",-11.6061111111111
"Matched preparation pairs",-12.2322222222222
"Matched preparation pairs",-11.2566666666667
"Matched preparation pairs",-11.16
"Matched preparation pairs",-16.075
"Matched preparation pairs",-11.2305555555556
"Matched preparation pairs",-19.7911111111111
"Matched preparation pairs",-7.51611111111112
"Matched preparation pairs",-21.6266666666667
"Matched preparation pairs",-15.5388888888889
"Matched preparation pairs",-9.25222222222222
"Matched preparation pairs",-16.0266666666667
"Matched preparation pairs",-7.58333333333334
"Matched preparation pairs",-12.6333333333333
"Matched preparation pairs",-8.58611111111111
"Matched preparation pairs",-14.2961111111111
"Matched preparation pairs",-14.4327777777778
"Matched preparation pairs",-14.0516666666667
"Matched preparation pairs",-13.0794444444444
"Matched preparation pairs",-20.6316666666667
"Matched preparation pairs",-7.67611111111111
"Matched preparation pairs",-14.375
"Matched preparation pairs",-19.3461111111111
"Matched preparation pairs",-13.9761111111111
"Matched preparation pairs",-21.9172222222222
"Matched preparation pairs",-15.3516666666667
"Matched preparation pairs",-13.0783333333333
"Matched preparation pairs",-16.0616666666667
"Matched preparation pairs",-13.9077777777778
"Matched preparation pairs",-21.7761111111111
"Matched preparation pairs",-14.5266666666667
"Matched preparation pairs",-13.395
"Matched preparation pairs",-14.1611111111111
"Matched preparation pairs",-10.8538888888889
"Matched preparation pairs",-18.9566666666667
"Matched preparation pairs",-18.7072222222222
"Matched preparation pairs",-12.7122222222222
"Matched preparation pairs",-15.4855555555556
"Matched preparation pairs",-19.1738888888889
"Matched preparation pairs",-14.7344444444444
"Matched preparation pairs",-11.6694444444444
"Matched preparation pairs",-13.1522222222222
"Matched preparation pairs",-13.8777777777778
"Matched preparation pairs",-2.44944444444445
"Matched preparation pairs",-21.4622222222222
"Matched preparation pairs",-20.9194444444444
"Matched preparation pairs",-19.59
"Matched preparation pairs",-12.6455555555556
"Matched preparation pairs",-16.6816666666667
"Matched preparation pairs",-20.5144444444444
"Matched preparation pairs",-13.4872222222222
"Matched preparation pairs",-1.60277777777778
"Matched preparation pairs",-20.0016666666667
"Matched preparation pairs",-17.3388888888889
"Matched preparation pairs",-10.4877777777778
"Matched preparation pairs",-10.3044444444444
"Matched preparation pairs",-8.65055555555556
"Matched preparation pairs",-16.0916666666667
"Matched preparation pairs",-16.0438888888889
"Matched preparation pairs",-13.6283333333333
"Matched preparation pairs",-6.97666666666666
"Matched preparation pairs",-15.0377777777778
"Matched preparation pairs",-6.29666666666666
"Matched preparation pairs",-14.13
"Matched preparation pairs",-21.8522222222222
"Matched preparation pairs",-18.7016666666667
"Matched preparation pairs",-11.77
"Matched preparation pairs",-12.4983333333333
"Matched preparation pairs",-7.62388888888889
"Matched preparation pairs",-4.50722222222222
"Matched preparation pairs",-12.1272222222222
"Matched preparation pairs",-8.00444444444445
"Matched preparation pairs",-9.34888888888889
"Matched preparation pairs",-14.4066666666667
"Matched preparation pairs",-16.5688888888889
"Matched preparation pairs",-12.5166666666667
"Matched preparation pairs",-17.7188888888889
"Matched preparation pairs",-18.0472222222222
"Matched preparation pairs",-11.9366666666667
"Matched preparation pairs",-11.8
"Matched preparation pairs",-7.86666666666667
"Matched preparation pairs",-15.7766666666667
"Matched preparation pairs",-14.9944444444444
"Matched preparation pairs",-10.6505555555556
"Matched preparation pairs",-15.4961111111111
"Matched preparation pairs",-11.8405555555556
"Matched preparation pairs",-2.67111111111111
"Matched preparation pairs",-12.3611111111111
"Matched preparation pairs",-14.8755555555556
"Matched preparation pairs",-21.115
"Matched preparation pairs",-17.1783333333333
"Matched preparation pairs",-11.2566666666667
"Matched preparation pairs",-24.5816666666667
"Matched preparation pairs",-15.5233333333333
"Matched preparation pairs",-12.3444444444444
"Matched preparation pairs",-14.0733333333333
"Matched preparation pairs",-23.2766666666667
"Matched preparation pairs",-11.2111111111111
"Matched preparation pairs",-13.0783333333333
"Matched preparation pairs",-12.305
"Matched preparation pairs",-14.1394444444444
"Matched preparation pairs",-15.7333333333333
"Matched preparation pairs",-10.1366666666667
"Matched preparation pairs",-18.0533333333333
"Matched preparation pairs",-14.9777777777778
"Matched preparation pairs",-10.2611111111111
"Matched preparation pairs",-21.4638888888889
"Matched preparation pairs",-18.2205555555556
"Matched preparation pairs",-18.0677777777778
"Matched preparation pairs",-6.41055555555556
"Matched preparation pairs",-15.6305555555556
"Matched preparation pairs",-21.1061111111111
"Matched preparation pairs",-17.0133333333333
"Matched preparation pairs",-12.375
"Matched preparation pairs",-14.7077777777778
"Matched preparation pairs",-10.1277777777778
"Matched preparation pairs",-23.385
"Matched preparation pairs",-17.0883333333333
"Matched preparation pairs",-5.38055555555555
"Matched preparation pairs",-11.5794444444444
"Matched preparation pairs",-16.9988888888889
"Matched preparation pairs",-13.3566666666667
"Matched preparation pairs",-12.095
"Matched preparation pairs",-19.8216666666667
"Matched preparation pairs",-16.3066666666667
"Matched preparation pairs",-21.8722222222222
"Matched preparation pairs",-14.8305555555555
"Matched preparation pairs",-12.16
"Matched preparation pairs",-11.3455555555556
"Matched preparation pairs",-15.7244444444445
"Matched preparation pairs",-17.2861111111111
"Matched preparation pairs",-11.2011111111111
"Matched preparation pairs",-10.8288888888889
"Matched preparation pairs",-12.2083333333333
"Matched preparation pairs",-15.2777777777778
"Matched preparation pairs",-18.5461111111111
"Matched preparation pairs",-11.455
"Matched preparation pairs",-11.8677777777778
"Matched preparation pairs",-10.8394444444444
"Matched preparation pairs",-10.6794444444444
"Matched preparation pairs",-12.0011111111111
"Matched preparation pairs",-14.0111111111111
"Matched preparation pairs",-15.3322222222222
"Matched preparation pairs",-11.0833333333333
"Matched preparation pairs",-7.21444444444445
"Matched preparation pairs",-10.6483333333333
"Matched preparation pairs",-12.3055555555555
"Matched preparation pairs",-10.9833333333333
"Matched preparation pairs",-16.0155555555556
"Matched preparation pairs",-20.5455555555556
"Matched preparation pairs",-15.3427777777778
"Matched preparation pairs",-17.1716666666667
"Matched preparation pairs",-16.8455555555556
"Matched preparation pairs",-5.66888888888889
